Region,Province,Municipality,Date,Tmin,Tmax,Relative_Humidity,Rainfall,Dew_Point,Solar_Radiation,Rice_Growth_Stage,BPH_Hoppers_per_Hill,RSB_Dead_Hearts_Pct,RSB_White_Ears_Pct
III,Pampanga,Arayat,2019-01-01,23.1,31.6,77.4,10.0,22.8,206.3,Tillering,4,0.42,0.18
III,Pampanga,Arayat,2019-01-02,22.7,29.8,77.4,14.3,21.7,205.0,Tillering,3,0.51,0.13
III,Pampanga,Arayat,2019-01-03,22.8,30.8,72.2,0.0,21.2,220.4,Tillering,3,1.13,0.04
III,Pampanga,Arayat,2019-01-04,22.4,30.6,74.5,0.0,21.4,211.5,Tillering,0,0.0,0.06
III,Pampanga,Arayat,2019-01-05,22.0,31.9,74.9,0.0,21.9,216.3,Tillering,0,0.42,0.09
III,Pampanga,Arayat,2019-01-06,23.6,32.2,71.9,0.0,22.3,215.7,Tillering,1,0.1,0.12
III,Pampanga,Arayat,2019-01-07,23.8,31.1,72.7,0.0,22.0,210.2,Tillering,3,0.36,0.13
III,Pampanga,Arayat,2019-01-08,23.7,30.9,72.4,0.0,21.8,227.9,Tillering,5,0.0,0.13
III,Pampanga,Arayat,2019-01-09,23.9,29.7,73.4,0.0,21.5,231.0,Tillering,1,0.74,0.0
III,Pampanga,Arayat,2019-01-10,23.3,26.8,74.0,0.0,19.8,224.1,Tillering,2,0.2,0.11
III,Pampanga,Arayat,2019-01-11,24.4,28.1,76.7,0.0,21.6,226.8,Tillering,4,1.77,0.05
III,Pampanga,Arayat,2019-01-12,24.116666666666667,30.9,75.2,0.0,22.7,229.5,Tillering,1,1.51,0.16
III,Pampanga,Arayat,2019-01-13,23.833333333333332,30.4,74.5,0.0,22.2,214.2,Tillering,3,0.23,0.21
III,Pampanga,Arayat,2019-01-14,23.549999999999997,31.2,75.2,0.0,23.0,216.5,Tillering,4,0.48,0.1
III,Pampanga,Arayat,2019-01-15,23.266666666666666,31.0,79.9,3.7,23.5,223.9,Tillering,7,0.47,0.1
III,Pampanga,Arayat,2019-01-16,22.983333333333334,31.6,75.9,0.0,22.9,226.0,Tillering,3,0.11,0.01
III,Pampanga,Arayat,2019-01-17,22.7,31.8,71.1,0.0,21.5,207.7,Elongation,0,1.27,0.17
III,Pampanga,Arayat,2019-01-18,22.5,33.5,71.6,0.0,22.3,214.4,Elongation,2,0.45,0.01
III,Pampanga,Arayat,2019-01-19,22.0,33.0,74.0,0.0,22.3,227.8,Elongation,1,0.71,0.19
III,Pampanga,Arayat,2019-01-20,21.9,31.2,73.6,0.0,21.3,225.1,Elongation,5,0.68,0.09
III,Pampanga,Arayat,2019-01-21,22.1,32.3,73.4,0.0,21.9,218.7,Elongation,1,0.16,0.0
III,Pampanga,Arayat,2019-01-22,23.6,31.7,71.1,0.0,21.9,222.2,Elongation,3,0.0,0.13
III,Pampanga,Arayat,2019-01-23,24.1,33.3,71.8,0.0,23.1,213.5,Elongation,2,0.51,0.0
III,Pampanga,Arayat,2019-01-24,24.2,33.6,75.3,0.0,24.0,237.1,Elongation,4,3.1,0.04
III,Pampanga,Arayat,2019-01-25,24.3,33.2,77.2,0.0,24.2,224.0,Elongation,2,4.3,0.05
III,Pampanga,Arayat,2019-01-26,24.7,34.3,76.0,0.0,24.7,222.7,Elongation,1,4.483333333333333,0.05
III,Pampanga,Arayat,2019-01-27,24.7,33.6,75.9,0.0,24.3,219.0,Elongation,3,4.666666666666666,0.08
III,Pampanga,Arayat,2019-01-28,24.6,32.1,81.0,9.1,24.6,217.2,Elongation,2,4.85,0.15
III,Pampanga,Arayat,2019-01-29,24.4,33.7,75.6,0.0,24.2,233.9,Elongation,1,6.33,0.0
III,Pampanga,Arayat,2019-01-30,25.1,32.2,77.1,0.0,24.1,221.3,Elongation,0,5.16,0.14
III,Pampanga,Arayat,2019-01-31,24.4,30.7,72.2,0.0,22.0,217.3,Elongation,0,6.75,0.17
III,Pampanga,Arayat,2019-02-01,24.133333333333333,30.8,75.1,0.0,22.3,222.3,Elongation,2,5.18,0.05
III,Pampanga,Arayat,2019-02-02,23.866666666666667,32.0,69.3,0.0,22.0,217.1,Elongation,2,4.25,0.07
III,Pampanga,Arayat,2019-02-03,23.6,31.9,71.5,0.0,22.0,226.8,Elongation,2,3.422,0.02
III,Pampanga,Arayat,2019-02-04,23.333333333333332,32.1,72.4,0.0,22.5,228.8,Elongation,2,2.5940000000000003,0.1
III,Pampanga,Arayat,2019-02-05,23.066666666666666,32.6,76.1,8.6,23.3,221.2,Elongation,6,1.766,0.12
III,Pampanga,Arayat,2019-02-06,22.8,34.0,74.5,0.0,23.3,224.4,Panicle,2,0.9380000000000002,7.44
III,Pampanga,Arayat,2019-02-07,22.4,32.5,73.5,0.0,22.2,216.8,Panicle,2,0.11,6.855
III,Pampanga,Arayat,2019-02-08,22.7,32.3,77.0,2.3,22.9,233.5,Panicle,2,0.18,6.27
III,Pampanga,Arayat,2019-02-09,22.4,31.8,67.4,0.0,20.6,213.4,Panicle,2,0.05,5.685
III,Pampanga,Arayat,2019-02-10,21.8,31.4,67.9,0.0,20.2,232.1,Panicle,1,0.22,5.1
III,Pampanga,Arayat,2019-02-11,22.3,32.0,65.0,0.0,20.2,217.2,Panicle,2,0.14,3.07
III,Pampanga,Arayat,2019-02-12,22.9,31.4,71.1,0.0,21.4,210.9,Panicle,1,0.1,2.64
III,Pampanga,Arayat,2019-02-13,23.4,32.5,72.2,0.0,22.4,225.0,Panicle,3,0.33,2.94
III,Pampanga,Arayat,2019-02-14,22.8,32.4,72.12,0.0,21.6,228.6,Panicle,2,0.11,4.27
III,Pampanga,Arayat,2019-02-15,22.7,33.3,72.04,0.0,21.6,211.6,Panicle,2,0.13,3.97
III,Pampanga,Arayat,2019-02-16,22.2,31.7,71.96,0.0,20.7,227.0,Panicle,2,0.18,5.11
III,Pampanga,Arayat,2019-02-17,21.3,31.0,71.88,0.0,20.8,221.3,Panicle,1,0.07,4.06
III,Pampanga,Arayat,2019-02-18,21.5,32.3,71.8,0.0,21.3,214.4,Panicle,0,0.09,4.49
III,Pampanga,Arayat,2019-02-19,21.4,31.7,71.3,0.0,20.8,223.9,Panicle,0,0.06,3.91
III,Pampanga,Arayat,2019-02-20,21.5,31.4,70.9,0.0,20.6,215.7,Panicle,0,0.1,1.13
III,Pampanga,Arayat,2019-02-21,21.7,30.6,68.6,0.0,19.9,224.2,Panicle,2,0.0,0.74
III,Pampanga,Arayat,2019-02-22,22.1,30.4,75.2,3.9,21.3,214.5,Flowering,0,0.12,0.91
III,Pampanga,Arayat,2019-02-23,21.2,32.5,70.5,0.0,21.0,230.7,Flowering,1,0.15,0.19
III,Pampanga,Arayat,2019-02-24,20.7,32.1,69.2,0.0,20.2,218.3,Flowering,0,0.04,0.45
III,Pampanga,Arayat,2019-02-25,21.4,32.7,69.7,0.0,21.0,220.3,Flowering,1,0.0,1.88
III,Pampanga,Arayat,2019-02-26,22.2,33.5,71.7,0.0,22.2,219.1,Flowering,1,0.04,1.87
III,Pampanga,Arayat,2019-02-27,22.9,31.7,72.4,16.7,21.8,204.3,Flowering,3,0.05,0.73
III,Pampanga,Arayat,2019-02-28,22.8,32.0,70.1,0.0,21.4,229.0,Flowering,2,0.1,0.58
III,Pampanga,Arayat,2019-03-01,22.0,31.3,67.0,0.0,20.0,215.0,Flowering,1,0.07,0.0
III,Pampanga,Arayat,2019-03-02,22.4,29.8,68.5,0.0,19.8,217.4,Flowering,1,0.06,0.36
III,Pampanga,Arayat,2019-03-03,22.1,28.9,68.1,0.0,19.1,230.2,Flowering,0,0.01,0.99
III,Pampanga,Arayat,2019-03-04,22.4,30.1,65.7,0.0,19.4,213.4,Flowering,1,0.08,0.47
III,Pampanga,Arayat,2019-03-05,22.9,30.1,66.2,0.0,19.7,213.6,Flowering,1,0.094,0.35
III,Pampanga,Arayat,2019-03-06,23.5,32.0,67.5,0.0,21.2,216.8,Flowering,0,0.108,2.19
III,Pampanga,Arayat,2019-03-07,23.1,30.9,67.6,0.0,20.5,238.3,Flowering,1,0.122,1.07
III,Pampanga,Arayat,2019-03-08,23.1,29.9,68.3,0.0,20.2,234.8,Flowering,2,0.136,0.0
III,Pampanga,Arayat,2019-03-09,22.1,29.6,66.4,0.0,19.1,222.0,Ripening,0,0.15,1.35
III,Pampanga,Arayat,2019-03-10,23.4,30.7,66.3,0.0,20.3,221.0,Ripening,2,0.11,0.0
III,Pampanga,Arayat,2019-03-11,23.1,31.7,68.0,0.0,21.0,208.2,Ripening,0,0.19,0.0
III,Pampanga,Arayat,2019-03-12,22.7,30.8,68.7,0.0,20.5,205.9,Ripening,0,0.05,0.0
III,Pampanga,Arayat,2019-03-13,22.8,31.0,69.9,0.0,20.9,213.9,Ripening,1,0.06,1.21
III,Pampanga,Arayat,2019-03-14,23.1,32.3,68.4,0.0,21.4,215.5,Ripening,0,0.0,0.31
III,Pampanga,Arayat,2019-03-15,23.1,31.7,70.5,0.0,21.5,217.1,Ripening,2,0.18,0.78
III,Pampanga,Arayat,2019-03-16,22.4,31.7,75.6,21.1,22.2,218.7,Ripening,0,0.13,0.0
III,Pampanga,Arayat,2019-03-17,23.1,31.9,75.8,1.9,22.7,220.3,Ripening,1,0.11,1.1
III,Pampanga,Arayat,2019-03-18,23.8,32.7,75.1,0.0,23.3,221.9,Ripening,1,0.1,0.0
III,Pampanga,Arayat,2019-03-19,23.8,32.6,74.3,0.0,23.1,223.5,Ripening,0,0.1,0.0
III,Pampanga,Arayat,2019-03-20,24.3,32.9,74.3,0.0,23.5,227.6,Ripening,0,0.09,0.0
III,Pampanga,Arayat,2019-03-21,23.9,32.5,73.9,0.0,23.0,216.0,Ripening,0,0.11,0.45
III,Pampanga,Arayat,2019-03-22,23.3,33.3,79.3,5.1,24.2,222.7,Ripening,0,0.09,1.34
III,Pampanga,Arayat,2019-03-23,22.9,31.5,74.9,4.1,22.2,214.7,Ripening,2,0.18,1.38
III,Pampanga,Arayat,2019-03-24,23.3,30.9,71.4,0.0,21.4,205.9,Ripening,4,0.0,1.93
III,Pampanga,Arayat,2019-03-25,23.6,32.2,69.0,0.32,21.7,222.9,Ripening,1,0.07,0.59
III,Pampanga,Arayat,2019-03-26,23.0,33.6,67.0,0.64,21.7,206.2,Ripening,8,0.08,1.51
III,Pampanga,Arayat,2019-03-27,22.6,32.8,70.5,0.96,21.8,213.2,Ripening,5,0.15,3.01
III,Pampanga,Arayat,2019-03-28,22.4,33.6,71.4,1.28,22.3,221.2,Ripening,2,0.08,3.93
III,Pampanga,Arayat,2019-03-29,22.8,32.6,77.9,1.6,23.3,219.1,Ripening,6,0.12,3.83
III,Pampanga,Arayat,2019-03-30,22.6,32.5,76.73333333333333,10.5,23.5,204.5,Ripening,8,0.15,3.68
III,Pampanga,Arayat,2019-03-31,23.3,32.4,75.56666666666668,0.0,23.0,214.6,Ripening,10,0.16,4.41
III,Pampanga,Arayat,2019-04-01,22.4,32.5,74.4,0.0,22.0,217.5,Ripening,8,0.09,2.86
III,Pampanga,Arayat,2019-04-02,22.3,33.6,73.23333333333333,0.0,22.3,207.5,Ripening,4,0.03,3.9
III,Pampanga,Arayat,2019-04-03,23.5,33.8,72.06666666666668,0.0,23.5,205.6,Ripening,11,0.06,4.68
III,Pampanga,Arayat,2019-04-04,21.6,31.1,70.9,0.0,20.5,222.5,Ripening,0,0.06,0.13
III,Pampanga,Arayat,2019-04-05,21.7,31.7,74.0,0.0,21.5,224.7,Ripening,0,0.1,0.0
III,Pampanga,Arayat,2019-04-06,22.3,32.0,72.4,0.0,21.6,227.89999999999998,Ripening,0,0.23,0.19
III,Pampanga,Arayat,2019-04-07,22.1,30.7,77.4,2.1,21.9,231.1,Ripening,0,0.05,0.01
III,Pampanga,Arayat,2019-04-08,22.8,30.6,74.6,0.0,21.6,234.3,Ripening,0,0.08,0.0
III,Pampanga,Arayat,2019-04-09,22.1,30.4,78.3,21.3,21.9,237.5,Ripening,0,0.0,0.03
III,Pampanga,Arayat,2019-04-10,22.9,30.2,78.7,33.2,22.3,240.7,Ripening,0,0.02,0.08
III,Pampanga,Arayat,2019-04-11,23.4,30.2,74.2,0.0,21.6,243.9,Ripening,0,0.0,0.07
III,Pampanga,Arayat,2019-04-12,23.2,30.0,76.9,0.0,22.0,220.1,Ripening,0,0.04,0.13
III,Pampanga,Arayat,2019-04-13,22.6,30.2,80.6,8.1,22.5,217.0,Ripening,0,0.0,0.04
III,Pampanga,Arayat,2019-04-14,22.5,30.0,75.3,0.0,21.3,216.65,Ripening,0,0.04,0.0
III,Pampanga,Arayat,2019-04-15,21.8,29.5,74.1,0.0,20.5,216.3,Ripening,0,0.16,0.14
III,Pampanga,Arayat,2019-04-16,22.2,29.8,72.1,0.0,20.4,215.95,Ripening,0,0.08,0.07
III,Pampanga,Arayat,2019-04-17,22.4,31.5,78.2,1.3,22.6,215.6,Ripening,0,0.11,0.01
III,Pampanga,Arayat,2019-04-18,22.1,32.1,76.2,0.0,22.3,224.4,Ripening,0,0.0,0.21
III,Pampanga,Arayat,2019-04-19,21.8,32.7,82.1,3.8,23.7,217.4,Ripening,0,0.15,0.09
III,Pampanga,Arayat,2019-04-20,23.6,32.1,77.6,0.0,23.4,221.3,Ripening,1,0.1,0.1
III,Pampanga,Arayat,2019-04-21,23.8,33.8,75.0,0.0,23.8,210.3,Ripening,0,0.02,0.09
III,Pampanga,Arayat,2019-04-22,23.0,32.9,78.3,5.7,23.6,216.6,Ripening,0,0.21,0.0
III,Pampanga,Arayat,2019-04-23,22.4,33.4,75.3,0.0,23.0,210.8,Ripening,0,0.17,0.08
III,Pampanga,Arayat,2019-04-24,22.5,31.5,77.4,10.3,22.5,214.4,Ripening,0,0.24,0.06
III,Pampanga,Arayat,2019-04-25,21.7,32.2,75.6,0.0,22.1,222.6,Ripening,0,0.15,0.1
III,Pampanga,Arayat,2019-04-26,22.4,31.6,74.5,0.0,21.9,210.3,Ripening,0,0.22,0.0
III,Pampanga,Arayat,2019-04-27,22.5,31.2,77.0,3.9,22.2,208.9,Ripening,0,0.03,0.14
III,Pampanga,Arayat,2019-04-28,23.9,31.4,72.2,0.0,22.1,223.3,Ripening,0,0.2,0.01
III,Pampanga,Arayat,2019-04-29,23.3,32.2,72.4,0.0,22.2,215.0,Ripening,0,0.05,0.09
III,Pampanga,Arayat,2019-04-30,22.3,32.6,75.3,0.0,22.5,228.4,Ripening,0,0.2,0.0
III,Pampanga,Arayat,2019-05-01,22.7,32.3,74.7,0.0,22.5,223.9,Ripening,0,0.11,0.0
III,Pampanga,Arayat,2019-05-02,23.6,32.5,74.1,0.0,23.0,216.7,Ripening,0,0.04,0.25
III,Pampanga,Arayat,2019-05-03,24.1,32.3,73.5,0.0,22.9,219.5,Ripening,1,0.03,0.0
III,Pampanga,Arayat,2019-05-04,23.7,32.7,71.8,0.0,22.6,206.0,Seedling,0,0.12,0.01
III,Pampanga,Arayat,2019-05-05,23.3,30.4,75.8,14.0,22.0,216.6,Seedling,0,0.0,0.11
III,Pampanga,Arayat,2019-05-06,24.0,32.1,74.5,0.0,23.0,216.4,Seedling,0,0.0,0.1
III,Pampanga,Arayat,2019-05-07,23.7,31.4,73.5,0.0,22.2,211.8,Seedling,0,0.01,0.09
III,Pampanga,Arayat,2019-05-08,22.4,31.6,73.0,0.0,21.6,221.6,Seedling,0,0.0,0.08
III,Pampanga,Arayat,2019-05-09,23.2,31.2,81.0,9.8,23.4,207.9,Seedling,0,0.15,0.07
III,Pampanga,Arayat,2019-05-10,23.4,32.9,73.4,0.0,22.8,211.4,Seedling,0,0.21,0.0825
III,Pampanga,Arayat,2019-05-11,22.3,34.3,77.1,9.5,23.7,204.4,Seedling,0,0.13,0.095
III,Pampanga,Arayat,2019-05-12,21.9,34.1,73.7,0.0,22.7,212.4,Seedling,0,0.0,0.1075
III,Pampanga,Arayat,2019-05-13,22.4,32.9,75.5,0.0,22.8,212.5,Seedling,0,0.06,0.12
III,Pampanga,Arayat,2019-05-14,22.2,33.2,74.9,0.0,22.7,213.5,Seedling,0,0.0,0.04
III,Pampanga,Arayat,2019-05-15,22.4,32.9,73.7,0.0,22.4,201.9,Seedling,0,0.14,0.0
III,Pampanga,Arayat,2019-05-16,22.8,30.4,78.8,14.8,22.4,208.1,Seedling,0,0.04,0.02
III,Pampanga,Arayat,2019-05-17,22.5,33.0,74.5,2.3,22.6,198.6,Seedling,0,0.01,0.0
III,Pampanga,Arayat,2019-05-18,23.6,32.8,76.4,26.8,23.5,187.9,Seedling,0,0.01,0.17
III,Pampanga,Arayat,2019-05-19,25.2,32.8,74.8,0.0,24.0,204.8,Seedling,0,0.08,0.16
III,Pampanga,Arayat,2019-05-20,24.4,32.3,78.2,21.5,24.0,183.2,Seedling,0,0.04,0.16
III,Pampanga,Arayat,2019-05-21,24.8,32.9,77.0,7.2,24.2,213.2,Seedling,0,0.06,0.18
III,Pampanga,Arayat,2019-05-22,24.5,33.9,74.2,0.0,24.0,204.6,Seedling,0,0.12,0.11
III,Pampanga,Arayat,2019-05-23,23.1,33.6,77.7,0.0,23.9,210.1,Seedling,0,0.0,0.16
III,Pampanga,Arayat,2019-05-24,23.7,33.1,81.5,14.5,24.7,200.1,Seedling,0,0.09,0.23
III,Pampanga,Arayat,2019-05-25,22.5,34.5,71.9,0.0,22.9,207.5,Seedling,0,0.18,0.19
III,Pampanga,Arayat,2019-05-26,23.2,34.2,72.8,0.0,22.849999999999998,217.1,Seedling,0,0.18,0.08
III,Pampanga,Arayat,2019-05-27,23.6,34.0,77.7,0.0,22.799999999999997,192.4,Seedling,0,0.15,0.18
III,Pampanga,Arayat,2019-05-28,23.1,32.9,80.9,14.8,22.75,210.9,Seedling,0,0.11,0.0
III,Pampanga,Arayat,2019-05-29,22.5,32.5,76.0,0.0,22.7,215.2,Seedling,0,0.17,0.0
III,Pampanga,Arayat,2019-05-30,22.8,32.6,76.7,0.0,23.0,202.8,Seedling,0,0.0,0.0
III,Pampanga,Arayat,2019-05-31,22.9,31.9,77.3,0.0,22.9,202.1,Seedling,0,0.05,0.17
III,Pampanga,Arayat,2019-06-01,23.0,31.2,77.8,0.0,22.7,205.3,Seedling,0,0.1,0.14
III,Pampanga,Arayat,2019-06-02,23.1,30.7,85.3,2.2,24.0,207.6,Seedling,0,0.11,0.2
III,Pampanga,Arayat,2019-06-03,23.7,29.6,82.9,0.0,23.9,208.0,Seedling,10,2.08,0.09
III,Pampanga,Arayat,2019-06-04,23.5,31.4,83.2,0.0,23.8,201.5,Seedling,3,1.96,0.14
III,Pampanga,Arayat,2019-06-05,23.3,31.9,79.5,0.0,23.7,206.2,Seedling,9,0.0,0.12
III,Pampanga,Arayat,2019-06-06,23.2,31.4,79.8,0.0,23.599999999999998,196.6,Seedling,6,0.03,0.04
III,Pampanga,Arayat,2019-06-07,23.2,30.7,83.3,5.9,23.5,204.2,Seedling,11,0.89,0.19
III,Pampanga,Arayat,2019-06-08,24.1,29.5,83.1,3.5,23.4,209.3,Seedling,11,0.0,0.08
III,Pampanga,Arayat,2019-06-09,23.5,32.6,80.7,6.125,24.2,212.1,Seedling,14,0.79,0.01
III,Pampanga,Arayat,2019-06-10,23.1,32.1,82.9,8.75,24.2,201.3,Seedling,15,0.67,0.0
III,Pampanga,Arayat,2019-06-11,23.8,32.4,83.4,11.375,24.8,207.7,Seedling,12,1.02,0.2
III,Pampanga,Arayat,2019-06-12,24.1,32.0,85.3,14.0,25.1,200.4,Seedling,13,0.5,0.2
III,Pampanga,Arayat,2019-06-13,24.4,32.5,80.6,0.0,24.6,202.0,Seedling,25,0.21,0.1
III,Pampanga,Arayat,2019-06-14,23.1,33.8,80.0,0.0,24.4,208.9,Seedling,23,0.23,0.02
III,Pampanga,Arayat,2019-06-15,22.9,33.5,81.9,17.2,24.6,194.3,Seedling,23,0.68,0.1
III,Pampanga,Arayat,2019-06-16,22.1,31.7,78.6,12.1,22.6,193.8,Seedling,18,0.0,0.05
III,Pampanga,Arayat,2019-06-17,22.3,32.2,75.9,0.0,22.4,212.0,Seedling,15,0.69,0.01
III,Pampanga,Arayat,2019-06-18,22.8,31.1,77.5,0.0,22.5,199.4,Tillering,37,0.69,0.09
III,Pampanga,Arayat,2019-06-19,24.2,32.5,79.7,0.0,24.3,209.8,Tillering,31,0.28,0.28
III,Pampanga,Arayat,2019-06-20,23.9,31.8,78.6,0.0,23.6,202.8,Tillering,30,0.39,0.05
III,Pampanga,Arayat,2019-06-21,24.2,32.0,78.7,0.0,23.8,200.0,Tillering,22,0.51,0.13
III,Pampanga,Arayat,2019-06-22,24.0,32.9,77.8,0.0,24.0,221.1,Tillering,27,0.41,0.14
III,Pampanga,Arayat,2019-06-23,23.3,32.9,77.2,0.0,23.5,213.6,Tillering,19,0.51,0.06
III,Pampanga,Arayat,2019-06-24,23.4,33.8,79.3,10.7,24.5,198.4,Tillering,16,0.81,0.08
III,Pampanga,Arayat,2019-06-25,22.7,32.0,76.2,74.1,22.6,156.2,Tillering,21,0.32,0.04
III,Pampanga,Arayat,2019-06-26,24.0,31.9,75.6,1.6,23.1,209.3,Tillering,7,0.0,0.0
III,Pampanga,Arayat,2019-06-27,22.8,30.6,78.0,25.6,22.3,182.6,Tillering,8,0.82,0.15
III,Pampanga,Arayat,2019-06-28,21.9,30.6,79.0,21.3,22.0,193.1,Tillering,4,0.04,0.15
III,Pampanga,Arayat,2019-06-29,23.4,30.3,75.7,0.0,22.0,202.0,Tillering,4,0.35,0.0
III,Pampanga,Arayat,2019-06-30,24.3,32.0,81.8,3.1,24.5,207.2,Tillering,3,0.35,0.0016666666666666668
III,Pampanga,Arayat,2019-07-01,23.9,31.8,76.3,0.0,23.1,209.9,Tillering,1,0.58,0.0033333333333333335
III,Pampanga,Arayat,2019-07-02,23.6,32.5,80.7,9.1,24.2,203.5,Tillering,2,0.0,0.005
III,Pampanga,Arayat,2019-07-03,24.2,33.3,80.6,6.8,24.9,199.0,Tillering,3,1.45,0.006666666666666667
III,Pampanga,Arayat,2019-07-04,24.9,34.1,80.8,6.2,25.7,206.0,Tillering,4,0.21,0.008333333333333333
III,Pampanga,Arayat,2019-07-05,23.4,35.0,79.9,2.5,25.2,209.7,Tillering,2,0.6,0.01
III,Pampanga,Arayat,2019-07-06,22.6,35.3,76.0,0.0,24.2,198.2,Tillering,2,0.27,0.0
III,Pampanga,Arayat,2019-07-07,23.4,34.4,76.3,0.0,24.2,213.8,Tillering,1,0.26,0.16
III,Pampanga,Arayat,2019-07-08,23.4,32.5,81.5,1.0,24.2,188.9,Tillering,2,0.62,0.11
III,Pampanga,Arayat,2019-07-09,22.7,33.5,78.5,0.0,23.8,205.7,Tillering,2,1.37,0.03
III,Pampanga,Arayat,2019-07-10,23.3,32.0,76.8,0.0,23.0,188.9,Tillering,4,1.47,0.04666666666666666
III,Pampanga,Arayat,2019-07-11,23.6,32.3,76.1,0.0,23.2,206.0,Tillering,1,0.51,0.06333333333333332
III,Pampanga,Arayat,2019-07-12,24.8,34.1,76.7,0.8,24.8,210.1,Elongation,2,3.71,0.08
III,Pampanga,Arayat,2019-07-13,23.9,31.2,82.3,28.4,24.0,188.2,Elongation,3,3.28,0.09666666666666666
III,Pampanga,Arayat,2019-07-14,24.8,31.8,78.0,0.0,23.9,197.1,Elongation,4,4.39,0.11333333333333333
III,Pampanga,Arayat,2019-07-15,25.1,30.9,85.2,11.1,25.0,191.8,Elongation,4,3.99,0.13
III,Pampanga,Arayat,2019-07-16,25.5,30.6,82.5,3.0,24.6,185.4,Elongation,5,3.51,0.1
III,Pampanga,Arayat,2019-07-17,24.5,31.2,75.5,0.4,23.0,195.1,Elongation,0,3.04,0.0
III,Pampanga,Arayat,2019-07-18,25.0,31.4,78.0,5.8,23.8,186.8,Elongation,2,1.61,0.0
III,Pampanga,Arayat,2019-07-19,24.7,31.8,80.0,7.6,24.2,196.8,Elongation,3,0.69,0.06
III,Pampanga,Arayat,2019-07-20,23.9,31.1,80.2,17.5,23.5,191.3,Elongation,1,1.1,0.04
III,Pampanga,Arayat,2019-07-21,24.5,32.3,79.5,0.0,24.3,193.5,Elongation,1,0.29,0.06
III,Pampanga,Arayat,2019-07-22,24.7,32.6,79.8,0.0,24.6,203.4,Elongation,3,0.0,0.22
III,Pampanga,Arayat,2019-07-23,22.4,30.9,84.7,7.0,23.6,198.5,Elongation,2,0.94,0.09
III,Pampanga,Arayat,2019-07-24,22.8,31.4,77.7,0.0,22.6,192.7,Elongation,5,0.36,0.1
III,Pampanga,Arayat,2019-07-25,24.2,31.3,79.5,0.0,23.6,196.7,Elongation,4,0.75,0.08
III,Pampanga,Arayat,2019-07-26,24.4,30.9,81.6,28.4,24.0,181.1,Elongation,6,1.3,0.13
III,Pampanga,Arayat,2019-07-27,25.1,31.7,87.0,2.7,25.8,202.4,Elongation,10,0.16,0.04
III,Pampanga,Arayat,2019-07-28,24.7,34.0,81.5,0.0,25.6,188.2,Elongation,9,0.77,0.06
III,Pampanga,Arayat,2019-07-29,24.3,34.5,89.0,8.4,27.2,187.1,Elongation,9,0.0,0.15
III,Pampanga,Arayat,2019-07-30,24.0,33.0,84.2,9.3,25.3,179.0,Elongation,7,0.13,0.16
III,Pampanga,Arayat,2019-07-31,23.7,34.5,76.4,0.0,24.4,183.0,Panicle,5,0.17,1.55
III,Pampanga,Arayat,2019-08-01,24.5,34.5,76.0,0.0,24.7,186.2,Panicle,6,0.18,3.18
III,Pampanga,Arayat,2019-08-02,24.4,34.0,76.4,0.0,24.5,213.0,Panicle,4,0.1,2.82
III,Pampanga,Arayat,2019-08-03,24.8,33.1,80.4,27.3,25.0,180.9,Panicle,7,0.19,5.37
III,Pampanga,Arayat,2019-08-04,23.6,32.9,86.6,1.8,25.6,193.7,Panicle,15,0.12,4.24
III,Pampanga,Arayat,2019-08-05,24.1,35.7,86.2,0.0,27.1,205.7,Panicle,16,0.07,5.63
III,Pampanga,Arayat,2019-08-06,23.9,35.9,88.4,8.0,27.6,186.6,Panicle,15,0.01,7.18
III,Pampanga,Arayat,2019-08-07,22.9,34.3,89.3,47.1,26.5,142.7,Panicle,21,0.0,9.6
III,Pampanga,Arayat,2019-08-08,23.5,34.7,81.3,0.0,25.4,198.0,Panicle,15,0.11,10.39
III,Pampanga,Arayat,2019-08-09,23.4,34.4,81.6,4.4,25.2,191.5,Panicle,21,0.0,12.47
III,Pampanga,Arayat,2019-08-10,21.6,33.9,76.3,0.0,23.0,197.7,Panicle,6,0.0,12.48
III,Pampanga,Arayat,2019-08-11,22.2,33.2,79.8,19.8,23.7,182.0,Panicle,13,0.09,12.25
III,Pampanga,Arayat,2019-08-12,22.7,34.5,81.5,5.7,24.9,189.4,Panicle,16,0.0,12.59
III,Pampanga,Arayat,2019-08-13,23.7,35.7,78.2,0.0,25.3,206.8,Panicle,8,0.1,12.58
III,Pampanga,Arayat,2019-08-14,23.5,33.4,82.0,27.5,24.8,172.2,Panicle,13,0.06,14.42
III,Pampanga,Arayat,2019-08-15,24.7,32.7,84.5,19.4,25.6,183.3,Flowering,10,0.22,6.73
III,Pampanga,Arayat,2019-08-16,23.1,30.8,86.6,43.9,24.3,171.2,Flowering,18,0.06,6.93
III,Pampanga,Arayat,2019-08-17,23.2,33.7,84.8,0.0,25.4,188.3,Flowering,15,0.12,5.29
III,Pampanga,Arayat,2019-08-18,24.1,32.5,91.8,2.9,26.7,189.4,Flowering,19,0.07,5.45
III,Pampanga,Arayat,2019-08-19,24.3,33.1,88.9,0.0,26.5,188.1,Flowering,18,0.11,5.27
III,Pampanga,Arayat,2019-08-20,23.3,32.6,87.7,1.5,25.5,204.4,Flowering,25,0.0,3.39
III,Pampanga,Arayat,2019-08-21,23.5,33.4,78.0,0.4,23.6,182.9,Flowering,11,0.06,3.7
III,Pampanga,Arayat,2019-08-22,23.700000000000003,32.9,85.0,6.1,24.2,199.9,Flowering,9,0.12,2.89
III,Pampanga,Arayat,2019-08-23,23.900000000000002,32.8,79.7,0.0,23.8,192.7,Flowering,5,0.15,2.82
III,Pampanga,Arayat,2019-08-24,24.1,32.3,83.2,3.6,24.8,186.8,Flowering,6,0.21,2.43
III,Pampanga,Arayat,2019-08-25,23.5,33.7,84.0,2.5,25.4,185.4,Flowering,15,0.09,1.23
III,Pampanga,Arayat,2019-08-26,24.0,34.1,83.1,76.5,25.7,146.5,Flowering,15,0.22,1.63
III,Pampanga,Arayat,2019-08-27,24.3,34.6,80.0,1.9,25.5,188.8,Flowering,11,0.04,0.42
III,Pampanga,Arayat,2019-08-28,23.5,32.6,80.8,19.6,24.2,184.1,Flowering,10,0.11,1.11
III,Pampanga,Arayat,2019-08-29,23.8,32.7,78.8,3.0,24.0,188.3,Ripening,5,0.15,0.02
III,Pampanga,Arayat,2019-08-30,23.3,33.1,82.0,2.3,24.6,195.3,Ripening,4,0.03,0.0
III,Pampanga,Arayat,2019-08-31,23.3,30.4,82.4,13.3,23.3,186.0,Ripening,4,0.02,0.0
III,Pampanga,Arayat,2019-09-01,23.2,28.6,82.9,19.7,22.5,187.6,Ripening,4,0.14,0.0
III,Pampanga,Arayat,2019-09-02,23.7,31.7,85.6,2.1,24.8,202.6,Ripening,1,0.16,0.81
III,Pampanga,Arayat,2019-09-03,24.5,32.06,85.2,6.1,25.2,195.1,Ripening,2,0.1,0.0
III,Pampanga,Arayat,2019-09-04,25.0,32.42,83.6,1.6,25.0,193.9,Ripening,1,0.06,2.01
III,Pampanga,Arayat,2019-09-05,24.7,32.78,84.4,45.9,25.0,170.8,Ripening,0,0.09,0.77
III,Pampanga,Arayat,2019-09-06,25.2,33.14,83.7,4.3,26.3,198.6,Ripening,7,0.01,0.0
III,Pampanga,Arayat,2019-09-07,24.8,33.5,80.3,16.0,25.2,175.2,Ripening,2,0.0,0.34
III,Pampanga,Arayat,2019-09-08,24.42,32.5,81.0,12.5,24.3,192.1,Ripening,0,0.1,0.83
III,Pampanga,Arayat,2019-09-09,24.04,34.2,86.8,9.0,25.9,203.7,Ripening,1,0.18,0.53
III,Pampanga,Arayat,2019-09-10,23.66,34.2,85.4,5.5,26.2,196.4,Ripening,0,0.18,1.01
III,Pampanga,Arayat,2019-09-11,23.279999999999998,33.7,82.0,0.6,25.0,203.3,Ripening,5,0.2,0.43
III,Pampanga,Arayat,2019-09-12,22.9,33.1,84.9,10.1,25.0,187.5,Ripening,1,0.21,0.54
III,Pampanga,Arayat,2019-09-13,24.5,33.2,83.2,0.0,25.5,193.3,Ripening,7,0.09,0.04
III,Pampanga,Arayat,2019-09-14,24.4,32.6,87.2,15.6,25.9,178.0,Ripening,3,0.0,0.0
III,Pampanga,Arayat,2019-09-15,25.0,33.8,87.8,10.9,27.0,182.2,Ripening,4,0.01,0.0
III,Pampanga,Arayat,2019-09-16,24.3,34.3,87.6,4.3,26.8,209.9,Ripening,7,0.01,0.7
III,Pampanga,Arayat,2019-09-17,23.2,33.4,85.1,15.6,25.3,172.1,Ripening,7,0.09,1.18
III,Pampanga,Arayat,2019-09-18,22.7,32.5,87.4,4.5,25.1,191.6,Ripening,5,0.04,0.85
III,Pampanga,Arayat,2019-09-19,23.8,32.5,82.7,0.0,24.7,198.5,Ripening,4,0.01,2.86
III,Pampanga,Arayat,2019-09-20,22.9,30.4,84.2,12.8,23.5,190.9,Ripening,4,0.1,0.32
III,Pampanga,Arayat,2019-09-21,22.9,29.6,82.7,13.0,22.8,180.2,Ripening,3,0.01,0.44
III,Pampanga,Arayat,2019-09-22,22.8,31.7,80.0,0.0,23.2,200.5,Ripening,0,0.04,0.1
III,Pampanga,Arayat,2019-09-23,23.8,32.8,78.3,0.0,24.0,182.4,Ripening,0,0.27,0.11
III,Pampanga,Arayat,2019-09-24,23.2,32.8,78.1,0.0,23.6,188.9,Ripening,0,0.04,0.0
III,Pampanga,Arayat,2019-09-25,22.2,32.5,86.4,4.0,24.6,192.2,Ripening,0,0.15,0.15
III,Pampanga,Arayat,2019-09-26,22.8,33.2,83.1,0.0,24.6,204.3,Ripening,0,0.01,0.17
III,Pampanga,Arayat,2019-09-27,23.6,33.9,87.1,5.5,26.2,204.6,Ripening,0,0.38,0.07
III,Pampanga,Arayat,2019-09-28,23.7,33.2,80.0,0.0,24.5,191.2,Ripening,0,0.13,0.0
III,Pampanga,Arayat,2019-09-29,23.0,31.7,83.5,0.0,24.0,194.6,Ripening,0,0.17,0.11
III,Pampanga,Arayat,2019-09-30,22.3,32.3,85.8,0.0,24.5,192.4,Ripening,0,0.12,0.0
III,Pampanga,Arayat,2019-10-01,22.8,32.5,85.7,0.0,24.8,208.3,Ripening,0,0.02,0.15
III,Pampanga,Arayat,2019-10-02,23.5,31.5,89.7,2.7,25.4,190.5,Ripening,0,0.13,0.1
III,Pampanga,Arayat,2019-10-03,23.5,31.6,87.98,18.8,25.1,175.8,Ripening,0,0.24,0.15
III,Pampanga,Arayat,2019-10-04,23.9,30.8,86.26,13.5,25.5,187.2,Ripening,0,0.06,0.0
III,Pampanga,Arayat,2019-10-05,24.1,29.9,84.53999999999999,9.4,23.8,202.6,Ripening,0,0.07,0.0
III,Pampanga,Arayat,2019-10-06,24.8,30.8,82.82,13.2,24.4,189.7,Ripening,0,0.31,0.09
III,Pampanga,Arayat,2019-10-07,23.4,30.4,81.1,17.8,23.1,181.5,Ripening,0,0.15,0.06
III,Pampanga,Arayat,2019-10-08,23.4,33.5,74.7,0.0,23.4,193.9,Ripening,0,0.04,0.1
III,Pampanga,Arayat,2019-10-09,23.0,34.6,78.6,6.5,24.5,206.7,Ripening,0,0.09,0.14
III,Pampanga,Arayat,2019-10-10,23.2,34.2,83.2,8.8,25.3,185.9,Ripening,0,0.0,0.08
III,Pampanga,Arayat,2019-10-11,22.9,34.2,78.5,12.3,24.2,184.7,Ripening,0,0.09,0.0
III,Pampanga,Arayat,2019-10-12,22.0,34.4,82.0,15.8,24.6,192.7,Ripening,0,0.13,0.14
III,Pampanga,Arayat,2019-10-13,22.2,35.2,77.9,0.0,24.3,205.1,Ripening,0,0.13,0.25
III,Pampanga,Arayat,2019-10-14,21.7,33.6,83.3,22.4,24.3,180.7,Ripening,0,0.23,0.11
III,Pampanga,Arayat,2019-10-15,21.8,32.5,84.8,9.7,24.1,194.3,Ripening,0,0.06,0.15
III,Pampanga,Arayat,2019-10-16,23.7,32.3,77.8,0.0,23.6,203.3,Ripening,0,0.13,0.0
III,Pampanga,Arayat,2019-10-17,24.1,31.4,80.2,6.0,23.8,187.6,Ripening,0,0.0,0.1
III,Pampanga,Arayat,2019-10-18,24.0,31.9,81.4,2.2,24.2,199.9,Ripening,0,0.06,0.06
III,Pampanga,Arayat,2019-10-19,23.4,32.3,80.0,2.9,23.8,210.3,Ripening,0,0.0,0.23
III,Pampanga,Arayat,2019-10-20,23.9,32.4,81.0,14.0,24.3,184.7,Ripening,0,0.0,0.03
III,Pampanga,Arayat,2019-10-21,23.7,32.6,75.0,0.0,23.2,224.4,Ripening,0,0.09,0.0
III,Pampanga,Arayat,2019-10-22,23.4,33.2,81.8,4.8,24.7,198.7,Ripening,0,0.1,0.08
III,Pampanga,Arayat,2019-10-23,23.8,32.9,77.5,0.0,23.8,200.8,Ripening,0,0.11,0.06
III,Pampanga,Arayat,2019-10-24,24.7,34.5,79.4,0.0,25.5,188.2,Ripening,0,0.0,0.15
III,Pampanga,Arayat,2019-10-25,24.5,33.3,79.9,0.0,24.9,208.7,Ripening,0,0.04,0.11
III,Pampanga,Arayat,2019-10-26,24.1,32.3,80.3,0.0,24.3,197.2,Ripening,0,0.26,0.03
III,Pampanga,Arayat,2019-10-27,23.76,30.2,80.8,0.0,23.0,212.8,Ripening,0,0.0,0.17
III,Pampanga,Arayat,2019-10-28,23.42,29.8,82.5,21.4,23.0,183.8,Ripening,0,0.15,0.22
III,Pampanga,Arayat,2019-10-29,23.08,32.7,78.6,0.0,23.5,211.9,Ripening,0,0.0,0.12
III,Pampanga,Arayat,2019-10-30,22.74,34.2,83.6,1.1,24.9,201.3,Seedling,0,0.03,0.07
III,Pampanga,Arayat,2019-10-31,22.4,35.2,76.4,0.0,24.1,205.0,Seedling,0,0.05,0.07
III,Pampanga,Arayat,2019-11-01,23.6,34.8,79.6,0.0,25.1,196.7,Seedling,0,0.01,0.09
III,Pampanga,Arayat,2019-11-02,22.9,35.3,79.7,4.2,25.0,204.9,Seedling,0,0.03,0.02
III,Pampanga,Arayat,2019-11-03,22.9,34.0,77.0,0.0,23.8,216.2,Seedling,0,0.03,0.06
III,Pampanga,Arayat,2019-11-04,22.7,33.1,77.5,0.0,23.4,199.6,Seedling,0,0.15,0.13
III,Pampanga,Arayat,2019-11-05,22.7,32.9,75.4,0.0,22.9,208.5,Seedling,0,0.16,0.09
III,Pampanga,Arayat,2019-11-06,22.5,33.9,76.6,0.0,23.5,209.8,Seedling,0,0.05,0.0
III,Pampanga,Arayat,2019-11-07,23.1,33.8,78.1,0.0,24.1,200.0,Seedling,0,0.13,0.06
III,Pampanga,Arayat,2019-11-08,23.1,32.1,87.0,3.1,25.0,197.7,Seedling,0,0.01,0.18
III,Pampanga,Arayat,2019-11-09,23.0,32.5,85.3,4.1,24.8,198.7,Seedling,0,0.08,0.02
III,Pampanga,Arayat,2019-11-10,23.9,31.8,81.7,0.0,24.2,194.9,Seedling,0,0.08,0.17
III,Pampanga,Arayat,2019-11-11,22.8,30.6,82.9,11.2,23.3,189.7,Seedling,0,0.1,0.02
III,Pampanga,Arayat,2019-11-12,24.2,31.8,82.9,3.5,24.6,193.4,Seedling,0,0.09,0.0
III,Pampanga,Arayat,2019-11-13,24.1,32.8,81.2,4.1,24.7,197.4,Seedling,0,0.07,0.04
III,Pampanga,Arayat,2019-11-14,23.6,32.5,82.3,23.8,24.5,184.3,Seedling,0,0.03,0.11
III,Pampanga,Arayat,2019-11-15,23.7,33.8,76.8,0.0,24.1,206.8,Seedling,1,0.25,0.07
III,Pampanga,Arayat,2019-11-16,24.1,33.2,78.3,0.0,24.3,215.1,Seedling,0,0.03,0.07
III,Pampanga,Arayat,2019-11-17,22.9,32.5,78.8,24.9,24.3,189.2,Seedling,0,0.0,0.19
III,Pampanga,Arayat,2019-11-18,23.5,32.6,79.3,0.0,23.4,199.4,Seedling,0,0.07,0.11
III,Pampanga,Arayat,2019-11-19,24.2,32.9,79.8,2.9,24.7,214.4,Seedling,0,0.08,0.02
III,Pampanga,Arayat,2019-11-20,22.7,33.8,80.3,14.2,24.2,196.3,Seedling,0,0.0,0.07
III,Pampanga,Arayat,2019-11-21,22.9,32.5,80.8,0.0,23.4,225.3,Seedling,0,0.06,0.07
III,Pampanga,Arayat,2019-11-22,23.1,33.5,81.3,0.0,24.6,221.2,Seedling,0,0.11,0.09
III,Pampanga,Arayat,2019-11-23,23.2,33.5,78.9,0.4,24.1,206.7,Seedling,0,0.02,0.0
III,Pampanga,Arayat,2019-11-24,22.7,33.5,82.9,0.0,24.7,201.8,Seedling,0,0.18,0.1
III,Pampanga,Arayat,2019-11-25,22.4,32.0,88.0,27.9,24.8,183.0,Seedling,0,0.0,0.15
III,Pampanga,Arayat,2019-11-26,23.7,32.4,81.5,0.0,24.3,216.6,Seedling,0,0.13,0.0
III,Pampanga,Arayat,2019-11-27,24.3,33.3,82.4,0.0,25.3,212.3,Seedling,0,0.07,0.09
III,Pampanga,Arayat,2019-11-28,24.4,30.9,83.9,22.6,24.4,175.1,Seedling,0,0.16,0.04
III,Pampanga,Arayat,2019-11-29,25.0,31.7,79.0,0.0,24.2,205.7,Seedling,0,0.06,0.0
III,Pampanga,Arayat,2019-11-30,24.1,30.6,83.4,5.0,24.0,198.3,Seedling,0,0.12,0.1
III,Pampanga,Arayat,2019-12-01,24.3,29.2,78.8,13.1,22.5,204.2,Seedling,0,0.05,0.09
III,Pampanga,Arayat,2019-12-02,24.6,29.1,78.1,0.0,22.5,227.9,Seedling,0,0.15,0.0
III,Pampanga,Arayat,2019-12-03,24.4,30.5,76.8,0.0,22.8,202.6,Seedling,0,0.0,0.12
III,Pampanga,Arayat,2019-12-04,24.58,30.2,79.1,0.0,22.9,226.4,Seedling,0,0.07,0.06
III,Pampanga,Arayat,2019-12-05,24.759999999999998,31.1,80.6,0.0,23.5,203.1,Seedling,0,0.13,0.0
III,Pampanga,Arayat,2019-12-06,24.94,31.5,78.5,0.0,23.4,218.4,Seedling,0,0.0,0.09
III,Pampanga,Arayat,2019-12-07,25.12,30.5,79.9,20.4,23.3,196.4,Seedling,1,0.22,0.08
III,Pampanga,Arayat,2019-12-08,25.3,31.1,73.5,0.0,22.9,213.9,Seedling,1,0.0,0.07
III,Pampanga,Arayat,2019-12-09,25.3,31.3,70.9,0.0,22.5,211.3,Seedling,1,0.55,0.17
III,Pampanga,Arayat,2019-12-10,25.7,30.8,71.6,0.0,22.6,205.2,Seedling,1,0.08,0.12
III,Pampanga,Arayat,2019-12-11,25.1,30.1,74.0,0.0,22.4,214.9,Seedling,1,0.05,0.06
III,Pampanga,Arayat,2019-12-12,24.1,31.6,74.9,0.0,22.8,200.2,Seedling,0,0.63,0.0
III,Pampanga,Arayat,2019-12-13,23.2,31.6,77.2,0.0,22.8,203.0,Seedling,2,0.36,0.15
III,Pampanga,Arayat,2019-12-14,22.6,31.2,75.5,0.0,22.0,217.4,Seedling,2,0.46,0.2
III,Pampanga,Arayat,2019-12-15,23.9,31.4,80.1,1.7,23.7,201.7,Seedling,1,0.0,0.08
III,Pampanga,Arayat,2019-12-16,23.6,30.9,75.6,1.1333333333333333,22.4,208.9,Seedling,0,0.23,0.01
III,Pampanga,Arayat,2019-12-17,23.2,30.8,79.3,0.5666666666666667,22.9,190.6,Seedling,0,0.85,0.17
III,Pampanga,Arayat,2019-12-18,23.7,32.5,76.9,0.0,23.5,216.7,Seedling,0,1.16,0.03
III,Pampanga,Arayat,2019-12-19,22.9,32.1,79.7,16.5,23.4,206.5,Seedling,2,0.67,0.18
III,Pampanga,Arayat,2019-12-20,23.0,33.0,74.6,0.0,22.9,202.8,Seedling,0,0.64,0.16
III,Pampanga,Arayat,2019-12-21,24.5,33.0,71.4,0.0,23.0,206.2,Seedling,4,0.0,0.0
III,Pampanga,Arayat,2019-12-22,23.9,30.5,74.5,30.8,22.1,185.9,Tillering,1,1.28,0.1
III,Pampanga,Arayat,2019-12-23,24.4,31.4,72.4,0.7,22.4,209.6,Tillering,0,0.66,0.03
III,Pampanga,Arayat,2019-12-24,25.4,34.0,73.6,0.0,24.4,220.9,Tillering,0,0.49,0.07
III,Pampanga,Arayat,2019-12-25,22.6,31.3,78.7,33.5,22.7,187.6,Tillering,4,0.29,0.11
III,Pampanga,Arayat,2019-12-26,23.0,35.1,76.5,0.0,24.4,205.3,Tillering,5,1.16,0.14
III,Pampanga,Arayat,2019-12-27,22.8,33.6,78.9,0.0,24.0,220.5,Tillering,0,0.0,0.09
III,Pampanga,Arayat,2019-12-28,22.6,33.7,77.4,0.0,23.6,202.0,Tillering,0,0.96,0.05
III,Pampanga,Arayat,2019-12-29,23.0,34.4,74.8,0.0,23.7,229.5,Tillering,1,0.87,0.04
III,Pampanga,Arayat,2019-12-30,22.5,34.1,69.1,0.0,22.1,222.4,Tillering,0,1.79,0.07
III,Pampanga,Arayat,2019-12-31,22.4,33.3,71.1,0.0,22.1,212.9,Tillering,1,1.84,0.06
III,Pampanga,Arayat,2020-01-01,22.9,32.7,73.5,0.0,22.5,218.8,Tillering,3,2.97,0.16
III,Pampanga,Arayat,2020-01-02,21.8,33.6,70.7,0.0,21.8,216.6,Tillering,3,3.17,0.15
III,Pampanga,Arayat,2020-01-03,22.1,31.1,71.33333333333333,7.4,22.2,207.6,Tillering,2,2.46,0.0
III,Pampanga,Arayat,2020-01-04,22.5,31.7,71.96666666666667,5.3,22.6,205.2,Tillering,4,3.21,0.13
III,Pampanga,Arayat,2020-01-05,22.7,31.3,72.6,0.0,21.5,227.5,Tillering,0,3.08,0.17
III,Pampanga,Arayat,2020-01-06,22.6,31.1,80.6,5.3,23.0,219.3,Tillering,2,2.44,0.16
III,Pampanga,Arayat,2020-01-07,23.0,30.4,75.1,0.0,21.7,220.1,Tillering,2,3.81,0.0
III,Pampanga,Arayat,2020-01-08,23.6,31.3,79.0,5.2,23.3,222.3,Tillering,1,2.06,0.11
III,Pampanga,Arayat,2020-01-09,22.7,31.4,75.4,0.0,22.1,222.0,Tillering,0,1.87,0.24
III,Pampanga,Arayat,2020-01-10,22.4,33.3,72.2,0.0,22.3,216.6,Tillering,1,2.16,0.21
III,Pampanga,Arayat,2020-01-11,22.2,32.0,70.9,0.0,21.3,220.2,Tillering,3,0.47,0.16
III,Pampanga,Arayat,2020-01-12,22.7,33.3,74.5,0.0,22.9,221.5,Tillering,2,0.55,0.14
III,Pampanga,Arayat,2020-01-13,22.6,32.3,76.9,13.9,22.8,220.7,Tillering,4,0.6,0.14
III,Pampanga,Arayat,2020-01-14,22.9,30.6,79.9,19.7,22.7,195.1,Tillering,0,0.99,0.16
III,Pampanga,Arayat,2020-01-15,24.2,32.3,78.6,0.0,24.0,221.0,Tillering,1,1.17,0.16
III,Pampanga,Arayat,2020-01-16,24.4,32.5,76.8,0.0,23.8,212.6,Elongation,0,0.03,0.08
III,Pampanga,Arayat,2020-01-17,24.0,31.7,75.7,0.0,23.0,217.7,Elongation,1,0.65,0.03
III,Pampanga,Arayat,2020-01-18,24.4,31.4,78.2,0.0,23.5,221.9,Elongation,5,0.42,0.22
III,Pampanga,Arayat,2020-01-19,24.8,31.3,73.8,0.0,22.8,222.0,Elongation,2,0.88,0.16
III,Pampanga,Arayat,2020-01-20,25.0,31.5,76.2,0.0,23.5,209.3,Elongation,1,0.982,0.03
III,Pampanga,Arayat,2020-01-21,23.5,32.5,75.3,0.0,23.1,231.3,Elongation,3,1.084,0.07
III,Pampanga,Arayat,2020-01-22,22.2,32.6,73.6,0.0,22.1,201.0,Elongation,2,1.186,0.07
III,Pampanga,Arayat,2020-01-23,22.9,32.7,70.0,0.0,21.8,227.9,Elongation,2,1.2879999999999998,0.12
III,Pampanga,Arayat,2020-01-24,22.9,33.3,76.0,1.7,23.3,230.9,Elongation,0,1.39,0.09
III,Pampanga,Arayat,2020-01-25,23.0,33.4,75.2,3.9,23.2,225.0,Elongation,4,1.5033333333333332,0.08
III,Pampanga,Arayat,2020-01-26,22.6,33.0,70.3,0.0,21.9,217.9,Elongation,5,1.6166666666666665,0.11
III,Pampanga,Arayat,2020-01-27,24.3,32.2,71.3,0.0,22.5,219.2,Elongation,3,1.73,0.13
III,Pampanga,Arayat,2020-01-28,23.3,33.8,71.7,0.0,22.9,228.8,Elongation,5,1.8433333333333333,0.03
III,Pampanga,Arayat,2020-01-29,22.2,33.4,67.3,0.0,21.3,218.5,Elongation,1,1.9566666666666666,0.12
III,Pampanga,Arayat,2020-01-30,23.1,32.5,69.9,0.0,21.8,225.3,Elongation,3,2.07,0.12
III,Pampanga,Arayat,2020-01-31,22.1,32.5,68.6,0.0,21.0,222.8,Elongation,0,3.43,0.11
III,Pampanga,Arayat,2020-02-01,21.8,29.5,66.9,0.0,19.0,233.1,Elongation,3,2.3,0.21
III,Pampanga,Arayat,2020-02-02,20.8,30.1,66.5,0.0,18.8,212.7,Elongation,2,2.6,0.08
III,Pampanga,Arayat,2020-02-03,20.8,29.9,67.6,0.0,18.9,238.8,Elongation,1,1.64,0.23
III,Pampanga,Arayat,2020-02-04,21.5,30.3,66.0,0.0,19.1,210.8,Elongation,1,1.06,0.3
III,Pampanga,Arayat,2020-02-05,22.3,31.9,72.3,0.0,21.6,220.5,Panicle,2,0.15,2.06
III,Pampanga,Arayat,2020-02-06,22.1,33.5,72.8,0.0,22.4,220.9,Panicle,0,0.04,1.38
III,Pampanga,Arayat,2020-02-07,22.6,33.5,72.7,0.0,22.6,240.4,Panicle,1,0.03,1.29
III,Pampanga,Arayat,2020-02-08,22.2,33.1,72.4,0.0,22.1,218.4,Panicle,1,0.05,0.0
III,Pampanga,Arayat,2020-02-09,22.5,32.6,71.4,0.0,21.8,220.5,Panicle,3,0.08,1.56
III,Pampanga,Arayat,2020-02-10,22.9,33.1,69.8,0.0,22.0,221.1,Panicle,2,0.07,1.4
III,Pampanga,Arayat,2020-02-11,22.5,33.6,69.2,0.0,21.9,210.8,Panicle,2,0.0,1.44
III,Pampanga,Arayat,2020-02-12,22.9,30.9,68.6,0.0,20.6,211.9,Panicle,1,0.0,1.09
III,Pampanga,Arayat,2020-02-13,22.2,31.7,70.3,0.0,21.0,232.5,Panicle,1,0.0,1.32
III,Pampanga,Arayat,2020-02-14,23.1,31.7,66.8,0.0,20.8,223.6,Panicle,1,0.16,1.66
III,Pampanga,Arayat,2020-02-15,23.6,31.0,64.1,0.0,20.1,218.7,Panicle,1,0.12,1.03
III,Pampanga,Arayat,2020-02-16,24.1,30.5,66.9,0.0,20.7,216.0,Panicle,0,0.14,0.4
III,Pampanga,Arayat,2020-02-17,24.2,30.3,65.9,0.0,20.4,209.6,Panicle,2,0.12,0.0
III,Pampanga,Arayat,2020-02-18,24.7,32.1,65.8,0.0,21.6,214.1,Panicle,1,0.03,1.2
III,Pampanga,Arayat,2020-02-19,24.5,32.3,68.3,0.0,22.1,213.0,Panicle,0,0.0,0.09
III,Pampanga,Arayat,2020-02-20,24.7,33.0,68.7,0.0,22.6,216.4,Flowering,2,0.02,0.19
III,Pampanga,Arayat,2020-02-21,23.799999999999997,33.1,69.3,0.0,21.8,210.8,Flowering,1,0.07,0.73
III,Pampanga,Arayat,2020-02-22,22.9,33.2,71.1,0.0,22.3,214.8,Flowering,0,0.13,0.28
III,Pampanga,Arayat,2020-02-23,22.8,33.5,69.5,0.0,22.0,229.5,Flowering,3,0.1,0.6
III,Pampanga,Arayat,2020-02-24,23.6,33.0,68.0,0.0,21.9,219.7,Flowering,2,0.06,1.61
III,Pampanga,Arayat,2020-02-25,23.0,32.3,69.2,0.0,21.5,218.8,Flowering,0,0.0,0.0
III,Pampanga,Arayat,2020-02-26,24.0,31.5,69.1,0.0,21.6,215.8,Flowering,2,0.05,0.38
III,Pampanga,Arayat,2020-02-27,23.5,30.8,73.7,12.9,21.9,205.6,Flowering,0,0.11,1.45
III,Pampanga,Arayat,2020-02-28,23.6,31.7,72.4,0.0,22.1,218.7,Flowering,4,0.14,1.2
III,Pampanga,Arayat,2020-02-29,23.8,31.1,67.9,0.0,21.0,214.5,Flowering,1,0.02,0.68
III,Pampanga,Arayat,2020-03-01,23.9,31.2,65.8,0.0,20.7,206.7,Flowering,2,0.07,0.0
III,Pampanga,Arayat,2020-03-02,23.3,30.2,66.6,0.0,20.1,227.7,Flowering,3,0.15,2.03
III,Pampanga,Arayat,2020-03-03,22.9,30.9,71.0,0.0,21.1,221.5,Flowering,1,0.15,0.36
III,Pampanga,Arayat,2020-03-04,22.8,31.1,75.4,0.0,22.0,228.3,Flowering,3,0.13,0.0
III,Pampanga,Arayat,2020-03-05,22.7,31.2,74.1,0.0,21.8,223.5,Ripening,1,0.15,0.0
III,Pampanga,Arayat,2020-03-06,23.2,31.5,74.0,0.0,22.2,228.5,Ripening,1,0.17,0.05
III,Pampanga,Arayat,2020-03-07,23.6,32.0,74.5,0.0,22.7,222.2,Ripening,1,0.19,0.0
III,Pampanga,Arayat,2020-03-08,22.4,33.2,71.7,0.0,22.1,228.2,Ripening,0,0.04,0.67
III,Pampanga,Arayat,2020-03-09,22.9,31.0,72.2,0.0,21.4,195.7,Ripening,0,0.15,0.43
III,Pampanga,Arayat,2020-03-10,24.1,31.5,71.6,0.0,22.1,233.4,Ripening,0,0.15,0.0
III,Pampanga,Arayat,2020-03-11,23.0,32.3,74.3,0.0,22.5,236.6,Ripening,0,0.02,0.28
III,Pampanga,Arayat,2020-03-12,22.9,30.6,75.9,0.0,21.9,223.5,Ripening,1,0.17,1.01
III,Pampanga,Arayat,2020-03-13,23.4,30.8,75.0,0.0,22.1,228.2,Ripening,3,0.24,1.59
III,Pampanga,Arayat,2020-03-14,23.4,30.8,70.5,0.0,21.2,212.7,Ripening,3,0.0,0.39
III,Pampanga,Arayat,2020-03-15,23.4,32.2,69.6,0.0,21.7,212.6,Ripening,6,0.16,0.5
III,Pampanga,Arayat,2020-03-16,24.2,31.7,70.7,0.0,22.1,211.7,Ripening,2,0.1,0.57
III,Pampanga,Arayat,2020-03-17,24.6,31.2,72.8,0.0,22.5,218.7,Ripening,10,0.09,0.88
III,Pampanga,Arayat,2020-03-18,25.0,29.6,71.0,0.0,21.5,222.04999999999998,Ripening,5,0.0,0.35
III,Pampanga,Arayat,2020-03-19,24.5,30.3,71.9,0.0,21.8,225.39999999999998,Ripening,4,0.03,0.01
III,Pampanga,Arayat,2020-03-20,23.7,30.4,72.5,0.0,21.5,228.75,Ripening,4,0.16,0.04
III,Pampanga,Arayat,2020-03-21,24.6,30.4,72.3,0.0,22.0,232.1,Ripening,5,0.14,0.0
III,Pampanga,Arayat,2020-03-22,24.1,30.3,68.8,0.0,21.0,224.3,Ripening,3,0.21,0.0
III,Pampanga,Arayat,2020-03-23,24.1,29.6,70.5,0.0,21.0,217.3,Ripening,2,0.06,0.0
III,Pampanga,Arayat,2020-03-24,23.8,29.8,71.9,0.0,21.2,228.4,Ripening,3,0.17,1.43
III,Pampanga,Arayat,2020-03-25,23.9,30.8,72.3,0.0,21.8,219.6,Ripening,3,0.0,0.0
III,Pampanga,Arayat,2020-03-26,23.3,32.3,73.2,0.0,22.4,216.4,Ripening,5,0.13,1.4
III,Pampanga,Arayat,2020-03-27,22.8,31.5,74.3,0.0,22.0,213.1,Ripening,3,0.07,0.0
III,Pampanga,Arayat,2020-03-28,22.8,32.4,70.4,0.0,21.7,223.3,Ripening,0,0.0,0.0
III,Pampanga,Arayat,2020-03-29,22.0,31.6,75.5,18.3,21.9,198.2,Ripening,7,0.2,1.82
III,Pampanga,Arayat,2020-03-30,21.2,33.2,70.0,0.0,21.2,211.9,Ripening,0,0.04,0.0
III,Pampanga,Arayat,2020-03-31,22.1,33.2,74.3,11.1,22.5,220.2,Ripening,0,0.02,0.05
III,Pampanga,Arayat,2020-04-01,22.4,33.7,70.2,0.0,22.1,226.8,Ripening,1,0.08,0.16
III,Pampanga,Arayat,2020-04-02,22.1,33.7,70.9,0.0,22.1,234.3,Ripening,0,0.18,0.15
III,Pampanga,Arayat,2020-04-03,22.5,33.3,69.5,0.0,21.8,226.8,Ripening,0,0.09,0.14
III,Pampanga,Arayat,2020-04-04,22.7,32.0,69.5,0.0,21.2,225.3,Ripening,0,0.17,0.07
III,Pampanga,Arayat,2020-04-05,22.8,31.4,71.2,0.0,21.3,215.5,Ripening,0,0.13,0.0
III,Pampanga,Arayat,2020-04-06,23.6,32.8,68.9,0.0,22.0,226.3,Ripening,0,0.16,0.0
III,Pampanga,Arayat,2020-04-07,23.6,33.7,67.3,0.0,22.1,220.9,Ripening,0,0.12,0.28
III,Pampanga,Arayat,2020-04-08,22.0,33.6,73.1,2.6,22.4,218.5,Ripening,0,0.04,0.09
III,Pampanga,Arayat,2020-04-09,21.7,33.0,69.5,0.0,21.2,215.6,Ripening,0,0.04,0.1
III,Pampanga,Arayat,2020-04-10,22.8,33.8,74.9,12.1,23.3,216.9,Ripening,0,0.17,0.13
III,Pampanga,Arayat,2020-04-11,23.0,33.8,70.4,0.0,21.8,224.6,Ripening,0,0.07,0.13
III,Pampanga,Arayat,2020-04-12,23.200000000000003,33.3,69.6,0.0,22.4,222.0,Ripening,0,0.0,0.11
III,Pampanga,Arayat,2020-04-13,23.400000000000002,35.0,71.6,0.0,23.8,219.5,Ripening,0,0.0,0.0
III,Pampanga,Arayat,2020-04-14,23.6,34.3,72.0,0.0,23.4,215.4,Ripening,0,0.13,0.0
III,Pampanga,Arayat,2020-04-15,23.46666666666667,34.2,73.0,0.0,23.0,221.1,Ripening,0,0.15,0.0
III,Pampanga,Arayat,2020-04-16,23.333333333333336,33.2,75.0,1.2,23.0,205.7,Ripening,0,0.11,0.03
III,Pampanga,Arayat,2020-04-17,23.200000000000003,34.4,75.1,13.9,23.6,212.8,Ripening,0,0.12,0.0
III,Pampanga,Arayat,2020-04-18,23.066666666666666,31.6,69.4,0.0,21.1,232.0,Ripening,0,0.13,0.1
III,Pampanga,Arayat,2020-04-19,22.933333333333334,31.7,71.3,0.0,21.3,226.3,Ripening,0,0.12,0.06
III,Pampanga,Arayat,2020-04-20,22.8,31.6,72.55,12.4,22.4,202.0,Ripening,0,0.2,0.12
III,Pampanga,Arayat,2020-04-21,23.7,32.8,73.8,0.0,22.7,228.3,Ripening,0,0.14,0.14
III,Pampanga,Arayat,2020-04-22,22.6,34.1,75.05,0.0,22.8,207.9,Ripening,0,0.0,0.09
III,Pampanga,Arayat,2020-04-23,22.4,34.5,76.3,0.0,22.6,217.6,Ripening,0,0.14,0.03
III,Pampanga,Arayat,2020-04-24,22.1,35.2,77.55,0.0,23.4,212.2,Ripening,0,0.02,0.19
III,Pampanga,Arayat,2020-04-25,22.8,34.5,78.8,0.0,24.4,220.5,Ripening,0,0.02,0.03
III,Pampanga,Arayat,2020-04-26,21.6,33.9,77.1,0.0,23.2,212.4,Ripening,0,0.07,0.25
III,Pampanga,Arayat,2020-04-27,21.0,32.8,76.2,0.0,22.1,226.9,Ripening,0,0.0,0.0
III,Pampanga,Arayat,2020-04-28,21.8,31.4,80.0,0.0,22.6,217.6,Ripening,1,0.08,0.22
III,Pampanga,Arayat,2020-04-29,22.6,32.0,77.6,0.0,22.8,220.3,Ripening,0,0.1,0.03
III,Pampanga,Arayat,2020-04-30,23.1,32.1,75.0,0.0,22.6,223.3,Seedling,0,0.1,0.04
III,Pampanga,Arayat,2020-05-01,23.1,32.8,77.2,0.0,23.4,214.6,Seedling,0,0.05,0.13
III,Pampanga,Arayat,2020-05-02,22.7,33.4,76.9,0.0,23.4,218.7,Seedling,0,0.12,0.16
III,Pampanga,Arayat,2020-05-03,22.9,31.9,75.9,0.0,22.6,219.6,Seedling,0,0.09,0.09
III,Pampanga,Arayat,2020-05-04,23.0,30.5,74.3,17.8,21.6,210.6,Seedling,0,0.15,0.12
III,Pampanga,Arayat,2020-05-05,24.0,31.7,74.5,0.0,22.8,214.8,Seedling,0,0.08,0.04
III,Pampanga,Arayat,2020-05-06,24.5,32.6,74.5,0.0,23.5,212.4,Seedling,0,0.07,0.0
III,Pampanga,Arayat,2020-05-07,24.5,33.9,73.3,0.0,23.9,220.0,Seedling,0,0.08,0.26
III,Pampanga,Arayat,2020-05-08,23.9,34.0,78.1,2.0,24.6,213.4,Seedling,1,0.11,0.03
III,Pampanga,Arayat,2020-05-09,24.0,33.6,74.3,0.0,23.7,205.1,Seedling,0,0.15,0.14
III,Pampanga,Arayat,2020-05-10,23.7,32.5,78.1,4.5,23.7,215.3,Seedling,1,0.24,0.04
III,Pampanga,Arayat,2020-05-11,23.7,31.6,73.9,0.0,22.4,209.5,Seedling,1,0.0,0.06
III,Pampanga,Arayat,2020-05-12,23.2,32.6,72.5,0.0,22.4,215.0,Seedling,0,0.08,0.03
III,Pampanga,Arayat,2020-05-13,23.8,32.5,73.7,0.0,22.9,215.5,Seedling,0,0.07,0.12
III,Pampanga,Arayat,2020-05-14,24.5,31.7,74.6,0.0,23.0,220.5,Seedling,0,0.0,0.03
III,Pampanga,Arayat,2020-05-15,24.7,31.6,75.3,0.0,23.2,219.4,Seedling,0,0.2,0.03
III,Pampanga,Arayat,2020-05-16,24.6,31.8,72.6,0.0,22.7,213.7,Seedling,0,0.08,0.12
III,Pampanga,Arayat,2020-05-17,23.8,33.8,73.8,0.0,23.6,201.7,Seedling,0,0.04,0.16
III,Pampanga,Arayat,2020-05-18,23.3,32.7,71.7,0.0,22.3,215.5,Seedling,0,0.08,0.13
III,Pampanga,Arayat,2020-05-19,23.5,32.4,72.5,0.0,22.4,210.9,Seedling,0,0.03,0.17
III,Pampanga,Arayat,2020-05-20,23.1,30.9,73.13333333333334,7.3,22.6,197.3,Seedling,0,0.12,0.27
III,Pampanga,Arayat,2020-05-21,23.1,32.4,73.76666666666667,0.0,21.8,224.5,Seedling,0,0.01,0.19
III,Pampanga,Arayat,2020-05-22,23.5,31.8,74.4,0.0,22.5,212.3,Seedling,0,0.03,0.0
III,Pampanga,Arayat,2020-05-23,23.4,30.0,73.8,0.0,21.5,211.5,Seedling,0,0.0,0.0
III,Pampanga,Arayat,2020-05-24,24.2,30.9,75.4,0.0,22.6,221.1,Seedling,0,0.14,0.06
III,Pampanga,Arayat,2020-05-25,23.9,30.4,73.1,0.0,21.8,219.0,Seedling,0,0.18,0.21
III,Pampanga,Arayat,2020-05-26,23.6,31.6,71.3,0.0,21.9,207.7,Seedling,0,0.07,0.09
III,Pampanga,Arayat,2020-05-27,23.4,31.6,71.3,0.0,21.8,208.9,Seedling,0,0.0,0.12
III,Pampanga,Arayat,2020-05-28,22.1,32.6,74.9,24.1,22.3,181.5,Seedling,0,0.07,0.0
III,Pampanga,Arayat,2020-05-29,21.6,32.4,75.7,22.5,22.1,186.2,Seedling,0,0.0,0.07
III,Pampanga,Arayat,2020-05-30,22.5,34.6,73.2,0.0,23.2,224.5,Seedling,0,0.01,0.0
III,Pampanga,Arayat,2020-05-31,22.9,32.7,73.6,0.5,22.5,201.2,Seedling,0,0.21,0.16
III,Pampanga,Arayat,2020-06-01,22.2,32.7,77.0,0.0,22.8,203.6,Seedling,0,0.98,0.09
III,Pampanga,Arayat,2020-06-02,22.0,32.3,75.6,0.0,22.3,228.9,Seedling,2,0.09,0.01
III,Pampanga,Arayat,2020-06-03,22.1,31.6,77.1,0.0,22.3,210.8,Seedling,2,0.19,0.09
III,Pampanga,Arayat,2020-06-04,23.2,32.0,85.5,16.7,24.7,185.5,Seedling,2,1.03,0.03
III,Pampanga,Arayat,2020-06-05,23.3,33.9,83.6,4.6,25.3,203.1,Seedling,4,0.53,0.21
III,Pampanga,Arayat,2020-06-06,23.1,32.5,81.2,2.5,24.0,203.4,Seedling,5,0.21,0.0
III,Pampanga,Arayat,2020-06-07,22.4,32.3,74.6,0.0,22.3,209.2,Seedling,3,1.06,0.0
III,Pampanga,Arayat,2020-06-08,23.5,33.5,77.6,0.0,24.0,221.8,Seedling,7,1.05,0.04
III,Pampanga,Arayat,2020-06-09,22.6,34.5,77.2,0.0,24.0,207.6,Seedling,9,0.58,0.08
III,Pampanga,Arayat,2020-06-10,22.4,35.0,77.6,0.0,24.2,190.3,Seedling,13,1.65,0.15
III,Pampanga,Arayat,2020-06-11,22.3,35.9,79.6,1.3,25.0,206.7,Seedling,4,1.64,0.16
III,Pampanga,Arayat,2020-06-12,22.2,34.2,74.8,0.0,23.2,218.2,Seedling,9,2.84,0.02
III,Pampanga,Arayat,2020-06-13,22.8,31.5,79.3,11.3,23.0,194.9,Seedling,11,1.45,0.1
III,Pampanga,Arayat,2020-06-14,22.0,31.9,79.2,0.0,22.8,210.9,Seedling,13,1.01,0.02
III,Pampanga,Arayat,2020-06-15,21.2,30.2,82.7,32.7,22.2,183.2,Seedling,15,0.56,0.09
III,Pampanga,Arayat,2020-06-16,21.9,31.6,82.8,4.4,23.3,202.2,Tillering,44,1.53,0.11
III,Pampanga,Arayat,2020-06-17,22.2,31.82,79.1,0.0,22.8,216.0,Tillering,42,1.44,0.09
III,Pampanga,Arayat,2020-06-18,24.0,32.04,84.7,3.8,24.9,198.3,Tillering,41,0.59,0.01
III,Pampanga,Arayat,2020-06-19,23.5,32.260000000000005,81.7,0.0,23.7,211.5,Tillering,40,0.98,0.11
III,Pampanga,Arayat,2020-06-20,24.2,32.480000000000004,84.1,0.0,24.1,208.9,Tillering,38,0.14,0.07
III,Pampanga,Arayat,2020-06-21,24.0,32.7,81.6,0.0,24.7,210.5,Tillering,36,0.0,0.22
III,Pampanga,Arayat,2020-06-22,23.5,32.3,80.1,0.0,23.9,209.8,Tillering,35,0.23,0.2
III,Pampanga,Arayat,2020-06-23,23.2,33.5,76.1,0.0,23.6,193.1,Tillering,33,0.17,0.0
III,Pampanga,Arayat,2020-06-24,23.9,33.3,75.4,0.0,23.7,207.2,Tillering,32,0.9,0.0
III,Pampanga,Arayat,2020-06-25,23.8,35.1,74.8,0.0,24.4,214.5,Tillering,32,0.08,0.0
III,Pampanga,Arayat,2020-06-26,24.4,33.9,80.6,18.9,25.3,175.5,Tillering,37,0.72,0.04
III,Pampanga,Arayat,2020-06-27,24.3,34.0,80.7,0.0,25.3,209.8,Tillering,33,0.0,0.0
III,Pampanga,Arayat,2020-06-28,23.5,33.4,79.8,0.0,24.4,207.4,Tillering,35,0.0,0.09
III,Pampanga,Arayat,2020-06-29,24.9,31.6,81.1,0.0,24.5,209.0,Tillering,35,0.74,0.08
III,Pampanga,Arayat,2020-06-30,23.9,28.1,87.1,143.5,23.4,152.1,Tillering,38,0.25,0.01
III,Pampanga,Arayat,2020-07-01,24.1,30.1,86.7,18.8,23.53333333333333,180.3,Tillering,26,0.278,0.08
III,Pampanga,Arayat,2020-07-02,23.7,31.8,85.5,6.5,23.666666666666664,203.4,Tillering,38,0.306,0.02
III,Pampanga,Arayat,2020-07-03,23.3,30.8,82.1,20.4,23.799999999999997,175.7,Tillering,38,0.334,0.2
III,Pampanga,Arayat,2020-07-04,23.7,31.9,78.2,0.0,23.933333333333334,193.6,Tillering,33,0.362,0.12
III,Pampanga,Arayat,2020-07-05,23.6,30.8,79.8,0.0,24.066666666666666,196.1,Tillering,24,0.39,0.07
III,Pampanga,Arayat,2020-07-06,23.4,32.9,80.3,0.0,24.2,197.2,Tillering,34,0.34,0.11
III,Pampanga,Arayat,2020-07-07,23.5,31.8,88.4,13.6,25.3,189.4,Tillering,32,0.0,0.0
III,Pampanga,Arayat,2020-07-08,24.7,32.6,84.8,0.0,25.6,214.6,Tillering,41,0.1,0.16
III,Pampanga,Arayat,2020-07-09,24.5,31.4,89.0,18.9,25.8,204.7,Tillering,51,0.39,0.25
III,Pampanga,Arayat,2020-07-10,24.5,32.3,85.7,4.3,25.5,187.7,Tillering,65,0.59,0.12
III,Pampanga,Arayat,2020-07-11,24.4,34.1,80.7,0.0,25.4,195.4,Tillering,53,0.54,0.19
III,Pampanga,Arayat,2020-07-12,23.4,32.3,86.7,12.4,25.2,195.2,Elongation,48,0.98,0.0
III,Pampanga,Arayat,2020-07-13,23.7,33.4,85.5,2.9,25.6,184.1,Elongation,38,0.72,0.1
III,Pampanga,Arayat,2020-07-14,23.6,33.2,88.8,1.2,26.2,206.5,Elongation,43,0.52,0.1
III,Pampanga,Arayat,2020-07-15,23.6,31.8,86.6,17.3,25.0,179.3,Elongation,45,0.95,0.06
III,Pampanga,Arayat,2020-07-16,24.9,33.4,85.3,14.7,26.2,188.6,Elongation,38,0.52,0.13
III,Pampanga,Arayat,2020-07-17,25.4,32.8,87.0,2.1,26.5,185.4,Elongation,56,1.42,0.11
III,Pampanga,Arayat,2020-07-18,24.8,31.1,85.7,32.0,25.1,174.5,Elongation,45,1.26,0.11
III,Pampanga,Arayat,2020-07-19,24.7,32.4,79.8,0.0,24.5,203.1,Elongation,38,0.97,0.15
III,Pampanga,Arayat,2020-07-20,23.2,34.1,78.6,0.0,24.4,195.3,Elongation,38,0.65,0.2
III,Pampanga,Arayat,2020-07-21,23.2,33.9,81.7,3.9,24.9,190.8,Elongation,38,2.03,0.09
III,Pampanga,Arayat,2020-07-22,22.4,34.4,79.6,2.7,24.3,204.2,Elongation,33,2.65,0.06
III,Pampanga,Arayat,2020-07-23,23.6,33.8,79.3,0.0,24.6,209.5,Elongation,27,4.01,0.08
III,Pampanga,Arayat,2020-07-24,23.1,33.1,80.675,8.4,25.5,193.6,Elongation,25,2.55,0.11
III,Pampanga,Arayat,2020-07-25,22.4,32.7,82.05,201.6,24.2,141.0,Elongation,19,2.89,0.0
III,Pampanga,Arayat,2020-07-26,22.8,34.0,83.425,17.6,25.0,165.8,Elongation,24,2.44,0.03
III,Pampanga,Arayat,2020-07-27,23.4,35.5,84.8,3.0,26.4,206.7,Elongation,23,3.95,0.14
III,Pampanga,Arayat,2020-07-28,23.9,33.0,85.1,14.1,25.5,185.2,Elongation,9,3.23,0.02
III,Pampanga,Arayat,2020-07-29,23.3,34.5,80.8,0.0,25.1,199.9,Elongation,11,4.5,0.19
III,Pampanga,Arayat,2020-07-30,22.9,32.1,84.4,21.9,24.4,186.1,Elongation,10,3.87,0.0
III,Pampanga,Arayat,2020-07-31,22.7,33.2,82.0,0.8,24.4,200.8,Elongation,6,4.41,0.15
III,Pampanga,Arayat,2020-08-01,22.5,33.0,84.8,6.9,24.7,179.4,Elongation,3,4.73,0.22
III,Pampanga,Arayat,2020-08-02,23.4,33.1,80.1,0.0,24.3,184.0,Panicle,4,0.06,8.0
III,Pampanga,Arayat,2020-08-03,22.3,31.9,86.4,14.3,24.4,198.4,Panicle,4,0.07,7.61
III,Pampanga,Arayat,2020-08-04,21.8,32.4,83.0,0.0,23.7,200.5,Panicle,4,0.07,5.71
III,Pampanga,Arayat,2020-08-05,23.1,32.9,82.3,0.0,24.5,201.7,Panicle,6,0.0,5.46
III,Pampanga,Arayat,2020-08-06,23.7,32.0,83.5,0.0,24.6,216.2,Panicle,8,0.13,4.72
III,Pampanga,Arayat,2020-08-07,23.6,32.2,82.2,0.0,24.3,197.3,Panicle,6,0.15,3.4
III,Pampanga,Arayat,2020-08-08,23.3,31.9,85.4,14.4,24.7,189.7,Panicle,9,0.0,3.1
III,Pampanga,Arayat,2020-08-09,23.6,32.0,82.5,7.2,24.3,194.3,Panicle,4,0.0,2.78
III,Pampanga,Arayat,2020-08-10,23.2,32.9,84.5,6.9,24.9,188.1,Panicle,3,0.16,1.38
III,Pampanga,Arayat,2020-08-11,23.0,33.9,85.5,11.9,25.6,190.2,Panicle,7,0.07,2.41
III,Pampanga,Arayat,2020-08-12,23.8,34.0,81.1,2.2,25.1,184.0,Panicle,6,0.0,1.74
III,Pampanga,Arayat,2020-08-13,25.0,34.0,77.7,0.0,25.0,198.7,Panicle,3,0.03,3.26
III,Pampanga,Arayat,2020-08-14,24.6,32.2,82.4,9.7,24.9,190.7,Panicle,3,0.14,1.75
III,Pampanga,Arayat,2020-08-15,23.6,29.5,83.9,39.6,23.3,165.4,Panicle,2,0.13,1.78
III,Pampanga,Arayat,2020-08-16,24.9,32.2,79.1,0.0,24.4,188.3,Panicle,3,0.18,0.38
III,Pampanga,Arayat,2020-08-17,23.6,31.9,83.9,30.0,24.5,172.3,Flowering,1,0.07,0.11
III,Pampanga,Arayat,2020-08-18,24.2,35.1,80.9,0.0,25.8,205.5,Flowering,0,0.32,0.73
III,Pampanga,Arayat,2020-08-19,24.3,34.5,76.6,0.0,24.7,197.3,Flowering,2,0.12,0.82
III,Pampanga,Arayat,2020-08-20,23.3,31.4,81.8,102.4,23.7,145.7,Flowering,3,0.2,0.79
III,Pampanga,Arayat,2020-08-21,23.9,33.5,81.8,0.0,25.1,191.4,Flowering,2,0.0,0.79
III,Pampanga,Arayat,2020-08-22,23.1,33.7,81.4,0.0,24.7,201.5,Flowering,3,0.06,1.88
III,Pampanga,Arayat,2020-08-23,22.8,32.7,86.7,5.1,25.1,188.4,Flowering,0,0.15,2.34
III,Pampanga,Arayat,2020-08-24,22.2,31.9,86.0,0.0,24.2,190.6,Flowering,2,0.06,0.87
III,Pampanga,Arayat,2020-08-25,22.7,31.6,86.7,6.1,24.5,194.7,Flowering,1,0.17,1.83
III,Pampanga,Arayat,2020-08-26,23.5,33.9,81.4,0.0,25.0,203.1,Flowering,1,0.13,0.29
III,Pampanga,Arayat,2020-08-27,23.3,34.6,87.3,7.9,26.4,194.0,Flowering,5,0.07,1.62
III,Pampanga,Arayat,2020-08-28,23.8,32.5,85.6,11.0,25.3,192.2,Flowering,1,0.14,1.07
III,Pampanga,Arayat,2020-08-29,24.6,33.4,81.4,0.0,25.3,192.3,Flowering,0,0.12,1.84
III,Pampanga,Arayat,2020-08-30,24.2,34.5,81.8,1.0,25.7,188.1,Flowering,2,0.03,1.84
III,Pampanga,Arayat,2020-08-31,23.5,33.9,84.3,9.4,25.6,181.3,Flowering,2,0.19,2.76
III,Pampanga,Arayat,2020-09-01,23.7,33.8,81.2,13.2,25.0,175.6,Flowering,1,0.11,2.02
III,Pampanga,Arayat,2020-09-02,23.3,32.8,79.8,6.3,24.0,181.7,Ripening,0,0.05,0.33
III,Pampanga,Arayat,2020-09-03,23.0,32.6,81.3,9.9,24.1,187.79999999999998,Ripening,1,0.0,0.43
III,Pampanga,Arayat,2020-09-04,23.4,33.2,82.2,9.0,24.7,193.89999999999998,Ripening,2,0.06,2.55
III,Pampanga,Arayat,2020-09-05,23.5,33.3,83.03333333333333,6.5,25.0,200.0,Ripening,1,0.04,0.12
III,Pampanga,Arayat,2020-09-06,24.8,32.5,83.86666666666667,2.1,25.2,206.1,Ripening,1,0.04,0.8
III,Pampanga,Arayat,2020-09-07,24.7,34.3,84.7,10.2,26.4,188.6,Ripening,0,0.0,1.52
III,Pampanga,Arayat,2020-09-08,25.5,34.4,84.0,0.0,26.8,186.6,Ripening,0,0.0,1.05
III,Pampanga,Arayat,2020-09-09,25.0,34.0,84.5,0.0,26.4,196.8,Ripening,0,0.11,2.78
III,Pampanga,Arayat,2020-09-10,24.1,32.4,86.3,23.7,25.5,162.8,Ripening,2,0.11,2.6639999999999997
III,Pampanga,Arayat,2020-09-11,24.8,31.7,85.8,4.2,25.4,198.6,Ripening,0,0.0,2.548
III,Pampanga,Arayat,2020-09-12,24.1,30.6,85.2,45.7,24.4,159.5,Ripening,2,0.25,2.432
III,Pampanga,Arayat,2020-09-13,25.1,33.4,78.9,0.0,25.0,203.2,Ripening,0,0.0,2.3160000000000003
III,Pampanga,Arayat,2020-09-14,24.3,33.0,77.7,0.0,24.2,200.1,Ripening,0,0.12,2.2
III,Pampanga,Arayat,2020-09-15,24.2,31.9,75.4,0.0,23.1,207.9,Ripening,1,0.11,1.7333333333333334
III,Pampanga,Arayat,2020-09-16,24.6,31.7,78.8,0.0,23.9,191.3,Ripening,1,0.08,1.2666666666666666
III,Pampanga,Arayat,2020-09-17,23.8,31.1,86.5,1.5666666666666667,24.8,164.9,Ripening,1,0.0,0.8
III,Pampanga,Arayat,2020-09-18,25.3,32.9,84.4,3.1333333333333333,26.0,186.9,Ripening,1,0.01,1.16
III,Pampanga,Arayat,2020-09-19,25.5,33.1,84.4,4.7,26.2,216.5,Ripening,0,0.18,0.88
III,Pampanga,Arayat,2020-09-20,24.3,33.1,82.5,6.266666666666667,25.2,193.2,Ripening,0,0.0,1.2
III,Pampanga,Arayat,2020-09-21,24.0,33.3,83.9,7.833333333333333,25.4,196.0,Ripening,0,0.08,1.03
III,Pampanga,Arayat,2020-09-22,24.8,33.7,85.4,9.4,26.3,171.9,Ripening,0,0.24,0.0
III,Pampanga,Arayat,2020-09-23,25.7,34.9,85.4,0.0,27.4,208.5,Ripening,0,0.23,1.45
III,Pampanga,Arayat,2020-09-24,24.9,35.8,86.4,2.875,27.6,190.1,Ripening,0,0.11,0.49
III,Pampanga,Arayat,2020-09-25,25.7,35.0,83.8,5.75,27.1,187.7,Ripening,1,0.12,1.7
III,Pampanga,Arayat,2020-09-26,26.0,34.4,82.86666666666666,8.625,27.1,201.3,Ripening,2,0.01,2.42
III,Pampanga,Arayat,2020-09-27,25.1,33.2,81.93333333333334,11.5,26.5,197.8,Ripening,0,0.16,1.06
III,Pampanga,Arayat,2020-09-28,23.7,32.0,81.0,15.6,25.0,186.9,Ripening,0,0.16,0.03
III,Pampanga,Arayat,2020-09-29,24.0,33.5,80.06666666666666,0.0,24.7,206.7,Ripening,0,0.07,0.11
III,Pampanga,Arayat,2020-09-30,23.1,34.4,79.13333333333334,0.0,24.0,189.9,Ripening,0,0.16,0.23
III,Pampanga,Arayat,2020-10-01,23.8,32.8,78.2,0.0,23.9,203.1,Ripening,0,0.0,0.26
III,Pampanga,Arayat,2020-10-02,24.4,31.3,78.7,0.0,23.78333333333333,199.5,Ripening,0,0.12,0.07
III,Pampanga,Arayat,2020-10-03,24.7,31.7,85.5,8.9,23.666666666666664,190.4,Ripening,0,0.0,0.11
III,Pampanga,Arayat,2020-10-04,24.4,33.2,79.9,0.0,23.549999999999997,192.4,Ripening,0,0.2,0.06
III,Pampanga,Arayat,2020-10-05,23.9,31.3,82.5,4.0,23.433333333333334,207.2,Ripening,1,0.11,0.05
III,Pampanga,Arayat,2020-10-06,22.9,31.9,82.3,5.3,23.316666666666666,203.9,Ripening,0,0.12,0.08
III,Pampanga,Arayat,2020-10-07,21.5,31.5,83.4,20.4,23.2,195.1,Ripening,0,0.25,0.2
III,Pampanga,Arayat,2020-10-08,21.1,32.2,84.02000000000001,27.2,23.4,186.9,Ripening,0,0.03,0.17
III,Pampanga,Arayat,2020-10-09,23.2,33.3,84.64,0.0,23.9,201.1,Ripening,0,0.09,0.0
III,Pampanga,Arayat,2020-10-10,23.8,33.4,85.26,0.0,24.2,201.2,Ripening,1,0.01,0.01
III,Pampanga,Arayat,2020-10-11,23.1,33.2,85.88,22.0,25.0,182.9,Ripening,0,0.08,0.17
III,Pampanga,Arayat,2020-10-12,24.0,32.9,86.5,8.5,25.8,179.0,Ripening,0,0.04,0.14166666666666666
III,Pampanga,Arayat,2020-10-13,23.9,33.8,79.7,0.0,24.8,193.7,Ripening,0,0.15,0.11333333333333334
III,Pampanga,Arayat,2020-10-14,23.0,33.86666666666667,81.1,0.0,24.5,213.2,Ripening,0,0.11,0.085
III,Pampanga,Arayat,2020-10-15,22.9,33.93333333333333,85.0,6.5,24.6,194.7,Ripening,0,0.16,0.05666666666666667
III,Pampanga,Arayat,2020-10-16,23.2,34.0,86.5,14.1,25.0,194.5,Ripening,0,0.09,0.02833333333333335
III,Pampanga,Arayat,2020-10-17,24.3,34.06666666666667,87.2,5.8,26.6,204.5,Ripening,0,0.08,0.0
III,Pampanga,Arayat,2020-10-18,24.9,34.13333333333333,87.2,10.6,26.7,183.6,Ripening,0,0.24,0.08
III,Pampanga,Arayat,2020-10-19,24.6,34.2,84.2,5.3,26.35,209.0,Ripening,0,0.0,0.13
III,Pampanga,Arayat,2020-10-20,25.6,32.2,79.2,0.0,26.0,202.3,Ripening,0,0.0,0.12
III,Pampanga,Arayat,2020-10-21,25.1,32.9,78.9,0.0,25.65,194.3,Ripening,0,0.22,0.09
III,Pampanga,Arayat,2020-10-22,24.9,31.4,86.0,13.3,25.3,189.7,Ripening,0,0.17,0.06
III,Pampanga,Arayat,2020-10-23,24.2,32.2,85.8,4.0,25.4,198.8,Ripening,0,0.12,0.03
III,Pampanga,Arayat,2020-10-24,23.7,34.2,83.5,0.0,25.6,205.7,Ripening,0,0.0,0.0
III,Pampanga,Arayat,2020-10-25,23.6,32.9,79.5,0.0,24.2,200.9,Ripening,0,0.08,0.0275
III,Pampanga,Arayat,2020-10-26,22.8,33.1,76.5,0.0,23.3,198.0,Ripening,0,0.09,0.055
III,Pampanga,Arayat,2020-10-27,22.8,33.3,76.7,0.0,23.4,200.2,Ripening,0,0.03,0.0825
III,Pampanga,Arayat,2020-10-28,23.2,33.1,82.4,5.8,24.6,212.6,Ripening,0,0.03,0.11
III,Pampanga,Arayat,2020-10-29,22.7,31.2,81.2,13.2,23.2,201.1,Ripening,0,0.0225,0.0
III,Pampanga,Arayat,2020-10-30,22.2,32.5,82.5,5.8,23.8,194.2,Ripening,0,0.015,0.13
III,Pampanga,Arayat,2020-10-31,22.0,31.7,79.9,0.0,22.8,204.2,Ripening,0,0.0075,0.16
III,Pampanga,Arayat,2020-11-01,22.2,30.7,81.7,10.1,22.8,180.5,Seedling,0,0.0,0.29
III,Pampanga,Arayat,2020-11-02,22.5,28.2,80.4,131.2,21.4,159.0,Seedling,0,0.09,0.05
III,Pampanga,Arayat,2020-11-03,23.9,31.5,73.8,0.0,22.5,218.0,Seedling,0,0.12,0.09
III,Pampanga,Arayat,2020-11-04,24.1,32.4,73.6,0.0,23.0,213.4,Seedling,0,0.13,0.19
III,Pampanga,Arayat,2020-11-05,24.2,32.6,71.4,0.0,22.7,206.7,Seedling,1,0.1,0.05
III,Pampanga,Arayat,2020-11-06,24.2,33.7,78.9,2.9,24.7,191.1,Seedling,0,0.05,0.19
III,Pampanga,Arayat,2020-11-07,23.8,34.6,83.1,2.0,25.8,207.4,Seedling,0,0.07,0.17
III,Pampanga,Arayat,2020-11-08,23.5,32.8,81.4,17.7,24.4,187.1,Seedling,0,0.04,0.06
III,Pampanga,Arayat,2020-11-09,23.8,33.2,78.6,0.0,24.2,215.5,Seedling,0,0.06,0.07
III,Pampanga,Arayat,2020-11-10,23.4,34.0,83.7,1.8,24.22,210.3,Seedling,0,0.1,0.07
III,Pampanga,Arayat,2020-11-11,23.5,35.3,76.0,0.0,24.24,213.2,Seedling,0,0.06,0.06
III,Pampanga,Arayat,2020-11-12,22.4,33.1,82.7,27.2,24.26,191.3,Seedling,0,0.07,0.06
III,Pampanga,Arayat,2020-11-13,23.8,34.1,79.0,8.6,24.28,204.1,Seedling,0,0.12,0.1
III,Pampanga,Arayat,2020-11-14,24.5,34.7,73.7,0.0,24.3,209.3,Seedling,0,0.17,0.0
III,Pampanga,Arayat,2020-11-15,25.0,34.6,73.7,0.0,24.5,192.3,Seedling,0,0.02,0.08
III,Pampanga,Arayat,2020-11-16,23.6,35.9,73.7,0.0,24.5,210.5,Seedling,0,0.11,0.04
III,Pampanga,Arayat,2020-11-17,23.9,34.9,75.6,0.0,24.5,196.8,Seedling,0,0.1,0.2
III,Pampanga,Arayat,2020-11-18,24.0,32.8,74.9,4.9,23.4,195.2,Seedling,0,0.01,0.32
III,Pampanga,Arayat,2020-11-19,24.4,33.3,75.5,0.0,23.9,216.6,Seedling,0,0.21,0.12
III,Pampanga,Arayat,2020-11-20,23.6,32.2,80.0,10.1,23.9,192.2,Seedling,0,0.11,0.03
III,Pampanga,Arayat,2020-11-21,23.8,32.2,77.2,0.0,23.4,192.8,Seedling,0,0.02,0.02
III,Pampanga,Arayat,2020-11-22,22.5,31.9,79.8,18.1,23.2,204.1,Seedling,0,0.09,0.14
III,Pampanga,Arayat,2020-11-23,22.4,31.7,78.0,15.4,23.28,195.7,Seedling,0,0.0,0.08
III,Pampanga,Arayat,2020-11-24,22.7,32.8,73.7,0.0,23.36,210.8,Seedling,0,0.17,0.26
III,Pampanga,Arayat,2020-11-25,23.2,33.2,74.3,0.0,23.44,204.6,Seedling,0,0.04,0.13
III,Pampanga,Arayat,2020-11-26,24.0,33.6,74.9,0.0,23.52,212.9,Seedling,0,0.15,0.01
III,Pampanga,Arayat,2020-11-27,23.9,33.0,76.0,2.8,23.6,209.1,Seedling,0,0.17,0.0
III,Pampanga,Arayat,2020-11-28,23.8,33.3,73.4,0.0,23.2,208.7,Seedling,0,0.09,0.09
III,Pampanga,Arayat,2020-11-29,23.9,32.0,81.6,4.5,24.3,214.8,Seedling,0,0.1,0.08
III,Pampanga,Arayat,2020-11-30,25.0,32.9,78.8,11.1,24.7,209.1,Seedling,0,0.07,0.01
III,Pampanga,Arayat,2020-12-01,24.9,33.2,75.4,0.0,24.1,214.9,Seedling,0,0.19,0.2
III,Pampanga,Arayat,2020-12-02,25.1,33.1,76.3,0.0,24.4,222.8,Seedling,0,0.12,0.04
III,Pampanga,Arayat,2020-12-03,25.0,32.7,76.4,0.0,24.1,223.2,Seedling,0,0.02,0.1
III,Pampanga,Arayat,2020-12-04,24.8,32.6,76.6,0.0,24.0,206.8,Seedling,0,0.09,0.03
III,Pampanga,Arayat,2020-12-05,24.0,34.1,76.7,10.9,24.4,207.3,Seedling,0,0.0,0.04
III,Pampanga,Arayat,2020-12-06,24.5,34.0,74.2,0.0,24.1,219.4,Seedling,0,0.3,0.17
III,Pampanga,Arayat,2020-12-07,23.5,31.5,75.3,25.4,22.6,189.2,Seedling,1,0.0,0.0
III,Pampanga,Arayat,2020-12-08,23.5,33.8,71.0,0.0,22.8,228.8,Seedling,1,0.0,0.09
III,Pampanga,Arayat,2020-12-09,23.6,34.2,70.8,0.0,23.1,210.2,Seedling,0,0.0,0.06
III,Pampanga,Arayat,2020-12-10,24.0,33.7,69.9,0.0,22.8,198.2,Seedling,0,0.77,0.0
III,Pampanga,Arayat,2020-12-11,23.9,31.9,68.3,0.0,21.6,217.8,Seedling,1,1.05,0.07
III,Pampanga,Arayat,2020-12-12,24.2,31.2,67.6,0.0,21.2,224.5,Seedling,0,0.0,0.05
III,Pampanga,Arayat,2020-12-13,23.2,32.1,77.2,2.1,23.1,216.4,Seedling,0,0.94,0.13
III,Pampanga,Arayat,2020-12-14,22.8,33.9,74.1,0.0,23.2,226.3,Seedling,2,0.0,0.16
III,Pampanga,Arayat,2020-12-15,22.8,34.4,77.3,0.0,24.1,229.3,Seedling,1,0.54,0.07
III,Pampanga,Arayat,2020-12-16,23.5,33.3,80.4,0.0,24.5,226.8,Seedling,0,0.56,0.0
III,Pampanga,Arayat,2020-12-17,22.7,32.6,83.2,0.0,24.3,205.5,Seedling,0,0.22,0.08
III,Pampanga,Arayat,2020-12-18,22.5,32.8,84.6,6.8,24.6,195.5,Seedling,5,0.41,0.24
III,Pampanga,Arayat,2020-12-19,22.5,33.2,75.4,0.0,22.9,214.5,Seedling,2,1.14,0.23
III,Pampanga,Arayat,2020-12-20,22.8,31.7,76.8,0.0,22.6,211.0,Seedling,2,0.0,0.22333333333333333
III,Pampanga,Arayat,2020-12-21,22.4,32.5,75.7,0.0,22.6,226.5,Tillering,2,0.82,0.21666666666666667
III,Pampanga,Arayat,2020-12-22,21.9,32.9,74.9,0.0,22.4,215.9,Tillering,2,0.24,0.21000000000000002
III,Pampanga,Arayat,2020-12-23,22.9,32.9,78.3,3.2,23.6,221.2,Tillering,3,1.41,0.20333333333333334
III,Pampanga,Arayat,2020-12-24,23.6,33.8,73.1,0.0,23.3,213.9,Tillering,1,0.0,0.19666666666666666
III,Pampanga,Arayat,2020-12-25,24.3,32.0,75.0,0.0,23.2,209.5,Tillering,5,0.0,0.19
III,Pampanga,Arayat,2020-12-26,24.6,32.2,70.8,0.0,22.6,216.7,Tillering,1,0.55,0.01
III,Pampanga,Arayat,2020-12-27,24.1,31.9,74.6,0.0,22.9,208.7,Tillering,1,0.22,0.22
III,Pampanga,Arayat,2020-12-28,24.4,32.8,75.5,0.0,23.7,214.0,Tillering,2,0.0,0.15
III,Pampanga,Arayat,2020-12-29,23.7,32.1,78.8,9.2,23.7,202.7,Tillering,8,0.25,0.16
III,Pampanga,Arayat,2020-12-30,24.3,33.3,74.8,0.0,23.8,211.1,Tillering,3,0.22,0.13
III,Pampanga,Arayat,2020-12-31,24.8,33.2,76.3,0.0,24.3,197.8,Tillering,2,0.0,0.16
III,Pampanga,Arayat,2021-01-01,25.2,32.9,74.4,0.0,23.9,225.4,Tillering,3,0.12,0.0
III,Pampanga,Arayat,2021-01-02,23.5,31.1,78.8,13.8,23.1,206.8,Tillering,2,0.1,0.1
III,Pampanga,Arayat,2021-01-03,23.8,31.9,77.2,10.350000000000001,23.3,218.7,Tillering,0,0.19,0.01
III,Pampanga,Arayat,2021-01-04,23.5,32.9,77.0,6.9,23.6,215.3,Tillering,2,0.32,0.09
III,Pampanga,Arayat,2021-01-05,23.6,31.6,78.4,3.4499999999999993,23.3,232.0,Tillering,2,1.06,0.14
III,Pampanga,Arayat,2021-01-06,23.1,31.4,78.5,0.0,23.0,223.3,Tillering,2,0.59,0.27
III,Pampanga,Arayat,2021-01-07,24.0,31.9,81.8,12.7,24.3,197.0,Tillering,5,0.0,0.03
III,Pampanga,Arayat,2021-01-08,24.1,33.7,75.9,0.0,24.1,219.3,Tillering,4,0.5,0.04
III,Pampanga,Arayat,2021-01-09,24.1,31.9,81.0,29.8,24.2,187.1,Tillering,13,0.13,0.044
III,Pampanga,Arayat,2021-01-10,24.7,33.6,72.2,0.0,23.6,215.5,Tillering,11,0.12,0.048
III,Pampanga,Arayat,2021-01-11,23.4,33.6,72.32000000000001,0.0,23.8,209.9,Tillering,13,0.46,0.052
III,Pampanga,Arayat,2021-01-12,22.5,34.0,72.44,8.3,24.5,221.9,Tillering,11,0.0,0.055999999999999994
III,Pampanga,Arayat,2021-01-13,22.3,33.7,72.56,0.0,22.8,217.4,Tillering,10,0.24,0.06
III,Pampanga,Arayat,2021-01-14,22.9,34.1,72.67999999999999,0.0,22.8,221.7,Tillering,3,1.17,0.01
III,Pampanga,Arayat,2021-01-15,22.7,32.5,72.8,0.0,22.2,221.2,Tillering,5,0.17,0.0
III,Pampanga,Arayat,2021-01-16,22.5,30.5,73.5,0.0,21.2,231.6,Elongation,9,0.86,0.05
III,Pampanga,Arayat,2021-01-17,22.525,30.5,71.4,0.0,20.2,230.6,Elongation,2,0.17,0.051666666666666666
III,Pampanga,Arayat,2021-01-18,22.55,32.1,74.3,0.0,22.0,209.5,Elongation,1,0.36,0.05333333333333334
III,Pampanga,Arayat,2021-01-19,22.575000000000003,31.4,71.4,0.0,21.6,210.2,Elongation,3,1.05,0.055
III,Pampanga,Arayat,2021-01-20,22.6,31.6,74.1,10.1,21.9,221.2,Elongation,4,1.19,0.056666666666666664
III,Pampanga,Arayat,2021-01-21,23.6,31.6,69.2,0.0,21.4,230.8,Elongation,1,0.0,0.058333333333333334
III,Pampanga,Arayat,2021-01-22,22.6,31.8,70.1,0.0,20.7,212.9,Elongation,5,0.78,0.06
III,Pampanga,Arayat,2021-01-23,22.580000000000002,30.8,68.8,0.0,20.0,213.6,Elongation,2,0.0,0.0
III,Pampanga,Arayat,2021-01-24,22.560000000000002,29.5,65.6,0.0,19.3,226.1,Elongation,1,0.46,0.12
III,Pampanga,Arayat,2021-01-25,22.54,29.7,66.8,0.0,19.4,227.8,Elongation,2,0.0,0.06
III,Pampanga,Arayat,2021-01-26,22.52,31.2,69.6,0.0,20.6,213.0,Elongation,0,0.79,0.02
III,Pampanga,Arayat,2021-01-27,22.5,31.4,67.7,0.0,20.5,217.6,Elongation,1,0.21,0.06
III,Pampanga,Arayat,2021-01-28,23.4,30.9,67.3,0.0,20.6,230.7,Elongation,2,1.04,0.21
III,Pampanga,Arayat,2021-01-29,23.0,30.6,76.5,0.0,22.1,208.1,Elongation,2,0.64,0.15
III,Pampanga,Arayat,2021-01-30,23.7,31.4,75.7,0.0,22.7,226.0,Elongation,1,0.37,0.0
III,Pampanga,Arayat,2021-01-31,23.8,30.5,71.3,0.0,21.4,207.2,Elongation,3,0.45,0.17
III,Pampanga,Arayat,2021-02-01,23.5,30.1,76.6,2.0,22.1,222.4,Elongation,2,1.55,0.0
III,Pampanga,Arayat,2021-02-02,22.5,30.1,73.0,0.0,20.9,212.9,Elongation,1,0.0,0.04
III,Pampanga,Arayat,2021-02-03,22.5,30.0,72.1,0.0,20.7,217.3,Elongation,0,0.71,0.02
III,Pampanga,Arayat,2021-02-04,22.6,30.6,73.3,0.0,21.3,213.8,Elongation,0,0.79,0.15
III,Pampanga,Arayat,2021-02-05,22.9,31.2,70.2,0.0,21.1,225.5,Panicle,1,0.0,0.0
III,Pampanga,Arayat,2021-02-06,23.7,31.7,68.3,0.0,21.4,219.2,Panicle,1,0.03,1.04
III,Pampanga,Arayat,2021-02-07,23.5,32.1,70.5,0.0,21.9,223.5,Panicle,0,0.21,1.49
III,Pampanga,Arayat,2021-02-08,23.3,30.6,72.2,0.0,21.4,223.4,Panicle,2,0.11,0.0
III,Pampanga,Arayat,2021-02-09,23.0,32.7,69.2,0.0,21.7,225.6,Panicle,2,0.09,0.52
III,Pampanga,Arayat,2021-02-10,23.0,32.4,75.6,7.5,22.8,214.1,Panicle,0,0.11,0.0
III,Pampanga,Arayat,2021-02-11,23.4,30.4,71.9,0.0,21.3,228.8,Panicle,1,0.18,1.03
III,Pampanga,Arayat,2021-02-12,23.2,28.4,66.7,0.0,19.1,214.3,Panicle,1,0.13,0.07
III,Pampanga,Arayat,2021-02-13,23.2,30.2,64.1,0.0,19.5,232.6,Panicle,3,0.0,1.21
III,Pampanga,Arayat,2021-02-14,22.5,30.8,64.4,0.0,19.5,223.4,Panicle,2,0.04,0.29
III,Pampanga,Arayat,2021-02-15,22.5,32.4,63.8,0.0,20.2,194.5,Panicle,0,0.0,0.69
III,Pampanga,Arayat,2021-02-16,22.2,31.9,63.9,0.0,19.8,217.1,Panicle,1,0.04,1.76
III,Pampanga,Arayat,2021-02-17,21.7,32.3,64.5,0.0,19.9,226.1,Panicle,0,0.07,2.1
III,Pampanga,Arayat,2021-02-18,21.8,32.2,65.3,0.0,20.1,221.8,Panicle,0,0.08,0.79
III,Pampanga,Arayat,2021-02-19,22.5,33.6,68.1,0.0,21.7,233.3,Panicle,2,0.15,1.2
III,Pampanga,Arayat,2021-02-20,23.1,32.8,71.6,0.0,22.3,233.1,Panicle,0,0.12,0.26
III,Pampanga,Arayat,2021-02-21,23.5,32.4,69.0,0.0,21.8,215.5,Flowering,1,0.21,0.0
III,Pampanga,Arayat,2021-02-22,23.1,31.3,75.3,0.0,22.3,213.5,Flowering,0,0.01,1.41
III,Pampanga,Arayat,2021-02-23,23.3,31.5,69.8,0.0,21.4,219.2,Flowering,2,0.06,0.86
III,Pampanga,Arayat,2021-02-24,23.0,31.7,69.2,0.0,21.2,226.4,Flowering,1,0.2,0.0
III,Pampanga,Arayat,2021-02-25,22.1,33.3,70.1,0.0,21.7,226.6,Flowering,1,0.02,0.46
III,Pampanga,Arayat,2021-02-26,23.1,32.3,71.2,0.0,21.9,232.4,Flowering,4,0.15,0.71
III,Pampanga,Arayat,2021-02-27,23.3,33.2,75.2,0.0,23.3,213.9,Flowering,1,0.17,2.89
III,Pampanga,Arayat,2021-02-28,22.3,32.7,73.9,0.0,22.3,221.8,Flowering,1,0.12,3.54
III,Pampanga,Arayat,2021-03-01,22.1,31.6,71.7,0.0,21.2,221.4,Flowering,3,0.0,3.06
III,Pampanga,Arayat,2021-03-02,21.8,30.7,71.2,0.0,20.5,236.8,Flowering,3,0.14,3.31
III,Pampanga,Arayat,2021-03-03,22.0,29.9,70.2,0.0,20.0,220.7,Flowering,1,0.07,1.91
III,Pampanga,Arayat,2021-03-04,22.3,28.0,71.9,0.0,19.5,231.0,Flowering,0,0.18,1.34
III,Pampanga,Arayat,2021-03-05,22.6,29.3,77.4,9.3,21.4,240.7,Flowering,1,0.11,0.49
III,Pampanga,Arayat,2021-03-06,23.2,30.4,71.1,0.0,21.0,230.1,Flowering,2,0.12,0.73
III,Pampanga,Arayat,2021-03-07,23.6,29.8,80.0,1.8,22.7,226.1,Flowering,4,0.01,1.2
III,Pampanga,Arayat,2021-03-08,24.6,30.4,74.2,0.0,22.3,233.5,Ripening,5,0.09,0.0
III,Pampanga,Arayat,2021-03-09,24.3,30.2,75.1,0.0,22.3,231.9,Ripening,3,0.1,0.01
III,Pampanga,Arayat,2021-03-10,23.4,28.0,73.1,0.0,20.3,210.9,Ripening,5,0.02,1.29
III,Pampanga,Arayat,2021-03-11,22.4,29.4,75.2,0.0,20.9,216.5,Ripening,8,0.01,0.8
III,Pampanga,Arayat,2021-03-12,22.3,30.9,76.7,0.0,21.9,224.1,Ripening,12,0.0,0.0
III,Pampanga,Arayat,2021-03-13,23.5,31.6,74.1,0.0,22.4,225.5,Ripening,12,0.01,0.0
III,Pampanga,Arayat,2021-03-14,23.8,32.5,76.2,0.0,23.4,233.6,Ripening,12,0.06,0.35
III,Pampanga,Arayat,2021-03-15,22.9,32.6,79.1,0.0,23.6,216.0,Ripening,15,0.0,1.35
III,Pampanga,Arayat,2021-03-16,23.2,31.6,72.2,0.0,21.8,214.9,Ripening,4,0.13,0.71
III,Pampanga,Arayat,2021-03-17,23.2,32.9,71.7,0.0,22.4,234.5,Ripening,12,0.06,0.44
III,Pampanga,Arayat,2021-03-18,23.2,32.9,73.0,0.0,22.6,211.6,Ripening,5,0.13,1.36
III,Pampanga,Arayat,2021-03-19,23.0,33.1,72.7,0.0,22.6,205.6,Ripening,9,0.0,0.66
III,Pampanga,Arayat,2021-03-20,23.9,32.8,69.5,0.0,22.2,223.5,Ripening,5,0.14,0.76
III,Pampanga,Arayat,2021-03-21,23.2,33.2,71.5,0.0,22.5,212.1,Ripening,8,0.01,1.73
III,Pampanga,Arayat,2021-03-22,22.4,32.9,72.925,0.0,22.1,211.9,Ripening,3,0.02,2.33
III,Pampanga,Arayat,2021-03-23,22.8,33.5,74.35,0.0,22.1,227.1,Ripening,8,0.14,4.49
III,Pampanga,Arayat,2021-03-24,22.9,34.4,75.775,0.0,23.2,233.5,Ripening,9,0.06,4.14
III,Pampanga,Arayat,2021-03-25,22.6,34.1,77.2,0.0,23.8,221.9,Ripening,6,0.03,7.08
III,Pampanga,Arayat,2021-03-26,23.2,33.7,75.2,0.0,23.5,227.2,Ripening,3,0.03,7.85
III,Pampanga,Arayat,2021-03-27,24.6,35.0,74.6,0.0,24.7,225.6,Ripening,4,0.14,8.41
III,Pampanga,Arayat,2021-03-28,23.9,34.6,73.1,0.0,23.9,227.5,Ripening,5,0.16,9.0
III,Pampanga,Arayat,2021-03-29,23.7,34.9,70.1,0.0,23.3,221.3,Ripening,3,0.02,9.242
III,Pampanga,Arayat,2021-03-30,23.6,33.5,80.7,15.6,24.7,213.5,Ripening,2,0.11,9.484
III,Pampanga,Arayat,2021-03-31,23.1,33.38333333333333,74.6,8.1,22.7,214.0,Ripening,5,0.05,9.726
III,Pampanga,Arayat,2021-04-01,23.7,33.266666666666666,71.0,0.0,23.1,207.3,Ripening,3,0.09,9.968
III,Pampanga,Arayat,2021-04-02,23.0,33.15,73.8,4.0,23.0,218.5,Ripening,3,0.21,10.21
III,Pampanga,Arayat,2021-04-03,23.5,33.03333333333333,72.3,0.0,23.2,211.5,Ripening,0,0.1,0.15
III,Pampanga,Arayat,2021-04-04,24.5,32.916666666666664,70.7,0.0,23.5,221.7,Ripening,0,0.1,0.14
III,Pampanga,Arayat,2021-04-05,24.1,32.8,71.6,0.0,22.8,224.2,Ripening,0,0.1,0.14
III,Pampanga,Arayat,2021-04-06,24.5,32.9,73.6,0.0,23.4,225.2,Ripening,0,0.16,0.22
III,Pampanga,Arayat,2021-04-07,24.3,31.6,73.1,0.0,22.6,213.4,Ripening,0,0.18,0.1
III,Pampanga,Arayat,2021-04-08,24.7,29.0,72.4,0.0,21.3,219.2,Ripening,0,0.0,0.04
III,Pampanga,Arayat,2021-04-09,25.0,29.7,69.6,0.0,21.3,214.3,Ripening,0,0.0,0.1
III,Pampanga,Arayat,2021-04-10,24.625,31.1,66.9,0.0,21.3,227.3,Ripening,0,0.1,0.0
III,Pampanga,Arayat,2021-04-11,24.25,32.8,70.1,0.0,22.7,219.1,Ripening,0,0.2,0.14
III,Pampanga,Arayat,2021-04-12,23.875,32.7,72.0,0.0,23.3,233.4,Ripening,0,0.12,0.0
III,Pampanga,Arayat,2021-04-13,23.5,32.4,73.5,0.19999999999999998,22.6,217.5,Ripening,0,0.06,0.09
III,Pampanga,Arayat,2021-04-14,23.4,32.7,75.2,0.39999999999999997,23.1,223.6,Ripening,0,0.07,0.07
III,Pampanga,Arayat,2021-04-15,24.0,33.7,75.8,0.6,24.0,219.9,Ripening,0,0.13,0.13
III,Pampanga,Arayat,2021-04-16,23.7,32.8,76.0,0.7999999999999999,23.4,209.0,Ripening,0,0.06,0.02
III,Pampanga,Arayat,2021-04-17,23.2,32.6,81.5,0.9999999999999999,24.2,219.5,Ripening,0,0.09,0.01
III,Pampanga,Arayat,2021-04-18,24.2,32.3,79.4,1.2,24.1,219.2,Ripening,0,0.09,0.19
III,Pampanga,Arayat,2021-04-19,24.9,30.7,76.5,2.4,23.1,214.1,Ripening,0,0.13,0.05
III,Pampanga,Arayat,2021-04-20,23.8,30.5,69.8,0.0,21.1,225.5,Ripening,0,0.07,0.12
III,Pampanga,Arayat,2021-04-21,22.9,31.2,75.7,12.5,22.2,207.3,Ripening,0,0.14,0.02
III,Pampanga,Arayat,2021-04-22,23.0,31.5,72.2,0.0,21.7,221.7,Ripening,0,0.0,0.2
III,Pampanga,Arayat,2021-04-23,23.5,31.8,73.7,0.0,22.4,215.8,Ripening,0,0.02,0.1
III,Pampanga,Arayat,2021-04-24,24.3,31.8,75.9,0.0,23.2,230.8,Ripening,0,0.032,0.01
III,Pampanga,Arayat,2021-04-25,24.4,32.8,75.7,0.0,23.7,198.5,Ripening,0,0.044,0.15
III,Pampanga,Arayat,2021-04-26,23.7,33.6,73.4,0.0,23.3,219.5,Ripening,0,0.05600000000000001,0.18
III,Pampanga,Arayat,2021-04-27,23.5,33.2,76.5,0.0,23.7,212.2,Ripening,0,0.068,0.0
III,Pampanga,Arayat,2021-04-28,23.7,33.2,76.45,0.0,24.0,203.5,Ripening,0,0.08,0.01
III,Pampanga,Arayat,2021-04-29,23.7,32.2,76.4,0.0,24.2,205.2,Ripening,0,0.16,0.02
III,Pampanga,Arayat,2021-04-30,23.7,32.2,76.35,0.0,23.8,219.4,Ripening,0,0.09,0.13
III,Pampanga,Arayat,2021-05-01,24.8,32.2,76.3,0.0,23.8,214.2,Seedling,0,0.03,0.04
III,Pampanga,Arayat,2021-05-02,23.9,32.6,74.6,0.0,23.2,215.4,Seedling,0,0.09,0.09
III,Pampanga,Arayat,2021-05-03,23.4,33.2,76.8,0.0,23.7,216.2,Seedling,0,0.02,0.0
III,Pampanga,Arayat,2021-05-04,23.7,32.4,80.7,4.5,24.2,214.3,Seedling,0,0.02,0.13
III,Pampanga,Arayat,2021-05-05,24.0,33.4,73.9,0.0,23.5,225.2,Seedling,0,0.03,0.14
III,Pampanga,Arayat,2021-05-06,23.5,32.7,74.0,0.0,22.9,214.5,Seedling,0,0.23,0.15
III,Pampanga,Arayat,2021-05-07,24.2,32.7,74.7,0.0,23.4,206.5,Seedling,0,0.01,0.13
III,Pampanga,Arayat,2021-05-08,24.0,31.2,78.4,2.9,23.3,211.3,Seedling,0,0.06,0.02
III,Pampanga,Arayat,2021-05-09,24.1,31.2,76.2,5.6,22.9,197.5,Seedling,0,0.1,0.1
III,Pampanga,Arayat,2021-05-10,24.2,32.0,70.7,0.0,22.2,227.6,Seedling,0,0.07,0.06
III,Pampanga,Arayat,2021-05-11,24.6,32.2,75.9,9.2,23.6,205.4,Seedling,0,0.05,0.13
III,Pampanga,Arayat,2021-05-12,24.4,32.9,73.2,0.0,23.3,228.6,Seedling,0,0.26,0.16
III,Pampanga,Arayat,2021-05-13,23.6,33.2,75.5,0.0,23.5,220.3,Seedling,0,0.03,0.05
III,Pampanga,Arayat,2021-05-14,23.1,32.1,77.2,0.0,23.0,213.1,Seedling,0,0.1,0.13
III,Pampanga,Arayat,2021-05-15,22.1,31.5,82.9,34.3,23.4,180.8,Seedling,0,0.0,0.11
III,Pampanga,Arayat,2021-05-16,22.2,32.5,78.2,0.0,23.0,214.7,Seedling,0,0.09,0.08
III,Pampanga,Arayat,2021-05-17,22.8,32.0,79.1,0.0,23.2,210.6,Seedling,0,0.2,0.02
III,Pampanga,Arayat,2021-05-18,22.4,32.3,78.9,0.0,23.1,209.8,Seedling,0,0.16,0.11
III,Pampanga,Arayat,2021-05-19,22.9,32.7,75.5,0.0,22.9,205.2,Seedling,0,0.01,0.04
III,Pampanga,Arayat,2021-05-20,22.9,32.7,73.3,0.0,22.5,214.6,Seedling,0,0.05,0.11
III,Pampanga,Arayat,2021-05-21,24.0,32.9,71.6,0.0,22.8,215.9,Seedling,0,0.04,0.0
III,Pampanga,Arayat,2021-05-22,23.3,30.9,80.1,7.3,23.1,214.1,Seedling,0,0.04,0.13
III,Pampanga,Arayat,2021-05-23,22.3,29.7,78.4,0.0,21.7,198.3,Seedling,0,0.14,0.13333333333333333
III,Pampanga,Arayat,2021-05-24,22.6,30.6,77.4,0.0,22.1,206.0,Seedling,0,0.06,0.1366666666666667
III,Pampanga,Arayat,2021-05-25,23.2,30.2,79.5,8.7,22.6,205.4,Seedling,0,0.1,0.14
III,Pampanga,Arayat,2021-05-26,23.3,32.1,79.1,0.0,23.5,210.7,Seedling,0,0.09,0.09
III,Pampanga,Arayat,2021-05-27,22.7,31.6,79.0,17.7,23.0,204.9,Seedling,0,0.08,0.15
III,Pampanga,Arayat,2021-05-28,22.3,34.1,75.4,0.0,23.3,205.8,Seedling,0,0.15,0.15
III,Pampanga,Arayat,2021-05-29,23.5,33.1,76.5,0.0,23.6,230.6,Seedling,4,0.0,0.19
III,Pampanga,Arayat,2021-05-30,23.6,33.3,77.18,0.0,23.6,205.3,Seedling,7,0.79,0.14
III,Pampanga,Arayat,2021-05-31,24.1,32.7,77.86,0.0,23.5,205.0,Seedling,5,0.76,0.05
III,Pampanga,Arayat,2021-06-01,23.5,32.0,78.54,1.7,23.4,221.1,Seedling,5,0.9,0.03
III,Pampanga,Arayat,2021-06-02,23.3,31.0,79.22,0.0,23.2,197.9,Seedling,6,0.23,0.15
III,Pampanga,Arayat,2021-06-03,23.1,31.2,79.9,4.9,23.0,203.2,Seedling,7,0.54,0.12
III,Pampanga,Arayat,2021-06-04,22.6,31.4,78.8,0.0,22.8,216.8,Seedling,7,0.96,0.0
III,Pampanga,Arayat,2021-06-05,22.8,32.3,80.3,8.2,23.6,196.7,Seedling,3,0.74,0.11
III,Pampanga,Arayat,2021-06-06,22.8,31.4,74.8,0.3,22.1,200.0,Seedling,2,1.56,0.16
III,Pampanga,Arayat,2021-06-07,22.6,31.4,75.6,0.0,22.1,201.0,Seedling,1,0.36,0.03
III,Pampanga,Arayat,2021-06-08,22.96666666666667,31.1,71.9,0.0,21.7,210.5,Seedling,5,0.19,0.1
III,Pampanga,Arayat,2021-06-09,23.333333333333332,29.9,77.0,18.3,22.2,205.0,Seedling,2,0.09,0.26
III,Pampanga,Arayat,2021-06-10,23.7,31.4,75.3,0.0,22.6,206.3,Seedling,0,0.17,0.0
III,Pampanga,Arayat,2021-06-11,23.8,32.2,77.3,0.0,23.5,215.7,Seedling,0,1.2,0.03
III,Pampanga,Arayat,2021-06-12,23.7,31.4,77.4,0.0,23.0,207.0,Seedling,3,0.44,0.11
III,Pampanga,Arayat,2021-06-13,24.4,30.8,83.8,7.3,24.4,193.5,Seedling,1,0.42,0.09
III,Pampanga,Arayat,2021-06-14,23.9,31.2,83.5,0.0,24.2,206.2,Tillering,10,0.0,0.0
III,Pampanga,Arayat,2021-06-15,22.9,30.6,86.4,53.0,24.0,158.5,Tillering,14,0.86,0.27
III,Pampanga,Arayat,2021-06-16,22.8,32.0,81.3,0.0,23.7,204.9,Tillering,16,0.0,0.04
III,Pampanga,Arayat,2021-06-17,22.9,31.3,80.6,0.0,23.2,201.2,Tillering,22,0.07,0.0
III,Pampanga,Arayat,2021-06-18,23.7,29.8,82.7,51.0,23.3,197.825,Tillering,21,0.0,0.05
III,Pampanga,Arayat,2021-06-19,23.9,31.0,80.0,0.0,23.4,194.45,Tillering,20,0.58,0.0
III,Pampanga,Arayat,2021-06-20,23.759999999999998,30.6,85.1,4.7,23.2,191.075,Tillering,21,0.53,0.22
III,Pampanga,Arayat,2021-06-21,23.619999999999997,30.2,78.0,0.0,22.0,187.7,Tillering,16,0.0,0.0
III,Pampanga,Arayat,2021-06-22,23.48,30.6,79.2,1.6,22.2,205.1,Tillering,25,0.65,0.0
III,Pampanga,Arayat,2021-06-23,23.34,29.7,78.8,16.0,22.3,192.8,Tillering,29,0.0,0.03
III,Pampanga,Arayat,2021-06-24,23.2,31.9,76.4,0.0,22.8,208.1,Tillering,29,2.28,0.06
III,Pampanga,Arayat,2021-06-25,22.8,32.6,80.3,8.2,23.8,205.7,Tillering,35,0.46,0.05
III,Pampanga,Arayat,2021-06-26,24.7,33.7,72.7,0.0,23.7,223.4,Tillering,23,0.12,0.0
III,Pampanga,Arayat,2021-06-27,23.9,34.8,77.2,5.2,24.8,211.9,Tillering,13,0.48,0.06
III,Pampanga,Arayat,2021-06-28,25.3,33.6,76.4,0.0,24.7,204.3,Tillering,13,0.59,0.0
III,Pampanga,Arayat,2021-06-29,24.2,34.2,80.8,0.0,25.4,188.6,Tillering,11,0.81,0.17
III,Pampanga,Arayat,2021-06-30,24.2,33.4,79.3,0.0,24.7,209.1,Tillering,14,0.39,0.15
III,Pampanga,Arayat,2021-07-01,24.3,33.8,81.5,0.0,25.3,196.8,Tillering,14,0.46,0.09
III,Pampanga,Arayat,2021-07-02,22.9,33.5,85.7,6.2,25.3,196.3,Tillering,12,1.92,0.0
III,Pampanga,Arayat,2021-07-03,24.4,35.0,86.5,6.1,27.0,191.1,Tillering,19,2.13,0.19
III,Pampanga,Arayat,2021-07-04,24.7,34.7,83.2,17.8,26.3,188.3,Tillering,7,3.21,0.02
III,Pampanga,Arayat,2021-07-05,24.9,33.5,85.1,11.4,26.2,178.7,Tillering,14,3.75,0.24
III,Pampanga,Arayat,2021-07-06,24.4,33.3,80.9,6.8,25.0,194.2,Tillering,14,4.21,0.0
III,Pampanga,Arayat,2021-07-07,24.7,32.9,74.4,0.0,23.7,190.2,Tillering,12,4.27,0.01
III,Pampanga,Arayat,2021-07-08,25.0,34.8,78.2,5.6,25.5,198.9,Tillering,13,5.87,0.1
III,Pampanga,Arayat,2021-07-09,24.5,33.8,77.6,7.2,24.7,191.0,Elongation,11,9.59,0.06
III,Pampanga,Arayat,2021-07-10,24.0,33.4,81.7,29.5,25.0,175.3,Elongation,17,9.09,0.27
III,Pampanga,Arayat,2021-07-11,24.6,34.7,79.9,2.7,25.6,189.0,Elongation,24,9.56,0.21
III,Pampanga,Arayat,2021-07-12,24.9,33.5,76.2,0.0,24.4,200.1,Elongation,8,8.62,0.16
III,Pampanga,Arayat,2021-07-13,24.0,32.2,82.4,8.0,24.6,183.8,Elongation,15,8.48,0.1
III,Pampanga,Arayat,2021-07-14,25.0,33.5,80.5,2.0,25.4,203.4,Elongation,22,7.48,0.0
III,Pampanga,Arayat,2021-07-15,25.5,33.4,81.3,10.0,25.7,172.9,Elongation,22,8.03,0.06
III,Pampanga,Arayat,2021-07-16,24.7,32.5,81.2,18.4,24.8,188.7,Elongation,13,7.44,0.04
III,Pampanga,Arayat,2021-07-17,24.6,33.3,77.8,0.0,24.5,207.9,Elongation,15,6.49,0.17
III,Pampanga,Arayat,2021-07-18,24.8,32.1,77.9,0.6,24.0,208.6,Elongation,6,6.61,0.21
III,Pampanga,Arayat,2021-07-19,24.9,33.8,77.9,0.0,24.9,206.3,Elongation,1,5.7,0.1
III,Pampanga,Arayat,2021-07-20,24.8,32.3,79.3,21.3,24.4,175.2,Elongation,1,5.37,0.24
III,Pampanga,Arayat,2021-07-21,24.6,33.6,79.3,7.0,25.0,184.6,Elongation,2,4.96,0.0
III,Pampanga,Arayat,2021-07-22,24.3,33.1,77.6,12.1,24.2,180.1,Elongation,5,4.41,0.19
III,Pampanga,Arayat,2021-07-23,23.8,33.8,78.3,0.0,24.5,207.4,Elongation,3,4.85,0.08
III,Pampanga,Arayat,2021-07-24,24.4,32.8,81.2,0.0,24.8,215.1,Elongation,3,3.87,0.09
III,Pampanga,Arayat,2021-07-25,24.2,32.4,84.1,0.0,25.1,201.9,Elongation,5,3.19,0.28
III,Pampanga,Arayat,2021-07-26,24.6,33.7,85.3,0.5,26.2,218.7,Elongation,7,3.0,0.08
III,Pampanga,Arayat,2021-07-27,25.0,33.8,87.2,1.6,26.8,204.1,Elongation,9,3.0,0.04
III,Pampanga,Arayat,2021-07-28,24.1,32.9,85.9,13.6,25.7,190.6,Elongation,8,3.01,0.1
III,Pampanga,Arayat,2021-07-29,24.5,33.5,81.2,0.0,25.2,194.4,Panicle,7,0.12,4.94
III,Pampanga,Arayat,2021-07-30,24.2,33.8,86.1,4.9,26.2,198.1,Panicle,9,0.0,7.16
III,Pampanga,Arayat,2021-07-31,23.9,33.6,82.5,0.0,25.2,194.6,Panicle,8,0.0,5.89
III,Pampanga,Arayat,2021-08-01,25.0,32.8,79.4,0.0,24.8,196.0,Panicle,3,0.04,5.78
III,Pampanga,Arayat,2021-08-02,24.7,33.5,83.9,3.2,25.9,189.3,Panicle,14,0.11,4.77
III,Pampanga,Arayat,2021-08-03,23.7,32.0,85.6,11.2,25.0,187.7,Panicle,9,0.0,4.38
III,Pampanga,Arayat,2021-08-04,23.5,32.5,85.7,5.9,25.1,197.8,Panicle,10,0.0,4.89
III,Pampanga,Arayat,2021-08-05,23.8,32.8,82.4,0.0,24.8,211.2,Panicle,15,0.17,3.9
III,Pampanga,Arayat,2021-08-06,24.2,32.7,81.7,0.0,24.8,190.6,Panicle,23,0.11666666666666667,4.25
III,Pampanga,Arayat,2021-08-07,23.7,32.8,82.06666666666666,0.0,24.6,195.4,Panicle,11,0.06333333333333334,2.94
III,Pampanga,Arayat,2021-08-08,23.8,33.0,82.43333333333334,11.6,25.4,186.0,Panicle,21,0.01,2.83
III,Pampanga,Arayat,2021-08-09,24.0,34.0,82.8,0.0,25.6,192.5,Panicle,18,0.1,4.29
III,Pampanga,Arayat,2021-08-10,24.5,35.3,82.6,0.8,26.4,192.5,Panicle,8,0.09,2.94
III,Pampanga,Arayat,2021-08-11,24.0,36.1,83.0,0.0,26.6,196.3,Panicle,8,0.0,4.23
III,Pampanga,Arayat,2021-08-12,24.4,34.2,83.4,0.0,26.0,190.7,Panicle,11,0.0,3.96
III,Pampanga,Arayat,2021-08-13,23.9,32.1,85.9,31.9,25.2,177.1,Panicle,14,0.23,4.03
III,Pampanga,Arayat,2021-08-14,24.9,32.6,85.3,17.0,25.8,190.1,Flowering,8,0.08,0.65
III,Pampanga,Arayat,2021-08-15,26.2,33.1,78.5,0.0,25.3,204.3,Flowering,10,0.14,1.9
III,Pampanga,Arayat,2021-08-16,24.8,33.1,82.7,16.2,25.5,176.8,Flowering,5,0.07,2.15
III,Pampanga,Arayat,2021-08-17,25.0,33.3,77.5,0.0,24.6,202.7,Flowering,9,0.12,1.2
III,Pampanga,Arayat,2021-08-18,23.7,31.1,81.8,35.3,23.8,165.7,Flowering,9,0.2,1.74
III,Pampanga,Arayat,2021-08-19,24.5,34.4,81.5,2.7,25.8,192.7,Flowering,3,0.01,0.26
III,Pampanga,Arayat,2021-08-20,23.2,32.4,81.7,3.7,25.36,211.4,Flowering,5,0.08,1.19
III,Pampanga,Arayat,2021-08-21,21.9,31.2,81.0,26.0,24.92,162.8,Flowering,6,0.09,0.78
III,Pampanga,Arayat,2021-08-22,22.0,31.7,84.2,8.6,24.48,185.9,Flowering,6,0.0,0.25
III,Pampanga,Arayat,2021-08-23,22.52,32.5,81.8,2.7,24.040000000000003,192.3,Flowering,3,0.11,0.0
III,Pampanga,Arayat,2021-08-24,23.04,31.8,76.7,0.0,23.6,203.5,Flowering,1,0.23,0.5
III,Pampanga,Arayat,2021-08-25,23.560000000000002,32.7,78.2,0.0,24.2,202.5,Flowering,2,0.0,1.13
III,Pampanga,Arayat,2021-08-26,24.080000000000002,30.9,82.0,26.1,23.8,167.1,Flowering,1,0.01,2.0
III,Pampanga,Arayat,2021-08-27,24.6,31.1,83.1,3.7,24.5,180.0,Flowering,1,0.09,0.0
III,Pampanga,Arayat,2021-08-28,24.6,31.4,76.9,0.0,23.4,194.6,Flowering,0,0.1,0.88
III,Pampanga,Arayat,2021-08-29,24.1,30.1,81.7,7.6,23.4,205.6,Ripening,2,0.0,1.42
III,Pampanga,Arayat,2021-08-30,24.6,30.5,76.3,0.0,22.8,213.7,Ripening,2,0.05,1.57
III,Pampanga,Arayat,2021-08-31,24.5,32.4,78.8,0.0,24.4,193.3,Ripening,0,0.15,0.0
III,Pampanga,Arayat,2021-09-01,24.400000000000002,31.0,80.5,16.1,23.8,190.0,Ripening,1,0.09,0.24
III,Pampanga,Arayat,2021-09-02,24.3,31.5,80.5,11.8,24.0,193.1,Ripening,0,0.15,0.79
III,Pampanga,Arayat,2021-09-03,23.8,33.9,78.4,0.0,24.5,203.0,Ripening,0,0.11,0.38
III,Pampanga,Arayat,2021-09-04,23.1,33.1,83.4,0.0,24.8,210.2,Ripening,1,0.03,0.0
III,Pampanga,Arayat,2021-09-05,23.9,31.1,81.5,0.0,23.8,202.5,Ripening,1,0.15,0.87
III,Pampanga,Arayat,2021-09-06,22.8,29.0,86.8,11.3,23.3,203.4,Ripening,0,0.04,0.46
III,Pampanga,Arayat,2021-09-07,22.7,30.4,87.2,11.1,24.0,189.8,Ripening,0,0.13,0.0
III,Pampanga,Arayat,2021-09-08,22.1,31.5,87.7,36.6,24.32,167.8,Ripening,0,0.0,0.02
III,Pampanga,Arayat,2021-09-09,23.8,33.6,80.6,0.0,24.64,197.2,Ripening,1,0.04,0.36
III,Pampanga,Arayat,2021-09-10,24.1,32.2,88.3,5.8,24.96,199.3,Ripening,0,0.07,1.03
III,Pampanga,Arayat,2021-09-11,25.0,32.3,83.5,0.0,25.28,194.7,Ripening,1,0.12,0.83
III,Pampanga,Arayat,2021-09-12,25.2,31.9,85.4,8.4,25.6,183.9,Ripening,0,0.07,1.15
III,Pampanga,Arayat,2021-09-13,25.1,33.0,81.4,0.0,25.3,210.4,Ripening,2,0.05,0.0
III,Pampanga,Arayat,2021-09-14,24.1,33.2,83.1,0.0,25.3,195.2,Ripening,6,0.02,1.02
III,Pampanga,Arayat,2021-09-15,23.3,33.0,88.8,8.7,25.9,189.9,Ripening,1,0.08,0.7
III,Pampanga,Arayat,2021-09-16,23.8,31.7,88.5,13.8,25.4,185.7,Ripening,3,0.03,0.91
III,Pampanga,Arayat,2021-09-17,24.0,33.0,89.6,0.0,26.4,198.9,Ripening,9,0.16,0.0
III,Pampanga,Arayat,2021-09-18,24.7,32.3,89.6,0.9,26.4,194.7,Ripening,6,0.11,1.05
III,Pampanga,Arayat,2021-09-19,23.9,31.3,91.0,18.2,25.8,188.2,Ripening,8,0.18,0.22
III,Pampanga,Arayat,2021-09-20,24.3,31.0,88.5,4.1,25.3,185.4,Ripening,11,0.17,1.67
III,Pampanga,Arayat,2021-09-21,23.8,32.1,84.0,0.0,24.8,214.9,Ripening,7,0.02,1.2
III,Pampanga,Arayat,2021-09-22,23.6,31.3,83.36666666666666,3.5,25.2,189.4,Ripening,7,0.13,0.6
III,Pampanga,Arayat,2021-09-23,23.7,32.8,82.73333333333333,0.0,25.2,209.4,Ripening,0,0.15,0.04
III,Pampanga,Arayat,2021-09-24,23.2,31.6,82.1,0.0,23.8,202.3,Ripening,0,0.05,0.09
III,Pampanga,Arayat,2021-09-25,23.8,31.7,86.8,24.8,25.1,184.1,Ripening,0,0.17,0.12
III,Pampanga,Arayat,2021-09-26,24.5,31.0,82.5,0.0,24.2,202.9,Ripening,0,0.03,0.03
III,Pampanga,Arayat,2021-09-27,24.2,31.5,86.5,14.2,25.2,187.0,Ripening,0,0.11,0.07
III,Pampanga,Arayat,2021-09-28,23.6,31.8,84.6,14.2,24.6,176.0,Ripening,0,0.03,0.1
III,Pampanga,Arayat,2021-09-29,23.0,32.5,84.3,18.1,24.6,188.3,Ripening,0,0.28,0.24
III,Pampanga,Arayat,2021-09-30,23.1,32.3,84.8,3.6,24.7,211.5,Ripening,0,0.08,0.0
III,Pampanga,Arayat,2021-10-01,23.5,33.6,80.1,0.0,24.6,187.8,Ripening,1,0.19,0.15
III,Pampanga,Arayat,2021-10-02,25.4,32.8,80.5,0.0,25.2,191.6,Ripening,0,0.07,0.03
III,Pampanga,Arayat,2021-10-03,25.5,33.8,80.4,0.0,25.7,195.4,Ripening,0,0.05,0.11
III,Pampanga,Arayat,2021-10-04,24.0,34.3,86.2,2.3,26.4,198.4,Ripening,0,0.18,0.26
III,Pampanga,Arayat,2021-10-05,24.4,34.0,80.2,1.9,25.2,192.5,Ripening,0,0.14,0.06
III,Pampanga,Arayat,2021-10-06,24.0,32.9,85.0,7.4,25.4,201.5,Ripening,1,0.15,0.14
III,Pampanga,Arayat,2021-10-07,25.1,32.0,80.8,0.0,24.7,213.0,Ripening,0,0.19,0.11
III,Pampanga,Arayat,2021-10-08,25.4,32.5,86.4,8.9,26.2,199.6,Ripening,0,0.04,0.05
III,Pampanga,Arayat,2021-10-09,25.2,31.1,88.7,14.7,25.9,189.6,Ripening,0,0.1,0.15
III,Pampanga,Arayat,2021-10-10,25.1,31.3,89.3,14.1,26.1,183.0,Ripening,0,0.03,0.1
III,Pampanga,Arayat,2021-10-11,25.2,31.6,88.5,28.7,26.1,174.1,Ripening,0,0.05,0.21
III,Pampanga,Arayat,2021-10-12,25.6,33.7,89.3,2.7,27.5,194.7,Ripening,0,0.11,0.0
III,Pampanga,Arayat,2021-10-13,25.4,34.4,80.7,0.0,26.0,207.7,Ripening,0,0.09,0.08
III,Pampanga,Arayat,2021-10-14,25.3,33.4,81.7,0.0,25.7,189.5,Ripening,0,0.13,0.2
III,Pampanga,Arayat,2021-10-15,23.8,31.7,81.9,0.0,24.1,204.7,Ripening,0,0.1,0.18
III,Pampanga,Arayat,2021-10-16,24.1,30.5,84.9,17.1,24.3,189.4,Ripening,0,0.02,0.1
III,Pampanga,Arayat,2021-10-17,23.8,29.9,84.3,12.600000000000001,23.7,184.4,Ripening,0,0.15,0.01
III,Pampanga,Arayat,2021-10-18,24.0,30.5,85.4,8.1,24.3,191.6,Ripening,0,0.06,0.18
III,Pampanga,Arayat,2021-10-19,23.5,33.9,82.6,3.6,25.2,195.1,Ripening,0,0.15,0.04
III,Pampanga,Arayat,2021-10-20,23.3,33.3,82.7,7.1,24.8,192.2,Ripening,0,0.0,0.2
III,Pampanga,Arayat,2021-10-21,22.1,33.4,80.1,14.0,23.8,186.2,Ripening,0,0.09,0.06
III,Pampanga,Arayat,2021-10-22,23.7,33.5,75.7,0.0,23.7,195.1,Ripening,1,0.072,0.15
III,Pampanga,Arayat,2021-10-23,23.3,32.6,81.7,23.4,24.3,188.4,Ripening,0,0.054,0.22
III,Pampanga,Arayat,2021-10-24,23.0,33.2,78.9,6.4,23.9,177.9,Ripening,0,0.036000000000000004,0.0
III,Pampanga,Arayat,2021-10-25,23.8,34.9,74.5,0.0,24.2,222.2,Ripening,0,0.018000000000000002,0.06
III,Pampanga,Arayat,2021-10-26,22.9,34.0,79.4,81.0,24.3,138.3,Ripening,0,0.0,0.13
III,Pampanga,Arayat,2021-10-27,23.2,35.6,74.9,0.0,24.4,191.6,Ripening,0,0.27,0.08
III,Pampanga,Arayat,2021-10-28,23.4,33.0,75.7,15.1,23.3,178.5,Seedling,0,0.0,0.06
III,Pampanga,Arayat,2021-10-29,21.9,35.5,79.1,2.0,24.5,201.6,Seedling,1,0.14,0.1
III,Pampanga,Arayat,2021-10-30,22.1,34.8,77.9,0.0,24.0,205.8,Seedling,0,0.13,0.24
III,Pampanga,Arayat,2021-10-31,22.6,33.7,78.4,0.0,23.8,196.8,Seedling,0,0.0,0.06
III,Pampanga,Arayat,2021-11-01,23.7,34.9,77.3,0.0,24.8,209.0,Seedling,0,0.0,0.06
III,Pampanga,Arayat,2021-11-02,23.4,34.5,81.3,9.1,25.2,197.6,Seedling,0,0.0,0.23
III,Pampanga,Arayat,2021-11-03,24.3,34.4,86.0,11.1,26.6,196.9,Seedling,0,0.15,0.02
III,Pampanga,Arayat,2021-11-04,22.9,33.4,83.4,0.0,24.8,202.0,Seedling,1,0.0,0.08
III,Pampanga,Arayat,2021-11-05,22.3,32.2,80.2,0.0,23.3,209.7,Seedling,0,0.2,0.17
III,Pampanga,Arayat,2021-11-06,23.4,31.8,80.2,0.0,23.6,205.7,Seedling,0,0.21,0.03
III,Pampanga,Arayat,2021-11-07,24.2,32.4,85.8,12.1,25.5,191.1,Seedling,0,0.05,0.0
III,Pampanga,Arayat,2021-11-08,24.4,32.2,84.9,2.2,25.3,197.2,Seedling,0,0.08,0.01
III,Pampanga,Arayat,2021-11-09,23.1,31.8,74.9,0.0,22.4,217.0,Seedling,0,0.16,0.16
III,Pampanga,Arayat,2021-11-10,23.3,31.1,75.6,41.1,22.3,157.2,Seedling,0,0.08,0.0
III,Pampanga,Arayat,2021-11-11,24.5,33.8,69.8,0.0,23.1,215.1,Seedling,0,0.21,0.27
III,Pampanga,Arayat,2021-11-12,24.175,33.4,70.8,0.0,22.8,208.0,Seedling,0,0.0,0.0
III,Pampanga,Arayat,2021-11-13,23.85,32.2,78.3,11.2,23.4,183.1,Seedling,0,0.08,0.17
III,Pampanga,Arayat,2021-11-14,23.525,32.1,76.2,0.0,22.9,202.8,Seedling,0,0.03,0.1
III,Pampanga,Arayat,2021-11-15,23.2,31.3,79.7,6.6,23.2,204.5,Seedling,1,0.09,0.08
III,Pampanga,Arayat,2021-11-16,22.2,30.8,80.1,17.8,22.5,192.3,Seedling,0,0.03,0.060000000000000005
III,Pampanga,Arayat,2021-11-17,22.6,31.6,76.0,0.9,22.3,212.6,Seedling,0,0.04,0.04000000000000001
III,Pampanga,Arayat,2021-11-18,22.3,32.4,80.8,5.8,23.5,192.3,Seedling,0,0.03,0.020000000000000004
III,Pampanga,Arayat,2021-11-19,22.8,32.4,74.1,0.0,22.4,204.2,Seedling,0,0.14,0.0
III,Pampanga,Arayat,2021-11-20,24.0,31.4,75.7,0.0,22.8,204.6,Seedling,0,0.05,0.09
III,Pampanga,Arayat,2021-11-21,23.6,32.3,77.5,11.8,23.4,205.3,Seedling,0,0.1,0.16
III,Pampanga,Arayat,2021-11-22,24.7,33.2,74.9,0.0,23.9,203.4,Seedling,0,0.08,0.0
III,Pampanga,Arayat,2021-11-23,24.1,33.3,76.8,1.3,24.1,217.0,Seedling,0,0.17,0.0
III,Pampanga,Arayat,2021-11-24,24.0,31.5,75.2,0.0,22.8,209.7,Seedling,0,0.14,0.11
III,Pampanga,Arayat,2021-11-25,24.2,32.5,78.7,0.0,24.1,197.2,Seedling,0,0.01,0.1
III,Pampanga,Arayat,2021-11-26,23.7,33.7,86.0,8.1,25.9,191.4,Seedling,0,0.0,0.01
III,Pampanga,Arayat,2021-11-27,23.78,34.5,81.1,0.0,25.7,205.4,Seedling,0,0.0,0.06
III,Pampanga,Arayat,2021-11-28,23.86,33.9,86.1,4.6,26.6,213.5,Seedling,0,0.08,0.22
III,Pampanga,Arayat,2021-11-29,23.94,32.9,81.4,7.5,24.7,205.5,Seedling,0,0.11,0.02
III,Pampanga,Arayat,2021-11-30,24.02,33.1,78.1,0.0,24.0,205.5,Seedling,0,0.02,0.08
III,Pampanga,Arayat,2021-12-01,24.1,32.2,78.0,0.0,23.8,212.8,Seedling,0,0.13,0.1
III,Pampanga,Arayat,2021-12-02,24.3,33.0,77.4,5.6,24.1,219.1,Seedling,1,0.61,0.12
III,Pampanga,Arayat,2021-12-03,23.3,31.7,72.7,0.0,22.0,209.0,Seedling,0,0.0,0.09
III,Pampanga,Arayat,2021-12-04,22.8,33.1,76.5,0.0,23.3,201.6,Seedling,0,0.88,0.1
III,Pampanga,Arayat,2021-12-05,22.0,32.1,78.8,0.0,22.8,227.9,Seedling,0,1.36,0.09
III,Pampanga,Arayat,2021-12-06,22.3,32.7,81.5,8.1,23.8,210.0,Seedling,1,0.4,0.0
III,Pampanga,Arayat,2021-12-07,23.2,33.7,74.0,0.0,23.3,226.3,Seedling,1,0.56,0.16
III,Pampanga,Arayat,2021-12-08,23.3,32.8,80.9,5.4,24.2,204.1,Seedling,0,1.22,0.12
III,Pampanga,Arayat,2021-12-09,23.2,32.1,75.1,0.0,22.7,198.9,Seedling,2,1.0,0.05
III,Pampanga,Arayat,2021-12-10,23.9,31.9,75.8,0.0,23.1,196.1,Seedling,2,0.6,0.09
III,Pampanga,Arayat,2021-12-11,23.7,33.5,75.4,0.0,23.7,213.3,Seedling,1,0.17,0.07
III,Pampanga,Arayat,2021-12-12,24.0,32.9,77.0,0.0,23.8,224.3,Seedling,0,0.45,0.1
III,Pampanga,Arayat,2021-12-13,23.6,32.7,81.3,9.7,24.4,203.3,Seedling,2,0.47,0.05
III,Pampanga,Arayat,2021-12-14,23.6,33.4,80.9,0.0,24.7,215.1,Seedling,3,0.09,0.11
III,Pampanga,Arayat,2021-12-15,23.4,31.8,85.2,5.6,24.6,212.6,Seedling,1,0.16,0.17
III,Pampanga,Arayat,2021-12-16,24.2,32.2,83.4,0.0,24.9,211.1,Seedling,1,0.71,0.01
III,Pampanga,Arayat,2021-12-17,24.1,31.6,83.4,0.0,24.5,203.6,Seedling,4,0.33,0.19
III,Pampanga,Arayat,2021-12-18,24.1,30.0,85.8,20.9,24.2,187.7,Tillering,6,0.0,0.04
III,Pampanga,Arayat,2021-12-19,24.4,32.1,77.9,0.0,23.8,226.8,Tillering,8,0.86,0.03
III,Pampanga,Arayat,2021-12-20,25.1,31.0,76.6,0.0,23.4,210.3,Tillering,5,0.63,0.03666666666666667
III,Pampanga,Arayat,2021-12-21,25.4,32.5,79.5,0.0,24.8,220.3,Tillering,11,0.49,0.043333333333333335
III,Pampanga,Arayat,2021-12-22,24.5,32.4,79.2,0.0,24.3,223.6,Tillering,8,0.61,0.05
III,Pampanga,Arayat,2021-12-23,24.2,30.6,78.8,0.0,23.2,223.9,Tillering,11,0.49,0.05666666666666667
III,Pampanga,Arayat,2021-12-24,24.7,31.1,80.6,0.0,24.0,215.9,Tillering,14,0.93,0.06333333333333334
III,Pampanga,Arayat,2021-12-25,24.9,29.6,79.2,0.0,23.1,199.6,Tillering,18,0.0,0.07
III,Pampanga,Arayat,2021-12-26,24.3,31.0,75.2,0.0,22.7,217.9,Tillering,12,0.0,0.0
III,Pampanga,Arayat,2021-12-27,25.1,31.2,74.7,0.0,23.1,207.0,Tillering,11,0.0,0.02
III,Pampanga,Arayat,2021-12-28,25.8,30.3,74.8,0.0,23.0,224.6,Tillering,4,0.77,0.04
III,Pampanga,Arayat,2021-12-29,25.1,30.8,78.8,0.0,23.7,208.3,Tillering,1,0.81,0.09
III,Pampanga,Arayat,2021-12-30,24.7,32.3,82.9,0.0,25.1,222.9,Tillering,1,1.53,0.26
III,Pampanga,Arayat,2021-12-31,24.4,32.7,80.0,0.0,24.6,213.2,Tillering,1,0.19,0.12
III,Pampanga,Arayat,2022-01-01,23.9,32.4,77.7,0.0,23.7,202.8,Tillering,1,0.25,0.0
III,Pampanga,Arayat,2022-01-02,23.4,32.2,81.2,10.4,24.0,210.3,Tillering,3,0.0,0.11
III,Pampanga,Arayat,2022-01-03,23.3,32.4,73.3,0.0,22.5,224.0,Tillering,3,0.14,0.24
III,Pampanga,Arayat,2022-01-04,23.5,31.4,79.7,13.5,23.4,200.1,Tillering,0,0.11,0.15
III,Pampanga,Arayat,2022-01-05,22.9,32.1,72.6,0.0,22.0,205.2,Tillering,3,0.0,0.05
III,Pampanga,Arayat,2022-01-06,23.0,32.3,74.4,0.0,22.5,213.7,Tillering,2,0.04,0.0
III,Pampanga,Arayat,2022-01-07,22.7,32.1,77.2,0.0,22.8,211.2,Tillering,3,0.25,0.18
III,Pampanga,Arayat,2022-01-08,23.8,30.1,78.9,0.0,22.7,216.7,Tillering,3,0.83,0.12
III,Pampanga,Arayat,2022-01-09,23.6,30.8,77.3,0.0,22.7,213.9,Tillering,3,0.22,0.2
III,Pampanga,Arayat,2022-01-10,23.8,29.8,76.8,0.0,22.2,226.5,Tillering,3,1.35,0.0
III,Pampanga,Arayat,2022-01-11,22.9,31.7,74.4,0.0,22.2,225.8,Tillering,3,1.01,0.13
III,Pampanga,Arayat,2022-01-12,23.4,31.1,73.4,0.0,21.9,226.5,Tillering,0,0.98,0.1
III,Pampanga,Arayat,2022-01-13,24.2,31.5,69.2,0.0,21.7,216.4,Elongation,0,0.14,0.15
III,Pampanga,Arayat,2022-01-14,23.8,31.2,71.8,26.4,21.9,196.2,Elongation,0,0.0,0.04
III,Pampanga,Arayat,2022-01-15,24.9,32.7,73.4,0.0,23.5,229.3,Elongation,3,0.39,0.17
III,Pampanga,Arayat,2022-01-16,24.6,32.9,78.7,8.6,24.5,206.8,Elongation,3,0.5,0.04
III,Pampanga,Arayat,2022-01-17,25.6,32.7,75.4,0.0,24.2,221.8,Elongation,2,0.21,0.03
III,Pampanga,Arayat,2022-01-18,25.0,31.8,73.6,0.0,23.1,216.7,Elongation,2,0.0,0.04
III,Pampanga,Arayat,2022-01-19,24.4,30.4,74.2,0.0,22.2,213.6,Elongation,2,0.59,0.13
III,Pampanga,Arayat,2022-01-20,24.6,31.6,74.7,0.0,23.0,221.3,Elongation,0,0.89,0.06
III,Pampanga,Arayat,2022-01-21,24.433333333333334,31.4,73.5,0.0,22.6,212.0,Elongation,1,0.44,0.15
III,Pampanga,Arayat,2022-01-22,24.26666666666667,31.6,72.9,0.0,22.9,214.8,Elongation,3,0.61,0.1
III,Pampanga,Arayat,2022-01-23,24.1,30.0,78.9,0.0,22.8,217.0,Elongation,2,0.58,0.22
III,Pampanga,Arayat,2022-01-24,23.7,28.6,76.0,0.0,21.3,210.8,Elongation,2,1.18,0.15
III,Pampanga,Arayat,2022-01-25,23.8,29.8,75.3,0.0,21.9,217.2,Elongation,0,0.46,0.0
III,Pampanga,Arayat,2022-01-26,24.7,31.5,74.0,0.0,22.9,215.2,Elongation,2,0.0,0.04
III,Pampanga,Arayat,2022-01-27,24.5,31.1,75.0,0.0,23.0,226.3,Elongation,1,0.01,0.12
III,Pampanga,Arayat,2022-01-28,23.7,31.5,76.0,0.0,22.8,221.2,Elongation,3,0.48,0.05
III,Pampanga,Arayat,2022-01-29,24.3,32.5,73.7,0.0,23.1,223.8,Elongation,2,1.11,0.13
III,Pampanga,Arayat,2022-01-30,22.9,33.0,72.9,0.0,22.5,217.6,Elongation,1,0.84,0.13
III,Pampanga,Arayat,2022-01-31,23.3,31.8,72.4,0.0,22.0,215.1,Elongation,0,0.37,0.21
III,Pampanga,Arayat,2022-02-01,23.5,31.2,72.3,0.0,21.8,235.1,Elongation,2,0.17,0.15
III,Pampanga,Arayat,2022-02-02,22.8,31.8,69.1,0.0,21.1,237.3,Panicle,2,0.02,1.09
III,Pampanga,Arayat,2022-02-03,22.9,32.1,69.0,0.0,21.3,215.8,Panicle,0,0.0,1.06
III,Pampanga,Arayat,2022-02-04,23.3,32.7,71.7,0.0,22.3,229.2,Panicle,0,0.03,0.53
III,Pampanga,Arayat,2022-02-05,22.5,31.2,73.0,0.0,21.5,221.1,Panicle,1,0.17,0.0
III,Pampanga,Arayat,2022-02-06,23.4,32.7,73.9,0.0,22.8,228.7,Panicle,1,0.02,0.79
III,Pampanga,Arayat,2022-02-07,23.1,33.7,73.2,0.0,23.0,229.3,Panicle,1,0.03,2.19
III,Pampanga,Arayat,2022-02-08,22.7,33.6,72.0,0.0,22.5,212.4,Panicle,1,0.05,5.22
III,Pampanga,Arayat,2022-02-09,22.9,32.4,73.0,0.0,22.2,226.6,Panicle,3,0.26,5.36
III,Pampanga,Arayat,2022-02-10,22.9,32.0,75.9,0.0,22.6,246.4,Panicle,0,0.11,6.89
III,Pampanga,Arayat,2022-02-11,23.0,32.1,74.2,0.0,22.4,216.2,Panicle,0,0.08,4.63
III,Pampanga,Arayat,2022-02-12,23.3,32.1,73.9,0.0,22.5,221.8,Panicle,1,0.11,6.64
III,Pampanga,Arayat,2022-02-13,24.0,31.5,71.4,0.0,22.0,212.3,Panicle,1,0.0,5.77
III,Pampanga,Arayat,2022-02-14,23.6,31.4,72.6,0.0,22.0,222.3,Panicle,1,0.0,6.76
III,Pampanga,Arayat,2022-02-15,23.7,30.4,71.3,0.0,21.3,223.4,Panicle,1,0.15,6.31
III,Pampanga,Arayat,2022-02-16,23.8,30.5,69.7,0.0,21.1,219.8,Panicle,1,0.04,3.76
III,Pampanga,Arayat,2022-02-17,23.6,31.4,69.2,0.0,21.3,235.3,Flowering,0,0.01,2.31
III,Pampanga,Arayat,2022-02-18,23.0,32.4,66.9,0.0,21.1,233.5,Flowering,2,0.21,1.66
III,Pampanga,Arayat,2022-02-19,23.1,31.6,67.5,0.0,20.8,241.7,Flowering,1,0.17,2.93
III,Pampanga,Arayat,2022-02-20,23.6,32.7,70.3,0.0,22.2,228.1,Flowering,3,0.06,2.46
III,Pampanga,Arayat,2022-02-21,24.2,32.3,76.6,0.0,23.6,232.7,Flowering,0,0.11,0.94
III,Pampanga,Arayat,2022-02-22,23.3,31.8,73.8,0.0,22.3,219.7,Flowering,1,0.06,0.91
III,Pampanga,Arayat,2022-02-23,22.8,33.8,71.3,0.0,22.6,219.6,Flowering,1,0.0,1.32
III,Pampanga,Arayat,2022-02-24,22.5,34.8,70.3,0.0,22.7,232.6,Flowering,0,0.0,2.06
III,Pampanga,Arayat,2022-02-25,21.9,33.5,66.6,0.0,21.0,224.9,Flowering,0,0.0,1.23
III,Pampanga,Arayat,2022-02-26,22.6,33.5,70.3,0.0,22.1,223.7,Flowering,1,0.1,2.54
III,Pampanga,Arayat,2022-02-27,23.3,31.2,70.2,0.0,21.3,222.2,Flowering,0,0.0,1.5
III,Pampanga,Arayat,2022-02-28,22.7,30.9,64.9,0.0,19.8,212.2,Flowering,0,0.0,2.66
III,Pampanga,Arayat,2022-03-01,23.5,31.5,65.9,0.0,20.7,219.8,Flowering,1,0.0,2.94
III,Pampanga,Arayat,2022-03-02,23.2,30.8,69.0,0.0,20.8,236.6,Flowering,0,0.1,3.44
III,Pampanga,Arayat,2022-03-03,23.1,31.8,67.3,0.0,20.9,217.4,Flowering,1,0.03,2.49
III,Pampanga,Arayat,2022-03-04,22.8,31.9,67.5,0.0,20.8,232.1,Flowering,2,0.01,2.63
III,Pampanga,Arayat,2022-03-05,22.6,29.2,70.1,0.0,19.9,217.7,Ripening,0,0.19,1.5
III,Pampanga,Arayat,2022-03-06,22.7,30.4,74.2,7.4,21.4,207.6,Ripening,0,0.07,1.05
III,Pampanga,Arayat,2022-03-07,22.78,30.5,68.5,0.0,20.2,228.0,Ripening,0,0.08,0.08
III,Pampanga,Arayat,2022-03-08,22.86,30.5,64.6,0.0,19.8,219.5,Ripening,1,0.27,1.18
III,Pampanga,Arayat,2022-03-09,22.94,30.9,65.6,0.0,20.1,223.1,Ripening,0,0.22,0.46
III,Pampanga,Arayat,2022-03-10,23.02,31.3,64.6,0.0,20.2,209.2,Ripening,1,0.05,0.0
III,Pampanga,Arayat,2022-03-11,23.1,30.9,62.8,0.0,19.6,225.8,Ripening,0,0.03,2.16
III,Pampanga,Arayat,2022-03-12,23.5,30.1,67.0,0.0,20.2,219.1,Ripening,0,0.06,0.0
III,Pampanga,Arayat,2022-03-13,22.5,29.8,64.9,0.0,19.1,218.2,Ripening,0,0.1,0.0
III,Pampanga,Arayat,2022-03-14,22.6,30.5,69.9,0.0,20.5,240.2,Ripening,0,0.09,0.31
III,Pampanga,Arayat,2022-03-15,22.9,29.7,69.9,0.0,20.3,248.3,Ripening,0,0.09,0.17
III,Pampanga,Arayat,2022-03-16,23.4,32.0,70.5,0.0,21.8,223.8,Ripening,0,0.0,0.71
III,Pampanga,Arayat,2022-03-17,23.2,31.1,71.0,0.0,21.3,217.6,Ripening,0,0.18,0.0
III,Pampanga,Arayat,2022-03-18,22.8,31.8,70.6,0.0,21.4,231.1,Ripening,0,0.17,0.0
III,Pampanga,Arayat,2022-03-19,23.5,31.7,68.6,0.0,21.3,227.4,Ripening,1,0.07,0.0
III,Pampanga,Arayat,2022-03-20,22.7,31.1,73.5,2.6,21.6,214.7,Ripening,0,0.0,1.58
III,Pampanga,Arayat,2022-03-21,22.3,31.6,70.6,0.0,21.1,216.8,Ripening,0,0.07,0.39
III,Pampanga,Arayat,2022-03-22,22.6,30.9,69.0,0.0,20.6,224.5,Ripening,1,0.13,0.87
III,Pampanga,Arayat,2022-03-23,23.4,30.866666666666667,69.4,0.0,21.4,218.9,Ripening,0,0.16,0.0
III,Pampanga,Arayat,2022-03-24,23.0,30.833333333333332,68.2,0.0,21.0,228.5,Ripening,1,0.0,0.85
III,Pampanga,Arayat,2022-03-25,23.1,30.799999999999997,69.3,0.0,21.0,221.6,Ripening,1,0.13,1.02
III,Pampanga,Arayat,2022-03-26,22.6,30.766666666666666,72.3,0.0,21.8,222.4,Ripening,1,0.0,0.4
III,Pampanga,Arayat,2022-03-27,22.8,30.733333333333334,72.7,0.0,20.8,215.3,Ripening,0,0.05,0.0
III,Pampanga,Arayat,2022-03-28,22.6,30.7,72.1,0.0,21.1,235.2,Ripening,0,0.21,0.48
III,Pampanga,Arayat,2022-03-29,23.6,30.2,70.0,0.0,20.9,222.0,Ripening,1,0.18,1.05
III,Pampanga,Arayat,2022-03-30,23.3,29.6,77.6,26.7,22.0,196.3,Ripening,0,0.12,0.16
III,Pampanga,Arayat,2022-03-31,23.8,31.3,74.9,0.0,22.5,225.4,Ripening,0,0.0,0.04
III,Pampanga,Arayat,2022-04-01,24.0,30.6,79.6,0.0,23.2,223.5,Ripening,0,0.07,0.24
III,Pampanga,Arayat,2022-04-02,24.6,31.7,76.4,0.0,23.4,215.8,Ripening,0,0.07,0.0
III,Pampanga,Arayat,2022-04-03,23.7,32.1,78.7,0.0,23.6,220.3,Ripening,0,0.0,0.19
III,Pampanga,Arayat,2022-04-04,23.5,32.6,77.1,0.0,23.5,225.6,Ripening,0,0.02,0.07
III,Pampanga,Arayat,2022-04-05,22.6,32.6,77.1,0.0,23.0,223.7,Ripening,0,0.04,0.11
III,Pampanga,Arayat,2022-04-06,22.8,31.8,75.2,0.0,22.3,215.8,Ripening,0,0.02,0.13
III,Pampanga,Arayat,2022-04-07,22.4,34.1,71.1,0.0,22.5,223.4,Ripening,0,0.26,0.07
III,Pampanga,Arayat,2022-04-08,22.7,32.0,68.3,0.0,21.0,212.4,Ripening,0,0.08,0.18
III,Pampanga,Arayat,2022-04-09,22.4,32.1,69.6,0.0,21.2,224.3,Ripening,0,0.16,0.15
III,Pampanga,Arayat,2022-04-10,22.7,30.9,72.5,0.0,21.3,212.8,Ripening,0,0.01,0.07
III,Pampanga,Arayat,2022-04-11,23.3,30.8,73.4,0.0,21.7,217.3,Ripening,0,0.06,0.11
III,Pampanga,Arayat,2022-04-12,23.5,30.4,71.3,0.0,21.2,215.1,Ripening,0,0.08,0.06
III,Pampanga,Arayat,2022-04-13,23.8,31.2,76.3,2.6,22.8,218.3,Ripening,0,0.02,0.06
III,Pampanga,Arayat,2022-04-14,23.6,33.1,72.1,0.0,22.8,217.1,Ripening,0,0.17,0.0
III,Pampanga,Arayat,2022-04-15,23.5,31.5,76.4,0.0,22.8,218.1,Ripening,0,0.09,0.0
III,Pampanga,Arayat,2022-04-16,23.8,31.9,76.6,0.0,23.2,218.4,Ripening,0,0.04,0.04
III,Pampanga,Arayat,2022-04-17,24.6,30.3,76.3,0.0,22.7,218.7,Ripening,0,0.25,0.0
III,Pampanga,Arayat,2022-04-18,23.7,31.2,74.8,0.0,22.4,219.0,Ripening,0,0.12,0.045
III,Pampanga,Arayat,2022-04-19,23.1,32.3,74.4,0.0,22.6,219.3,Ripening,0,0.0,0.09
III,Pampanga,Arayat,2022-04-20,23.6,32.2,73.1,0.0,22.5,203.1,Ripening,0,0.0,0.135
III,Pampanga,Arayat,2022-04-21,23.5,32.0,71.3,0.0,22.0,220.0,Ripening,0,0.2,0.18
III,Pampanga,Arayat,2022-04-22,22.8,30.3,77.7,13.8,22.1,218.0,Ripening,0,0.07,0.05
III,Pampanga,Arayat,2022-04-23,23.0,29.5,78.6,3.4,22.0,208.6,Ripening,0,0.12,0.0
III,Pampanga,Arayat,2022-04-24,22.5,30.1,70.6,0.0,20.4,216.1,Ripening,0,0.1,0.15
III,Pampanga,Arayat,2022-04-25,23.9,29.0,70.5,0.0,20.5,213.9,Ripening,0,0.02,0.11
III,Pampanga,Arayat,2022-04-26,22.9,30.5,71.7,3.7,21.0,213.7,Ripening,0,0.01,0.0
III,Pampanga,Arayat,2022-04-27,23.6,30.8,68.5,0.0,20.9,219.0,Ripening,0,0.08,0.15
III,Pampanga,Arayat,2022-04-28,25.1,31.5,67.2,0.0,21.7,206.6,Ripening,1,0.0,0.13
III,Pampanga,Arayat,2022-04-29,24.7,31.6,69.9,0.0,22.1,226.2,Ripening,0,0.08,0.16
III,Pampanga,Arayat,2022-04-30,25.9,31.7,72.6,0.0,23.3,217.1,Ripening,0,0.0,0.16
III,Pampanga,Arayat,2022-05-01,24.5,32.8,73.4,0.0,23.3,224.8,Ripening,0,0.09,0.03
III,Pampanga,Arayat,2022-05-02,22.9,33.2,69.8,0.0,22.0,211.3,Ripening,0,0.02,0.04
III,Pampanga,Arayat,2022-05-03,23.1,32.0,71.2,0.0,21.8,218.0,Ripening,0,0.08,0.03
III,Pampanga,Arayat,2022-05-04,22.9,30.7,73.5,17.4,21.5,217.6,Seedling,0,0.05,0.0
III,Pampanga,Arayat,2022-05-05,23.5,31.5,69.8,0.0,21.5,215.0,Seedling,0,0.01,0.06
III,Pampanga,Arayat,2022-05-06,24.1,33.0,68.0,0.0,22.2,206.9,Seedling,0,0.07,0.08
III,Pampanga,Arayat,2022-05-07,23.8,32.3,67.4,0.0,21.5,217.8,Seedling,0,0.02,0.16
III,Pampanga,Arayat,2022-05-08,23.1,31.8,71.2,7.2,21.7,205.3,Seedling,0,0.08,0.24
III,Pampanga,Arayat,2022-05-09,23.6,33.3,71.3,0.0,22.7,206.1,Seedling,0,0.0,0.18
III,Pampanga,Arayat,2022-05-10,24.1,33.2,73.5,0.0,23.4,212.7,Seedling,0,0.06,0.02
III,Pampanga,Arayat,2022-05-11,24.0,33.5,73.8,0.0,23.5,216.7,Seedling,0,0.11,0.0
III,Pampanga,Arayat,2022-05-12,25.4,33.3,74.9,0.0,24.3,218.9,Seedling,1,0.03,0.29
III,Pampanga,Arayat,2022-05-13,24.8,34.5,76.4,1.8,24.9,216.6,Seedling,0,0.0,0.09
III,Pampanga,Arayat,2022-05-14,24.7,33.4,80.1,21.9,25.1,197.1,Seedling,0,0.04,0.05
III,Pampanga,Arayat,2022-05-15,24.8,35.0,74.8,0.0,24.9,220.2,Seedling,1,0.14,0.0
III,Pampanga,Arayat,2022-05-16,24.3,34.0,73.8,0.0,23.9,208.2,Seedling,0,0.05,0.15
III,Pampanga,Arayat,2022-05-17,24.3,32.2,72.7,0.0,22.8,212.4,Seedling,1,0.13,0.0
III,Pampanga,Arayat,2022-05-18,22.9,32.2,72.1,0.0,22.0,210.8,Seedling,0,0.0,0.03
III,Pampanga,Arayat,2022-05-19,23.2,30.3,76.2,0.0,22.0,201.4,Seedling,0,0.07,0.0
III,Pampanga,Arayat,2022-05-20,23.2,31.0,73.6,0.0,21.8,213.9,Seedling,0,0.04,0.17
III,Pampanga,Arayat,2022-05-21,22.5,31.5,75.6,0.0,22.1,213.2,Seedling,0,0.12,0.02
III,Pampanga,Arayat,2022-05-22,23.4,30.8,76.4,0.0,22.4,208.4,Seedling,0,0.0,0.07
III,Pampanga,Arayat,2022-05-23,23.6,30.1,75.5,0.0,22.0,220.0,Seedling,0,0.07,0.03
III,Pampanga,Arayat,2022-05-24,23.9,30.2,79.0,0.0,22.8,219.5,Seedling,0,0.0,0.11
III,Pampanga,Arayat,2022-05-25,22.7,30.3,82.5,13.9,23.0,201.4,Seedling,0,0.22,0.0
III,Pampanga,Arayat,2022-05-26,22.66,30.6,81.4,3.9,23.2,202.4,Seedling,0,0.1,0.05
III,Pampanga,Arayat,2022-05-27,22.62,30.3,79.3,0.0,22.7,208.2,Seedling,0,0.16,0.02
III,Pampanga,Arayat,2022-05-28,22.58,31.1,81.9,7.9,23.0,198.6,Seedling,0,0.0,0.08
III,Pampanga,Arayat,2022-05-29,22.54,31.9,77.2,0.0,22.9,214.0,Seedling,0,0.09,0.23
III,Pampanga,Arayat,2022-05-30,22.5,31.8,76.8,0.0,23.0,216.5,Seedling,0,0.13,0.08
III,Pampanga,Arayat,2022-05-31,22.46,32.1,76.5,0.0,23.0,200.8,Seedling,0,0.09,0.13
III,Pampanga,Arayat,2022-06-01,22.42,31.6,76.4,12.3,22.5,189.3,Seedling,0,0.15,0.26
III,Pampanga,Arayat,2022-06-02,22.38,32.2,72.1,0.0,22.0,210.0,Seedling,0,0.2,0.06
III,Pampanga,Arayat,2022-06-03,22.34,33.4,76.7,5.7,23.2,193.5,Seedling,0,0.09,0.0
III,Pampanga,Arayat,2022-06-04,22.3,33.4,74.6,0.0,22.8,206.4,Seedling,0,0.0,0.23
III,Pampanga,Arayat,2022-06-05,22.2,32.3,74.7,0.0,22.2,212.5,Seedling,0,0.13,0.08
III,Pampanga,Arayat,2022-06-06,22.0,32.2,80.2,18.1,23.1,192.8,Seedling,0,0.01,0.04
III,Pampanga,Arayat,2022-06-07,22.7,33.4,80.6,13.2,24.2,188.3,Seedling,0,0.11,0.13
III,Pampanga,Arayat,2022-06-08,22.6,33.7,76.8,0.0,23.5,205.1,Seedling,0,0.04,0.01
III,Pampanga,Arayat,2022-06-09,22.4,33.1,75.9,0.0,22.9,203.6,Seedling,10,1.56,0.16
III,Pampanga,Arayat,2022-06-10,21.9,30.9,79.6,32.3,22.3,189.6,Seedling,12,1.46,0.0
III,Pampanga,Arayat,2022-06-11,22.7,33.4,75.2,0.0,23.1,212.4,Seedling,8,2.69,0.0
III,Pampanga,Arayat,2022-06-12,22.6,33.1,83.0,5.1,24.5,206.6,Seedling,9,2.32,0.0
III,Pampanga,Arayat,2022-06-13,21.3,33.5,79.9,0.0,23.4,199.8,Seedling,9,3.34,0.06
III,Pampanga,Arayat,2022-06-14,21.8,32.2,83.6,11.4,23.7,190.2,Seedling,12,2.21,0.04
III,Pampanga,Arayat,2022-06-15,22.6,33.1,80.0,0.0,23.8,199.6,Seedling,11,1.96,0.14
III,Pampanga,Arayat,2022-06-16,22.2,32.6,83.7,15.6,24.1,180.4,Seedling,15,1.65,0.14
III,Pampanga,Arayat,2022-06-17,23.3,32.4,78.7,0.0,23.6,198.4,Seedling,16,2.54,0.0
III,Pampanga,Arayat,2022-06-18,22.7,32.0,78.0,0.0,23.0,203.3,Seedling,25,2.61,0.04
III,Pampanga,Arayat,2022-06-19,23.5,32.3,75.7,0.0,23.0,201.8,Seedling,20,2.08,0.05
III,Pampanga,Arayat,2022-06-20,23.9,32.1,81.0,1.7,23.21666666666667,220.0,Seedling,23,2.35,0.09
III,Pampanga,Arayat,2022-06-21,24.0,31.4,80.9,10.4,23.433333333333334,200.8,Seedling,8,2.02,0.0
III,Pampanga,Arayat,2022-06-22,23.2,30.9,76.1,0.0,23.65,203.1,Seedling,19,1.37,0.03
III,Pampanga,Arayat,2022-06-23,23.9,31.7,73.9,0.0,23.866666666666667,196.9,Seedling,10,0.68,0.03
III,Pampanga,Arayat,2022-06-24,24.3,34.0,75.2,0.0,24.083333333333336,215.8,Tillering,30,1.51,0.0
III,Pampanga,Arayat,2022-06-25,24.7,32.9,77.6,4.3,24.3,198.3,Tillering,36,1.32,0.06
III,Pampanga,Arayat,2022-06-26,24.3,33.1,78.4,7.7,24.4,195.0,Tillering,30,1.04,0.15
III,Pampanga,Arayat,2022-06-27,23.2,30.9,76.8,16.3,22.4,187.7,Tillering,16,0.8,0.0
III,Pampanga,Arayat,2022-06-28,23.4,32.2,73.5,0.0,22.5,217.3,Tillering,11,0.08,0.17
III,Pampanga,Arayat,2022-06-29,23.0,30.6,79.2,0.0,22.6,211.1,Tillering,16,0.0,0.0
III,Pampanga,Arayat,2022-06-30,23.3,31.7,81.7,0.0,23.6,212.3,Tillering,14,0.0,0.04
III,Pampanga,Arayat,2022-07-01,23.6,31.2,82.0,0.0,23.3,206.7,Tillering,8,0.0,0.0
III,Pampanga,Arayat,2022-07-02,23.9,30.8,80.5,0.0,23.4,214.3,Tillering,8,0.0,0.12
III,Pampanga,Arayat,2022-07-03,24.2,30.8,84.2,0.0,24.0,203.0,Tillering,14,0.0,0.0
III,Pampanga,Arayat,2022-07-04,24.5,31.1,85.2,8.1,24.8,182.4,Tillering,11,0.91,0.04
III,Pampanga,Arayat,2022-07-05,24.2,30.4,80.2,0.0,23.3,191.2,Tillering,8,0.45,0.0
III,Pampanga,Arayat,2022-07-06,24.7,31.6,80.8,0.0,24.3,198.7,Tillering,14,0.19,0.06
III,Pampanga,Arayat,2022-07-07,24.5,30.2,85.4,15.3,24.4,201.3,Tillering,23,0.16,0.23
III,Pampanga,Arayat,2022-07-08,24.7,30.0,87.1,16.6,24.8,187.7,Tillering,17,0.4,0.03
III,Pampanga,Arayat,2022-07-09,24.4,31.5,84.6,0.0,24.9,202.8,Tillering,26,0.0,0.12
III,Pampanga,Arayat,2022-07-10,24.6,32.9,86.0,2.5,26.0,205.3,Tillering,26,0.58,0.0
III,Pampanga,Arayat,2022-07-11,23.7,32.9,79.9,0.0,24.3,202.1,Tillering,26,0.0,0.05
III,Pampanga,Arayat,2022-07-12,23.7,32.8,80.5,7.4,24.475,190.8,Tillering,46,0.0,0.18
III,Pampanga,Arayat,2022-07-13,23.8,33.1,83.6,4.5,24.65,214.6,Tillering,37,0.0,0.19
III,Pampanga,Arayat,2022-07-14,24.2,32.7,79.6,0.0,24.825,194.9,Tillering,39,0.33,0.0
III,Pampanga,Arayat,2022-07-15,23.4,33.2,83.4,7.0,25.0,192.0,Tillering,38,0.0,0.1
III,Pampanga,Arayat,2022-07-16,23.8,33.6,86.6,5.0,26.0,209.3,Tillering,39,1.67,0.26
III,Pampanga,Arayat,2022-07-17,23.3,31.7,76.5,0.1,22.8,203.8,Tillering,39,1.21,0.15
III,Pampanga,Arayat,2022-07-18,23.1,32.5,82.6,23.5,24.3,178.0,Elongation,24,1.06,0.15
III,Pampanga,Arayat,2022-07-19,23.9,33.9,81.6,1.8,25.2,207.9,Elongation,18,1.17,0.11
III,Pampanga,Arayat,2022-07-20,23.8,33.0,77.9,0.0,24.0,198.6,Elongation,20,1.92,0.2
III,Pampanga,Arayat,2022-07-21,23.8,32.2,78.4,0.0,23.7,203.1,Elongation,18,3.2,0.0
III,Pampanga,Arayat,2022-07-22,24.1,30.6,85.5,37.0,24.5,162.8,Elongation,21,3.73,0.11
III,Pampanga,Arayat,2022-07-23,24.8,32.6,79.7,0.0,24.6,208.7,Elongation,15,4.22,0.05
III,Pampanga,Arayat,2022-07-24,22.4,31.1,84.6,50.6,23.7,160.6,Elongation,9,3.04,0.15
III,Pampanga,Arayat,2022-07-25,24.5,34.6,82.5,7.5,26.0,205.1,Elongation,10,3.3,0.11
III,Pampanga,Arayat,2022-07-26,25.6,34.2,81.2,0.0,26.1,195.0,Elongation,11,3.7,0.14
III,Pampanga,Arayat,2022-07-27,24.1,32.3,86.6,34.6,25.5,172.1,Elongation,16,3.44,0.0
III,Pampanga,Arayat,2022-07-28,23.9,33.4,86.9,4.5,26.0,207.9,Elongation,15,1.98,0.09
III,Pampanga,Arayat,2022-07-29,23.8,31.6,89.7,13.6,25.6,187.6,Elongation,22,2.42,0.09
III,Pampanga,Arayat,2022-07-30,24.4,32.4,86.2,0.0,25.6,193.9,Elongation,13,1.76,0.11
III,Pampanga,Arayat,2022-07-31,23.5,32.5,87.9,7.3,25.6,183.8,Elongation,23,3.03,0.0
III,Pampanga,Arayat,2022-08-01,23.4,33.3,81.5,0.0,24.6,198.8,Elongation,22,2.13,0.12
III,Pampanga,Arayat,2022-08-02,24.1,33.8,79.3,0.0,24.8,195.7,Elongation,24,2.63,0.0
III,Pampanga,Arayat,2022-08-03,23.7,34.2,85.9,12.0,26.1,193.8,Elongation,21,2.93,0.0
III,Pampanga,Arayat,2022-08-04,23.4,34.7,85.9,18.5,26.2,199.5,Elongation,28,3.56,0.0
III,Pampanga,Arayat,2022-08-05,24.0,36.0,79.5,0.0,25.9,204.9,Elongation,24,4.68,0.04
III,Pampanga,Arayat,2022-08-06,23.4,34.5,78.0,0.0,24.5,190.4,Panicle,14,0.06,8.86
III,Pampanga,Arayat,2022-08-07,24.5,33.0,84.5,14.2,25.6,196.9,Panicle,22,0.02,10.86
III,Pampanga,Arayat,2022-08-08,23.9,30.8,84.7,45.1,24.3,155.4,Panicle,20,0.0,8.03
III,Pampanga,Arayat,2022-08-09,24.8,32.8,83.9,2.1,25.6,190.1,Panicle,14,0.06,7.57
III,Pampanga,Arayat,2022-08-10,24.9,32.6,81.3,0.0,25.0,188.0,Panicle,17,0.02,6.58
III,Pampanga,Arayat,2022-08-11,24.2,32.4,82.6,16.4,24.8,183.2,Panicle,7,0.0,6.55
III,Pampanga,Arayat,2022-08-12,25.1,34.2,77.5,0.0,25.2,198.7,Panicle,10,0.0,8.12
III,Pampanga,Arayat,2022-08-13,24.7,31.7,81.0,30.4,24.4,157.5,Panicle,5,0.16,8.7
III,Pampanga,Arayat,2022-08-14,25.0,31.9,83.6,27.8,25.2,172.7,Panicle,3,0.17,7.9
III,Pampanga,Arayat,2022-08-15,24.3,33.2,81.1,0.0,25.0,190.3,Panicle,3,0.07,7.24
III,Pampanga,Arayat,2022-08-16,24.0,32.3,79.1,0.0,24.0,192.0,Panicle,0,0.16,6.43
III,Pampanga,Arayat,2022-08-17,24.4,31.1,82.1,0.0,24.2,194.3,Panicle,1,0.08,5.31
III,Pampanga,Arayat,2022-08-18,24.9,33.8,84.4,0.0,26.2,189.1,Panicle,2,0.0,3.97
III,Pampanga,Arayat,2022-08-19,24.6,31.2,86.6,18.1,25.2,174.0,Panicle,2,0.05,2.81
III,Pampanga,Arayat,2022-08-20,24.5,32.7,88.1,28.1,26.2,172.4,Panicle,3,0.02,1.23
III,Pampanga,Arayat,2022-08-21,25.4,33.2,89.1,4.2,27.1,181.6,Flowering,4,0.09,0.65
III,Pampanga,Arayat,2022-08-22,25.1,34.1,81.5,0.0,25.9,199.6,Flowering,3,0.16,0.47
III,Pampanga,Arayat,2022-08-23,24.5,34.7,83.3,0.0,26.3,208.1,Flowering,0,0.17,2.76
III,Pampanga,Arayat,2022-08-24,23.8,32.9,86.9,15.3,25.7,191.4,Flowering,0,0.01,1.58
III,Pampanga,Arayat,2022-08-25,23.8,31.7,82.6,0.0,24.3,207.5,Flowering,2,0.11,2.15
III,Pampanga,Arayat,2022-08-26,23.1,31.0,85.1,0.0,24.1,194.3,Flowering,3,0.0,0.58
III,Pampanga,Arayat,2022-08-27,23.1,31.0,87.7,17.4,24.6,182.9,Flowering,3,0.12,0.0
III,Pampanga,Arayat,2022-08-28,23.5,31.5,83.8,0.0,24.3,189.3,Flowering,5,0.0,0.81
III,Pampanga,Arayat,2022-08-29,23.6,29.9,89.8,67.2,24.3,147.6,Flowering,7,0.0,0.91
III,Pampanga,Arayat,2022-08-30,24.4,31.6,82.3,0.0,24.3,202.7,Flowering,5,0.05,0.0
III,Pampanga,Arayat,2022-08-31,24.0,29.4,87.8,30.1,24.3,166.0,Flowering,8,0.22,1.72
III,Pampanga,Arayat,2022-09-01,23.7,28.2,86.1,22.575000000000003,23.2,136.1,Flowering,6,0.01,0.91
III,Pampanga,Arayat,2022-09-02,23.9,29.0,83.7,15.05,23.2,167.6,Flowering,12,0.04,0.96
III,Pampanga,Arayat,2022-09-03,24.6,29.2,83.4,7.524999999999999,23.6,191.0,Flowering,5,0.24,0.25
III,Pampanga,Arayat,2022-09-04,25.1,33.0,80.4,0.0,25.1,192.1,Ripening,1,0.22,0.82
III,Pampanga,Arayat,2022-09-05,24.9,31.8,82.0,17.2,24.8,177.0,Ripening,2,0.15,1.57
III,Pampanga,Arayat,2022-09-06,25.3,32.8,82.9,0.0,25.6,197.8,Ripening,0,0.03,0.0
III,Pampanga,Arayat,2022-09-07,25.3,31.6,85.9,9.7,25.6,185.3,Ripening,2,0.0,1.51
III,Pampanga,Arayat,2022-09-08,24.0,30.7,84.6,10.1,24.3,192.4,Ripening,6,0.14,0.49
III,Pampanga,Arayat,2022-09-09,23.6,31.2,88.0,9.2,25.0,183.9,Ripening,4,0.14,0.28
III,Pampanga,Arayat,2022-09-10,23.1,31.6,86.7,21.5,24.7,181.0,Ripening,2,0.11,1.3
III,Pampanga,Arayat,2022-09-11,22.8,32.1,86.7,13.3,24.8,180.5,Ripening,1,0.04,0.05
III,Pampanga,Arayat,2022-09-12,23.0,32.5,87.5,24.3,25.2,177.9,Ripening,3,0.09,0.83
III,Pampanga,Arayat,2022-09-13,24.7,34.0,82.7,0.0,25.9,201.3,Ripening,5,0.25,0.5
III,Pampanga,Arayat,2022-09-14,24.4,32.5,82.1,0.0,24.9,194.4,Ripening,3,0.0,0.82
III,Pampanga,Arayat,2022-09-15,24.8,32.9,86.9,3.7,26.2,202.1,Ripening,1,0.0,0.47
III,Pampanga,Arayat,2022-09-16,24.4,31.8,82.0,0.0,24.5,198.5,Ripening,2,0.0,0.0
III,Pampanga,Arayat,2022-09-17,24.3,32.6,81.7,0.0,24.8,192.0,Ripening,2,0.17,0.95
III,Pampanga,Arayat,2022-09-18,25.2,32.2,85.8,5.3,25.9,202.5,Ripening,1,0.11,0.46
III,Pampanga,Arayat,2022-09-19,23.7,31.4,82.9,4.1,24.1,209.9,Ripening,0,0.04,0.36
III,Pampanga,Arayat,2022-09-20,23.6,33.2,77.4,0.0,23.9,201.4,Ripening,3,0.1,1.65
III,Pampanga,Arayat,2022-09-21,23.6,32.9,79.4,0.0,24.1,189.4,Ripening,0,0.03,1.3
III,Pampanga,Arayat,2022-09-22,23.9,32.7,79.3,6.2,24.2,190.4,Ripening,1,0.04,0.91
III,Pampanga,Arayat,2022-09-23,23.2,32.8,74.9,0.0,23.0,189.1,Ripening,0,0.1,0.18
III,Pampanga,Arayat,2022-09-24,23.8,32.7,80.2,9.0,24.3,188.9,Ripening,0,0.13,1.59
III,Pampanga,Arayat,2022-09-25,23.4,32.2,79.9,34.5,23.8,171.7,Ripening,1,0.03,2.35
III,Pampanga,Arayat,2022-09-26,23.4,31.6,83.6,37.6,24.2,156.0,Ripening,1,0.05,1.23
III,Pampanga,Arayat,2022-09-27,24.1,33.6,77.5,0.0,24.4,198.8,Ripening,1,0.08,0.56
III,Pampanga,Arayat,2022-09-28,24.0,31.7,81.9,8.4,24.2,188.7,Ripening,0,0.0,0.08
III,Pampanga,Arayat,2022-09-29,22.8,33.5,77.3,0.0,23.6,213.1,Ripening,0,0.15,0.03
III,Pampanga,Arayat,2022-09-30,23.0,33.0,82.7,15.8,24.5,184.5,Ripening,0,0.0,0.03
III,Pampanga,Arayat,2022-10-01,22.0,32.0,79.3,35.5,22.9,167.2,Ripening,0,0.14,0.0
III,Pampanga,Arayat,2022-10-02,22.3,32.6,76.0,0.0,22.7,197.0,Ripening,0,0.1,0.08
III,Pampanga,Arayat,2022-10-03,22.8,31.2,82.4,28.7,23.5,175.5,Ripening,0,0.15,0.0
III,Pampanga,Arayat,2022-10-04,22.9,31.8,76.2,0.0,22.6,207.4,Ripening,0,0.06,0.01
III,Pampanga,Arayat,2022-10-05,23.1,32.4,83.8,6.2,24.5,195.7,Ripening,1,0.0,0.02
III,Pampanga,Arayat,2022-10-06,23.3,33.1,80.5,0.0,24.3,202.5,Ripening,0,0.15,0.07
III,Pampanga,Arayat,2022-10-07,23.0,32.7,82.9,0.0,24.4,214.4,Ripening,0,0.0,0.16
III,Pampanga,Arayat,2022-10-08,23.0,34.6,85.1,0.0,25.8,210.4,Ripening,0,0.08,0.23
III,Pampanga,Arayat,2022-10-09,22.8,34.2,83.1,0.0,25.1,209.5,Ripening,0,0.08,0.22
III,Pampanga,Arayat,2022-10-10,22.5,33.0,80.9,0.0,23.9,190.6,Ripening,0,0.12,0.11
III,Pampanga,Arayat,2022-10-11,22.3,32.7,84.0,1.6,24.3,187.9,Ripening,0,0.0,0.1
III,Pampanga,Arayat,2022-10-12,23.2,33.5,81.7,0.0,24.7,208.0,Ripening,0,0.18,0.0
III,Pampanga,Arayat,2022-10-13,24.0,32.6,87.4,1.7,25.8,196.1,Ripening,0,0.07,0.15
III,Pampanga,Arayat,2022-10-14,23.8,33.5,86.8,5.8,26.0,204.6,Ripening,0,0.0,0.12
III,Pampanga,Arayat,2022-10-15,23.9,33.7,87.5,0.0,26.3,205.8,Ripening,1,0.2,0.12
III,Pampanga,Arayat,2022-10-16,24.1,32.9,78.0,0.0,24.1,214.7,Ripening,0,0.05,0.05
III,Pampanga,Arayat,2022-10-17,25.4,32.4,79.7,0.0,24.8,186.0,Ripening,0,0.09,0.1
III,Pampanga,Arayat,2022-10-18,25.1,31.7,83.8,10.2,25.2,200.1,Ripening,0,0.01,0.12
III,Pampanga,Arayat,2022-10-19,24.7,31.6,85.0,14.1,25.2,188.2,Ripening,0,0.1,0.08
III,Pampanga,Arayat,2022-10-20,25.7,32.4,78.5,0.0,24.7,192.2,Ripening,0,0.09,0.09
III,Pampanga,Arayat,2022-10-21,24.0,32.5,79.5,9.1,24.2,205.3,Ripening,1,0.07,0.0
III,Pampanga,Arayat,2022-10-22,24.1,32.7,83.8,9.2,25.2,187.8,Ripening,0,0.07,0.02
III,Pampanga,Arayat,2022-10-23,24.4,34.1,79.4,0.0,25.1,212.4,Ripening,0,0.03,0.09
III,Pampanga,Arayat,2022-10-24,23.4,34.9,82.4,12.0,25.6,197.96666666666667,Ripening,1,0.1,0.11
III,Pampanga,Arayat,2022-10-25,23.0,34.0,85.9,49.4,25.7,183.53333333333333,Ripening,0,0.05,0.04
III,Pampanga,Arayat,2022-10-26,23.3,33.6,86.4,32.2,25.7,169.1,Ripening,0,0.09,0.19
III,Pampanga,Arayat,2022-10-27,25.1,33.1,85.3,12.7,26.2,205.4,Ripening,0,0.22,0.05
III,Pampanga,Arayat,2022-10-28,25.6,32.4,85.3,8.5,26.1,183.3,Ripening,0,0.0,0.18
III,Pampanga,Arayat,2022-10-29,25.1,32.6,85.3,10.8,25.9,205.4,Ripening,0,0.17,0.05
III,Pampanga,Arayat,2022-10-30,24.2,32.4,82.9,15.7,24.9,197.8,Ripening,0,0.15,0.14
III,Pampanga,Arayat,2022-10-31,24.6,34.0,79.1,0.0,25.1,221.6,Seedling,0,0.1,0.0
III,Pampanga,Arayat,2022-11-01,23.75,33.65,81.2,0.0,24.2,199.6,Seedling,0,0.03,0.01
III,Pampanga,Arayat,2022-11-02,22.9,33.3,85.2,3.1,25.1,191.1,Seedling,0,0.04,0.09
III,Pampanga,Arayat,2022-11-03,21.7,31.5,85.9,39.3,23.8,171.0,Seedling,0,0.26,0.04
III,Pampanga,Arayat,2022-11-04,23.2,33.0,77.2,0.0,23.5,201.3,Seedling,0,0.09,0.11
III,Pampanga,Arayat,2022-11-05,23.6,32.9,84.0,2.9,25.0,209.0,Seedling,0,0.08,0.05
III,Pampanga,Arayat,2022-11-06,23.1,32.9,80.3,0.0,24.1,192.0,Seedling,0,0.07,0.06
III,Pampanga,Arayat,2022-11-07,22.9,32.6,79.6,0.0,23.7,212.7,Seedling,0,0.04,0.02
III,Pampanga,Arayat,2022-11-08,22.4,31.1,76.6,0.0,22.1,211.0,Seedling,0,0.05,0.11
III,Pampanga,Arayat,2022-11-09,23.1,31.9,82.7,3.4,24.0,203.1,Seedling,0,0.02,0.1
III,Pampanga,Arayat,2022-11-10,24.2,32.6,79.0,0.0,24.2,214.1,Seedling,0,0.12,0.0
III,Pampanga,Arayat,2022-11-11,22.9,32.1,78.2,0.0,23.1,193.6,Seedling,1,0.0,0.14
III,Pampanga,Arayat,2022-11-12,23.0,32.3,79.9,2.6,23.6,192.2,Seedling,0,0.2,0.12
III,Pampanga,Arayat,2022-11-13,23.4,32.2,76.6,0.0,23.1,199.6,Seedling,0,0.12,0.03
III,Pampanga,Arayat,2022-11-14,23.6,32.3,80.4,6.7,24.0,183.0,Seedling,0,0.1,0.15
III,Pampanga,Arayat,2022-11-15,23.3,31.6,80.1,11.2,23.5,208.5,Seedling,0,0.1,0.13
III,Pampanga,Arayat,2022-11-16,22.9,31.1,78.2,11.85,22.6,206.4,Seedling,0,0.15,0.08
III,Pampanga,Arayat,2022-11-17,23.4,31.5,82.5,12.5,24.0,199.2,Seedling,0,0.02,0.13
III,Pampanga,Arayat,2022-11-18,23.9,32.3,74.0,0.0,22.9,187.8,Seedling,0,0.0,0.14
III,Pampanga,Arayat,2022-11-19,23.7,33.4,73.1,0.0,23.2,221.4,Seedling,0,0.16,0.09
III,Pampanga,Arayat,2022-11-20,23.5,33.7,71.9,0.0,23.0,210.7,Seedling,0,0.0,0.1
III,Pampanga,Arayat,2022-11-21,24.0,33.4,76.1,6.9,23.9,224.5,Seedling,0,0.0,0.02
III,Pampanga,Arayat,2022-11-22,23.8,34.3,71.6,0.0,23.4,206.5,Seedling,0,0.0,0.09
III,Pampanga,Arayat,2022-11-23,23.5,33.6,70.0,0.0,22.6,221.8,Seedling,0,0.0,0.0
III,Pampanga,Arayat,2022-11-24,23.5,31.3,75.3,8.8,22.5,201.7,Seedling,0,0.01,0.0
III,Pampanga,Arayat,2022-11-25,23.2,31.3,76.3,5.2,22.5,212.5,Seedling,0,0.1,0.0
III,Pampanga,Arayat,2022-11-26,23.4,31.3,75.1,10.6,22.4,210.9,Seedling,0,0.08,0.0
III,Pampanga,Arayat,2022-11-27,23.1,30.9,75.6,24.8,22.1,175.8,Seedling,0,0.05,0.0
III,Pampanga,Arayat,2022-11-28,23.1,32.0,69.8,0.0,21.5,206.8,Seedling,0,0.18,0.12
III,Pampanga,Arayat,2022-11-29,22.6,32.4,74.7,0.0,22.4,205.9,Seedling,0,0.15,0.17
III,Pampanga,Arayat,2022-11-30,23.2,31.3,78.3,12.2,22.9,204.6,Seedling,1,0.05,0.11
III,Pampanga,Arayat,2022-12-01,23.8,32.5,73.2,0.0,22.8,195.4,Seedling,0,0.0,0.1
III,Pampanga,Arayat,2022-12-02,22.7,33.4,74.0,0.0,22.8,213.2,Seedling,0,0.14,0.04
III,Pampanga,Arayat,2022-12-03,22.6,32.4,77.4,1.8,23.0,201.9,Seedling,1,0.04,0.2
III,Pampanga,Arayat,2022-12-04,23.7,33.7,71.2,0.0,22.9,198.9,Seedling,1,0.0,0.21
III,Pampanga,Arayat,2022-12-05,24.2,33.1,74.5,0.0,23.5,195.3,Seedling,0,0.0,0.1
III,Pampanga,Arayat,2022-12-06,24.7,32.2,76.9,0.0,23.8,207.1,Seedling,1,0.0,0.0
III,Pampanga,Arayat,2022-12-07,23.1,30.4,78.9,18.1,22.5,201.6,Seedling,1,0.58,0.21
III,Pampanga,Arayat,2022-12-08,23.5,33.4,70.0,0.0,22.4,212.3,Seedling,2,0.37,0.0
III,Pampanga,Arayat,2022-12-09,24.2,33.6,70.3,0.0,23.0,212.1,Seedling,1,0.31,0.0
III,Pampanga,Arayat,2022-12-10,24.0,34.5,73.8,0.0,24.0,207.2,Seedling,0,1.13,0.09
III,Pampanga,Arayat,2022-12-11,24.2,34.7,72.3,0.0,23.9,212.5,Seedling,2,0.47,0.0
III,Pampanga,Arayat,2022-12-12,23.6,32.9,76.8,0.0,23.6,224.1,Seedling,1,0.6,0.07
III,Pampanga,Arayat,2022-12-13,24.0,33.1,82.3,7.1,25.0,208.7,Seedling,2,1.24,0.0
III,Pampanga,Arayat,2022-12-14,24.4,33.5,77.0,0.0,24.4,223.6,Seedling,0,1.76,0.19
III,Pampanga,Arayat,2022-12-15,25.1,34.3,80.4,2.0,25.8,227.0,Seedling,1,2.58,0.15
III,Pampanga,Arayat,2022-12-16,23.9,32.1,80.0,3.5,24.0,203.5,Seedling,0,2.09,0.13
III,Pampanga,Arayat,2022-12-17,24.6,33.2,77.0,0.0,24.3,211.5,Seedling,1,1.68,0.22
III,Pampanga,Arayat,2022-12-18,24.7,33.1,81.9,13.2,25.3,201.2,Seedling,0,2.43,0.15
III,Pampanga,Arayat,2022-12-19,24.7,33.8,79.8,0.0,25.2,211.5,Tillering,1,1.72,0.11
III,Pampanga,Arayat,2022-12-20,25.1,33.0,77.5,0.0,24.6,226.2,Tillering,2,2.09,0.07
III,Pampanga,Arayat,2022-12-21,24.6,36.0,79.1,0.0,26.1,224.1,Tillering,2,2.71,0.01
III,Pampanga,Arayat,2022-12-22,24.6,35.0,78.7,0.0,25.5,227.8,Tillering,3,2.9,0.09
III,Pampanga,Arayat,2022-12-23,23.5,33.8,83.7,15.6,25.4,221.4,Tillering,4,3.07,0.2
III,Pampanga,Arayat,2022-12-24,22.5,35.7,76.0,0.0,24.3,215.0,Tillering,5,2.38,0.19
III,Pampanga,Arayat,2022-12-25,22.5,34.6,79.7,0.0,24.5,208.6,Tillering,9,3.73,0.02
III,Pampanga,Arayat,2022-12-26,22.6,34.4,77.0,0.0,23.9,202.2,Tillering,13,3.66,0.2
III,Pampanga,Arayat,2022-12-27,23.2,34.2,79.9,5.3,24.7,209.7,Tillering,11,3.35,0.21
III,Pampanga,Arayat,2022-12-28,23.1,32.3,79.0,0.0,23.5,227.1,Tillering,17,3.88,0.19
III,Pampanga,Arayat,2022-12-29,23.2,32.3,75.7,0.0,22.9,224.2,Tillering,12,2.75,0.24
III,Pampanga,Arayat,2022-12-30,24.0,31.5,79.1,0.0,23.6,221.4,Tillering,12,3.07,0.02
III,Pampanga,Arayat,2022-12-31,23.4,31.6,76.8,0.0,22.9,211.9,Tillering,16,3.29,0.01
III,Pampanga,Arayat,2023-01-01,24.0,32.7,75.0,0.0,23.4,216.2,Tillering,13,2.04,0.12
III,Pampanga,Arayat,2023-01-02,24.8,32.1,72.9,0.0,23.0,223.8,Tillering,12,2.41,0.0
III,Pampanga,Arayat,2023-01-03,24.6,30.9,76.1,1.4,23.0,216.5,Tillering,8,2.37,0.0
III,Pampanga,Arayat,2023-01-04,24.7,28.7,71.3,0.0,21.0,226.4,Tillering,9,0.83,0.16
III,Pampanga,Arayat,2023-01-05,23.7,30.7,70.0,0.0,21.2,213.1,Tillering,2,0.82,0.07
III,Pampanga,Arayat,2023-01-06,23.4,31.1,71.1,0.0,21.5,219.7,Tillering,1,0.75,0.17
III,Pampanga,Arayat,2023-01-07,22.9,30.1,72.0,0.0,20.9,230.3,Tillering,1,0.85,0.07
III,Pampanga,Arayat,2023-01-08,22.7,30.0,71.1,0.0,20.6,231.8,Tillering,1,0.62,0.25
III,Pampanga,Arayat,2023-01-09,24.5,30.2,69.8,0.0,21.3,224.0,Tillering,2,0.3,0.05
III,Pampanga,Arayat,2023-01-10,24.1,31.5,74.1,0.0,22.6,221.5,Tillering,2,0.0,0.0
III,Pampanga,Arayat,2023-01-11,24.7,32.8,68.8,0.0,22.5,206.9,Tillering,2,1.4,0.07
III,Pampanga,Arayat,2023-01-12,24.0,32.3,71.3,0.0,22.4,221.7,Tillering,3,0.0,0.12
III,Pampanga,Arayat,2023-01-13,23.7,33.0,69.7,0.0,22.3,216.8,Elongation,1,0.66,0.02
III,Pampanga,Arayat,2023-01-14,22.7,33.3,70.4,0.0,22.1,216.3,Elongation,1,0.14,0.19
III,Pampanga,Arayat,2023-01-15,22.9,33.2,72.3,0.0,22.5,219.6,Elongation,1,1.04,0.06
III,Pampanga,Arayat,2023-01-16,23.1,32.5,74.3,3.7,22.7,216.7,Elongation,1,0.0,0.09
III,Pampanga,Arayat,2023-01-17,22.6,33.5,69.5,0.0,22.0,221.3,Elongation,3,0.02,0.05
III,Pampanga,Arayat,2023-01-18,22.5,32.8,72.6,0.0,22.2,216.6,Elongation,2,0.11,0.01
III,Pampanga,Arayat,2023-01-19,21.4,30.7,74.6,0.8,21.0,205.8,Elongation,2,0.25,0.2
III,Pampanga,Arayat,2023-01-20,20.5,29.7,69.6,0.0,19.0,219.7,Elongation,1,1.05,0.13
III,Pampanga,Arayat,2023-01-21,21.2,30.3,66.6,0.0,19.1,232.6,Elongation,1,0.35,0.12
III,Pampanga,Arayat,2023-01-22,21.5,31.6,69.1,0.0,20.4,216.2,Elongation,0,0.0,0.05
III,Pampanga,Arayat,2023-01-23,22.5,32.9,69.8,0.0,21.7,210.6,Elongation,1,0.16,0.04
III,Pampanga,Arayat,2023-01-24,23.4,33.0,69.9,0.0,22.2,224.2,Elongation,4,0.64,0.07
III,Pampanga,Arayat,2023-01-25,23.3,31.7,70.4,0.0,21.6,216.9,Elongation,1,0.26,0.14
III,Pampanga,Arayat,2023-01-26,23.1,33.6,70.3,0.0,22.4,236.3,Elongation,0,1.1,0.03
III,Pampanga,Arayat,2023-01-27,23.0,33.4,71.8,0.0,22.6,221.5,Elongation,2,0.45,0.15
III,Pampanga,Arayat,2023-01-28,23.5,32.0,72.2,0.0,22.2,214.8,Elongation,2,0.0,0.14
III,Pampanga,Arayat,2023-01-29,23.6,30.0,73.3,7.6,21.5,218.8,Elongation,1,0.37,0.11
III,Pampanga,Arayat,2023-01-30,23.9,29.9,70.2,0.0,20.9,207.1,Elongation,3,0.93,0.1
III,Pampanga,Arayat,2023-01-31,23.3,30.7,70.32000000000001,0.0,20.9,213.2,Elongation,0,0.77,0.08
III,Pampanga,Arayat,2023-02-01,23.7,30.5,70.44,0.0,21.0,226.6,Panicle,2,0.25,0.25
III,Pampanga,Arayat,2023-02-02,22.1,31.0,70.56,0.0,21.2,229.7,Panicle,2,0.0,0.86
III,Pampanga,Arayat,2023-02-03,21.6,31.7,70.67999999999999,0.0,21.5,221.9,Panicle,2,0.12,0.26
III,Pampanga,Arayat,2023-02-04,21.9,33.2,70.8,0.0,21.7,218.8,Panicle,1,0.05,0.59
III,Pampanga,Arayat,2023-02-05,21.5,32.4,71.9,0.0,21.3,207.8,Panicle,0,0.0,0.53
III,Pampanga,Arayat,2023-02-06,21.1,33.4,76.6,3.9,22.6,220.9,Panicle,0,0.04,1.44
III,Pampanga,Arayat,2023-02-07,21.8,33.7,67.8,0.0,21.3,222.9,Panicle,1,0.12,0.97
III,Pampanga,Arayat,2023-02-08,22.1,31.7,68.8,0.0,20.7,237.4,Panicle,3,0.09,0.22
III,Pampanga,Arayat,2023-02-09,22.5,31.9,71.8,0.0,21.6,209.5,Panicle,1,0.03,1.27
III,Pampanga,Arayat,2023-02-10,23.8,31.8,74.3,0.0,22.7,215.7,Panicle,2,0.03,0.73
III,Pampanga,Arayat,2023-02-11,23.7,29.7,71.7,0.0,21.0,223.1,Panicle,4,0.04,0.0
III,Pampanga,Arayat,2023-02-12,22.5,30.3,73.1,0.0,21.0,207.2,Panicle,2,0.0,0.46
III,Pampanga,Arayat,2023-02-13,22.5,27.6,69.3,0.0,18.9,220.8,Panicle,1,0.26,0.83
III,Pampanga,Arayat,2023-02-14,23.2,29.7,71.8,0.0,20.8,221.1,Panicle,1,0.08,1.62
III,Pampanga,Arayat,2023-02-15,22.7,30.7,71.4,0.0,21.0,218.6,Flowering,0,0.13,0.65
III,Pampanga,Arayat,2023-02-16,22.9,30.6,73.0,0.0,21.4,234.1,Flowering,0,0.11,1.34
III,Pampanga,Arayat,2023-02-17,23.0,30.4,78.2,6.0,22.3,217.2,Flowering,0,0.08,0.63
III,Pampanga,Arayat,2023-02-18,24.1,30.7,71.7,0.0,21.7,227.5,Flowering,0,0.21,0.58
III,Pampanga,Arayat,2023-02-19,23.8,31.2,71.0,0.0,21.7,218.4,Flowering,4,0.16,0.69
III,Pampanga,Arayat,2023-02-20,24.7,31.9,69.1,0.0,22.1,224.7,Flowering,0,0.01,2.61
III,Pampanga,Arayat,2023-02-21,24.9,33.0,71.1,0.0,23.2,230.2,Flowering,1,0.08,0.6
III,Pampanga,Arayat,2023-02-22,23.9,31.1,70.2,0.0,21.5,227.4,Flowering,1,0.06,0.15
III,Pampanga,Arayat,2023-02-23,23.6,30.8,72.0,0.0,21.6,221.2,Flowering,1,0.12,0.76
III,Pampanga,Arayat,2023-02-24,22.6,31.4,71.2,0.0,21.2,222.7,Flowering,2,0.0,1.52
III,Pampanga,Arayat,2023-02-25,22.8,33.0,73.4,0.0,22.6,214.5,Flowering,1,0.0,0.0
III,Pampanga,Arayat,2023-02-26,22.1,32.6,69.2,0.0,21.2,216.6,Flowering,3,0.0,1.46
III,Pampanga,Arayat,2023-02-27,21.8,32.6,66.4,0.0,20.5,216.2,Flowering,1,0.07,0.49
III,Pampanga,Arayat,2023-02-28,22.5,32.9,68.7,0.0,21.4,237.1,Flowering,0,0.0,1.24
III,Pampanga,Arayat,2023-03-01,22.1,32.9,70.4,0.0,21.6,222.5,Flowering,2,0.19,0.6
III,Pampanga,Arayat,2023-03-02,21.8,32.6,69.8,0.0,21.2,218.2,Ripening,0,0.06,2.27
III,Pampanga,Arayat,2023-03-03,22.0,32.6,70.5,0.0,21.4,217.5,Ripening,3,0.06,3.32
III,Pampanga,Arayat,2023-03-04,21.5,32.3,68.9,0.0,21.166666666666664,215.1,Ripening,0,0.14,2.95
III,Pampanga,Arayat,2023-03-05,22.1,31.3,70.9,0.0,20.933333333333334,227.6,Ripening,0,0.2,2.91
III,Pampanga,Arayat,2023-03-06,22.0,29.9,73.6,8.9,20.7,204.8,Ripening,0,0.05,3.26
III,Pampanga,Arayat,2023-03-07,21.5,31.4,72.9,2.3,21.0,207.3,Ripening,0,0.04,2.25
III,Pampanga,Arayat,2023-03-08,21.8,31.7,69.5,0.0,20.6,223.0,Ripening,0,0.06,1.87
III,Pampanga,Arayat,2023-03-09,21.3,33.2,73.8,0.0,22.0,212.1,Ripening,0,0.11,1.72
III,Pampanga,Arayat,2023-03-10,21.5,32.7,72.5,0.0,21.6,224.4,Ripening,0,0.0,1.67
III,Pampanga,Arayat,2023-03-11,22.4,33.2,73.7,0.0,22.5,230.1,Ripening,0,0.06,1.14
III,Pampanga,Arayat,2023-03-12,24.2,30.4,71.8,0.0,21.7,213.2,Ripening,0,0.09,1.86
III,Pampanga,Arayat,2023-03-13,24.1,31.4,71.1,0.0,22.0,217.9,Ripening,1,0.12,1.63
III,Pampanga,Arayat,2023-03-14,23.3,31.4,70.9,0.0,21.5,222.7,Ripening,0,0.12,0.85
III,Pampanga,Arayat,2023-03-15,22.4,30.4,72.5,0.0,20.9,216.6,Ripening,1,0.08,0.87
III,Pampanga,Arayat,2023-03-16,22.2,30.2,71.2,0.0,20.4,209.0,Ripening,1,0.0,1.14
III,Pampanga,Arayat,2023-03-17,22.4,31.2,69.5,0.0,20.7,227.0,Ripening,0,0.11,0.0
III,Pampanga,Arayat,2023-03-18,22.9,31.5,69.8,0.0,21.2,220.4,Ripening,1,0.07,0.56
III,Pampanga,Arayat,2023-03-19,23.5,30.3,71.425,0.0,21.0,217.4,Ripening,1,0.12,0.0
III,Pampanga,Arayat,2023-03-20,23.3,30.1,73.05,0.0,21.2,227.8,Ripening,1,0.03,0.0
III,Pampanga,Arayat,2023-03-21,23.3,29.2,74.675,0.0,21.4,205.4,Ripening,0,0.05,0.0
III,Pampanga,Arayat,2023-03-22,23.8,29.5,76.3,0.0,21.9,233.0,Ripening,5,0.02,0.67
III,Pampanga,Arayat,2023-03-23,24.0,30.3,75.44,0.0,22.2,223.1,Ripening,3,0.09,0.49
III,Pampanga,Arayat,2023-03-24,23.7,30.7,74.58,0.0,21.1,214.4,Ripening,0,0.13,0.0
III,Pampanga,Arayat,2023-03-25,24.1,31.2,73.72,0.0,22.5,226.2,Ripening,3,0.02,0.98
III,Pampanga,Arayat,2023-03-26,23.5,31.1,72.86,0.0,21.9,224.3,Ripening,0,0.15,0.1
III,Pampanga,Arayat,2023-03-27,23.6,31.1,72.0,0.0,21.8,218.9,Ripening,0,0.04,0.19
III,Pampanga,Arayat,2023-03-28,23.5,32.2,74.7,0.0,22.8,222.9,Ripening,0,0.06,0.05
III,Pampanga,Arayat,2023-03-29,23.666666666666668,32.2,75.1,0.0,22.7,216.6,Ripening,0,0.19,0.09
III,Pampanga,Arayat,2023-03-30,23.833333333333332,31.7,75.8,0.0,23.2,217.4,Ripening,0,0.09,0.09
III,Pampanga,Arayat,2023-03-31,24.0,30.9,76.8,0.0,22.7,220.5,Ripening,0,0.03,0.03
III,Pampanga,Arayat,2023-04-01,24.166666666666668,29.5,77.5,10.5,22.0,214.2,Ripening,0,0.04,0.0
III,Pampanga,Arayat,2023-04-02,24.333333333333332,30.6,71.7,0.0,21.4,224.9,Ripening,2,0.06,0.12
III,Pampanga,Arayat,2023-04-03,24.5,30.4,69.7,0.0,21.4,219.2,Ripening,0,0.16,0.11
III,Pampanga,Arayat,2023-04-04,24.0,30.0,72.5,17.9,21.5,219.6,Ripening,0,0.1,0.13
III,Pampanga,Arayat,2023-04-05,24.5,31.8,71.3,0.0,22.4,217.7,Ripening,0,0.0,0.0
III,Pampanga,Arayat,2023-04-06,24.1,31.6,69.5,0.0,21.8,210.3,Ripening,0,0.06,0.02
III,Pampanga,Arayat,2023-04-07,23.9,32.1,73.2,0.0,22.6,239.3,Ripening,0,0.05,0.04
III,Pampanga,Arayat,2023-04-08,22.9,31.8,70.4,0.0,21.4,218.4,Ripening,0,0.0,0.04
III,Pampanga,Arayat,2023-04-09,24.1,31.4,72.5,0.0,22.2,208.6,Ripening,1,0.22,0.15
III,Pampanga,Arayat,2023-04-10,24.3,32.2,69.7,0.0,22.2,224.1,Ripening,0,0.08,0.09
III,Pampanga,Arayat,2023-04-11,23.3,33.3,70.6,0.0,22.4,227.4,Ripening,0,0.19,0.14
III,Pampanga,Arayat,2023-04-12,23.8,34.6,71.1,0.0,23.4,225.7,Ripening,0,0.06,0.16
III,Pampanga,Arayat,2023-04-13,23.5,34.2,71.5,0.0,23.2,238.6,Ripening,0,0.01,0.15
III,Pampanga,Arayat,2023-04-14,23.1,32.4,76.8,2.7,23.1,223.7,Ripening,0,0.01,0.14
III,Pampanga,Arayat,2023-04-15,23.3,33.0,71.3,0.0,22.4,222.7,Ripening,0,0.09,0.17
III,Pampanga,Arayat,2023-04-16,23.2,32.4,71.9,0.0,22.2,211.4,Ripening,0,0.22,0.15
III,Pampanga,Arayat,2023-04-17,23.2,31.6,70.9,0.0,21.6,226.2,Ripening,0,0.03,0.08
III,Pampanga,Arayat,2023-04-18,22.7,32.0,76.5,0.0,22.7,216.7,Ripening,1,0.06,0.17
III,Pampanga,Arayat,2023-04-19,22.9,34.1,78.7,0.0,24.2,215.9,Ripening,0,0.03,0.02
III,Pampanga,Arayat,2023-04-20,22.0,33.2,77.4,0.0,23.1,217.4,Ripening,0,0.01,0.06
III,Pampanga,Arayat,2023-04-21,21.6,30.5,82.1,9.8,22.5,218.1,Ripening,0,0.04,0.06
III,Pampanga,Arayat,2023-04-22,22.2,31.7,78.5,0.0,22.6,224.3,Ripening,0,0.1,0.05
III,Pampanga,Arayat,2023-04-23,22.4,30.6,72.8,0.0,21.1,226.3,Ripening,1,0.07,0.01
III,Pampanga,Arayat,2023-04-24,23.0,30.8,74.4,0.0,21.8,220.1,Ripening,0,0.11,0.17
III,Pampanga,Arayat,2023-04-25,22.6,30.0,77.4,17.4,21.8,196.8,Ripening,0,0.11,0.09
III,Pampanga,Arayat,2023-04-26,23.5,31.4,70.5,0.0,21.5,221.3,Ripening,0,0.11,0.04
III,Pampanga,Arayat,2023-04-27,23.9,32.8,72.0,0.0,22.8,218.9,Ripening,0,0.11,0.0
III,Pampanga,Arayat,2023-04-28,23.8,33.0,73.2,0.0,23.0,223.1,Ripening,0,0.11,0.18
III,Pampanga,Arayat,2023-04-29,23.9,31.7,74.1,0.0,22.6,206.9,Ripening,0,0.11,0.1
III,Pampanga,Arayat,2023-04-30,23.7,31.8,76.5,5.6,23.0,218.0,Seedling,0,0.2,0.21
III,Pampanga,Arayat,2023-05-01,23.9,30.6,71.3,0.0,21.5,218.9,Seedling,0,0.07,0.21
III,Pampanga,Arayat,2023-05-02,23.3,31.3,73.1,0.0,21.9,222.9,Seedling,0,0.11,0.13
III,Pampanga,Arayat,2023-05-03,23.2,31.4,72.3,30.0,21.8,175.0,Seedling,0,0.13,0.05
III,Pampanga,Arayat,2023-05-04,23.8,33.2,70.3,0.0,22.6,216.3,Seedling,0,0.04,0.14
III,Pampanga,Arayat,2023-05-05,23.6,32.3,74.5,0.0,22.8,227.0,Seedling,0,0.1,0.2
III,Pampanga,Arayat,2023-05-06,23.3,30.6,78.3,0.0,22.6,209.4,Seedling,0,0.0,0.11
III,Pampanga,Arayat,2023-05-07,22.4,30.0,80.2,23.5,22.2,186.4,Seedling,0,0.05,0.02
III,Pampanga,Arayat,2023-05-08,22.6,29.8,76.2,0.0,21.4,212.6,Seedling,0,0.03,0.0
III,Pampanga,Arayat,2023-05-09,21.9,27.2,83.3,27.7,21.2,195.4,Seedling,0,0.06,0.07
III,Pampanga,Arayat,2023-05-10,24.0,30.2,76.9,0.0,22.5,228.7,Seedling,0,0.0,0.0
III,Pampanga,Arayat,2023-05-11,23.0,30.3,76.7,0.0,22.0,211.4,Seedling,0,0.06,0.31
III,Pampanga,Arayat,2023-05-12,22.7,32.0,76.2,0.0,22.6,211.3,Seedling,0,0.08,0.02
III,Pampanga,Arayat,2023-05-13,22.7,32.6,74.4,0.0,22.5,221.2,Seedling,0,0.08,0.09
III,Pampanga,Arayat,2023-05-14,23.4,32.7,74.3,0.0,22.9,210.2,Seedling,0,0.22,0.07
III,Pampanga,Arayat,2023-05-15,23.1,31.3,80.9,8.6,23.4,207.7,Seedling,0,0.18333333333333335,0.16
III,Pampanga,Arayat,2023-05-16,23.1,31.2,76.3,0.0,22.4,210.2,Seedling,0,0.14666666666666667,0.07
III,Pampanga,Arayat,2023-05-17,23.0,31.1,74.9,0.0,22.2,204.3,Seedling,0,0.11,0.17
III,Pampanga,Arayat,2023-05-18,23.7,31.0,76.3,14.7,22.6,208.7,Seedling,0,0.07333333333333333,0.06
III,Pampanga,Arayat,2023-05-19,23.8,30.9,75.4,0.0,22.3,216.6,Seedling,0,0.03666666666666665,0.13
III,Pampanga,Arayat,2023-05-20,25.0,30.8,76.4,0.0,22.9,212.2,Seedling,0,0.0,0.08
III,Pampanga,Arayat,2023-05-21,24.4,30.7,78.8,25.7,23.3,189.6,Seedling,0,0.13,0.12
III,Pampanga,Arayat,2023-05-22,24.2,31.1,79.4,0.0,23.5,210.7,Seedling,0,0.05,0.21
III,Pampanga,Arayat,2023-05-23,23.7,31.5,80.8,17.4,23.8,206.1,Seedling,0,0.1,0.17
III,Pampanga,Arayat,2023-05-24,24.2,30.7,79.1,17.0,23.3,186.6,Seedling,0,0.05,0.1
III,Pampanga,Arayat,2023-05-25,22.6,32.6,76.0,0.0,22.8,214.9,Seedling,0,0.0,0.11
III,Pampanga,Arayat,2023-05-26,23.7,32.5,75.5,0.0,23.2,212.0,Seedling,0,0.01,0.2
III,Pampanga,Arayat,2023-05-27,23.0,32.2,80.1,7.9,23.6,206.3,Seedling,0,0.1,0.0
III,Pampanga,Arayat,2023-05-28,22.7,32.6,78.9,0.0,23.4,216.1,Seedling,0,0.07,0.0
III,Pampanga,Arayat,2023-05-29,23.6,33.2,78.6,0.0,24.1,209.9,Seedling,0,0.12,0.02
III,Pampanga,Arayat,2023-05-30,23.6,31.5,78.1,0.0,23.2,218.4,Seedling,0,0.1,0.0
III,Pampanga,Arayat,2023-05-31,22.2,31.4,79.8,0.0,22.8,204.2,Seedling,0,0.07,0.06
III,Pampanga,Arayat,2023-06-01,22.4,29.9,83.2,2.6,22.8,215.1,Seedling,0,0.01,0.0
III,Pampanga,Arayat,2023-06-02,22.3,32.0,82.9,7.0,23.7,213.6,Seedling,0,0.07,0.1
III,Pampanga,Arayat,2023-06-03,21.7,33.0,81.1,21.3,23.6,197.3,Seedling,0,0.13,0.03
III,Pampanga,Arayat,2023-06-04,21.5,32.8,76.9,0.0,22.5,210.3,Seedling,0,0.07,0.04
III,Pampanga,Arayat,2023-06-05,22.4,34.0,80.2,3.4,24.2,219.2,Seedling,14,1.84,0.0
III,Pampanga,Arayat,2023-06-06,23.8,32.5,80.4,0.0,24.2,195.9,Seedling,13,1.73,0.0
III,Pampanga,Arayat,2023-06-07,23.4,32.7,76.5,0.0,23.4,219.6,Seedling,11,1.95,0.02
III,Pampanga,Arayat,2023-06-08,22.0,32.0,81.4,13.8,23.3,201.0,Seedling,18,2.45,0.0
III,Pampanga,Arayat,2023-06-09,22.3,33.0,73.7,0.0,22.4,204.1,Seedling,20,3.02,0.06
III,Pampanga,Arayat,2023-06-10,23.1,33.0,80.6,14.3,24.2,204.5,Seedling,9,2.11,0.16
III,Pampanga,Arayat,2023-06-11,23.6,32.2,81.4,20.2,24.2,189.4,Seedling,11,2.83,0.18
III,Pampanga,Arayat,2023-06-12,23.8,34.2,78.0,0.0,24.6,205.4,Seedling,12,3.28,0.17
III,Pampanga,Arayat,2023-06-13,23.5,35.0,74.5,0.0,24.2,201.5,Seedling,10,1.81,0.17
III,Pampanga,Arayat,2023-06-14,23.4,35.1,80.8,5.2,25.4,199.5,Seedling,12,2.97,0.09
III,Pampanga,Arayat,2023-06-15,24.0,32.3,72.3,0.0,22.6,199.0,Seedling,7,3.95,0.07
III,Pampanga,Arayat,2023-06-16,24.2,33.2,76.3,0.0,24.0,205.9,Seedling,3,3.98,0.0
III,Pampanga,Arayat,2023-06-17,23.5,33.7,77.3,0.0,24.1,210.4,Seedling,6,4.61,0.07
III,Pampanga,Arayat,2023-06-18,22.4,33.1,78.6,0.0,23.5,201.7,Seedling,4,3.09,0.12
III,Pampanga,Arayat,2023-06-19,24.0,33.3,77.0,0.0,24.0,205.4,Seedling,5,3.84,0.14
III,Pampanga,Arayat,2023-06-20,24.2,32.7,81.0,6.7,24.7,195.7,Tillering,3,4.57,0.02
III,Pampanga,Arayat,2023-06-21,23.7,33.7,76.4,0.6,24.0,212.3,Tillering,6,3.49,0.21
III,Pampanga,Arayat,2023-06-22,23.1,31.7,79.3,33.1,23.3,167.8,Tillering,6,4.8,0.08
III,Pampanga,Arayat,2023-06-23,24.4,33.4,81.0,0.0,25.1,193.0,Tillering,6,3.59,0.09
III,Pampanga,Arayat,2023-06-24,25.3,33.8,80.3,0.0,25.6,221.7,Tillering,8,4.17,0.02
III,Pampanga,Arayat,2023-06-25,24.9,34.0,80.0,6.5,25.4,197.8,Tillering,9,4.84,0.03
III,Pampanga,Arayat,2023-06-26,23.1,32.0,82.1,61.7,24.0,145.2,Tillering,6,3.71,0.0
III,Pampanga,Arayat,2023-06-27,23.4,32.5,80.5,7.0,24.0,200.6,Tillering,14,3.35,0.18
III,Pampanga,Arayat,2023-06-28,24.0,34.0,73.8,0.0,23.8,206.9,Tillering,4,3.69,0.0
III,Pampanga,Arayat,2023-06-29,24.9,33.9,72.7,0.0,23.9,212.1,Tillering,2,2.85,0.0
III,Pampanga,Arayat,2023-06-30,24.8,33.9,75.3,0.0,23.95,209.0,Tillering,8,3.66,0.17
III,Pampanga,Arayat,2023-07-01,24.0,32.4,80.3,11.0,24.0,190.9,Tillering,4,2.24,0.06
III,Pampanga,Arayat,2023-07-02,23.9,33.4,76.4,0.0,24.049999999999997,203.6,Tillering,5,2.92,0.06
III,Pampanga,Arayat,2023-07-03,23.4,33.9,82.2,7.1,24.099999999999998,215.3,Tillering,5,2.73,0.16
III,Pampanga,Arayat,2023-07-04,23.1,33.5,80.0,0.0,24.15,203.3,Tillering,7,3.1,0.0
III,Pampanga,Arayat,2023-07-05,23.4,34.8,75.4,0.0,24.2,211.5,Tillering,2,2.52,0.01
III,Pampanga,Arayat,2023-07-06,22.0,34.7,79.5,4.4,24.2,206.1,Tillering,3,2.49,0.16
III,Pampanga,Arayat,2023-07-07,22.5,33.2,81.2,5.9,24.1,209.3,Tillering,2,3.57,0.15
III,Pampanga,Arayat,2023-07-08,23.6,33.0,77.5,0.0,23.8,195.3,Tillering,6,2.89,0.06
III,Pampanga,Arayat,2023-07-09,23.5,33.4,80.8,6.8,24.6,210.0,Tillering,1,2.69,0.11
III,Pampanga,Arayat,2023-07-10,23.3,33.9,81.8,3.5,25.0,187.0,Tillering,1,2.55,0.2
III,Pampanga,Arayat,2023-07-11,23.1,32.1,82.4,23.6,24.816666666666666,193.6,Tillering,3,2.36,0.14
III,Pampanga,Arayat,2023-07-12,24.9,32.3,79.3,0.0,24.633333333333333,200.4,Tillering,2,2.56,0.11
III,Pampanga,Arayat,2023-07-13,24.0,32.5,77.6,0.0,24.45,195.9,Tillering,5,2.36,0.06
III,Pampanga,Arayat,2023-07-14,24.6,33.5,76.4,0.0,24.266666666666666,206.3,Tillering,6,2.13,0.0
III,Pampanga,Arayat,2023-07-15,23.7,32.3,81.4,0.0,24.083333333333332,168.9,Elongation,4,3.83,0.12
III,Pampanga,Arayat,2023-07-16,24.6,31.4,79.6,0.0,23.9,203.1,Elongation,7,2.94,0.15
III,Pampanga,Arayat,2023-07-17,24.0,33.2,74.8,0.0,23.6,207.7,Elongation,7,1.23,0.0
III,Pampanga,Arayat,2023-07-18,24.8,33.7,75.6,0.0,24.4,195.4,Elongation,2,1.89,0.11
III,Pampanga,Arayat,2023-07-19,24.5,35.2,76.3,0.0,25.1,207.7,Elongation,3,1.61,0.19
III,Pampanga,Arayat,2023-07-20,23.3,33.2,76.6,0.0,23.6,205.7,Elongation,0,1.15,0.12
III,Pampanga,Arayat,2023-07-21,23.0,32.2,78.1,0.0,23.2,208.4,Elongation,2,0.25,0.2
III,Pampanga,Arayat,2023-07-22,22.4,29.0,83.6,57.6,22.4,148.4,Elongation,2,1.2,0.13
III,Pampanga,Arayat,2023-07-23,22.5,32.5,83.5,16.1,24.2,183.4,Elongation,2,0.12,0.16
III,Pampanga,Arayat,2023-07-24,23.6,34.4,83.39999999999999,0.0,25.1,202.4,Elongation,4,0.74,0.19
III,Pampanga,Arayat,2023-07-25,23.9,33.5,83.3,0.0,24.4,198.5,Elongation,1,0.63,0.29
III,Pampanga,Arayat,2023-07-26,22.9,33.8,83.2,10.2,25.2,187.9,Elongation,2,0.0,0.12
III,Pampanga,Arayat,2023-07-27,25.1,34.9,83.1,0.0,25.7,196.4,Elongation,2,0.63,0.0
III,Pampanga,Arayat,2023-07-28,23.4,34.2,83.0,8.2,25.4,185.1,Elongation,7,1.97,0.01
III,Pampanga,Arayat,2023-07-29,23.5,33.6,81.8,0.0,24.9,198.1,Elongation,3,2.06,0.0
III,Pampanga,Arayat,2023-07-30,24.3,33.8,86.9,5.6,26.4,198.3,Elongation,9,0.8,0.06
III,Pampanga,Arayat,2023-07-31,23.9,33.3,83.4,0.0,25.3,200.2,Elongation,6,1.38,0.0
III,Pampanga,Arayat,2023-08-01,24.3,33.8,84.7,0.0,26.0,199.0,Elongation,17,0.37,0.11
III,Pampanga,Arayat,2023-08-02,24.7,34.4,82.3,0.0,26.0,220.9,Elongation,21,1.61,0.05
III,Pampanga,Arayat,2023-08-03,24.3,34.0,86.3,6.4,26.4,199.3,Panicle,16,0.09,1.65
III,Pampanga,Arayat,2023-08-04,24.2,32.4,85.9,9.4,25.5,191.2,Panicle,15,0.15,1.79
III,Pampanga,Arayat,2023-08-05,23.8,31.7,87.0,25.5,25.2,169.2,Panicle,23,0.1,3.98
III,Pampanga,Arayat,2023-08-06,25.5,32.1,80.7,0.0,25.12,198.0,Panicle,21,0.11,3.3166666666666664
III,Pampanga,Arayat,2023-08-07,25.333333333333332,30.2,86.6,7.2,25.04,180.4,Panicle,26,0.16,2.6533333333333333
III,Pampanga,Arayat,2023-08-08,25.166666666666668,30.2,86.8,13.0,24.96,194.9,Panicle,16,0.15,1.99
III,Pampanga,Arayat,2023-08-09,25.0,31.2,85.7,16.5,24.88,183.7,Panicle,24,0.22,1.3266666666666667
III,Pampanga,Arayat,2023-08-10,24.833333333333332,31.4,88.7,17.8,24.8,168.9,Panicle,33,0.09,0.6633333333333336
III,Pampanga,Arayat,2023-08-11,24.666666666666668,32.9,82.2,0.0,24.4,202.2,Panicle,33,0.19,0.0
III,Pampanga,Arayat,2023-08-12,24.5,33.5,82.4,0.0,25.5,207.7,Panicle,26,0.01,0.65
III,Pampanga,Arayat,2023-08-13,24.0,34.1,87.2,16.3,26.5,178.0,Panicle,32,0.09,0.0
III,Pampanga,Arayat,2023-08-14,24.5,35.2,80.0,0.0,25.8,193.8,Panicle,26,0.19,2.21
III,Pampanga,Arayat,2023-08-15,24.1,35.6,79.6,0.0,25.8,209.9,Panicle,19,0.09,0.6
III,Pampanga,Arayat,2023-08-16,25.7,33.7,82.3,0.0,26.2,186.1,Panicle,21,0.04,1.28
III,Pampanga,Arayat,2023-08-17,25.0,33.6,83.9,0.0,26.1,195.8,Panicle,18,0.17,0.37
III,Pampanga,Arayat,2023-08-18,24.4,34.0,82.7,0.0,25.7,201.1,Flowering,16,0.09,0.0
III,Pampanga,Arayat,2023-08-19,22.5,34.1,78.8,0.6,24.1,196.6,Flowering,7,0.07,0.79
III,Pampanga,Arayat,2023-08-20,22.6,33.5,85.1,15.1,25.1,189.1,Flowering,16,0.17,0.78
III,Pampanga,Arayat,2023-08-21,23.6,33.9,77.6,0.0,24.3,192.4,Flowering,10,0.17,1.01
III,Pampanga,Arayat,2023-08-22,23.4,32.0,83.3,52.3,24.4,148.4,Flowering,10,0.0,1.19
III,Pampanga,Arayat,2023-08-23,24.8,32.5,84.8,13.8,25.6,193.2,Flowering,8,0.08,1.68
III,Pampanga,Arayat,2023-08-24,25.4,31.1,86.0,3.2,25.4,184.6,Flowering,11,0.18,2.06
III,Pampanga,Arayat,2023-08-25,24.9,32.1,82.5,0.0,25.0,202.0,Flowering,5,0.07,2.62
III,Pampanga,Arayat,2023-08-26,24.0,32.2,82.5,18.5,24.6,164.9,Flowering,3,0.09,1.34
III,Pampanga,Arayat,2023-08-27,24.3,34.1,86.1,3.0,26.4,192.6,Flowering,3,0.12,1.43
III,Pampanga,Arayat,2023-08-28,24.1,34.7,85.7,5.3,26.5,172.2,Flowering,10,0.09,1.91
III,Pampanga,Arayat,2023-08-29,24.6,34.2,84.2,4.9,26.2,199.3,Flowering,1,0.11,2.07
III,Pampanga,Arayat,2023-08-30,24.0,34.1,80.6,0.0,25.2,214.3,Flowering,1,0.15,0.0
III,Pampanga,Arayat,2023-08-31,22.7,32.0,82.2,24.8,23.8,171.3,Flowering,5,0.12,0.82
III,Pampanga,Arayat,2023-09-01,23.7,31.9,82.5,31.7,24.3,178.6,Flowering,3,0.09,0.3
III,Pampanga,Arayat,2023-09-02,24.5,33.4,76.9,0.0,24.3,210.1,Ripening,0,0.02,0.42
III,Pampanga,Arayat,2023-09-03,22.8,31.7,80.8,105.6,23.4,139.1,Ripening,3,0.0,1.12
III,Pampanga,Arayat,2023-09-04,23.1,32.7,80.0,5.7,23.9,192.8,Ripening,1,0.23,0.0
III,Pampanga,Arayat,2023-09-05,23.4,33.1,76.0,0.0,23.4,207.3,Ripening,2,0.2,0.0
III,Pampanga,Arayat,2023-09-06,22.6,33.9,83.1,11.5,24.9,184.2,Ripening,1,0.22,0.0
III,Pampanga,Arayat,2023-09-07,22.7,33.3,85.0,22.5,25.0,185.7,Ripening,1,0.11,1.16
III,Pampanga,Arayat,2023-09-08,23.3,32.7,82.0,0.0,24.4,193.8,Ripening,0,0.14,1.43
III,Pampanga,Arayat,2023-09-09,23.0,32.5,83.4,0.0,24.4,192.0,Ripening,2,0.07,0.99
III,Pampanga,Arayat,2023-09-10,23.0,30.3,85.0,205.7,23.6,154.5,Ripening,0,0.08,0.0
III,Pampanga,Arayat,2023-09-11,24.4,32.9,84.7,0.0,25.6,199.4,Ripening,0,0.0,0.7
III,Pampanga,Arayat,2023-09-12,24.5,33.0,89.8,6.6,26.7,196.8,Ripening,2,0.11,0.79
III,Pampanga,Arayat,2023-09-13,24.7,33.5,83.2,0.0,25.7,216.2,Ripening,2,0.0,1.05
III,Pampanga,Arayat,2023-09-14,24.2,32.1,84.8,9.9,25.1,187.9,Ripening,0,0.08,0.41
III,Pampanga,Arayat,2023-09-15,24.2,31.4,80.0,15.0,23.8,187.4,Ripening,1,0.17,0.0
III,Pampanga,Arayat,2023-09-16,23.4,32.2,79.4,6.8,23.7,186.6,Ripening,0,0.2,0.39
III,Pampanga,Arayat,2023-09-17,23.1,31.0,78.9,5.2,22.8,191.6,Ripening,0,0.0,0.83
III,Pampanga,Arayat,2023-09-18,23.2,28.8,83.9,39.0,22.8,139.0,Ripening,0,0.0,0.98
III,Pampanga,Arayat,2023-09-19,24.1,31.0,78.8,0.0,23.3,191.6,Ripening,0,0.0,1.13
III,Pampanga,Arayat,2023-09-20,22.9,29.7,80.1,23.2,22.3,188.3,Ripening,0,0.06,0.82
III,Pampanga,Arayat,2023-09-21,23.2,32.1,77.0,0.0,23.0,203.4,Ripening,0,0.0,0.0
III,Pampanga,Arayat,2023-09-22,22.5,33.3,82.8,4.4,24.5,182.1,Ripening,0,0.03,0.53
III,Pampanga,Arayat,2023-09-23,23.5,30.9,82.6,33.3,23.7,175.3,Ripening,0,0.04,0.24
III,Pampanga,Arayat,2023-09-24,24.7,32.7,81.7,0.0,25.0,204.7,Ripening,0,0.04,1.83
III,Pampanga,Arayat,2023-09-25,24.4,32.7,84.2,0.0,25.4,217.8,Ripening,0,0.0,0.0
III,Pampanga,Arayat,2023-09-26,24.1,32.8,84.2,0.0,25.3,190.2,Ripening,1,0.05,0.0
III,Pampanga,Arayat,2023-09-27,24.6,31.9,79.2,0.0,24.1,197.8,Ripening,0,0.02,0.14
III,Pampanga,Arayat,2023-09-28,22.3,30.9,87.0,30.2,24.0,173.9,Ripening,0,0.29,0.25
III,Pampanga,Arayat,2023-09-29,23.0,32.3,88.8,13.6,25.4,192.8,Ripening,0,0.03,0.08
III,Pampanga,Arayat,2023-09-30,23.6,33.1,87.0,6.3,25.8,198.9,Ripening,0,0.0,0.12
III,Pampanga,Arayat,2023-10-01,23.2,31.0,84.7,49.4,24.0,163.0,Ripening,0,0.16,0.22
III,Pampanga,Arayat,2023-10-02,23.5,31.9,85.2,7.3,24.7,199.3,Ripening,0,0.12,0.15
III,Pampanga,Arayat,2023-10-03,22.7,32.0,84.8,5.4,24.3,198.2,Ripening,0,0.0,0.0
III,Pampanga,Arayat,2023-10-04,23.7,33.2,87.7,5.3,26.0,187.2,Ripening,0,0.01,0.0
III,Pampanga,Arayat,2023-10-05,23.2,34.2,82.5,0.0,25.2,208.7,Ripening,0,0.26,0.0
III,Pampanga,Arayat,2023-10-06,22.7,33.6,84.7,4.6,25.1,187.1,Ripening,0,0.2525,0.06
III,Pampanga,Arayat,2023-10-07,23.3,33.7,84.1,29.9,25.3,169.0,Ripening,0,0.245,0.0
III,Pampanga,Arayat,2023-10-08,24.4,34.5,84.2,8.7,26.3,181.9,Ripening,1,0.23750000000000002,0.08
III,Pampanga,Arayat,2023-10-09,23.8,34.9,80.5,14.4,25.5,181.6,Ripening,0,0.23,0.16
III,Pampanga,Arayat,2023-10-10,24.7,33.6,76.1,0.0,24.4,207.5,Ripening,0,0.17,0.27
III,Pampanga,Arayat,2023-10-11,24.8,33.725,75.5,0.0,24.2,200.6,Ripening,0,0.08,0.0
III,Pampanga,Arayat,2023-10-12,23.1,33.85,73.4,0.0,22.2,199.6,Ripening,0,0.09,0.0
III,Pampanga,Arayat,2023-10-13,22.7,33.975,80.8,3.6,23.5,209.4,Ripening,0,0.12,0.11
III,Pampanga,Arayat,2023-10-14,23.5,34.1,72.3,0.0,23.3,186.7,Ripening,0,0.0,0.12
III,Pampanga,Arayat,2023-10-15,22.9,34.5,72.6,0.0,23.2,194.7,Ripening,0,0.15,0.0
III,Pampanga,Arayat,2023-10-16,24.5,32.9,75.0,2.2,23.7,200.6,Ripening,0,0.13,0.19
III,Pampanga,Arayat,2023-10-17,23.3,33.5,74.4,15.9,23.3,187.2,Ripening,0,0.0,0.14
III,Pampanga,Arayat,2023-10-18,23.0,33.0,72.3,0.0,22.5,185.8,Ripening,0,0.29,0.06
III,Pampanga,Arayat,2023-10-19,22.4,30.5,78.6,36.2,22.2,174.3,Ripening,0,0.09,0.13
III,Pampanga,Arayat,2023-10-20,23.1,32.9,75.8,0.0,23.2,197.1,Ripening,0,0.0,0.05
III,Pampanga,Arayat,2023-10-21,23.4,32.977777777777774,78.4,3.6,23.8,192.4,Ripening,0,0.08,0.05
III,Pampanga,Arayat,2023-10-22,23.4,33.05555555555556,82.9,6.2,23.975,203.5,Ripening,0,0.01,0.05
III,Pampanga,Arayat,2023-10-23,23.3,33.13333333333333,83.0,4.4,24.15,196.5,Ripening,0,0.15,0.17
III,Pampanga,Arayat,2023-10-24,23.6,33.21111111111111,83.2,12.1,24.325,171.4,Ripening,1,0.04,0.0
III,Pampanga,Arayat,2023-10-25,22.5,33.28888888888889,84.3,29.9,24.5,190.3,Ripening,0,0.01,0.09
III,Pampanga,Arayat,2023-10-26,23.3,33.36666666666667,79.2,0.0,23.9,212.7,Ripening,1,0.04,0.03
III,Pampanga,Arayat,2023-10-27,22.7,33.44444444444444,86.7,9.3,24.8,189.6,Ripening,0,0.06,0.07
III,Pampanga,Arayat,2023-10-28,23.1,33.522222222222226,83.1,0.0,24.8,200.7,Ripening,0,0.08,0.15
III,Pampanga,Arayat,2023-10-29,23.7,33.6,80.1,0.0,24.7,209.0,Ripening,0,0.1,0.03
III,Pampanga,Arayat,2023-10-30,24.1,34.0,80.4,0.0,25.1,203.4,Seedling,0,0.12,0.14
III,Pampanga,Arayat,2023-10-31,24.3,33.5,80.3,0.0,25.0,209.0,Seedling,0,0.14,0.08
III,Pampanga,Arayat,2023-11-01,24.8,32.2,85.2,17.9,25.5,191.1,Seedling,0,0.1,0.15
III,Pampanga,Arayat,2023-11-02,24.1,33.1,87.9,12.4,26.2,183.1,Seedling,0,0.01,0.06
III,Pampanga,Arayat,2023-11-03,26.5,33.3,79.3,0.0,25.8,199.5,Seedling,0,0.15,0.1
III,Pampanga,Arayat,2023-11-04,25.1,31.3,82.6,64.3,24.7,139.7,Seedling,0,0.09,0.26
III,Pampanga,Arayat,2023-11-05,25.0,32.0,81.1,0.8,24.7,206.0,Seedling,0,0.0,0.22
III,Pampanga,Arayat,2023-11-06,24.1,31.8,78.7,0.0,23.7,213.5,Seedling,0,0.03,0.18
III,Pampanga,Arayat,2023-11-07,24.3,31.4,77.2,0.0,23.3,206.8,Seedling,0,0.0,0.04
III,Pampanga,Arayat,2023-11-08,24.6,30.7,79.5,22.3,23.5,173.8,Seedling,0,0.15,0.06
III,Pampanga,Arayat,2023-11-09,24.1,30.5,83.6,20.0,24.0,188.0,Seedling,0,0.13,0.06
III,Pampanga,Arayat,2023-11-10,24.3,32.4,78.3,0.0,24.0,203.1,Seedling,0,0.11,0.04
III,Pampanga,Arayat,2023-11-11,24.1,31.5,81.1,0.0,24.0,204.6,Seedling,0,0.09,0.02
III,Pampanga,Arayat,2023-11-12,23.9,31.7,77.3,0.0,23.3,204.6,Seedling,0,0.07,0.06
III,Pampanga,Arayat,2023-11-13,23.4,31.9,87.2,12.6,25.1,188.2,Seedling,0,0.03,0.18
III,Pampanga,Arayat,2023-11-14,24.8,31.3,80.0,0.0,24.0,203.1,Seedling,1,0.11,0.0
III,Pampanga,Arayat,2023-11-15,24.5,31.0,79.0,6.5,23.6,207.5,Seedling,0,0.02,0.0
III,Pampanga,Arayat,2023-11-16,24.1,31.7,71.2,0.7,22.1,201.7,Seedling,0,0.09,0.03
III,Pampanga,Arayat,2023-11-17,23.7,32.2,75.4,3.4,23.0,201.3,Seedling,0,0.1,0.17
III,Pampanga,Arayat,2023-11-18,23.2,33.3,73.3,0.0,22.9,207.6,Seedling,0,0.04,0.21
III,Pampanga,Arayat,2023-11-19,23.3,35.0,70.0,0.1,23.2,220.1,Seedling,0,0.09,0.09
III,Pampanga,Arayat,2023-11-20,23.7,33.3,75.3,15.1,23.6,194.4,Seedling,0,0.05,0.05
III,Pampanga,Arayat,2023-11-21,23.5,31.5,79.1,117.5,23.3,139.2,Seedling,0,0.24,0.11
III,Pampanga,Arayat,2023-11-22,23.4,32.7,79.6,0.0,24.0,213.5,Seedling,0,0.15,0.01
III,Pampanga,Arayat,2023-11-23,23.0,31.1,77.1,0.0,22.5,210.5,Seedling,0,0.12,0.14
III,Pampanga,Arayat,2023-11-24,21.8,29.7,85.3,42.3,22.8,167.5,Seedling,0,0.19,0.16
III,Pampanga,Arayat,2023-11-25,24.2,32.3,85.5,6.5,25.4,210.7,Seedling,0,0.01,0.01
III,Pampanga,Arayat,2023-11-26,23.6,31.1,76.4,0.0,22.6,200.9,Seedling,0,0.19,0.0
III,Pampanga,Arayat,2023-11-27,24.4,31.8,77.2,0.0,23.5,221.1,Seedling,0,0.21,0.15
III,Pampanga,Arayat,2023-11-28,25.5,32.1,77.42,0.0,24.3,201.1,Seedling,0,0.12,0.22
III,Pampanga,Arayat,2023-11-29,26.1,32.7,77.64,8.6,25.8,195.5,Seedling,0,0.1,0.17
III,Pampanga,Arayat,2023-11-30,25.2,33.6,77.86,0.0,25.5,212.4,Seedling,0,0.01,0.13
III,Pampanga,Arayat,2023-12-01,24.1,35.4,78.08,0.0,25.3,217.8,Seedling,0,0.06,0.2
III,Pampanga,Arayat,2023-12-02,24.2,35.0,78.3,0.0,25.3,219.6,Seedling,0,0.1,0.12
III,Pampanga,Arayat,2023-12-03,22.7,34.3,76.3,0.0,23.8,208.8,Seedling,0,0.11,0.28
III,Pampanga,Arayat,2023-12-04,22.8,32.4,72.8,0.0,22.2,214.2,Seedling,0,0.61,0.02
III,Pampanga,Arayat,2023-12-05,21.4,33.2,74.4,0.0,22.2,199.4,Seedling,2,0.61,0.0
III,Pampanga,Arayat,2023-12-06,21.5,33.6,78.6,0.0,23.3,220.2,Seedling,0,0.87,0.0
III,Pampanga,Arayat,2023-12-07,22.0,31.6,75.1,0.0,21.8,215.2,Seedling,3,0.18,0.06
III,Pampanga,Arayat,2023-12-08,20.9,31.7,83.9,12.1,23.1,193.7,Seedling,2,1.59,0.04
III,Pampanga,Arayat,2023-12-09,23.1,32.4,80.1,0.0,23.8,214.4,Seedling,0,1.24,0.15
III,Pampanga,Arayat,2023-12-10,22.8,33.7,76.0,0.0,23.4,215.9,Seedling,0,1.11,0.06
III,Pampanga,Arayat,2023-12-11,23.6,33.0,74.1,0.0,23.1,213.9,Seedling,2,2.81,0.0
III,Pampanga,Arayat,2023-12-12,24.0,32.2,75.1,0.0,23.1,219.7,Seedling,2,1.94,0.11
III,Pampanga,Arayat,2023-12-13,25.0,32.4,75.7,0.0,23.8,238.4,Seedling,1,1.92,0.07
III,Pampanga,Arayat,2023-12-14,25.4,31.6,76.1,0.0,23.7,228.1,Seedling,1,1.71,0.01
III,Pampanga,Arayat,2023-12-15,24.5,32.1,80.4,21.1,24.4,180.6,Seedling,2,1.2,0.15
III,Pampanga,Arayat,2023-12-16,24.7,31.7,79.3,0.0,24.1,213.8,Seedling,0,0.0,0.1
III,Pampanga,Arayat,2023-12-17,24.3,30.0,77.3,0.0,22.6,204.1,Seedling,3,0.54,0.02
III,Pampanga,Arayat,2023-12-18,24.7,31.6,78.0,0.0,23.8,214.4,Seedling,1,0.43,0.0
III,Pampanga,Arayat,2023-12-19,24.4,32.4,77.8,0.0,24.0,207.7,Seedling,2,0.23,0.14
III,Pampanga,Arayat,2023-12-20,24.1,31.1,73.9,0.0,22.4,229.5,Tillering,0,0.84,0.14
III,Pampanga,Arayat,2023-12-21,23.2,31.5,79.2,3.2,23.2,203.4,Tillering,0,0.9,0.1
III,Pampanga,Arayat,2023-12-22,23.4,32.2,74.7,0.0,22.7,223.5,Tillering,1,0.0,0.22
III,Pampanga,Arayat,2023-12-23,23.2,30.5,81.5,4.6,23.2,209.5,Tillering,1,0.02,0.19
III,Pampanga,Arayat,2023-12-24,23.5,30.5,78.7,7.4,22.7,207.2,Tillering,2,0.56,0.0
III,Pampanga,Arayat,2023-12-25,23.6,30.4,78.9,5.6,22.8,220.2,Tillering,2,0.0,0.05
III,Pampanga,Arayat,2023-12-26,23.5,31.3,77.6,9.8,22.9,193.5,Tillering,1,0.0,0.0
III,Pampanga,Arayat,2023-12-27,24.6,30.4,67.1,0.0,20.9,220.0,Tillering,1,0.0,0.13
III,Pampanga,Arayat,2023-12-28,24.3,30.8,68.3,0.0,21.2,232.0,Tillering,1,0.89,0.11
III,Pampanga,Arayat,2023-12-29,23.0,31.3,74.4,16.7,22.0,199.7,Tillering,3,0.31,0.01
III,Pampanga,Arayat,2023-12-30,24.2,31.7,74.7,0.0,22.9,207.6,Tillering,2,0.63,0.06
III,Pampanga,Arayat,2023-12-31,23.4,31.7,74.4,0.0,22.4,220.0,Tillering,2,0.0,0.06
III,Pampanga,Arayat,2024-01-01,23.0,31.7,73.2,0.0,22.0,218.2,Tillering,3,0.04,0.0
III,Pampanga,Arayat,2024-01-02,22.5,31.2,79.5,1.5,22.8,212.9,Tillering,2,0.56,0.14
III,Pampanga,Arayat,2024-01-03,23.1,31.6,73.6,0.0,22.1,219.3,Tillering,2,0.36,0.19
III,Pampanga,Arayat,2024-01-04,23.8,32.5,73.1,0.0,22.8,224.5,Tillering,3,1.27,0.11
III,Pampanga,Arayat,2024-01-05,23.1,32.2,72.1,0.0,22.1,213.9,Tillering,2,0.83,0.01
III,Pampanga,Arayat,2024-01-06,23.1,31.3,72.1,0.0,21.6,212.4,Tillering,2,0.27,0.1
III,Pampanga,Arayat,2024-01-07,23.9,31.1,70.7,0.0,21.6,214.3,Tillering,2,1.14,0.04
III,Pampanga,Arayat,2024-01-08,23.2,31.0,71.2,0.0,21.3,227.2,Tillering,1,0.24,0.25
III,Pampanga,Arayat,2024-01-09,23.7,29.4,77.1,0.0,22.0,225.5,Tillering,1,0.49,0.11
III,Pampanga,Arayat,2024-01-10,23.5,30.1,79.3,0.0,22.7,219.4,Tillering,1,0.66,0.05
III,Pampanga,Arayat,2024-01-11,23.2,29.9,78.9,6.0,22.3,195.5,Tillering,3,0.0,0.11
III,Pampanga,Arayat,2024-01-12,24.6,31.2,73.3,0.0,22.6,217.8,Tillering,5,0.57,0.06
III,Pampanga,Arayat,2024-01-13,24.6,31.3,70.6,0.0,22.1,225.6,Tillering,2,0.0,0.24
III,Pampanga,Arayat,2024-01-14,25.0,32.0,69.1,0.0,22.3,217.0,Tillering,0,1.33,0.1
III,Pampanga,Arayat,2024-01-15,25.5,32.1,71.6,0.0,23.1,215.2,Elongation,2,0.71,0.11333333333333334
III,Pampanga,Arayat,2024-01-16,24.5,32.5,71.8,0.0,22.9,222.7,Elongation,2,0.23,0.12666666666666668
III,Pampanga,Arayat,2024-01-17,25.4,33.8,72.0,0.0,24.0,230.5,Elongation,3,0.8,0.14
III,Pampanga,Arayat,2024-01-18,24.5,33.0,70.6,0.0,22.9,224.2,Elongation,1,0.9,0.15333333333333332
III,Pampanga,Arayat,2024-01-19,23.5,32.8,70.2,0.0,22.2,223.9,Elongation,0,0.92,0.16666666666666666
III,Pampanga,Arayat,2024-01-20,23.8,32.2,75.0,0.0,23.0,221.1,Elongation,2,0.7,0.18
III,Pampanga,Arayat,2024-01-21,22.9,32.2,77.5,0.0,23.0,217.1,Elongation,4,0.8,0.18
III,Pampanga,Arayat,2024-01-22,23.9,31.2,78.1,0.0,23.2,222.5,Elongation,1,1.06,0.0
III,Pampanga,Arayat,2024-01-23,23.9,32.9,78.1,0.0,24.0,217.3,Elongation,2,0.82,0.12
III,Pampanga,Arayat,2024-01-24,23.3,33.5,75.1,0.0,23.4,221.1,Elongation,1,2.29,0.06
III,Pampanga,Arayat,2024-01-25,24.1,31.8,76.2,0.0,23.2,230.6,Elongation,2,1.4,0.2
III,Pampanga,Arayat,2024-01-26,24.6,31.9,74.5,0.0,23.2,223.5,Elongation,1,2.88,0.01
III,Pampanga,Arayat,2024-01-27,24.2,31.5,76.2,0.0,23.1,226.2,Elongation,2,3.26,0.15
III,Pampanga,Arayat,2024-01-28,23.7,32.7,71.5,0.0,22.5,219.0,Elongation,1,2.71,0.16
III,Pampanga,Arayat,2024-01-29,23.725,33.0,71.2,0.0,22.7,219.8,Elongation,5,2.58,0.25
III,Pampanga,Arayat,2024-01-30,23.75,32.0,70.9,0.0,22.2,216.9,Elongation,0,2.39,0.12
III,Pampanga,Arayat,2024-01-31,23.775,32.3,69.1,0.0,21.6,221.8,Elongation,1,4.19,0.06
III,Pampanga,Arayat,2024-02-01,23.8,30.7,68.7,0.0,21.0,225.5,Elongation,0,2.45,0.14
III,Pampanga,Arayat,2024-02-02,23.6,29.6,71.0,0.0,20.8,223.9,Elongation,5,2.09,0.2
III,Pampanga,Arayat,2024-02-03,23.7,29.7,70.9,0.0,20.9,223.2,Elongation,1,0.0,0.1
III,Pampanga,Arayat,2024-02-04,22.5,30.7,69.8,0.0,20.6,228.5,Panicle,1,0.02,0.84
III,Pampanga,Arayat,2024-02-05,22.8,31.9,74.0,5.8,22.2,240.7,Panicle,2,0.2,2.17
III,Pampanga,Arayat,2024-02-06,22.8,31.5,68.2,0.0,20.8,229.3,Panicle,1,0.16,0.96
III,Pampanga,Arayat,2024-02-07,21.4,31.8,72.5,0.0,21.1,212.5,Panicle,0,0.04,0.16
III,Pampanga,Arayat,2024-02-08,21.5,32.2,73.0,0.0,21.5,224.8,Panicle,0,0.0,0.01
III,Pampanga,Arayat,2024-02-09,21.9,32.8,73.0,1.4,21.9,222.5,Panicle,1,0.08,0.58
III,Pampanga,Arayat,2024-02-10,22.7,32.2,72.6,0.0,22.0,206.1,Panicle,4,0.1,1.17
III,Pampanga,Arayat,2024-02-11,22.6,32.1,70.6,0.0,20.9,213.4,Panicle,2,0.21,0.72
III,Pampanga,Arayat,2024-02-12,22.8,32.0,72.4,0.0,21.9,214.4,Panicle,2,0.04,1.06
III,Pampanga,Arayat,2024-02-13,23.1,31.900000000000002,72.9,0.0,21.9,239.5,Panicle,2,0.0,0.52
III,Pampanga,Arayat,2024-02-14,22.2,31.8,72.3,0.0,22.1,212.5,Panicle,2,0.01,1.58
III,Pampanga,Arayat,2024-02-15,22.9,31.700000000000003,72.1,0.0,22.3,223.8,Panicle,2,0.19,1.53
III,Pampanga,Arayat,2024-02-16,22.6,31.6,73.6,0.0,21.8,202.2,Panicle,0,0.12,2.56
III,Pampanga,Arayat,2024-02-17,23.2,32.3,69.4,0.0,21.6,217.8,Panicle,0,0.02,1.84
III,Pampanga,Arayat,2024-02-18,23.2,31.6,70.2,0.0,21.4,219.7,Panicle,2,0.15,5.91
III,Pampanga,Arayat,2024-02-19,24.0,32.5,68.6,0.0,22.0,236.7,Panicle,1,0.13,3.45
III,Pampanga,Arayat,2024-02-20,22.8,32.5,67.2,0.0,21.1,223.3,Flowering,1,0.0,2.78
III,Pampanga,Arayat,2024-02-21,23.9,32.1,64.1,0.0,20.8,215.6,Flowering,0,0.18,3.22
III,Pampanga,Arayat,2024-02-22,23.7,31.3,66.4,0.0,20.8,225.2,Flowering,2,0.11,2.41
III,Pampanga,Arayat,2024-02-23,23.0,30.8,65.5,0.0,20.0,222.5,Flowering,0,0.11,0.88
III,Pampanga,Arayat,2024-02-24,22.9,32.2,69.0,0.0,21.4,217.0,Flowering,1,0.02,2.03
III,Pampanga,Arayat,2024-02-25,22.4,31.2,66.9,0.0,20.2,225.1,Flowering,1,0.09,2.31
III,Pampanga,Arayat,2024-02-26,23.4,32.2,66.5,0.0,21.1,225.1,Flowering,0,0.11,1.16
III,Pampanga,Arayat,2024-02-27,22.9,34.0,67.3,0.0,21.9,225.0,Flowering,3,0.31,2.34
III,Pampanga,Arayat,2024-02-28,23.8,35.0,68.0,0.0,23.0,209.8,Flowering,0,0.01,2.3
III,Pampanga,Arayat,2024-02-29,24.3,32.8,71.7,0.0,22.9,215.8,Flowering,2,0.05,2.04
III,Pampanga,Arayat,2024-03-01,24.0,33.1,74.7,0.0,23.5,236.7,Flowering,2,0.19,2.49
III,Pampanga,Arayat,2024-03-02,23.7,32.9,72.9,0.0,22.9,234.9,Flowering,0,0.0,3.09
III,Pampanga,Arayat,2024-03-03,24.2,32.4,72.7,0.0,22.8,226.9,Flowering,0,0.03,2.41
III,Pampanga,Arayat,2024-03-04,24.0,31.2,69.6,0.0,21.5,221.6,Flowering,2,0.0,2.44
III,Pampanga,Arayat,2024-03-05,23.0,30.5,67.4,0.0,20.2,219.5,Flowering,1,0.22,0.85
III,Pampanga,Arayat,2024-03-06,23.1,30.2,70.3,0.0,20.7,220.8,Ripening,0,0.0,2.37
III,Pampanga,Arayat,2024-03-07,23.3,30.4,75.1,1.1,21.9,228.5,Ripening,0,0.28,0.72
III,Pampanga,Arayat,2024-03-08,23.5,31.0,73.6,0.0,22.0,217.1,Ripening,1,0.14,0.91
III,Pampanga,Arayat,2024-03-09,23.9,31.2,69.0,0.0,21.3,229.8,Ripening,0,0.0,0.7
III,Pampanga,Arayat,2024-03-10,23.7,31.3,68.3,0.0,21.2,231.3,Ripening,0,0.04,1.47
III,Pampanga,Arayat,2024-03-11,23.6,30.9,69.3,0.0,21.15,231.8,Ripening,0,0.15,0.0
III,Pampanga,Arayat,2024-03-12,24.4,30.9,69.5,0.0,21.099999999999998,222.7,Ripening,0,0.02,0.46
III,Pampanga,Arayat,2024-03-13,24.4,31.6,72.0,0.0,21.049999999999997,216.3,Ripening,0,0.0,1.75
III,Pampanga,Arayat,2024-03-14,24.5,31.2,69.0,0.0,21.0,209.4,Ripening,0,0.0,0.0
III,Pampanga,Arayat,2024-03-15,23.5,32.6,64.9,0.0,20.95,222.8,Ripening,0,0.06,0.78
III,Pampanga,Arayat,2024-03-16,22.5,30.9,70.8,16.4,20.9,204.3,Ripening,3,0.14,1.0
III,Pampanga,Arayat,2024-03-17,23.3,30.5,71.1,0.0,21.1,215.6,Ripening,2,0.1,2.35
III,Pampanga,Arayat,2024-03-18,23.3,30.2,66.6,0.0,20.1,216.3,Ripening,1,0.15,0.34
III,Pampanga,Arayat,2024-03-19,23.9,31.8,65.4,0.0,20.9,223.0,Ripening,1,0.0,0.88
III,Pampanga,Arayat,2024-03-20,23.7,32.7,65.4,0.0,21.3,220.9,Ripening,1,0.04,0.0
III,Pampanga,Arayat,2024-03-21,23.0,33.3,67.3,0.0,21.6,224.6,Ripening,1,0.22,0.2
III,Pampanga,Arayat,2024-03-22,22.7,31.4,74.8,19.5,22.0,220.9,Ripening,1,0.16,0.0
III,Pampanga,Arayat,2024-03-23,24.6,30.6,69.5,0.0,21.5,219.4,Ripening,3,0.1,1.06
III,Pampanga,Arayat,2024-03-24,24.7,30.5,70.3,0.0,21.7,216.6,Ripening,1,0.18,0.82
III,Pampanga,Arayat,2024-03-25,23.7,31.4,74.8,0.0,22.5,214.1,Ripening,0,0.0,0.14
III,Pampanga,Arayat,2024-03-26,23.5,31.6,75.7,0.0,22.7,210.7,Ripening,0,0.09,0.0
III,Pampanga,Arayat,2024-03-27,22.9,32.8,73.1,0.0,22.5,212.66666666666666,Ripening,0,0.16,0.0
III,Pampanga,Arayat,2024-03-28,22.7,32.1,73.4,0.0,22.1,214.63333333333333,Ripening,1,0.15,0.0
III,Pampanga,Arayat,2024-03-29,23.7,32.3,71.1,0.0,22.2,216.6,Ripening,1,0.2,1.24
III,Pampanga,Arayat,2024-03-30,23.4,33.0,72.9,0.0,22.8,238.4,Ripening,2,0.18,0.89
III,Pampanga,Arayat,2024-03-31,23.7,31.8,67.6,0.0,21.3,218.0,Ripening,2,0.05,0.22
III,Pampanga,Arayat,2024-04-01,22.8,31.7,71.2,0.0,21.5,223.3,Ripening,1,0.22,0.16
III,Pampanga,Arayat,2024-04-02,23.7,32.5,69.4,0.0,22.0,217.4,Ripening,0,0.0,0.01
III,Pampanga,Arayat,2024-04-03,24.0,32.2,68.2,0.0,21.7,211.6,Ripening,0,0.08,0.25
III,Pampanga,Arayat,2024-04-04,24.2,32.0,69.7,0.0,22.0,224.2,Ripening,0,0.24,0.2
III,Pampanga,Arayat,2024-04-05,25.5,32.9,70.1,0.0,23.2,224.6,Ripening,0,0.0,0.0
III,Pampanga,Arayat,2024-04-06,24.4,33.8,71.8,0.0,23.5,223.7,Ripening,0,0.0,0.06
III,Pampanga,Arayat,2024-04-07,24.0,33.1,70.9,0.0,22.7,219.9,Ripening,0,0.06,0.03
III,Pampanga,Arayat,2024-04-08,23.5,31.2,74.6,0.0,22.3,213.2,Ripening,0,0.01,0.1
III,Pampanga,Arayat,2024-04-09,23.7,32.7,76.1,0.0,23.4,217.8,Ripening,0,0.0,0.0
III,Pampanga,Arayat,2024-04-10,23.6,28.9,74.7,22.9,21.2,196.2,Ripening,0,0.15,0.15
III,Pampanga,Arayat,2024-04-11,24.8,29.3,72.7,0.0,21.6,217.3,Ripening,0,0.0,0.12
III,Pampanga,Arayat,2024-04-12,25.3,28.4,71.4,0.0,21.1,218.1,Ripening,0,0.15,0.17
III,Pampanga,Arayat,2024-04-13,24.94,29.3,70.4,0.0,21.6,220.3,Ripening,0,0.09,0.04
III,Pampanga,Arayat,2024-04-14,24.580000000000002,31.4,70.3,0.0,22.2,226.5,Ripening,0,0.05,0.07
III,Pampanga,Arayat,2024-04-15,24.22,31.8,69.7,0.0,22.0,219.6,Ripening,0,0.09,0.17
III,Pampanga,Arayat,2024-04-16,23.86,31.5,71.3,0.8,21.9,210.1,Ripening,0,0.02,0.1
III,Pampanga,Arayat,2024-04-17,23.5,32.0,72.8,0.0,22.3,213.4,Ripening,0,0.09,0.1
III,Pampanga,Arayat,2024-04-18,23.1,32.1,70.6,0.0,21.7,202.1,Ripening,0,0.13,0.08
III,Pampanga,Arayat,2024-04-19,23.4,32.9,70.7,0.0,22.3,211.2,Ripening,0,0.01,0.06
III,Pampanga,Arayat,2024-04-20,24.1,31.8,73.4,0.0,22.6,223.3,Ripening,0,0.08,0.12
III,Pampanga,Arayat,2024-04-21,23.5,30.1,71.9,0.0,21.2,217.7,Ripening,0,0.11,0.02
III,Pampanga,Arayat,2024-04-22,23.1,32.1,73.6,0.0,22.3,220.5,Ripening,0,0.1,0.1
III,Pampanga,Arayat,2024-04-23,22.7,33.7,70.2,0.0,22.2,207.6,Ripening,0,0.08,0.0
III,Pampanga,Arayat,2024-04-24,22.5,33.5,69.8,0.0,22.0,216.2,Ripening,0,0.11,0.01
III,Pampanga,Arayat,2024-04-25,22.2,31.6,77.1,6.3,22.3,220.7,Ripening,0,0.02,0.08
III,Pampanga,Arayat,2024-04-26,23.3,32.5,68.3,0.0,21.6,218.5,Ripening,0,0.07,0.04
III,Pampanga,Arayat,2024-04-27,23.5,32.8,71.0,0.0,22.3,209.0,Ripening,0,0.02,0.12
III,Pampanga,Arayat,2024-04-28,23.5,32.0,73.5,1.0,22.4,211.3,Ripening,0,0.0,0.12
III,Pampanga,Arayat,2024-04-29,23.0,31.1,74.1,0.0,21.9,225.0,Ripening,1,0.07,0.06
III,Pampanga,Arayat,2024-04-30,23.5,29.3,75.0,1.075,21.4,208.9,Ripening,0,0.07,0.09
III,Pampanga,Arayat,2024-05-01,22.5,31.0,73.0,2.15,21.4,218.8,Seedling,0,0.16,0.16
III,Pampanga,Arayat,2024-05-02,22.9,31.2,71.0,3.2249999999999996,21.2,216.4,Seedling,0,0.05,0.14
III,Pampanga,Arayat,2024-05-03,23.0,32.2,74.9,4.3,22.6,213.8,Seedling,0,0.14,0.0
III,Pampanga,Arayat,2024-05-04,22.9,32.4,68.6,0.0,21.4,219.6,Seedling,0,0.1,0.0
III,Pampanga,Arayat,2024-05-05,23.8,31.4,75.1,2.1,22.6,217.1,Seedling,0,0.0,0.21
III,Pampanga,Arayat,2024-05-06,22.7,31.3,70.1,0.0,21.0,211.1,Seedling,0,0.03,0.02
III,Pampanga,Arayat,2024-05-07,21.9,31.2,68.9,0.0,20.3,193.3,Seedling,0,0.15,0.09
III,Pampanga,Arayat,2024-05-08,20.9,29.4,73.5,27.4,19.8,195.3,Seedling,0,0.0,0.1
III,Pampanga,Arayat,2024-05-09,20.8,29.9,69.6,0.0,19.3,213.3,Seedling,0,0.12,0.02
III,Pampanga,Arayat,2024-05-10,21.0,29.9,74.7,4.033333333333333,20.4,205.1,Seedling,0,0.0,0.21
III,Pampanga,Arayat,2024-05-11,20.7,29.8,71.5,8.066666666666666,19.6,211.7,Seedling,0,0.0,0.14
III,Pampanga,Arayat,2024-05-12,21.3,29.6,77.0,12.1,20.8,204.4,Seedling,0,0.2,0.0
III,Pampanga,Arayat,2024-05-13,21.2,30.0,77.4,5.5,21.1,217.4,Seedling,0,0.06,0.11
III,Pampanga,Arayat,2024-05-14,22.3,31.4,74.1,0.0,21.7,215.7,Seedling,0,0.31,0.11
III,Pampanga,Arayat,2024-05-15,21.8,31.5,76.5,23.0,22.0,185.5,Seedling,0,0.02,0.1
III,Pampanga,Arayat,2024-05-16,22.9,32.8,73.4,0.0,22.5,224.4,Seedling,0,0.05,0.06
III,Pampanga,Arayat,2024-05-17,23.2,32.6,76.9,3.1,23.3,203.0,Seedling,0,0.0,0.01
III,Pampanga,Arayat,2024-05-18,22.9,32.3,76.5,20.0,22.9,208.1,Seedling,0,0.12,0.02
III,Pampanga,Arayat,2024-05-19,23.8,33.1,74.9,0.0,23.4,212.2,Seedling,0,0.02,0.2
III,Pampanga,Arayat,2024-05-20,23.0,33.3,79.6,4.8,24.1,205.6,Seedling,0,0.09,0.12
III,Pampanga,Arayat,2024-05-21,23.4,31.7,79.3,7.7,23.4,218.9,Seedling,0,0.2,0.0
III,Pampanga,Arayat,2024-05-22,24.1,31.9,76.2,0.0,23.2,213.0,Seedling,0,0.05,0.26
III,Pampanga,Arayat,2024-05-23,24.6,32.1,75.9,0.0,23.5,211.9,Seedling,1,0.17,0.13
III,Pampanga,Arayat,2024-05-24,24.1,32.8,76.9,11.5,23.8,203.4,Seedling,0,0.0,0.1
III,Pampanga,Arayat,2024-05-25,24.0,33.0,77.0,4.7,23.9,209.9,Seedling,0,0.08,0.0
III,Pampanga,Arayat,2024-05-26,23.7,32.3,73.5,1.0,22.7,204.3,Seedling,0,0.0,0.08
III,Pampanga,Arayat,2024-05-27,24.0,33.3,73.5,0.0,23.3,204.8,Seedling,0,0.02,0.13
III,Pampanga,Arayat,2024-05-28,23.1,32.4,77.2,2.9,23.2,200.5,Seedling,1,0.04,0.1
III,Pampanga,Arayat,2024-05-29,23.4,32.2,75.7,0.0,22.9,211.4,Seedling,0,0.06,0.11
III,Pampanga,Arayat,2024-05-30,22.7,31.9,76.2,0.0,22.5,210.0,Seedling,0,0.06,0.12
III,Pampanga,Arayat,2024-05-31,23.1,31.5,76.6,0.0,22.6,211.2,Seedling,10,3.31,0.15
III,Pampanga,Arayat,2024-06-01,22.3,33.0,79.0,0.0,23.4,208.5,Seedling,11,1.96,0.03
III,Pampanga,Arayat,2024-06-02,21.7,34.2,82.4,0.0,24.4,208.3,Seedling,12,2.88,0.03
III,Pampanga,Arayat,2024-06-03,23.0,32.9,82.5,0.0,24.4,222.6,Seedling,13,2.05,0.0
III,Pampanga,Arayat,2024-06-04,22.9,32.5,79.9,0.0,23.7,208.0,Seedling,20,2.35,0.11
III,Pampanga,Arayat,2024-06-05,23.4,31.4,80.4,0.0,23.5,201.5,Seedling,15,2.1,0.19
III,Pampanga,Arayat,2024-06-06,23.8,30.9,85.8,7.9,24.5,212.8,Seedling,16,2.39,0.2
III,Pampanga,Arayat,2024-06-07,24.4,31.9,80.7,0.0,24.3,213.7,Seedling,18,1.36,0.05
III,Pampanga,Arayat,2024-06-08,23.7,31.6,81.4,9.0,23.9,199.1,Seedling,23,1.26,0.07
III,Pampanga,Arayat,2024-06-09,23.5,32.5,77.9,0.0,23.6,204.5,Seedling,17,2.39,0.0
III,Pampanga,Arayat,2024-06-10,24.1,31.3,83.2,2.3,24.3,212.0,Seedling,31,1.22,0.12
III,Pampanga,Arayat,2024-06-11,24.0,30.9,81.0,6.5,23.6,208.3,Seedling,21,0.5,0.03
III,Pampanga,Arayat,2024-06-12,23.5,29.2,78.0,0.0,22.0,212.5,Seedling,17,0.27,0.18
III,Pampanga,Arayat,2024-06-13,23.3,30.0,79.6,0.0,22.083333333333332,198.0,Seedling,16,0.61,0.11
III,Pampanga,Arayat,2024-06-14,23.2,32.2,79.0,0.0,22.166666666666668,206.8,Seedling,28,0.5,0.0
III,Pampanga,Arayat,2024-06-15,23.0,33.2,78.0,0.0,22.25,202.4,Seedling,18,0.35,0.21
III,Pampanga,Arayat,2024-06-16,22.1,32.5,81.3,17.6,22.333333333333332,189.4,Tillering,48,0.0,0.0
III,Pampanga,Arayat,2024-06-17,22.2,32.7,82.1,14.4,22.416666666666668,184.7,Tillering,42,0.1,0.0
III,Pampanga,Arayat,2024-06-18,22.3,32.4,75.5,0.0,22.5,196.2,Tillering,42,0.81,0.0
III,Pampanga,Arayat,2024-06-19,23.7,33.1,75.1,0.0,23.4,209.8,Tillering,32,0.0,0.0
III,Pampanga,Arayat,2024-06-20,23.8,30.4,80.6,24.2,23.2,195.3,Tillering,18,0.0,0.0
III,Pampanga,Arayat,2024-06-21,22.6,30.2,84.8,17.8,23.4,191.7,Tillering,29,0.27,0.0
III,Pampanga,Arayat,2024-06-22,24.5,30.9,81.8,0.0,24.1,213.4,Tillering,29,0.91,0.0
III,Pampanga,Arayat,2024-06-23,25.0,30.8,80.1,0.0,23.9,208.9,Tillering,35,0.0,0.01
III,Pampanga,Arayat,2024-06-24,23.9,31.5,77.8,0.0,23.3,204.9,Tillering,27,0.4,0.07
III,Pampanga,Arayat,2024-06-25,23.6,32.4,76.8,0.0,23.4,202.4,Tillering,25,0.35,0.13
III,Pampanga,Arayat,2024-06-26,23.5,33.5,74.7,0.0,23.4,218.9,Tillering,21,0.0,0.19
III,Pampanga,Arayat,2024-06-27,23.2,32.3,77.3,0.0,23.2,209.1,Tillering,18,1.31,0.13
III,Pampanga,Arayat,2024-06-28,24.4,33.0,78.85,4.6,24.8,193.2,Tillering,18,2.07,0.14
III,Pampanga,Arayat,2024-06-29,24.7,31.5,80.4,2.5,24.3,199.9,Tillering,17,0.98,0.14
III,Pampanga,Arayat,2024-06-30,24.3,31.6,81.95,0.0,24.0,203.5,Tillering,9,1.39,0.1
III,Pampanga,Arayat,2024-07-01,24.1,31.3,83.5,0.0,24.4,196.3,Tillering,5,0.0,0.03
III,Pampanga,Arayat,2024-07-02,24.4,32.6,83.0,0.0,25.1,206.9,Tillering,14,0.62,0.0
III,Pampanga,Arayat,2024-07-03,23.8,33.5,84.2,12.0,25.5,189.5,Tillering,13,0.04,0.0
III,Pampanga,Arayat,2024-07-04,24.5,33.03333333333333,84.5,1.4,25.6,201.8,Tillering,22,0.77,0.0
III,Pampanga,Arayat,2024-07-05,22.9,32.56666666666667,87.0,2.5,25.3,203.9,Tillering,16,1.76,0.15
III,Pampanga,Arayat,2024-07-06,23.6,32.1,82.2,0.0,24.3,202.4,Tillering,18,1.41,0.24
III,Pampanga,Arayat,2024-07-07,23.9,31.3,82.4,0.0,24.1,208.5,Tillering,24,2.06,0.01
III,Pampanga,Arayat,2024-07-08,23.5,31.0,81.2,0.0,23.5,196.2,Tillering,18,1.65,0.13
III,Pampanga,Arayat,2024-07-09,24.4,32.1,81.4,0.0,24.5,190.3,Tillering,19,1.01,0.05
III,Pampanga,Arayat,2024-07-10,23.9,33.6,82.8,10.2,25.3,201.3,Tillering,23,0.13,0.1
III,Pampanga,Arayat,2024-07-11,23.7,35.5,80.2,0.0,25.6,190.4,Elongation,24,2.39,0.02
III,Pampanga,Arayat,2024-07-12,23.4,33.6,84.3,23.9,25.4,183.2,Elongation,26,2.98,0.2
III,Pampanga,Arayat,2024-07-13,24.0,34.2,82.0,0.0,25.5,206.7,Elongation,33,2.82,0.09
III,Pampanga,Arayat,2024-07-14,25.4,33.5,84.2,0.0,26.3,202.5,Elongation,19,3.8,0.05
III,Pampanga,Arayat,2024-07-15,25.4,34.1,83.7,0.0,26.5,205.9,Elongation,27,4.12,0.04
III,Pampanga,Arayat,2024-07-16,24.6,32.4,87.5,11.7,26.0,177.6,Elongation,29,4.44,0.16
III,Pampanga,Arayat,2024-07-17,24.3,33.0,82.5,0.9,25.2,200.1,Elongation,23,4.08,0.0
III,Pampanga,Arayat,2024-07-18,23.6,33.3,83.3,2.2,25.1,211.8,Elongation,29,3.21,0.17
III,Pampanga,Arayat,2024-07-19,23.1,32.5,81.4,14.3,24.1,179.7,Elongation,27,3.67,0.04
III,Pampanga,Arayat,2024-07-20,23.8,33.0,81.1,2.3,24.6,195.9,Elongation,22,4.74,0.0
III,Pampanga,Arayat,2024-07-21,23.3,33.4,78.8,0.0,24.1,197.0,Elongation,18,4.73,0.11
III,Pampanga,Arayat,2024-07-22,24.0,33.2,80.0,0.0,24.6,197.7,Elongation,15,6.0,0.09
III,Pampanga,Arayat,2024-07-23,23.3,33.8,81.1,0.0,24.8,207.0,Elongation,13,4.7,0.1
III,Pampanga,Arayat,2024-07-24,23.3,33.1,82.9,0.0,24.8,197.4,Elongation,17,5.35,0.14
III,Pampanga,Arayat,2024-07-25,22.9,31.4,84.8,24.0,24.1,183.2,Elongation,13,4.96,0.26
III,Pampanga,Arayat,2024-07-26,23.6,32.5,87.2,9.2,25.5,186.3,Elongation,14,4.44,0.0
III,Pampanga,Arayat,2024-07-27,23.1,31.8,89.3,14.4,25.3,177.6,Elongation,17,3.73,0.07
III,Pampanga,Arayat,2024-07-28,22.9,33.0,81.3,5.4,24.2,198.7,Elongation,16,3.69,0.07
III,Pampanga,Arayat,2024-07-29,23.8,32.9,83.6,7.6,25.1,194.7,Elongation,19,2.55,0.15
III,Pampanga,Arayat,2024-07-30,23.8,32.4,83.2,25.7,24.7,177.3,Elongation,9,2.74,0.09
III,Pampanga,Arayat,2024-07-31,25.1,33.7,80.6,1.4,25.5,170.3,Panicle,4,0.04,3.98
III,Pampanga,Arayat,2024-08-01,25.1,33.7,82.6,3.8,25.9,189.3,Panicle,3,0.12,4.32
III,Pampanga,Arayat,2024-08-02,25.3,33.2,82.3,0.0,25.7,197.7,Panicle,5,0.01,4.6
III,Pampanga,Arayat,2024-08-03,24.7,34.2,89.4,3.5,27.3,208.0,Panicle,6,0.11,5.29
III,Pampanga,Arayat,2024-08-04,23.2,32.9,86.9,25.3,25.4,175.6,Panicle,20,0.04,5.0
III,Pampanga,Arayat,2024-08-05,23.6,33.9,84.1,0.0,25.6,199.7,Panicle,17,0.0,4.48
III,Pampanga,Arayat,2024-08-06,23.5,33.2,88.8,17.6,26.1,185.5,Panicle,9,0.0,3.74
III,Pampanga,Arayat,2024-08-07,22.9,33.1,90.5,4.0,26.1,214.3,Panicle,13,0.0,4.95
III,Pampanga,Arayat,2024-08-08,23.8,30.3,89.8,17.0,25.0,175.1,Panicle,22,0.07,4.572857142857143
III,Pampanga,Arayat,2024-08-09,23.8,31.3,90.1,15.8,25.6,171.2,Panicle,17,0.1,4.195714285714286
III,Pampanga,Arayat,2024-08-10,23.7,32.7,87.6,20.9,25.7,177.2,Panicle,16,0.09,3.8185714285714285
III,Pampanga,Arayat,2024-08-11,24.0,33.1,88.0,9.9,26.2,182.2,Panicle,17,0.07,3.4414285714285713
III,Pampanga,Arayat,2024-08-12,24.1,33.3,86.5,0.0,26.0,200.0,Panicle,20,0.03,3.064285714285714
III,Pampanga,Arayat,2024-08-13,23.5,32.7,86.2,0.0,25.3,198.8,Panicle,23,0.06,2.6871428571428573
III,Pampanga,Arayat,2024-08-14,24.3,32.5,86.2,0.0,25.6,185.8,Panicle,28,0.0,2.31
III,Pampanga,Arayat,2024-08-15,24.2,33.8,90.3,2.9,27.1,192.1,Flowering,20,0.03,1.92
III,Pampanga,Arayat,2024-08-16,24.5,32.6,88.75999999999999,13.8,26.3,165.7,Flowering,21,0.08,0.38
III,Pampanga,Arayat,2024-08-17,25.6,34.0,87.22,5.9,27.5,196.3,Flowering,12,0.0,0.89
III,Pampanga,Arayat,2024-08-18,23.5,31.8,85.67999999999999,24.5,25.2,181.4,Flowering,28,0.01,0.22
III,Pampanga,Arayat,2024-08-19,23.9,34.2,84.14,6.3,26.6,180.2,Flowering,24,0.11,0.04
III,Pampanga,Arayat,2024-08-20,23.2,33.3,82.6,0.0,24.8,181.8,Flowering,11,0.14,0.89
III,Pampanga,Arayat,2024-08-21,22.9,33.1,83.65,9.9,24.8,193.1,Flowering,15,0.09,0.0
III,Pampanga,Arayat,2024-08-22,22.8,32.4,84.7,17.7,24.5,183.7,Flowering,21,0.16,1.05
III,Pampanga,Arayat,2024-08-23,23.0,32.4,78.9,0.0,23.5,215.3,Flowering,3,0.13,0.78
III,Pampanga,Arayat,2024-08-24,23.5,30.1,83.1,39.9,23.4,154.0,Flowering,9,0.01,0.0
III,Pampanga,Arayat,2024-08-25,23.9,32.2,79.9,0.0,24.0,199.4,Flowering,4,0.19,0.87
III,Pampanga,Arayat,2024-08-26,23.2,32.2,85.7,9.9,24.8,193.8,Flowering,3,0.0,0.35
III,Pampanga,Arayat,2024-08-27,23.8,31.7,87.5,4.0,25.2,190.4,Flowering,4,0.16,1.24
III,Pampanga,Arayat,2024-08-28,23.1,32.9,90.6,8.8,26.1,200.9,Flowering,3,0.03,0.18
III,Pampanga,Arayat,2024-08-29,22.6,34.1,83.3,0.0,25.0,188.2,Flowering,5,0.21,1.21
III,Pampanga,Arayat,2024-08-30,22.8,32.4,84.1,19.7,24.6,179.3,Ripening,0,0.02,0.84
III,Pampanga,Arayat,2024-08-31,22.6,33.2,84.9,7.1,25.1,189.7,Ripening,1,0.02,0.25
III,Pampanga,Arayat,2024-09-01,23.0,30.8,85.7,9.4,24.5,182.3,Ripening,1,0.09,0.54
III,Pampanga,Arayat,2024-09-02,23.4,31.3,86.5,0.0,24.5,178.8,Ripening,1,0.03,0.96
III,Pampanga,Arayat,2024-09-03,23.8,32.0,83.2,0.0,24.8,195.6,Ripening,2,0.09,0.0
III,Pampanga,Arayat,2024-09-04,24.2,33.2,87.4,5.5,26.2,196.0,Ripening,0,0.09,0.76
III,Pampanga,Arayat,2024-09-05,24.2,31.3,89.2,25.0,25.6,170.8,Ripening,1,0.06,0.82
III,Pampanga,Arayat,2024-09-06,25.7,30.6,85.0,7.4,25.2,193.9,Ripening,2,0.08,0.81
III,Pampanga,Arayat,2024-09-07,25.7,29.4,85.4,3.3,24.6,201.3,Ripening,2,0.16,0.01
III,Pampanga,Arayat,2024-09-08,25.0,29.2,86.2,10.3,24.3,172.2,Ripening,2,0.0,0.36
III,Pampanga,Arayat,2024-09-09,25.6,29.7,81.1,0.0,23.9,190.6,Ripening,3,0.14,1.14
III,Pampanga,Arayat,2024-09-10,25.0,32.3,86.1,1.4,25.9,198.2,Ripening,2,0.03,0.57
III,Pampanga,Arayat,2024-09-11,24.8,33.3,86.1,5.1,26.3,205.5,Ripening,0,0.0,0.47
III,Pampanga,Arayat,2024-09-12,23.9,33.9,85.9,27.5,26.1,169.9,Ripening,1,0.0,1.55
III,Pampanga,Arayat,2024-09-13,24.4,34.9,84.8,3.0,26.6,211.1,Ripening,4,0.05,0.03
III,Pampanga,Arayat,2024-09-14,24.2,35.4,82.0,10.3,26.2,203.1,Ripening,2,0.11,0.84
III,Pampanga,Arayat,2024-09-15,24.7,34.5,83.8,11.4,26.4,179.2,Ripening,1,0.2,0.64
III,Pampanga,Arayat,2024-09-16,24.6,35.1,80.5,0.0,26.0,203.9,Ripening,0,0.11,0.61
III,Pampanga,Arayat,2024-09-17,25.0,33.9,78.6,0.0,25.2,196.6,Ripening,0,0.19,1.24
III,Pampanga,Arayat,2024-09-18,25.0,34.7,85.1,6.1,26.9,183.8,Ripening,2,0.06,1.16
III,Pampanga,Arayat,2024-09-19,24.0,33.5,86.8,19.2,26.1,175.8,Ripening,0,0.0,1.64
III,Pampanga,Arayat,2024-09-20,24.8,34.3,82.9,0.0,26.1,208.9,Ripening,1,0.02,1.61
III,Pampanga,Arayat,2024-09-21,23.8,34.8,82.5,0.0,25.8,220.2,Ripening,0,0.0,4.31
III,Pampanga,Arayat,2024-09-22,23.3,36.0,84.4,0.0,26.5,187.2,Ripening,0,0.23,6.22
III,Pampanga,Arayat,2024-09-23,23.3,35.0,84.6,3.4,26.1,198.7,Ripening,0,0.0,8.25
III,Pampanga,Arayat,2024-09-24,22.9,35.5,82.0,0.0,25.6,201.4,Ripening,0,0.06,0.03
III,Pampanga,Arayat,2024-09-25,21.9,33.5,83.2,33.3,24.3,166.5,Ripening,0,0.0,0.15
III,Pampanga,Arayat,2024-09-26,23.1,32.1,79.6,0.0,23.5,202.6,Ripening,0,0.09,0.12
III,Pampanga,Arayat,2024-09-27,22.7,32.9,79.8,0.0,23.8,190.5,Ripening,0,0.0,0.18
III,Pampanga,Arayat,2024-09-28,23.2,33.6,86.0,11.4,25.6,198.3,Ripening,0,0.0,0.0
III,Pampanga,Arayat,2024-09-29,23.8,32.8,85.2,2.7,25.3,208.6,Ripening,1,0.0,0.17
III,Pampanga,Arayat,2024-09-30,23.2,33.2,84.4,11.2,25.1,201.6,Ripening,0,0.0,0.01
III,Pampanga,Arayat,2024-10-01,24.1,34.4,81.6,0.0,25.6,196.4,Ripening,0,0.07,0.16
III,Pampanga,Arayat,2024-10-02,24.1,33.0,86.1,28.1,25.8,171.1,Ripening,1,0.03,0.17
III,Pampanga,Arayat,2024-10-03,23.7,33.7,83.6,24.5,25.4,180.2,Ripening,1,0.0,0.04
III,Pampanga,Arayat,2024-10-04,23.7,33.9,79.6,0.0,24.7,206.6,Ripening,0,0.07,0.11
III,Pampanga,Arayat,2024-10-05,24.6,34.3,79.7,0.0,25.4,211.0,Ripening,0,0.08,0.23
III,Pampanga,Arayat,2024-10-06,25.1,36.1,77.3,0.0,26.1,189.0,Ripening,0,0.08,0.02
III,Pampanga,Arayat,2024-10-07,25.0,35.5,80.4,0.0,26.3,209.4,Ripening,0,0.08,0.15
III,Pampanga,Arayat,2024-10-08,24.9,34.3,79.2,0.0,25.4,202.5,Ripening,0,0.15,0.13
III,Pampanga,Arayat,2024-10-09,24.6,33.4,80.1,1.9,25.0,200.6,Ripening,0,0.0,0.0
III,Pampanga,Arayat,2024-10-10,24.1,33.1,81.1,2.1,24.8,198.1,Ripening,0,0.17,0.05
III,Pampanga,Arayat,2024-10-11,22.9,33.8,78.5,0.0,24.0,196.6,Ripening,0,0.1,0.11
III,Pampanga,Arayat,2024-10-12,22.9,33.0,83.6,11.1,24.7,190.5,Ripening,0,0.0,0.0
III,Pampanga,Arayat,2024-10-13,22.8,32.6,75.7,0.0,22.8,202.3,Ripening,0,0.08,0.14
III,Pampanga,Arayat,2024-10-14,23.1,33.2,82.6,12.9,24.7,211.5,Ripening,0,0.08,0.08
III,Pampanga,Arayat,2024-10-15,22.0,32.1,85.4,25.7,24.1,190.2,Ripening,0,0.17,0.12
III,Pampanga,Arayat,2024-10-16,23.7,32.6,82.3,0.0,24.6,197.2,Ripening,0,0.02,0.06
III,Pampanga,Arayat,2024-10-17,23.3,35.3,80.4,0.0,25.4,205.1,Ripening,0,0.12,0.26
III,Pampanga,Arayat,2024-10-18,21.3,32.6,84.9,28.0,23.9,170.7,Ripening,0,0.02,0.21400000000000002
III,Pampanga,Arayat,2024-10-19,22.4,34.1,82.2,0.0,24.7,188.5,Ripening,0,0.11,0.168
III,Pampanga,Arayat,2024-10-20,23.1,33.8,77.9,0.0,24.0,197.2,Ripening,0,0.0,0.122
III,Pampanga,Arayat,2024-10-21,23.2,33.3,79.0,0.0,24.0,206.2,Ripening,0,0.03,0.07600000000000001
III,Pampanga,Arayat,2024-10-22,23.5,34.0,85.3,2.1,25.8,194.0,Ripening,0,0.17,0.03
III,Pampanga,Arayat,2024-10-23,24.0,33.6,78.7,0.0,24.5,218.3,Ripening,0,0.0,0.06
III,Pampanga,Arayat,2024-10-24,24.3,33.2,79.7,0.0,24.7,191.7,Ripening,0,0.09,0.14
III,Pampanga,Arayat,2024-10-25,23.4,32.6,85.6,7.8,25.1,214.8,Ripening,0,0.01,0.02
III,Pampanga,Arayat,2024-10-26,23.0,33.1,85.28,0.0,24.7,211.1,Ripening,0,0.0,0.0
III,Pampanga,Arayat,2024-10-27,22.9,33.2,84.96,0.0,23.9,205.9,Ripening,0,0.26,0.0
III,Pampanga,Arayat,2024-10-28,22.4,32.8,84.64,2.4,25.0,209.7,Ripening,0,0.12,0.06
III,Pampanga,Arayat,2024-10-29,22.4,31.5,84.32,2.7,23.9,202.6,Ripening,0,0.14,0.03
III,Pampanga,Arayat,2024-10-30,23.1,29.4,84.0,9.6,23.0,192.6,Seedling,0,0.15,0.14
III,Pampanga,Arayat,2024-10-31,22.5,31.5,84.6,2.0,23.9,200.2,Seedling,0,0.17,0.0
III,Pampanga,Arayat,2024-11-01,23.0,30.5,78.7,0.0,22.5,205.4,Seedling,0,0.17,0.0
III,Pampanga,Arayat,2024-11-02,23.5,32.7,85.0,1.7,25.1,200.4,Seedling,0,0.0,0.07
III,Pampanga,Arayat,2024-11-03,24.6,31.1,80.1,0.0,23.9,212.8,Seedling,0,0.15,0.0
III,Pampanga,Arayat,2024-11-04,23.5,32.7,81.7,3.4,24.4,206.5,Seedling,0,0.14,0.06
III,Pampanga,Arayat,2024-11-05,24.1,34.2,74.1,0.0,24.0,199.9,Seedling,0,0.08,0.02
III,Pampanga,Arayat,2024-11-06,24.6,33.4,73.4,0.0,23.7,208.6,Seedling,0,0.11,0.06
III,Pampanga,Arayat,2024-11-07,23.7,33.1,77.5,3.8,23.9,189.0,Seedling,0,0.11,0.19
III,Pampanga,Arayat,2024-11-08,23.8,32.1,80.4,13.4,24.0,192.8,Seedling,0,0.05,0.08
III,Pampanga,Arayat,2024-11-09,22.4,32.8,76.5,0.0,22.9,207.6,Seedling,0,0.05,0.0
III,Pampanga,Arayat,2024-11-10,23.4,32.6,76.5,0.0,23.3,213.6,Seedling,0,0.0,0.16
III,Pampanga,Arayat,2024-11-11,24.0,32.5,76.6,10.4,23.6,204.1,Seedling,0,0.05,0.1
III,Pampanga,Arayat,2024-11-12,24.2,33.3,75.0,0.0,23.8,198.3,Seedling,0,0.05,0.14
III,Pampanga,Arayat,2024-11-13,23.4,31.4,83.3,10.2,24.1,200.9,Seedling,0,0.06,0.03
III,Pampanga,Arayat,2024-11-14,23.9,32.3,79.4,0.0,24.0,199.0,Seedling,0,0.0,0.31
III,Pampanga,Arayat,2024-11-15,23.5,32.2,78.8,0.0,23.6,201.9,Seedling,0,0.0,0.13
III,Pampanga,Arayat,2024-11-16,23.8,32.0,84.1,43.9,24.7,173.3,Seedling,0,0.0275,0.0
III,Pampanga,Arayat,2024-11-17,24.4,33.3,80.0,0.0,24.8,214.3,Seedling,0,0.055,0.12
III,Pampanga,Arayat,2024-11-18,23.6,32.0,85.4,27.6,24.9,188.4,Seedling,0,0.0825,0.14
III,Pampanga,Arayat,2024-11-19,24.2,33.1,83.5,6.6,25.3,202.7,Seedling,0,0.11,0.12
III,Pampanga,Arayat,2024-11-20,23.9,32.3,78.8,0.0,23.9,220.5,Seedling,0,0.14,0.11
III,Pampanga,Arayat,2024-11-21,23.1,33.0,86.3,1.7,25.3,209.5,Seedling,0,0.17,0.02
III,Pampanga,Arayat,2024-11-22,23.0,33.2,81.9,10.8,24.5,196.0,Seedling,0,0.06,0.07
III,Pampanga,Arayat,2024-11-23,22.6,33.3,81.3,1.6,24.2,212.2,Seedling,0,0.08,0.15
III,Pampanga,Arayat,2024-11-24,22.8,33.7,76.7,0.0,23.6,202.8,Seedling,0,0.13,0.17
III,Pampanga,Arayat,2024-11-25,22.9,34.9,75.5,0.0,24.0,191.5,Seedling,0,0.03,0.14
III,Pampanga,Arayat,2024-11-26,22.6,33.1,79.3,9.0,23.7,204.6,Seedling,0,0.12,0.15
III,Pampanga,Arayat,2024-11-27,22.5,34.3,76.0,0.0,23.6,214.0,Seedling,0,0.19,0.19
III,Pampanga,Arayat,2024-11-28,23.5,32.6,75.1,0.9,23.1,207.9,Seedling,0,0.01,0.07
III,Pampanga,Arayat,2024-11-29,23.7,32.5,73.4,0.0,22.8,208.4,Seedling,0,0.04,0.05
III,Pampanga,Arayat,2024-11-30,23.4,32.8,74.0,0.0,22.9,224.3,Seedling,0,0.06,0.03333333333333334
III,Pampanga,Arayat,2024-12-01,23.3,31.6,76.5,0.0,22.8,205.5,Seedling,0,0.15,0.01666666666666667
III,Pampanga,Arayat,2024-12-02,23.7,29.8,75.3,0.0,21.8,228.2,Seedling,0,0.07,0.0
III,Pampanga,Arayat,2024-12-03,23.7,31.0,80.8,5.8,23.5,207.2,Seedling,0,0.14,0.09
III,Pampanga,Arayat,2024-12-04,24.1,32.3,74.0,0.0,23.0,205.1,Seedling,0,0.0,0.16
III,Pampanga,Arayat,2024-12-05,23.8,32.0,70.9,0.0,22.1,217.3,Seedling,0,0.02,0.11
III,Pampanga,Arayat,2024-12-06,23.4,32.7,72.2,0.0,22.5,202.2,Seedling,1,0.59,0.1
III,Pampanga,Arayat,2024-12-07,22.7,32.8,74.7,0.0,22.7,206.3,Seedling,1,0.06,0.0
III,Pampanga,Arayat,2024-12-08,24.3,33.1,74.5,0.0,23.6,199.9,Seedling,0,0.79,0.0
III,Pampanga,Arayat,2024-12-09,25.7,32.1,77.7,0.0,24.4,221.5,Seedling,1,0.0,0.03
III,Pampanga,Arayat,2024-12-10,25.0,31.5,74.8,0.0,23.2,217.1,Seedling,0,0.0,0.04
III,Pampanga,Arayat,2024-12-11,24.9,32.6,72.6,0.0,23.3,217.55,Seedling,3,0.84,0.11
III,Pampanga,Arayat,2024-12-12,25.4,31.6,75.5,0.0,23.6,218.0,Seedling,0,0.08,0.03
III,Pampanga,Arayat,2024-12-13,25.5,32.075,72.7,0.0,22.9,218.45,Seedling,1,0.53,0.04
III,Pampanga,Arayat,2024-12-14,24.4,32.55,73.8,0.8,22.9,218.9,Seedling,0,0.53,0.05
III,Pampanga,Arayat,2024-12-15,24.7,33.025,73.3,0.0,23.8,235.3,Seedling,1,0.75,0.060000000000000005
III,Pampanga,Arayat,2024-12-16,24.8,33.5,75.3,0.0,24.2,220.2,Seedling,1,0.89,0.07
III,Pampanga,Arayat,2024-12-17,24.5,32.7,74.0,0.0,23.4,218.9,Seedling,0,0.75,0.0
III,Pampanga,Arayat,2024-12-18,24.7,32.4,76.6,7.9,23.9,212.7,Seedling,0,0.17,0.06
III,Pampanga,Arayat,2024-12-19,23.2,31.1,76.6,11.2,22.5,189.5,Seedling,0,0.2,0.12
III,Pampanga,Arayat,2024-12-20,23.9,32.3,72.8,0.0,22.7,228.2,Seedling,1,0.89,0.05
III,Pampanga,Arayat,2024-12-21,23.8,32.4,74.2,0.0,22.9,219.9,Tillering,3,0.28,0.19
III,Pampanga,Arayat,2024-12-22,24.0,33.9,77.9,1.3,24.5,206.4,Tillering,3,1.22,0.28
III,Pampanga,Arayat,2024-12-23,24.5,33.8,73.9,0.0,23.9,217.6,Tillering,3,0.42,0.0
III,Pampanga,Arayat,2024-12-24,24.1,33.3,72.8,0.0,23.3,212.5,Tillering,4,0.46,0.06
III,Pampanga,Arayat,2024-12-25,23.6,33.3,73.9,0.0,23.2,218.2,Tillering,4,0.23,0.02
III,Pampanga,Arayat,2024-12-26,22.9,32.7,72.2,0.0,22.2,215.3,Tillering,4,0.49,0.0
III,Pampanga,Arayat,2024-12-27,23.7,32.4,72.6,0.5,22.6,216.1,Tillering,0,1.08,0.0
III,Pampanga,Arayat,2024-12-28,23.0,32.3,67.9,0.0,21.2,209.2,Tillering,3,0.2,0.02
III,Pampanga,Arayat,2024-12-29,22.1,33.1,71.1,0.0,21.8,211.9,Tillering,3,0.78,0.14
III,Pampanga,Arayat,2024-12-30,21.8,31.5,76.6,44.8,22.0,175.9,Tillering,0,0.53,0.12
III,Pampanga,Arayat,2024-12-31,21.7,33.2,70.6,0.0,21.6,220.4,Tillering,5,0.86,0.06
III,Nueva Ecija,Cabanatuan City,2019-01-01,22.5,33.3,68.4,0.0,21.6,230.9,Tillering,1,0.56,0.04
III,Nueva Ecija,Cabanatuan City,2019-01-02,21.7,32.3,70.4,2.7,21.1,222.4,Tillering,2,0.0,0.07
III,Nueva Ecija,Cabanatuan City,2019-01-03,22.2,32.6,67.5,0.0,20.9,248.9,Tillering,1,1.01,0.09
III,Nueva Ecija,Cabanatuan City,2019-01-04,22.2,32.8,75.0,7.0,22.5,230.8,Tillering,0,1.05,0.07
III,Nueva Ecija,Cabanatuan City,2019-01-05,21.9,32.4,73.75,0.0,21.2,225.0,Tillering,0,0.44,0.0
III,Nueva Ecija,Cabanatuan City,2019-01-06,21.5,32.9,72.5,0.0,21.4,230.3,Tillering,0,0.48,0.12
III,Nueva Ecija,Cabanatuan City,2019-01-07,20.6,32.9,71.25,0.0,21.0,236.2,Tillering,1,0.46,0.07
III,Nueva Ecija,Cabanatuan City,2019-01-08,20.8,34.1,70.0,0.0,21.5,232.8,Tillering,1,0.31,0.07
III,Nueva Ecija,Cabanatuan City,2019-01-09,20.8,33.4,68.0,0.0,20.7,246.9,Tillering,2,0.0,0.16
III,Nueva Ecija,Cabanatuan City,2019-01-10,20.3,33.5,64.0,0.0,19.7,236.9,Tillering,2,0.29,0.06
III,Nueva Ecija,Cabanatuan City,2019-01-11,20.4,32.9,63.4,0.0,19.3,230.4,Tillering,3,0.02,0.0
III,Nueva Ecija,Cabanatuan City,2019-01-12,21.1,33.0,66.4,0.0,20.3,232.3,Tillering,2,0.0,0.0
III,Nueva Ecija,Cabanatuan City,2019-01-13,21.4,33.0,62.5,0.0,19.7,239.1,Tillering,2,0.08,0.03
III,Nueva Ecija,Cabanatuan City,2019-01-14,21.3,32.2,61.5,0.0,19.0,253.4,Tillering,4,0.69,0.07
III,Nueva Ecija,Cabanatuan City,2019-01-15,21.5,33.6,60.5,0.0,19.6,244.2,Tillering,3,0.36,0.17
III,Nueva Ecija,Cabanatuan City,2019-01-16,21.9,33.3,66.0,0.0,20.8,238.0,Tillering,1,0.0,0.11
III,Nueva Ecija,Cabanatuan City,2019-01-17,22.2,33.6,67.0,0.0,21.3,223.1,Elongation,1,1.11,0.0
III,Nueva Ecija,Cabanatuan City,2019-01-18,21.4,33.2,68.2,0.0,20.9,233.3,Elongation,1,1.94,0.15
III,Nueva Ecija,Cabanatuan City,2019-01-19,21.6,32.1,68.8,0.0,20.6,238.2,Elongation,2,1.26,0.07
III,Nueva Ecija,Cabanatuan City,2019-01-20,21.5,32.3,66.5,0.0,20.2,234.5,Elongation,1,1.19,0.21
III,Nueva Ecija,Cabanatuan City,2019-01-21,22.1,31.0,62.5,0.0,19.0,235.7,Elongation,1,1.21,0.1
III,Nueva Ecija,Cabanatuan City,2019-01-22,22.0,29.6,67.7,3.2,19.3,233.9,Elongation,1,0.2,0.06
III,Nueva Ecija,Cabanatuan City,2019-01-23,22.3,30.0,67.3,3.3,19.6,228.1,Elongation,1,1.29,0.11
III,Nueva Ecija,Cabanatuan City,2019-01-24,20.9,31.4,64.7,0.0,19.1,231.0,Elongation,1,0.54,0.05
III,Nueva Ecija,Cabanatuan City,2019-01-25,21.8,32.1,64.1,0.0,19.8,236.7,Elongation,0,0.0,0.11
III,Nueva Ecija,Cabanatuan City,2019-01-26,21.3,31.9,67.3,0.0,20.1,244.5,Elongation,2,1.85,0.06
III,Nueva Ecija,Cabanatuan City,2019-01-27,21.3,33.0,68.7,0.0,20.9,238.8,Elongation,0,1.13,0.03
III,Nueva Ecija,Cabanatuan City,2019-01-28,21.3,34.2,68.4,0.0,21.4,225.5,Elongation,0,0.28,0.02
III,Nueva Ecija,Cabanatuan City,2019-01-29,21.3,34.0,67.9,0.0,21.2,245.1,Elongation,1,0.31,0.0
III,Nueva Ecija,Cabanatuan City,2019-01-30,21.7,32.6,67.0,0.0,20.5,238.2,Elongation,2,0.55,0.11
III,Nueva Ecija,Cabanatuan City,2019-01-31,21.1,32.5,68.3,0.0,20.5,232.6,Elongation,4,0.52,0.18
III,Nueva Ecija,Cabanatuan City,2019-02-01,20.9,33.2,69.2,0.0,20.9,237.6,Elongation,0,0.36,0.16
III,Nueva Ecija,Cabanatuan City,2019-02-02,22.0,33.1,68.0,0.0,21.2,221.7,Elongation,2,1.16,0.11
III,Nueva Ecija,Cabanatuan City,2019-02-03,23.0,33.2,66.0,0.0,21.3,232.8,Elongation,1,0.05,0.16
III,Nueva Ecija,Cabanatuan City,2019-02-04,22.6,32.2,65.2,0.0,20.4,231.4,Elongation,6,0.09,0.14
III,Nueva Ecija,Cabanatuan City,2019-02-05,23.5,30.7,66.4,0.0,20.4,246.8,Elongation,0,0.0,0.04
III,Nueva Ecija,Cabanatuan City,2019-02-06,22.5,31.3,70.1,1.1,20.9,231.5,Panicle,1,0.06,1.11
III,Nueva Ecija,Cabanatuan City,2019-02-07,22.3,31.6,67.2,0.0,20.4,230.5,Panicle,2,0.08,0.65
III,Nueva Ecija,Cabanatuan City,2019-02-08,22.2,31.2,65.5,0.0,19.8,238.3,Panicle,3,0.11,0.82
III,Nueva Ecija,Cabanatuan City,2019-02-09,21.5,33.1,62.9,0.0,19.9,233.8,Panicle,2,0.16,0.97
III,Nueva Ecija,Cabanatuan City,2019-02-10,22.0,33.2,64.1,0.0,20.4,256.8,Panicle,1,0.05,1.81
III,Nueva Ecija,Cabanatuan City,2019-02-11,21.2,32.9,65.2,0.0,20.1,233.5,Panicle,1,0.06,0.96
III,Nueva Ecija,Cabanatuan City,2019-02-12,23.0,32.8,66.7,0.0,21.2,239.6,Panicle,0,0.1,0.91
III,Nueva Ecija,Cabanatuan City,2019-02-13,23.2,32.4,66.8,0.0,21.2,233.3,Panicle,1,0.14,0.0
III,Nueva Ecija,Cabanatuan City,2019-02-14,22.8,32.6,69.9,0.0,21.7,232.9,Panicle,3,0.04,1.56
III,Nueva Ecija,Cabanatuan City,2019-02-15,22.2,31.5,69.9,0.0,20.8,237.6,Panicle,2,0.03,0.77
III,Nueva Ecija,Cabanatuan City,2019-02-16,21.7,32.3,69.9,0.0,21.0,221.4,Panicle,0,0.14,1.86
III,Nueva Ecija,Cabanatuan City,2019-02-17,22.6,33.6,67.8,0.0,21.7,247.3,Panicle,0,0.12,0.16
III,Nueva Ecija,Cabanatuan City,2019-02-18,23.0,34.5,65.3,0.0,21.8,260.5,Panicle,1,0.08,0.11
III,Nueva Ecija,Cabanatuan City,2019-02-19,23.5,34.4,67.0,0.0,22.4,244.2,Panicle,1,0.07,1.75
III,Nueva Ecija,Cabanatuan City,2019-02-20,22.9,32.4,70.1,20.0,21.7,207.5,Panicle,0,0.0,1.32
III,Nueva Ecija,Cabanatuan City,2019-02-21,24.0,33.7,70.1,0.0,22.9,237.4,Panicle,2,0.0,1.79
III,Nueva Ecija,Cabanatuan City,2019-02-22,23.3,33.7,72.2,0.0,22.9,246.1,Flowering,2,0.18,2.05
III,Nueva Ecija,Cabanatuan City,2019-02-23,22.8,34.3,68.5,0.0,22.2,247.7,Flowering,4,0.14,2.26
III,Nueva Ecija,Cabanatuan City,2019-02-24,23.1,34.6,67.6,0.0,22.4,246.5,Flowering,2,0.11,3.2
III,Nueva Ecija,Cabanatuan City,2019-02-25,23.1,36.1,65.6,0.0,22.7,244.3,Flowering,7,0.08,3.41
III,Nueva Ecija,Cabanatuan City,2019-02-26,21.8,34.1,67.3,0.0,21.4,232.7,Flowering,4,0.07,5.59
III,Nueva Ecija,Cabanatuan City,2019-02-27,22.0,33.7,64.6,0.0,20.8,231.1,Flowering,9,0.09,5.02
III,Nueva Ecija,Cabanatuan City,2019-02-28,22.4,34.9,61.7,0.0,21.0,245.3,Flowering,0,0.01,4.48
III,Nueva Ecija,Cabanatuan City,2019-03-01,22.1,35.2,61.0,0.0,20.8,229.2,Flowering,1,0.0,5.11
III,Nueva Ecija,Cabanatuan City,2019-03-02,22.1,34.8,60.9,0.0,20.6,243.7,Flowering,2,0.0,5.332
III,Nueva Ecija,Cabanatuan City,2019-03-03,22.4,34.2,64.5,0.0,21.2,238.95,Flowering,0,0.0,5.554
III,Nueva Ecija,Cabanatuan City,2019-03-04,21.7,33.2,63.6,0.0,20.2,234.2,Flowering,1,0.04,5.776
III,Nueva Ecija,Cabanatuan City,2019-03-05,21.4,34.9,66.5,0.0,21.4,229.45,Flowering,1,0.09,5.998
III,Nueva Ecija,Cabanatuan City,2019-03-06,21.2,34.5,67.6,0.0,21.4,224.7,Flowering,3,0.14,6.22
III,Nueva Ecija,Cabanatuan City,2019-03-07,21.4,34.0,66.9,0.0,21.1,255.1,Flowering,0,0.19,8.03
III,Nueva Ecija,Cabanatuan City,2019-03-08,21.4,34.3,68.9,0.0,21.6,233.8,Flowering,1,0.0,6.23
III,Nueva Ecija,Cabanatuan City,2019-03-09,22.2,33.8,67.3,0.0,21.5,237.3,Ripening,2,0.12,6.48
III,Nueva Ecija,Cabanatuan City,2019-03-10,21.8,35.4,68.3,0.0,22.3,230.5,Ripening,1,0.09,6.01
III,Nueva Ecija,Cabanatuan City,2019-03-11,21.6,35.6,66.1,0.3,21.8,242.1,Ripening,0,0.0,6.5
III,Nueva Ecija,Cabanatuan City,2019-03-12,21.9,35.5,67.1,0.0,22.1,253.4,Ripening,0,0.18,5.88
III,Nueva Ecija,Cabanatuan City,2019-03-13,21.8,35.9,65.3,0.0,21.9,237.2,Ripening,1,0.1,6.52
III,Nueva Ecija,Cabanatuan City,2019-03-14,20.5,35.4,69.5,0.0,21.8,220.3,Ripening,0,0.0,7.33
III,Nueva Ecija,Cabanatuan City,2019-03-15,21.8,34.9,69.8,0.0,22.3,240.7,Ripening,0,0.05,7.56
III,Nueva Ecija,Cabanatuan City,2019-03-16,22.3,32.9,71.7,0.0,22.075,230.1,Ripening,0,0.15,6.65
III,Nueva Ecija,Cabanatuan City,2019-03-17,23.2,32.9,69.8,0.0,21.85,234.6,Ripening,2,0.08,5.32
III,Nueva Ecija,Cabanatuan City,2019-03-18,22.8,32.1,66.7,0.0,21.625,239.9,Ripening,1,0.2,6.07
III,Nueva Ecija,Cabanatuan City,2019-03-19,24.0,32.6,65.7,0.0,21.4,245.6,Ripening,1,0.0,5.63
III,Nueva Ecija,Cabanatuan City,2019-03-20,23.5,32.9,67.0,0.0,21.6,223.2,Ripening,2,0.11,4.39
III,Nueva Ecija,Cabanatuan City,2019-03-21,23.4,32.6,67.7,0.0,21.5,239.6,Ripening,5,0.05,4.12
III,Nueva Ecija,Cabanatuan City,2019-03-22,24.3,33.7,68.3,0.0,22.7,235.0,Ripening,0,0.02,2.84
III,Nueva Ecija,Cabanatuan City,2019-03-23,23.9,34.3,70.7,0.0,23.2,229.4,Ripening,3,0.0,3.72
III,Nueva Ecija,Cabanatuan City,2019-03-24,23.1,32.3,74.0,1.8,22.5,234.7,Ripening,4,0.05,2.32
III,Nueva Ecija,Cabanatuan City,2019-03-25,23.240000000000002,32.5,69.4,0.0,21.7,246.3,Ripening,4,0.12,0.46
III,Nueva Ecija,Cabanatuan City,2019-03-26,23.380000000000003,33.7,64.4,0.0,21.0,230.3,Ripening,2,0.07,0.0
III,Nueva Ecija,Cabanatuan City,2019-03-27,23.52,33.8,66.6,0.0,21.3,226.9,Ripening,6,0.19,0.0
III,Nueva Ecija,Cabanatuan City,2019-03-28,23.66,33.0,68.3,0.0,21.7,236.9,Ripening,4,0.09,0.0
III,Nueva Ecija,Cabanatuan City,2019-03-29,23.8,32.0,72.6,0.0,22.4,236.2,Ripening,4,0.06,0.0
III,Nueva Ecija,Cabanatuan City,2019-03-30,22.8,30.7,73.3,5.1,21.4,237.9,Ripening,4,0.16,1.57
III,Nueva Ecija,Cabanatuan City,2019-03-31,23.3,30.7,70.1,0.0,21.0,223.5,Ripening,4,0.15,0.0
III,Nueva Ecija,Cabanatuan City,2019-04-01,21.8,30.7,72.1,1.6,20.7,253.0,Ripening,7,0.0,1.34
III,Nueva Ecija,Cabanatuan City,2019-04-02,21.8,31.9,66.0,0.0,20.725,239.4,Ripening,2,0.06,0.0
III,Nueva Ecija,Cabanatuan City,2019-04-03,22.3,33.2,68.9,2.7,20.75,237.7,Ripening,0,0.0,0.03
III,Nueva Ecija,Cabanatuan City,2019-04-04,20.9,33.1,63.6,0.0,20.775,231.9,Ripening,0,0.22,0.0
III,Nueva Ecija,Cabanatuan City,2019-04-05,19.6,35.0,67.3,0.0,20.8,228.4,Ripening,0,0.04,0.02
III,Nueva Ecija,Cabanatuan City,2019-04-06,20.6,33.6,67.5,0.0,20.6,239.2,Ripening,0,0.03,0.0
III,Nueva Ecija,Cabanatuan City,2019-04-07,21.0,33.9,67.6,0.0,21.0,236.5,Ripening,0,0.0,0.0
III,Nueva Ecija,Cabanatuan City,2019-04-08,21.6,34.4,66.6,0.0,21.3,240.1,Ripening,0,0.11,0.01
III,Nueva Ecija,Cabanatuan City,2019-04-09,21.9,34.5,66.5,0.0,21.5,230.2,Ripening,0,0.0,0.13
III,Nueva Ecija,Cabanatuan City,2019-04-10,21.9,36.4,65.9,0.0,22.3,237.7,Ripening,0,0.0,0.0
III,Nueva Ecija,Cabanatuan City,2019-04-11,22.2,36.8,65.2,0.0,22.5,232.6,Ripening,0,0.1,0.16
III,Nueva Ecija,Cabanatuan City,2019-04-12,23.2,35.1,66.4,0.0,22.4,232.8,Ripening,1,0.14,0.12
III,Nueva Ecija,Cabanatuan City,2019-04-13,23.7,34.7,69.7,0.0,23.1,239.2,Ripening,0,0.11,0.0
III,Nueva Ecija,Cabanatuan City,2019-04-14,22.0,33.9,66.4,0.0,21.2,232.2,Ripening,0,0.0,0.15
III,Nueva Ecija,Cabanatuan City,2019-04-15,23.0,33.7,67.8,0.0,21.9,239.7,Ripening,0,0.11,0.08
III,Nueva Ecija,Cabanatuan City,2019-04-16,22.9,32.3,67.4,0.0,21.1,250.1,Ripening,0,0.18,0.03
III,Nueva Ecija,Cabanatuan City,2019-04-17,23.5,33.2,65.4,0.0,21.4,228.7,Ripening,0,0.1,0.06
III,Nueva Ecija,Cabanatuan City,2019-04-18,23.1,34.4,68.7,3.6,22.6,224.2,Ripening,0,0.0,0.14
III,Nueva Ecija,Cabanatuan City,2019-04-19,22.7,33.1,71.7,1.9,21.9,229.2,Ripening,0,0.02,0.19
III,Nueva Ecija,Cabanatuan City,2019-04-20,22.3,33.5,66.3,0.0,20.7,242.3,Ripening,0,0.05,0.06
III,Nueva Ecija,Cabanatuan City,2019-04-21,21.9,33.2,68.5,0.0,21.2,243.4,Ripening,0,0.13,0.0
III,Nueva Ecija,Cabanatuan City,2019-04-22,21.5,34.0,67.9,0.0,21.3,244.3,Ripening,0,0.15,0.04
III,Nueva Ecija,Cabanatuan City,2019-04-23,21.6,33.2,65.9,0.0,20.6,230.3,Ripening,0,0.0,0.02
III,Nueva Ecija,Cabanatuan City,2019-04-24,21.9,33.5,66.2,0.0,20.9,239.6,Ripening,0,0.05,0.0
III,Nueva Ecija,Cabanatuan City,2019-04-25,21.5,33.6,67.3,0.0,21.0,232.9,Ripening,0,0.04,0.01
III,Nueva Ecija,Cabanatuan City,2019-04-26,22.3,33.5,70.7,6.4,22.0,215.7,Ripening,1,0.0,0.08
III,Nueva Ecija,Cabanatuan City,2019-04-27,23.2,32.2,69.7,0.0,21.6,230.6,Ripening,0,0.13,0.0
III,Nueva Ecija,Cabanatuan City,2019-04-28,23.5,32.3,67.1,0.0,21.3,236.8,Ripening,0,0.0,0.09
III,Nueva Ecija,Cabanatuan City,2019-04-29,23.1,32.6,71.0,0.0,22.0,230.6,Ripening,0,0.12,0.13
III,Nueva Ecija,Cabanatuan City,2019-04-30,21.2,33.3,67.8,0.0,20.8,229.6,Ripening,0,0.09,0.09
III,Nueva Ecija,Cabanatuan City,2019-05-01,20.2,34.3,66.5,0.0,20.6,236.6,Ripening,0,0.03,0.07
III,Nueva Ecija,Cabanatuan City,2019-05-02,20.7,34.8,66.8,0.0,21.1,237.7,Ripening,0,0.21,0.17
III,Nueva Ecija,Cabanatuan City,2019-05-03,21.1,32.2,69.5,0.0,20.6,218.8,Seedling,0,0.12,0.08
III,Nueva Ecija,Cabanatuan City,2019-05-04,22.6,32.3,66.1,0.0,20.7,232.9,Seedling,0,0.12,0.0
III,Nueva Ecija,Cabanatuan City,2019-05-05,21.8,33.6,67.8,0.0,21.3,246.2,Seedling,0,0.11,0.19
III,Nueva Ecija,Cabanatuan City,2019-05-06,22.9,33.3,72.4,16.1,22.6,231.2,Seedling,0,0.14,0.01
III,Nueva Ecija,Cabanatuan City,2019-05-07,22.2,32.6,68.8,0.0,21.2,235.4,Seedling,0,0.1,0.06
III,Nueva Ecija,Cabanatuan City,2019-05-08,22.7,34.3,71.8,0.0,22.9,230.4,Seedling,0,0.05,0.0
III,Nueva Ecija,Cabanatuan City,2019-05-09,23.1,34.2,72.6,0.0,23.2,225.6,Seedling,0,0.0,0.0
III,Nueva Ecija,Cabanatuan City,2019-05-10,21.9,35.1,73.4,3.3,23.2,231.4,Seedling,1,0.0,0.19
III,Nueva Ecija,Cabanatuan City,2019-05-11,21.7,34.0,67.7,0.0,21.4,225.3,Seedling,0,0.12,0.2
III,Nueva Ecija,Cabanatuan City,2019-05-12,22.1,33.5,73.2,4.4,22.4,225.9,Seedling,0,0.04,0.06
III,Nueva Ecija,Cabanatuan City,2019-05-13,21.6,33.8,73.2,0.0,22.3,243.4,Seedling,0,0.0,0.12
III,Nueva Ecija,Cabanatuan City,2019-05-14,22.4,33.5,76.4,12.3,23.2,221.5,Seedling,0,0.14,0.05
III,Nueva Ecija,Cabanatuan City,2019-05-15,22.4,33.4,68.3,0.0,21.6,231.0,Seedling,0,0.07,0.0
III,Nueva Ecija,Cabanatuan City,2019-05-16,22.7,33.5,70.2,0.0,22.1,237.5,Seedling,0,0.1,0.07
III,Nueva Ecija,Cabanatuan City,2019-05-17,22.9,35.0,68.6,0.0,22.7,233.4,Seedling,0,0.0,0.12
III,Nueva Ecija,Cabanatuan City,2019-05-18,23.3,35.5,69.4,0.0,23.3,235.6,Seedling,0,0.21,0.14
III,Nueva Ecija,Cabanatuan City,2019-05-19,22.4,33.8,74.2,3.8,22.9,234.7,Seedling,0,0.12,0.05
III,Nueva Ecija,Cabanatuan City,2019-05-20,23.1,34.9,70.2,0.0,23.0,241.9,Seedling,0,0.24,0.13
III,Nueva Ecija,Cabanatuan City,2019-05-21,23.5,33.4,68.4,0.0,22.1,217.8,Seedling,0,0.22499999999999998,0.12
III,Nueva Ecija,Cabanatuan City,2019-05-22,22.6,29.6,74.7,27.1,21.0,204.2,Seedling,0,0.21,0.03
III,Nueva Ecija,Cabanatuan City,2019-05-23,23.4,31.3,73.2,0.0,22.0,243.5,Seedling,0,0.195,0.22
III,Nueva Ecija,Cabanatuan City,2019-05-24,22.7,32.0,71.0,0.0,21.6,226.2,Seedling,0,0.18,0.1
III,Nueva Ecija,Cabanatuan City,2019-05-25,23.7,32.5,69.4,0.0,22.0,241.5,Seedling,0,0.16499999999999998,0.07
III,Nueva Ecija,Cabanatuan City,2019-05-26,24.1,32.5,70.9,0.0,22.5,221.9,Seedling,0,0.15,0.13
III,Nueva Ecija,Cabanatuan City,2019-05-27,23.3,34.3,68.7,0.0,22.5,241.5,Seedling,0,0.04,0.16
III,Nueva Ecija,Cabanatuan City,2019-05-28,22.7,34.3,70.9,0.0,22.7,223.8,Seedling,0,0.0,0.0
III,Nueva Ecija,Cabanatuan City,2019-05-29,22.1,34.7,75.2,0.0,23.4,212.4,Seedling,0,0.19,0.07
III,Nueva Ecija,Cabanatuan City,2019-05-30,22.3,34.5,70.4,0.0,22.5,216.6,Seedling,0,0.05,0.05
III,Nueva Ecija,Cabanatuan City,2019-05-31,22.1,34.8,72.3,0.0,22.9,225.7,Seedling,0,0.16,0.06
III,Nueva Ecija,Cabanatuan City,2019-06-01,22.4,33.3,77.2,21.0,23.3,211.1,Seedling,1,0.0,0.13
III,Nueva Ecija,Cabanatuan City,2019-06-02,22.2,34.6,77.3,8.1,23.9,223.3,Seedling,0,0.05,0.14
III,Nueva Ecija,Cabanatuan City,2019-06-03,22.6,34.2,79.7,8.0,24.3,230.1,Seedling,9,0.38,0.03
III,Nueva Ecija,Cabanatuan City,2019-06-04,22.3,33.2,72.9,0.0,22.3,239.2,Seedling,15,0.37,0.0
III,Nueva Ecija,Cabanatuan City,2019-06-05,22.2,34.6,73.0,0.0,23.0,224.7,Seedling,12,0.17,0.06
III,Nueva Ecija,Cabanatuan City,2019-06-06,23.1,35.0,72.3,0.0,23.5,236.7,Seedling,12,1.19,0.01
III,Nueva Ecija,Cabanatuan City,2019-06-07,24.1,34.7,74.4,1.9,24.3,228.2,Seedling,13,1.85,0.0
III,Nueva Ecija,Cabanatuan City,2019-06-08,24.1,36.3,72.1,0.0,24.6,231.0,Seedling,10,2.03,0.09
III,Nueva Ecija,Cabanatuan City,2019-06-09,23.5,34.2,71.3,0.0,23.1,231.8,Seedling,14,2.26,0.27
III,Nueva Ecija,Cabanatuan City,2019-06-10,24.1,32.5,76.6,9.3,23.6,216.2,Seedling,12,2.95,0.21
III,Nueva Ecija,Cabanatuan City,2019-06-11,23.9,32.5,75.4,6.6,23.3,226.2,Seedling,18,2.22,0.07
III,Nueva Ecija,Cabanatuan City,2019-06-12,23.2,33.0,75.6,6.0,23.2,218.2,Seedling,13,1.5,0.08
III,Nueva Ecija,Cabanatuan City,2019-06-13,22.4,33.0,73.3,0.0,22.4,215.3,Seedling,17,1.65,0.09
III,Nueva Ecija,Cabanatuan City,2019-06-14,22.1,30.1,78.8,104.3,21.9,165.9,Seedling,13,0.43,0.095
III,Nueva Ecija,Cabanatuan City,2019-06-15,22.1,32.6,75.5,2.3,22.5,227.9,Seedling,16,0.22,0.09999999999999999
III,Nueva Ecija,Cabanatuan City,2019-06-16,22.5,31.7,73.4,0.0,21.8,212.9,Seedling,11,0.12,0.105
III,Nueva Ecija,Cabanatuan City,2019-06-17,22.6,31.1,73.7,0.0,21.6,221.0,Seedling,10,0.0,0.11
III,Nueva Ecija,Cabanatuan City,2019-06-18,22.8,31.7,74.4,0.0,22.1,215.8,Tillering,19,0.0,0.11499999999999999
III,Nueva Ecija,Cabanatuan City,2019-06-19,21.6,31.8,79.6,25.6,22.6,193.5,Tillering,24,1.24,0.12
III,Nueva Ecija,Cabanatuan City,2019-06-20,22.7,33.2,72.6,0.0,22.5,227.2,Tillering,23,0.0,0.07
III,Nueva Ecija,Cabanatuan City,2019-06-21,23.1,34.9,76.2,12.5,24.2,192.7,Tillering,33,1.23,0.01
III,Nueva Ecija,Cabanatuan City,2019-06-22,23.0,35.9,73.0,0.0,24.0,234.8,Tillering,22,0.0,0.19
III,Nueva Ecija,Cabanatuan City,2019-06-23,23.0,34.9,70.2,0.0,23.0,215.1,Tillering,24,0.41,0.04
III,Nueva Ecija,Cabanatuan City,2019-06-24,23.0,34.3,70.4,6.7,22.7,211.6,Tillering,24,0.0,0.12
III,Nueva Ecija,Cabanatuan City,2019-06-25,22.4,34.4,72.3,19.8,22.9,202.8,Tillering,13,0.48,0.18
III,Nueva Ecija,Cabanatuan City,2019-06-26,22.6,32.7,72.6,8.4,22.2,221.0,Tillering,16,0.0,0.0
III,Nueva Ecija,Cabanatuan City,2019-06-27,22.4,32.3,74.6,6.7,22.3,198.8,Tillering,10,0.73,0.17
III,Nueva Ecija,Cabanatuan City,2019-06-28,21.8,31.0,74.8,39.5,21.4,171.5,Tillering,9,0.51,0.13
III,Nueva Ecija,Cabanatuan City,2019-06-29,22.2,32.4,76.4,17.4,22.6,198.4,Tillering,15,0.44,0.01
III,Nueva Ecija,Cabanatuan City,2019-06-30,23.0,32.9,71.6,0.0,22.3,213.1,Tillering,6,0.62,0.0
III,Nueva Ecija,Cabanatuan City,2019-07-01,22.0,33.9,73.4,0.0,22.6,213.3,Tillering,5,0.88,0.0
III,Nueva Ecija,Cabanatuan City,2019-07-02,22.6,34.7,74.9,0.0,23.9,220.5,Tillering,9,0.0,0.12
III,Nueva Ecija,Cabanatuan City,2019-07-03,22.4,35.5,79.8,10.6,24.7,217.4,Tillering,6,1.31,0.17
III,Nueva Ecija,Cabanatuan City,2019-07-04,22.8,36.3,73.1,0.0,24.4,222.4,Tillering,5,1.58,0.02
III,Nueva Ecija,Cabanatuan City,2019-07-05,22.8,37.1,73.4,0.0,24.6,229.1,Tillering,7,1.64,0.12
III,Nueva Ecija,Cabanatuan City,2019-07-06,22.9,35.1,76.0,28.7,24.2,196.9,Tillering,9,1.49,0.13
III,Nueva Ecija,Cabanatuan City,2019-07-07,24.9,36.7,77.3,10.2,26.3,196.4,Tillering,12,2.05,0.0
III,Nueva Ecija,Cabanatuan City,2019-07-08,24.2,36.7,74.2,0.0,25.3,229.8,Tillering,8,2.2066666666666666,0.14
III,Nueva Ecija,Cabanatuan City,2019-07-09,23.2,35.5,81.7,1.4,25.7,224.6,Tillering,11,2.3633333333333333,0.03
III,Nueva Ecija,Cabanatuan City,2019-07-10,23.0,34.2,78.2,0.0,24.2,218.2,Tillering,22,2.52,0.03
III,Nueva Ecija,Cabanatuan City,2019-07-11,22.1,34.6,80.5,9.5,24.5,206.2,Tillering,22,2.6766666666666667,0.16
III,Nueva Ecija,Cabanatuan City,2019-07-12,22.1,33.0,79.6,15.5,23.5,199.3,Tillering,19,2.8333333333333335,0.05
III,Nueva Ecija,Cabanatuan City,2019-07-13,22.5,34.2,77.5,0.0,23.8,211.9,Tillering,29,2.99,0.35
III,Nueva Ecija,Cabanatuan City,2019-07-14,23.4,34.2,74.0,0.0,23.6,227.4,Elongation,26,6.78,0.0
III,Nueva Ecija,Cabanatuan City,2019-07-15,23.4,33.1,73.8,0.0,23.0,221.1,Elongation,18,7.03,0.17
III,Nueva Ecija,Cabanatuan City,2019-07-16,23.6,33.85,79.0,0.0,23.6,204.5,Elongation,21,6.0,0.15
III,Nueva Ecija,Cabanatuan City,2019-07-17,23.8,34.6,70.1,0.0,23.2,211.9,Elongation,17,5.42,0.03
III,Nueva Ecija,Cabanatuan City,2019-07-18,22.9,34.4,71.1,0.0,22.9,228.3,Elongation,12,5.7,0.2
III,Nueva Ecija,Cabanatuan City,2019-07-19,23.4,32.8,68.8,0.0,21.9,212.1,Elongation,11,4.26,0.0
III,Nueva Ecija,Cabanatuan City,2019-07-20,23.7,34.7,70.9,0.0,22.466666666666665,220.4,Elongation,10,3.68,0.04
III,Nueva Ecija,Cabanatuan City,2019-07-21,21.2,33.6,76.1,52.1,23.033333333333335,157.7,Elongation,9,2.27,0.09
III,Nueva Ecija,Cabanatuan City,2019-07-22,22.9,34.8,73.8,12.4,23.6,206.8,Elongation,8,2.42,0.09
III,Nueva Ecija,Cabanatuan City,2019-07-23,22.6,34.4,71.2,0.0,22.7,223.3,Elongation,1,0.5,0.16
III,Nueva Ecija,Cabanatuan City,2019-07-24,22.7,34.2,78.3,4.1,24.1,213.5,Elongation,2,0.45,0.13
III,Nueva Ecija,Cabanatuan City,2019-07-25,23.8,34.3,77.6,0.0,24.6,221.6,Elongation,3,0.73,0.07
III,Nueva Ecija,Cabanatuan City,2019-07-26,22.8,34.9,74.9,0.0,23.8,213.7,Elongation,2,1.08,0.0
III,Nueva Ecija,Cabanatuan City,2019-07-27,23.4,36.4,80.3,1.8,26.0,228.8,Elongation,2,1.36,0.22
III,Nueva Ecija,Cabanatuan City,2019-07-28,22.7,38.4,77.4,14.1,26.0,200.4,Elongation,2,2.87,0.0
III,Nueva Ecija,Cabanatuan City,2019-07-29,23.2,37.8,81.3,4.6,26.8,204.1,Elongation,2,3.96,0.0
III,Nueva Ecija,Cabanatuan City,2019-07-30,23.4,37.4,77.2,6.3,25.8,219.7,Elongation,6,5.98,0.12
III,Nueva Ecija,Cabanatuan City,2019-07-31,23.6,36.1,74.0,10.2,24.7,193.9,Elongation,3,6.67,0.24
III,Nueva Ecija,Cabanatuan City,2019-08-01,22.8,35.4,73.5,0.0,23.8,212.6,Elongation,4,6.33,0.03
III,Nueva Ecija,Cabanatuan City,2019-08-02,22.4,35.7,81.3,2.1,25.3,213.2,Panicle,7,0.0,11.46
III,Nueva Ecija,Cabanatuan City,2019-08-03,23.1,35.3,79.6,9.0,25.1,199.8,Panicle,12,0.16,11.96
III,Nueva Ecija,Cabanatuan City,2019-08-04,22.3,36.0,75.9,0.0,24.3,217.4,Panicle,6,0.07,11.0
III,Nueva Ecija,Cabanatuan City,2019-08-05,23.6,37.2,76.1,0.0,25.6,213.0,Panicle,10,0.17,13.31
III,Nueva Ecija,Cabanatuan City,2019-08-06,23.1,35.0,79.0,10.2,24.8,193.0,Panicle,11,0.14,13.63
III,Nueva Ecija,Cabanatuan City,2019-08-07,23.7,34.1,76.4,0.0,24.2,228.1,Panicle,10,0.1,13.4
III,Nueva Ecija,Cabanatuan City,2019-08-08,23.7,33.8,81.6,4.2,25.1,216.0,Panicle,8,0.06,13.52
III,Nueva Ecija,Cabanatuan City,2019-08-09,23.4,34.7,80.6,2.2,25.2,215.4,Panicle,14,0.04,12.028333333333332
III,Nueva Ecija,Cabanatuan City,2019-08-10,23.2,34.7,76.8,0.0,24.3,213.3,Panicle,12,0.11,10.536666666666667
III,Nueva Ecija,Cabanatuan City,2019-08-11,22.9,34.0,74.9,0.0,23.4,221.6,Panicle,14,0.06,9.045
III,Nueva Ecija,Cabanatuan City,2019-08-12,22.6,35.7,78.6,6.0,24.9,207.3,Panicle,11,0.14,7.553333333333334
III,Nueva Ecija,Cabanatuan City,2019-08-13,23.4,35.1,78.0,0.0,24.8,226.3,Panicle,11,0.2,6.061666666666667
III,Nueva Ecija,Cabanatuan City,2019-08-14,23.2,33.0,81.6,14.2,24.4,200.6,Panicle,12,0.0,4.57
III,Nueva Ecija,Cabanatuan City,2019-08-15,24.8,33.5,78.2,0.0,24.8,213.7,Panicle,17,0.0,3.57
III,Nueva Ecija,Cabanatuan City,2019-08-16,23.6,32.2,80.4,21.3,24.0,195.9,Panicle,13,0.02,1.97
III,Nueva Ecija,Cabanatuan City,2019-08-17,24.6,35.1,79.7,17.2,25.8,187.8,Flowering,5,0.11,0.79
III,Nueva Ecija,Cabanatuan City,2019-08-18,23.8,33.1,83.7,20.9,25.2,206.2,Flowering,11,0.13,1.73
III,Nueva Ecija,Cabanatuan City,2019-08-19,24.4,34.6,82.1,9.0,25.9,209.1,Flowering,14,0.15,0.0
III,Nueva Ecija,Cabanatuan City,2019-08-20,24.8,34.3,82.3,6.5,26.0,211.2,Flowering,13,0.0,0.0
III,Nueva Ecija,Cabanatuan City,2019-08-21,23.5,32.3,82.1,24.6,24.3,192.0,Flowering,10,0.16,1.4
III,Nueva Ecija,Cabanatuan City,2019-08-22,23.0,33.1,78.2,0.0,23.7,210.1,Flowering,16,0.0,0.44
III,Nueva Ecija,Cabanatuan City,2019-08-23,23.3,33.2,78.8,2.2,24.0,213.1,Flowering,14,0.06,0.58
III,Nueva Ecija,Cabanatuan City,2019-08-24,22.2,33.3,80.6,11.7,23.9,204.0,Flowering,14,0.17,0.528
III,Nueva Ecija,Cabanatuan City,2019-08-25,22.9,33.0,80.2,11.2,24.0,200.3,Flowering,10,0.15,0.476
III,Nueva Ecija,Cabanatuan City,2019-08-26,22.4,34.7,80.0,0.0,24.6,221.1,Flowering,15,0.01,0.424
III,Nueva Ecija,Cabanatuan City,2019-08-27,21.1,36.5,84.8,4.3,25.8,209.3,Flowering,15,0.14,0.372
III,Nueva Ecija,Cabanatuan City,2019-08-28,21.0,33.9,84.5,27.3,24.3,179.4,Flowering,24,0.14,0.32
III,Nueva Ecija,Cabanatuan City,2019-08-29,22.0,35.6,86.1,10.5,26.0,207.5,Flowering,15,0.15,0.24
III,Nueva Ecija,Cabanatuan City,2019-08-30,21.2,33.6,84.4,14.6,24.3,204.7,Flowering,12,0.02,0.3
III,Nueva Ecija,Cabanatuan City,2019-08-31,23.1,34.2,84.2,2.1,25.5,217.7,Flowering,16,0.03,0.97
III,Nueva Ecija,Cabanatuan City,2019-09-01,23.3,33.2,89.4,3.1,26.1,219.6,Ripening,11,0.15,0.41
III,Nueva Ecija,Cabanatuan City,2019-09-02,23.1,34.6,86.2,2.975,26.1,215.5,Ripening,16,0.05,0.41
III,Nueva Ecija,Cabanatuan City,2019-09-03,23.3,32.7,79.4,2.85,23.9,191.9,Ripening,9,0.1,1.78
III,Nueva Ecija,Cabanatuan City,2019-09-04,23.9,33.8,75.0,2.725,23.8,212.2,Ripening,11,0.07,0.44
III,Nueva Ecija,Cabanatuan City,2019-09-05,23.7,34.1,77.0,2.6,24.3,213.4,Ripening,9,0.0,0.49
III,Nueva Ecija,Cabanatuan City,2019-09-06,22.1,34.7,80.6,16.5,24.5,226.6,Ripening,5,0.1,0.16
III,Nueva Ecija,Cabanatuan City,2019-09-07,22.8,35.6,79.6,0.0,25.1,214.1,Ripening,7,0.0,1.19
III,Nueva Ecija,Cabanatuan City,2019-09-08,22.4,37.1,78.7,0.0,25.5,211.1,Ripening,7,0.05,0.38
III,Nueva Ecija,Cabanatuan City,2019-09-09,23.2,37.4,83.5,9.4,27.0,211.2,Ripening,7,0.16,1.77
III,Nueva Ecija,Cabanatuan City,2019-09-10,22.6,38.2,76.8,0.0,25.8,212.2,Ripening,14,0.17,1.62
III,Nueva Ecija,Cabanatuan City,2019-09-11,24.0,38.6,85.0,1.8,28.3,205.5,Ripening,13,0.08,2.32
III,Nueva Ecija,Cabanatuan City,2019-09-12,24.0,34.8,81.3,16.2,25.7,191.4,Ripening,9,0.0,2.0
III,Nueva Ecija,Cabanatuan City,2019-09-13,24.1,34.5,79.7,8.9,25.2,213.4,Ripening,2,0.09,3.63
III,Nueva Ecija,Cabanatuan City,2019-09-14,23.1,33.7,76.6,0.0,23.7,218.1,Ripening,6,0.04,1.55
III,Nueva Ecija,Cabanatuan City,2019-09-15,22.2,35.0,78.1,0.0,24.2,216.2,Ripening,1,0.0,3.56
III,Nueva Ecija,Cabanatuan City,2019-09-16,22.4,34.8,78.5,1.7,24.3,203.9,Ripening,1,0.09,2.06
III,Nueva Ecija,Cabanatuan City,2019-09-17,22.2,34.3,78.6,7.2,24.0,213.5,Ripening,0,0.1,4.49
III,Nueva Ecija,Cabanatuan City,2019-09-18,23.2,35.2,76.1,0.0,24.4,218.0,Ripening,0,0.11,4.61
III,Nueva Ecija,Cabanatuan City,2019-09-19,22.1,34.1,74.2,0.0,22.9,202.5,Ripening,0,0.26,4.75
III,Nueva Ecija,Cabanatuan City,2019-09-20,22.0,32.5,79.2,0.0,23.1,230.3,Ripening,0,0.22,4.53
III,Nueva Ecija,Cabanatuan City,2019-09-21,22.4,33.4,78.3,0.0,23.6,217.8,Ripening,2,0.19,2.96
III,Nueva Ecija,Cabanatuan City,2019-09-22,23.2,34.3,79.6,0.0,24.7,215.8,Ripening,2,0.09,1.4
III,Nueva Ecija,Cabanatuan City,2019-09-23,23.7,35.5,75.3,0.0,24.7,218.3,Ripening,1,0.0,0.95
III,Nueva Ecija,Cabanatuan City,2019-09-24,23.5,34.4,78.7,6.2,24.7,207.3,Ripening,1,0.09,0.0
III,Nueva Ecija,Cabanatuan City,2019-09-25,24.2,35.8,78.0,7.6,25.6,202.8,Ripening,1,0.04,0.0
III,Nueva Ecija,Cabanatuan City,2019-09-26,24.4,34.4,80.0,18.9,25.4,202.0,Ripening,0,0.14,0.02
III,Nueva Ecija,Cabanatuan City,2019-09-27,24.4,32.1,79.2,22.8,24.1,197.1,Ripening,0,0.02,0.18
III,Nueva Ecija,Cabanatuan City,2019-09-28,24.6,33.4,78.4,4.8,24.7,207.8,Ripening,0,0.01,0.02
III,Nueva Ecija,Cabanatuan City,2019-09-29,24.8,31.6,76.6,21.2,23.5,192.5,Ripening,0,0.04,0.08
III,Nueva Ecija,Cabanatuan City,2019-09-30,23.3,33.5,78.2,7.7,24.0,207.9,Ripening,0,0.08,0.08
III,Nueva Ecija,Cabanatuan City,2019-10-01,23.0,33.2,78.3,4.9,23.8,208.7,Ripening,0,0.05,0.0
III,Nueva Ecija,Cabanatuan City,2019-10-02,22.5,33.0,77.6,0.0,23.3,202.3,Ripening,0,0.13,0.0
III,Nueva Ecija,Cabanatuan City,2019-10-03,22.0,33.0,79.5,2.2,23.4,234.6,Ripening,0,0.0,0.06
III,Nueva Ecija,Cabanatuan City,2019-10-04,22.9,33.5,84.5,10.4,25.1,211.3,Ripening,1,0.11,0.06166666666666667
III,Nueva Ecija,Cabanatuan City,2019-10-05,23.2,32.6,80.3,0.0,24.0,211.2,Ripening,0,0.06,0.06333333333333334
III,Nueva Ecija,Cabanatuan City,2019-10-06,22.3,32.6,82.7,28.1,24.0,198.8,Ripening,0,0.0,0.065
III,Nueva Ecija,Cabanatuan City,2019-10-07,22.8,33.1,75.6,0.0,23.1,211.3,Ripening,1,0.0,0.06666666666666667
III,Nueva Ecija,Cabanatuan City,2019-10-08,23.1,33.3,78.9,9.5,24.0,197.7,Ripening,0,0.07,0.06833333333333334
III,Nueva Ecija,Cabanatuan City,2019-10-09,22.5,33.8,76.5,0.0,23.4,212.7,Ripening,0,0.05,0.07
III,Nueva Ecija,Cabanatuan City,2019-10-10,22.7,35.2,73.3,0.0,23.6,225.4,Ripening,0,0.06,0.13
III,Nueva Ecija,Cabanatuan City,2019-10-11,23.0,32.5,79.2,4.6,23.6,210.5,Ripening,0,0.0,0.14
III,Nueva Ecija,Cabanatuan City,2019-10-12,22.9,32.3,74.3,0.0,22.5,221.7,Ripening,0,0.18,0.03
III,Nueva Ecija,Cabanatuan City,2019-10-13,22.9,32.7,78.5,16.0,23.5,204.1,Ripening,0,0.04,0.0
III,Nueva Ecija,Cabanatuan City,2019-10-14,22.9,33.1,77.6,6.9,23.5,221.9,Ripening,0,0.0,0.11
III,Nueva Ecija,Cabanatuan City,2019-10-15,23.2,34.3,70.7,0.0,22.9,234.5,Ripening,0,0.08,0.0
III,Nueva Ecija,Cabanatuan City,2019-10-16,23.4,36.9,72.0,0.0,24.5,224.3,Ripening,0,0.07,0.19
III,Nueva Ecija,Cabanatuan City,2019-10-17,22.9,35.7,73.5,6.0,24.0,213.2,Ripening,0,0.12,0.04
III,Nueva Ecija,Cabanatuan City,2019-10-18,22.7,35.7,69.6,0.0,23.1,230.6,Ripening,0,0.19,0.34
III,Nueva Ecija,Cabanatuan City,2019-10-19,22.3,33.9,69.1,0.0,21.9,217.5,Ripening,0,0.03,0.16
III,Nueva Ecija,Cabanatuan City,2019-10-20,22.0,33.7,70.1,0.0,21.9,221.8,Ripening,0,0.0,0.14
III,Nueva Ecija,Cabanatuan City,2019-10-21,22.4,33.6,73.9,7.1,22.8,217.8,Ripening,0,0.0,0.13
III,Nueva Ecija,Cabanatuan City,2019-10-22,23.6,33.9,75.3,17.8,23.8,204.5,Ripening,0,0.1,0.02
III,Nueva Ecija,Cabanatuan City,2019-10-23,23.0,34.6,72.8,0.0,23.4,215.5,Ripening,0,0.0,0.0
III,Nueva Ecija,Cabanatuan City,2019-10-24,23.0,34.7,76.6,0.0,24.2,216.7,Ripening,0,0.03,0.1
III,Nueva Ecija,Cabanatuan City,2019-10-25,22.6,33.2,75.6,10.8,23.0,218.8,Ripening,0,0.06,0.06
III,Nueva Ecija,Cabanatuan City,2019-10-26,23.4,34.3,68.4,0.0,22.5,228.0,Ripening,0,0.16,0.15
III,Nueva Ecija,Cabanatuan City,2019-10-27,23.6,33.0,71.5,4.1,22.6,218.9,Seedling,0,0.04,0.01
III,Nueva Ecija,Cabanatuan City,2019-10-28,23.0,33.1,73.7,0.1,22.8,216.0,Seedling,0,0.1,0.13
III,Nueva Ecija,Cabanatuan City,2019-10-29,22.5,34.8,74.2,0.0,23.5,221.7,Seedling,0,0.07,0.12
III,Nueva Ecija,Cabanatuan City,2019-10-30,21.8,33.4,71.0,0.0,21.8,221.3,Seedling,0,0.11,0.0
III,Nueva Ecija,Cabanatuan City,2019-10-31,22.4,33.5,74.4,2.2,22.8,210.2,Seedling,0,0.13,0.13
III,Nueva Ecija,Cabanatuan City,2019-11-01,22.1,33.2,70.2,0.0,21.7,228.1,Seedling,0,0.17,0.07
III,Nueva Ecija,Cabanatuan City,2019-11-02,22.7,34.5,69.1,0.0,22.175,213.4,Seedling,0,0.11,0.0
III,Nueva Ecija,Cabanatuan City,2019-11-03,23.5,34.4,69.5,0.0,22.65,229.2,Seedling,0,0.19,0.0
III,Nueva Ecija,Cabanatuan City,2019-11-04,23.7,33.9,73.9,10.2,23.125,208.3,Seedling,0,0.14,0.06
III,Nueva Ecija,Cabanatuan City,2019-11-05,23.5,33.4,75.6,13.7,23.6,211.9,Seedling,0,0.22,0.04
III,Nueva Ecija,Cabanatuan City,2019-11-06,25.0,33.3,73.7,0.0,23.9,211.1,Seedling,0,0.07,0.01
III,Nueva Ecija,Cabanatuan City,2019-11-07,24.7,34.0,74.5,0.0,24.2,230.3,Seedling,0,0.12,0.06
III,Nueva Ecija,Cabanatuan City,2019-11-08,23.5,33.7,78.1,4.6,24.2,218.4,Seedling,0,0.2,0.07
III,Nueva Ecija,Cabanatuan City,2019-11-09,24.7,33.4,79.3,11.8,24.9,219.0,Seedling,0,0.02,0.1
III,Nueva Ecija,Cabanatuan City,2019-11-10,24.5,34.6,76.8,2.8,24.9,221.3,Seedling,0,0.08,0.18
III,Nueva Ecija,Cabanatuan City,2019-11-11,24.2,35.3,73.1,0.0,24.4,223.3,Seedling,0,0.11,0.06
III,Nueva Ecija,Cabanatuan City,2019-11-12,23.6,34.1,76.3,5.1,24.1,214.9,Seedling,0,0.09,0.04
III,Nueva Ecija,Cabanatuan City,2019-11-13,25.2,32.7,71.6,0.0,23.3,228.7,Seedling,0,0.0,0.25
III,Nueva Ecija,Cabanatuan City,2019-11-14,24.5,35.7,71.1,0.0,24.3,227.3,Seedling,0,0.0,0.04
III,Nueva Ecija,Cabanatuan City,2019-11-15,23.7,35.4,74.5,0.0,24.4,216.5,Seedling,0,0.02,0.13
III,Nueva Ecija,Cabanatuan City,2019-11-16,22.7,34.5,78.2,0.0,24.2,221.4,Seedling,0,0.14,0.08
III,Nueva Ecija,Cabanatuan City,2019-11-17,21.8,34.0,75.2,0.0,22.9,215.9,Seedling,0,0.0,0.12
III,Nueva Ecija,Cabanatuan City,2019-11-18,22.0,32.2,76.3,10.5,22.4,218.9,Seedling,0,0.08,0.0
III,Nueva Ecija,Cabanatuan City,2019-11-19,21.5,33.4,72.5,0.0,22.0,231.5,Seedling,0,0.04,0.08
III,Nueva Ecija,Cabanatuan City,2019-11-20,20.3,32.1,78.1,37.6,21.8,192.5,Seedling,0,0.0,0.05
III,Nueva Ecija,Cabanatuan City,2019-11-21,22.3,33.1,71.1,0.0,21.9,217.3,Seedling,0,0.11,0.03
III,Nueva Ecija,Cabanatuan City,2019-11-22,22.2,32.7,69.5,0.0,21.4,218.2,Seedling,0,0.0,0.11
III,Nueva Ecija,Cabanatuan City,2019-11-23,21.7,33.6,69.2,0.0,21.5,233.9,Seedling,0,0.07,0.05
III,Nueva Ecija,Cabanatuan City,2019-11-24,20.4,34.4,73.1,0.0,22.0,218.4,Seedling,0,0.19,0.2
III,Nueva Ecija,Cabanatuan City,2019-11-25,20.5,35.2,74.8,2.1,22.8,235.0,Seedling,0,0.15,0.13
III,Nueva Ecija,Cabanatuan City,2019-11-26,22.0,32.6,77.3,4.3,22.8,213.8,Seedling,0,0.13,0.11
III,Nueva Ecija,Cabanatuan City,2019-11-27,22.6,35.5,72.0,0.0,23.5,223.0,Seedling,0,0.0,0.04
III,Nueva Ecija,Cabanatuan City,2019-11-28,23.6,34.1,69.6,0.0,22.8,223.4,Seedling,1,0.91,0.12
III,Nueva Ecija,Cabanatuan City,2019-11-29,22.3,33.9,67.4,0.0,21.6,221.0,Seedling,2,0.65,0.0
III,Nueva Ecija,Cabanatuan City,2019-11-30,22.1,33.3,73.2,0.0,22.3,208.2,Seedling,1,0.24,0.09
III,Nueva Ecija,Cabanatuan City,2019-12-01,22.2,34.2,73.8,0.0,23.0,237.2,Seedling,1,0.56,0.13
III,Nueva Ecija,Cabanatuan City,2019-12-02,21.6,33.7,70.4,0.0,21.7,240.2,Seedling,1,0.0,0.18
III,Nueva Ecija,Cabanatuan City,2019-12-03,23.0,31.5,74.5,8.2,22.2,227.6,Seedling,1,0.46,0.17
III,Nueva Ecija,Cabanatuan City,2019-12-04,22.2,31.3,69.6,17.3,20.7,208.2,Seedling,0,0.68,0.09
III,Nueva Ecija,Cabanatuan City,2019-12-05,22.4,31.5,74.3,8.4,21.8,220.0,Seedling,0,0.4,0.06
III,Nueva Ecija,Cabanatuan City,2019-12-06,23.7,33.5,70.0,0.0,22.6,220.3,Seedling,2,0.5,0.02
III,Nueva Ecija,Cabanatuan City,2019-12-07,22.4,35.2,73.8,0.0,23.6,231.0,Seedling,2,1.01,0.21
III,Nueva Ecija,Cabanatuan City,2019-12-08,21.9,36.7,72.6,0.0,23.8,218.2,Seedling,1,0.43,0.05
III,Nueva Ecija,Cabanatuan City,2019-12-09,22.5,35.0,73.7,0.0,23.5,226.8,Seedling,1,0.62,0.19
III,Nueva Ecija,Cabanatuan City,2019-12-10,23.1,34.2,75.2,1.6,23.7,221.9,Seedling,1,0.57,0.0
III,Nueva Ecija,Cabanatuan City,2019-12-11,23.4,32.1,69.8,0.0,21.7,235.6,Seedling,0,0.7,0.15
III,Nueva Ecija,Cabanatuan City,2019-12-12,23.363636363636363,31.1,74.6,7.6,22.2,215.1,Seedling,0,0.0,0.05
III,Nueva Ecija,Cabanatuan City,2019-12-13,23.327272727272724,32.5,70.3,0.0,22.3,233.0,Tillering,5,0.0,0.04
III,Nueva Ecija,Cabanatuan City,2019-12-14,23.29090909090909,32.6,72.8,7.7,22.1,230.9,Tillering,3,0.41,0.0
III,Nueva Ecija,Cabanatuan City,2019-12-15,23.254545454545454,33.5,70.3,0.0,21.7,243.7,Tillering,3,0.48,0.17
III,Nueva Ecija,Cabanatuan City,2019-12-16,23.21818181818182,32.9,75.6,0.0,22.6,245.3,Tillering,2,0.25,0.07
III,Nueva Ecija,Cabanatuan City,2019-12-17,23.18181818181818,32.7,72.3,0.0,22.0,233.7,Tillering,0,0.0,0.17
III,Nueva Ecija,Cabanatuan City,2019-12-18,23.145454545454545,33.8,69.1,0.0,22.1,244.8,Tillering,4,0.64,0.0
III,Nueva Ecija,Cabanatuan City,2019-12-19,23.10909090909091,34.4,68.0,0.0,21.8,208.2,Tillering,3,0.3,0.18
III,Nueva Ecija,Cabanatuan City,2019-12-20,23.072727272727274,34.2,67.1,0.0,21.4,228.6,Tillering,3,0.51,0.07
III,Nueva Ecija,Cabanatuan City,2019-12-21,23.036363636363635,34.7,74.6,5.7,23.8,221.3,Tillering,1,0.0,0.02
III,Nueva Ecija,Cabanatuan City,2019-12-22,23.0,34.9,66.5,0.0,22.2,225.8,Tillering,4,1.17,0.18
III,Nueva Ecija,Cabanatuan City,2019-12-23,23.3,35.4,70.3,0.0,23.4,237.1,Tillering,1,0.01,0.06
III,Nueva Ecija,Cabanatuan City,2019-12-24,22.3,33.4,68.8,0.0,21.6,223.9,Tillering,1,0.03,0.0
III,Nueva Ecija,Cabanatuan City,2019-12-25,21.9,33.8,70.1,0.0,21.9,241.8,Tillering,2,0.73,0.01
III,Nueva Ecija,Cabanatuan City,2019-12-26,20.7,34.5,71.1,17.2,21.8,221.7,Tillering,4,0.24,0.08
III,Nueva Ecija,Cabanatuan City,2019-12-27,21.0,34.2,72.5,7.9,22.1,224.6,Tillering,1,0.83,0.07
III,Nueva Ecija,Cabanatuan City,2019-12-28,21.6,36.0,68.3,0.0,22.5,229.5,Tillering,1,0.84,0.03
III,Nueva Ecija,Cabanatuan City,2019-12-29,20.7,37.3,66.3,0.0,22.3,229.2,Tillering,2,1.67,0.11
III,Nueva Ecija,Cabanatuan City,2019-12-30,20.2,36.1,68.4,0.0,21.8,248.3,Tillering,2,2.02,0.05
III,Nueva Ecija,Cabanatuan City,2019-12-31,19.5,35.6,66.7,0.0,20.9,248.9,Tillering,4,2.25,0.06
III,Nueva Ecija,Cabanatuan City,2020-01-01,20.2,34.3,65.3,0.0,20.3,231.6,Tillering,3,3.13,0.02
III,Nueva Ecija,Cabanatuan City,2020-01-02,20.5,32.8,66.15,0.0,21.1,219.7,Tillering,1,3.22,0.08
III,Nueva Ecija,Cabanatuan City,2020-01-03,21.7,33.6,67.0,0.0,21.6,225.2,Tillering,2,2.95,0.02
III,Nueva Ecija,Cabanatuan City,2020-01-04,21.7,33.0,67.85,0.0,21.4,251.3,Tillering,4,1.21,0.12
III,Nueva Ecija,Cabanatuan City,2020-01-05,21.7,33.1,68.7,0.0,21.1,246.0,Tillering,2,2.45,0.07
III,Nueva Ecija,Cabanatuan City,2020-01-06,21.7,33.8,74.3,1.9,22.6,246.5,Elongation,0,3.14,0.0
III,Nueva Ecija,Cabanatuan City,2020-01-07,22.0,34.0,69.6,0.0,21.9,213.8,Elongation,0,3.7,0.0
III,Nueva Ecija,Cabanatuan City,2020-01-08,23.2,34.1,65.2,0.0,21.6,216.0,Elongation,0,2.98,0.14
III,Nueva Ecija,Cabanatuan City,2020-01-09,23.2,34.199999999999996,66.0,0.0,22.0,245.2,Elongation,2,3.21,0.16
III,Nueva Ecija,Cabanatuan City,2020-01-10,21.9,34.3,66.8,0.0,21.5,223.9,Elongation,0,2.91,0.09
III,Nueva Ecija,Cabanatuan City,2020-01-11,21.0,32.1,66.4,0.0,19.8,232.0,Elongation,0,2.72,0.18
III,Nueva Ecija,Cabanatuan City,2020-01-12,20.9,32.8,66.9,0.0,20.2,232.6,Elongation,2,0.61,0.0
III,Nueva Ecija,Cabanatuan City,2020-01-13,20.1,32.7,71.5,0.0,20.7,244.3,Elongation,1,0.39,0.0
III,Nueva Ecija,Cabanatuan City,2020-01-14,20.7,33.8,68.8,0.0,21.0,247.0,Elongation,5,0.48,0.0
III,Nueva Ecija,Cabanatuan City,2020-01-15,21.9,32.9,67.3,0.0,20.9,241.8,Elongation,0,0.55,0.05
III,Nueva Ecija,Cabanatuan City,2020-01-16,21.9,32.4,70.6,0.0,21.3,243.5,Elongation,1,0.3,0.07
III,Nueva Ecija,Cabanatuan City,2020-01-17,22.0,33.0,70.6,0.0,21.6,240.1,Elongation,3,0.52,0.28
III,Nueva Ecija,Cabanatuan City,2020-01-18,21.4,33.6,70.8,0.0,21.7,238.1,Elongation,1,0.58,0.0
III,Nueva Ecija,Cabanatuan City,2020-01-19,22.3,33.2,66.2,0.0,21.0,234.5,Elongation,4,1.13,0.07
III,Nueva Ecija,Cabanatuan City,2020-01-20,21.5,34.2,66.9,0.0,21.2,232.5,Elongation,3,0.01,0.06
III,Nueva Ecija,Cabanatuan City,2020-01-21,22.2,34.2,65.8,0.0,21.4,242.3,Elongation,2,0.0,0.14
III,Nueva Ecija,Cabanatuan City,2020-01-22,21.9,33.6,71.1,0.0,22.0,237.0,Elongation,2,0.82,0.03
III,Nueva Ecija,Cabanatuan City,2020-01-23,21.5,34.5,70.2,0.0,22.0,249.2,Elongation,0,0.8,0.06
III,Nueva Ecija,Cabanatuan City,2020-01-24,21.8,35.3,67.9,0.3,22.1,227.6,Elongation,3,0.72,0.1
III,Nueva Ecija,Cabanatuan City,2020-01-25,22.0,34.3,71.1,0.6,22.4,242.1,Panicle,1,0.16,1.2
III,Nueva Ecija,Cabanatuan City,2020-01-26,21.7,34.2,74.4,0.0,22.8,248.3,Panicle,0,0.0,0.94
III,Nueva Ecija,Cabanatuan City,2020-01-27,21.8,32.9,69.6,0.0,21.3,241.6,Panicle,2,0.08,0.0
III,Nueva Ecija,Cabanatuan City,2020-01-28,21.9,32.0,72.6,2.4,21.5,219.2,Panicle,1,0.08,1.27
III,Nueva Ecija,Cabanatuan City,2020-01-29,21.3,32.2,68.0,0.0,20.4,244.9,Panicle,2,0.14,1.4
III,Nueva Ecija,Cabanatuan City,2020-01-30,21.7,31.9,66.2,0.0,20.0,235.7,Panicle,1,0.21,0.4
III,Nueva Ecija,Cabanatuan City,2020-01-31,22.2,33.0,64.6,0.0,20.5,230.2,Panicle,3,0.13,0.23
III,Nueva Ecija,Cabanatuan City,2020-02-01,21.8,32.4,65.1,0.0,20.1,249.5,Panicle,5,0.09,0.79
III,Nueva Ecija,Cabanatuan City,2020-02-02,21.8,32.7,64.4,0.0,20.1,238.8,Panicle,1,0.11,0.69
III,Nueva Ecija,Cabanatuan City,2020-02-03,20.7,32.5,65.2,0.0,19.6,245.0,Panicle,0,0.15,0.98
III,Nueva Ecija,Cabanatuan City,2020-02-04,21.3,33.7,71.4,4.4,21.8,228.6,Panicle,1,0.0,0.31
III,Nueva Ecija,Cabanatuan City,2020-02-05,21.7,34.5,66.6,0.0,21.4,248.1,Panicle,0,0.02,2.22
III,Nueva Ecija,Cabanatuan City,2020-02-06,21.5,35.6,67.2,0.0,22.0,244.1,Panicle,2,0.1,0.87
III,Nueva Ecija,Cabanatuan City,2020-02-07,21.0,34.7,67.0,0.0,21.2,245.4,Panicle,2,0.3,0.0
III,Nueva Ecija,Cabanatuan City,2020-02-08,20.4,33.6,67.3,0.0,20.5,241.5,Panicle,1,0.17,0.0
III,Nueva Ecija,Cabanatuan City,2020-02-09,21.4,32.4,62.0,0.0,19.3,243.1,Flowering,2,0.05,1.46
III,Nueva Ecija,Cabanatuan City,2020-02-10,22.2,31.3,60.9,0.0,18.9,245.9,Flowering,0,0.22,0.43
III,Nueva Ecija,Cabanatuan City,2020-02-11,22.2,30.8,64.7,8.0,19.4,240.7,Flowering,2,0.04,0.53
III,Nueva Ecija,Cabanatuan City,2020-02-12,22.0,31.7,63.9,0.0,19.6,250.2,Flowering,1,0.21,0.55
III,Nueva Ecija,Cabanatuan City,2020-02-13,21.4,33.4,62.2,0.0,19.8,240.7,Flowering,0,0.13,0.0
III,Nueva Ecija,Cabanatuan City,2020-02-14,21.3,34.6,64.6,0.0,20.9,247.5,Flowering,2,0.1,0.01
III,Nueva Ecija,Cabanatuan City,2020-02-15,21.8,34.56666666666667,65.2,0.0,21.2,239.7,Flowering,0,0.1,0.94
III,Nueva Ecija,Cabanatuan City,2020-02-16,22.4,34.53333333333333,69.2,0.0,22.0,241.4,Flowering,1,0.21,0.47
III,Nueva Ecija,Cabanatuan City,2020-02-17,22.5,34.5,66.2,0.0,21.0,220.2,Flowering,1,0.09,0.0
III,Nueva Ecija,Cabanatuan City,2020-02-18,22.4,34.46666666666667,71.8,0.0,21.7,230.9,Flowering,0,0.0,1.88
III,Nueva Ecija,Cabanatuan City,2020-02-19,23.0,34.43333333333333,69.8,0.0,22.0,244.5,Flowering,2,0.22,0.92
III,Nueva Ecija,Cabanatuan City,2020-02-20,22.3,34.4,66.8,0.0,21.7,242.7,Flowering,1,0.08,0.6
III,Nueva Ecija,Cabanatuan City,2020-02-21,22.5,32.3,61.8,0.0,19.8,234.2,Flowering,1,0.13,0.41
III,Nueva Ecija,Cabanatuan City,2020-02-22,22.5,32.6,60.8,0.0,19.7,234.8,Flowering,0,0.15,0.0
III,Nueva Ecija,Cabanatuan City,2020-02-23,23.1,33.2,59.7,0.0,20.1,238.6,Ripening,0,0.15,0.0
III,Nueva Ecija,Cabanatuan City,2020-02-24,23.8,34.0,58.1,0.0,20.5,245.9,Ripening,1,0.05,0.32
III,Nueva Ecija,Cabanatuan City,2020-02-25,23.6,33.7,58.2,0.0,20.3,234.5,Ripening,0,0.05,0.03
III,Nueva Ecija,Cabanatuan City,2020-02-26,22.2,33.5,60.6,0.0,20.38,228.9,Ripening,0,0.1,0.0
III,Nueva Ecija,Cabanatuan City,2020-02-27,22.7,35.1,60.9,0.0,20.46,231.8,Ripening,0,0.0,1.8
III,Nueva Ecija,Cabanatuan City,2020-02-28,22.8,34.2,63.1,0.0,20.54,253.3,Ripening,0,0.04,1.81
III,Nueva Ecija,Cabanatuan City,2020-02-29,21.0,34.3,69.1,4.5,20.62,228.6,Ripening,0,0.12,0.03
III,Nueva Ecija,Cabanatuan City,2020-03-01,22.5,33.4,63.9,0.0,20.7,241.5,Ripening,1,0.06,0.13
III,Nueva Ecija,Cabanatuan City,2020-03-02,23.2,32.4,66.7,2.7,21.1,236.6,Ripening,0,0.08,0.46
III,Nueva Ecija,Cabanatuan City,2020-03-03,23.1,31.8,63.8,0.0,20.2,230.9,Ripening,0,0.09,0.0
III,Nueva Ecija,Cabanatuan City,2020-03-04,23.8,33.0,64.4,0.0,21.3,231.0,Ripening,1,0.0,1.08
III,Nueva Ecija,Cabanatuan City,2020-03-05,22.8,32.8,61.5,0.0,20.1,227.7,Ripening,0,0.21,0.52
III,Nueva Ecija,Cabanatuan City,2020-03-06,22.8,33.4,63.7,11.9,20.8,237.9,Ripening,2,0.2,0.12
III,Nueva Ecija,Cabanatuan City,2020-03-07,22.1,32.9,61.4,0.0,19.8,250.1,Ripening,1,0.1,1.06
III,Nueva Ecija,Cabanatuan City,2020-03-08,22.7,32.5,62.239999999999995,0.0,19.7,243.7,Ripening,0,0.2,0.69
III,Nueva Ecija,Cabanatuan City,2020-03-09,22.4,32.8,63.08,0.0,19.8,233.0,Ripening,0,0.21,0.46
III,Nueva Ecija,Cabanatuan City,2020-03-10,22.73333333333333,33.3,63.919999999999995,2.2,20.5,237.3,Ripening,0,0.0,0.0
III,Nueva Ecija,Cabanatuan City,2020-03-11,23.066666666666666,32.8,64.75999999999999,9.2,20.9,234.1,Ripening,0,0.13,0.35
III,Nueva Ecija,Cabanatuan City,2020-03-12,23.4,34.2,65.6,0.0,21.9,236.3,Ripening,0,0.07,1.03
III,Nueva Ecija,Cabanatuan City,2020-03-13,23.0,33.1,64.5,0.0,21.0,244.3,Ripening,1,0.08,0.0
III,Nueva Ecija,Cabanatuan City,2020-03-14,22.2,31.1,68.0,0.0,20.2,245.7,Ripening,1,0.06,0.53
III,Nueva Ecija,Cabanatuan City,2020-03-15,21.3,32.4,65.8,0.0,20.0,238.9,Ripening,1,0.26,1.71
III,Nueva Ecija,Cabanatuan City,2020-03-16,21.4,32.9,66.7,0.0,20.5,228.5,Ripening,0,0.2,0.19
III,Nueva Ecija,Cabanatuan City,2020-03-17,21.2,33.3,65.1,0.0,20.3,241.2,Ripening,0,0.03,0.0
III,Nueva Ecija,Cabanatuan City,2020-03-18,21.6,32.9,65.8,0.0,20.4,238.2,Ripening,0,0.18,0.06
III,Nueva Ecija,Cabanatuan City,2020-03-19,21.2,31.6,70.1,8.6,20.4,230.0,Ripening,0,0.06,0.1
III,Nueva Ecija,Cabanatuan City,2020-03-20,21.4,31.3,66.1,0.0,19.6,240.7,Ripening,0,0.0,0.02
III,Nueva Ecija,Cabanatuan City,2020-03-21,22.3,31.2,66.0,0.0,20.0,242.2,Ripening,0,0.1,0.0
III,Nueva Ecija,Cabanatuan City,2020-03-22,23.0,31.3,67.4,0.0,20.6,231.9,Ripening,0,0.21,0.07
III,Nueva Ecija,Cabanatuan City,2020-03-23,22.1,29.6,66.1,0.0,19.1,253.2,Ripening,0,0.14,0.19
III,Nueva Ecija,Cabanatuan City,2020-03-24,19.0,31.4,71.0,8.2,19.4,237.3,Ripening,0,0.0,0.04
III,Nueva Ecija,Cabanatuan City,2020-03-25,20.6,30.5,67.0,0.0,19.0,232.9,Ripening,0,0.03,0.19
III,Nueva Ecija,Cabanatuan City,2020-03-26,21.9,31.3,64.9,0.0,19.6,249.0,Ripening,0,0.05,0.25
III,Nueva Ecija,Cabanatuan City,2020-03-27,22.9,32.5,69.2,0.0,21.5,233.9,Ripening,0,0.1,0.04
III,Nueva Ecija,Cabanatuan City,2020-03-28,22.3,31.1,72.6,0.0,21.2,249.7,Ripening,0,0.0,0.15
III,Nueva Ecija,Cabanatuan City,2020-03-29,22.0,34.5,72.6,0.0,22.8,244.6,Ripening,0,0.0,0.06
III,Nueva Ecija,Cabanatuan City,2020-03-30,22.5,34.7,69.2,0.0,22.4,234.2,Ripening,0,0.24,0.03
III,Nueva Ecija,Cabanatuan City,2020-03-31,22.3,33.8,67.6,0.0,21.6,247.6,Ripening,0,0.24,0.24
III,Nueva Ecija,Cabanatuan City,2020-04-01,21.6,34.4,68.0,0.0,21.6,244.5,Ripening,0,0.01,0.0
III,Nueva Ecija,Cabanatuan City,2020-04-02,21.0,34.3,65.7,0.0,20.8,244.2,Ripening,0,0.09,0.06
III,Nueva Ecija,Cabanatuan City,2020-04-03,20.8,34.0,63.8,0.0,20.2,241.9,Ripening,0,0.1,0.13
III,Nueva Ecija,Cabanatuan City,2020-04-04,21.5,33.8,66.6,0.0,21.0,242.8,Ripening,0,0.0,0.01
III,Nueva Ecija,Cabanatuan City,2020-04-05,21.2,34.7,66.6,0.0,21.3,236.5,Ripening,0,0.07,0.0
III,Nueva Ecija,Cabanatuan City,2020-04-06,22.2,35.4,70.8,2.8,23.0,237.0,Ripening,0,0.0,0.0
III,Nueva Ecija,Cabanatuan City,2020-04-07,22.3,34.8,68.3,0.0,22.2,239.6,Ripening,0,0.09,0.19
III,Nueva Ecija,Cabanatuan City,2020-04-08,21.0,35.4,66.5,0.0,21.5,238.5,Ripening,0,0.0,0.1
III,Nueva Ecija,Cabanatuan City,2020-04-09,21.9,35.1,67.4,0.0,22.0,235.9,Ripening,2,0.13,0.01
III,Nueva Ecija,Cabanatuan City,2020-04-10,22.1,34.3,65.5,0.0,21.3,243.2,Ripening,0,0.12,0.08
III,Nueva Ecija,Cabanatuan City,2020-04-11,21.8,33.3,68.2,1.1,21.2,233.8,Ripening,0,0.0,0.17
III,Nueva Ecija,Cabanatuan City,2020-04-12,22.3,33.4,65.3,0.0,20.9,249.1,Ripening,0,0.22,0.07
III,Nueva Ecija,Cabanatuan City,2020-04-13,22.0,30.2,68.9,0.0,19.9,252.3,Ripening,0,0.06,0.02
III,Nueva Ecija,Cabanatuan City,2020-04-14,22.5,30.9,69.6,0.0,20.6,243.4,Ripening,0,0.0,0.15
III,Nueva Ecija,Cabanatuan City,2020-04-15,22.9,32.3,66.3,0.0,20.9,232.1,Ripening,0,0.12,0.14
III,Nueva Ecija,Cabanatuan City,2020-04-16,22.3,30.9,67.9,0.0,20.2,238.1,Ripening,0,0.13,0.16
III,Nueva Ecija,Cabanatuan City,2020-04-17,22.5,30.9,66.8,0.0,20.1,248.5,Ripening,0,0.0,0.08
III,Nueva Ecija,Cabanatuan City,2020-04-18,22.5,30.4,64.4,0.0,19.3,234.7,Ripening,0,0.03,0.06
III,Nueva Ecija,Cabanatuan City,2020-04-19,22.9,29.7,70.6,5.2,20.4,219.4,Ripening,0,0.09,0.04
III,Nueva Ecija,Cabanatuan City,2020-04-20,22.9,31.0,65.0,0.0,20.0,228.8,Ripening,0,0.0,0.13
III,Nueva Ecija,Cabanatuan City,2020-04-21,21.3,31.8,66.5,0.0,19.8,243.6,Ripening,0,0.17,0.14
III,Nueva Ecija,Cabanatuan City,2020-04-22,20.3,31.1,74.1,21.4,20.5,222.8,Ripening,0,0.14,0.09
III,Nueva Ecija,Cabanatuan City,2020-04-23,21.4,34.5,70.0,0.0,22.0,235.5,Ripening,0,0.11,0.12
III,Nueva Ecija,Cabanatuan City,2020-04-24,21.8,33.6,69.6,0.0,21.6,241.9,Ripening,0,0.26,0.1
III,Nueva Ecija,Cabanatuan City,2020-04-25,21.2,32.9,69.7,0.0,21.0,242.7,Ripening,1,0.12,0.17
III,Nueva Ecija,Cabanatuan City,2020-04-26,21.6,33.7,68.1,0.0,21.3,225.6,Ripening,0,0.05,0.11
III,Nueva Ecija,Cabanatuan City,2020-04-27,22.2,33.3,68.5,0.0,21.4,227.5,Ripening,0,0.19,0.06
III,Nueva Ecija,Cabanatuan City,2020-04-28,21.8,33.4,69.9,0.0,21.6,233.1,Ripening,0,0.1,0.02
III,Nueva Ecija,Cabanatuan City,2020-04-29,20.7,32.5,71.4,0.0,20.9,233.5,Seedling,0,0.17,0.0
III,Nueva Ecija,Cabanatuan City,2020-04-30,21.8,32.9,69.4,0.0,21.2,245.9,Seedling,0,0.09,0.19
III,Nueva Ecija,Cabanatuan City,2020-05-01,22.2,34.9,67.3,0.0,22.0,240.9,Seedling,0,0.03,0.25
III,Nueva Ecija,Cabanatuan City,2020-05-02,21.7,33.3,69.8,0.0,21.5,225.3,Seedling,0,0.04,0.1
III,Nueva Ecija,Cabanatuan City,2020-05-03,22.2,33.8,70.3,0.0,22.1,233.1,Seedling,0,0.0,0.08
III,Nueva Ecija,Cabanatuan City,2020-05-04,22.5,34.4,73.8,5.2,23.2,224.9,Seedling,0,0.14,0.07
III,Nueva Ecija,Cabanatuan City,2020-05-05,22.2,34.0,68.2,0.0,21.7,228.3,Seedling,0,0.15,0.1
III,Nueva Ecija,Cabanatuan City,2020-05-06,22.2,34.3,65.3,0.0,21.3,238.0,Seedling,0,0.05,0.14
III,Nueva Ecija,Cabanatuan City,2020-05-07,22.0,34.5,67.8,0.0,21.8,240.6,Seedling,0,0.0,0.01
III,Nueva Ecija,Cabanatuan City,2020-05-08,22.5,32.7,68.2,0.0,21.2,236.3,Seedling,0,0.17,0.11
III,Nueva Ecija,Cabanatuan City,2020-05-09,23.1,31.3,73.7,19.0,21.9,225.2,Seedling,0,0.12,0.01
III,Nueva Ecija,Cabanatuan City,2020-05-10,23.3,33.5,66.6,0.0,21.7,232.6,Seedling,0,0.07,0.05
III,Nueva Ecija,Cabanatuan City,2020-05-11,23.2,33.1,64.5,1.3833333333333335,21.0,237.8,Seedling,0,0.0,0.18
III,Nueva Ecija,Cabanatuan City,2020-05-12,21.9,32.8,65.42,2.766666666666667,21.2,218.7,Seedling,0,0.07,0.11
III,Nueva Ecija,Cabanatuan City,2020-05-13,22.4,32.6,66.34,4.15,20.9,250.2,Seedling,0,0.12,0.11
III,Nueva Ecija,Cabanatuan City,2020-05-14,22.4,34.1,67.25999999999999,5.533333333333334,21.4,235.1,Seedling,0,0.16,0.0
III,Nueva Ecija,Cabanatuan City,2020-05-15,20.9,34.9,68.17999999999999,6.916666666666668,20.7,242.3,Seedling,0,0.11,0.17
III,Nueva Ecija,Cabanatuan City,2020-05-16,21.5,32.4,69.1,8.3,20.8,224.4,Seedling,0,0.06,0.0
III,Nueva Ecija,Cabanatuan City,2020-05-17,21.1,33.4,72.5,6.5,21.8,224.2,Seedling,0,0.07,0.14
III,Nueva Ecija,Cabanatuan City,2020-05-18,21.7,34.4,76.2,4.1,23.3,243.9,Seedling,0,0.0,0.12
III,Nueva Ecija,Cabanatuan City,2020-05-19,22.4,33.9,73.1,0.0,22.8,223.4,Seedling,0,0.0,0.05
III,Nueva Ecija,Cabanatuan City,2020-05-20,21.7,32.7,74.4,7.2,22.1,220.3,Seedling,0,0.03,0.09
III,Nueva Ecija,Cabanatuan City,2020-05-21,21.9,32.9,69.3,0.0,21.3,239.5,Seedling,0,0.14,0.18
III,Nueva Ecija,Cabanatuan City,2020-05-22,22.3,32.9,69.8,0.0,21.6,219.6,Seedling,0,0.0,0.1
III,Nueva Ecija,Cabanatuan City,2020-05-23,21.6,33.2,72.6,0.0,21.9,208.5,Seedling,0,0.0,0.07
III,Nueva Ecija,Cabanatuan City,2020-05-24,21.6,33.0,68.0,0.0,20.9,225.3,Seedling,0,0.06,0.0
III,Nueva Ecija,Cabanatuan City,2020-05-25,22.2,33.2,68.9,0.0,21.5,232.9,Seedling,0,0.06,0.07
III,Nueva Ecija,Cabanatuan City,2020-05-26,22.6,32.5,69.1,0.0,21.4,232.4,Seedling,0,0.06,0.06
III,Nueva Ecija,Cabanatuan City,2020-05-27,21.6,31.9,74.1,11.6,21.6,231.9,Seedling,0,0.07,0.13
III,Nueva Ecija,Cabanatuan City,2020-05-28,22.2,33.6,72.2,0.0,22.3,231.4,Seedling,0,0.13,0.11
III,Nueva Ecija,Cabanatuan City,2020-05-29,22.3,34.6,76.4,8.4,23.7,230.9,Seedling,0,0.18,0.0
III,Nueva Ecija,Cabanatuan City,2020-05-30,22.7,36.8,72.3,0.0,24.2,230.4,Seedling,0,0.12,0.12
III,Nueva Ecija,Cabanatuan City,2020-05-31,23.2,35.6,73.7,0.0,24.1,219.3,Seedling,0,0.18,0.25
III,Nueva Ecija,Cabanatuan City,2020-06-01,23.3,32.8,74.2,8.6,22.9,213.3,Seedling,0,0.0,0.09
III,Nueva Ecija,Cabanatuan City,2020-06-02,22.9,34.2,78.5,2.3,24.2,225.0,Seedling,0,0.06,0.03
III,Nueva Ecija,Cabanatuan City,2020-06-03,22.1,33.7,73.4,0.0,22.6,226.8,Seedling,1,0.04,0.0
III,Nueva Ecija,Cabanatuan City,2020-06-04,22.6,35.9,71.3,0.0,23.5,218.7,Seedling,0,0.08,0.0
III,Nueva Ecija,Cabanatuan City,2020-06-05,22.2,35.2,68.0,0.0,22.3,217.2,Seedling,0,0.19,0.21
III,Nueva Ecija,Cabanatuan City,2020-06-06,22.3,32.6,74.8,48.7,22.4,189.1,Seedling,0,0.07,0.0
III,Nueva Ecija,Cabanatuan City,2020-06-07,23.5,32.2,73.9,15.2,22.6,212.9,Seedling,0,0.02,0.12
III,Nueva Ecija,Cabanatuan City,2020-06-08,23.7,34.3,71.2,0.0,23.2,217.6,Seedling,0,0.15,0.12
III,Nueva Ecija,Cabanatuan City,2020-06-09,23.1,33.7,72.2,4.3,22.8,214.3,Seedling,0,0.07,0.05
III,Nueva Ecija,Cabanatuan City,2020-06-10,22.4,31.8,73.0,15.3,21.7,217.6,Seedling,0,0.07,0.08
III,Nueva Ecija,Cabanatuan City,2020-06-11,23.1,34.0,70.8,0.0,22.7,231.1,Seedling,9,3.26,0.0
III,Nueva Ecija,Cabanatuan City,2020-06-12,23.3,32.0,74.2,18.5,22.5,210.2,Seedling,15,2.97,0.15
III,Nueva Ecija,Cabanatuan City,2020-06-13,22.4,32.1,69.2,0.0,21.1,205.8,Seedling,14,1.76,0.07
III,Nueva Ecija,Cabanatuan City,2020-06-14,21.2,32.2,72.4,0.0,21.2,219.9,Seedling,8,0.74,0.13
III,Nueva Ecija,Cabanatuan City,2020-06-15,23.0,32.9,73.5,3.1,22.6,211.6,Seedling,8,0.64,0.2
III,Nueva Ecija,Cabanatuan City,2020-06-16,22.6,33.1,74.5,16.0,22.8,213.5,Seedling,7,0.0,0.0
III,Nueva Ecija,Cabanatuan City,2020-06-17,22.7,34.3,74.9,9.9,23.5,202.3,Seedling,7,0.0,0.08
III,Nueva Ecija,Cabanatuan City,2020-06-18,22.8,35.5,71.9,0.0,23.5,222.8,Seedling,7,0.44,0.16
III,Nueva Ecija,Cabanatuan City,2020-06-19,23.4,34.1,73.4,0.0,23.4,196.6,Seedling,6,0.0,0.13
III,Nueva Ecija,Cabanatuan City,2020-06-20,22.4,34.1,72.9,0.0,22.8,203.0,Seedling,6,0.09,0.1
III,Nueva Ecija,Cabanatuan City,2020-06-21,22.2,34.1,72.7,0.0,22.7,225.6,Seedling,6,0.0,0.14
III,Nueva Ecija,Cabanatuan City,2020-06-22,22.9,33.3,73.8,0.0,22.9,220.4,Seedling,8,0.21,0.06
III,Nueva Ecija,Cabanatuan City,2020-06-23,22.6,33.3,81.6,8.0,24.3,205.5,Seedling,6,0.36,0.0
III,Nueva Ecija,Cabanatuan City,2020-06-24,22.9,34.2,74.8,0.0,23.5,215.0,Seedling,6,0.21,0.12
III,Nueva Ecija,Cabanatuan City,2020-06-25,23.8,34.02,77.3,0.0,25.2,216.1,Seedling,11,0.79,0.11
III,Nueva Ecija,Cabanatuan City,2020-06-26,23.2,33.84,80.3,32.3,24.6,189.0,Tillering,25,2.03,0.03
III,Nueva Ecija,Cabanatuan City,2020-06-27,23.5,33.66,77.0,0.0,24.0,220.7,Tillering,31,1.21,0.18
III,Nueva Ecija,Cabanatuan City,2020-06-28,23.1,33.48,77.6,0.0,24.3,210.6,Tillering,36,1.78,0.0
III,Nueva Ecija,Cabanatuan City,2020-06-29,23.2,33.3,82.7,148.7,24.8,171.8,Tillering,29,1.95,0.13
III,Nueva Ecija,Cabanatuan City,2020-06-30,22.9,33.5,82.2,19.9,24.6,198.1,Tillering,37,1.98,0.07
III,Nueva Ecija,Cabanatuan City,2020-07-01,22.9,33.2,76.7,0.0,23.4,212.5,Tillering,40,2.34,0.0
III,Nueva Ecija,Cabanatuan City,2020-07-02,22.7,35.4,77.0,0.0,24.4,233.0,Tillering,45,1.03,0.15
III,Nueva Ecija,Cabanatuan City,2020-07-03,23.2,34.7,72.1,0.0,23.4,204.8,Tillering,50,2.1,0.04
III,Nueva Ecija,Cabanatuan City,2020-07-04,23.5,35.1,71.1,0.0,23.5,210.9,Tillering,47,1.96,0.07
III,Nueva Ecija,Cabanatuan City,2020-07-05,23.7,33.6,75.9,8.4,23.8,215.5,Tillering,44,1.04,0.19
III,Nueva Ecija,Cabanatuan City,2020-07-06,23.1,35.2,77.7,4.9,24.7,199.6,Tillering,41,2.22,0.0
III,Nueva Ecija,Cabanatuan City,2020-07-07,23.8,34.766666666666666,77.13333333333334,0.0,23.6,221.2,Tillering,38,2.19,0.1
III,Nueva Ecija,Cabanatuan City,2020-07-08,23.8,34.333333333333336,76.56666666666666,7.8,24.1,203.4,Tillering,35,1.36,0.11
III,Nueva Ecija,Cabanatuan City,2020-07-09,24.5,33.9,76.0,0.0,24.4,223.5,Tillering,48,1.41,0.13
III,Nueva Ecija,Cabanatuan City,2020-07-10,24.4,33.3,74.3,0.0,23.7,227.7,Tillering,21,1.47,0.05
III,Nueva Ecija,Cabanatuan City,2020-07-11,24.54,33.4,73.0,0.0,23.0,217.7,Tillering,15,0.68,0.12
III,Nueva Ecija,Cabanatuan City,2020-07-12,24.68,33.8,76.7,1.8,24.3,217.7,Tillering,15,1.45,0.0
III,Nueva Ecija,Cabanatuan City,2020-07-13,24.82,34.0,77.6,0.0,24.5,228.8,Tillering,13,1.0,0.07
III,Nueva Ecija,Cabanatuan City,2020-07-14,24.96,33.4,77.0,0.0,24.5,229.5,Tillering,7,1.8,0.03
III,Nueva Ecija,Cabanatuan City,2020-07-15,25.1,33.2,76.39999999999999,0.0,24.4,213.7,Tillering,12,0.91,0.06
III,Nueva Ecija,Cabanatuan City,2020-07-16,23.2,34.0,75.8,0.0,25.0,207.3,Tillering,14,1.22,0.07
III,Nueva Ecija,Cabanatuan City,2020-07-17,23.4,34.0,75.2,0.0,24.1,203.7,Tillering,10,0.47,0.04
III,Nueva Ecija,Cabanatuan City,2020-07-18,23.7,35.6,74.6,0.0,23.5,216.2,Tillering,12,0.0,0.1
III,Nueva Ecija,Cabanatuan City,2020-07-19,23.6,34.6,74.0,16.6,23.9,215.4,Tillering,15,1.15,0.08
III,Nueva Ecija,Cabanatuan City,2020-07-20,23.6,34.5,67.4,0.0,22.5,222.6,Tillering,9,0.98,0.07
III,Nueva Ecija,Cabanatuan City,2020-07-21,22.7,33.9,74.7,6.6,23.2,212.8,Elongation,6,1.57,0.02
III,Nueva Ecija,Cabanatuan City,2020-07-22,22.2,35.3,75.1,16.8,23.8,191.4,Elongation,5,0.08,0.09
III,Nueva Ecija,Cabanatuan City,2020-07-23,23.2,34.5,75.9,6.7,24.0,212.6,Elongation,3,1.64,0.11
III,Nueva Ecija,Cabanatuan City,2020-07-24,23.3,36.1,77.5,2.1,25.2,214.0,Elongation,7,2.56,0.0
III,Nueva Ecija,Cabanatuan City,2020-07-25,23.5,36.4,78.8,4.9,25.7,213.4,Elongation,8,3.74,0.03
III,Nueva Ecija,Cabanatuan City,2020-07-26,24.8,36.3,76.2,0.0,25.8,220.3,Elongation,8,3.35,0.15
III,Nueva Ecija,Cabanatuan City,2020-07-27,23.6,35.1,81.1,22.3,25.6,191.1,Elongation,3,4.56,0.13
III,Nueva Ecija,Cabanatuan City,2020-07-28,23.8,36.2,81.8,6.9,26.4,211.6,Elongation,9,4.69,0.10999999999999999
III,Nueva Ecija,Cabanatuan City,2020-07-29,24.7,36.5,78.1,0.0,26.2,220.5,Elongation,7,4.37,0.09
III,Nueva Ecija,Cabanatuan City,2020-07-30,24.1,36.1,78.7,7.6,25.8,204.7,Elongation,10,6.17,0.06999999999999999
III,Nueva Ecija,Cabanatuan City,2020-07-31,23.6,35.2,75.8,1.6,24.6,223.0,Elongation,10,6.85,0.04999999999999999
III,Nueva Ecija,Cabanatuan City,2020-08-01,23.4,37.2,73.5,0.0,25.0,220.7,Elongation,11,7.02,0.03
III,Nueva Ecija,Cabanatuan City,2020-08-02,22.4,35.9,77.9,23.8,24.7,196.9,Elongation,10,7.58,0.08
III,Nueva Ecija,Cabanatuan City,2020-08-03,23.3,37.0,76.3,2.6,25.4,203.1,Elongation,14,7.54,0.0
III,Nueva Ecija,Cabanatuan City,2020-08-04,23.8,35.2,76.6,10.5,24.8,216.1,Elongation,11,9.46,0.14
III,Nueva Ecija,Cabanatuan City,2020-08-05,24.1,34.5,73.3,0.0,24.0,214.9,Elongation,18,7.43,0.02
III,Nueva Ecija,Cabanatuan City,2020-08-06,23.9,34.2,72.3,0.0,23.5,205.4,Elongation,9,7.72,0.16
III,Nueva Ecija,Cabanatuan City,2020-08-07,22.8,33.9,82.8,5.4,24.9,206.3,Elongation,18,6.75,0.1
III,Nueva Ecija,Cabanatuan City,2020-08-08,23.0,35.7,84.4,8.0,26.2,214.1,Elongation,13,6.31,0.22
III,Nueva Ecija,Cabanatuan City,2020-08-09,22.0,33.7,82.1,22.1,24.3,204.7,Elongation,15,5.96,0.31
III,Nueva Ecija,Cabanatuan City,2020-08-10,22.6,35.3,82.1,7.1,25.4,195.3,Panicle,12,0.06,8.21
III,Nueva Ecija,Cabanatuan City,2020-08-11,22.7,35.1,80.5,0.0,25.0,212.3,Panicle,9,0.06,8.42
III,Nueva Ecija,Cabanatuan City,2020-08-12,22.5,32.4,78.3,21.1,23.1,185.4,Panicle,13,0.06,5.95
III,Nueva Ecija,Cabanatuan City,2020-08-13,21.6,33.5,77.2,16.5,23.0,199.5,Panicle,7,0.12,3.64
III,Nueva Ecija,Cabanatuan City,2020-08-14,22.2,34.3,78.4,14.3,23.9,208.4,Panicle,6,0.08,4.01
III,Nueva Ecija,Cabanatuan City,2020-08-15,23.3,34.9,75.0,12.1,24.1,217.9,Panicle,8,0.1,1.82
III,Nueva Ecija,Cabanatuan City,2020-08-16,22.6,33.8,79.0,9.899999999999999,24.200000000000003,205.0,Panicle,4,0.13,0.53
III,Nueva Ecija,Cabanatuan City,2020-08-17,23.1,34.5,79.4,7.7,24.3,203.5,Panicle,9,0.1,1.45
III,Nueva Ecija,Cabanatuan City,2020-08-18,22.4,35.5,78.5,16.2,24.400000000000002,185.8,Panicle,10,0.07,0.39
III,Nueva Ecija,Cabanatuan City,2020-08-19,22.5,36.2,76.9,19.3,24.5,188.9,Panicle,9,0.1,0.28
III,Nueva Ecija,Cabanatuan City,2020-08-20,22.4,36.6,75.7,13.1,24.6,203.8,Panicle,11,0.13,1.11
III,Nueva Ecija,Cabanatuan City,2020-08-21,22.6,35.8,76.0,9.3,24.4,206.9,Panicle,8,0.0,2.72
III,Nueva Ecija,Cabanatuan City,2020-08-22,23.0,35.6,71.2,0.0,23.5,217.2,Panicle,6,0.2,1.62
III,Nueva Ecija,Cabanatuan City,2020-08-23,23.1,36.9,74.1,0.0,24.8,209.1,Panicle,2,0.07,3.45
III,Nueva Ecija,Cabanatuan City,2020-08-24,23.7,34.9,74.8,0.0,24.3,224.9,Panicle,2,0.06,3.69
III,Nueva Ecija,Cabanatuan City,2020-08-25,24.1,35.4,77.5,9.7,25.2,208.9,Flowering,0,0.03,1.69
III,Nueva Ecija,Cabanatuan City,2020-08-26,24.7,36.3,77.7,0.0,26.0,215.4,Flowering,1,0.04,2.36
III,Nueva Ecija,Cabanatuan City,2020-08-27,23.7,35.0,80.1,0.0,25.4,220.5,Flowering,0,0.13,3.32
III,Nueva Ecija,Cabanatuan City,2020-08-28,22.9,33.7,85.4,27.4,25.4,188.5,Flowering,2,0.23,2.57
III,Nueva Ecija,Cabanatuan City,2020-08-29,22.8,33.1,84.3,18.4,24.8,197.9,Flowering,3,0.13,2.1
III,Nueva Ecija,Cabanatuan City,2020-08-30,22.9,33.5,79.7,0.0,24.1,206.8,Flowering,1,0.05,2.45
III,Nueva Ecija,Cabanatuan City,2020-08-31,22.4,32.4,82.6,3.9,23.9,215.0,Flowering,5,0.03,1.45
III,Nueva Ecija,Cabanatuan City,2020-09-01,23.0,33.1,76.9,0.0,23.4,204.1,Flowering,5,0.09,0.39
III,Nueva Ecija,Cabanatuan City,2020-09-02,22.6,32.4,75.4,20.5,22.6,195.9,Flowering,3,0.07,0.99
III,Nueva Ecija,Cabanatuan City,2020-09-03,23.1,33.7,77.1,9.1,23.8,212.4,Flowering,2,0.09,1.2
III,Nueva Ecija,Cabanatuan City,2020-09-04,22.8,32.8,76.9,5.3,23.2,207.6,Flowering,3,0.1,1.01
III,Nueva Ecija,Cabanatuan City,2020-09-05,22.1,33.0,77.2,15.8,23.0,183.5,Flowering,3,0.05,0.47
III,Nueva Ecija,Cabanatuan City,2020-09-06,22.6,34.6,72.0,0.0,23.0,210.3,Flowering,7,0.12,0.36
III,Nueva Ecija,Cabanatuan City,2020-09-07,23.0,34.7,72.8,0.0,23.4,209.9,Flowering,2,0.27,0.65
III,Nueva Ecija,Cabanatuan City,2020-09-08,23.5,33.7,77.2,2.5,24.0,225.8,Ripening,2,0.26,1.24
III,Nueva Ecija,Cabanatuan City,2020-09-09,23.4,33.4,78.4,5.5,24.1,204.4,Ripening,4,0.14,0.91
III,Nueva Ecija,Cabanatuan City,2020-09-10,23.5,34.2,75.8,0.0,24.0,214.8,Ripening,0,0.1,0.83
III,Nueva Ecija,Cabanatuan City,2020-09-11,23.5,34.1,83.0,21.3,25.4,205.4,Ripening,0,0.08,0.48
III,Nueva Ecija,Cabanatuan City,2020-09-12,22.9,34.2,77.7,0.0,24.1,218.2,Ripening,1,0.01,1.26
III,Nueva Ecija,Cabanatuan City,2020-09-13,22.5,33.2,80.3,5.2,23.9,220.0,Ripening,1,0.09,0.83
III,Nueva Ecija,Cabanatuan City,2020-09-14,22.3,31.3,75.1,0.0,21.8,216.6,Ripening,0,0.17,0.0
III,Nueva Ecija,Cabanatuan City,2020-09-15,23.8,31.2,79.9,22.3,23.5,193.0,Ripening,0,0.01,0.0
III,Nueva Ecija,Cabanatuan City,2020-09-16,23.6,32.2,71.6,0.0,22.2,227.3,Ripening,0,0.05,0.87
III,Nueva Ecija,Cabanatuan City,2020-09-17,22.8,30.9,74.4,8.8,21.7,217.4,Ripening,1,0.12,0.0
III,Nueva Ecija,Cabanatuan City,2020-09-18,22.1,31.7,73.1,7.1,21.5,199.6,Ripening,1,0.0,0.16
III,Nueva Ecija,Cabanatuan City,2020-09-19,21.7,31.7,76.1,24.5,21.9,199.5,Ripening,0,0.09,1.83
III,Nueva Ecija,Cabanatuan City,2020-09-20,22.5,32.6,73.0,0.0,22.2,212.4,Ripening,1,0.11,0.05
III,Nueva Ecija,Cabanatuan City,2020-09-21,22.7,31.4,76.1,4.4,22.3,207.2,Ripening,0,0.2,0.12
III,Nueva Ecija,Cabanatuan City,2020-09-22,22.6,32.5,74.0,0.6,22.4,210.0,Ripening,0,0.0,0.63
III,Nueva Ecija,Cabanatuan City,2020-09-23,23.2,31.9,73.3,0.0,22.2,223.3,Ripening,0,0.12,0.36
III,Nueva Ecija,Cabanatuan City,2020-09-24,23.9,32.4,80.2,3.8,24.2,212.8,Ripening,0,0.14,0.64
III,Nueva Ecija,Cabanatuan City,2020-09-25,23.6,33.2,75.9,0.0,23.6,216.6,Ripening,0,0.09,0.7
III,Nueva Ecija,Cabanatuan City,2020-09-26,22.6,35.4,78.8,9.7,24.8,206.6,Ripening,1,0.0,0.0
III,Nueva Ecija,Cabanatuan City,2020-09-27,22.7,36.5,76.9,0.0,25.0,214.9,Ripening,0,0.0,0.66
III,Nueva Ecija,Cabanatuan City,2020-09-28,23.1,35.5,76.1,0.0,24.5,211.1,Ripening,0,0.0,1.34
III,Nueva Ecija,Cabanatuan City,2020-09-29,22.3,33.2,77.9,19.6,23.3,198.2,Ripening,0,0.09,0.0
III,Nueva Ecija,Cabanatuan City,2020-09-30,22.9,32.6,75.0,4.0,22.8,206.1,Ripening,1,0.1,1.04
III,Nueva Ecija,Cabanatuan City,2020-10-01,22.7,33.5,75.0,7.4,23.1,201.4,Ripening,1,0.12,1.22
III,Nueva Ecija,Cabanatuan City,2020-10-02,22.8,34.4,74.4,0.0,23.5,220.3,Ripening,0,0.07,0.0
III,Nueva Ecija,Cabanatuan City,2020-10-03,21.8,34.9,79.4,9.5,24.2,210.2,Ripening,0,0.08,0.05
III,Nueva Ecija,Cabanatuan City,2020-10-04,22.6,34.3,80.4,22.5,24.5,185.2,Ripening,0,0.16,0.0
III,Nueva Ecija,Cabanatuan City,2020-10-05,23.5,35.0,83.1,11.2,25.9,215.7,Ripening,2,0.1,0.08
III,Nueva Ecija,Cabanatuan City,2020-10-06,23.5,35.3,84.8,8.3,26.4,215.1,Ripening,0,0.1,0.05
III,Nueva Ecija,Cabanatuan City,2020-10-07,23.2,32.6,83.9,117.3,24.7,170.2,Ripening,1,0.07,0.13
III,Nueva Ecija,Cabanatuan City,2020-10-08,23.5,35.3,83.4,3.5,26.1,223.3,Ripening,0,0.24,0.16
III,Nueva Ecija,Cabanatuan City,2020-10-09,22.6,34.0,79.9,6.3,24.3,205.7,Ripening,0,0.1,0.03
III,Nueva Ecija,Cabanatuan City,2020-10-10,23.5,33.8,77.4,0.0,24.1,221.2,Ripening,0,0.18,0.14
III,Nueva Ecija,Cabanatuan City,2020-10-11,23.5,34.1,78.3,2.4,24.5,215.7,Ripening,0,0.15,0.12
III,Nueva Ecija,Cabanatuan City,2020-10-12,23.4,34.3,78.8,16.7,24.6,196.4,Ripening,0,0.23,0.0
III,Nueva Ecija,Cabanatuan City,2020-10-13,23.0,35.9,78.5,0.0,25.2,219.3,Ripening,0,0.05,0.01
III,Nueva Ecija,Cabanatuan City,2020-10-14,23.3,34.8,77.7,0.0,24.6,212.2,Ripening,0,0.0,0.18
III,Nueva Ecija,Cabanatuan City,2020-10-15,23.0,34.1,79.5,2.8,24.5,212.9,Ripening,0,0.11,0.1
III,Nueva Ecija,Cabanatuan City,2020-10-16,22.9,34.8,77.0,0.0,24.2,216.6,Ripening,0,0.0,0.12
III,Nueva Ecija,Cabanatuan City,2020-10-17,22.9,34.5,78.2,0.0,24.3,232.0,Ripening,0,0.19,0.14
III,Nueva Ecija,Cabanatuan City,2020-10-18,22.5,33.7,77.3,0.0,23.6,218.7,Ripening,0,0.04,0.23
III,Nueva Ecija,Cabanatuan City,2020-10-19,22.9,33.2,78.8,3.8,23.8,227.9,Ripening,0,0.18,0.09
III,Nueva Ecija,Cabanatuan City,2020-10-20,22.8,34.3,81.3,13.9,24.8,209.0,Ripening,0,0.0,0.05
III,Nueva Ecija,Cabanatuan City,2020-10-21,23.3,34.3,78.9,6.6,24.6,221.1,Ripening,0,0.06,0.05
III,Nueva Ecija,Cabanatuan City,2020-10-22,22.3,34.9,73.1,0.0,23.2,219.9,Ripening,0,0.06,0.0
III,Nueva Ecija,Cabanatuan City,2020-10-23,21.7,34.0,74.5,48.9,22.8,181.1,Ripening,0,0.17,0.13
III,Nueva Ecija,Cabanatuan City,2020-10-24,22.4,35.7,74.5,11.6,24.0,217.7,Ripening,0,0.16,0.07
III,Nueva Ecija,Cabanatuan City,2020-10-25,23.1,36.7,74.0,1.5,24.7,213.3,Ripening,0,0.13,0.0
III,Nueva Ecija,Cabanatuan City,2020-10-26,24.6,36.4,75.0,0.0,25.5,219.8,Ripening,0,0.02,0.0
III,Nueva Ecija,Cabanatuan City,2020-10-27,23.7,34.7,78.0,18.1,24.8,195.8,Ripening,0,0.12,0.3
III,Nueva Ecija,Cabanatuan City,2020-10-28,23.8,33.3,75.1,0.0,23.6,224.7,Ripening,0,0.108,0.1
III,Nueva Ecija,Cabanatuan City,2020-10-29,23.6,32.1,79.5,7.6,23.8,214.7,Ripening,0,0.096,0.12
III,Nueva Ecija,Cabanatuan City,2020-10-30,23.2,31.8,75.4,30.5,23.740000000000002,193.3,Ripening,0,0.08399999999999999,0.09
III,Nueva Ecija,Cabanatuan City,2020-10-31,23.4,32.4,71.7,0.0,23.68,218.0,Ripening,0,0.072,0.16
III,Nueva Ecija,Cabanatuan City,2020-11-01,23.1,32.71666666666667,78.4,14.2,23.62,200.1,Ripening,0,0.06,0.07
III,Nueva Ecija,Cabanatuan City,2020-11-02,23.3,33.03333333333333,81.6,2.5,23.56,210.4,Ripening,0,0.07,0.0
III,Nueva Ecija,Cabanatuan City,2020-11-03,22.8,33.349999999999994,78.7,5.5,23.5,217.4,Ripening,0,0.17,0.0
III,Nueva Ecija,Cabanatuan City,2020-11-04,22.0,33.666666666666664,73.2,0.0,22.6,217.6,Seedling,1,0.22,0.09
III,Nueva Ecija,Cabanatuan City,2020-11-05,22.4,33.983333333333334,81.2,15.8,23.8,197.8,Seedling,0,0.21,0.11
III,Nueva Ecija,Cabanatuan City,2020-11-06,23.2,34.3,82.9,6.7,25.3,221.5,Seedling,0,0.15,0.1
III,Nueva Ecija,Cabanatuan City,2020-11-07,22.7,33.9,79.4,3.3,24.2,223.4,Seedling,0,0.06,0.0
III,Nueva Ecija,Cabanatuan City,2020-11-08,21.9,33.2,72.7,0.0,22.1,229.9,Seedling,0,0.08,0.01
III,Nueva Ecija,Cabanatuan City,2020-11-09,21.8,32.0,74.1,0.0,21.7,220.6,Seedling,0,0.0,0.0
III,Nueva Ecija,Cabanatuan City,2020-11-10,21.8,32.3,77.3,8.9,22.5,199.9,Seedling,0,0.16,0.04
III,Nueva Ecija,Cabanatuan City,2020-11-11,22.6,32.7,75.1,0.0,22.7,227.4,Seedling,0,0.19,0.09
III,Nueva Ecija,Cabanatuan City,2020-11-12,22.1,32.0,78.5,32.1,22.8,218.8,Seedling,0,0.08,0.04
III,Nueva Ecija,Cabanatuan City,2020-11-13,22.8,31.5,74.1,0.0,22.0,217.9,Seedling,0,0.03,0.02
III,Nueva Ecija,Cabanatuan City,2020-11-14,22.8,32.6,74.5,0.0,22.5,237.2,Seedling,0,0.16,0.04
III,Nueva Ecija,Cabanatuan City,2020-11-15,22.7,32.7,74.9,0.0,22.3,225.6,Seedling,0,0.07,0.17
III,Nueva Ecija,Cabanatuan City,2020-11-16,21.2,32.7,75.3,2.9,22.0,227.7,Seedling,0,0.15,0.02
III,Nueva Ecija,Cabanatuan City,2020-11-17,22.1,31.8,75.7,1.6,22.1,224.5,Seedling,0,0.08,0.11
III,Nueva Ecija,Cabanatuan City,2020-11-18,23.2,31.6,72.3,0.3,21.9,218.7,Seedling,0,0.12,0.01
III,Nueva Ecija,Cabanatuan City,2020-11-19,22.9,32.5,73.2,0.0,22.3,242.3,Seedling,0,0.25,0.0
III,Nueva Ecija,Cabanatuan City,2020-11-20,23.0,32.9,72.9,0.0,22.5,218.2,Seedling,0,0.05,0.14
III,Nueva Ecija,Cabanatuan City,2020-11-21,22.5,31.8,72.6,0.0,21.7,224.6,Seedling,1,0.09,0.04
III,Nueva Ecija,Cabanatuan City,2020-11-22,23.0,32.8,71.0,0.0,22.1,222.9,Seedling,0,0.17,0.14
III,Nueva Ecija,Cabanatuan City,2020-11-23,21.7,33.1,77.0,15.2,22.8,213.0,Seedling,0,0.03,0.15
III,Nueva Ecija,Cabanatuan City,2020-11-24,22.5,33.7,71.3,0.0,22.4,233.9,Seedling,0,0.0,0.0
III,Nueva Ecija,Cabanatuan City,2020-11-25,22.1,33.4,75.1,6.5,22.8,203.0,Seedling,0,0.13,0.09
III,Nueva Ecija,Cabanatuan City,2020-11-26,22.3,33.46666666666667,77.5,15.6,23.0,224.4,Seedling,0,0.01,0.01
III,Nueva Ecija,Cabanatuan City,2020-11-27,22.7,33.53333333333333,69.4,0.0,21.8,227.0,Seedling,0,0.04,0.09
III,Nueva Ecija,Cabanatuan City,2020-11-28,23.8,33.599999999999994,69.7,0.0,22.7,217.7,Seedling,0,0.0,0.12
III,Nueva Ecija,Cabanatuan City,2020-11-29,23.9,33.666666666666664,70.4,0.0,22.7,225.7,Seedling,0,0.0,0.05
III,Nueva Ecija,Cabanatuan City,2020-11-30,24.1,33.733333333333334,68.6,0.0,23.0,228.3,Seedling,0,0.14,0.15
III,Nueva Ecija,Cabanatuan City,2020-12-01,24.4,33.8,69.1,0.0,22.9,226.6,Seedling,0,0.0,0.01
III,Nueva Ecija,Cabanatuan City,2020-12-02,23.4,32.3,71.3,23.4,22.1,216.6,Seedling,0,0.14,0.01
III,Nueva Ecija,Cabanatuan City,2020-12-03,23.0,32.2,74.9,3.2,22.6,217.6,Seedling,0,0.05,0.04
III,Nueva Ecija,Cabanatuan City,2020-12-04,22.5,30.9,71.3,0.0,21.0,242.0,Seedling,0,0.02,0.05
III,Nueva Ecija,Cabanatuan City,2020-12-05,24.0,32.6,74.9,0.0,23.3,232.0,Seedling,0,0.23,0.17
III,Nueva Ecija,Cabanatuan City,2020-12-06,23.0,33.4,75.6,0.0,23.3,226.7,Seedling,0,0.99,0.17
III,Nueva Ecija,Cabanatuan City,2020-12-07,22.76,31.4,76.3,0.0,22.4,240.7,Seedling,2,0.27,0.0
III,Nueva Ecija,Cabanatuan City,2020-12-08,22.52,32.3,71.5,0.0,21.8,213.1,Seedling,1,0.59,0.01
III,Nueva Ecija,Cabanatuan City,2020-12-09,22.28,33.2,68.9,0.0,21.9,248.6,Seedling,1,1.1,0.11
III,Nueva Ecija,Cabanatuan City,2020-12-10,22.04,33.2,70.1,0.0,22.1,230.1,Seedling,0,0.22,0.03
III,Nueva Ecija,Cabanatuan City,2020-12-11,21.8,34.7,70.5,0.0,22.4,237.0,Seedling,2,0.0,0.02
III,Nueva Ecija,Cabanatuan City,2020-12-12,23.0,34.1,70.8,0.0,22.7,222.4,Seedling,0,0.72,0.13
III,Nueva Ecija,Cabanatuan City,2020-12-13,23.2,33.0,67.7,0.0,21.6,237.5,Seedling,0,0.26,0.05
III,Nueva Ecija,Cabanatuan City,2020-12-14,22.7,34.2,66.9,0.0,21.8,235.3,Seedling,1,0.46,0.22
III,Nueva Ecija,Cabanatuan City,2020-12-15,22.2,35.0,63.6,0.0,21.3,226.2,Seedling,1,0.8,0.07
III,Nueva Ecija,Cabanatuan City,2020-12-16,22.4,35.5,64.0,0.0,21.8,231.6,Seedling,2,0.45,0.0
III,Nueva Ecija,Cabanatuan City,2020-12-17,22.7,35.8,67.9,0.0,22.8,230.0,Seedling,0,1.5,0.12
III,Nueva Ecija,Cabanatuan City,2020-12-18,22.5,34.1,65.5,0.0,21.4,216.5,Seedling,5,1.8,0.09
III,Nueva Ecija,Cabanatuan City,2020-12-19,22.5,33.3,66.1,0.0,21.1,244.8,Seedling,1,2.11,0.18
III,Nueva Ecija,Cabanatuan City,2020-12-20,23.6,33.1,66.9,0.0,21.7,225.5,Seedling,1,2.59,0.11
III,Nueva Ecija,Cabanatuan City,2020-12-21,23.1,31.9,68.1,0.0,21.1,245.3,Seedling,0,1.94,0.12
III,Nueva Ecija,Cabanatuan City,2020-12-22,22.4,32.05,65.8,0.0,20.2,228.3,Tillering,1,2.24,0.06
III,Nueva Ecija,Cabanatuan City,2020-12-23,21.7,32.2,64.3,0.0,19.8,241.3,Tillering,2,2.28,0.12
III,Nueva Ecija,Cabanatuan City,2020-12-24,21.9,30.1,68.8,0.0,19.8,213.0,Tillering,0,1.35,0.02
III,Nueva Ecija,Cabanatuan City,2020-12-25,22.3,31.8,66.9,0.0,20.4,232.0,Tillering,1,0.69,0.1
III,Nueva Ecija,Cabanatuan City,2020-12-26,22.6,33.2,68.0,0.0,21.5,242.4,Tillering,1,0.99,0.12
III,Nueva Ecija,Cabanatuan City,2020-12-27,22.3,32.8,67.7,0.0,21.1,233.0,Tillering,0,0.95,0.07
III,Nueva Ecija,Cabanatuan City,2020-12-28,22.2,32.2,69.6,0.0,21.1,235.5,Tillering,3,1.22,0.08
III,Nueva Ecija,Cabanatuan City,2020-12-29,23.3,33.7,70.8,0.0,22.7,233.14,Tillering,3,0.13,0.18
III,Nueva Ecija,Cabanatuan City,2020-12-30,23.0,32.9,69.5,0.0,21.8,230.78,Tillering,3,0.0,0.2
III,Nueva Ecija,Cabanatuan City,2020-12-31,22.0,31.6,71.0,21.9,21.0,228.42,Tillering,3,0.2,0.25
III,Nueva Ecija,Cabanatuan City,2021-01-01,22.4,33.8,67.7,0.0,21.6,226.06,Tillering,3,0.71,0.02
III,Nueva Ecija,Cabanatuan City,2021-01-02,22.4,33.4,67.5,0.0,21.4,223.7,Tillering,2,0.21,0.02
III,Nueva Ecija,Cabanatuan City,2021-01-03,23.9,33.7,68.1,0.0,22.4,223.4,Tillering,3,0.0,0.08
III,Nueva Ecija,Cabanatuan City,2021-01-04,23.1,32.7,69.6,1.1,21.8,226.6,Tillering,4,0.0,0.01
III,Nueva Ecija,Cabanatuan City,2021-01-05,22.8,32.8,61.7,0.0,20.1,242.6,Tillering,0,0.01,0.04
III,Nueva Ecija,Cabanatuan City,2021-01-06,23.2,33.0,67.9,2.8,21.7,240.8,Tillering,1,0.95,0.03
III,Nueva Ecija,Cabanatuan City,2021-01-07,23.4,34.7,66.4,0.0,22.3,222.9,Tillering,1,0.41,0.05
III,Nueva Ecija,Cabanatuan City,2021-01-08,22.8,32.6,73.4,5.4,22.4,224.5,Tillering,2,0.92,0.02
III,Nueva Ecija,Cabanatuan City,2021-01-09,23.0,34.1,68.5,0.0,22.2,234.0,Tillering,3,1.38,0.06
III,Nueva Ecija,Cabanatuan City,2021-01-10,22.8,32.2,68.4,0.0,21.2,223.4,Tillering,1,1.03,0.03
III,Nueva Ecija,Cabanatuan City,2021-01-11,21.7,32.4,66.5,0.0,20.3,219.5,Tillering,1,0.26,0.16
III,Nueva Ecija,Cabanatuan City,2021-01-12,22.1,31.6,69.8,0.0,20.8,229.4,Tillering,2,1.48,0.12
III,Nueva Ecija,Cabanatuan City,2021-01-13,22.4,32.1,70.6,0.0,21.4,229.5,Tillering,1,0.54,0.16
III,Nueva Ecija,Cabanatuan City,2021-01-14,22.2,32.0,68.9,0.5,20.9,231.1,Tillering,1,0.0,0.11
III,Nueva Ecija,Cabanatuan City,2021-01-15,21.4,32.2,70.1,0.0,20.8,236.4,Tillering,0,0.0,0.0
III,Nueva Ecija,Cabanatuan City,2021-01-16,22.0,31.9,74.0,16.5,21.8,211.3,Elongation,1,0.66,0.04
III,Nueva Ecija,Cabanatuan City,2021-01-17,22.0,34.5,68.0,0.0,21.8,241.4,Elongation,2,0.85,0.05
III,Nueva Ecija,Cabanatuan City,2021-01-18,22.4,33.6,69.7,0.0,21.9,244.5,Elongation,1,0.16,0.15
III,Nueva Ecija,Cabanatuan City,2021-01-19,22.5,34.6,71.8,4.9,22.9,217.2,Elongation,2,0.85,0.02
III,Nueva Ecija,Cabanatuan City,2021-01-20,22.6,34.6,66.0,0.0,21.8,216.3,Elongation,4,0.43,0.0
III,Nueva Ecija,Cabanatuan City,2021-01-21,21.9,33.7,65.9,0.0,21.0,228.1,Elongation,3,0.84,0.03
III,Nueva Ecija,Cabanatuan City,2021-01-22,22.0,32.9,64.0,0.0,20.2,239.4,Elongation,3,0.91,0.0
III,Nueva Ecija,Cabanatuan City,2021-01-23,23.3,31.7,67.6,0.0,21.0,226.4,Elongation,3,0.37,0.1
III,Nueva Ecija,Cabanatuan City,2021-01-24,23.1,32.3,67.7,0.0,21.2,229.5,Elongation,2,0.04,0.12
III,Nueva Ecija,Cabanatuan City,2021-01-25,22.6,32.2,67.0,0.0,20.8,238.7,Elongation,3,0.68,0.19
III,Nueva Ecija,Cabanatuan City,2021-01-26,22.4,32.8,68.0,0.0,21.2,229.7,Elongation,2,0.72,0.07
III,Nueva Ecija,Cabanatuan City,2021-01-27,21.5,33.2,65.6,0.0,20.5,229.4,Elongation,0,1.22,0.03
III,Nueva Ecija,Cabanatuan City,2021-01-28,21.4,33.2,69.9,0.0,21.3,241.8,Elongation,4,1.56,0.0
III,Nueva Ecija,Cabanatuan City,2021-01-29,20.7,33.6,70.8,0.0,21.3,242.2,Elongation,2,1.77,0.1
III,Nueva Ecija,Cabanatuan City,2021-01-30,21.4,34.0,73.2,0.0,22.3,250.3,Elongation,2,1.6,0.2
III,Nueva Ecija,Cabanatuan City,2021-01-31,21.7,34.2,68.3,0.0,21.6,229.6,Elongation,0,2.56,0.06
III,Nueva Ecija,Cabanatuan City,2021-02-01,20.9,32.6,72.2,10.3,21.2,232.5,Elongation,2,1.12,0.08
III,Nueva Ecija,Cabanatuan City,2021-02-02,21.1,33.3,64.8,0.0,20.2,250.5,Elongation,3,0.44,0.11
III,Nueva Ecija,Cabanatuan City,2021-02-03,21.6,32.8,61.7,0.0,19.5,229.9,Elongation,2,1.35,0.07
III,Nueva Ecija,Cabanatuan City,2021-02-04,22.6,32.6,64.8,0.0,20.6,231.5,Elongation,4,0.75,0.16
III,Nueva Ecija,Cabanatuan City,2021-02-05,22.0,31.5,66.3,0.9,20.0,231.38333333333333,Panicle,4,0.09,0.31
III,Nueva Ecija,Cabanatuan City,2021-02-06,22.4,31.5,66.1,0.0,20.2,231.26666666666668,Panicle,3,0.0,0.16
III,Nueva Ecija,Cabanatuan City,2021-02-07,22.7,30.9,64.3,0.0,19.7,231.15,Panicle,2,0.22,1.86
III,Nueva Ecija,Cabanatuan City,2021-02-08,22.7,32.0,65.1,0.0,20.4,231.03333333333333,Panicle,2,0.25,1.06
III,Nueva Ecija,Cabanatuan City,2021-02-09,23.0,32.2,67.5,0.0,21.1,230.91666666666669,Panicle,2,0.0,0.42
III,Nueva Ecija,Cabanatuan City,2021-02-10,22.4,31.5,65.4,0.0,20.0,230.8,Panicle,1,0.26,0.27
III,Nueva Ecija,Cabanatuan City,2021-02-11,23.0,31.0,68.5,0.0,20.7,247.1,Panicle,0,0.05,0.0
III,Nueva Ecija,Cabanatuan City,2021-02-12,21.6,31.6,70.8,0.0,20.8,235.7,Panicle,0,0.1,1.13
III,Nueva Ecija,Cabanatuan City,2021-02-13,21.4,31.4,68.4,0.0,20.1,248.8,Panicle,0,0.19,1.51
III,Nueva Ecija,Cabanatuan City,2021-02-14,21.9,33.4,68.5,0.0,21.3,248.4,Panicle,2,0.13,1.55
III,Nueva Ecija,Cabanatuan City,2021-02-15,21.4,34.3,72.1,0.0,22.3,228.7,Panicle,1,0.09,0.97
III,Nueva Ecija,Cabanatuan City,2021-02-16,22.3,33.5,71.8,0.0,22.3,235.6,Panicle,0,0.0,0.6
III,Nueva Ecija,Cabanatuan City,2021-02-17,23.3,32.7,73.4,0.0,22.7,233.1,Panicle,0,0.04,0.85
III,Nueva Ecija,Cabanatuan City,2021-02-18,23.4,32.9,68.7,0.0,21.9,224.1,Panicle,0,0.08,0.0
III,Nueva Ecija,Cabanatuan City,2021-02-19,22.9,33.0,68.3,0.0,21.6,242.1,Panicle,1,0.08,1.04
III,Nueva Ecija,Cabanatuan City,2021-02-20,23.6,31.1,67.3,0.0,20.8,227.3,Flowering,2,0.01,0.91
III,Nueva Ecija,Cabanatuan City,2021-02-21,23.1,30.9,69.3,0.0,20.9,246.7,Flowering,3,0.02,0.0
III,Nueva Ecija,Cabanatuan City,2021-02-22,22.3,31.4,68.7,0.0,20.6,222.2,Flowering,3,0.0,0.0
III,Nueva Ecija,Cabanatuan City,2021-02-23,22.6,31.6,67.7,0.0,20.6,232.8,Flowering,5,0.05,0.2733333333333333
III,Nueva Ecija,Cabanatuan City,2021-02-24,22.8,31.1,67.0,0.0,20.4,247.0,Flowering,2,0.0,0.5466666666666666
III,Nueva Ecija,Cabanatuan City,2021-02-25,22.7,32.3,65.1,0.0,20.5,233.0,Flowering,4,0.1,0.82
III,Nueva Ecija,Cabanatuan City,2021-02-26,22.1,33.9,67.8,0.0,21.6,246.4,Flowering,2,0.0,0.55
III,Nueva Ecija,Cabanatuan City,2021-02-27,21.0,34.0,65.9,0.0,20.7,241.5,Flowering,4,0.1,0.0
III,Nueva Ecija,Cabanatuan City,2021-02-28,21.6,34.2,66.4,0.0,21.2,252.0,Flowering,1,0.0,1.01
III,Nueva Ecija,Cabanatuan City,2021-03-01,21.3,34.7,68.4,0.0,21.7,246.1,Flowering,1,0.14,0.82
III,Nueva Ecija,Cabanatuan City,2021-03-02,21.8,33.1,63.4,0.0,20.1,234.1,Flowering,1,0.18,0.34
III,Nueva Ecija,Cabanatuan City,2021-03-03,22.3,32.1,63.5,0.0,19.9,245.3,Flowering,1,0.2,1.09
III,Nueva Ecija,Cabanatuan City,2021-03-04,22.7,32.4,63.0,0.0,20.2,236.0,Flowering,1,0.11,1.04
III,Nueva Ecija,Cabanatuan City,2021-03-05,22.0,33.5,64.1,0.0,20.6,231.9,Flowering,1,0.06,1.13
III,Nueva Ecija,Cabanatuan City,2021-03-06,21.8,32.5,64.8,0.0,20.1,249.1,Flowering,0,0.15,0.43
III,Nueva Ecija,Cabanatuan City,2021-03-07,21.9,33.0,65.8,0.0,20.6,240.9,Ripening,1,0.04,1.32
III,Nueva Ecija,Cabanatuan City,2021-03-08,22.7,32.9,63.9,0.0,20.6,238.7,Ripening,4,0.15,1.45
III,Nueva Ecija,Cabanatuan City,2021-03-09,22.6,31.4,68.1,0.0,20.6,245.9,Ripening,1,0.0,1.39
III,Nueva Ecija,Cabanatuan City,2021-03-10,21.8,31.5,66.9,0.0,20.0,243.3,Ripening,0,0.03,2.17
III,Nueva Ecija,Cabanatuan City,2021-03-11,21.6,32.1,66.6,0.0,20.2,244.8,Ripening,0,0.1,1.36
III,Nueva Ecija,Cabanatuan City,2021-03-12,22.4,31.9,68.0,0.0,20.8,251.0,Ripening,2,0.13,1.7
III,Nueva Ecija,Cabanatuan City,2021-03-13,21.7,31.3,69.1,0.0,20.3,230.7,Ripening,0,0.01,1.07
III,Nueva Ecija,Cabanatuan City,2021-03-14,22.2,32.0,65.3,0.0,20.2,239.2,Ripening,1,0.02,0.19
III,Nueva Ecija,Cabanatuan City,2021-03-15,22.7,32.4,64.8,0.0,20.5,238.1,Ripening,1,0.0,0.18
III,Nueva Ecija,Cabanatuan City,2021-03-16,22.2,32.3,64.7,0.0,20.2,231.8,Ripening,0,0.03,0.0
III,Nueva Ecija,Cabanatuan City,2021-03-17,22.8,33.8,68.2,0.0,21.9,231.9,Ripening,0,0.07,0.8
III,Nueva Ecija,Cabanatuan City,2021-03-18,22.8,33.3,66.9,0.0,21.4,236.9,Ripening,0,0.14,1.51
III,Nueva Ecija,Cabanatuan City,2021-03-19,22.42,33.1,65.5,0.0,21.2,238.7,Ripening,0,0.26,2.25
III,Nueva Ecija,Cabanatuan City,2021-03-20,22.04,31.5,67.5,0.0,20.6,250.1,Ripening,0,0.03,0.52
III,Nueva Ecija,Cabanatuan City,2021-03-21,21.66,32.4,68.4,0.0,21.0,240.7,Ripening,0,0.04,0.42
III,Nueva Ecija,Cabanatuan City,2021-03-22,21.279999999999998,32.1,66.8,0.0,20.0,244.0,Ripening,2,0.08,0.84
III,Nueva Ecija,Cabanatuan City,2021-03-23,20.9,32.3,67.0,2.0,20.0,240.7,Ripening,2,0.02,0.55
III,Nueva Ecija,Cabanatuan City,2021-03-24,22.1,31.949999999999996,63.3,0.0,20.1,242.9,Ripening,1,0.12,0.0
III,Nueva Ecija,Cabanatuan City,2021-03-25,22.2,31.599999999999998,62.3,0.0,19.9,232.3,Ripening,0,0.07,0.3
III,Nueva Ecija,Cabanatuan City,2021-03-26,21.6,31.25,66.3,0.0,20.5,229.6,Ripening,1,0.12,0.0
III,Nueva Ecija,Cabanatuan City,2021-03-27,21.2,30.9,65.9,0.0,19.2,242.4,Ripening,0,0.23,0.0
III,Nueva Ecija,Cabanatuan City,2021-03-28,21.5,31.0,66.1,0.0,19.5,246.5,Ripening,0,0.14,0.0
III,Nueva Ecija,Cabanatuan City,2021-03-29,21.7,29.8,63.2,0.0,18.4,227.2,Ripening,0,0.1,0.53
III,Nueva Ecija,Cabanatuan City,2021-03-30,22.3,29.7,61.9,0.0,18.4,246.1,Ripening,0,0.14,1.2
III,Nueva Ecija,Cabanatuan City,2021-03-31,22.9,30.8,72.6,2.8,21.4,228.7,Ripening,1,0.16,0.54
III,Nueva Ecija,Cabanatuan City,2021-04-01,22.9,31.3,69.2,0.0,20.9,229.2,Ripening,0,0.0,0.05
III,Nueva Ecija,Cabanatuan City,2021-04-02,21.5,30.9,73.1,0.0,20.8,226.4,Ripening,0,0.09,0.09
III,Nueva Ecija,Cabanatuan City,2021-04-03,22.7,31.9,73.9,0.0,22.1,244.4,Ripening,0,0.04,0.0
III,Nueva Ecija,Cabanatuan City,2021-04-04,22.4,32.6,69.7,0.0,21.4,240.4,Ripening,0,0.0,0.08
III,Nueva Ecija,Cabanatuan City,2021-04-05,21.5,31.2,69.1,0.0,20.2,225.0,Ripening,0,0.23,0.17
III,Nueva Ecija,Cabanatuan City,2021-04-06,22.1,32.4,66.6,0.0,20.6,261.8,Ripening,0,0.11,0.02
III,Nueva Ecija,Cabanatuan City,2021-04-07,22.1,33.5,62.8,0.0,20.4,239.1,Ripening,0,0.12,0.02
III,Nueva Ecija,Cabanatuan City,2021-04-08,21.6,32.9,64.2,0.0,20.1,266.2,Ripening,0,0.18,0.0
III,Nueva Ecija,Cabanatuan City,2021-04-09,22.3,32.7,71.5,4.1,21.8,230.2,Ripening,0,0.2,0.01
III,Nueva Ecija,Cabanatuan City,2021-04-10,22.1,31.8,69.2,2.0,20.8,234.0,Ripening,0,0.0,0.15
III,Nueva Ecija,Cabanatuan City,2021-04-11,22.1,32.2,65.9,0.0,20.3,244.0,Ripening,1,0.0,0.0
III,Nueva Ecija,Cabanatuan City,2021-04-12,22.1,32.4,70.6,4.2,21.4,229.5,Ripening,1,0.03,0.1
III,Nueva Ecija,Cabanatuan City,2021-04-13,21.5,30.9,69.3,2.1,20.1,236.8,Ripening,0,0.14,0.14
III,Nueva Ecija,Cabanatuan City,2021-04-14,21.7,33.5,66.0,0.0,20.8,245.3,Ripening,0,0.03,0.12
III,Nueva Ecija,Cabanatuan City,2021-04-15,21.966666666666665,32.4,64.5,0.0,20.4,244.9,Ripening,0,0.21,0.19
III,Nueva Ecija,Cabanatuan City,2021-04-16,22.233333333333334,30.4,70.1,1.9,20.4,232.3,Ripening,0,0.0,0.08
III,Nueva Ecija,Cabanatuan City,2021-04-17,22.5,31.2,65.6,0.0,20.0,238.5,Ripening,0,0.09,0.0
III,Nueva Ecija,Cabanatuan City,2021-04-18,22.8,31.0,65.2,0.0,19.9,242.3,Ripening,0,0.14,0.11
III,Nueva Ecija,Cabanatuan City,2021-04-19,22.7,32.1,66.0,0.0,20.6,238.4,Ripening,0,0.05,0.07
III,Nueva Ecija,Cabanatuan City,2021-04-20,22.4,33.3,63.9,0.0,20.6,223.6,Ripening,1,0.0,0.02
III,Nueva Ecija,Cabanatuan City,2021-04-21,23.2,33.6,65.3,0.0,21.5,228.4,Ripening,0,0.03,0.08
III,Nueva Ecija,Cabanatuan City,2021-04-22,23.4,33.7,64.0,0.0,21.4,239.5,Ripening,0,0.2,0.08
III,Nueva Ecija,Cabanatuan City,2021-04-23,22.7,34.2,65.6,0.0,21.6,219.0,Ripening,0,0.0,0.01
III,Nueva Ecija,Cabanatuan City,2021-04-24,22.9,33.9,66.9,0.0,21.8,233.2,Ripening,0,0.0,0.0
III,Nueva Ecija,Cabanatuan City,2021-04-25,21.7,32.8,64.2,0.0,20.1,232.0,Ripening,0,0.07,0.0
III,Nueva Ecija,Cabanatuan City,2021-04-26,21.1,32.8,65.6,0.0,20.1,234.2,Ripening,0,0.0,0.0
III,Nueva Ecija,Cabanatuan City,2021-04-27,21.8,32.2,64.4,0.0,19.9,250.8,Ripening,0,0.07,0.18
III,Nueva Ecija,Cabanatuan City,2021-04-28,22.5,32.3,66.6,0.0,20.7,243.9,Ripening,0,0.09,0.05
III,Nueva Ecija,Cabanatuan City,2021-04-29,22.4,33.6,67.9,0.0,21.6,235.1,Ripening,0,0.01,0.0
III,Nueva Ecija,Cabanatuan City,2021-04-30,22.2,32.8,67.3,0.0,21.0,232.4,Ripening,0,0.05,0.23
III,Nueva Ecija,Cabanatuan City,2021-05-01,22.2,32.8,68.1,0.0,21.1,231.1,Ripening,0,0.15,0.06
III,Nueva Ecija,Cabanatuan City,2021-05-02,22.4,33.0,70.5,0.0,21.8,239.3,Ripening,0,0.07,0.0
III,Nueva Ecija,Cabanatuan City,2021-05-03,21.9,33.9,70.0,0.0,21.9,235.5,Seedling,0,0.1,0.0
III,Nueva Ecija,Cabanatuan City,2021-05-04,23.2,33.8,69.6,0.0,22.4,242.7,Seedling,0,0.0,0.19
III,Nueva Ecija,Cabanatuan City,2021-05-05,22.9,33.6,67.5,0.0,21.8,233.1,Seedling,0,0.19,0.15
III,Nueva Ecija,Cabanatuan City,2021-05-06,21.5,33.5,70.9,4.8,21.7,222.4,Seedling,0,0.15,0.2
III,Nueva Ecija,Cabanatuan City,2021-05-07,22.8,33.6,68.9,0.0,22.0,229.8,Seedling,0,0.0,0.0
III,Nueva Ecija,Cabanatuan City,2021-05-08,22.5,35.3,68.1,0.0,22.5,230.1,Seedling,0,0.12,0.02
III,Nueva Ecija,Cabanatuan City,2021-05-09,22.0,34.5,65.3,0.0,21.3,225.6,Seedling,0,0.13,0.22
III,Nueva Ecija,Cabanatuan City,2021-05-10,21.3,34.1,68.2,0.0,21.3,236.9,Seedling,0,0.14,0.0
III,Nueva Ecija,Cabanatuan City,2021-05-11,21.4,32.8,66.7,0.0,20.4,233.4,Seedling,0,0.1,0.04
III,Nueva Ecija,Cabanatuan City,2021-05-12,21.5,33.2,70.0,0.0,21.4,235.8,Seedling,0,0.02,0.02
III,Nueva Ecija,Cabanatuan City,2021-05-13,22.6,31.7,70.2,0.0,21.2,234.8,Seedling,0,0.05,0.0
III,Nueva Ecija,Cabanatuan City,2021-05-14,22.1,32.7,71.0,5.1,21.6,225.6,Seedling,0,0.09,0.26
III,Nueva Ecija,Cabanatuan City,2021-05-15,23.5,33.7,67.5,0.0,22.1,237.7,Seedling,0,0.06,0.02
III,Nueva Ecija,Cabanatuan City,2021-05-16,23.0,31.8,72.2,15.8,22.3,206.2,Seedling,0,0.16,0.15
III,Nueva Ecija,Cabanatuan City,2021-05-17,22.9,32.5,70.4,1.9,22.5,225.7,Seedling,0,0.17,0.16
III,Nueva Ecija,Cabanatuan City,2021-05-18,23.8,34.6,67.7,0.0,22.7,231.0,Seedling,0,0.05,0.19
III,Nueva Ecija,Cabanatuan City,2021-05-19,22.7,35.0,67.1,0.0,22.3,221.2,Seedling,0,0.12,0.07
III,Nueva Ecija,Cabanatuan City,2021-05-20,22.7,33.8,72.6,12.6,22.8,220.7,Seedling,0,0.03,0.12
III,Nueva Ecija,Cabanatuan City,2021-05-21,22.5,34.3,69.6,0.0,22.2,240.4,Seedling,0,0.18,0.04
III,Nueva Ecija,Cabanatuan City,2021-05-22,22.2,34.8,67.2,0.0,22.5,225.3,Seedling,0,0.16,0.0
III,Nueva Ecija,Cabanatuan City,2021-05-23,22.2,35.3,65.5,0.0,21.8,219.1,Seedling,0,0.0,0.09
III,Nueva Ecija,Cabanatuan City,2021-05-24,22.3,35.8,68.2,0.0,22.9,231.5,Seedling,0,0.05,0.05
III,Nueva Ecija,Cabanatuan City,2021-05-25,21.4,36.3,75.2,0.0,23.9,233.9,Seedling,0,0.0,0.0
III,Nueva Ecija,Cabanatuan City,2021-05-26,22.7,36.2,78.6,4.1,25.2,227.5,Seedling,0,0.01,0.03
III,Nueva Ecija,Cabanatuan City,2021-05-27,21.9,36.8,76.8,0.0,24.7,238.2,Seedling,0,0.03,0.05
III,Nueva Ecija,Cabanatuan City,2021-05-28,22.7,34.1,71.7,0.0,22.7,235.3,Seedling,0,0.0,0.13
III,Nueva Ecija,Cabanatuan City,2021-05-29,23.7,33.9,73.0,0.0,23.4,232.1,Seedling,0,0.05,0.03
III,Nueva Ecija,Cabanatuan City,2021-05-30,23.8,32.9,70.8,0.0,22.5,230.3,Seedling,0,0.11,0.13
III,Nueva Ecija,Cabanatuan City,2021-05-31,23.900000000000002,33.3,71.2,0.0,23.1,226.6,Seedling,0,0.11,0.07
III,Nueva Ecija,Cabanatuan City,2021-06-01,24.0,31.8,68.9,0.0,21.9,228.6,Seedling,0,0.17,0.11
III,Nueva Ecija,Cabanatuan City,2021-06-02,24.1,32.1,74.1,0.0,22.9,212.2,Seedling,0,0.07,0.0
III,Nueva Ecija,Cabanatuan City,2021-06-03,24.2,32.9,73.6,0.0,23.3,225.5,Seedling,0,0.0,0.07
III,Nueva Ecija,Cabanatuan City,2021-06-04,24.2,32.5,75.1,2.2,23.4,217.1,Seedling,0,0.27,0.07
III,Nueva Ecija,Cabanatuan City,2021-06-05,23.3,33.4,71.0,0.0,22.6,229.5,Seedling,17,2.25,0.14
III,Nueva Ecija,Cabanatuan City,2021-06-06,23.5,34.5,70.5,0.0,23.1,236.4,Seedling,13,2.38,0.1
III,Nueva Ecija,Cabanatuan City,2021-06-07,21.9,34.9,76.7,3.9,23.7,220.9,Seedling,12,1.4,0.01
III,Nueva Ecija,Cabanatuan City,2021-06-08,22.2,33.2,67.6,0.0,21.2,231.7,Seedling,15,1.59,0.08
III,Nueva Ecija,Cabanatuan City,2021-06-09,21.8,34.0,69.7,0.0,21.8,225.8,Seedling,18,1.4,0.12
III,Nueva Ecija,Cabanatuan City,2021-06-10,22.5,33.7,70.2,0.0,22.1,234.9,Seedling,6,0.41,0.0
III,Nueva Ecija,Cabanatuan City,2021-06-11,23.1,33.4,70.3,0.0,22.3,231.3,Seedling,10,0.0,0.09
III,Nueva Ecija,Cabanatuan City,2021-06-12,22.6,34.1,73.5,0.0,23.0,238.7,Seedling,5,0.71,0.1
III,Nueva Ecija,Cabanatuan City,2021-06-13,21.8,33.8,69.8,0.0,21.8,211.8,Seedling,7,0.53,0.02
III,Nueva Ecija,Cabanatuan City,2021-06-14,21.6,34.8,71.2,0.0,22.4,223.6,Seedling,9,1.22,0.0
III,Nueva Ecija,Cabanatuan City,2021-06-15,22.5,34.7,72.0,0.0,23.0,218.7,Seedling,15,0.42,0.01
III,Nueva Ecija,Cabanatuan City,2021-06-16,21.5,35.1,77.7,1.4,23.8,219.8,Seedling,15,1.62,0.0
III,Nueva Ecija,Cabanatuan City,2021-06-17,22.2,35.0,75.0,0.0,23.6,229.3,Seedling,7,1.15,0.16
III,Nueva Ecija,Cabanatuan City,2021-06-18,21.3,36.4,76.2,0.0,24.1,220.2,Seedling,9,1.46,0.12
III,Nueva Ecija,Cabanatuan City,2021-06-19,22.3,36.1,73.2,0.0,23.8,224.8,Seedling,13,1.67,0.25
III,Nueva Ecija,Cabanatuan City,2021-06-20,21.9,36.6,73.9,0.0,24.0,222.8,Tillering,22,3.29,0.05
III,Nueva Ecija,Cabanatuan City,2021-06-21,22.0,37.4,74.2,0.0,24.5,222.2,Tillering,23,2.63,0.0
III,Nueva Ecija,Cabanatuan City,2021-06-22,22.3,35.9,73.5,0.0,23.8,230.1,Tillering,35,3.31,0.07
III,Nueva Ecija,Cabanatuan City,2021-06-23,22.3,33.7,76.5,8.2,23.3,231.7,Tillering,24,3.06,0.2
III,Nueva Ecija,Cabanatuan City,2021-06-24,22.0,32.4,74.1,0.0,22.0,221.7,Tillering,28,1.3,0.07
III,Nueva Ecija,Cabanatuan City,2021-06-25,21.6,32.5,75.6,21.8,22.2,207.9,Tillering,32,3.73,0.27
III,Nueva Ecija,Cabanatuan City,2021-06-26,22.4,33.1,75.9,16.6,22.9,192.5,Tillering,31,3.15,0.15
III,Nueva Ecija,Cabanatuan City,2021-06-27,22.9,32.5,79.7,14.8,23.6,209.8,Tillering,30,2.55,0.02
III,Nueva Ecija,Cabanatuan City,2021-06-28,23.3,32.4,69.5,0.0,21.8,236.2,Tillering,28,1.58,0.13
III,Nueva Ecija,Cabanatuan City,2021-06-29,22.7,32.2,70.7,8.6,21.6,232.9,Tillering,22,1.61,0.08
III,Nueva Ecija,Cabanatuan City,2021-06-30,23.5,32.8,72.0,12.9,22.5,205.9,Tillering,23,0.16,0.17
III,Nueva Ecija,Cabanatuan City,2021-07-01,22.8,32.2,73.4,5.9,22.2,227.2,Tillering,19,0.12,0.02
III,Nueva Ecija,Cabanatuan City,2021-07-02,23.3,34.5,68.3,0.0,22.6,231.9,Tillering,25,0.79,0.08
III,Nueva Ecija,Cabanatuan City,2021-07-03,23.6,34.8,65.9,0.0,22.4,239.3,Tillering,9,0.55,0.08
III,Nueva Ecija,Cabanatuan City,2021-07-04,22.8,33.9,70.6,7.6,22.5,213.8,Tillering,8,0.18,0.06
III,Nueva Ecija,Cabanatuan City,2021-07-05,22.7,35.2,69.8,0.0,22.9,227.2,Tillering,7,0.3,0.09
III,Nueva Ecija,Cabanatuan City,2021-07-06,22.2,34.8,77.7,6.2,24.0,211.6,Tillering,10,0.0,0.14
III,Nueva Ecija,Cabanatuan City,2021-07-07,22.1,34.0,76.5,9.1,23.4,220.1,Tillering,5,0.22,0.15
III,Nueva Ecija,Cabanatuan City,2021-07-08,21.9,35.0,78.6,8.2,24.2,225.6,Tillering,9,0.12,0.13
III,Nueva Ecija,Cabanatuan City,2021-07-09,22.2,34.9,77.3,0.0,24.0,219.3,Tillering,8,0.0,0.01
III,Nueva Ecija,Cabanatuan City,2021-07-10,23.3,35.9,80.0,9.1,25.6,210.6,Tillering,10,0.23,0.02
III,Nueva Ecija,Cabanatuan City,2021-07-11,24.2,35.5,80.7,4.4,26.0,224.6,Tillering,11,1.33,0.03
III,Nueva Ecija,Cabanatuan City,2021-07-12,23.9,36.9,81.8,7.5,26.8,219.5,Tillering,13,1.39,0.15
III,Nueva Ecija,Cabanatuan City,2021-07-13,24.2,36.0,77.7,0.0,25.6,219.1,Tillering,21,1.87,0.19
III,Nueva Ecija,Cabanatuan City,2021-07-14,23.6,36.0,75.3,0.0,24.9,227.2,Tillering,20,1.15,0.21
III,Nueva Ecija,Cabanatuan City,2021-07-15,23.6,35.4,78.8,7.2,25.3,201.8,Tillering,23,2.54,0.07
III,Nueva Ecija,Cabanatuan City,2021-07-16,24.0,35.4,73.2,0.1,24.3,225.3,Elongation,25,3.75,0.24
III,Nueva Ecija,Cabanatuan City,2021-07-17,24.4,35.1,77.3,2.4,25.2,224.1,Elongation,23,5.39,0.07
III,Nueva Ecija,Cabanatuan City,2021-07-18,23.1,36.0,73.6,0.0,24.3,212.7,Elongation,29,4.87,0.13
III,Nueva Ecija,Cabanatuan City,2021-07-19,22.0,34.8,77.7,10.4,23.9,209.5,Elongation,38,4.83,0.31
III,Nueva Ecija,Cabanatuan City,2021-07-20,21.7,35.3,73.4,0.0,23.2,218.3,Elongation,29,5.14,0.11
III,Nueva Ecija,Cabanatuan City,2021-07-21,21.3,35.4,78.2,31.1,24.0,184.6,Elongation,25,4.76,0.07
III,Nueva Ecija,Cabanatuan City,2021-07-22,22.0,36.0,73.2,0.0,23.6,211.2,Elongation,26,5.82,0.1
III,Nueva Ecija,Cabanatuan City,2021-07-23,22.3,34.6,76.4,17.3,23.7,199.4,Elongation,17,6.63,0.21
III,Nueva Ecija,Cabanatuan City,2021-07-24,22.3,34.8,74.9,0.0,23.62222222222222,227.3,Elongation,22,5.01,0.05
III,Nueva Ecija,Cabanatuan City,2021-07-25,22.9,34.1,73.1,0.0,23.544444444444444,215.9,Elongation,19,4.79,0.05
III,Nueva Ecija,Cabanatuan City,2021-07-26,23.6,32.3,79.7,9.1,23.466666666666665,211.8,Elongation,19,4.15,0.0
III,Nueva Ecija,Cabanatuan City,2021-07-27,23.8,32.5,75.9,0.0,23.38888888888889,212.3,Elongation,13,3.56,0.06
III,Nueva Ecija,Cabanatuan City,2021-07-28,23.4,32.5,80.4,16.9,23.31111111111111,193.4,Elongation,19,1.74,0.08
III,Nueva Ecija,Cabanatuan City,2021-07-29,23.2,32.6,77.9,2.3,23.233333333333334,203.2,Elongation,11,2.06,0.14
III,Nueva Ecija,Cabanatuan City,2021-07-30,23.7,31.9,76.1,0.0,23.155555555555555,216.4,Elongation,24,0.37,0.15
III,Nueva Ecija,Cabanatuan City,2021-07-31,22.8,32.1,77.2,26.0,23.07777777777778,194.5,Elongation,5,0.29,0.02
III,Nueva Ecija,Cabanatuan City,2021-08-01,21.7,32.6,79.5,11.7,23.0,208.3,Elongation,16,0.43,0.07
III,Nueva Ecija,Cabanatuan City,2021-08-02,23.1,33.3,78.5,0.0,23.9,216.6,Elongation,9,0.18,0.0
III,Nueva Ecija,Cabanatuan City,2021-08-03,22.0,32.5,78.0,0.0,22.8,224.6,Elongation,10,1.68,0.0
III,Nueva Ecija,Cabanatuan City,2021-08-04,21.6,33.4,82.4,8.8,24.0,211.7,Panicle,13,0.06,0.97
III,Nueva Ecija,Cabanatuan City,2021-08-05,21.9,32.2,81.5,9.7,23.4,200.2,Panicle,19,0.06,0.28
III,Nueva Ecija,Cabanatuan City,2021-08-06,23.1,32.6,80.60000000000001,3.3,23.7,209.0,Panicle,17,0.18,1.76
III,Nueva Ecija,Cabanatuan City,2021-08-07,23.3,32.7,79.7,5.1,23.5,213.2,Panicle,9,0.12,1.67
III,Nueva Ecija,Cabanatuan City,2021-08-08,22.8,34.2,78.8,1.3,24.1,217.2,Panicle,12,0.05,1.29
III,Nueva Ecija,Cabanatuan City,2021-08-09,22.4,33.2,77.9,4.2,23.2,219.4,Panicle,15,0.17,1.38
III,Nueva Ecija,Cabanatuan City,2021-08-10,22.7,33.6,77.0,15.2,23.5,196.3,Panicle,14,0.09,1.04
III,Nueva Ecija,Cabanatuan City,2021-08-11,22.7,33.8,77.9,97.3,23.8,174.6,Panicle,18,0.12,0.0
III,Nueva Ecija,Cabanatuan City,2021-08-12,23.6,35.8,75.6,0.0,24.8,203.7,Panicle,14,0.02,1.67
III,Nueva Ecija,Cabanatuan City,2021-08-13,23.0,35.5,75.6,0.0,24.4,210.3,Panicle,7,0.03,0.75
III,Nueva Ecija,Cabanatuan City,2021-08-14,22.5,36.3,78.4,0.0,25.1,216.8,Panicle,13,0.03,0.79
III,Nueva Ecija,Cabanatuan City,2021-08-15,23.3,36.9,79.5,0.0,26.0,213.5,Panicle,11,0.06,0.95
III,Nueva Ecija,Cabanatuan City,2021-08-16,22.8,36.3,77.8,0.0,25.1,212.0,Panicle,6,0.03,0.0
III,Nueva Ecija,Cabanatuan City,2021-08-17,23.5,35.8,83.1,6.3,26.3,203.2,Panicle,10,0.12,1.1
III,Nueva Ecija,Cabanatuan City,2021-08-18,23.6,36.1,84.8,7.0,26.8,215.9,Panicle,16,0.1,3.59
III,Nueva Ecija,Cabanatuan City,2021-08-19,23.5,34.8,82.0,5.9,25.5,209.9,Flowering,9,0.07,3.55
III,Nueva Ecija,Cabanatuan City,2021-08-20,24.0,35.3,82.2,4.7,26.1,209.0,Flowering,13,0.07,4.42
III,Nueva Ecija,Cabanatuan City,2021-08-21,22.9,35.4,79.1,4.0,25.0,199.3,Flowering,8,0.21,5.39
III,Nueva Ecija,Cabanatuan City,2021-08-22,22.8,35.4,77.9,0.0,24.7,210.8,Flowering,11,0.2,5.92
III,Nueva Ecija,Cabanatuan City,2021-08-23,22.1,33.0,76.7,0.0,22.9,219.0,Flowering,8,0.0,4.39
III,Nueva Ecija,Cabanatuan City,2021-08-24,23.4,34.6,79.4,0.0,24.9,213.2,Flowering,8,0.06,4.73
III,Nueva Ecija,Cabanatuan City,2021-08-25,23.5,33.2,83.0,9.2,25.0,208.0,Flowering,7,0.03,4.52
III,Nueva Ecija,Cabanatuan City,2021-08-26,24.0,34.1,78.6,0.0,24.8,211.4,Flowering,16,0.02,4.68
III,Nueva Ecija,Cabanatuan City,2021-08-27,23.5,32.9,77.5,0.0,23.7,212.4,Flowering,13,0.23,3.32
III,Nueva Ecija,Cabanatuan City,2021-08-28,23.0,31.2,83.4,40.3,23.8,182.6,Flowering,11,0.04,3.04
III,Nueva Ecija,Cabanatuan City,2021-08-29,23.8,34.1,81.5,0.0,25.3,203.5,Flowering,14,0.06,0.68
III,Nueva Ecija,Cabanatuan City,2021-08-30,23.6,33.7,84.9,6.4,25.6,205.9,Flowering,21,0.15,0.99
III,Nueva Ecija,Cabanatuan City,2021-08-31,23.6,32.7,85.2,33.0,25.2,194.5,Flowering,22,0.09,1.29
III,Nueva Ecija,Cabanatuan City,2021-09-01,23.8,35.8,76.9,0.0,25.2,220.1,Flowering,18,0.0,0.0
III,Nueva Ecija,Cabanatuan City,2021-09-02,23.8,35.0,81.5,1.1,25.7,199.5,Flowering,9,0.16,0.8
III,Nueva Ecija,Cabanatuan City,2021-09-03,24.5,35.3,82.3,2.9,26.4,213.1,Ripening,4,0.12,0.0
III,Nueva Ecija,Cabanatuan City,2021-09-04,23.6,35.6,76.1,0.0,24.8,204.9,Ripening,7,0.18,1.91
III,Nueva Ecija,Cabanatuan City,2021-09-05,24.4,35.4,80.1,5.8,24.583333333333336,208.6,Ripening,6,0.01,0.85
III,Nueva Ecija,Cabanatuan City,2021-09-06,25.1,34.0,77.2,17.5,24.366666666666667,202.7,Ripening,3,0.19,1.56
III,Nueva Ecija,Cabanatuan City,2021-09-07,24.4,34.6,72.6,0.0,24.15,218.3,Ripening,3,0.02,0.0
III,Nueva Ecija,Cabanatuan City,2021-09-08,25.1,34.7,74.6,0.0,23.933333333333334,215.2,Ripening,3,0.0,1.19
III,Nueva Ecija,Cabanatuan City,2021-09-09,24.8,33.2,81.1,19.2,23.71666666666667,202.1,Ripening,1,0.0,1.09
III,Nueva Ecija,Cabanatuan City,2021-09-10,23.3,31.5,80.6,34.3,23.5,192.8,Ripening,1,0.14,0.16
III,Nueva Ecija,Cabanatuan City,2021-09-11,24.6,33.4,75.1,0.0,24.0,224.4,Ripening,5,0.11,0.0
III,Nueva Ecija,Cabanatuan City,2021-09-12,24.8,33.5,77.7,1.8,24.7,210.3,Ripening,1,0.08,0.45
III,Nueva Ecija,Cabanatuan City,2021-09-13,23.9,33.7,79.2,1.4,24.6,200.7,Ripening,0,0.21,1.1
III,Nueva Ecija,Cabanatuan City,2021-09-14,23.4,34.5,76.6,9.8,24.3,211.5,Ripening,1,0.12,0.55
III,Nueva Ecija,Cabanatuan City,2021-09-15,23.9,34.4,79.1,2.9,25.0,210.7,Ripening,0,0.0,1.24
III,Nueva Ecija,Cabanatuan City,2021-09-16,23.1,36.1,81.2,17.6,25.8,194.4,Ripening,1,0.16,0.0
III,Nueva Ecija,Cabanatuan City,2021-09-17,23.3,36.2,75.2,0.0,24.8,230.7,Ripening,0,0.06,0.69
III,Nueva Ecija,Cabanatuan City,2021-09-18,23.6,35.78,81.3,4.6,25.6,204.1,Ripening,3,0.1,1.66
III,Nueva Ecija,Cabanatuan City,2021-09-19,23.3,35.36,76.8,0.0,24.4,217.4,Ripening,1,0.17,1.23
III,Nueva Ecija,Cabanatuan City,2021-09-20,23.2,34.940000000000005,78.7,3.5,24.5,215.6,Ripening,1,0.04,1.29
III,Nueva Ecija,Cabanatuan City,2021-09-21,22.6,34.52,78.6,8.1,23.9,193.8,Ripening,2,0.0,1.96
III,Nueva Ecija,Cabanatuan City,2021-09-22,23.1,34.1,75.2,0.0,23.6,221.0,Ripening,0,0.07,0.66
III,Nueva Ecija,Cabanatuan City,2021-09-23,22.7,33.4,81.0,9.6,24.2,217.8,Ripening,0,0.18,0.89
III,Nueva Ecija,Cabanatuan City,2021-09-24,24.9,33.9,78.6,0.0,25.1,229.3,Ripening,0,0.05,3.6
III,Nueva Ecija,Cabanatuan City,2021-09-25,25.7,34.7,81.9,2.0,26.6,217.2,Ripening,1,0.17,1.84
III,Nueva Ecija,Cabanatuan City,2021-09-26,24.9,34.8,81.1,2.4,26.1,213.9,Ripening,0,0.09,3.15
III,Nueva Ecija,Cabanatuan City,2021-09-27,24.6,33.2,82.0,4.5,25.3,207.7,Ripening,0,0.04,2.7
III,Nueva Ecija,Cabanatuan City,2021-09-28,24.0,32.6,76.3,10.7,23.6,208.8,Ripening,0,0.09,0.16
III,Nueva Ecija,Cabanatuan City,2021-09-29,22.6,32.7,79.7,20.5,23.6,197.5,Ripening,0,0.09,0.05
III,Nueva Ecija,Cabanatuan City,2021-09-30,23.7,34.4,76.8,0.0,24.4,214.0,Ripening,0,0.01,0.09
III,Nueva Ecija,Cabanatuan City,2021-10-01,23.1,35.2,76.1,0.8,24.4,202.3,Ripening,0,0.06,0.04
III,Nueva Ecija,Cabanatuan City,2021-10-02,23.6,34.5,80.7,13.2,25.2,207.4,Ripening,0,0.09,0.26
III,Nueva Ecija,Cabanatuan City,2021-10-03,24.5,35.4,78.7,2.0,25.7,200.4,Ripening,0,0.05,0.0
III,Nueva Ecija,Cabanatuan City,2021-10-04,24.1,35.4,72.8,0.0,24.3,205.6,Ripening,0,0.0,0.0
III,Nueva Ecija,Cabanatuan City,2021-10-05,23.9,35.3,71.3,0.0,23.9,202.7,Ripening,0,0.02,0.12
III,Nueva Ecija,Cabanatuan City,2021-10-06,23.4,34.2,75.2,5.9,23.8,214.0,Ripening,0,0.15,0.06
III,Nueva Ecija,Cabanatuan City,2021-10-07,24.1,34.0,74.8,0.0,24.0,211.6,Ripening,0,0.05,0.12
III,Nueva Ecija,Cabanatuan City,2021-10-08,24.6,33.5,78.6,7.1,24.8,194.4,Ripening,0,0.09,0.07
III,Nueva Ecija,Cabanatuan City,2021-10-09,23.8,33.4,76.6,0.0,23.9,223.8,Ripening,0,0.03,0.0
III,Nueva Ecija,Cabanatuan City,2021-10-10,23.7,33.8,83.1,10.6,25.4,215.7,Ripening,0,0.0,0.04
III,Nueva Ecija,Cabanatuan City,2021-10-11,22.8,34.7,75.4,0.5,23.8,218.7,Ripening,0,0.05,0.0
III,Nueva Ecija,Cabanatuan City,2021-10-12,22.4,35.0,77.4,25.5,24.2,184.0,Ripening,0,0.0,0.01
III,Nueva Ecija,Cabanatuan City,2021-10-13,22.7,36.0,74.6,0.0,24.3,213.7,Ripening,0,0.05,0.02
III,Nueva Ecija,Cabanatuan City,2021-10-14,23.5,36.5,72.2,0.0,24.4,223.0,Ripening,0,0.13,0.15
III,Nueva Ecija,Cabanatuan City,2021-10-15,22.5,34.9,71.3,0.0,23.0,224.2,Ripening,0,0.19,0.22
III,Nueva Ecija,Cabanatuan City,2021-10-16,22.483333333333334,33.7,70.2,0.0,21.8,220.7,Ripening,0,0.07,0.15
III,Nueva Ecija,Cabanatuan City,2021-10-17,22.466666666666665,32.9,72.1,0.0,21.5,223.0,Ripening,1,0.0,0.0
III,Nueva Ecija,Cabanatuan City,2021-10-18,22.45,32.0,77.4,17.5,22.4,211.1,Ripening,1,0.08,0.22
III,Nueva Ecija,Cabanatuan City,2021-10-19,22.433333333333334,33.9,68.7,0.0,21.6,209.4,Ripening,0,0.2,0.11
III,Nueva Ecija,Cabanatuan City,2021-10-20,22.416666666666664,33.71666666666667,75.2,15.2,22.2,214.0,Ripening,0,0.13,0.0
III,Nueva Ecija,Cabanatuan City,2021-10-21,22.4,33.53333333333333,74.4,0.0,23.1,226.0,Ripening,0,0.03,0.0
III,Nueva Ecija,Cabanatuan City,2021-10-22,22.5,33.349999999999994,72.7,0.0,23.5,209.9,Ripening,0,0.0,0.16
III,Nueva Ecija,Cabanatuan City,2021-10-23,22.5,33.166666666666664,75.7,0.8,24.0,193.3,Ripening,0,0.06,0.0
III,Nueva Ecija,Cabanatuan City,2021-10-24,23.5,32.983333333333334,79.3,6.2,23.6,216.5,Ripening,0,0.01,0.1
III,Nueva Ecija,Cabanatuan City,2021-10-25,23.2,32.8,77.7,5.2,23.5,206.8,Ripening,0,0.19,0.05
III,Nueva Ecija,Cabanatuan City,2021-10-26,23.5,33.2,75.1,4.0,23.4,220.0,Ripening,0,0.0,0.05
III,Nueva Ecija,Cabanatuan City,2021-10-27,24.1,33.8,71.4,0.0,23.2,227.6,Ripening,0,0.27,0.13
III,Nueva Ecija,Cabanatuan City,2021-10-28,23.1,33.1,73.5,0.9,22.8,230.5,Ripening,0,0.0,0.08
III,Nueva Ecija,Cabanatuan City,2021-10-29,22.8,34.0,70.6,0.0,22.5,219.3,Ripening,0,0.2,0.03
III,Nueva Ecija,Cabanatuan City,2021-10-30,23.4,34.1,71.8,0.0,23.1,213.7,Ripening,0,0.17,0.1
III,Nueva Ecija,Cabanatuan City,2021-10-31,22.6,33.4,75.8,11.7,23.2,210.7,Ripening,0,0.26,0.21
III,Nueva Ecija,Cabanatuan City,2021-11-01,23.5,34.2,80.1,13.6,24.9,199.9,Seedling,0,0.25,0.0
III,Nueva Ecija,Cabanatuan City,2021-11-02,23.3,33.5,74.1,0.0,23.2,218.3,Seedling,0,0.02,0.0
III,Nueva Ecija,Cabanatuan City,2021-11-03,22.8,33.3,76.9,0.0,23.4,213.2,Seedling,0,0.03,0.25
III,Nueva Ecija,Cabanatuan City,2021-11-04,22.8,34.4,73.9,0.0,23.4,221.6,Seedling,0,0.07,0.05
III,Nueva Ecija,Cabanatuan City,2021-11-05,22.6,33.2,73.5,0.0,22.6,228.5,Seedling,0,0.09,0.09
III,Nueva Ecija,Cabanatuan City,2021-11-06,21.8,31.9,77.1,18.1,22.3,209.5,Seedling,0,0.11,0.2
III,Nueva Ecija,Cabanatuan City,2021-11-07,23.1,32.8,74.7,4.0,22.9,223.3,Seedling,0,0.12,0.27
III,Nueva Ecija,Cabanatuan City,2021-11-08,23.0,34.6,69.7,0.0,22.7,221.4,Seedling,0,0.09,0.06
III,Nueva Ecija,Cabanatuan City,2021-11-09,22.6,35.4,71.1,0.5,23.2,216.3,Seedling,0,0.08,0.04
III,Nueva Ecija,Cabanatuan City,2021-11-10,22.3,34.8,74.9,1.8,23.5,217.7,Seedling,0,0.0,0.04
III,Nueva Ecija,Cabanatuan City,2021-11-11,22.6,33.9,72.1,0.0,22.7,223.3,Seedling,0,0.07,0.02
III,Nueva Ecija,Cabanatuan City,2021-11-12,22.5,33.6,71.2,0.0,22.3,211.2,Seedling,0,0.18,0.2
III,Nueva Ecija,Cabanatuan City,2021-11-13,21.8,32.9,77.8,6.7,22.9,200.7,Seedling,0,0.07,0.0
III,Nueva Ecija,Cabanatuan City,2021-11-14,23.1,32.3,72.9,0.0,22.3,226.7,Seedling,0,0.15,0.0
III,Nueva Ecija,Cabanatuan City,2021-11-15,22.7,32.7,73.1,0.0,22.3,227.8,Seedling,0,0.1,0.19
III,Nueva Ecija,Cabanatuan City,2021-11-16,22.9,34.2,71.1,0.0,22.8,227.7,Seedling,0,0.15,0.16
III,Nueva Ecija,Cabanatuan City,2021-11-17,22.6,33.4,74.4,9.3,22.9,225.0,Seedling,0,0.1,0.16
III,Nueva Ecija,Cabanatuan City,2021-11-18,23.1,33.6,71.4,12.7,22.6,211.9,Seedling,0,0.17,0.13
III,Nueva Ecija,Cabanatuan City,2021-11-19,22.8,36.1,71.4,0.0,23.7,217.7,Seedling,0,0.12,0.25
III,Nueva Ecija,Cabanatuan City,2021-11-20,22.4,35.3,71.1,0.0,23.1,223.2,Seedling,0,0.03,0.0
III,Nueva Ecija,Cabanatuan City,2021-11-21,22.4,35.8,78.5,9.9,24.8,209.8,Seedling,0,0.15,0.09
III,Nueva Ecija,Cabanatuan City,2021-11-22,23.7,35.3,73.8,0.0,24.3,215.6,Seedling,0,0.16,0.17
III,Nueva Ecija,Cabanatuan City,2021-11-23,22.8,34.6,72.0,0.0,23.1,225.9,Seedling,1,0.1,0.0
III,Nueva Ecija,Cabanatuan City,2021-11-24,23.2,33.1,72.6,0.0,22.7,218.0,Seedling,0,0.06,0.08
III,Nueva Ecija,Cabanatuan City,2021-11-25,24.2,31.5,69.1,0.0,21.7,227.4,Seedling,0,0.03,0.05
III,Nueva Ecija,Cabanatuan City,2021-11-26,24.1,32.2,75.4,16.7,23.2,212.4,Seedling,0,0.06,0.07
III,Nueva Ecija,Cabanatuan City,2021-11-27,24.7,32.6,72.0,0.0,23.0,238.3,Seedling,0,0.17,0.11
III,Nueva Ecija,Cabanatuan City,2021-11-28,22.7,32.6,73.4,0.0,22.3,232.9,Seedling,0,0.09,0.05
III,Nueva Ecija,Cabanatuan City,2021-11-29,21.8,31.9,69.8,0.0,20.8,219.4,Seedling,0,0.04,0.0
III,Nueva Ecija,Cabanatuan City,2021-11-30,21.7,31.6,72.6,8.7,21.2,216.8,Seedling,0,0.01,0.15
III,Nueva Ecija,Cabanatuan City,2021-12-01,22.2,33.1,68.9,0.0,21.4,221.6,Seedling,0,0.0,0.06
III,Nueva Ecija,Cabanatuan City,2021-12-02,21.9,33.1,71.0,0.0,21.7,235.9,Seedling,0,0.0,0.04
III,Nueva Ecija,Cabanatuan City,2021-12-03,21.7,33.7,73.8,0.0,22.5,229.9,Seedling,1,0.25,0.18
III,Nueva Ecija,Cabanatuan City,2021-12-04,21.5,33.4,77.0,2.2,22.8,211.5,Seedling,0,0.06,0.18
III,Nueva Ecija,Cabanatuan City,2021-12-05,22.4,32.5,79.2,1.8,23.3,230.0,Seedling,3,0.0,0.08
III,Nueva Ecija,Cabanatuan City,2021-12-06,22.8,32.8,71.5,0.0,22.1,241.0,Seedling,0,0.11,0.06
III,Nueva Ecija,Cabanatuan City,2021-12-07,22.1,31.8,73.7,0.0,21.7,231.1,Seedling,0,1.23,0.03
III,Nueva Ecija,Cabanatuan City,2021-12-08,21.7,33.2,77.1,8.5,22.9,237.7,Seedling,0,1.1,0.19
III,Nueva Ecija,Cabanatuan City,2021-12-09,21.4,33.8,72.7,0.0,22.86,231.1,Seedling,0,0.0,0.13
III,Nueva Ecija,Cabanatuan City,2021-12-10,22.1,32.9,72.8,0.0,22.82,227.1,Seedling,1,0.07,0.05
III,Nueva Ecija,Cabanatuan City,2021-12-11,21.0,33.3,72.5,0.0,22.779999999999998,230.4,Seedling,2,0.21,0.03
III,Nueva Ecija,Cabanatuan City,2021-12-12,21.6,33.8,72.2,0.0,22.74,221.5,Seedling,3,0.45,0.11
III,Nueva Ecija,Cabanatuan City,2021-12-13,21.6,34.6,73.0,0.0,22.7,220.6,Seedling,0,0.71,0.15
III,Nueva Ecija,Cabanatuan City,2021-12-14,23.0,33.9,70.0,0.0,22.4,229.9,Seedling,1,0.0,0.09
III,Nueva Ecija,Cabanatuan City,2021-12-15,22.2,32.7,69.7,0.0,21.4,223.8,Seedling,0,1.25,0.03
III,Nueva Ecija,Cabanatuan City,2021-12-16,21.8,32.9,68.4,0.0,21.0,224.9,Seedling,1,1.01,0.05
III,Nueva Ecija,Cabanatuan City,2021-12-17,22.3,34.5,68.7,0.6,22.1,230.3,Seedling,3,0.0,0.11
III,Nueva Ecija,Cabanatuan City,2021-12-18,22.3,34.0,72.5,0.48,22.6,226.2,Seedling,0,0.0,0.03
III,Nueva Ecija,Cabanatuan City,2021-12-19,22.3,34.6,70.9,0.36,22.6,235.0,Seedling,0,0.78,0.24
III,Nueva Ecija,Cabanatuan City,2021-12-20,22.0,32.9,68.5,0.24,21.2,227.9,Tillering,2,0.4,0.19
III,Nueva Ecija,Cabanatuan City,2021-12-21,22.1,33.1,72.4,0.12,22.1,222.8,Tillering,2,1.55,0.2
III,Nueva Ecija,Cabanatuan City,2021-12-22,21.8,33.7,67.6,0.0,21.3,241.5,Tillering,3,2.23,0.1
III,Nueva Ecija,Cabanatuan City,2021-12-23,21.6,34.0,70.8,0.0,22.0,239.5,Tillering,2,0.2,0.01
III,Nueva Ecija,Cabanatuan City,2021-12-24,22.5,35.3,72.1,0.0,23.3,229.0,Tillering,2,1.31,0.08
III,Nueva Ecija,Cabanatuan City,2021-12-25,22.9,32.3,72.9,0.0,22.2,226.1,Tillering,2,1.2,0.08
III,Nueva Ecija,Cabanatuan City,2021-12-26,22.3,32.9,73.5,3.3,22.3,229.8,Tillering,2,1.43,0.19
III,Nueva Ecija,Cabanatuan City,2021-12-27,23.1,35.0,67.1,0.0,22.5,228.2,Tillering,1,0.48,0.08
III,Nueva Ecija,Cabanatuan City,2021-12-28,22.5,33.6,66.7,0.0,21.4,242.7,Tillering,4,1.37,0.03
III,Nueva Ecija,Cabanatuan City,2021-12-29,21.5,34.0,66.5,0.0,21.0,226.2,Tillering,3,1.3,0.06
III,Nueva Ecija,Cabanatuan City,2021-12-30,21.6,32.4,70.3,0.0,21.1,229.6,Tillering,2,1.01,0.0
III,Nueva Ecija,Cabanatuan City,2021-12-31,22.4,34.2,71.5,0.0,22.6,235.5,Tillering,3,1.06,0.13
III,Nueva Ecija,Cabanatuan City,2022-01-01,21.8,35.2,66.4,0.0,21.8,238.0,Tillering,3,1.54,0.09
III,Nueva Ecija,Cabanatuan City,2022-01-02,20.3,33.7,72.0,10.3,21.4,230.6,Tillering,5,0.93,0.0
III,Nueva Ecija,Cabanatuan City,2022-01-03,20.0,31.3,67.1,0.0,19.1,240.0,Tillering,0,1.16,0.14
III,Nueva Ecija,Cabanatuan City,2022-01-04,21.2,31.6,64.9,0.0,19.4,213.5,Tillering,1,0.15,0.1
III,Nueva Ecija,Cabanatuan City,2022-01-05,21.6,32.3,65.9,0.0,20.1,239.8,Tillering,2,0.0,0.0
III,Nueva Ecija,Cabanatuan City,2022-01-06,21.1,33.2,65.3,0.0,20.2,232.3,Tillering,2,0.6,0.15
III,Nueva Ecija,Cabanatuan City,2022-01-07,21.9,33.2,64.0,0.0,20.4,236.9,Tillering,1,0.55,0.04
III,Nueva Ecija,Cabanatuan City,2022-01-08,22.8,33.7,63.7,0.0,21.0,251.3,Tillering,3,0.0,0.12
III,Nueva Ecija,Cabanatuan City,2022-01-09,22.9,33.5,66.6,0.0,21.5,230.6,Tillering,0,0.0,0.01
III,Nueva Ecija,Cabanatuan City,2022-01-10,23.4,33.9,68.9,0.0,22.4,232.0,Tillering,4,0.0,0.13
III,Nueva Ecija,Cabanatuan City,2022-01-11,22.9,33.5,66.8,0.0,21.6,252.2,Tillering,1,0.0,0.2
III,Nueva Ecija,Cabanatuan City,2022-01-12,22.7,32.5,66.7,0.0,20.9,221.0,Tillering,2,0.0,0.0
III,Nueva Ecija,Cabanatuan City,2022-01-13,22.9,32.2,66.3,0.0,20.5,224.6,Tillering,1,0.0,0.11
III,Nueva Ecija,Cabanatuan City,2022-01-14,23.5,32.0,65.9,0.0,20.6,227.2,Elongation,1,0.0,0.0
III,Nueva Ecija,Cabanatuan City,2022-01-15,23.5,32.1,65.5,0.0,21.2,229.79999999999998,Elongation,2,1.07,0.02
III,Nueva Ecija,Cabanatuan City,2022-01-16,23.3,32.5,65.10000000000001,0.0,21.1,232.39999999999998,Elongation,1,0.0,0.08
III,Nueva Ecija,Cabanatuan City,2022-01-17,23.0,33.5,64.7,0.0,21.2,235.0,Elongation,4,0.8,0.12
III,Nueva Ecija,Cabanatuan City,2022-01-18,23.8,33.8,64.9,0.0,21.8,237.6,Elongation,3,0.0,0.07
III,Nueva Ecija,Cabanatuan City,2022-01-19,22.5,35.8,64.0,0.0,22.0,240.2,Elongation,1,0.61,0.02
III,Nueva Ecija,Cabanatuan City,2022-01-20,21.6,35.3,67.7,0.0,22.0,229.4,Elongation,5,1.75,0.14
III,Nueva Ecija,Cabanatuan City,2022-01-21,20.7,34.6,71.2,0.0,21.9,238.8,Elongation,1,0.59,0.01
III,Nueva Ecija,Cabanatuan City,2022-01-22,20.6,33.9,70.2,0.0,21.3,238.6,Elongation,3,0.96,0.14
III,Nueva Ecija,Cabanatuan City,2022-01-23,22.1,34.6,69.2,0.0,22.2,241.4,Elongation,1,2.03,0.11
III,Nueva Ecija,Cabanatuan City,2022-01-24,23.0,33.8,69.1,0.0,22.2,234.2,Elongation,2,1.84,0.01
III,Nueva Ecija,Cabanatuan City,2022-01-25,23.6,34.7,73.2,0.0,23.8,233.7,Elongation,0,2.39,0.14
III,Nueva Ecija,Cabanatuan City,2022-01-26,23.5,33.5,73.2,0.6,23.1,225.7,Elongation,0,1.65,0.04
III,Nueva Ecija,Cabanatuan City,2022-01-27,23.3,34.7,71.5,0.0,22.8,234.0,Elongation,5,1.84,0.09
III,Nueva Ecija,Cabanatuan City,2022-01-28,23.7,34.4,69.7,0.0,22.5,236.6,Elongation,0,2.78,0.06
III,Nueva Ecija,Cabanatuan City,2022-01-29,23.4,34.3,67.8,0.0,22.2,238.6,Elongation,3,3.27,0.0
III,Nueva Ecija,Cabanatuan City,2022-01-30,23.5,33.1,68.2,0.0,21.9,257.3,Elongation,1,4.0,0.13
III,Nueva Ecija,Cabanatuan City,2022-01-31,22.9,33.7,70.2,0.0,22.3,231.8,Elongation,2,4.33,0.06
III,Nueva Ecija,Cabanatuan City,2022-02-01,21.5,33.7,67.8,0.0,21.2,231.8,Elongation,0,4.09,0.12
III,Nueva Ecija,Cabanatuan City,2022-02-02,21.9,32.4,70.6,0.0,21.083333333333332,236.8,Elongation,6,2.22,0.03
III,Nueva Ecija,Cabanatuan City,2022-02-03,21.8,32.7,68.1,0.0,20.966666666666665,245.0,Panicle,4,0.04,4.54
III,Nueva Ecija,Cabanatuan City,2022-02-04,21.9,31.9,70.4,0.0,20.85,230.9,Panicle,3,0.19,0.96
III,Nueva Ecija,Cabanatuan City,2022-02-05,21.2,33.0,66.5,0.0,20.733333333333334,228.7,Panicle,3,0.0,1.04
III,Nueva Ecija,Cabanatuan City,2022-02-06,21.2,31.8,67.0,0.0,20.616666666666667,220.4,Panicle,3,0.0,0.04
III,Nueva Ecija,Cabanatuan City,2022-02-07,20.9,32.9,67.8,0.0,20.5,230.4,Panicle,5,0.12,1.44
III,Nueva Ecija,Cabanatuan City,2022-02-08,22.1,34.0,67.0,0.0,21.5,224.5,Panicle,2,0.0,2.36
III,Nueva Ecija,Cabanatuan City,2022-02-09,22.3,32.6,67.4,0.0,20.9,245.1,Panicle,1,0.1,1.89
III,Nueva Ecija,Cabanatuan City,2022-02-10,22.9,31.1,67.4,0.0,20.5,228.3,Panicle,0,0.12,0.51
III,Nueva Ecija,Cabanatuan City,2022-02-11,22.6,31.7,65.2,0.0,20.2,242.6,Panicle,2,0.04,0.0
III,Nueva Ecija,Cabanatuan City,2022-02-12,22.6,32.1,65.7,0.0,20.5,250.3,Panicle,2,0.15,0.14
III,Nueva Ecija,Cabanatuan City,2022-02-13,22.6,31.5,70.2,0.0,21.1,236.7,Panicle,2,0.09,0.0
III,Nueva Ecija,Cabanatuan City,2022-02-14,22.2,30.0,68.9,0.0,19.9,243.5,Panicle,2,0.18,0.47
III,Nueva Ecija,Cabanatuan City,2022-02-15,22.2,30.9,69.5,0.0,20.4,246.8,Panicle,1,0.16,0.43
III,Nueva Ecija,Cabanatuan City,2022-02-16,22.7,31.4,68.1,0.0,20.7,247.5,Panicle,0,0.02,1.32
III,Nueva Ecija,Cabanatuan City,2022-02-17,21.9,32.2,66.0,0.0,20.2,230.2,Panicle,0,0.07,1.03
III,Nueva Ecija,Cabanatuan City,2022-02-18,20.6,32.7,65.9,0.0,19.8,245.4,Flowering,1,0.06,1.83
III,Nueva Ecija,Cabanatuan City,2022-02-19,20.5,33.1,64.4,0.0,19.7,253.0,Flowering,1,0.07,0.52
III,Nueva Ecija,Cabanatuan City,2022-02-20,20.5,32.4,65.6,0.0,19.6,255.7,Flowering,2,0.01,0.0
III,Nueva Ecija,Cabanatuan City,2022-02-21,21.8,33.1,66.1,0.0,20.7,226.9,Flowering,0,0.04,0.08
III,Nueva Ecija,Cabanatuan City,2022-02-22,22.3,32.7,63.2,0.0,20.1,241.9,Flowering,1,0.13,1.79
III,Nueva Ecija,Cabanatuan City,2022-02-23,22.7,32.0,64.0,0.0,20.2,256.4,Flowering,2,0.1,2.06
III,Nueva Ecija,Cabanatuan City,2022-02-24,22.3,32.6,63.7,0.0,20.2,254.2,Flowering,0,0.0,0.09
III,Nueva Ecija,Cabanatuan City,2022-02-25,21.6,33.0,67.0,0.0,20.7,237.2,Flowering,0,0.06,0.18
III,Nueva Ecija,Cabanatuan City,2022-02-26,21.4,32.7,69.5,0.0,21.0,247.8,Flowering,1,0.14,0.0
III,Nueva Ecija,Cabanatuan City,2022-02-27,21.4,32.0,72.2,0.0,21.1,238.2,Flowering,2,0.14,0.0
III,Nueva Ecija,Cabanatuan City,2022-02-28,22.0,33.2,69.3,0.0,21.5,241.1,Flowering,0,0.0,0.22
III,Nueva Ecija,Cabanatuan City,2022-03-01,23.1,33.8,68.5,0.0,22.2,239.1,Flowering,4,0.1,0.0
III,Nueva Ecija,Cabanatuan City,2022-03-02,23.1,34.2,68.7,0.0,22.4,242.0,Flowering,3,0.23,0.0
III,Nueva Ecija,Cabanatuan City,2022-03-03,22.7,34.0,68.3,0.0,22.0,244.4,Flowering,1,0.02,0.0
III,Nueva Ecija,Cabanatuan City,2022-03-04,22.7,33.4,66.3,0.0,21.3,225.4,Ripening,2,0.1,0.0
III,Nueva Ecija,Cabanatuan City,2022-03-05,22.9,35.1,64.8,0.0,22.0,255.4,Ripening,1,0.02,0.9
III,Nueva Ecija,Cabanatuan City,2022-03-06,23.0,32.1,62.9,0.0,20.1,251.9,Ripening,0,0.07,0.0
III,Nueva Ecija,Cabanatuan City,2022-03-07,23.8,32.8,62.5,0.0,20.8,234.6,Ripening,0,0.14,1.58
III,Nueva Ecija,Cabanatuan City,2022-03-08,23.4,32.0,65.4,0.0,20.8,245.4,Ripening,0,0.0,0.0
III,Nueva Ecija,Cabanatuan City,2022-03-09,22.8,31.6,63.3,0.0,19.9,245.0,Ripening,0,0.0,0.72
III,Nueva Ecija,Cabanatuan City,2022-03-10,22.2,33.4,64.6,0.0,20.7,238.2,Ripening,1,0.11,1.98
III,Nueva Ecija,Cabanatuan City,2022-03-11,20.9,32.5,64.3,0.0,19.6,247.2,Ripening,3,0.13,0.95
III,Nueva Ecija,Cabanatuan City,2022-03-12,22.2,32.1,64.2,0.0,20.0,242.7,Ripening,1,0.04,1.32
III,Nueva Ecija,Cabanatuan City,2022-03-13,22.1,32.2,68.1,0.0,20.8,238.2,Ripening,0,0.11,0.39
III,Nueva Ecija,Cabanatuan City,2022-03-14,21.9,32.5,64.9,0.0,20.2,246.4,Ripening,0,0.06,0.0
III,Nueva Ecija,Cabanatuan City,2022-03-15,22.5,32.3,65.8,0.0,20.6,244.5,Ripening,0,0.06,0.6
III,Nueva Ecija,Cabanatuan City,2022-03-16,21.7,31.7,66.2,0.0,19.9,251.8,Ripening,1,0.05,0.0
III,Nueva Ecija,Cabanatuan City,2022-03-17,21.6,31.6,65.0,0.0,19.6,242.8,Ripening,0,0.09,0.21
III,Nueva Ecija,Cabanatuan City,2022-03-18,21.5,31.9,65.2,0.0,19.7,247.6,Ripening,1,0.1,1.93
III,Nueva Ecija,Cabanatuan City,2022-03-19,22.5,31.9,65.46000000000001,0.0,20.066666666666666,250.2,Ripening,0,0.17,0.71
III,Nueva Ecija,Cabanatuan City,2022-03-20,23.9,33.3,65.72,0.0,20.433333333333334,249.2,Ripening,1,0.0,0.58
III,Nueva Ecija,Cabanatuan City,2022-03-21,23.4,32.1,65.98,0.0,20.799999999999997,233.0,Ripening,0,0.02,0.0
III,Nueva Ecija,Cabanatuan City,2022-03-22,24.0,32.8,66.24,0.0,21.166666666666664,246.7,Ripening,0,0.13,0.0
III,Nueva Ecija,Cabanatuan City,2022-03-23,23.6,32.2,66.5,0.0,21.53333333333333,239.0,Ripening,0,0.05,0.25
III,Nueva Ecija,Cabanatuan City,2022-03-24,23.2,34.4,65.3,0.0,21.9,227.4,Ripening,1,0.08,0.37
III,Nueva Ecija,Cabanatuan City,2022-03-25,22.9,34.1,65.8,0.0,21.7,241.4,Ripening,1,0.09,1.21
III,Nueva Ecija,Cabanatuan City,2022-03-26,23.6,34.5,66.1,0.0,22.3,237.2,Ripening,1,0.04,1.31
III,Nueva Ecija,Cabanatuan City,2022-03-27,22.8,33.9,67.0,0.0,21.8,236.6,Ripening,0,0.11,1.72
III,Nueva Ecija,Cabanatuan City,2022-03-28,22.9,33.2,63.5,0.0,20.8,229.8,Ripening,0,0.23,0.69
III,Nueva Ecija,Cabanatuan City,2022-03-29,22.7,33.1,66.9,0.0,21.3,227.2,Ripening,0,0.04,0.24
III,Nueva Ecija,Cabanatuan City,2022-03-30,22.7,33.4,69.1,0.0,21.9,232.2,Ripening,0,0.15,0.34
III,Nueva Ecija,Cabanatuan City,2022-03-31,21.0,32.0,68.4,0.0,20.2,235.9,Ripening,1,0.03,0.0
III,Nueva Ecija,Cabanatuan City,2022-04-01,21.0,32.9,66.8,0.8,20.3,249.4,Ripening,0,0.01,0.19
III,Nueva Ecija,Cabanatuan City,2022-04-02,21.8,34.5,65.4,0.0,21.2,241.8,Ripening,0,0.17,0.09
III,Nueva Ecija,Cabanatuan City,2022-04-03,21.7,33.2,65.7,0.0,20.6,223.4,Ripening,0,0.04,0.0
III,Nueva Ecija,Cabanatuan City,2022-04-04,22.4,33.5,65.2,0.0,21.0,238.0,Ripening,0,0.0,0.15
III,Nueva Ecija,Cabanatuan City,2022-04-05,23.0,35.8,67.7,0.0,22.9,234.7,Ripening,0,0.08,0.17
III,Nueva Ecija,Cabanatuan City,2022-04-06,23.2,34.0,72.2,2.2,23.0,242.6,Ripening,0,0.02,0.13
III,Nueva Ecija,Cabanatuan City,2022-04-07,23.8,35.3,67.8,0.0,23.1,244.5,Ripening,0,0.11,0.1
III,Nueva Ecija,Cabanatuan City,2022-04-08,23.3,37.2,66.6,0.0,23.6,234.8,Ripening,0,0.08,0.02
III,Nueva Ecija,Cabanatuan City,2022-04-09,22.5,36.2,65.9,0.0,22.5,237.4,Ripening,0,0.01,0.05
III,Nueva Ecija,Cabanatuan City,2022-04-10,22.3,34.9,63.8,0.0,21.4,242.2,Ripening,0,0.05,0.08
III,Nueva Ecija,Cabanatuan City,2022-04-11,23.1,35.0,64.6,0.0,22.0,225.0,Ripening,0,0.12,0.13
III,Nueva Ecija,Cabanatuan City,2022-04-12,23.1,34.8,65.2,0.0,22.0,244.7,Ripening,0,0.04,0.2
III,Nueva Ecija,Cabanatuan City,2022-04-13,23.2,33.0,65.8,0.0,21.3,240.8,Ripening,0,0.01,0.0
III,Nueva Ecija,Cabanatuan City,2022-04-14,22.9,33.3,66.7,0.0,21.4,230.6,Ripening,0,0.15,0.0
III,Nueva Ecija,Cabanatuan City,2022-04-15,22.8,33.4,66.8,0.0,21.5,237.9,Ripening,0,0.14,0.06
III,Nueva Ecija,Cabanatuan City,2022-04-16,22.7,32.9,64.7,0.0,20.7,253.5,Ripening,0,0.09,0.12
III,Nueva Ecija,Cabanatuan City,2022-04-17,22.1,32.2,68.2,6.6,20.8,222.1,Ripening,0,0.17,0.08
III,Nueva Ecija,Cabanatuan City,2022-04-18,23.4,32.8,67.4,0.0,21.6,235.7,Ripening,0,0.0,0.05
III,Nueva Ecija,Cabanatuan City,2022-04-19,21.8,33.8,69.4,0.0,21.7,234.6,Ripening,0,0.0,0.17
III,Nueva Ecija,Cabanatuan City,2022-04-20,21.0,34.1,67.5,0.0,21.0,235.0,Ripening,0,0.1,0.2
III,Nueva Ecija,Cabanatuan City,2022-04-21,21.9,33.0,66.5,0.0,20.8,237.7,Ripening,0,0.1,0.11
III,Nueva Ecija,Cabanatuan City,2022-04-22,22.1,32.7,68.3,0.0,21.1,231.9,Ripening,0,0.03,0.11
III,Nueva Ecija,Cabanatuan City,2022-04-23,23.0,32.4,70.1,8.3,21.7,209.6,Ripening,0,0.07,0.0
III,Nueva Ecija,Cabanatuan City,2022-04-24,22.8,32.9,67.2,0.0,21.3,236.4,Ripening,0,0.1,0.08
III,Nueva Ecija,Cabanatuan City,2022-04-25,22.2,32.1,68.9,0.0,20.9,212.9,Ripening,0,0.02,0.18
III,Nueva Ecija,Cabanatuan City,2022-04-26,23.0,30.5,66.1,0.0,20.0,250.0,Ripening,0,0.1,0.15
III,Nueva Ecija,Cabanatuan City,2022-04-27,23.4,31.4,67.0,0.0,20.8,246.8,Ripening,0,0.16,0.2
III,Nueva Ecija,Cabanatuan City,2022-04-28,23.4,32.4,70.5,1.3,22.0,232.8,Ripening,0,0.09,0.1
III,Nueva Ecija,Cabanatuan City,2022-04-29,22.9,33.1,68.1,0.0,21.6,229.3,Ripening,0,0.07,0.2
III,Nueva Ecija,Cabanatuan City,2022-04-30,23.2,33.5,67.9,0.0,21.9,230.5,Ripening,0,0.15,0.12
III,Nueva Ecija,Cabanatuan City,2022-05-01,22.5,31.2,70.8,0.0,21.0,227.4,Ripening,0,0.18,0.0
III,Nueva Ecija,Cabanatuan City,2022-05-02,23.6,31.8,68.0,0.0,21.3,250.4,Ripening,0,0.08,0.05
III,Nueva Ecija,Cabanatuan City,2022-05-03,22.0,30.8,73.0,2.2,21.0,226.4,Seedling,0,0.0,0.11
III,Nueva Ecija,Cabanatuan City,2022-05-04,22.9,32.3,71.8,0.0,22.0,230.3,Seedling,0,0.02,0.09
III,Nueva Ecija,Cabanatuan City,2022-05-05,22.4,32.5,71.4,0.0,21.7,232.0,Seedling,0,0.16,0.15
III,Nueva Ecija,Cabanatuan City,2022-05-06,22.8,34.0,72.1,0.0,22.8,234.4,Seedling,0,0.12,0.01
III,Nueva Ecija,Cabanatuan City,2022-05-07,23.6,33.8,68.2,0.0,22.3,243.9,Seedling,0,0.0,0.02
III,Nueva Ecija,Cabanatuan City,2022-05-08,23.4,34.1,75.5,4.2,23.8,229.7,Seedling,0,0.02,0.11
III,Nueva Ecija,Cabanatuan City,2022-05-09,23.2,35.2,67.0,0.0,22.6,230.5,Seedling,0,0.09,0.0
III,Nueva Ecija,Cabanatuan City,2022-05-10,23.3,34.1,72.9,16.5,23.3,214.4,Seedling,0,0.06,0.0
III,Nueva Ecija,Cabanatuan City,2022-05-11,23.9,34.0,66.8,0.0,22.3,226.5,Seedling,0,0.09,0.09
III,Nueva Ecija,Cabanatuan City,2022-05-12,22.9,34.7,68.9,6.1,22.6,225.0,Seedling,0,0.04,0.06
III,Nueva Ecija,Cabanatuan City,2022-05-13,24.3,35.3,66.1,0.0,23.0,221.2,Seedling,0,0.07,0.18
III,Nueva Ecija,Cabanatuan City,2022-05-14,23.9,33.4,64.2,0.0,21.5,228.9,Seedling,0,0.13,0.07
III,Nueva Ecija,Cabanatuan City,2022-05-15,22.8,32.1,70.4,4.7,21.5,220.0,Seedling,0,0.13,0.0
III,Nueva Ecija,Cabanatuan City,2022-05-16,22.2,33.0,66.9,0.0,21.0,224.6,Seedling,0,0.02,0.01
III,Nueva Ecija,Cabanatuan City,2022-05-17,22.4,33.7,65.7,0.0,21.1,236.2,Seedling,0,0.22,0.28
III,Nueva Ecija,Cabanatuan City,2022-05-18,22.6,35.2,71.1,0.0,22.9,236.9,Seedling,0,0.17,0.0
III,Nueva Ecija,Cabanatuan City,2022-05-19,22.8,34.63333333333333,65.4,0.0,22.2,240.5,Seedling,0,0.09,0.0
III,Nueva Ecija,Cabanatuan City,2022-05-20,23.7,34.06666666666667,66.0,0.0,22.5,226.7,Seedling,0,0.13,0.06
III,Nueva Ecija,Cabanatuan City,2022-05-21,23.4,33.5,63.2,0.0,21.1,242.4,Seedling,0,0.05,0.16
III,Nueva Ecija,Cabanatuan City,2022-05-22,23.3,33.4,63.7,0.0,21.1,228.1,Seedling,0,0.12,0.0
III,Nueva Ecija,Cabanatuan City,2022-05-23,22.6,32.3,69.6,0.0,21.4,223.5,Seedling,0,0.0,0.09
III,Nueva Ecija,Cabanatuan City,2022-05-24,22.0,32.2,76.7,13.0,22.4,227.9,Seedling,0,0.09,0.0
III,Nueva Ecija,Cabanatuan City,2022-05-25,22.4,32.9,75.7,19.0,22.8,217.3,Seedling,0,0.08,0.02
III,Nueva Ecija,Cabanatuan City,2022-05-26,22.9,34.2,73.0,0.0,23.2,222.7,Seedling,0,0.0,0.21
III,Nueva Ecija,Cabanatuan City,2022-05-27,23.2,34.4,74.3,0.0,23.7,214.1,Seedling,0,0.0,0.1
III,Nueva Ecija,Cabanatuan City,2022-05-28,23.2,32.3,71.3,0.0,22.0,223.2,Seedling,0,0.05,0.1
III,Nueva Ecija,Cabanatuan City,2022-05-29,23.5,32.8,71.8,0.0,22.5,221.6,Seedling,0,0.06,0.27
III,Nueva Ecija,Cabanatuan City,2022-05-30,24.5,34.0,70.3,0.0,23.3,222.8,Seedling,0,0.0,0.11
III,Nueva Ecija,Cabanatuan City,2022-05-31,25.3,31.8,75.4,9.3,23.6,223.7,Seedling,0,0.0,0.1
III,Nueva Ecija,Cabanatuan City,2022-06-01,24.0,32.0,75.7,17.7,23.1,201.8,Seedling,0,0.08,0.0
III,Nueva Ecija,Cabanatuan City,2022-06-02,23.5,31.7,72.9,12.0,22.2,215.3,Seedling,0,0.0,0.02
III,Nueva Ecija,Cabanatuan City,2022-06-03,23.5,33.6,68.2,0.0,22.25,220.2,Seedling,0,0.18,0.08
III,Nueva Ecija,Cabanatuan City,2022-06-04,23.0,33.2,64.5,0.0,22.3,220.2,Seedling,0,0.04,0.07
III,Nueva Ecija,Cabanatuan City,2022-06-05,23.1,34.4,71.1,5.4,22.35,227.4,Seedling,0,0.17,0.06
III,Nueva Ecija,Cabanatuan City,2022-06-06,22.5,32.3,69.1,14.3,22.4,224.2,Seedling,0,0.14,0.0
III,Nueva Ecija,Cabanatuan City,2022-06-07,23.1,33.3,69.9,0.0,22.45,227.4,Seedling,0,0.07,0.26
III,Nueva Ecija,Cabanatuan City,2022-06-08,23.5,33.6,69.7,0.0,22.5,221.4,Seedling,12,1.12,0.09
III,Nueva Ecija,Cabanatuan City,2022-06-09,23.2,32.1,74.5,14.7,22.5,208.9,Seedling,4,0.05,0.06
III,Nueva Ecija,Cabanatuan City,2022-06-10,23.5,30.3,75.0,60.8,21.9,172.5,Seedling,6,0.42,0.0
III,Nueva Ecija,Cabanatuan City,2022-06-11,24.7,33.5,76.4,5.5,24.4,214.2,Seedling,3,0.14,0.05
III,Nueva Ecija,Cabanatuan City,2022-06-12,24.7,34.6,71.1,0.0,23.9,223.5,Seedling,5,0.0,0.03
III,Nueva Ecija,Cabanatuan City,2022-06-13,24.7,34.5,67.8,0.0,23.2,223.9,Seedling,8,1.0,0.0
III,Nueva Ecija,Cabanatuan City,2022-06-14,24.5,33.7,67.7,0.0,22.6,222.6,Seedling,5,0.0,0.03
III,Nueva Ecija,Cabanatuan City,2022-06-15,23.5,31.0,72.7,7.1,21.8,205.8,Seedling,4,1.16,0.03
III,Nueva Ecija,Cabanatuan City,2022-06-16,23.1,33.0,68.0,0.0,21.6,227.7,Seedling,3,0.19,0.36
III,Nueva Ecija,Cabanatuan City,2022-06-17,23.7,34.2,72.5,0.0,23.5,225.6,Seedling,2,0.0,0.08
III,Nueva Ecija,Cabanatuan City,2022-06-18,24.0,32.7,74.4,0.0,23.2,222.7,Seedling,4,0.0,0.0
III,Nueva Ecija,Cabanatuan City,2022-06-19,23.4,33.6,77.1,0.0,23.9,216.8,Seedling,4,0.83,0.06
III,Nueva Ecija,Cabanatuan City,2022-06-20,22.8,33.1,74.2,0.0,22.8,218.3,Seedling,4,0.2,0.0
III,Nueva Ecija,Cabanatuan City,2022-06-21,23.2,34.6,76.2,0.0,24.1,235.3,Seedling,4,0.87,0.0
III,Nueva Ecija,Cabanatuan City,2022-06-22,22.0,34.1,80.2,3.1,24.1,229.3,Seedling,11,1.21,0.1
III,Nueva Ecija,Cabanatuan City,2022-06-23,22.1,34.7,71.7,0.0,22.7,208.2,Seedling,9,0.27,0.17
III,Nueva Ecija,Cabanatuan City,2022-06-24,22.9,32.7,70.8,0.0,22.0,228.2,Tillering,24,1.71,0.09
III,Nueva Ecija,Cabanatuan City,2022-06-25,22.7,32.0,73.5,4.4,22.0,202.7,Tillering,18,1.03,0.0
III,Nueva Ecija,Cabanatuan City,2022-06-26,22.5,33.1,70.6,0.0,21.9,219.6,Tillering,18,0.98,0.18
III,Nueva Ecija,Cabanatuan City,2022-06-27,21.5,30.8,77.1,47.6,21.6,189.6,Tillering,23,0.0,0.0
III,Nueva Ecija,Cabanatuan City,2022-06-28,22.4,33.7,70.5,0.0,22.2,235.7,Tillering,21,0.0,0.0
III,Nueva Ecija,Cabanatuan City,2022-06-29,22.2,34.0,69.0,0.0,21.9,220.3,Tillering,25,0.77,0.0
III,Nueva Ecija,Cabanatuan City,2022-06-30,21.7,34.8,74.8,4.2,23.2,218.3,Tillering,27,0.01,0.0
III,Nueva Ecija,Cabanatuan City,2022-07-01,22.4,34.1,77.0,16.7,23.6,218.2,Tillering,23,0.92,0.0
III,Nueva Ecija,Cabanatuan City,2022-07-02,22.6,34.8,73.0,0.0,23.3,221.8,Tillering,20,1.33,0.0
III,Nueva Ecija,Cabanatuan City,2022-07-03,21.7,34.4,74.4,0.0,22.9,213.1,Tillering,24,1.59,0.0
III,Nueva Ecija,Cabanatuan City,2022-07-04,22.3,34.9,77.8,2.2,24.2,219.1,Tillering,22,0.0,0.07
III,Nueva Ecija,Cabanatuan City,2022-07-05,23.5,34.5,79.6,11.3,24.9,213.0,Tillering,25,0.55,0.06
III,Nueva Ecija,Cabanatuan City,2022-07-06,23.5,34.3,80.4,0.0,25.0,233.0,Tillering,25,1.21,0.12
III,Nueva Ecija,Cabanatuan City,2022-07-07,24.6,34.3,82.8,7.5,26.0,209.1,Tillering,34,1.66,0.0
III,Nueva Ecija,Cabanatuan City,2022-07-08,25.1,33.6,81.4,1.6,25.6,210.5,Tillering,28,1.31,0.12
III,Nueva Ecija,Cabanatuan City,2022-07-09,25.0,34.4,76.8,0.0,25.1,228.8,Tillering,40,2.17,0.04
III,Nueva Ecija,Cabanatuan City,2022-07-10,24.2,33.3,75.5,0.0,23.8,226.9,Tillering,28,2.01,0.02
III,Nueva Ecija,Cabanatuan City,2022-07-11,23.4,34.4,79.7,4.7,24.8,216.4,Tillering,40,1.95,0.14
III,Nueva Ecija,Cabanatuan City,2022-07-12,22.8,32.6,81.7,5.9,24.0,214.5,Tillering,45,1.94,0.04
III,Nueva Ecija,Cabanatuan City,2022-07-13,23.0,32.6,78.7,4.7,23.5,209.1,Tillering,57,1.28,0.02
III,Nueva Ecija,Cabanatuan City,2022-07-14,22.5,33.8,73.0,0.0,22.8,221.8,Tillering,46,1.25,0.06
III,Nueva Ecija,Cabanatuan City,2022-07-15,22.9,33.3,81.2,8.4,24.3,218.7,Tillering,44,0.67,0.2
III,Nueva Ecija,Cabanatuan City,2022-07-16,23.2,32.3,78.8,32.0,23.5,189.1,Tillering,51,0.36,0.08
III,Nueva Ecija,Cabanatuan City,2022-07-17,23.9,32.5,81.6,4.8,24.5,213.7,Tillering,59,1.24,0.21
III,Nueva Ecija,Cabanatuan City,2022-07-18,24.5,33.4,76.4,0.0,24.2,216.9,Tillering,53,1.48,0.0
III,Nueva Ecija,Cabanatuan City,2022-07-19,24.3,34.0,80.4,9.7,25.2,205.9,Elongation,50,0.67,0.0
III,Nueva Ecija,Cabanatuan City,2022-07-20,24.6,34.8,78.6,3.6,25.4,205.1,Elongation,36,1.59,0.14
III,Nueva Ecija,Cabanatuan City,2022-07-21,24.2,35.3,75.6,0.0,24.9,218.1,Elongation,29,1.41,0.09
III,Nueva Ecija,Cabanatuan City,2022-07-22,24.2,35.0,79.6,2.8,25.5,214.7,Elongation,30,1.39,0.14
III,Nueva Ecija,Cabanatuan City,2022-07-23,23.2,35.9,80.1,5.859999999999999,25.6,221.9,Elongation,31,1.55,0.13
III,Nueva Ecija,Cabanatuan City,2022-07-24,23.7,34.8,78.6,8.92,25.0,220.5,Elongation,31,2.22,0.17
III,Nueva Ecija,Cabanatuan City,2022-07-25,24.1,33.7,73.0,11.98,23.5,205.9,Elongation,32,2.06,0.08
III,Nueva Ecija,Cabanatuan City,2022-07-26,23.2,33.8,76.5,15.04,23.8,209.2,Elongation,33,2.84,0.0
III,Nueva Ecija,Cabanatuan City,2022-07-27,23.1,33.9,79.6,18.1,24.4,200.6,Elongation,33,1.75,0.15
III,Nueva Ecija,Cabanatuan City,2022-07-28,23.0,35.5,77.2,0.0,24.7,212.9,Elongation,34,3.11,0.12
III,Nueva Ecija,Cabanatuan City,2022-07-29,23.5,34.3,82.1,5.3,25.3,230.9,Elongation,18,3.54,0.04
III,Nueva Ecija,Cabanatuan City,2022-07-30,24.0,35.2,80.9,0.0,25.8,197.9,Elongation,21,5.1,0.09
III,Nueva Ecija,Cabanatuan City,2022-07-31,22.9,36.0,82.3,0.0,25.9,202.8,Elongation,27,5.51,0.15
III,Nueva Ecija,Cabanatuan City,2022-08-01,23.16,35.6,80.5,0.0,25.9,214.0,Elongation,28,6.87,0.18
III,Nueva Ecija,Cabanatuan City,2022-08-02,23.419999999999998,33.3,81.7,4.1,25.0,208.5,Elongation,24,5.54,0.09
III,Nueva Ecija,Cabanatuan City,2022-08-03,23.68,33.8,80.9,10.2,24.9,221.7,Elongation,30,4.77,0.08
III,Nueva Ecija,Cabanatuan City,2022-08-04,23.939999999999998,36.2,77.2,0.0,25.4,218.0,Elongation,31,6.18,0.08
III,Nueva Ecija,Cabanatuan City,2022-08-05,24.2,33.3,75.3,0.0,23.8,208.7,Elongation,27,4.31,0.2
III,Nueva Ecija,Cabanatuan City,2022-08-06,24.0,33.1,78.2,5.5,24.2,221.7,Elongation,17,3.49,0.0
III,Nueva Ecija,Cabanatuan City,2022-08-07,22.6,33.7,79.7,5.5,24.1,205.7,Elongation,17,3.22,0.04
III,Nueva Ecija,Cabanatuan City,2022-08-08,23.2,35.2,76.7,0.0,24.5,209.6,Panicle,12,0.17,5.63
III,Nueva Ecija,Cabanatuan City,2022-08-09,23.5,36.3,77.9,5.1,25.5,219.5,Panicle,16,0.2,4.91
III,Nueva Ecija,Cabanatuan City,2022-08-10,24.1,36.0,74.1,0.0,24.9,224.8,Panicle,12,0.07,6.7
III,Nueva Ecija,Cabanatuan City,2022-08-11,22.9,35.0,71.2,0.0,23.2,220.0,Panicle,10,0.18,6.98
III,Nueva Ecija,Cabanatuan City,2022-08-12,22.4,33.4,80.9,9.2,24.1,213.6,Panicle,8,0.17,6.0
III,Nueva Ecija,Cabanatuan City,2022-08-13,23.5,33.7,81.4,0.0,24.9,222.1,Panicle,7,0.18,6.13
III,Nueva Ecija,Cabanatuan City,2022-08-14,23.2,30.8,83.7,86.7,23.7,148.9,Panicle,5,0.09,2.41
III,Nueva Ecija,Cabanatuan City,2022-08-15,22.9,33.5,78.8,0.0,24.0,219.3,Panicle,3,0.14,0.51
III,Nueva Ecija,Cabanatuan City,2022-08-16,22.4,31.9,83.4,19.6,23.8,197.3,Panicle,3,0.05,1.65
III,Nueva Ecija,Cabanatuan City,2022-08-17,23.4,33.6,78.4,0.0,24.2,210.1,Panicle,4,0.15,0.83
III,Nueva Ecija,Cabanatuan City,2022-08-18,24.3,33.5,76.7,0.0,24.2,218.5,Panicle,3,0.05,0.83
III,Nueva Ecija,Cabanatuan City,2022-08-19,24.0,32.0,82.6,34.3,24.5,187.0,Panicle,3,0.03,1.19
III,Nueva Ecija,Cabanatuan City,2022-08-20,24.4,33.1,86.2,24.45,26.0,207.8,Panicle,7,0.12,1.38
III,Nueva Ecija,Cabanatuan City,2022-08-21,23.5,33.7,84.9,14.6,25.6,199.0,Panicle,10,0.08,0.45
III,Nueva Ecija,Cabanatuan City,2022-08-22,24.2,36.0,80.3,0.0,26.2,222.8,Panicle,12,0.03,1.96
III,Nueva Ecija,Cabanatuan City,2022-08-23,23.4,35.9,76.6,0.0,25.0,206.4,Panicle,14,0.13,0.0
III,Nueva Ecija,Cabanatuan City,2022-08-24,24.1,34.3,79.9,12.5,25.2,208.3,Flowering,5,0.0,1.37
III,Nueva Ecija,Cabanatuan City,2022-08-25,24.5,34.1,76.3,0.0,24.6,220.6,Flowering,6,0.03166666666666667,0.0
III,Nueva Ecija,Cabanatuan City,2022-08-26,23.9,33.0,77.3,8.5,23.9,220.13333333333333,Flowering,8,0.06333333333333334,0.18
III,Nueva Ecija,Cabanatuan City,2022-08-27,22.6,32.7,74.1,0.0,22.5,219.66666666666666,Flowering,2,0.095,0.44
III,Nueva Ecija,Cabanatuan City,2022-08-28,22.6,34.5,76.2,0.0,23.8,219.2,Flowering,2,0.12666666666666668,0.93
III,Nueva Ecija,Cabanatuan City,2022-08-29,22.2,33.8,81.7,5.9,24.3,218.73333333333335,Flowering,3,0.15833333333333335,0.34
III,Nueva Ecija,Cabanatuan City,2022-08-30,23.3,32.7,81.1,5.0,24.2,218.26666666666668,Flowering,3,0.19,0.0
III,Nueva Ecija,Cabanatuan City,2022-08-31,24.3,33.1,82.6,2.1,25.2,217.8,Flowering,1,0.07,1.26
III,Nueva Ecija,Cabanatuan City,2022-09-01,23.3,34.3,78.6,0.0,24.5,216.3,Flowering,3,0.17,0.61
III,Nueva Ecija,Cabanatuan City,2022-09-02,23.1,36.1,81.8,2.9,26.0,210.1,Flowering,2,0.0,0.82
III,Nueva Ecija,Cabanatuan City,2022-09-03,23.5,36.6,80.2,0.0,26.1,213.0,Flowering,2,0.16,1.6
III,Nueva Ecija,Cabanatuan City,2022-09-04,24.1,35.7,81.0,8.2,26.1,201.2,Flowering,1,0.08,2.4
III,Nueva Ecija,Cabanatuan City,2022-09-05,23.5,37.2,78.6,0.0,26.1,212.8,Flowering,0,0.03,1.06
III,Nueva Ecija,Cabanatuan City,2022-09-06,23.9,36.6,80.0,10.1,26.2,190.9,Flowering,3,0.09,3.27
III,Nueva Ecija,Cabanatuan City,2022-09-07,22.6,35.3,80.8,18.9,25.1,192.6,Flowering,1,0.08,2.08
III,Nueva Ecija,Cabanatuan City,2022-09-08,21.7,36.5,82.5,0.0,25.6,215.0,Ripening,0,0.0,3.69
III,Nueva Ecija,Cabanatuan City,2022-09-09,22.0,34.5,86.2,14.2,25.5,202.4,Ripening,1,0.09,4.82
III,Nueva Ecija,Cabanatuan City,2022-09-10,22.4,33.5,83.4,10.6,24.6,204.8,Ripening,4,0.02,3.32
III,Nueva Ecija,Cabanatuan City,2022-09-11,23.3,33.8,83.5,10.4,25.2,203.1,Ripening,4,0.08,3.33
III,Nueva Ecija,Cabanatuan City,2022-09-12,23.2,34.5,83.6,4.6,25.6,213.4,Ripening,5,0.05,3.71
III,Nueva Ecija,Cabanatuan City,2022-09-13,24.4,34.6,80.1,22.0,25.5,193.3,Ripening,2,0.05,4.71
III,Nueva Ecija,Cabanatuan City,2022-09-14,24.5,36.1,81.3,12.3,26.6,200.2,Ripening,6,0.06,4.78
III,Nueva Ecija,Cabanatuan City,2022-09-15,24.6,33.7,76.5,9.9,24.5,209.2,Ripening,3,0.12,3.46
III,Nueva Ecija,Cabanatuan City,2022-09-16,23.4,33.3,80.1,65.2,24.4,175.8,Ripening,3,0.08,2.96
III,Nueva Ecija,Cabanatuan City,2022-09-17,23.5,34.4,81.4,23.8,25.2,189.4,Ripening,3,0.14,3.43
III,Nueva Ecija,Cabanatuan City,2022-09-18,23.9,35.7,72.5,1.0,24.3,233.5,Ripening,3,0.06,1.99
III,Nueva Ecija,Cabanatuan City,2022-09-19,22.8,35.7,76.6,8.1,24.6,222.2,Ripening,0,0.04,2.66
III,Nueva Ecija,Cabanatuan City,2022-09-20,23.2,35.0,77.7,2.8,24.6,216.6,Ripening,1,0.13,2.87
III,Nueva Ecija,Cabanatuan City,2022-09-21,23.6,34.2,80.1,5.2,24.9,214.5,Ripening,5,0.11,1.46
III,Nueva Ecija,Cabanatuan City,2022-09-22,24.1,34.4,78.8,6.0,25.0,208.8,Ripening,1,0.06,0.0
III,Nueva Ecija,Cabanatuan City,2022-09-23,24.8,35.2,77.0,4.5,25.4,206.2,Ripening,1,0.06,0.46
III,Nueva Ecija,Cabanatuan City,2022-09-24,23.6,35.0,77.7,3.1,24.8,223.3,Ripening,0,0.05,1.32
III,Nueva Ecija,Cabanatuan City,2022-09-25,24.3,33.4,78.8,45.6,24.6,176.6,Ripening,0,0.09,1.54
III,Nueva Ecija,Cabanatuan City,2022-09-26,25.4,34.5,75.1,0.0,25.0,213.9,Ripening,0,0.05,2.0
III,Nueva Ecija,Cabanatuan City,2022-09-27,24.7,34.1,81.7,15.6,25.7,210.5,Ripening,0,0.04,1.57
III,Nueva Ecija,Cabanatuan City,2022-09-28,24.0,36.1,81.0,6.8,26.2,207.5,Ripening,1,0.05,0.8
III,Nueva Ecija,Cabanatuan City,2022-09-29,23.9,32.9,80.5,86.6,24.5,170.2,Ripening,1,0.06,2.28
III,Nueva Ecija,Cabanatuan City,2022-09-30,23.0,34.4,80.7,8.9,24.8,211.3,Ripening,0,0.06,0.29
III,Nueva Ecija,Cabanatuan City,2022-10-01,24.0,33.8,78.8,0.0,24.7,214.9,Ripening,0,0.0,1.74
III,Nueva Ecija,Cabanatuan City,2022-10-02,24.1,33.6,80.7,11.4,25.0,200.7,Ripening,0,0.11,0.37
III,Nueva Ecija,Cabanatuan City,2022-10-03,24.6,35.5,77.1,0.5,25.5,217.3,Ripening,0,0.12,0.0
III,Nueva Ecija,Cabanatuan City,2022-10-04,22.8,34.4,77.2,1.0,24.0,218.7,Ripening,0,0.16,0.08
III,Nueva Ecija,Cabanatuan City,2022-10-05,23.2,33.3,81.9,13.7,24.6,211.3,Ripening,0,0.08,0.04
III,Nueva Ecija,Cabanatuan City,2022-10-06,24.4,35.2,77.4,0.0,25.3,209.0,Ripening,0,0.16,0.0
III,Nueva Ecija,Cabanatuan City,2022-10-07,23.7,36.0,78.0,0.0,25.5,207.7,Ripening,0,0.0,0.1
III,Nueva Ecija,Cabanatuan City,2022-10-08,23.9,34.4,82.5,16.9,25.2,203.8,Ripening,0,0.09,0.0
III,Nueva Ecija,Cabanatuan City,2022-10-09,23.8,34.0,77.6,0.0,24.9,216.1,Ripening,0,0.06,0.1
III,Nueva Ecija,Cabanatuan City,2022-10-10,21.8,32.4,81.2,0.0,24.6,222.5,Ripening,0,0.12,0.01
III,Nueva Ecija,Cabanatuan City,2022-10-11,21.5,32.6,81.5,1.5,24.3,216.2,Ripening,0,0.11,0.23
III,Nueva Ecija,Cabanatuan City,2022-10-12,21.6,33.7,81.6,3.6,24.0,203.3,Ripening,0,0.08,0.01
III,Nueva Ecija,Cabanatuan City,2022-10-13,21.5,33.5,79.8,19.8,23.5,205.1,Ripening,0,0.17,0.01
III,Nueva Ecija,Cabanatuan City,2022-10-14,23.4,34.9,81.1,1.2,25.4,219.6,Ripening,0,0.0,0.05
III,Nueva Ecija,Cabanatuan City,2022-10-15,22.7,32.2,78.5,48.7,23.2,181.1,Ripening,0,0.04,0.06
III,Nueva Ecija,Cabanatuan City,2022-10-16,23.2,33.1,76.9,0.0,23.5,227.6,Ripening,0,0.0,0.0
III,Nueva Ecija,Cabanatuan City,2022-10-17,24.4,32.8,75.6,0.0,23.7,233.4,Ripening,0,0.15,0.07
III,Nueva Ecija,Cabanatuan City,2022-10-18,25.4,31.8,81.9,13.0,25.0,224.7,Ripening,0,0.09,0.19
III,Nueva Ecija,Cabanatuan City,2022-10-19,24.8,33.9,76.6,0.0,24.7,230.7,Ripening,0,0.09,0.06
III,Nueva Ecija,Cabanatuan City,2022-10-20,23.3,33.5,80.6,4.6,24.5,209.6,Ripening,0,0.05,0.03
III,Nueva Ecija,Cabanatuan City,2022-10-21,23.3,33.4,81.0,3.8,24.6,213.4,Ripening,0,0.15,0.27
III,Nueva Ecija,Cabanatuan City,2022-10-22,23.5,34.0,80.4,9.3,24.8,211.5,Ripening,1,0.08,0.11
III,Nueva Ecija,Cabanatuan City,2022-10-23,23.4,33.3,79.3,1.6,24.2,234.6,Ripening,0,0.0,0.15
III,Nueva Ecija,Cabanatuan City,2022-10-24,23.1,34.9,79.9,5.5,25.0,230.15,Ripening,0,0.08,0.0
III,Nueva Ecija,Cabanatuan City,2022-10-25,24.1,34.4,75.9,0.0,24.4,225.7,Ripening,0,0.0,0.07
III,Nueva Ecija,Cabanatuan City,2022-10-26,24.2,35.0,77.8,0.6,25.2,221.25,Ripening,0,0.0,0.22
III,Nueva Ecija,Cabanatuan City,2022-10-27,24.4,34.4,82.6,1.5,25.9,216.8,Ripening,0,0.04,0.0
III,Nueva Ecija,Cabanatuan City,2022-10-28,23.6,36.5,80.89999999999999,0.0,25.8,227.8,Ripening,0,0.24,0.13
III,Nueva Ecija,Cabanatuan City,2022-10-29,23.9,34.7,79.19999999999999,0.0,24.9,210.5,Ripening,0,0.04,0.11
III,Nueva Ecija,Cabanatuan City,2022-10-30,22.8,34.8,77.5,7.2,25.0,207.1,Ripening,0,0.17,0.15
III,Nueva Ecija,Cabanatuan City,2022-10-31,23.2,34.4,75.8,19.5,24.6,206.7,Seedling,0,0.18,0.04
III,Nueva Ecija,Cabanatuan City,2022-11-01,23.1,35.7,74.1,0.0,24.2,223.1,Seedling,0,0.0,0.16
III,Nueva Ecija,Cabanatuan City,2022-11-02,22.3,34.9,74.3,0.0,23.5,225.3,Seedling,0,0.09,0.17
III,Nueva Ecija,Cabanatuan City,2022-11-03,21.7,36.2,81.1,4.8,25.2,220.7,Seedling,0,0.06,0.01
III,Nueva Ecija,Cabanatuan City,2022-11-04,22.8,36.1,74.7,0.0,24.4,222.9,Seedling,0,0.13,0.01
III,Nueva Ecija,Cabanatuan City,2022-11-05,22.7,35.5,81.5,3.1,25.4,212.7,Seedling,0,0.08,0.03
III,Nueva Ecija,Cabanatuan City,2022-11-06,23.3,35.9,75.0,0.0,24.6,230.6,Seedling,0,0.0,0.22
III,Nueva Ecija,Cabanatuan City,2022-11-07,23.6,34.1,74.9,0.0,23.8,214.1,Seedling,0,0.07,0.0
III,Nueva Ecija,Cabanatuan City,2022-11-08,23.4,33.9,75.7,0.0,23.8,220.4,Seedling,0,0.04,0.06
III,Nueva Ecija,Cabanatuan City,2022-11-09,23.3,34.6,80.3,4.55,25.0,185.2,Seedling,0,0.14,0.17
III,Nueva Ecija,Cabanatuan City,2022-11-10,23.3,35.9,78.1,9.1,25.2,242.6,Seedling,0,0.04,0.0
III,Nueva Ecija,Cabanatuan City,2022-11-11,21.9,34.1,79.6,13.649999999999999,23.9,197.2,Seedling,0,0.02,0.2
III,Nueva Ecija,Cabanatuan City,2022-11-12,21.2,34.7,78.3,18.2,23.6,207.4,Seedling,0,0.03,0.06
III,Nueva Ecija,Cabanatuan City,2022-11-13,20.9,35.5,79.8,4.3,24.2,201.0,Seedling,0,0.15,0.14
III,Nueva Ecija,Cabanatuan City,2022-11-14,22.7,34.6,81.4,6.4,24.9,224.1,Seedling,0,0.07,0.04
III,Nueva Ecija,Cabanatuan City,2022-11-15,23.8,35.1,75.7,0.0,24.6,221.2,Seedling,0,0.0,0.15
III,Nueva Ecija,Cabanatuan City,2022-11-16,24.6,33.5,72.2,0.0,23.5,211.7,Seedling,0,0.04,0.0
III,Nueva Ecija,Cabanatuan City,2022-11-17,24.1,34.4,77.7,0.0,24.8,216.8,Seedling,0,0.14,0.0
III,Nueva Ecija,Cabanatuan City,2022-11-18,23.4,35.3,79.7,4.7,25.3,211.0,Seedling,0,0.2,0.07
III,Nueva Ecija,Cabanatuan City,2022-11-19,23.4,34.9,77.4,10.6,24.6,215.3,Seedling,0,0.0,0.18
III,Nueva Ecija,Cabanatuan City,2022-11-20,23.7,35.4,71.2,0.0,23.8,234.0,Seedling,0,0.0,0.3
III,Nueva Ecija,Cabanatuan City,2022-11-21,23.8,34.3,69.0,0.0,22.8,209.7,Seedling,0,0.02,0.25
III,Nueva Ecija,Cabanatuan City,2022-11-22,23.1,34.1,70.9,0.0,22.8,234.4,Seedling,0,0.02,0.16
III,Nueva Ecija,Cabanatuan City,2022-11-23,22.0,33.5,72.7,0.5,22.3,219.4,Seedling,0,0.12,0.08
III,Nueva Ecija,Cabanatuan City,2022-11-24,22.5,34.2,75.7,0.0,23.5,219.6,Seedling,0,0.17,0.21
III,Nueva Ecija,Cabanatuan City,2022-11-25,22.4,34.8,73.0,0.0,23.2,217.3,Seedling,0,0.11,0.04
III,Nueva Ecija,Cabanatuan City,2022-11-26,22.6,33.9,73.8,0.0,23.0,214.8,Seedling,0,0.04,0.02
III,Nueva Ecija,Cabanatuan City,2022-11-27,23.7,33.6,73.7,5.0,23.4,210.4,Seedling,0,0.06,0.14
III,Nueva Ecija,Cabanatuan City,2022-11-28,22.4,34.3,67.3,0.0,21.8,224.0,Seedling,0,0.29,0.0
III,Nueva Ecija,Cabanatuan City,2022-11-29,22.3,32.6,72.9,7.1,22.0,225.56666666666666,Seedling,2,0.27,0.13
III,Nueva Ecija,Cabanatuan City,2022-11-30,22.9,34.6,72.3,0.0,23.2,227.13333333333333,Seedling,1,0.78,0.2
III,Nueva Ecija,Cabanatuan City,2022-12-01,22.9,35.0,69.9,0.0,22.9,228.7,Seedling,2,0.72,0.02
III,Nueva Ecija,Cabanatuan City,2022-12-02,22.6,34.8,79.4,6.5,24.6,230.26666666666668,Seedling,1,0.0,0.04
III,Nueva Ecija,Cabanatuan City,2022-12-03,21.7,34.6,80.3,1.8,24.2,231.83333333333334,Seedling,0,0.45,0.06
III,Nueva Ecija,Cabanatuan City,2022-12-04,22.2,34.4,77.1,1.4,23.7,233.4,Seedling,0,0.0,0.16
III,Nueva Ecija,Cabanatuan City,2022-12-05,21.6,35.9,74.6,0.0,23.7,235.4,Seedling,1,0.07,0.16
III,Nueva Ecija,Cabanatuan City,2022-12-06,21.9,34.3,70.3,0.0,22.2,222.8,Seedling,0,0.44,0.0
III,Nueva Ecija,Cabanatuan City,2022-12-07,21.9,31.8,68.5,0.0,20.6,230.1,Seedling,0,0.13,0.06
III,Nueva Ecija,Cabanatuan City,2022-12-08,21.8,34.0,73.4,0.0,22.6,209.5,Seedling,0,0.84,0.0
III,Nueva Ecija,Cabanatuan City,2022-12-09,23.3,34.1,72.3,3.2,23.2,234.5,Seedling,0,0.55,0.11
III,Nueva Ecija,Cabanatuan City,2022-12-10,22.7,33.2,74.5,3.4,22.8,221.6,Seedling,0,0.77,0.0
III,Nueva Ecija,Cabanatuan City,2022-12-11,23.0,33.1,69.5,0.0,22.0,240.6,Seedling,0,0.58,0.18
III,Nueva Ecija,Cabanatuan City,2022-12-12,23.1,32.5,74.5,3.4,22.7,225.7,Seedling,0,0.1,0.0
III,Nueva Ecija,Cabanatuan City,2022-12-13,22.5,32.2,73.9,2.2,22.1,236.1,Tillering,2,0.15,0.12
III,Nueva Ecija,Cabanatuan City,2022-12-14,23.4,33.0,70.9,0.0,22.4,230.6,Tillering,3,0.0,0.0
III,Nueva Ecija,Cabanatuan City,2022-12-15,22.8,32.1,69.3,0.0,21.3,224.2,Tillering,2,1.6,0.01
III,Nueva Ecija,Cabanatuan City,2022-12-16,22.2,33.0,71.3,0.0,21.9,240.6,Tillering,2,0.8,0.02
III,Nueva Ecija,Cabanatuan City,2022-12-17,21.7,33.7,70.0,2.55,21.7,232.0,Tillering,3,1.18,0.03
III,Nueva Ecija,Cabanatuan City,2022-12-18,22.3,33.8,73.3,5.1,22.7,233.7,Tillering,1,0.04,0.04
III,Nueva Ecija,Cabanatuan City,2022-12-19,23.0,33.8,71.5,0.0,22.7,240.0,Tillering,1,0.37,0.0
III,Nueva Ecija,Cabanatuan City,2022-12-20,22.5,33.3,69.0,0.0,21.7,220.4,Tillering,2,0.0,0.16
III,Nueva Ecija,Cabanatuan City,2022-12-21,22.5,33.599999999999994,66.4,0.0,21.6,251.0,Tillering,7,0.33,0.14
III,Nueva Ecija,Cabanatuan City,2022-12-22,23.1,33.9,68.9,0.0,22.1,232.8,Tillering,0,0.52,0.0
III,Nueva Ecija,Cabanatuan City,2022-12-23,22.2,34.2,72.8,3.5,22.6,221.3,Tillering,4,0.07,0.05
III,Nueva Ecija,Cabanatuan City,2022-12-24,21.7,34.5,68.9,0.0,21.9,225.2,Tillering,1,0.54,0.0
III,Nueva Ecija,Cabanatuan City,2022-12-25,22.0,35.0,67.5,0.0,22.0,219.3,Tillering,0,0.63,0.0
III,Nueva Ecija,Cabanatuan City,2022-12-26,23.1,33.8,67.4,0.0,21.9,232.6,Tillering,1,0.87,0.04
III,Nueva Ecija,Cabanatuan City,2022-12-27,22.4,33.6,66.5,0.0,21.3,245.9,Tillering,2,0.0,0.21
III,Nueva Ecija,Cabanatuan City,2022-12-28,22.2,31.7,69.2,0.0,20.8,229.8,Tillering,2,0.58,0.13
III,Nueva Ecija,Cabanatuan City,2022-12-29,21.7,32.6,66.8,0.0,20.5,235.8,Tillering,2,0.57,0.12
III,Nueva Ecija,Cabanatuan City,2022-12-30,21.0,32.5,65.5,0.0,19.8,226.0,Tillering,2,1.18,0.08
III,Nueva Ecija,Cabanatuan City,2022-12-31,20.7,33.2,68.5,0.0,20.7,222.3,Tillering,1,0.0,0.16
III,Nueva Ecija,Cabanatuan City,2023-01-01,22.0,31.5,69.9,0.0,20.7,236.4,Tillering,0,0.04,0.12
III,Nueva Ecija,Cabanatuan City,2023-01-02,22.2,33.6,65.7,0.0,21.0,233.1,Tillering,2,1.52,0.13
III,Nueva Ecija,Cabanatuan City,2023-01-03,22.4,32.4,66.0,0.0,20.6,239.2,Tillering,1,0.63,0.03
III,Nueva Ecija,Cabanatuan City,2023-01-04,22.5,33.0,68.2,0.0,21.4,237.9,Tillering,1,1.15,0.14
III,Nueva Ecija,Cabanatuan City,2023-01-05,21.4,33.7,68.0,0.0,21.2,233.5,Tillering,3,1.33,0.06
III,Nueva Ecija,Cabanatuan City,2023-01-06,21.9,34.4,67.9,0.0,21.7,230.4,Tillering,2,0.63,0.0
III,Nueva Ecija,Cabanatuan City,2023-01-07,21.8,34.4,65.0,0.0,21.1,238.4,Elongation,1,1.25,0.07
III,Nueva Ecija,Cabanatuan City,2023-01-08,21.9,34.8,68.2,0.0,22.0,261.6,Elongation,1,0.66,0.07
III,Nueva Ecija,Cabanatuan City,2023-01-09,22.1,34.5,67.2,0.0,21.7,229.0,Elongation,1,0.22,0.3
III,Nueva Ecija,Cabanatuan City,2023-01-10,23.6,33.1,70.7,0.0,22.5,231.3,Elongation,3,0.0,0.21
III,Nueva Ecija,Cabanatuan City,2023-01-11,24.2,32.4,65.4,0.0,21.4,241.3,Elongation,2,0.0,0.0
III,Nueva Ecija,Cabanatuan City,2023-01-12,24.5,31.6,68.1,0.0,21.7,233.5,Elongation,5,0.0,0.02
III,Nueva Ecija,Cabanatuan City,2023-01-13,23.9,32.5,69.0,0.0,22.0,252.7,Elongation,1,1.89,0.0
III,Nueva Ecija,Cabanatuan City,2023-01-14,22.3,31.9,67.9,0.0,20.7,225.8,Elongation,2,0.28,0.27
III,Nueva Ecija,Cabanatuan City,2023-01-15,21.1,32.4,65.9,0.0,19.9,236.9,Elongation,0,0.63,0.0
III,Nueva Ecija,Cabanatuan City,2023-01-16,21.5,34.1,65.2,0.0,20.8,222.0,Elongation,3,0.48,0.0
III,Nueva Ecija,Cabanatuan City,2023-01-17,21.9,35.4,66.5,0.0,22.0,238.5,Elongation,4,0.61,0.12
III,Nueva Ecija,Cabanatuan City,2023-01-18,23.0,35.1,67.5,0.0,22.6,251.6,Elongation,2,0.41,0.1
III,Nueva Ecija,Cabanatuan City,2023-01-19,22.8,33.1,66.1,0.0,21.2,237.1,Elongation,2,0.33,0.24
III,Nueva Ecija,Cabanatuan City,2023-01-20,22.8,32.6,66.8,0.0,21.1,245.7,Elongation,3,0.83,0.11
III,Nueva Ecija,Cabanatuan City,2023-01-21,22.6,33.4,66.5,0.0,21.3,240.6,Elongation,1,0.0,0.11
III,Nueva Ecija,Cabanatuan City,2023-01-22,22.3,32.5,68.7,0.0,21.1,244.5,Elongation,2,1.11,0.01
III,Nueva Ecija,Cabanatuan City,2023-01-23,21.7,33.6,69.9,2.9,21.6,231.8,Elongation,4,1.3,0.08
III,Nueva Ecija,Cabanatuan City,2023-01-24,22.6,32.9,66.4,0.0,21.0,235.9,Elongation,0,0.95,0.12
III,Nueva Ecija,Cabanatuan City,2023-01-25,22.8,32.0,74.4,4.6,22.3,239.6,Elongation,4,0.26,0.04
III,Nueva Ecija,Cabanatuan City,2023-01-26,23.6,33.5,67.6,0.0,22.1,228.5,Elongation,4,0.79,0.17
III,Nueva Ecija,Cabanatuan City,2023-01-27,23.3,33.6,73.4,7.3,23.1,225.6,Panicle,1,0.11,1.28
III,Nueva Ecija,Cabanatuan City,2023-01-28,23.1,32.9,72.1,1.3,22.4,236.9,Panicle,5,0.0,0.88
III,Nueva Ecija,Cabanatuan City,2023-01-29,21.9,33.5,69.4,0.0,21.6,240.4,Panicle,0,0.05,2.03
III,Nueva Ecija,Cabanatuan City,2023-01-30,22.1,32.0,73.8,4.1,21.8,237.6,Panicle,1,0.11,0.66
III,Nueva Ecija,Cabanatuan City,2023-01-31,22.7,31.1,70.5,0.0,21.0,238.5,Panicle,1,0.13,0.86
III,Nueva Ecija,Cabanatuan City,2023-02-01,21.9,32.2,72.4,0.0,21.5,226.3,Panicle,1,0.12,0.17
III,Nueva Ecija,Cabanatuan City,2023-02-02,22.5,32.0,69.1,0.0,21.1,222.5,Panicle,5,0.14,0.0
III,Nueva Ecija,Cabanatuan City,2023-02-03,21.7,30.8,66.1,0.0,19.5,219.5,Panicle,10,0.29,1.1
III,Nueva Ecija,Cabanatuan City,2023-02-04,21.6,30.1,65.2,0.0,18.9,235.3,Panicle,7,0.22,1.14
III,Nueva Ecija,Cabanatuan City,2023-02-05,22.3,31.7,64.4,0.0,19.9,240.6,Panicle,2,0.15,1.7
III,Nueva Ecija,Cabanatuan City,2023-02-06,21.0,32.4,65.7,0.0,19.8,240.0,Panicle,2,0.0,0.29
III,Nueva Ecija,Cabanatuan City,2023-02-07,21.7,33.2,67.7,0.0,21.0,241.3,Panicle,4,0.01,0.0
III,Nueva Ecija,Cabanatuan City,2023-02-08,22.3,31.6,68.6,0.0,20.7,238.7,Panicle,4,0.0,0.63
III,Nueva Ecija,Cabanatuan City,2023-02-09,21.8,32.1,68.2,0.0,20.6,254.9,Panicle,1,0.06,1.17
III,Nueva Ecija,Cabanatuan City,2023-02-10,23.5,32.3,68.8,0.0,21.7,241.6,Panicle,0,0.0,0.17
III,Nueva Ecija,Cabanatuan City,2023-02-11,23.2,31.5,69.6,19.5,21.3,229.0,Flowering,0,0.08,1.63
III,Nueva Ecija,Cabanatuan City,2023-02-12,23.3,31.2,66.9,4.4,20.6,230.1,Flowering,0,0.15,0.23
III,Nueva Ecija,Cabanatuan City,2023-02-13,22.9,31.5,64.5,0.0,20.1,248.0,Flowering,0,0.1,0.0
III,Nueva Ecija,Cabanatuan City,2023-02-14,22.6,31.6,64.3,0.0,20.0,235.7,Flowering,0,0.0,0.98
III,Nueva Ecija,Cabanatuan City,2023-02-15,22.3,32.0,64.0,0.0,20.0,244.4,Flowering,0,0.14,0.56
III,Nueva Ecija,Cabanatuan City,2023-02-16,21.4,31.8,66.8,0.0,20.0,234.0,Flowering,0,0.03,0.0
III,Nueva Ecija,Cabanatuan City,2023-02-17,22.5,32.6,64.6,0.0,20.5,233.7,Flowering,3,0.14,0.09
III,Nueva Ecija,Cabanatuan City,2023-02-18,22.9,33.4,64.1,0.0,21.0,252.2,Flowering,0,0.11,0.0
III,Nueva Ecija,Cabanatuan City,2023-02-19,22.4,33.4,64.6,0.0,20.8,232.9,Flowering,4,0.0,0.51
III,Nueva Ecija,Cabanatuan City,2023-02-20,21.9,33.8,63.9,0.0,20.6,243.3,Flowering,5,0.0,0.0
III,Nueva Ecija,Cabanatuan City,2023-02-21,22.1,34.3,64.0,0.0,21.0,236.1,Flowering,0,0.07,0.45
III,Nueva Ecija,Cabanatuan City,2023-02-22,21.7,34.7,63.5,0.0,20.9,231.1,Flowering,0,0.18,2.04
III,Nueva Ecija,Cabanatuan City,2023-02-23,22.6,34.8,67.1,0.0,22.1,238.0,Flowering,1,0.22,0.0
III,Nueva Ecija,Cabanatuan City,2023-02-24,22.7,33.7,64.2,0.0,21.0,239.7,Flowering,0,0.0,0.59
III,Nueva Ecija,Cabanatuan City,2023-02-25,22.5,34.8,66.2,0.0,21.9,237.5,Ripening,1,0.1,1.47
III,Nueva Ecija,Cabanatuan City,2023-02-26,22.2,34.2,67.9,0.0,21.8,255.5,Ripening,1,0.17,2.24
III,Nueva Ecija,Cabanatuan City,2023-02-27,23.5,34.5,64.3,0.0,21.9,236.0,Ripening,0,0.13,1.74
III,Nueva Ecija,Cabanatuan City,2023-02-28,22.9,33.4,64.6,0.0,21.1,234.5,Ripening,0,0.11,4.88
III,Nueva Ecija,Cabanatuan City,2023-03-01,23.5,34.6,63.7,0.0,21.8,252.7,Ripening,0,0.05,3.72
III,Nueva Ecija,Cabanatuan City,2023-03-02,23.6,34.3,67.4,0.0,22.4,229.7,Ripening,1,0.0,5.96
III,Nueva Ecija,Cabanatuan City,2023-03-03,23.1,33.2,67.4,0.0,21.6,233.8,Ripening,0,0.0,6.47
III,Nueva Ecija,Cabanatuan City,2023-03-04,23.7,33.1,66.3,0.0,21.7,232.7,Ripening,2,0.1,5.41
III,Nueva Ecija,Cabanatuan City,2023-03-05,22.9,33.1,65.9,0.0,21.2,240.3,Ripening,0,0.15,4.96
III,Nueva Ecija,Cabanatuan City,2023-03-06,22.5,30.8,67.0,0.0,20.0,236.2,Ripening,0,0.0,4.17
III,Nueva Ecija,Cabanatuan City,2023-03-07,22.7,32.2,65.8,0.0,20.6,248.3,Ripening,0,0.0,4.44
III,Nueva Ecija,Cabanatuan City,2023-03-08,23.1,34.2,70.5,0.0,22.8,235.5,Ripening,0,0.25,3.07
III,Nueva Ecija,Cabanatuan City,2023-03-09,21.7,34.3,68.3,0.0,21.7,244.6,Ripening,2,0.12,3.88
III,Nueva Ecija,Cabanatuan City,2023-03-10,21.9,34.5,69.0,0.0,22.0,232.6,Ripening,1,0.07,3.68
III,Nueva Ecija,Cabanatuan City,2023-03-11,22.2,33.0,66.4,0.0,20.9,247.0,Ripening,0,0.0,2.81
III,Nueva Ecija,Cabanatuan City,2023-03-12,22.4,33.2,67.6,0.0,21.3,237.3,Ripening,0,0.0,2.98
III,Nueva Ecija,Cabanatuan City,2023-03-13,22.5,32.7,67.6,0.0,21.1,248.7,Ripening,0,0.02,2.17
III,Nueva Ecija,Cabanatuan City,2023-03-14,22.0,32.2,66.2,0.0,20.3,217.9,Ripening,0,0.18,2.0
III,Nueva Ecija,Cabanatuan City,2023-03-15,22.3,31.2,65.8,0.0,19.9,235.7,Ripening,0,0.14,1.36
III,Nueva Ecija,Cabanatuan City,2023-03-16,21.3,31.6,62.8,0.0,19.0,243.1,Ripening,0,0.07,1.2
III,Nueva Ecija,Cabanatuan City,2023-03-17,21.3,33.0,64.4,0.0,20.0,245.5,Ripening,0,0.17,0.0
III,Nueva Ecija,Cabanatuan City,2023-03-18,21.9,32.3,67.3,0.0,20.6,251.2,Ripening,1,0.18,0.0
III,Nueva Ecija,Cabanatuan City,2023-03-19,22.0,32.9,68.1,0.0,21.1,244.7,Ripening,1,0.08,1.48
III,Nueva Ecija,Cabanatuan City,2023-03-20,22.6,33.4,64.1,0.0,20.8,238.0,Ripening,1,0.07,1.97
III,Nueva Ecija,Cabanatuan City,2023-03-21,22.3,32.4,65.0,0.0,20.4,256.1,Ripening,0,0.04,0.22
III,Nueva Ecija,Cabanatuan City,2023-03-22,22.5,33.4,64.6,0.0,20.9,225.1,Ripening,1,0.08,0.18
III,Nueva Ecija,Cabanatuan City,2023-03-23,22.3,34.7,68.5,0.0,22.2,240.3,Ripening,0,0.0,0.06
III,Nueva Ecija,Cabanatuan City,2023-03-24,22.0,35.9,68.8,0.0,22.7,250.2,Ripening,0,0.16,0.09
III,Nueva Ecija,Cabanatuan City,2023-03-25,21.8,35.1,71.8,5.4,22.25,216.4,Ripening,0,0.01,0.102
III,Nueva Ecija,Cabanatuan City,2023-03-26,22.0,35.6,70.0,4.32,21.799999999999997,231.0,Ripening,0,0.05,0.11399999999999999
III,Nueva Ecija,Cabanatuan City,2023-03-27,22.5,34.4,66.8,3.24,21.349999999999998,246.5,Ripening,1,0.14,0.126
III,Nueva Ecija,Cabanatuan City,2023-03-28,22.4,34.3,67.6,2.16,20.9,238.6,Ripening,0,0.0,0.138
III,Nueva Ecija,Cabanatuan City,2023-03-29,22.0,34.2,68.2,1.08,21.0,251.6,Ripening,1,0.21,0.15
III,Nueva Ecija,Cabanatuan City,2023-03-30,22.0,34.1,66.1,0.0,20.9,233.8,Ripening,1,0.12,0.0
III,Nueva Ecija,Cabanatuan City,2023-03-31,21.5,34.0,65.9,0.0,20.9,253.0,Ripening,0,0.01,0.14
III,Nueva Ecija,Cabanatuan City,2023-04-01,22.2,34.7,67.3,0.3,21.9,242.5,Ripening,0,0.21,0.09
III,Nueva Ecija,Cabanatuan City,2023-04-02,21.5,34.0,68.4,0.0,21.4,237.5,Ripening,0,0.09,0.09
III,Nueva Ecija,Cabanatuan City,2023-04-03,22.2,32.1,70.2,0.0,21.2,240.4,Ripening,1,0.16,0.0
III,Nueva Ecija,Cabanatuan City,2023-04-04,22.1,32.2,69.7,0.0,21.1,240.1,Ripening,0,0.07,0.0
III,Nueva Ecija,Cabanatuan City,2023-04-05,21.0,31.2,67.6,0.0,19.6,237.2,Ripening,0,0.1,0.12
III,Nueva Ecija,Cabanatuan City,2023-04-06,20.1,31.3,65.7,0.0,18.8,252.3,Ripening,0,0.04,0.05
III,Nueva Ecija,Cabanatuan City,2023-04-07,21.3,31.0,69.0,0.0,20.0,238.4,Ripening,0,0.0,0.0
III,Nueva Ecija,Cabanatuan City,2023-04-08,20.9,30.7,66.1,0.0,19.0,248.9,Ripening,1,0.17,0.04
III,Nueva Ecija,Cabanatuan City,2023-04-09,21.6,30.7,66.3,0.0,19.4,234.0,Ripening,0,0.06,0.14
III,Nueva Ecija,Cabanatuan City,2023-04-10,20.6,30.3,66.2,0.0,18.7,235.3,Ripening,0,0.23,0.18
III,Nueva Ecija,Cabanatuan City,2023-04-11,21.4,30.4,63.7,0.0,18.6,229.3,Ripening,0,0.18,0.13
III,Nueva Ecija,Cabanatuan City,2023-04-12,21.1,32.1,59.7,0.0,18.5,242.6,Ripening,0,0.16,0.24
III,Nueva Ecija,Cabanatuan City,2023-04-13,21.0,32.0,65.1,12.0,19.5,240.3,Ripening,1,0.04,0.02
III,Nueva Ecija,Cabanatuan City,2023-04-14,21.9,32.8,62.1,0.0,19.8,237.4,Ripening,0,0.09,0.02
III,Nueva Ecija,Cabanatuan City,2023-04-15,21.8,33.1,66.9,0.8,20.8,233.1,Ripening,0,0.12,0.02
III,Nueva Ecija,Cabanatuan City,2023-04-16,22.2,33.3,68.6,0.0,21.5,238.6,Ripening,0,0.0,0.02
III,Nueva Ecija,Cabanatuan City,2023-04-17,22.1,35.4,70.1,0.0,22.8,228.2,Ripening,0,0.0,0.02
III,Nueva Ecija,Cabanatuan City,2023-04-18,21.4,33.8,74.7,0.0,22.5,233.5,Ripening,0,0.0,0.02
III,Nueva Ecija,Cabanatuan City,2023-04-19,22.1,33.6,70.8,0.0,22.0,251.6,Ripening,1,0.07,0.02
III,Nueva Ecija,Cabanatuan City,2023-04-20,21.8,30.2,72.7,24.6,20.5,208.9,Ripening,0,0.02,0.19
III,Nueva Ecija,Cabanatuan City,2023-04-21,22.7,32.4,68.2,8.9,21.2,241.6,Ripening,0,0.23,0.13
III,Nueva Ecija,Cabanatuan City,2023-04-22,22.6,30.8,70.0,7.8,20.7,230.9,Ripening,0,0.03,0.16
III,Nueva Ecija,Cabanatuan City,2023-04-23,21.2,31.0,66.5,0.0,19.4,228.9,Ripening,0,0.08,0.05
III,Nueva Ecija,Cabanatuan City,2023-04-24,21.8,31.6,67.5,4.5,20.2,240.2,Ripening,0,0.13,0.1
III,Nueva Ecija,Cabanatuan City,2023-04-25,22.4,31.2,73.1,1.2,21.4,230.9,Ripening,0,0.21,0.08
III,Nueva Ecija,Cabanatuan City,2023-04-26,22.1,33.1,65.7,0.0,20.7,230.2,Ripening,0,0.28,0.01
III,Nueva Ecija,Cabanatuan City,2023-04-27,22.3,32.7,62.7,0.0,20.0,235.0,Ripening,1,0.06,0.0
III,Nueva Ecija,Cabanatuan City,2023-04-28,23.3,32.6,62.9,0.0,20.5,227.9,Seedling,0,0.04,0.15
III,Nueva Ecija,Cabanatuan City,2023-04-29,22.2,31.6,68.6,2.5,20.6,222.0,Seedling,0,0.12,0.14
III,Nueva Ecija,Cabanatuan City,2023-04-30,22.8,33.0,66.2,0.0,21.1,225.9,Seedling,1,0.0,0.0
III,Nueva Ecija,Cabanatuan City,2023-05-01,22.4,32.6,66.3,0.0,20.8,225.0,Seedling,0,0.0,0.07
III,Nueva Ecija,Cabanatuan City,2023-05-02,22.4,33.5,66.0,0.0,21.2,238.6,Seedling,0,0.06,0.05
III,Nueva Ecija,Cabanatuan City,2023-05-03,22.7,32.9,68.2,11.9,21.4,226.3,Seedling,0,0.08,0.02
III,Nueva Ecija,Cabanatuan City,2023-05-04,23.6,33.0,69.8,0.0,22.3,236.2,Seedling,0,0.17,0.0
III,Nueva Ecija,Cabanatuan City,2023-05-05,23.3,34.4,72.6,0.0,23.4,220.4,Seedling,0,0.08,0.0
III,Nueva Ecija,Cabanatuan City,2023-05-06,24.1,34.2,69.5,0.0,23.1,237.4,Seedling,0,0.11,0.08
III,Nueva Ecija,Cabanatuan City,2023-05-07,24.1,33.8,65.5,0.0,22.0,238.4,Seedling,0,0.1,0.02
III,Nueva Ecija,Cabanatuan City,2023-05-08,24.1,33.4,64.2,0.0,21.6,242.6,Seedling,0,0.06,0.01
III,Nueva Ecija,Cabanatuan City,2023-05-09,23.2,31.1,68.6,6.9,20.9,225.8,Seedling,0,0.27,0.09
III,Nueva Ecija,Cabanatuan City,2023-05-10,23.6,31.0,64.6,0.0,20.2,247.5,Seedling,0,0.11,0.03
III,Nueva Ecija,Cabanatuan City,2023-05-11,22.6,31.8,67.0,0.0,20.6,233.1,Seedling,0,0.07,0.09
III,Nueva Ecija,Cabanatuan City,2023-05-12,22.6,33.3,73.7,4.3,22.7,219.3,Seedling,0,0.08,0.1
III,Nueva Ecija,Cabanatuan City,2023-05-13,23.3,32.5,73.6,2.4,22.6,229.8,Seedling,0,0.0,0.18
III,Nueva Ecija,Cabanatuan City,2023-05-14,23.4,33.1,69.5,0.0,22.2,229.0,Seedling,0,0.04,0.0
III,Nueva Ecija,Cabanatuan City,2023-05-15,23.2,32.3,67.5,0.0,21.2,220.2,Seedling,0,0.04,0.02
III,Nueva Ecija,Cabanatuan City,2023-05-16,22.3,33.8,68.8,0.0,21.8,230.9,Seedling,0,0.0,0.06
III,Nueva Ecija,Cabanatuan City,2023-05-17,22.6,33.1,72.1,6.7,22.3,243.3,Seedling,0,0.09,0.12
III,Nueva Ecija,Cabanatuan City,2023-05-18,22.4,33.2,70.4,0.0,22.533333333333335,245.6,Seedling,0,0.1,0.05
III,Nueva Ecija,Cabanatuan City,2023-05-19,23.0,34.4,74.3,0.0,22.766666666666666,242.8,Seedling,0,0.0,0.09
III,Nueva Ecija,Cabanatuan City,2023-05-20,22.7,33.4,72.6,0.0,23.0,216.6,Seedling,0,0.21,0.09
III,Nueva Ecija,Cabanatuan City,2023-05-21,23.6,33.2,72.9,0.0,23.233333333333334,239.2,Seedling,0,0.12,0.04
III,Nueva Ecija,Cabanatuan City,2023-05-22,22.4,34.5,74.3,0.0,23.466666666666665,214.8,Seedling,0,0.11,0.04
III,Nueva Ecija,Cabanatuan City,2023-05-23,23.0,33.1,78.3,5.8,23.7,215.0,Seedling,0,0.2,0.02
III,Nueva Ecija,Cabanatuan City,2023-05-24,22.9,35.0,74.9,0.0,23.9,240.7,Seedling,0,0.12,0.13
III,Nueva Ecija,Cabanatuan City,2023-05-25,22.9,35.2,77.2,2.0,24.5,226.5,Seedling,0,0.0,0.05
III,Nueva Ecija,Cabanatuan City,2023-05-26,22.9,34.0,72.7,0.0,23.0,232.4,Seedling,0,0.15,0.21
III,Nueva Ecija,Cabanatuan City,2023-05-27,23.0,34.4,71.6,0.0,23.0,229.3,Seedling,0,0.12,0.0
III,Nueva Ecija,Cabanatuan City,2023-05-28,23.3,36.0,73.4,0.0,24.3,236.1,Seedling,0,0.05,0.14
III,Nueva Ecija,Cabanatuan City,2023-05-29,23.4,34.0,70.6,0.0,22.8,228.8,Seedling,0,0.0,0.12
III,Nueva Ecija,Cabanatuan City,2023-05-30,23.6,34.2,67.8,0.0,22.5,231.4,Seedling,0,0.04,0.04
III,Nueva Ecija,Cabanatuan City,2023-05-31,23.5,33.4,67.7,1.0,22.0,230.0,Seedling,0,0.16,0.03
III,Nueva Ecija,Cabanatuan City,2023-06-01,23.6,33.5,67.9,1.2,22.1,224.0,Seedling,0,0.18,0.13
III,Nueva Ecija,Cabanatuan City,2023-06-02,23.7,35.2,63.8,0.0,22.2,228.2,Seedling,0,0.1,0.05
III,Nueva Ecija,Cabanatuan City,2023-06-03,22.7,34.3,64.7,0.0,21.4,237.7,Seedling,0,0.04,0.16
III,Nueva Ecija,Cabanatuan City,2023-06-04,22.7,33.9,69.7,3.2,22.2,220.6,Seedling,11,4.01,0.02
III,Nueva Ecija,Cabanatuan City,2023-06-05,22.8,34.1,72.5,15.5,23.0,207.4,Seedling,7,4.56,0.07
III,Nueva Ecija,Cabanatuan City,2023-06-06,22.7,34.5,70.4,0.0,22.7,231.5,Seedling,8,4.45,0.03
III,Nueva Ecija,Cabanatuan City,2023-06-07,22.7,33.6,71.6,0.0,22.5,231.6,Seedling,4,3.59,0.03
III,Nueva Ecija,Cabanatuan City,2023-06-08,23.4,33.0,71.3,8.3,22.5,218.4,Seedling,2,3.22,0.15
III,Nueva Ecija,Cabanatuan City,2023-06-09,23.7,32.9,72.2,4.7,22.7,210.3,Seedling,1,2.38,0.22
III,Nueva Ecija,Cabanatuan City,2023-06-10,24.3,34.4,73.4,3.0,24.0,225.9,Seedling,2,3.52,0.09
III,Nueva Ecija,Cabanatuan City,2023-06-11,23.5,32.5,80.1,21.2,24.0,219.0,Seedling,3,1.95,0.19
III,Nueva Ecija,Cabanatuan City,2023-06-12,23.2,34.2,77.5,4.6,24.2,231.5,Seedling,4,2.15,0.18
III,Nueva Ecija,Cabanatuan City,2023-06-13,24.1,33.9,78.3,8.7,24.7,223.0,Seedling,6,1.93,0.11
III,Nueva Ecija,Cabanatuan City,2023-06-14,24.1,35.0,72.7,0.0,24.1,228.6,Seedling,4,2.12,0.0
III,Nueva Ecija,Cabanatuan City,2023-06-15,24.0,35.8,72.8,0.0,24.5,230.6,Seedling,7,2.3,0.1
III,Nueva Ecija,Cabanatuan City,2023-06-16,24.5,35.3,74.2,7.1,24.7,221.0,Seedling,6,2.18,0.1
III,Nueva Ecija,Cabanatuan City,2023-06-17,24.4,34.8,73.3,11.9,24.3,219.1,Seedling,14,2.13,0.19
III,Nueva Ecija,Cabanatuan City,2023-06-18,24.8,32.3,76.8,23.9,23.9,197.4,Seedling,14,2.08,0.13
III,Nueva Ecija,Cabanatuan City,2023-06-19,22.9,33.5,73.4,0.0,22.9,223.6,Seedling,26,2.0300000000000002,0.06
III,Nueva Ecija,Cabanatuan City,2023-06-20,22.4,35.3,74.1,0.0,23.7,201.5,Tillering,32,1.98,0.14
III,Nueva Ecija,Cabanatuan City,2023-06-21,22.4,34.3,72.1,0.0,22.8,218.3,Tillering,28,1.54,0.21
III,Nueva Ecija,Cabanatuan City,2023-06-22,22.1,34.1,77.0,2.1,23.5,211.6,Tillering,28,2.42,0.03
III,Nueva Ecija,Cabanatuan City,2023-06-23,22.6,34.6,73.2,0.0,23.2,223.7,Tillering,37,2.48,0.25
III,Nueva Ecija,Cabanatuan City,2023-06-24,23.1,35.6,69.2,0.0,23.2,220.6,Tillering,34,2.88,0.12
III,Nueva Ecija,Cabanatuan City,2023-06-25,22.6,35.6,70.1,9.4,23.1,224.5,Tillering,37,2.93,0.19
III,Nueva Ecija,Cabanatuan City,2023-06-26,22.5,36.0,68.2,0.0,22.9,210.8,Tillering,20,2.57,0.0
III,Nueva Ecija,Cabanatuan City,2023-06-27,22.7,34.8,69.5,0.0,22.6,228.6,Tillering,15,3.59,0.17
III,Nueva Ecija,Cabanatuan City,2023-06-28,23.2,35.2,68.5,0.7,22.9,224.9,Tillering,6,3.35,0.18
III,Nueva Ecija,Cabanatuan City,2023-06-29,23.2,35.8,72.8,0.2,24.1,211.5,Tillering,4,2.96,0.18
III,Nueva Ecija,Cabanatuan City,2023-06-30,21.6,33.1,76.0,76.4,22.6,162.2,Tillering,8,2.3,0.08
III,Nueva Ecija,Cabanatuan City,2023-07-01,23.0,35.9,72.4,0.0,23.9,209.0,Tillering,12,2.99,0.14
III,Nueva Ecija,Cabanatuan City,2023-07-02,22.4,37.4,76.4,3.4,25.2,216.1,Tillering,9,3.17,0.18
III,Nueva Ecija,Cabanatuan City,2023-07-03,22.9,37.1,75.6,0.3,25.1,228.7,Tillering,5,3.78,0.18
III,Nueva Ecija,Cabanatuan City,2023-07-04,22.7,35.9,80.7,20.9,25.4,188.3,Tillering,11,3.49,0.25
III,Nueva Ecija,Cabanatuan City,2023-07-05,22.7,36.7,76.6,0.0,25.0,230.9,Tillering,14,3.93,0.19
III,Nueva Ecija,Cabanatuan City,2023-07-06,22.1,35.1,78.0,0.0,24.2,220.5,Tillering,11,4.79,0.12
III,Nueva Ecija,Cabanatuan City,2023-07-07,21.6,33.5,79.1,7.9,23.4,212.2,Tillering,16,3.5,0.0
III,Nueva Ecija,Cabanatuan City,2023-07-08,22.0,32.7,77.2,12.6,22.8,209.3,Tillering,15,4.12,0.11
III,Nueva Ecija,Cabanatuan City,2023-07-09,22.1,34.1,71.5,0.0,22.4,226.2,Tillering,21,2.9,0.1
III,Nueva Ecija,Cabanatuan City,2023-07-10,22.9,33.8,74.4,3.7,23.2,205.4,Tillering,21,2.78,0.1
III,Nueva Ecija,Cabanatuan City,2023-07-11,22.9,33.3,73.3,0.0,22.8,218.1,Tillering,16,2.33,0.1
III,Nueva Ecija,Cabanatuan City,2023-07-12,23.3,34.0,80.1,11.9,24.7,216.6,Tillering,35,1.68,0.1
III,Nueva Ecija,Cabanatuan City,2023-07-13,23.5,34.0,82.3,12.1,25.2,212.3,Tillering,29,1.24,0.1
III,Nueva Ecija,Cabanatuan City,2023-07-14,22.8,33.4,82.0,3.9,24.5,206.9,Tillering,28,2.03,0.1
III,Nueva Ecija,Cabanatuan City,2023-07-15,23.0,34.1,81.2,0.0,24.8,210.6,Elongation,50,1.58,0.22
III,Nueva Ecija,Cabanatuan City,2023-07-16,24.5,33.3,79.1,0.0,24.7,214.3,Elongation,41,0.62,0.03
III,Nueva Ecija,Cabanatuan City,2023-07-17,24.0,33.5,81.5,4.2,25.0,218.0,Elongation,41,0.81,0.2
III,Nueva Ecija,Cabanatuan City,2023-07-18,24.1,32.1,80.2,125.6,24.1,155.7,Elongation,48,1.08,0.1
III,Nueva Ecija,Cabanatuan City,2023-07-19,23.4,34.3,74.3,0.0,23.7,223.4,Elongation,24,0.87,0.0
III,Nueva Ecija,Cabanatuan City,2023-07-20,22.7,34.2,75.7,0.0,23.6,237.5,Elongation,21,0.1,0.06
III,Nueva Ecija,Cabanatuan City,2023-07-21,23.2,34.4,81.6,17.3,25.1,203.7,Elongation,28,0.9,0.0
III,Nueva Ecija,Cabanatuan City,2023-07-22,23.6,36.8,77.2,0.0,25.6,219.8,Elongation,31,0.24,0.08
III,Nueva Ecija,Cabanatuan City,2023-07-23,22.9,34.1,80.8,23.7,24.7,218.54000000000002,Elongation,32,0.98,0.05
III,Nueva Ecija,Cabanatuan City,2023-07-24,22.2,35.1,81.1,14.4,24.9,217.28,Elongation,56,0.46,0.08
III,Nueva Ecija,Cabanatuan City,2023-07-25,21.3,32.9,80.7,5.9,23.2,216.02,Elongation,42,1.05,0.11000000000000001
III,Nueva Ecija,Cabanatuan City,2023-07-26,20.0,33.333333333333336,75.2,27.5,21.5,214.76,Elongation,44,0.84,0.14
III,Nueva Ecija,Cabanatuan City,2023-07-27,21.4,33.766666666666666,73.6,2.7,22.3,213.5,Elongation,37,0.01,0.07
III,Nueva Ecija,Cabanatuan City,2023-07-28,22.1,34.2,70.4,0.0,22.2,231.1,Elongation,28,0.68,0.14
III,Nueva Ecija,Cabanatuan City,2023-07-29,22.0,35.1,73.1,1.7,23.2,209.5,Elongation,17,0.69,0.05
III,Nueva Ecija,Cabanatuan City,2023-07-30,21.4,33.2,74.6,24.4,22.2,185.3,Elongation,17,0.35,0.21
III,Nueva Ecija,Cabanatuan City,2023-07-31,22.1,35.0,76.3,8.9,23.8,208.4,Elongation,13,0.98,0.09
III,Nueva Ecija,Cabanatuan City,2023-08-01,23.1,34.2,79.0,5.7,24.14,220.6,Elongation,9,0.25,0.11
III,Nueva Ecija,Cabanatuan City,2023-08-02,22.8,35.2,72.4,0.0,24.48,210.0,Elongation,8,0.42,0.05
III,Nueva Ecija,Cabanatuan City,2023-08-03,23.3,33.8,78.1,9.5,24.82,218.6,Elongation,6,0.23,0.02
III,Nueva Ecija,Cabanatuan City,2023-08-04,23.9,36.1,78.7,0.0,25.16,211.3,Panicle,5,0.13,0.45
III,Nueva Ecija,Cabanatuan City,2023-08-05,23.6,35.1,80.7,3.7,25.5,201.5,Panicle,3,0.13,0.46
III,Nueva Ecija,Cabanatuan City,2023-08-06,21.5,33.2,78.4,0.0,23.0,220.5,Panicle,5,0.17,0.61
III,Nueva Ecija,Cabanatuan City,2023-08-07,22.2,32.6,77.5,0.0,22.9,222.8,Panicle,1,0.08,2.64
III,Nueva Ecija,Cabanatuan City,2023-08-08,23.2,32.7,77.7,0.0,23.5,215.6,Panicle,2,0.0,0.46
III,Nueva Ecija,Cabanatuan City,2023-08-09,22.8,32.5,83.6,7.1,24.4,212.1,Panicle,2,0.18,0.0
III,Nueva Ecija,Cabanatuan City,2023-08-10,23.1,32.6,78.3,0.0,23.5,210.0,Panicle,6,0.0,0.67
III,Nueva Ecija,Cabanatuan City,2023-08-11,23.2,34.0,77.9,0.0,24.2,221.4,Panicle,9,0.07,0.21
III,Nueva Ecija,Cabanatuan City,2023-08-12,23.8,35.6,80.0,4.2,25.7,186.8,Panicle,16,0.06,0.9
III,Nueva Ecija,Cabanatuan City,2023-08-13,24.5,35.8,74.7,0.0,25.1,210.2,Panicle,12,0.04,1.27
III,Nueva Ecija,Cabanatuan City,2023-08-14,24.7,35.4,76.8,6.3,25.4,217.5,Panicle,12,0.07,2.18
III,Nueva Ecija,Cabanatuan City,2023-08-15,24.4,35.8,77.3,12.0,25.6,207.7,Panicle,7,0.05,1.16
III,Nueva Ecija,Cabanatuan City,2023-08-16,24.9,37.4,71.2,0.0,25.4,228.4,Panicle,10,0.13,0.68
III,Nueva Ecija,Cabanatuan City,2023-08-17,23.5,38.0,72.5,0.0,25.2,207.2,Panicle,12,0.2,2.19
III,Nueva Ecija,Cabanatuan City,2023-08-18,23.7,37.46666666666667,77.4,10.5,26.2,204.6,Panicle,7,0.04,1.72
III,Nueva Ecija,Cabanatuan City,2023-08-19,22.6,36.93333333333333,79.4,11.4,25.6,215.0,Panicle,5,0.09,4.41
III,Nueva Ecija,Cabanatuan City,2023-08-20,23.0,36.4,77.1,9.48,25.6,217.9,Flowering,6,0.02,3.12
III,Nueva Ecija,Cabanatuan City,2023-08-21,23.7,35.86666666666667,72.4,7.5600000000000005,24.5,208.6,Flowering,1,0.14,4.52
III,Nueva Ecija,Cabanatuan City,2023-08-22,24.0,35.33333333333333,74.4,5.640000000000001,24.2,211.8,Flowering,0,0.04,6.1
III,Nueva Ecija,Cabanatuan City,2023-08-23,22.6,34.8,73.4,3.7200000000000006,23.4,202.9,Flowering,2,0.0,6.44
III,Nueva Ecija,Cabanatuan City,2023-08-24,23.2,34.5,77.0,1.8,24.2,224.5,Flowering,0,0.1,7.07
III,Nueva Ecija,Cabanatuan City,2023-08-25,23.3,34.6,78.1,1.2,24.6,203.1,Flowering,1,0.0,6.6
III,Nueva Ecija,Cabanatuan City,2023-08-26,23.7,33.0,81.6,24.4,24.7,189.6,Flowering,2,0.08,5.25
III,Nueva Ecija,Cabanatuan City,2023-08-27,23.4,34.9,79.4,3.8,25.0,207.2,Flowering,3,0.05,4.94
III,Nueva Ecija,Cabanatuan City,2023-08-28,23.4,33.9,78.3,16.0,24.3,203.8,Flowering,0,0.16,5.36
III,Nueva Ecija,Cabanatuan City,2023-08-29,23.7,33.5,79.5,3.1,24.5,211.7,Flowering,1,0.05,3.73
III,Nueva Ecija,Cabanatuan City,2023-08-30,23.9,34.2,76.2,1.6,24.3,225.1,Flowering,1,0.06,3.52
III,Nueva Ecija,Cabanatuan City,2023-08-31,23.5,35.6,75.6,0.8,24.7,207.2,Flowering,0,0.02,2.99
III,Nueva Ecija,Cabanatuan City,2023-09-01,24.3,34.7,74.3,0.0,24.4,207.7,Flowering,1,0.15,2.46
III,Nueva Ecija,Cabanatuan City,2023-09-02,24.2,36.0,76.4,0.0,25.4,208.7,Flowering,5,0.13,1.93
III,Nueva Ecija,Cabanatuan City,2023-09-03,22.6,34.7,77.2,20.2,24.1,202.1,Flowering,0,0.11,1.4
III,Nueva Ecija,Cabanatuan City,2023-09-04,24.0,35.0,74.4,0.0,24.4,216.4,Ripening,0,0.06,1.82
III,Nueva Ecija,Cabanatuan City,2023-09-05,23.7,34.0,78.5,6.7,24.6,210.9,Ripening,4,0.11,0.0
III,Nueva Ecija,Cabanatuan City,2023-09-06,23.1,34.1,78.6,4.6,24.3,213.3,Ripening,0,0.0,0.81
III,Nueva Ecija,Cabanatuan City,2023-09-07,22.7,36.0,79.2,0.0,25.2,205.2,Ripening,1,0.14,0.74
III,Nueva Ecija,Cabanatuan City,2023-09-08,21.8,35.9,75.5,0.5,24.0,213.2,Ripening,0,0.05,1.11
III,Nueva Ecija,Cabanatuan City,2023-09-09,21.4,36.3,80.3,3.7,24.9,221.8,Ripening,1,0.04,1.36
III,Nueva Ecija,Cabanatuan City,2023-09-10,22.5,37.1,75.7,0.0,24.9,215.2,Ripening,1,0.18,2.69
III,Nueva Ecija,Cabanatuan City,2023-09-11,22.2,35.4,78.8,0.0,24.6,208.6,Ripening,1,0.01,2.62
III,Nueva Ecija,Cabanatuan City,2023-09-12,22.2,32.3,83.0,50.7,23.8,153.8,Ripening,0,0.0,2.54
III,Nueva Ecija,Cabanatuan City,2023-09-13,24.5,34.3,79.2,4.2,25.2,225.0,Ripening,1,0.15,0.86
III,Nueva Ecija,Cabanatuan City,2023-09-14,24.2,33.8,76.1,0.0,24.2,216.8,Ripening,3,0.0,0.47
III,Nueva Ecija,Cabanatuan City,2023-09-15,24.0,34.1,73.8,0.0,23.8,217.4,Ripening,0,0.07,2.27
III,Nueva Ecija,Cabanatuan City,2023-09-16,23.5,34.3,73.0,0.0,23.5,221.4,Ripening,0,0.13,1.3
III,Nueva Ecija,Cabanatuan City,2023-09-17,23.6,33.5,72.5,0.0,23.0,215.3,Ripening,1,0.15,1.25
III,Nueva Ecija,Cabanatuan City,2023-09-18,23.9,33.5,76.8,19.2,24.1,202.9,Ripening,0,0.13,1.4
III,Nueva Ecija,Cabanatuan City,2023-09-19,24.9,34.7,80.3,8.6,25.9,212.7,Ripening,0,0.08,0.23
III,Nueva Ecija,Cabanatuan City,2023-09-20,24.1,34.4,79.9,1.2,25.2,217.1,Ripening,2,0.11,1.84
III,Nueva Ecija,Cabanatuan City,2023-09-21,24.2,34.5,74.0,0.0,24.2,206.3,Ripening,0,0.09,1.67
III,Nueva Ecija,Cabanatuan City,2023-09-22,23.1,34.0,74.5,1.6,23.5,229.4,Ripening,0,0.12,1.29
III,Nueva Ecija,Cabanatuan City,2023-09-23,22.5,33.3,76.7,0.0,23.2,210.7,Ripening,1,0.11,0.12
III,Nueva Ecija,Cabanatuan City,2023-09-24,22.3,32.6,77.1,0.0,22.9,229.4,Ripening,0,0.14,0.66
III,Nueva Ecija,Cabanatuan City,2023-09-25,21.9,31.8,76.6,6.0,22.2,211.9,Ripening,0,0.03,1.56
III,Nueva Ecija,Cabanatuan City,2023-09-26,22.8,32.1,77.4,2.0,22.9,222.8,Ripening,0,0.17,0.57
III,Nueva Ecija,Cabanatuan City,2023-09-27,21.5,32.2,75.4,15.1,21.9,199.1,Ripening,0,0.0,0.33
III,Nueva Ecija,Cabanatuan City,2023-09-28,22.8,32.4,72.7,21.3,22.1,188.0,Ripening,1,0.0,0.0
III,Nueva Ecija,Cabanatuan City,2023-09-29,23.3,34.3,73.3,3.3,23.5,198.1,Ripening,0,0.05,0.0
III,Nueva Ecija,Cabanatuan City,2023-09-30,23.7,33.4,71.4,9.0,22.8,219.5,Ripening,0,0.1,0.04
III,Nueva Ecija,Cabanatuan City,2023-10-01,24.1,33.2,67.6,0.0,22.2,212.1,Ripening,0,0.09,0.0
III,Nueva Ecija,Cabanatuan City,2023-10-02,25.7,31.2,73.3,20.7,23.1,198.9,Ripening,0,0.01,0.0
III,Nueva Ecija,Cabanatuan City,2023-10-03,26.5,31.48,70.3,0.7,23.7,206.0,Ripening,0,0.08,0.18
III,Nueva Ecija,Cabanatuan City,2023-10-04,26.0,31.76,71.4,9.2,23.2,197.2,Ripening,0,0.05,0.02
III,Nueva Ecija,Cabanatuan City,2023-10-05,25.0,32.04,66.5,0.0,21.9,208.5,Ripening,0,0.11,0.14
III,Nueva Ecija,Cabanatuan City,2023-10-06,24.6,32.32,67.2,0.0,22.2,218.9,Ripening,0,0.15,0.02
III,Nueva Ecija,Cabanatuan City,2023-10-07,24.0,32.6,74.1,7.4,23.1,214.1,Ripening,0,0.0,0.13
III,Nueva Ecija,Cabanatuan City,2023-10-08,23.2,35.8,70.5,0.0,23.6,207.6,Ripening,0,0.15,0.26
III,Nueva Ecija,Cabanatuan City,2023-10-09,22.3,36.1,70.6,0.0,23.3,208.8,Ripening,0,0.07,0.15
III,Nueva Ecija,Cabanatuan City,2023-10-10,22.3,32.9,73.2,3.9,22.2,210.1,Ripening,0,0.0,0.13
III,Nueva Ecija,Cabanatuan City,2023-10-11,22.9,32.2,71.2,0.0,21.8,220.5,Ripening,0,0.1,0.02
III,Nueva Ecija,Cabanatuan City,2023-10-12,22.3,31.2,72.0,0.0,21.2,220.7,Ripening,0,0.06,0.11
III,Nueva Ecija,Cabanatuan City,2023-10-13,22.6,30.5,70.5,0.0,20.6,208.6,Ripening,0,0.06,0.1
III,Nueva Ecija,Cabanatuan City,2023-10-14,21.9,30.6,75.0,14.0,21.2,202.2,Ripening,0,0.06,0.14
III,Nueva Ecija,Cabanatuan City,2023-10-15,21.9,29.9,78.7,39.3,21.6,170.1,Ripening,0,0.02,0.08
III,Nueva Ecija,Cabanatuan City,2023-10-16,23.9,34.1,73.6,0.0,23.7,214.3,Ripening,0,0.04,0.04
III,Nueva Ecija,Cabanatuan City,2023-10-17,23.3,35.0,77.6,0.0,24.7,216.2,Ripening,0,0.02,0.0
III,Nueva Ecija,Cabanatuan City,2023-10-18,23.0,33.8,79.5,1.2,24.3,205.3,Ripening,0,0.09,0.12
III,Nueva Ecija,Cabanatuan City,2023-10-19,23.6,34.5,78.7,3.0,24.8,221.3,Ripening,1,0.06,0.03
III,Nueva Ecija,Cabanatuan City,2023-10-20,24.3,34.3,75.0,0.0,24.3,206.0,Ripening,0,0.06,0.05
III,Nueva Ecija,Cabanatuan City,2023-10-21,24.1,33.3,73.6,0.0,23.4,210.7,Ripening,0,0.09,0.12
III,Nueva Ecija,Cabanatuan City,2023-10-22,22.6,31.9,79.6,16.3,23.2,205.8,Ripening,0,0.07,0.06
III,Nueva Ecija,Cabanatuan City,2023-10-23,24.1,32.5,80.8,7.5,24.5,219.7,Ripening,0,0.07,0.12
III,Nueva Ecija,Cabanatuan City,2023-10-24,25.1,33.8,77.3,6.5,24.9,230.8,Ripening,0,0.03,0.18
III,Nueva Ecija,Cabanatuan City,2023-10-25,24.7,33.8,75.1,0.0,24.3,226.5,Ripening,0,0.05,0.1
III,Nueva Ecija,Cabanatuan City,2023-10-26,24.3,34.4,76.1,0.0,24.6,220.1,Ripening,0,0.01,0.13
III,Nueva Ecija,Cabanatuan City,2023-10-27,23.8,33.8,75.8,0.0,24.0,216.9,Ripening,1,0.13,0.07
III,Nueva Ecija,Cabanatuan City,2023-10-28,23.0,34.3,74.3,0.0,23.5,219.3,Ripening,0,0.1,0.03
III,Nueva Ecija,Cabanatuan City,2023-10-29,23.1,34.15,79.3,6.4,24.4,221.2,Ripening,0,0.13,0.13
III,Nueva Ecija,Cabanatuan City,2023-10-30,21.9,34.0,75.6,0.0,23.1,234.3,Ripening,0,0.12,0.18
III,Nueva Ecija,Cabanatuan City,2023-10-31,21.9,33.849999999999994,79.0,8.1,23.4,212.9,Seedling,0,0.14,0.1
III,Nueva Ecija,Cabanatuan City,2023-11-01,21.9,33.699999999999996,70.8,0.0,21.9,227.5,Seedling,0,0.09,0.21
III,Nueva Ecija,Cabanatuan City,2023-11-02,21.3,33.55,78.7,11.0,22.2,204.6,Seedling,0,0.21,0.04
III,Nueva Ecija,Cabanatuan City,2023-11-03,22.5,33.4,71.5,0.0,22.5,218.3,Seedling,0,0.1,0.11
III,Nueva Ecija,Cabanatuan City,2023-11-04,22.3,31.2,76.0,14.1,22.8,228.3,Seedling,0,0.17,0.19
III,Nueva Ecija,Cabanatuan City,2023-11-05,23.3,33.3,74.1,0.4,23.1,214.8,Seedling,0,0.0,0.09
III,Nueva Ecija,Cabanatuan City,2023-11-06,24.4,33.5,74.4,0.0,23.8,227.5,Seedling,0,0.12,0.04
III,Nueva Ecija,Cabanatuan City,2023-11-07,22.9,33.2,77.2,0.0,23.5,215.9,Seedling,0,0.09,0.13
III,Nueva Ecija,Cabanatuan City,2023-11-08,22.9,32.8,76.6,0.0,23.2,230.4,Seedling,0,0.1,0.1
III,Nueva Ecija,Cabanatuan City,2023-11-09,23.1,35.6,79.9,2.3,25.3,212.0,Seedling,0,0.0,0.08
III,Nueva Ecija,Cabanatuan City,2023-11-10,22.4,35.3,75.1,0.0,23.9,213.9,Seedling,0,0.21,0.12
III,Nueva Ecija,Cabanatuan City,2023-11-11,22.8,34.2,78.3,14.9,24.2,205.0,Seedling,0,0.19,0.1
III,Nueva Ecija,Cabanatuan City,2023-11-12,24.1,34.2,70.3,0.0,23.2,238.5,Seedling,0,0.0,0.01
III,Nueva Ecija,Cabanatuan City,2023-11-13,22.2,34.1,70.3,0.0,22.2,224.3,Seedling,1,0.05,0.0
III,Nueva Ecija,Cabanatuan City,2023-11-14,22.6,33.5,78.5,1.9,23.8,214.3,Seedling,0,0.05,0.07
III,Nueva Ecija,Cabanatuan City,2023-11-15,22.0,34.1,73.8,0.0,22.8,230.8,Seedling,0,0.22,0.0
III,Nueva Ecija,Cabanatuan City,2023-11-16,23.2,34.16666666666667,74.1,0.0,23.5,221.8,Seedling,0,0.07,0.11
III,Nueva Ecija,Cabanatuan City,2023-11-17,22.3,34.233333333333334,72.6,21.3,23.0,196.3,Seedling,0,0.13,0.17
III,Nueva Ecija,Cabanatuan City,2023-11-18,22.8,34.3,67.6,0.0,22.4,222.8,Seedling,0,0.08,0.23
III,Nueva Ecija,Cabanatuan City,2023-11-19,22.3,34.36666666666667,75.6,12.2,23.5,203.8,Seedling,0,0.06,0.08
III,Nueva Ecija,Cabanatuan City,2023-11-20,21.2,34.43333333333334,75.0,1.9,22.6,226.2,Seedling,0,0.14,0.17
III,Nueva Ecija,Cabanatuan City,2023-11-21,23.3,34.5,67.6,0.0,22.4,217.9,Seedling,0,0.06,0.09
III,Nueva Ecija,Cabanatuan City,2023-11-22,24.0,32.2,73.2,18.9,22.7,203.3,Seedling,0,0.09,0.09
III,Nueva Ecija,Cabanatuan City,2023-11-23,23.6,32.8,68.9,0.0,22.0,215.9,Seedling,1,0.14,0.13
III,Nueva Ecija,Cabanatuan City,2023-11-24,23.4,33.0,70.3,0.0,22.3,222.9,Seedling,0,0.04,0.13
III,Nueva Ecija,Cabanatuan City,2023-11-25,22.8,33.9,71.6,0.0,22.7,218.0,Seedling,0,0.1,0.16
III,Nueva Ecija,Cabanatuan City,2023-11-26,22.8,34.8,72.2,0.0,23.2,232.5,Seedling,0,0.08,0.19
III,Nueva Ecija,Cabanatuan City,2023-11-27,22.2,35.7,69.3,0.0,22.8,221.2,Seedling,0,0.17,0.11
III,Nueva Ecija,Cabanatuan City,2023-11-28,22.2,34.3,68.5,0.0,22.0,227.6,Seedling,0,0.0,0.03
III,Nueva Ecija,Cabanatuan City,2023-11-29,22.5,35.2,68.5,0.0,22.6,211.6,Seedling,0,0.07,0.25
III,Nueva Ecija,Cabanatuan City,2023-11-30,22.0,33.9,75.1,11.4,23.0,220.0,Seedling,1,0.19,0.0
III,Nueva Ecija,Cabanatuan City,2023-12-01,22.9,34.2,74.69999999999999,3.2,24.1,218.7,Seedling,0,0.02,0.19
III,Nueva Ecija,Cabanatuan City,2023-12-02,22.7,34.5,74.3,0.0,23.5,240.2,Seedling,0,0.04,0.13
III,Nueva Ecija,Cabanatuan City,2023-12-03,23.8,34.2,73.0,0.0,23.6,230.1,Seedling,1,1.37,0.19
III,Nueva Ecija,Cabanatuan City,2023-12-04,23.9,34.9,77.1,2.2,24.8,225.2,Seedling,1,1.45,0.0
III,Nueva Ecija,Cabanatuan City,2023-12-05,23.7,35.7,76.7,0.0,25.0,221.8,Seedling,0,2.41,0.13
III,Nueva Ecija,Cabanatuan City,2023-12-06,23.7,34.8,77.3,0.0,24.7,227.0,Seedling,0,2.16,0.0
III,Nueva Ecija,Cabanatuan City,2023-12-07,23.2,35.5,78.4,0.0,25.0,218.6,Seedling,2,2.56,0.04
III,Nueva Ecija,Cabanatuan City,2023-12-08,23.1,34.6,80.3,11.6,24.9,217.9,Seedling,0,2.93,0.1
III,Nueva Ecija,Cabanatuan City,2023-12-09,22.6,34.6,74.5,0.0,23.5,225.3,Seedling,1,3.39,0.19
III,Nueva Ecija,Cabanatuan City,2023-12-10,23.2,32.9,74.9,8.8,23.0,222.9,Seedling,0,2.95,0.05
III,Nueva Ecija,Cabanatuan City,2023-12-11,23.3,32.3,73.8,24.6,22.6,212.2,Seedling,1,1.72,0.0475
III,Nueva Ecija,Cabanatuan City,2023-12-12,23.7,31.8,75.7,16.2,22.9,208.3,Seedling,1,1.3,0.045
III,Nueva Ecija,Cabanatuan City,2023-12-13,24.1,32.1,72.9,11.8,22.7,223.6,Seedling,2,0.16,0.0425
III,Nueva Ecija,Cabanatuan City,2023-12-14,23.0,32.8,64.0,0.0,20.7,228.7,Seedling,1,0.04,0.04
III,Nueva Ecija,Cabanatuan City,2023-12-15,22.2,33.0,64.8,0.0,20.6,228.6,Seedling,1,0.0,0.08
III,Nueva Ecija,Cabanatuan City,2023-12-16,22.7,31.3,62.8,0.0,19.6,229.6,Seedling,0,0.28,0.04
III,Nueva Ecija,Cabanatuan City,2023-12-17,22.2,31.6,63.9,0.0,19.7,221.3,Seedling,1,0.47,0.1
III,Nueva Ecija,Cabanatuan City,2023-12-18,22.6,31.7,65.3,0.0,20.2,229.0,Tillering,3,0.66,0.2
III,Nueva Ecija,Cabanatuan City,2023-12-19,22.0,32.3,64.4,0.0,20.0,235.5,Tillering,4,0.8,0.0
III,Nueva Ecija,Cabanatuan City,2023-12-20,21.8,31.966666666666665,61.9,0.0,19.9,237.1,Tillering,3,1.34,0.0
III,Nueva Ecija,Cabanatuan City,2023-12-21,21.6,31.633333333333333,68.9,20.6,20.3,213.3,Tillering,1,0.0,0.0
III,Nueva Ecija,Cabanatuan City,2023-12-22,22.9,31.3,63.2,0.0,19.7,217.4,Tillering,1,0.73,0.02
III,Nueva Ecija,Cabanatuan City,2023-12-23,23.4,31.3,65.2,0.0,20.4,225.3,Tillering,2,1.41,0.07
III,Nueva Ecija,Cabanatuan City,2023-12-24,23.4,31.8,70.1,0.9,21.6,221.6,Tillering,1,0.21,0.0
III,Nueva Ecija,Cabanatuan City,2023-12-25,23.0,32.9,70.8,0.0,22.1,237.2,Tillering,2,0.68,0.1
III,Nueva Ecija,Cabanatuan City,2023-12-26,22.4,34.1,68.2,0.0,21.9,226.2,Tillering,1,0.0,0.11
III,Nueva Ecija,Cabanatuan City,2023-12-27,22.1,35.1,68.7,0.0,22.3,228.7,Tillering,3,0.0,0.06
III,Nueva Ecija,Cabanatuan City,2023-12-28,21.3,33.3,73.6,25.0,22.0,211.4,Tillering,2,0.0,0.05
III,Nueva Ecija,Cabanatuan City,2023-12-29,21.3,35.1,72.1,0.0,22.6,238.7,Tillering,5,0.26,0.19
III,Nueva Ecija,Cabanatuan City,2023-12-30,21.1,34.3,76.1,1.1,22.9,229.4,Tillering,4,0.0,0.1
III,Nueva Ecija,Cabanatuan City,2023-12-31,21.8,34.8,72.6,0.0,22.8,235.7,Tillering,3,0.02,0.16
III,Nueva Ecija,Cabanatuan City,2024-01-01,21.2,33.7,73.1,10.8,22.1,229.7,Tillering,3,0.0,0.19
III,Nueva Ecija,Cabanatuan City,2024-01-02,22.1,34.1,65.9,0.0,21.3,236.2,Tillering,2,0.0,0.04
III,Nueva Ecija,Cabanatuan City,2024-01-03,21.5,33.8,68.1,0.0,21.3,233.4,Tillering,2,0.89,0.16
III,Nueva Ecija,Cabanatuan City,2024-01-04,21.7,33.3,68.4,0.0,21.2,227.4,Tillering,1,0.9,0.05
III,Nueva Ecija,Cabanatuan City,2024-01-05,20.9,33.9,63.8,0.0,20.2,228.8,Tillering,0,0.2,0.08
III,Nueva Ecija,Cabanatuan City,2024-01-06,21.2,35.7,66.1,0.0,21.7,229.5,Tillering,1,0.67,0.06
III,Nueva Ecija,Cabanatuan City,2024-01-07,23.3,34.0,66.9,0.0,22.0,253.4,Tillering,3,1.51,0.22
III,Nueva Ecija,Cabanatuan City,2024-01-08,22.8,31.8,63.8,0.0,20.1,236.9,Tillering,1,0.53,0.0
III,Nueva Ecija,Cabanatuan City,2024-01-09,23.2,32.1,63.9,0.0,20.4,217.9,Tillering,4,0.9,0.06
III,Nueva Ecija,Cabanatuan City,2024-01-10,22.8,32.3,66.5,0.0,20.8,237.4,Tillering,5,0.7,0.08
III,Nueva Ecija,Cabanatuan City,2024-01-11,22.6,33.4,63.8,0.0,20.8,233.7,Tillering,3,0.99,0.23
III,Nueva Ecija,Cabanatuan City,2024-01-12,22.4,33.7,64.1,0.0,20.9,256.1,Elongation,1,0.27,0.16
III,Nueva Ecija,Cabanatuan City,2024-01-13,21.6,33.7,69.7,0.0,21.6,239.4,Elongation,2,1.18,0.15
III,Nueva Ecija,Cabanatuan City,2024-01-14,22.4,31.8,69.7,0.0,21.0,244.6,Elongation,4,0.69,0.02
III,Nueva Ecija,Cabanatuan City,2024-01-15,22.5,32.3,73.7,2.1,22.1,233.8,Elongation,2,0.0,0.08
III,Nueva Ecija,Cabanatuan City,2024-01-16,21.7,31.1,67.7,0.0,19.9,224.1,Elongation,1,1.04,0.0
III,Nueva Ecija,Cabanatuan City,2024-01-17,22.1,30.8,66.1,0.0,19.7,239.8,Elongation,3,0.91,0.11
III,Nueva Ecija,Cabanatuan City,2024-01-18,22.4,31.4,65.8,0.0,20.1,243.8,Elongation,1,0.07,0.08
III,Nueva Ecija,Cabanatuan City,2024-01-19,22.3,31.8,67.1,0.0,20.5,234.7,Elongation,1,0.33,0.0
III,Nueva Ecija,Cabanatuan City,2024-01-20,21.6,31.9,70.7,12.1,20.9,230.8,Elongation,1,0.25,0.02
III,Nueva Ecija,Cabanatuan City,2024-01-21,20.8,32.0,66.5,0.0,19.7,244.4,Elongation,1,0.43,0.09
III,Nueva Ecija,Cabanatuan City,2024-01-22,21.3,32.7,66.2,0.0,20.2,249.5,Elongation,3,0.12,0.07
III,Nueva Ecija,Cabanatuan City,2024-01-23,21.6,31.5,66.5,0.0,19.8,229.2,Elongation,1,0.48,0.1
III,Nueva Ecija,Cabanatuan City,2024-01-24,21.0,31.0,65.8,0.0,19.2,245.6,Elongation,4,0.28,0.06
III,Nueva Ecija,Cabanatuan City,2024-01-25,20.9,30.9,68.0,0.0,19.5,225.9,Elongation,1,0.37,0.0
III,Nueva Ecija,Cabanatuan City,2024-01-26,21.2,30.3,74.0,5.2,20.6,230.8,Elongation,3,0.49,0.06
III,Nueva Ecija,Cabanatuan City,2024-01-27,22.1,30.1,69.6,0.0,20.0,241.9,Elongation,0,0.35,0.0
III,Nueva Ecija,Cabanatuan City,2024-01-28,22.2,30.9,70.8,0.0,20.7,226.3,Elongation,1,0.14,0.22
III,Nueva Ecija,Cabanatuan City,2024-01-29,20.8,29.5,74.7,9.5,20.1,229.4,Elongation,1,1.46,0.12
III,Nueva Ecija,Cabanatuan City,2024-01-30,21.1,30.4,67.5,0.0,19.2,227.4,Elongation,1,0.55,0.07
III,Nueva Ecija,Cabanatuan City,2024-01-31,21.8,32.0,74.4,2.8,21.8,235.4,Panicle,0,0.18,0.28
III,Nueva Ecija,Cabanatuan City,2024-02-01,21.7,33.5,66.7,0.0,20.9,237.2,Panicle,1,0.12,0.0
III,Nueva Ecija,Cabanatuan City,2024-02-02,21.6,32.8,67.2,0.0,20.6,238.7,Panicle,1,0.05,1.48
III,Nueva Ecija,Cabanatuan City,2024-02-03,21.8,31.3,67.4,0.0,20.0,239.8,Panicle,2,0.06,0.0
III,Nueva Ecija,Cabanatuan City,2024-02-04,22.4,31.2,67.2,0.0,20.2,234.7,Panicle,3,0.05,1.92
III,Nueva Ecija,Cabanatuan City,2024-02-05,22.4,32.4,68.5,0.0,21.1,240.9,Panicle,2,0.01,1.04
III,Nueva Ecija,Cabanatuan City,2024-02-06,22.6,34.5,65.8,0.0,21.7,238.8,Panicle,5,0.01,0.93
III,Nueva Ecija,Cabanatuan City,2024-02-07,22.6,35.5,67.4,0.0,22.5,240.3,Panicle,6,0.09,1.51
III,Nueva Ecija,Cabanatuan City,2024-02-08,22.0,35.4,67.6,0.0,22.2,247.5,Panicle,7,0.13,2.23
III,Nueva Ecija,Cabanatuan City,2024-02-09,22.8,34.6,68.2,0.0,22.3,246.0,Panicle,3,0.05,1.69
III,Nueva Ecija,Cabanatuan City,2024-02-10,22.6,33.2,66.7,0.0,21.2,245.0,Panicle,4,0.19,1.8
III,Nueva Ecija,Cabanatuan City,2024-02-11,21.6,31.9,71.8,4.4,21.1,235.0,Panicle,4,0.2,2.66
III,Nueva Ecija,Cabanatuan City,2024-02-12,23.0,32.025,67.2,0.0,21.1,241.7,Panicle,5,0.06,4.42
III,Nueva Ecija,Cabanatuan City,2024-02-13,23.1,32.15,65.8,0.0,20.7,246.1,Panicle,2,0.0,5.09
III,Nueva Ecija,Cabanatuan City,2024-02-14,22.2,32.275,62.6,0.0,19.8,231.8,Flowering,2,0.02,2.71
III,Nueva Ecija,Cabanatuan City,2024-02-15,21.1,32.4,61.9,0.0,19.1,224.3,Flowering,2,0.09,2.07
III,Nueva Ecija,Cabanatuan City,2024-02-16,21.9,31.9,66.0,0.0,20.1,225.4,Flowering,1,0.04,1.88
III,Nueva Ecija,Cabanatuan City,2024-02-17,22.1,32.5,68.9,0.0,21.1,251.1,Flowering,0,0.07,3.52
III,Nueva Ecija,Cabanatuan City,2024-02-18,21.8,33.1,68.7,0.0,21.2,234.2,Flowering,2,0.0,2.79
III,Nueva Ecija,Cabanatuan City,2024-02-19,22.2,31.9,73.8,5.9,21.8,239.5,Flowering,0,0.0,3.96
III,Nueva Ecija,Cabanatuan City,2024-02-20,22.5,31.3,70.5,0.0,21.0,246.9,Flowering,0,0.0,2.46
III,Nueva Ecija,Cabanatuan City,2024-02-21,23.5,32.1,65.6,0.0,20.9,244.3,Flowering,0,0.14,0.0
III,Nueva Ecija,Cabanatuan City,2024-02-22,24.0,30.7,63.7,0.0,20.1,241.4,Flowering,0,0.14,1.66
III,Nueva Ecija,Cabanatuan City,2024-02-23,23.5,31.6,63.6,0.0,20.3,242.2,Flowering,3,0.0,0.0
III,Nueva Ecija,Cabanatuan City,2024-02-24,23.1,32.4,63.9,0.0,20.5,237.0,Flowering,2,0.0,2.05
III,Nueva Ecija,Cabanatuan City,2024-02-25,22.8,33.3,65.1,0.0,21.1,248.5,Flowering,0,0.1,0.83
III,Nueva Ecija,Cabanatuan City,2024-02-26,22.5,35.0,70.3,1.8,22.8,242.6,Flowering,0,0.06,0.0
III,Nueva Ecija,Cabanatuan City,2024-02-27,22.9,33.4,67.6,0.0,21.7,239.2,Flowering,1,0.18,0.0
III,Nueva Ecija,Cabanatuan City,2024-02-28,23.0,32.5,63.7,0.0,20.5,243.0,Flowering,2,0.2,1.25
III,Nueva Ecija,Cabanatuan City,2024-02-29,23.4,33.1,64.2,0.0,21.1,236.8,Ripening,0,0.16,0.38
III,Nueva Ecija,Cabanatuan City,2024-03-01,23.2,33.9,66.2,0.0,21.8,239.3,Ripening,1,0.01,2.61
III,Nueva Ecija,Cabanatuan City,2024-03-02,22.0,33.7,66.9,0.0,21.2,231.5,Ripening,1,0.02,1.3
III,Nueva Ecija,Cabanatuan City,2024-03-03,23.3,35.1,68.7,0.0,22.9,239.8,Ripening,0,0.24,1.38
III,Nueva Ecija,Cabanatuan City,2024-03-04,23.2,33.9,68.1,0.0,22.2,243.2,Ripening,2,0.13,1.74
III,Nueva Ecija,Cabanatuan City,2024-03-05,23.0,33.2,67.2,0.0,21.5,234.9,Ripening,0,0.0,3.77
III,Nueva Ecija,Cabanatuan City,2024-03-06,22.5,34.1,69.0,0.0,22.1,248.3,Ripening,0,0.12,3.78
III,Nueva Ecija,Cabanatuan City,2024-03-07,21.9,33.7,68.2,0.0,21.4,230.3,Ripening,1,0.02,4.44
III,Nueva Ecija,Cabanatuan City,2024-03-08,22.1,33.0,66.2,0.0,20.8,242.3,Ripening,1,0.07,6.18
III,Nueva Ecija,Cabanatuan City,2024-03-09,21.7,33.7,67.5,0.0,21.2,238.6,Ripening,0,0.06,6.69
III,Nueva Ecija,Cabanatuan City,2024-03-10,21.85,34.4,66.6,0.0,21.6,238.2,Ripening,0,0.06,6.83
III,Nueva Ecija,Cabanatuan City,2024-03-11,22.0,34.4,71.9,2.0,22.2,238.3,Ripening,1,0.04,5.09
III,Nueva Ecija,Cabanatuan City,2024-03-12,22.15,34.5,70.0,0.0,21.8,242.1,Ripening,1,0.07,5.52
III,Nueva Ecija,Cabanatuan City,2024-03-13,22.3,32.5,66.5,0.0,20.4,245.0,Ripening,0,0.18,6.34
III,Nueva Ecija,Cabanatuan City,2024-03-14,22.450000000000003,32.6,66.8,0.0,20.6,237.1,Ripening,2,0.09,5.96
III,Nueva Ecija,Cabanatuan City,2024-03-15,22.6,32.7,66.8,0.0,21.0,239.5,Ripening,0,0.1,4.73
III,Nueva Ecija,Cabanatuan City,2024-03-16,22.9,32.3,64.2,0.0,20.4,238.7,Ripening,1,0.09000000000000001,3.81
III,Nueva Ecija,Cabanatuan City,2024-03-17,22.2,32.4,66.6,0.0,20.6,228.1,Ripening,0,0.08,4.8
III,Nueva Ecija,Cabanatuan City,2024-03-18,22.2,32.4,66.8,0.0,20.7,225.7,Ripening,2,0.07,2.86
III,Nueva Ecija,Cabanatuan City,2024-03-19,21.4,32.1,65.9,0.0,19.9,238.5,Ripening,1,0.060000000000000005,3.37
III,Nueva Ecija,Cabanatuan City,2024-03-20,21.4,31.3,61.8,0.0,18.7,235.5,Ripening,0,0.05,1.04
III,Nueva Ecija,Cabanatuan City,2024-03-21,22.4,31.2,61.0,0.0,19.0,231.9,Ripening,0,0.09,1.97
III,Nueva Ecija,Cabanatuan City,2024-03-22,22.8,32.1,65.4,0.0,20.5,250.8,Ripening,1,0.05,1.17
III,Nueva Ecija,Cabanatuan City,2024-03-23,22.6,32.5,65.5,0.0,20.6,227.4,Ripening,0,0.13,0.65
III,Nueva Ecija,Cabanatuan City,2024-03-24,22.9,33.9,64.7,0.0,21.3,236.3,Ripening,0,0.09,0.11
III,Nueva Ecija,Cabanatuan City,2024-03-25,21.6,33.8,66.6,0.0,21.0,243.1,Ripening,0,0.1,0.13
III,Nueva Ecija,Cabanatuan City,2024-03-26,22.6,33.9,69.4,0.0,22.1,236.2,Ripening,0,0.21,0.06
III,Nueva Ecija,Cabanatuan City,2024-03-27,21.5,33.2,72.7,0.0,21.9,240.5,Ripening,0,0.17,0.0
III,Nueva Ecija,Cabanatuan City,2024-03-28,21.55,34.7,71.6,0.0,22.5,240.1,Ripening,0,0.17,0.07
III,Nueva Ecija,Cabanatuan City,2024-03-29,21.6,33.8,72.2,0.0,22.4,241.1,Ripening,0,0.13,0.07
III,Nueva Ecija,Cabanatuan City,2024-03-30,21.65,33.1,76.6,8.6,22.9,225.5,Ripening,1,0.04,0.1
III,Nueva Ecija,Cabanatuan City,2024-03-31,21.7,34.8,71.2,0.0,22.5,232.5,Ripening,0,0.14,0.09
III,Nueva Ecija,Cabanatuan City,2024-04-01,21.5,33.4,72.2,11.1,21.9,237.0,Ripening,1,0.08,0.0
III,Nueva Ecija,Cabanatuan City,2024-04-02,21.4,33.1,68.3,0.0,20.9,236.4,Ripening,0,0.09,0.14
III,Nueva Ecija,Cabanatuan City,2024-04-03,21.6,33.5,69.5,0.0,21.5,250.2,Ripening,1,0.18,0.0
III,Nueva Ecija,Cabanatuan City,2024-04-04,21.3,34.1,68.1,0.0,21.3,252.6,Ripening,0,0.16,0.11
III,Nueva Ecija,Cabanatuan City,2024-04-05,22.7,31.6,65.4,0.0,20.2,221.7,Ripening,0,0.06,0.0
III,Nueva Ecija,Cabanatuan City,2024-04-06,22.2,32.5,65.6,0.0,20.5,263.1,Ripening,0,0.08,0.21
III,Nueva Ecija,Cabanatuan City,2024-04-07,22.8,33.0,66.1,0.0,21.1,232.3,Ripening,0,0.04,0.06
III,Nueva Ecija,Cabanatuan City,2024-04-08,22.7,33.3,66.6,0.0,21.3,247.7,Ripening,0,0.06,0.1
III,Nueva Ecija,Cabanatuan City,2024-04-09,21.9,32.7,71.4,13.2,21.6,230.7,Ripening,0,0.09,0.23
III,Nueva Ecija,Cabanatuan City,2024-04-10,22.4,34.3,68.9,0.0,22.1,247.5,Ripening,0,0.12,0.02
III,Nueva Ecija,Cabanatuan City,2024-04-11,22.5,33.6,70.6,8.5,22.2,230.6,Ripening,0,0.11,0.2
III,Nueva Ecija,Cabanatuan City,2024-04-12,22.1,33.2,67.2,0.0,21.1,244.5,Ripening,0,0.17,0.21
III,Nueva Ecija,Cabanatuan City,2024-04-13,21.5,32.5,70.5,1.6,21.1,237.6,Ripening,0,0.09,0.05
III,Nueva Ecija,Cabanatuan City,2024-04-14,21.9,32.2,66.6,0.0,20.4,242.3,Ripening,0,0.1,0.01
III,Nueva Ecija,Cabanatuan City,2024-04-15,21.9,33.8,65.9,0.6,21.0,240.3,Ripening,0,0.07,0.15
III,Nueva Ecija,Cabanatuan City,2024-04-16,21.7,32.8,67.7,0.0,20.8,232.5,Ripening,0,0.1,0.08
III,Nueva Ecija,Cabanatuan City,2024-04-17,20.5,32.1,63.3,0.0,19.0,231.7,Ripening,0,0.07,0.14
III,Nueva Ecija,Cabanatuan City,2024-04-18,20.8,32.5,67.0,2.4,20.0,242.1,Ripening,0,0.1,0.01
III,Nueva Ecija,Cabanatuan City,2024-04-19,20.6,31.5,69.8,6.05,20.0,221.8,Ripening,0,0.08,0.02
III,Nueva Ecija,Cabanatuan City,2024-04-20,21.9,32.5,65.7,9.7,20.3,235.6,Ripening,0,0.07,0.0
III,Nueva Ecija,Cabanatuan City,2024-04-21,22.6,31.8,68.2,13.35,20.8,233.3,Ripening,0,0.08,0.12
III,Nueva Ecija,Cabanatuan City,2024-04-22,22.1,33.5,70.4,17.0,21.9,207.8,Ripening,1,0.03,0.21
III,Nueva Ecija,Cabanatuan City,2024-04-23,22.3,35.3,66.4,0.0,22.1,233.9,Ripening,0,0.03,0.11
III,Nueva Ecija,Cabanatuan City,2024-04-24,21.2,34.4,72.1,0.0,22.2,234.7,Ripening,0,0.06,0.0
III,Nueva Ecija,Cabanatuan City,2024-04-25,20.5,32.5,72.2,0.0,20.9,231.9,Ripening,0,0.12,0.09
III,Nueva Ecija,Cabanatuan City,2024-04-26,20.6,33.9,73.6,0.0,22.0,246.5,Ripening,0,0.04,0.13
III,Nueva Ecija,Cabanatuan City,2024-04-27,20.950000000000003,33.2,74.0,0.0,22.3,232.0,Ripening,0,0.09,0.19
III,Nueva Ecija,Cabanatuan City,2024-04-28,21.3,32.5,74.6,0.0,21.8,215.0,Ripening,0,0.17,0.0
III,Nueva Ecija,Cabanatuan City,2024-04-29,22.3,31.7,72.1,0.0,21.4,241.4,Ripening,0,0.0,0.1
III,Nueva Ecija,Cabanatuan City,2024-04-30,22.2,30.7,69.0,0.0,20.2,237.7,Seedling,0,0.18,0.04
III,Nueva Ecija,Cabanatuan City,2024-05-01,22.9,32.3,69.0,0.0,21.4,229.1,Seedling,0,0.03,0.0
III,Nueva Ecija,Cabanatuan City,2024-05-02,21.1,32.5,66.9,0.0,20.2,236.2,Seedling,0,0.15,0.05
III,Nueva Ecija,Cabanatuan City,2024-05-03,21.1,33.4,65.3,0.0,20.3,220.4,Seedling,0,0.0,0.09
III,Nueva Ecija,Cabanatuan City,2024-05-04,20.9,32.3,63.2,0.0,19.2,245.5,Seedling,0,0.03,0.07
III,Nueva Ecija,Cabanatuan City,2024-05-05,20.8,33.2,69.5,7.8,20.9,204.9,Seedling,0,0.11,0.23
III,Nueva Ecija,Cabanatuan City,2024-05-06,21.7,31.5,65.9,0.0,19.8,233.6,Seedling,0,0.17,0.12
III,Nueva Ecija,Cabanatuan City,2024-05-07,22.5,31.5,67.0,0.0,20.4,224.7,Seedling,0,0.09,0.16
III,Nueva Ecija,Cabanatuan City,2024-05-08,22.4,32.1,70.1,9.8,21.3,218.5,Seedling,0,0.0,0.23
III,Nueva Ecija,Cabanatuan City,2024-05-09,22.2,31.9,69.1,0.0,20.9,234.0,Seedling,0,0.02,0.23
III,Nueva Ecija,Cabanatuan City,2024-05-10,22.2,31.7,79.1,5.2,22.8,222.7,Seedling,0,0.07,0.16
III,Nueva Ecija,Cabanatuan City,2024-05-11,22.7,32.3,77.9,6.8,23.1,222.5,Seedling,0,0.13,0.0
III,Nueva Ecija,Cabanatuan City,2024-05-12,24.3,31.2,74.4,0.0,22.6,234.5,Seedling,0,0.2,0.14
III,Nueva Ecija,Cabanatuan City,2024-05-13,23.0,32.7,72.3,0.0,22.3,225.4,Seedling,0,0.11,0.1
III,Nueva Ecija,Cabanatuan City,2024-05-14,23.7,32.6,69.4,0.0,22.0,219.3,Seedling,0,0.04,0.18
III,Nueva Ecija,Cabanatuan City,2024-05-15,23.8,33.6,70.2,0.0,22.7,219.4,Seedling,0,0.03,0.15
III,Nueva Ecija,Cabanatuan City,2024-05-16,23.3,34.4,73.4,6.0,23.5,209.5,Seedling,0,0.05,0.02
III,Nueva Ecija,Cabanatuan City,2024-05-17,23.1,35.7,73.2,0.0,24.0,237.5,Seedling,0,0.0,0.1
III,Nueva Ecija,Cabanatuan City,2024-05-18,22.7,35.4,71.7,0.0,23.4,238.9,Seedling,0,0.08,0.0
III,Nueva Ecija,Cabanatuan City,2024-05-19,22.9,33.1,71.6,0.0,22.3,221.1,Seedling,0,0.0,0.043333333333333335
III,Nueva Ecija,Cabanatuan City,2024-05-20,24.2,33.9,75.2,0.0,24.1,229.4,Seedling,0,0.0,0.08666666666666667
III,Nueva Ecija,Cabanatuan City,2024-05-21,23.4,33.0,72.9,0.0,23.375,237.0,Seedling,1,0.04,0.13
III,Nueva Ecija,Cabanatuan City,2024-05-22,21.9,32.9,75.9,16.1,22.65,230.4,Seedling,1,0.08,0.0
III,Nueva Ecija,Cabanatuan City,2024-05-23,21.1,33.3,73.6,0.0,21.925,215.4,Seedling,0,0.24,0.12
III,Nueva Ecija,Cabanatuan City,2024-05-24,21.0,32.5,72.0,0.0,21.2,229.7,Seedling,0,0.11,0.04
III,Nueva Ecija,Cabanatuan City,2024-05-25,21.8,33.6,74.2,5.8,22.5,233.9,Seedling,0,0.15,0.05
III,Nueva Ecija,Cabanatuan City,2024-05-26,20.9,34.2,72.8,22.8,22.1,210.6,Seedling,0,0.0,0.04
III,Nueva Ecija,Cabanatuan City,2024-05-27,21.2,35.4,68.0,0.0,21.9,223.2,Seedling,0,0.19,0.07
III,Nueva Ecija,Cabanatuan City,2024-05-28,20.7,36.4,68.4,0.0,22.2,224.2,Seedling,0,0.15,0.19
III,Nueva Ecija,Cabanatuan City,2024-05-29,20.7,35.2,69.0,6.0,21.8,223.9,Seedling,0,0.02,0.24
III,Nueva Ecija,Cabanatuan City,2024-05-30,20.9,35.3,70.5,9.1,22.2,232.7,Seedling,0,0.09,0.06
III,Nueva Ecija,Cabanatuan City,2024-05-31,22.1,36.3,76.9,2.1,24.6,217.9,Seedling,0,0.0,0.0
III,Nueva Ecija,Cabanatuan City,2024-06-01,22.6,36.5,74.5,0.0,24.5,245.8,Seedling,0,0.09,0.006
III,Nueva Ecija,Cabanatuan City,2024-06-02,22.5,35.4,78.9,3.7,24.7,229.2,Seedling,0,0.14,0.012
III,Nueva Ecija,Cabanatuan City,2024-06-03,22.9,33.9,73.2,0.0,23.0,225.5,Seedling,0,0.1,0.018000000000000002
III,Nueva Ecija,Cabanatuan City,2024-06-04,23.2,33.5,73.8,0.5,23.1,229.0,Seedling,1,0.22,0.024
III,Nueva Ecija,Cabanatuan City,2024-06-05,24.4,35.4,73.3,0.0,24.6,228.1,Seedling,0,0.17,0.03
III,Nueva Ecija,Cabanatuan City,2024-06-06,22.4,33.5,79.3,86.6,23.8,188.4,Seedling,0,0.1,0.17
III,Nueva Ecija,Cabanatuan City,2024-06-07,23.5,34.7,82.3,6.5,25.6,221.1,Seedling,12,4.5,0.07
III,Nueva Ecija,Cabanatuan City,2024-06-08,24.2,32.6,78.3,11.7,24.1,205.8,Seedling,14,5.01,0.03
III,Nueva Ecija,Cabanatuan City,2024-06-09,23.6,34.4,74.7,0.0,23.9,239.9,Seedling,12,4.74,0.03
III,Nueva Ecija,Cabanatuan City,2024-06-10,22.5,34.2,74.9,0.0,23.3,224.5,Seedling,15,4.72,0.01
III,Nueva Ecija,Cabanatuan City,2024-06-11,22.4,34.2,70.9,0.0,22.5,223.1,Seedling,12,4.28,0.17
III,Nueva Ecija,Cabanatuan City,2024-06-12,22.1,34.0,76.4,2.3,23.3,228.6,Seedling,19,3.92,0.03
III,Nueva Ecija,Cabanatuan City,2024-06-13,22.4,34.9,72.4,0.0,23.1,218.3,Seedling,15,3.32,0.05
III,Nueva Ecija,Cabanatuan City,2024-06-14,24.0,34.0,70.3,0.0,23.1,232.8,Seedling,19,1.72,0.11
III,Nueva Ecija,Cabanatuan City,2024-06-15,24.7,34.2,73.3,9.4,24.1,225.0,Seedling,15,1.87,0.01
III,Nueva Ecija,Cabanatuan City,2024-06-16,23.8,33.1,72.4,2.5,22.9,242.9,Seedling,9,2.71,0.0
III,Nueva Ecija,Cabanatuan City,2024-06-17,22.6,33.7,76.9,7.2,23.5,204.9,Seedling,12,1.42,0.09
III,Nueva Ecija,Cabanatuan City,2024-06-18,22.9,34.4,73.1,0.0,23.3,214.5,Seedling,5,1.78,0.0
III,Nueva Ecija,Cabanatuan City,2024-06-19,23.2,35.3,74.7,0.0,24.2,226.8,Seedling,6,2.02,0.06
III,Nueva Ecija,Cabanatuan City,2024-06-20,22.7,34.8,82.4,20.2,25.2,211.4,Seedling,8,2.1,0.1
III,Nueva Ecija,Cabanatuan City,2024-06-21,21.0,34.3,79.4,13.3,23.5,210.0,Seedling,8,1.9,0.19
III,Nueva Ecija,Cabanatuan City,2024-06-22,21.4,36.2,72.7,0.0,23.3,199.4,Tillering,12,2.13,0.1
III,Nueva Ecija,Cabanatuan City,2024-06-23,22.2,37.1,74.4,0.1,24.5,221.8,Tillering,11,2.28,0.04
III,Nueva Ecija,Cabanatuan City,2024-06-24,23.1,35.0,73.0,0.0,23.6,211.8,Tillering,9,3.19,0.15
III,Nueva Ecija,Cabanatuan City,2024-06-25,23.0,35.4,72.2,0.0,23.6,206.8,Tillering,15,3.39,0.125
III,Nueva Ecija,Cabanatuan City,2024-06-26,21.9,36.1,78.7,14.6,24.7,198.4,Tillering,18,4.38,0.1
III,Nueva Ecija,Cabanatuan City,2024-06-27,23.1,33.4,77.6,13.5,23.8,215.9,Tillering,23,2.91,0.075
III,Nueva Ecija,Cabanatuan City,2024-06-28,23.0,34.7,79.1,0.0,24.7,223.4,Tillering,19,2.54,0.05
III,Nueva Ecija,Cabanatuan City,2024-06-29,23.5,34.8,78.2,10.2,24.8,210.2,Tillering,26,2.91,0.02500000000000001
III,Nueva Ecija,Cabanatuan City,2024-06-30,24.1,34.2,79.7,3.5,25.1,225.2,Tillering,23,3.12,0.0
III,Nueva Ecija,Cabanatuan City,2024-07-01,25.0,33.4,79.4,5.6,25.1,217.9,Tillering,38,2.08,0.15
III,Nueva Ecija,Cabanatuan City,2024-07-02,24.9,33.3,79.0,2.4,24.9,220.4,Tillering,36,3.38,0.06
III,Nueva Ecija,Cabanatuan City,2024-07-03,24.4,33.2,78.1,6.1,24.4,221.5,Tillering,30,2.893333333333333,0.0
III,Nueva Ecija,Cabanatuan City,2024-07-04,24.2,34.8,75.5,0.0,24.6,211.3,Tillering,24,2.4066666666666667,0.0
III,Nueva Ecija,Cabanatuan City,2024-07-05,24.5,35.8,77.8,0.0,25.7,213.2,Tillering,22,1.92,0.08
III,Nueva Ecija,Cabanatuan City,2024-07-06,24.0,34.1,75.2,0.0,24.1,217.5,Tillering,14,1.4333333333333333,0.05
III,Nueva Ecija,Cabanatuan City,2024-07-07,23.2,34.1,68.4,0.0,22.3,221.5,Tillering,10,0.9466666666666668,0.0
III,Nueva Ecija,Cabanatuan City,2024-07-08,22.4,31.5,71.9,269.5,21.3,155.7,Tillering,14,0.46,0.08
III,Nueva Ecija,Cabanatuan City,2024-07-09,22.8,32.1,75.5,15.1,22.6,205.5,Tillering,21,0.0,0.08
III,Nueva Ecija,Cabanatuan City,2024-07-10,23.5,32.8,78.7,1.3,23.9,219.0,Tillering,16,0.08,0.1
III,Nueva Ecija,Cabanatuan City,2024-07-11,23.0,32.1,79.6,12.4,23.5,217.1,Tillering,14,0.52,0.2
III,Nueva Ecija,Cabanatuan City,2024-07-12,22.9,32.4,77.4,13.1,23.1,204.6,Tillering,22,0.79,0.11
III,Nueva Ecija,Cabanatuan City,2024-07-13,24.1,33.1,73.4,2.9,23.3,218.0,Tillering,6,0.05,0.03
III,Nueva Ecija,Cabanatuan City,2024-07-14,22.9,32.4,76.2,29.5,22.9,191.5,Tillering,11,0.45,0.04
III,Nueva Ecija,Cabanatuan City,2024-07-15,23.5,33.1,76.6,2.8,23.6,216.6,Tillering,5,1.22,0.11
III,Nueva Ecija,Cabanatuan City,2024-07-16,24.5,33.45,69.4,0.0,22.8,226.8,Elongation,4,0.99,0.05
III,Nueva Ecija,Cabanatuan City,2024-07-17,25.5,33.8,74.1,0.0,24.5,212.4,Elongation,3,0.63,0.13
III,Nueva Ecija,Cabanatuan City,2024-07-18,25.1,34.1,77.8,15.1,25.2,209.4,Elongation,2,0.0,0.09
III,Nueva Ecija,Cabanatuan City,2024-07-19,25.7,34.3,74.1,0.0,24.8,227.3,Elongation,2,0.11,0.04
III,Nueva Ecija,Cabanatuan City,2024-07-20,24.2,31.6,80.2,39.3,23.9,178.3,Elongation,1,0.0,0.19
III,Nueva Ecija,Cabanatuan City,2024-07-21,22.8,32.6,76.7,38.1,23.0,188.9,Elongation,4,0.25,0.06
III,Nueva Ecija,Cabanatuan City,2024-07-22,23.8,34.5,76.2,4.6,24.4,219.4,Elongation,7,0.7,0.06
III,Nueva Ecija,Cabanatuan City,2024-07-23,23.0,34.3,79.3,23.9,24.5,192.2,Elongation,7,0.37,0.0
III,Nueva Ecija,Cabanatuan City,2024-07-24,24.2,34.3,78.5,0.0,25.0,223.6,Elongation,5,0.01,0.05
III,Nueva Ecija,Cabanatuan City,2024-07-25,24.2,33.5,77.6,0.0,24.4,214.8,Elongation,3,2.11,0.07
III,Nueva Ecija,Cabanatuan City,2024-07-26,23.3,33.3,80.3,6.8,24.4,216.4,Elongation,4,0.78,0.09
III,Nueva Ecija,Cabanatuan City,2024-07-27,22.5,32.8,79.6,15.1,23.6,191.9,Elongation,12,0.0,0.05
III,Nueva Ecija,Cabanatuan City,2024-07-28,23.4,32.4,79.1,12.5,23.7,190.4,Elongation,10,0.0,0.02
III,Nueva Ecija,Cabanatuan City,2024-07-29,23.3,33.4,79.8,1.9,24.3,220.8,Elongation,4,0.5,0.06
III,Nueva Ecija,Cabanatuan City,2024-07-30,23.3,33.9,77.1,5.7,24.0,204.5,Elongation,4,0.62,0.12
III,Nueva Ecija,Cabanatuan City,2024-07-31,23.3,32.5,70.5,0.0,22.0,207.2,Elongation,10,0.98,0.24
III,Nueva Ecija,Cabanatuan City,2024-08-01,23.5,32.0,76.9,7.6,23.1,225.1,Elongation,7,0.12,0.0
III,Nueva Ecija,Cabanatuan City,2024-08-02,22.5,32.6,71.1,0.0,21.8,234.8,Elongation,11,1.85,0.11
III,Nueva Ecija,Cabanatuan City,2024-08-03,22.7,32.7,75.1,10.1,22.7,212.3,Elongation,8,0.54,0.25
III,Nueva Ecija,Cabanatuan City,2024-08-04,22.1,33.1,72.2,0.0,22.0,210.2,Panicle,3,0.07,0.93
III,Nueva Ecija,Cabanatuan City,2024-08-05,22.7,33.7,72.9,0.0,22.8,229.6,Panicle,1,0.09,0.68
III,Nueva Ecija,Cabanatuan City,2024-08-06,23.0,34.6,74.8,0.0,23.8,208.6,Panicle,4,0.1,0.64
III,Nueva Ecija,Cabanatuan City,2024-08-07,22.8,33.6,81.5,11.8,24.5,217.8,Panicle,3,0.03,0.64
III,Nueva Ecija,Cabanatuan City,2024-08-08,23.2,35.1,74.8,11.200000000000001,24.1,236.6,Panicle,2,0.07,1.44
III,Nueva Ecija,Cabanatuan City,2024-08-09,23.1,34.9,73.2,10.600000000000001,23.6,204.9,Panicle,0,0.12,0.0
III,Nueva Ecija,Cabanatuan City,2024-08-10,22.6,31.9,75.0,10.0,23.0,213.4,Panicle,2,0.15,1.14
III,Nueva Ecija,Cabanatuan City,2024-08-11,22.7,31.7,76.8,9.4,23.0,213.4,Panicle,4,0.09,1.62
III,Nueva Ecija,Cabanatuan City,2024-08-12,22.4,33.1,78.6,0.0,23.0,226.9,Panicle,1,0.19,1.52
III,Nueva Ecija,Cabanatuan City,2024-08-13,22.6,34.6,80.4,2.9,24.4,219.4,Panicle,1,0.06,1.47
III,Nueva Ecija,Cabanatuan City,2024-08-14,22.6,35.4,82.2,0.0,24.8,213.6,Panicle,1,0.15,0.34
III,Nueva Ecija,Cabanatuan City,2024-08-15,22.9,36.2,84.0,6.9,26.4,208.9,Panicle,1,0.19,0.63
III,Nueva Ecija,Cabanatuan City,2024-08-16,23.4,36.9,83.8,17.7,26.15,193.4,Panicle,2,0.0,3.4
III,Nueva Ecija,Cabanatuan City,2024-08-17,24.0,37.2,79.6,0.0,25.9,223.3,Panicle,5,0.05,4.02
III,Nueva Ecija,Cabanatuan City,2024-08-18,24.1,36.9,79.3,1.5,25.65,207.5,Flowering,2,0.17,5.58
III,Nueva Ecija,Cabanatuan City,2024-08-19,24.6,36.1,74.6,0.0,25.4,213.6,Flowering,6,0.0,5.26
III,Nueva Ecija,Cabanatuan City,2024-08-20,24.1,34.6,79.6,3.1,25.15,213.45,Flowering,12,0.0,5.54
III,Nueva Ecija,Cabanatuan City,2024-08-21,25.3,35.4,72.9,0.0,24.9,213.3,Flowering,4,0.18,4.41
III,Nueva Ecija,Cabanatuan City,2024-08-22,24.8,34.8,75.6,0.0,24.9,213.15,Flowering,2,0.03,5.44
III,Nueva Ecija,Cabanatuan City,2024-08-23,23.6,34.4,75.6,0.0,24.1,213.0,Flowering,8,0.03,6.61
III,Nueva Ecija,Cabanatuan City,2024-08-24,22.8,35.2,77.8,1.7,24.6,209.6,Flowering,4,0.27,6.7
III,Nueva Ecija,Cabanatuan City,2024-08-25,23.8,35.8,72.5,0.0,24.3,205.8,Flowering,12,0.08,6.29
III,Nueva Ecija,Cabanatuan City,2024-08-26,23.6,35.9,79.6,11.1,25.7,202.7,Flowering,6,0.13,9.47
III,Nueva Ecija,Cabanatuan City,2024-08-27,22.8,35.9,79.7,25.9,25.3,198.9,Flowering,7,0.0,8.92
III,Nueva Ecija,Cabanatuan City,2024-08-28,22.4,36.0,80.4,8.9,25.3,202.2,Flowering,7,0.19,9.18
III,Nueva Ecija,Cabanatuan City,2024-08-29,23.1,36.6,80.4,4.8,25.9,220.8,Flowering,2,0.15,8.3
III,Nueva Ecija,Cabanatuan City,2024-08-30,23.3,36.3,81.0,11.1,26.0,195.2,Flowering,3,0.09,7.95
III,Nueva Ecija,Cabanatuan City,2024-08-31,22.7,37.8,76.8,0.0,25.6,216.6,Flowering,4,0.15,7.34
III,Nueva Ecija,Cabanatuan City,2024-09-01,23.0,36.9,79.5,7.2,25.8,194.6,Ripening,3,0.0,7.79
III,Nueva Ecija,Cabanatuan City,2024-09-02,23.9,35.1,78.5,0.0,25.2,223.7,Ripening,4,0.08,7.93
III,Nueva Ecija,Cabanatuan City,2024-09-03,23.1,34.9,84.6,8.1,25.9,206.1,Ripening,4,0.0,7.32
III,Nueva Ecija,Cabanatuan City,2024-09-04,23.5,35.7,80.9,4.2,25.8,217.1,Ripening,6,0.06,6.96
III,Nueva Ecija,Cabanatuan City,2024-09-05,23.7,35.5,75.5,0.0,24.7,207.9,Ripening,4,0.19,8.98
III,Nueva Ecija,Cabanatuan City,2024-09-06,23.3,32.6,79.9,10.8,23.9,211.5,Ripening,4,0.25,6.52
III,Nueva Ecija,Cabanatuan City,2024-09-07,22.7,32.0,79.7,3.9,23.3,202.2,Ripening,5,0.0,6.0
III,Nueva Ecija,Cabanatuan City,2024-09-08,22.6,33.0,83.2,2.8,24.4,216.5,Ripening,1,0.06,5.2
III,Nueva Ecija,Cabanatuan City,2024-09-09,22.5,34.3,81.0,21.8,24.6,199.1,Ripening,7,0.16,4.63
III,Nueva Ecija,Cabanatuan City,2024-09-10,23.0,34.5,78.1,0.0,24.4,213.3,Ripening,7,0.09,3.04
III,Nueva Ecija,Cabanatuan City,2024-09-11,22.8,31.4,78.85,20.3,23.1,202.4,Ripening,7,0.0,3.09
III,Nueva Ecija,Cabanatuan City,2024-09-12,22.9,32.2,79.6,19.9,23.5,204.5,Ripening,4,0.0,1.92
III,Nueva Ecija,Cabanatuan City,2024-09-13,22.0,33.5,79.6,4.8,23.7,216.1,Ripening,6,0.0,0.28
III,Nueva Ecija,Cabanatuan City,2024-09-14,22.4,32.7,79.7,1.3,23.5,204.8,Ripening,2,0.01,0.6
III,Nueva Ecija,Cabanatuan City,2024-09-15,22.6,33.8,77.4,5.0,23.7,207.8,Ripening,3,0.0,0.96
III,Nueva Ecija,Cabanatuan City,2024-09-16,21.7,31.6,74.3,18.2,21.5,217.7,Ripening,4,0.0,0.02
III,Nueva Ecija,Cabanatuan City,2024-09-17,23.2,33.1,75.2,4.3,23.2,198.9,Ripening,1,0.13,0.15
III,Nueva Ecija,Cabanatuan City,2024-09-18,22.3,32.1,79.5,26.0,23.1,189.1,Ripening,3,0.09,1.1
III,Nueva Ecija,Cabanatuan City,2024-09-19,23.2,34.6,79.7,4.2,24.8,207.2,Ripening,3,0.06,0.0
III,Nueva Ecija,Cabanatuan City,2024-09-20,22.8,33.4,75.1,0.0,23.1,215.6,Ripening,0,0.0,0.0
III,Nueva Ecija,Cabanatuan City,2024-09-21,22.5,32.9,81.6,9.9,24.0,209.7,Ripening,2,0.08,0.6
III,Nueva Ecija,Cabanatuan City,2024-09-22,24.0,33.2,78.5,9.2,24.3,203.8,Ripening,1,0.0,1.11
III,Nueva Ecija,Cabanatuan City,2024-09-23,24.7,33.4,79.6,2.6,25.0,220.0,Ripening,1,0.15,1.56
III,Nueva Ecija,Cabanatuan City,2024-09-24,24.4,33.5,73.5,0.0,23.6,210.3,Ripening,0,0.1,0.0
III,Nueva Ecija,Cabanatuan City,2024-09-25,24.0,32.4,78.0,20.1,23.8,197.5,Ripening,0,0.01,0.07
III,Nueva Ecija,Cabanatuan City,2024-09-26,24.0,33.8,74.0,0.0,23.7,237.3,Ripening,0,0.13,0.09
III,Nueva Ecija,Cabanatuan City,2024-09-27,24.5,33.1,71.3,0.0,23.1,213.2,Ripening,0,0.05,0.11
III,Nueva Ecija,Cabanatuan City,2024-09-28,24.4,33.4,71.6,0.0,23.2,217.8,Ripening,0,0.1,0.07
III,Nueva Ecija,Cabanatuan City,2024-09-29,23.3,32.9,78.8,5.0,23.9,219.8,Ripening,0,0.17,0.04
III,Nueva Ecija,Cabanatuan City,2024-09-30,23.2,34.8,77.4,5.3,24.5,225.9,Ripening,0,0.03,0.05
III,Nueva Ecija,Cabanatuan City,2024-10-01,23.3,36.0,76.5,5.7,25.0,204.8,Ripening,0,0.21,0.26
III,Nueva Ecija,Cabanatuan City,2024-10-02,23.6,36.0,77.8,4.9,25.4,217.8,Ripening,0,0.13,0.13
III,Nueva Ecija,Cabanatuan City,2024-10-03,24.2,35.3,73.1,0.0,24.4,205.2,Ripening,0,0.09,0.04
III,Nueva Ecija,Cabanatuan City,2024-10-04,23.5,33.5,78.0,21.2,24.1,198.8,Ripening,1,0.1,0.0
III,Nueva Ecija,Cabanatuan City,2024-10-05,24.1,36.1,81.0,6.4,26.3,211.0,Ripening,0,0.06,0.14
III,Nueva Ecija,Cabanatuan City,2024-10-06,24.4,35.800000000000004,77.1,0.0,25.4,219.7,Ripening,0,0.08,0.13
III,Nueva Ecija,Cabanatuan City,2024-10-07,23.4,35.5,77.9,15.5,24.4,201.5,Ripening,0,0.0,0.04
III,Nueva Ecija,Cabanatuan City,2024-10-08,23.2,35.2,71.6,0.0,23.5,225.8,Ripening,0,0.13,0.0
III,Nueva Ecija,Cabanatuan City,2024-10-09,23.8,34.1,72.7,0.0,23.5,221.6,Ripening,0,0.0,0.2
III,Nueva Ecija,Cabanatuan City,2024-10-10,23.3,34.8,75.2,0.0,24.1,219.8,Ripening,0,0.0,0.01
III,Nueva Ecija,Cabanatuan City,2024-10-11,23.4,35.3,78.4,0.0,25.0,202.8,Ripening,0,0.08,0.18
III,Nueva Ecija,Cabanatuan City,2024-10-12,22.8,36.2,77.6,0.0,25.0,222.1,Ripening,1,0.16,0.23
III,Nueva Ecija,Cabanatuan City,2024-10-13,22.0,35.0,81.3,4.6,24.8,217.9,Ripening,0,0.22,0.14
III,Nueva Ecija,Cabanatuan City,2024-10-14,22.1,33.9,80.7,15.7,24.1,217.1,Ripening,0,0.07,0.08
III,Nueva Ecija,Cabanatuan City,2024-10-15,22.7,35.7,76.4,0.0,24.5,231.6,Ripening,0,0.06,0.04
III,Nueva Ecija,Cabanatuan City,2024-10-16,22.6,34.9,80.4,6.0,24.8,225.6,Ripening,0,0.07,0.17
III,Nueva Ecija,Cabanatuan City,2024-10-17,22.3,34.8,75.6,0.0,23.7,210.7,Ripening,0,0.03,0.0
III,Nueva Ecija,Cabanatuan City,2024-10-18,22.5,33.1,80.8,15.2,24.0,199.9,Ripening,0,0.11,0.0
III,Nueva Ecija,Cabanatuan City,2024-10-19,22.9,32.5,81.5,4.5,24.0,207.7,Ripening,0,0.03,0.0
III,Nueva Ecija,Cabanatuan City,2024-10-20,23.5,34.2,82.9,7.4,25.4,207.8,Ripening,0,0.14,0.14
III,Nueva Ecija,Cabanatuan City,2024-10-21,23.6,34.5,83.7,4.9,25.8,230.6,Ripening,0,0.15,0.22
III,Nueva Ecija,Cabanatuan City,2024-10-22,22.6,34.1,82.9,5.3,24.9,219.4,Ripening,0,0.22,0.01
III,Nueva Ecija,Cabanatuan City,2024-10-23,21.6,34.1,75.8,0.0,23.0,222.7,Ripening,0,0.29,0.0
III,Nueva Ecija,Cabanatuan City,2024-10-24,21.7,32.3,78.3,29.0,22.7,187.3,Ripening,0,0.0,0.05
III,Nueva Ecija,Cabanatuan City,2024-10-25,22.7,34.2,69.2,0.0,22.3,226.1,Ripening,0,0.1,0.02
III,Nueva Ecija,Cabanatuan City,2024-10-26,22.5,32.8,67.7,0.0,21.2,217.7,Ripening,1,0.1,0.0
III,Nueva Ecija,Cabanatuan City,2024-10-27,22.6,31.8,72.6,20.0,21.7,206.5,Seedling,0,0.02,0.03
III,Nueva Ecija,Cabanatuan City,2024-10-28,22.3,33.5,69.1,0.0,21.7,221.8,Seedling,0,0.15,0.0
III,Nueva Ecija,Cabanatuan City,2024-10-29,21.5,31.6,75.2,43.8,21.6,187.5,Seedling,0,0.01,0.04
III,Nueva Ecija,Cabanatuan City,2024-10-30,23.1,33.3,71.1,0.0,22.4,212.1,Seedling,0,0.12,0.22
III,Nueva Ecija,Cabanatuan City,2024-10-31,23.3,33.1,72.0,0.0,22.6,220.9,Seedling,0,0.01,0.11
III,Nueva Ecija,Cabanatuan City,2024-11-01,22.7,32.0,71.9,0.0,21.7,231.0,Seedling,0,0.11,0.1
III,Nueva Ecija,Cabanatuan City,2024-11-02,22.2,31.0,74.5,0.0,21.5,220.7,Seedling,0,0.02,0.11
III,Nueva Ecija,Cabanatuan City,2024-11-03,21.9,32.9,74.0,0.0,22.2,211.4,Seedling,0,0.0,0.14
III,Nueva Ecija,Cabanatuan City,2024-11-04,22.0,32.4,72.0,0.0,21.6,203.6,Seedling,0,0.05,0.15
III,Nueva Ecija,Cabanatuan City,2024-11-05,22.7,33.8,73.4,0.0,22.9,232.7,Seedling,0,0.07,0.07
III,Nueva Ecija,Cabanatuan City,2024-11-06,22.3,32.9,72.3,0.0,22.1,211.9,Seedling,0,0.07,0.08
III,Nueva Ecija,Cabanatuan City,2024-11-07,21.8,31.8,77.1,13.5,22.2,212.4,Seedling,0,0.12,0.0
III,Nueva Ecija,Cabanatuan City,2024-11-08,23.9,33.5,78.8,2.1,24.5,212.9,Seedling,1,0.15,0.0
III,Nueva Ecija,Cabanatuan City,2024-11-09,23.3,33.3,70.9,0.0,22.5,213.4,Seedling,0,0.15,0.0
III,Nueva Ecija,Cabanatuan City,2024-11-10,22.9,33.3,79.9,2.6,24.1,213.9,Seedling,0,0.15,0.29
III,Nueva Ecija,Cabanatuan City,2024-11-11,22.8,33.5,73.9,0.0,22.9,214.4,Seedling,0,0.1,0.02
III,Nueva Ecija,Cabanatuan City,2024-11-12,24.0,32.4,77.6,9.6,23.7,214.9,Seedling,0,0.13,0.13
III,Nueva Ecija,Cabanatuan City,2024-11-13,23.5,35.1,77.1,0.0,24.7,226.5,Seedling,0,0.1,0.04
III,Nueva Ecija,Cabanatuan City,2024-11-14,22.8,33.9,82.7,17.2,24.9,206.6,Seedling,0,0.04,0.06
III,Nueva Ecija,Cabanatuan City,2024-11-15,23.7,36.8,75.2,0.0,25.3,226.2,Seedling,0,0.11,0.12
III,Nueva Ecija,Cabanatuan City,2024-11-16,23.2,35.5,75.6,0.0,24.5,231.5,Seedling,0,0.01,0.0
III,Nueva Ecija,Cabanatuan City,2024-11-17,22.9,35.9,78.0,0.0,25.0,225.8,Seedling,0,0.1,0.08
III,Nueva Ecija,Cabanatuan City,2024-11-18,22.0,35.3,75.1,0.0,23.7,231.3,Seedling,0,0.12,0.05
III,Nueva Ecija,Cabanatuan City,2024-11-19,22.0,35.3,75.0,0.0,23.6,231.6,Seedling,0,0.04,0.07
III,Nueva Ecija,Cabanatuan City,2024-11-20,21.7,34.9,75.1,0.0,23.3,237.0,Seedling,0,0.18,0.03
III,Nueva Ecija,Cabanatuan City,2024-11-21,21.5,34.2,74.8,12.6,22.8,219.7,Seedling,0,0.04,0.21
III,Nueva Ecija,Cabanatuan City,2024-11-22,21.7,33.7,72.4,2.9,22.2,228.1,Seedling,0,0.0,0.12
III,Nueva Ecija,Cabanatuan City,2024-11-23,21.5,33.6,67.4,0.0,21.0,222.9,Seedling,0,0.04,0.13
III,Nueva Ecija,Cabanatuan City,2024-11-24,21.5,30.8,78.8,3.9,21.9,218.4,Seedling,0,0.0,0.19
III,Nueva Ecija,Cabanatuan City,2024-11-25,21.5,30.5,77.8,22.0,21.6,217.0,Seedling,0,0.11,0.09
III,Nueva Ecija,Cabanatuan City,2024-11-26,21.4,32.4,73.4,0.0,21.6,221.9,Seedling,0,0.03,0.19
III,Nueva Ecija,Cabanatuan City,2024-11-27,22.5,33.6,72.1,0.0,22.5,232.9,Seedling,0,0.33,0.12
III,Nueva Ecija,Cabanatuan City,2024-11-28,22.4,35.4,74.4,0.0,23.8,228.8,Seedling,0,0.6,0.16
III,Nueva Ecija,Cabanatuan City,2024-11-29,23.4,37.8,70.1,0.0,24.6,227.4,Seedling,1,1.59,0.14
III,Nueva Ecija,Cabanatuan City,2024-11-30,23.5,37.1,70.1,0.0,24.3,218.8,Seedling,1,1.64,0.14
III,Nueva Ecija,Cabanatuan City,2024-12-01,23.6,37.5,68.1,0.0,24.2,230.4,Seedling,2,1.42,0.1
III,Nueva Ecija,Cabanatuan City,2024-12-02,24.4,35.1,68.8,0.0,23.5,224.3,Seedling,0,1.45,0.24
III,Nueva Ecija,Cabanatuan City,2024-12-03,23.7,36.0,69.7,0.0,23.8,222.0,Seedling,0,2.26,0.07
III,Nueva Ecija,Cabanatuan City,2024-12-04,23.1,35.7,72.7,0.0,23.9,228.1,Seedling,0,1.13,0.23
III,Nueva Ecija,Cabanatuan City,2024-12-05,23.9,34.0,72.2,0.0,23.4,238.7,Seedling,1,1.44,0.0
III,Nueva Ecija,Cabanatuan City,2024-12-06,24.1,33.0,72.7,0.0,23.1,238.9,Seedling,0,2.36,0.12
III,Nueva Ecija,Cabanatuan City,2024-12-07,22.9,32.4,71.9,0.0,22.0,241.8,Seedling,2,1.61,0.01
III,Nueva Ecija,Cabanatuan City,2024-12-08,22.5,33.8,73.6,5.6,22.9,219.6,Seedling,1,2.44,0.03
III,Nueva Ecija,Cabanatuan City,2024-12-09,22.7,33.8,70.1,0.0,22.3,225.4,Seedling,1,3.12,0.08
III,Nueva Ecija,Cabanatuan City,2024-12-10,22.6,32.3,75.2,9.5,22.5,221.2,Seedling,1,3.51,0.15
III,Nueva Ecija,Cabanatuan City,2024-12-11,23.3,33.2,71.7,0.0,22.6,228.76666666666665,Seedling,1,3.38,0.15
III,Nueva Ecija,Cabanatuan City,2024-12-12,22.7,33.6,70.6,0.0,22.3,236.33333333333334,Seedling,2,2.22,0.09
III,Nueva Ecija,Cabanatuan City,2024-12-13,22.7,33.6,70.1,0.0,22.2,243.9,Seedling,1,2.53,0.1
III,Nueva Ecija,Cabanatuan City,2024-12-14,23.1,32.4,69.3,0.0,21.6,221.1,Tillering,5,1.0,0.11
III,Nueva Ecija,Cabanatuan City,2024-12-15,22.633333333333333,32.4,70.8,0.0,21.7,232.1,Tillering,2,0.0,0.05
III,Nueva Ecija,Cabanatuan City,2024-12-16,22.166666666666668,31.5,69.0,0.0,20.7,231.5,Tillering,4,0.0,0.02
III,Nueva Ecija,Cabanatuan City,2024-12-17,21.7,29.3,73.1,0.0,20.1,243.5,Tillering,3,0.0,0.035
III,Nueva Ecija,Cabanatuan City,2024-12-18,21.2,29.0,74.0,8.8,19.9,234.0,Tillering,4,1.23,0.05
III,Nueva Ecija,Cabanatuan City,2024-12-19,21.1,30.0,71.3,0.0,19.8,234.3,Tillering,0,0.48,0.065
III,Nueva Ecija,Cabanatuan City,2024-12-20,21.7,32.6,71.2,0.0,21.4,233.1,Tillering,0,0.0,0.08
III,Nueva Ecija,Cabanatuan City,2024-12-21,22.4,33.8,73.4,0.0,22.8,223.2,Tillering,1,0.0,0.095
III,Nueva Ecija,Cabanatuan City,2024-12-22,22.5,33.7,72.4,0.0,22.6,230.3,Tillering,2,0.59,0.11
III,Nueva Ecija,Cabanatuan City,2024-12-23,21.3,33.5,76.3,3.0,22.7,228.6,Tillering,3,1.73,0.06
III,Nueva Ecija,Cabanatuan City,2024-12-24,22.9,33.3,70.8,0.0,22.3,228.9,Tillering,2,0.0,0.05
III,Nueva Ecija,Cabanatuan City,2024-12-25,23.1,32.1,71.9,0.0,22.0,220.8,Tillering,3,0.0,0.15
III,Nueva Ecija,Cabanatuan City,2024-12-26,23.0,32.4,73.5,9.3,22.4,219.4,Tillering,2,0.0,0.19
III,Nueva Ecija,Cabanatuan City,2024-12-27,23.7,33.7,70.5,0.0,22.8,231.6,Tillering,2,0.44,0.0
III,Nueva Ecija,Cabanatuan City,2024-12-28,22.9,33.3,68.5,0.0,21.8,235.0,Tillering,5,0.0,0.08
III,Nueva Ecija,Cabanatuan City,2024-12-29,22.5,32.1,71.1,0.0,21.5,240.6,Tillering,2,0.81,0.02
III,Nueva Ecija,Cabanatuan City,2024-12-30,21.8,31.5,66.9,0.0,20.0,240.7,Tillering,3,0.0,0.0
III,Nueva Ecija,Cabanatuan City,2024-12-31,22.1,31.7,65.2,0.0,19.9,234.5,Tillering,0,0.94,0.01
III,Tarlac,Concepcion,2019-01-01,22.5,33.3,68.4,0.0,21.6,225.8,Tillering,5,0.0,0.0
III,Tarlac,Concepcion,2019-01-02,22.7,33.1,73.8,10.1,22.7,223.8,Tillering,1,0.4,0.07
III,Tarlac,Concepcion,2019-01-03,23.2,33.6,66.0,0.0,21.6,251.1,Tillering,3,0.0,0.02
III,Tarlac,Concepcion,2019-01-04,21.6,32.6,73.0,3.1,21.7,234.5,Tillering,2,0.55,0.35
III,Tarlac,Concepcion,2019-01-05,22.7,33.2,66.3,0.0,21.2,215.9,Tillering,2,0.0,0.23
III,Tarlac,Concepcion,2019-01-06,22.1,31.1,61.7,0.0,18.9,228.1,Tillering,2,0.21,0.11
III,Tarlac,Concepcion,2019-01-07,21.7,32.3,64.0,0.0,19.8,234.6,Tillering,2,0.02,0.0
III,Tarlac,Concepcion,2019-01-08,22.3,33.6,65.4,0.0,21.0,240.2,Tillering,1,0.78,0.04
III,Tarlac,Concepcion,2019-01-09,21.7,34.3,66.2,0.0,21.2,222.1,Tillering,4,0.44,0.1
III,Tarlac,Concepcion,2019-01-10,22.4,34.6,66.1,0.0,21.7,230.6,Tillering,4,0.69,0.11
III,Tarlac,Concepcion,2019-01-11,21.6,34.4,69.0,8.0,21.8,220.3,Tillering,1,0.24,0.02
III,Tarlac,Concepcion,2019-01-12,21.9,31.5,65.3,0.0,19.8,241.6,Tillering,0,0.54,0.01
III,Tarlac,Concepcion,2019-01-13,22.2,31.5,67.2,0.0,20.3,229.3,Tillering,0,0.14,0.12
III,Tarlac,Concepcion,2019-01-14,22.2,32.0,64.7,0.0,20.0,238.5,Tillering,1,0.27,0.03
III,Tarlac,Concepcion,2019-01-15,22.8,31.1,64.8,0.0,19.9,249.9,Tillering,2,0.0,0.14
III,Tarlac,Concepcion,2019-01-16,22.5,29.5,68.4,18.5,19.7,213.1,Tillering,3,0.09,0.16
III,Tarlac,Concepcion,2019-01-17,22.7,32.7,65.6,0.0,20.8,241.4,Tillering,0,0.06,0.06
III,Tarlac,Concepcion,2019-01-18,22.0,33.3,67.9,7.1,21.2,204.6,Elongation,0,0.48,0.0
III,Tarlac,Concepcion,2019-01-19,22.2,33.5,66.3,0.0,21.1,239.3,Elongation,1,0.85,0.03
III,Tarlac,Concepcion,2019-01-20,21.5,34.0,66.1,0.0,21.0,239.7,Elongation,1,1.13,0.05
III,Tarlac,Concepcion,2019-01-21,21.6,34.6,66.9,0.0,21.5,235.2,Elongation,1,0.97,0.11
III,Tarlac,Concepcion,2019-01-22,21.7,34.6,65.6,0.0,21.3,247.7,Elongation,1,1.03,0.27
III,Tarlac,Concepcion,2019-01-23,21.6,33.7,67.1,0.0,21.1,239.6,Elongation,0,0.76,0.07
III,Tarlac,Concepcion,2019-01-24,22.5,33.3,62.6,0.0,20.4,239.2,Elongation,4,0.88,0.03
III,Tarlac,Concepcion,2019-01-25,22.7,33.7,62.8,0.0,20.8,233.7,Elongation,1,0.96,0.0
III,Tarlac,Concepcion,2019-01-26,23.0,33.8,63.5,0.0,21.1,252.4,Elongation,3,0.69,0.08
III,Tarlac,Concepcion,2019-01-27,22.1,32.9,66.5,3.2,20.8,224.4,Elongation,1,0.4,0.02
III,Tarlac,Concepcion,2019-01-28,21.6,33.8,65.6,0.0,20.8,244.8,Elongation,3,0.35,0.08
III,Tarlac,Concepcion,2019-01-29,21.7,33.8,65.1,0.0,20.8,230.3,Elongation,0,1.0,0.12
III,Tarlac,Concepcion,2019-01-30,21.4,32.9,73.1,11.0,21.8,216.0,Elongation,1,3.1,0.08
III,Tarlac,Concepcion,2019-01-31,21.1,32.5,73.0,11.1,21.516666666666666,218.9,Elongation,1,3.6,0.0
III,Tarlac,Concepcion,2019-02-01,21.8,32.6,71.7,0.0,21.233333333333334,239.6,Elongation,5,2.7,0.2
III,Tarlac,Concepcion,2019-02-02,21.2,33.2,70.2,0.7166666666666667,20.950000000000003,242.0,Elongation,2,3.25,0.15
III,Tarlac,Concepcion,2019-02-03,20.6,34.1,64.9,1.4333333333333333,20.666666666666668,236.8,Elongation,2,2.62,0.1
III,Tarlac,Concepcion,2019-02-04,21.2,34.1,65.6,2.15,20.383333333333333,252.0,Elongation,3,2.42,0.07
III,Tarlac,Concepcion,2019-02-05,20.6,33.5,65.3,2.8666666666666667,20.1,240.5,Elongation,3,2.08,0.08
III,Tarlac,Concepcion,2019-02-06,21.2,33.4,65.4,3.5833333333333335,20.4,235.9,Elongation,0,1.47,0.04
III,Tarlac,Concepcion,2019-02-07,20.6,33.4,69.8,4.3,21.0,231.8,Panicle,4,0.07,3.21
III,Tarlac,Concepcion,2019-02-08,20.8,32.3,66.3,0.0,19.8,230.3,Panicle,5,0.18,1.71
III,Tarlac,Concepcion,2019-02-09,21.3,32.1,66.8,0.0,20.1,258.0,Panicle,4,0.03,1.54
III,Tarlac,Concepcion,2019-02-10,22.6,32.3,62.5,0.0,20.0,239.0,Panicle,2,0.15,0.56
III,Tarlac,Concepcion,2019-02-11,23.2,32.9,64.4,0.0,20.9,237.5,Panicle,2,0.06,0.66
III,Tarlac,Concepcion,2019-02-12,23.4,33.1,61.6,0.0,20.6,245.3,Panicle,3,0.15,0.19
III,Tarlac,Concepcion,2019-02-13,22.9,33.3,63.5,0.0,20.8,242.6,Panicle,2,0.13,0.96
III,Tarlac,Concepcion,2019-02-14,23.8,33.4,66.6,0.0,21.9,237.5,Panicle,0,0.21,0.36
III,Tarlac,Concepcion,2019-02-15,23.6,33.8,63.6,0.0,21.4,249.0,Panicle,0,0.13,0.63
III,Tarlac,Concepcion,2019-02-16,22.9,34.5,63.5,0.0,21.4,238.6,Panicle,1,0.0,1.64
III,Tarlac,Concepcion,2019-02-17,22.5,34.1,63.2,0.0,20.9,226.8,Panicle,3,0.13,2.12
III,Tarlac,Concepcion,2019-02-18,22.0,33.1,62.1,0.0,20.0,234.1,Panicle,1,0.15,0.84
III,Tarlac,Concepcion,2019-02-19,23.0,33.7,63.5,0.0,21.0,243.5,Panicle,2,0.01,0.87
III,Tarlac,Concepcion,2019-02-20,23.6,33.8,60.8,0.0,20.9,232.2,Panicle,0,0.0,1.49
III,Tarlac,Concepcion,2019-02-21,22.5,33.5,61.5,0.0,20.3,237.4,Panicle,1,0.06,1.43
III,Tarlac,Concepcion,2019-02-22,21.8,34.0,61.4,0.0,20.2,250.9,Flowering,1,0.06,2.54
III,Tarlac,Concepcion,2019-02-23,21.3,35.0,64.7,0.0,21.1,247.0,Flowering,1,0.12,1.97
III,Tarlac,Concepcion,2019-02-24,21.6,35.1,64.7,0.0,21.3,234.6,Flowering,1,0.1,2.68
III,Tarlac,Concepcion,2019-02-25,22.1,34.5,67.2,0.0,21.7,256.3,Flowering,1,0.15,3.02
III,Tarlac,Concepcion,2019-02-26,22.5,32.9,69.3,0.0,21.6,244.5,Flowering,3,0.08,2.15
III,Tarlac,Concepcion,2019-02-27,22.3,33.5,71.6,0.0,22.2,243.7,Flowering,0,0.0,3.29
III,Tarlac,Concepcion,2019-02-28,21.7,33.0,70.1,0.0,21.4,249.1,Flowering,3,0.23,2.37
III,Tarlac,Concepcion,2019-03-01,22.1,31.7,71.4,3.4,21.2,226.2,Flowering,1,0.07,1.31
III,Tarlac,Concepcion,2019-03-02,22.6,31.7,65.1,0.0,20.2,244.1,Flowering,0,0.0,1.33
III,Tarlac,Concepcion,2019-03-03,22.3,31.0,64.7,0.0,19.6,240.2,Flowering,1,0.0,2.34
III,Tarlac,Concepcion,2019-03-04,21.6,31.6,65.4,0.0,19.7,250.7,Flowering,0,0.03,0.63
III,Tarlac,Concepcion,2019-03-05,23.0,30.0,67.0,0.0,19.9,243.9,Flowering,3,0.0,0.63
III,Tarlac,Concepcion,2019-03-06,23.5,32.3,62.7,0.0,20.4,233.9,Flowering,1,0.15,1.04
III,Tarlac,Concepcion,2019-03-07,23.4,32.0,67.3,0.0,21.2,240.3,Flowering,1,0.03,0.16
III,Tarlac,Concepcion,2019-03-08,22.6,30.7,67.1,0.0,20.1,257.9,Flowering,3,0.18,1.46
III,Tarlac,Concepcion,2019-03-09,22.1,32.0,68.1,0.0,20.7,234.7,Ripening,2,0.0,0.0
III,Tarlac,Concepcion,2019-03-10,23.2,30.9,70.9,0.0,21.2,236.9,Ripening,1,0.08,1.38
III,Tarlac,Concepcion,2019-03-11,23.7,31.2,70.2,0.0,21.5,241.0,Ripening,2,0.11,0.0
III,Tarlac,Concepcion,2019-03-12,22.6,32.2,69.1,0.0,21.2,235.2,Ripening,5,0.04,0.0
III,Tarlac,Concepcion,2019-03-13,21.9,32.3,63.9,0.0,19.9,242.6,Ripening,0,0.02,0.55
III,Tarlac,Concepcion,2019-03-14,22.1,33.6,63.925,0.0,20.5,248.6,Ripening,1,0.06,0.56
III,Tarlac,Concepcion,2019-03-15,21.6,32.5,63.95,0.0,19.8,235.0,Ripening,1,0.0,1.23
III,Tarlac,Concepcion,2019-03-16,22.2,31.1,63.975,0.0,20.1,229.3,Ripening,0,0.1,0.26
III,Tarlac,Concepcion,2019-03-17,22.2,31.0,64.0,0.0,19.4,233.6,Ripening,1,0.09,0.0
III,Tarlac,Concepcion,2019-03-18,23.5,31.4,67.0,0.0,20.8,244.8,Ripening,6,0.1,0.09
III,Tarlac,Concepcion,2019-03-19,22.8,31.1,69.6,0.0,20.9,255.5,Ripening,0,0.02,0.0
III,Tarlac,Concepcion,2019-03-20,21.9,31.0,65.6,0.0,19.6,242.2,Ripening,4,0.02,0.44
III,Tarlac,Concepcion,2019-03-21,21.2,30.0,64.8,0.0,18.6,247.4,Ripening,0,0.14,0.58
III,Tarlac,Concepcion,2019-03-22,22.0,30.1,68.0,0.0,19.6,240.6,Ripening,3,0.17,0.01
III,Tarlac,Concepcion,2019-03-23,23.1,30.0,70.1,0.0,20.6,239.7,Ripening,2,0.07,0.4
III,Tarlac,Concepcion,2019-03-24,22.9,30.9,71.2,0.0,21.1,235.1,Ripening,1,0.18,0.18
III,Tarlac,Concepcion,2019-03-25,21.4,30.3,71.3,0.0,20.1,237.9,Ripening,0,0.01,0.04
III,Tarlac,Concepcion,2019-03-26,22.1,31.1,69.6,0.0,20.5,242.3,Ripening,3,0.04,0.3
III,Tarlac,Concepcion,2019-03-27,22.8,31.0,67.2,0.0,20.3,243.6,Ripening,2,0.19,0.58
III,Tarlac,Concepcion,2019-03-28,22.6,31.4,64.2,0.0,19.7,245.1,Ripening,2,0.18,0.16
III,Tarlac,Concepcion,2019-03-29,21.7,31.8,62.5,0.0,20.1,238.4,Ripening,2,0.08,1.58
III,Tarlac,Concepcion,2019-03-30,21.4,32.2,65.1,0.0,20.6,243.6,Ripening,2,0.08,0.1
III,Tarlac,Concepcion,2019-03-31,20.9,32.6,67.7,0.0,20.3,239.4,Ripening,3,0.0,0.04
III,Tarlac,Concepcion,2019-04-01,20.5,32.3,68.9,0.0,20.2,234.4,Ripening,6,0.09,1.35
III,Tarlac,Concepcion,2019-04-02,20.9,30.2,69.3,0.0,19.4,231.3,Ripening,0,0.03,0.96
III,Tarlac,Concepcion,2019-04-03,21.0,30.2,72.4,10.0,20.1,228.4,Ripening,0,0.05,0.01
III,Tarlac,Concepcion,2019-04-04,22.4,31.2,68.1,0.0,20.4,244.3,Ripening,0,0.19,0.17
III,Tarlac,Concepcion,2019-04-05,22.1,31.8,69.0,0.0,20.8,235.4,Ripening,0,0.16,0.04
III,Tarlac,Concepcion,2019-04-06,22.6,32.1,73.5,6.7,22.0,236.7,Ripening,0,0.0,0.2
III,Tarlac,Concepcion,2019-04-07,22.2,32.7,64.8,0.0,20.4,225.0,Ripening,0,0.0,0.17
III,Tarlac,Concepcion,2019-04-08,22.4,33.2,63.7,0.0,20.5,232.3,Ripening,0,0.0,0.23
III,Tarlac,Concepcion,2019-04-09,22.2,34.2,62.9,0.0,20.8,229.6,Ripening,0,0.0,0.18
III,Tarlac,Concepcion,2019-04-10,22.6,33.2,62.7,0.0,20.4,242.0,Ripening,0,0.06,0.28
III,Tarlac,Concepcion,2019-04-11,23.0,32.9,65.3,0.0,21.0,233.0,Ripening,0,0.05,0.11
III,Tarlac,Concepcion,2019-04-12,23.6,32.3,70.1,16.0,22.0,221.5,Ripening,0,0.15,0.13
III,Tarlac,Concepcion,2019-04-13,24.3,31.8,64.8,0.0,21.0,227.6,Ripening,0,0.11,0.0
III,Tarlac,Concepcion,2019-04-14,23.9,32.0,69.3,0.0,21.8,217.7,Ripening,0,0.06,0.03
III,Tarlac,Concepcion,2019-04-15,23.4,31.8,69.6,0.0,21.5,237.9,Ripening,0,0.05,0.03
III,Tarlac,Concepcion,2019-04-16,23.0,34.0,66.0,0.0,21.7,239.7,Ripening,0,0.04,0.14
III,Tarlac,Concepcion,2019-04-17,22.2,34.2,67.4,0.0,21.7,239.1,Ripening,0,0.0,0.06
III,Tarlac,Concepcion,2019-04-18,22.0,36.5,73.7,1.4,24.0,241.7,Ripening,0,0.0,0.0
III,Tarlac,Concepcion,2019-04-19,22.5,35.4,68.4,0.0,22.6,222.9,Ripening,0,0.09,0.18
III,Tarlac,Concepcion,2019-04-20,22.5,35.3,71.9,0.0,23.3,244.0,Ripening,0,0.07,0.16
III,Tarlac,Concepcion,2019-04-21,23.2,35.7,67.6,0.0,23.0,239.6,Ripening,0,0.06,0.14
III,Tarlac,Concepcion,2019-04-22,22.8,36.1,71.8,0.0,23.8,234.5,Ripening,0,0.03,0.12
III,Tarlac,Concepcion,2019-04-23,23.1,36.4,71.3,0.0,24.0,237.6,Ripening,0,0.12,0.1
III,Tarlac,Concepcion,2019-04-24,22.8,34.7,70.75,0.0,23.4,224.8,Ripening,0,0.0,0.08
III,Tarlac,Concepcion,2019-04-25,22.4,32.9,70.2,0.0,21.7,233.3,Ripening,0,0.05,0.07
III,Tarlac,Concepcion,2019-04-26,21.6,33.0,74.9,0.0,22.3,231.5,Ripening,0,0.01,0.07
III,Tarlac,Concepcion,2019-04-27,21.2,32.0,75.7,13.7,21.7,233.2,Ripening,0,0.2,0.05600000000000001
III,Tarlac,Concepcion,2019-04-28,20.5,35.0,74.7,0.0,22.7,233.5,Ripening,0,0.1,0.042
III,Tarlac,Concepcion,2019-04-29,21.1,33.3,74.7,0.0,22.1,250.3,Ripening,0,0.14,0.027999999999999997
III,Tarlac,Concepcion,2019-04-30,20.8,31.4,75.4,6.5,21.2,231.9,Ripening,1,0.0,0.013999999999999999
III,Tarlac,Concepcion,2019-05-01,21.1,32.0,72.9,2.0,21.1,227.1,Ripening,1,0.0,0.0
III,Tarlac,Concepcion,2019-05-02,20.8,33.4,70.7,1.5,21.2,229.7,Ripening,0,0.08,0.04
III,Tarlac,Concepcion,2019-05-03,21.0,32.9,63.6,0.0,19.7,237.3,Ripening,0,0.0,0.15
III,Tarlac,Concepcion,2019-05-04,21.1,32.8,69.9,9.7,20.9,213.0,Ripening,0,0.18,0.15
III,Tarlac,Concepcion,2019-05-05,21.7,33.1,69.9,0.0,20.5,242.8,Ripening,0,0.06,0.04
III,Tarlac,Concepcion,2019-05-06,22.6,33.4,69.9,0.0,21.0,231.7,Seedling,0,0.06,0.18
III,Tarlac,Concepcion,2019-05-07,22.7,33.4,69.9,0.0,21.8,217.9,Seedling,0,0.0,0.21
III,Tarlac,Concepcion,2019-05-08,22.8,33.9,69.9,0.0,22.2,233.6,Seedling,0,0.2,0.15
III,Tarlac,Concepcion,2019-05-09,21.6,33.6,69.9,0.0,21.6,230.2,Seedling,1,0.04,0.0
III,Tarlac,Concepcion,2019-05-10,22.3,32.6,67.3,0.0,20.9,237.8,Seedling,0,0.1,0.15
III,Tarlac,Concepcion,2019-05-11,22.6,31.7,69.0,0.0,21.0,231.0,Seedling,0,0.03,0.09
III,Tarlac,Concepcion,2019-05-12,22.6,31.9,72.3,9.8,21.7,221.7,Seedling,0,0.01,0.19
III,Tarlac,Concepcion,2019-05-13,23.5,31.5,70.6,0.9,21.6,235.9,Seedling,0,0.08,0.14
III,Tarlac,Concepcion,2019-05-14,22.3,31.2,71.0,0.0,21.0,240.9,Seedling,0,0.0,0.17
III,Tarlac,Concepcion,2019-05-15,22.0,33.4,75.0,6.2,22.7,236.6,Seedling,0,0.0,0.21
III,Tarlac,Concepcion,2019-05-16,23.1,33.8,70.0,0.0,22.4,227.8,Seedling,0,0.0,0.15
III,Tarlac,Concepcion,2019-05-17,23.6,35.7,73.6,3.466666666666667,24.4,223.8,Seedling,0,0.0,0.13
III,Tarlac,Concepcion,2019-05-18,23.4,35.1,66.4,6.933333333333334,22.5,229.4,Seedling,0,0.0,0.02
III,Tarlac,Concepcion,2019-05-19,22.6,32.6,73.9,10.4,22.4,216.3,Seedling,0,0.0,0.0
III,Tarlac,Concepcion,2019-05-20,23.4,34.8,73.6,4.6,23.8,228.5,Seedling,0,0.07,0.06
III,Tarlac,Concepcion,2019-05-21,22.9,31.3,73.9,35.2,21.9,203.0,Seedling,0,0.08,0.05
III,Tarlac,Concepcion,2019-05-22,22.8,32.6,70.7,0.0,21.8,242.1,Seedling,0,0.12,0.07
III,Tarlac,Concepcion,2019-05-23,21.2,31.7,72.4,0.0,20.9,230.1,Seedling,0,0.1,0.06
III,Tarlac,Concepcion,2019-05-24,22.0,32.4,71.4,0.0,21.5,220.5,Seedling,0,0.12,0.15
III,Tarlac,Concepcion,2019-05-25,22.2,32.8,75.7,4.1,22.6,222.5,Seedling,0,0.0,0.11
III,Tarlac,Concepcion,2019-05-26,22.7,33.6,74.98333333333333,0.0,22.8,234.9,Seedling,0,0.09,0.12
III,Tarlac,Concepcion,2019-05-27,22.6,33.5,74.26666666666667,0.0,22.0,224.3,Seedling,1,0.1,0.26
III,Tarlac,Concepcion,2019-05-28,22.8,33.3,73.55000000000001,4.6,23.3,215.5,Seedling,0,0.09,0.0
III,Tarlac,Concepcion,2019-05-29,22.7,32.9,72.83333333333334,1.2,22.8,224.5,Seedling,0,0.06,0.0
III,Tarlac,Concepcion,2019-05-30,23.3,32.4,72.11666666666667,0.0,22.1,224.8,Seedling,0,0.03,0.24
III,Tarlac,Concepcion,2019-05-31,23.5,33.8,71.4,0.0,22.9,234.5,Seedling,0,0.16,0.09
III,Tarlac,Concepcion,2019-06-01,23.6,33.6,71.8,0.0,23.0,231.4,Seedling,0,0.0,0.25
III,Tarlac,Concepcion,2019-06-02,24.1,33.2,72.7,0.0,23.2,225.5,Seedling,0,0.14,0.04
III,Tarlac,Concepcion,2019-06-03,25.1,33.3,72.9,0.0,23.8,232.3,Seedling,0,0.15,0.19
III,Tarlac,Concepcion,2019-06-04,24.1,33.3,71.9,0.0,23.1,227.1,Seedling,0,0.02,0.0
III,Tarlac,Concepcion,2019-06-05,23.3,33.2,72.7,1.3,22.8,232.2,Seedling,0,0.12,0.03
III,Tarlac,Concepcion,2019-06-06,21.9,35.4,68.0,0.0,22.2,224.7,Seedling,0,0.09,0.07
III,Tarlac,Concepcion,2019-06-07,22.5,36.2,67.2,0.475,22.8,228.1,Seedling,0,0.13,0.05
III,Tarlac,Concepcion,2019-06-08,21.8,35.0,73.8,0.95,23.2,219.7,Seedling,1,0.04,0.1
III,Tarlac,Concepcion,2019-06-09,22.0,35.8,73.3,1.4249999999999998,23.6,225.4,Seedling,3,1.51,0.07
III,Tarlac,Concepcion,2019-06-10,21.2,35.3,77.4,1.9,23.7,226.6,Seedling,2,3.07,0.06
III,Tarlac,Concepcion,2019-06-11,22.6,35.5,73.6,0.0,23.8,217.3,Seedling,3,2.15,0.0
III,Tarlac,Concepcion,2019-06-12,22.9,35.3,79.4,6.6,25.0,209.1,Seedling,4,2.81,0.0
III,Tarlac,Concepcion,2019-06-13,22.5,34.7,72.0,0.0,23.0,227.3,Seedling,5,4.18,0.02
III,Tarlac,Concepcion,2019-06-14,22.2,36.0,71.6,0.0,23.4,209.7,Seedling,2,2.85,0.02
III,Tarlac,Concepcion,2019-06-15,22.8,36.5,71.0,0.0,23.8,225.8,Seedling,8,3.79,0.06
III,Tarlac,Concepcion,2019-06-16,22.6,35.3,73.8,0.0,23.7,245.3,Seedling,4,4.05,0.05
III,Tarlac,Concepcion,2019-06-17,22.9,34.1,76.9,0.0,23.9,233.9,Seedling,4,4.72,0.0
III,Tarlac,Concepcion,2019-06-18,22.5,33.1,79.3,17.4,23.7,199.4,Seedling,2,3.3,0.21
III,Tarlac,Concepcion,2019-06-19,22.6,32.9,77.2,9.5,23.2,203.9,Seedling,10,4.2,0.1
III,Tarlac,Concepcion,2019-06-20,23.7,33.6,72.2,0.0,23.1,226.5,Seedling,5,4.03,0.07
III,Tarlac,Concepcion,2019-06-21,23.6,34.3,69.7,0.0,22.9,216.0,Seedling,12,3.49,0.2
III,Tarlac,Concepcion,2019-06-22,22.9,33.8,73.3,13.8,23.0,217.4,Seedling,9,3.47,0.13
III,Tarlac,Concepcion,2019-06-23,22.9,34.7,71.5,0.0,23.1,217.7,Seedling,8,3.72,0.06
III,Tarlac,Concepcion,2019-06-24,23.1,34.4,73.6,0.0,23.5,222.0,Seedling,3,2.55,0.17
III,Tarlac,Concepcion,2019-06-25,22.5,32.3,76.5,10.4,22.7,205.1,Tillering,17,1.71,0.09
III,Tarlac,Concepcion,2019-06-26,22.0,31.4,72.0,0.0,21.1,233.2,Tillering,16,1.59,0.07
III,Tarlac,Concepcion,2019-06-27,21.8,33.7,76.5,6.6,23.0,238.0,Tillering,5,1.25,0.0
III,Tarlac,Concepcion,2019-06-28,21.9,34.04,74.6,7.3,23.3,217.5,Tillering,23,0.76,0.0
III,Tarlac,Concepcion,2019-06-29,22.5,34.38,72.1,0.0,22.5,228.5,Tillering,18,1.67,0.1
III,Tarlac,Concepcion,2019-06-30,22.3,34.72,79.3,19.2,23.8,198.6,Tillering,29,0.0,0.12
III,Tarlac,Concepcion,2019-07-01,22.2,35.06,78.7,9.2,24.9,225.5,Tillering,18,0.49,0.14
III,Tarlac,Concepcion,2019-07-02,21.5,35.4,76.2,10.1,23.7,216.6,Tillering,22,0.8,0.18
III,Tarlac,Concepcion,2019-07-03,22.4,36.5,72.8,0.0,24.0,220.6,Tillering,16,1.01,0.18
III,Tarlac,Concepcion,2019-07-04,22.3,35.7,76.0,22.6,24.2,212.4,Tillering,12,2.66,0.16
III,Tarlac,Concepcion,2019-07-05,21.9,37.1,73.2,0.8,24.1,213.0,Tillering,14,2.2,0.1
III,Tarlac,Concepcion,2019-07-06,22.9,35.3,72.9,0.0,23.7,199.2,Tillering,17,2.74,0.0
III,Tarlac,Concepcion,2019-07-07,23.6,35.9,75.3,11.8,24.8,191.6,Tillering,10,2.05,0.07
III,Tarlac,Concepcion,2019-07-08,24.0,35.7,76.8,15.1,25.2,220.4,Tillering,12,2.97,0.12
III,Tarlac,Concepcion,2019-07-09,23.9,36.1,72.3,0.0,24.5,212.3,Tillering,20,2.64,0.02
III,Tarlac,Concepcion,2019-07-10,23.4,36.3,69.6,0.0,23.8,212.2,Tillering,19,3.8,0.17
III,Tarlac,Concepcion,2019-07-11,23.8,35.4,70.5,0.0,23.7,217.2,Tillering,12,3.76,0.08
III,Tarlac,Concepcion,2019-07-12,23.7,36.1,73.8,0.0,24.7,222.1,Tillering,8,4.0,0.12
III,Tarlac,Concepcion,2019-07-13,24.1,35.0,72.3,0.0,24.0,213.2,Tillering,4,4.69,0.02
III,Tarlac,Concepcion,2019-07-14,24.1,34.7,78.8,94.8,25.2,170.0,Tillering,14,4.18,0.06
III,Tarlac,Concepcion,2019-07-15,24.4,35.5,68.9,0.0,23.7,210.1,Tillering,0,3.51,0.15
III,Tarlac,Concepcion,2019-07-16,24.4,34.2,70.6,0.0,23.4,207.1,Tillering,1,3.56,0.1
III,Tarlac,Concepcion,2019-07-17,24.6,34.5,71.6,0.0,23.9,215.2,Tillering,2,4.17,0.03
III,Tarlac,Concepcion,2019-07-18,24.2,35.1,74.0,0.0,24.4,214.9,Tillering,2,2.94,0.06
III,Tarlac,Concepcion,2019-07-19,24.1,33.6,76.0,4.7,24.0,219.5,Tillering,0,2.6,0.22
III,Tarlac,Concepcion,2019-07-20,24.4,33.5,76.05,0.0,23.1,220.7,Tillering,2,2.72,0.02
III,Tarlac,Concepcion,2019-07-21,24.3,33.1,76.1,0.0,23.2,218.1,Elongation,4,2.73,0.06
III,Tarlac,Concepcion,2019-07-22,24.0,34.0,76.15,0.0,23.9,221.1,Elongation,1,2.49,0.04
III,Tarlac,Concepcion,2019-07-23,23.3,32.6,76.2,0.0,23.2,213.1,Elongation,1,0.49,0.12
III,Tarlac,Concepcion,2019-07-24,22.5,32.8,79.0,0.0,23.4,221.2,Elongation,1,0.35,0.2
III,Tarlac,Concepcion,2019-07-25,22.7,35.3,82.8,8.3,25.6,201.9,Elongation,3,1.15,0.0
III,Tarlac,Concepcion,2019-07-26,22.5,35.1,81.0,0.0,25.0,219.8,Elongation,8,0.7,0.14
III,Tarlac,Concepcion,2019-07-27,23.4,33.2,75.1,0.0,23.3,221.7,Elongation,13,0.64,0.06
III,Tarlac,Concepcion,2019-07-28,22.6,32.7,73.1,0.0,22.3,205.4,Elongation,4,0.75,0.08
III,Tarlac,Concepcion,2019-07-29,22.0,32.1,75.8,34.9,22.2,188.0,Elongation,11,0.4,0.02
III,Tarlac,Concepcion,2019-07-30,23.5,35.6,71.7,0.0,23.9,225.1,Elongation,11,0.0,0.19
III,Tarlac,Concepcion,2019-07-31,23.4,34.6,73.8,0.0,23.8,224.3,Elongation,9,0.77,0.19
III,Tarlac,Concepcion,2019-08-01,22.3,35.8,78.1,6.2,24.7,191.8,Elongation,6,0.89,0.0
III,Tarlac,Concepcion,2019-08-02,23.4,36.0,79.4,1.1,25.6,202.4,Elongation,7,1.31,0.01
III,Tarlac,Concepcion,2019-08-03,23.0,35.4,76.2,0.0,24.4,203.4,Elongation,20,0.19,0.07
III,Tarlac,Concepcion,2019-08-04,23.5,33.8,77.4,4.7,24.1,208.2,Elongation,17,0.94,0.09
III,Tarlac,Concepcion,2019-08-05,24.2,33.5,73.8,0.0,23.6,204.5,Elongation,23,0.6,0.03
III,Tarlac,Concepcion,2019-08-06,23.4,34.3,77.0,15.2,24.2,189.2,Elongation,8,0.99,0.22
III,Tarlac,Concepcion,2019-08-07,23.6,34.9,78.3,13.4,24.9,202.8,Elongation,15,1.11,0.0
III,Tarlac,Concepcion,2019-08-08,23.9,34.8,81.1,14.7,25.6,182.7,Elongation,8,0.14,0.2
III,Tarlac,Concepcion,2019-08-09,22.8,35.7,80.8,14.3,25.4,201.8,Elongation,22,0.53,0.06
III,Tarlac,Concepcion,2019-08-10,23.3,34.8,76.9,0.0,24.4,209.1,Elongation,18,1.28,0.04
III,Tarlac,Concepcion,2019-08-11,24.3,33.9,77.7,0.0,24.6,233.0,Panicle,7,0.0,1.31
III,Tarlac,Concepcion,2019-08-12,23.4,33.0,77.0,0.0,23.6,235.5,Panicle,9,0.0,2.53
III,Tarlac,Concepcion,2019-08-13,24.7,32.7,83.9,3.0,25.5,220.1,Panicle,14,0.04,0.55
III,Tarlac,Concepcion,2019-08-14,24.6,31.4,82.0,24.6,24.4,187.1,Panicle,14,0.02,0.82
III,Tarlac,Concepcion,2019-08-15,23.7,31.3,77.3,29.1,23.0,186.8,Panicle,24,0.06,1.5
III,Tarlac,Concepcion,2019-08-16,23.7,32.9,75.0,0.0,23.3,210.1,Panicle,13,0.09,1.78
III,Tarlac,Concepcion,2019-08-17,24.4,33.2,78.9,0.0,24.6,201.4,Panicle,18,0.0,1.26
III,Tarlac,Concepcion,2019-08-18,23.0,30.8,84.7,23.8,23.8,198.3,Panicle,18,0.07,0.83
III,Tarlac,Concepcion,2019-08-19,24.2,30.7,82.9,3.4,24.0,201.5,Panicle,23,0.01,0.94
III,Tarlac,Concepcion,2019-08-20,24.7,31.8,82.4,7.0,24.7,210.9,Panicle,31,0.02,0.0
III,Tarlac,Concepcion,2019-08-21,24.5,31.7,77.7,9.7,23.6,200.5,Panicle,24,0.0,0.0
III,Tarlac,Concepcion,2019-08-22,24.7,32.9,79.8,4.7,24.8,199.3,Panicle,25,0.24,0.54
III,Tarlac,Concepcion,2019-08-23,23.3,33.9,77.7,0.0,24.1,204.6,Panicle,22,0.0,1.23
III,Tarlac,Concepcion,2019-08-24,22.7,33.2,84.4,2.4,24.8,211.5,Panicle,21,0.07,0.36
III,Tarlac,Concepcion,2019-08-25,22.7,34.9,84.7,8.3,25.7,194.0,Panicle,23,0.15,0.0
III,Tarlac,Concepcion,2019-08-26,22.566666666666666,34.1,82.4,37.3,24.3,181.7,Flowering,21,0.17,0.96
III,Tarlac,Concepcion,2019-08-27,22.433333333333334,35.4,82.1,2.8,25.1,214.1,Flowering,19,0.09,1.34
III,Tarlac,Concepcion,2019-08-28,22.299999999999997,37.0,78.0,0.0,26.0,231.1,Flowering,12,0.1,2.61
III,Tarlac,Concepcion,2019-08-29,22.166666666666664,37.3,80.3,4.1,26.2,208.3,Flowering,18,0.08,1.3
III,Tarlac,Concepcion,2019-08-30,22.03333333333333,37.5,69.0,0.0,24.2,206.5,Flowering,13,0.0,0.97
III,Tarlac,Concepcion,2019-08-31,21.9,36.0,76.6,37.3,24.3,177.3,Flowering,17,0.15,1.4
III,Tarlac,Concepcion,2019-09-01,23.2,37.3,73.4,0.0,24.9,221.9,Flowering,8,0.06,2.21
III,Tarlac,Concepcion,2019-09-02,23.1,37.0,72.5,0.0,24.6,207.5,Flowering,4,0.09,3.27
III,Tarlac,Concepcion,2019-09-03,22.1,34.9,75.8,19.1,23.7,200.1,Flowering,6,0.13,4.0
III,Tarlac,Concepcion,2019-09-04,22.1,35.4,76.7,6.7,24.1,212.4,Flowering,4,0.1,6.57
III,Tarlac,Concepcion,2019-09-05,21.4,33.5,77.0,30.2,22.8,184.4,Flowering,7,0.08,5.47
III,Tarlac,Concepcion,2019-09-06,22.5,35.2,75.3,0.0,23.9,225.1,Flowering,5,0.1,6.24
III,Tarlac,Concepcion,2019-09-07,22.1,34.2,74.0,0.0,23.0,213.6,Flowering,1,0.096,7.21
III,Tarlac,Concepcion,2019-09-08,22.1,34.4,77.9,4.3,23.8,218.3,Flowering,1,0.092,7.23
III,Tarlac,Concepcion,2019-09-09,22.7,33.8,73.9,0.0,23.0,214.2,Flowering,0,0.088,7.47
III,Tarlac,Concepcion,2019-09-10,21.6,33.0,78.6,10.6,23.0,189.4,Flowering,1,0.084,6.225
III,Tarlac,Concepcion,2019-09-11,22.9,32.9,83.1,2.1,24.5,221.2,Ripening,0,0.08,4.98
III,Tarlac,Concepcion,2019-09-12,23.1,32.4,79.8,11.9,23.7,194.3,Ripening,1,0.1,3.7350000000000003
III,Tarlac,Concepcion,2019-09-13,23.7,33.4,76.1,11.4,23.8,204.7,Ripening,0,0.13,2.49
III,Tarlac,Concepcion,2019-09-14,24.1,33.6,71.0,0.0,23.0,213.4,Ripening,0,0.16,1.245
III,Tarlac,Concepcion,2019-09-15,24.4,33.4,76.1,4.4,24.1,212.4,Ripening,1,0.08,0.0
III,Tarlac,Concepcion,2019-09-16,23.9,33.5,76.1,6.7,23.9,218.3,Ripening,0,0.06,0.0
III,Tarlac,Concepcion,2019-09-17,23.5,35.3,75.0,16.0,24.4,195.9,Ripening,0,0.16,0.53
III,Tarlac,Concepcion,2019-09-18,22.6,34.9,75.9,1.3,23.9,206.4,Ripening,1,0.08,0.72
III,Tarlac,Concepcion,2019-09-19,22.7,34.9,78.8,17.1,24.6,205.3,Ripening,0,0.08,1.92
III,Tarlac,Concepcion,2019-09-20,23.6,36.2,78.6,15.7,25.6,212.8,Ripening,1,0.17,0.76
III,Tarlac,Concepcion,2019-09-21,22.6,34.8,81.1,10.2,24.9,213.4,Ripening,0,0.1,0.09
III,Tarlac,Concepcion,2019-09-22,23.6,36.2,83.7,6.8,26.6,205.0,Ripening,0,0.13,0.0
III,Tarlac,Concepcion,2019-09-23,22.8,36.5,78.8,0.0,25.4,208.5,Ripening,1,0.08,2.01
III,Tarlac,Concepcion,2019-09-24,23.4,36.2,75.1,0.0,24.8,213.1,Ripening,3,0.13,2.74
III,Tarlac,Concepcion,2019-09-25,23.1,35.5,79.1,26.9,25.1,188.5,Ripening,1,0.03,2.25
III,Tarlac,Concepcion,2019-09-26,23.0,36.7,79.5,3.4,25.8,202.9,Ripening,2,0.09,3.67
III,Tarlac,Concepcion,2019-09-27,22.9,35.5,77.2,29.8,24.6,195.2,Ripening,0,0.13,3.93
III,Tarlac,Concepcion,2019-09-28,22.3,34.7,74.2,0.0,23.3,208.5,Ripening,1,0.17,5.08
III,Tarlac,Concepcion,2019-09-29,21.9,33.6,79.3,11.8,23.6,203.8,Ripening,3,0.0,3.09
III,Tarlac,Concepcion,2019-09-30,22.1,34.5,79.1,10.3,24.1,217.3,Ripening,1,0.17,6.42
III,Tarlac,Concepcion,2019-10-01,23.0,33.8,74.6,2.9,23.3,216.8,Ripening,0,0.16,6.39
III,Tarlac,Concepcion,2019-10-02,23.1,35.2,70.7,1.3,23.3,214.8,Ripening,0,0.2,5.07
III,Tarlac,Concepcion,2019-10-03,23.2,35.0,66.2,0.0,22.3,216.1,Ripening,0,0.18,5.65
III,Tarlac,Concepcion,2019-10-04,22.6,33.8,73.8,5.2,23.0,214.9,Ripening,0,0.0,4.77
III,Tarlac,Concepcion,2019-10-05,22.7,32.7,76.3,19.2,23.0,199.2,Ripening,0,0.05,3.36
III,Tarlac,Concepcion,2019-10-06,23.8,34.3,76.4,6.6,24.3,207.9,Ripening,0,0.18,2.92
III,Tarlac,Concepcion,2019-10-07,24.4,34.6,76.6,4.6,24.8,215.7,Ripening,0,0.2,0.07
III,Tarlac,Concepcion,2019-10-08,23.6,34.6,73.7,0.0,23.8,215.9,Ripening,0,0.1,0.19
III,Tarlac,Concepcion,2019-10-09,23.1,34.9,79.6,6.3,24.9,203.7,Ripening,0,0.12,0.09
III,Tarlac,Concepcion,2019-10-10,23.8,34.2,79.9,0.0,25.0,213.8,Ripening,0,0.12,0.15
III,Tarlac,Concepcion,2019-10-11,23.6,33.2,76.6,0.0,23.7,204.6,Ripening,0,0.06,0.05
III,Tarlac,Concepcion,2019-10-12,22.0,33.1,78.5,0.0,23.2,218.5,Ripening,0,0.19,0.07
III,Tarlac,Concepcion,2019-10-13,22.3,33.8,75.7,0.0,23.2,224.5,Ripening,0,0.12,0.04
III,Tarlac,Concepcion,2019-10-14,22.5,34.2,77.2,9.8,23.8,205.6,Ripening,0,0.19,0.13
III,Tarlac,Concepcion,2019-10-15,22.45,34.7,79.0,2.0,24.5,205.7,Ripening,0,0.01,0.04
III,Tarlac,Concepcion,2019-10-16,22.4,31.7,79.6,44.1,22.3,184.0,Ripening,0,0.0,0.05
III,Tarlac,Concepcion,2019-10-17,22.35,34.0,78.3,0.0,23.1,216.8,Ripening,0,0.11,0.13
III,Tarlac,Concepcion,2019-10-18,22.3,33.6,76.2,0.0,23.0,221.5,Ripening,0,0.0,0.09
III,Tarlac,Concepcion,2019-10-19,22.25,34.6,81.9,9.5,24.8,217.2,Ripening,0,0.1,0.07
III,Tarlac,Concepcion,2019-10-20,22.2,35.7,80.0,0.0,25.0,216.4,Ripening,0,0.07,0.0
III,Tarlac,Concepcion,2019-10-21,22.7,34.5,82.5,10.4,25.1,227.3,Ripening,0,0.01,0.01
III,Tarlac,Concepcion,2019-10-22,23.0,33.9,82.9,89.6,25.0,162.7,Ripening,0,0.05,0.1
III,Tarlac,Concepcion,2019-10-23,24.3,33.9,76.0,0.0,24.3,219.2,Ripening,0,0.11,0.15
III,Tarlac,Concepcion,2019-10-24,24.4,35.4,78.0,6.0,25.5,203.0,Ripening,0,0.1,0.17
III,Tarlac,Concepcion,2019-10-25,24.2,36.6,74.2,0.0,25.2,239.6,Ripening,0,0.0,0.12
III,Tarlac,Concepcion,2019-10-26,24.5,34.9,80.0,11.6,25.7,212.7,Ripening,0,0.09,0.04
III,Tarlac,Concepcion,2019-10-27,24.9,35.0,76.7,0.0,25.3,232.3,Ripening,0,0.08,0.05
III,Tarlac,Concepcion,2019-10-28,24.1,37.7,76.8,4.5,26.3,216.7,Ripening,1,0.15,0.21
III,Tarlac,Concepcion,2019-10-29,24.3,34.4,75.6,0.0,24.5,218.4,Ripening,0,0.13,0.02
III,Tarlac,Concepcion,2019-10-30,23.7,34.03333333333333,81.1,13.5,25.6,212.5,Ripening,0,0.04,0.13
III,Tarlac,Concepcion,2019-10-31,24.7,33.666666666666664,80.7,5.2,26.3,212.2,Ripening,0,0.05,0.21
III,Tarlac,Concepcion,2019-11-01,25.0,33.3,73.4,0.0,24.5,217.6,Ripening,0,0.07,0.0
III,Tarlac,Concepcion,2019-11-02,24.2,32.93333333333334,73.4,0.0,24.0,232.8,Ripening,0,0.13,0.11
III,Tarlac,Concepcion,2019-11-03,24.7,32.56666666666667,74.6,0.0,23.9,213.7,Ripening,0,0.0,0.04
III,Tarlac,Concepcion,2019-11-04,24.1,32.2,74.7,0.0,23.1,224.9,Seedling,0,0.13,0.0
III,Tarlac,Concepcion,2019-11-05,24.0,33.4,77.1,7.1,23.34,218.0,Seedling,0,0.0,0.03
III,Tarlac,Concepcion,2019-11-06,24.7,34.5,71.1,0.0,23.580000000000002,213.8,Seedling,0,0.0,0.04
III,Tarlac,Concepcion,2019-11-07,23.3,33.6,77.2,3.1,23.82,215.5,Seedling,0,0.12,0.16
III,Tarlac,Concepcion,2019-11-08,23.7,32.3,75.2,6.2,24.060000000000002,223.5,Seedling,0,0.0,0.16
III,Tarlac,Concepcion,2019-11-09,24.6,32.1,79.7,9.3,24.3,219.8,Seedling,0,0.12,0.07
III,Tarlac,Concepcion,2019-11-10,24.9,30.9,79.7,4.3,23.8,220.8,Seedling,0,0.0,0.16
III,Tarlac,Concepcion,2019-11-11,25.0,31.9,73.9,0.0,23.2,227.6,Seedling,0,0.01,0.05
III,Tarlac,Concepcion,2019-11-12,25.2,32.3,75.2,0.0,23.8,217.8,Seedling,0,0.08,0.0
III,Tarlac,Concepcion,2019-11-13,23.6,31.9,77.9,12.7,23.3,219.8,Seedling,0,0.14,0.08
III,Tarlac,Concepcion,2019-11-14,23.8,31.6,80.3,3.2,23.8,214.6,Seedling,0,0.18,0.15
III,Tarlac,Concepcion,2019-11-15,22.4,32.7,77.4,9.7,23.0,221.5,Seedling,0,0.18,0.08
III,Tarlac,Concepcion,2019-11-16,23.5,33.0,70.7,0.0,22.4,220.9,Seedling,0,0.17,0.05
III,Tarlac,Concepcion,2019-11-17,23.4,33.1,69.1,0.0,22.1,219.7,Seedling,0,0.09,0.15
III,Tarlac,Concepcion,2019-11-18,22.5,31.9,71.3,16.3,21.5,214.5,Seedling,0,0.16,0.06
III,Tarlac,Concepcion,2019-11-19,24.0,33.0,68.8,6.2,22.3,214.7,Seedling,0,0.08,0.0
III,Tarlac,Concepcion,2019-11-20,23.1,32.8,68.0,8.0,21.5,217.7,Seedling,0,0.0,0.11
III,Tarlac,Concepcion,2019-11-21,23.9,33.2,64.0,0.0,21.4,212.4,Seedling,0,0.07,0.2
III,Tarlac,Concepcion,2019-11-22,23.5,32.2,62.9,0.0,20.4,230.4,Seedling,1,0.03,0.03
III,Tarlac,Concepcion,2019-11-23,23.8,33.1,66.0,0.0,21.7,209.5,Seedling,0,0.02,0.21
III,Tarlac,Concepcion,2019-11-24,24.5,34.2,68.4,0.0,23.0,243.2,Seedling,0,0.03,0.15
III,Tarlac,Concepcion,2019-11-25,23.8,32.6,72.7,8.8,22.7,233.4,Seedling,0,0.07,0.15
III,Tarlac,Concepcion,2019-11-26,24.5,31.5,69.8,0.0,22.0,229.1,Seedling,0,0.11,0.15
III,Tarlac,Concepcion,2019-11-27,23.7,30.8,71.1,0.0,21.5,217.5,Seedling,0,0.0,0.0
III,Tarlac,Concepcion,2019-11-28,23.6,31.9,76.5,1.4,23.0,229.7,Seedling,0,0.0,0.15
III,Tarlac,Concepcion,2019-11-29,23.0,32.0,72.5,0.0,22.0,221.8,Seedling,0,0.0,0.22
III,Tarlac,Concepcion,2019-11-30,22.0,33.9,73.6,0.0,22.7,234.2,Seedling,0,0.1,0.0
III,Tarlac,Concepcion,2019-12-01,22.3,33.3,71.3,0.0,22.1,220.7,Seedling,0,0.06,0.07
III,Tarlac,Concepcion,2019-12-02,22.1,32.0,72.4,0.0,21.5,234.8,Seedling,0,0.0,0.14
III,Tarlac,Concepcion,2019-12-03,21.4,31.6,72.6,0.0,21.0,241.3,Seedling,0,0.0,0.07
III,Tarlac,Concepcion,2019-12-04,21.7,32.7,74.2,0.0,22.0,226.7,Seedling,1,0.16,0.04
III,Tarlac,Concepcion,2019-12-05,22.4,32.2,70.6,0.0,21.4,216.3,Seedling,2,0.0,0.06
III,Tarlac,Concepcion,2019-12-06,21.7,31.8,73.0,16.6,21.4,213.8,Seedling,1,0.0,0.1
III,Tarlac,Concepcion,2019-12-07,21.9,34.3,72.2,1.6,22.5,223.9,Seedling,1,0.0,0.12
III,Tarlac,Concepcion,2019-12-08,22.9,33.8,71.7,0.0,22.7,231.0,Seedling,0,0.0,0.12
III,Tarlac,Concepcion,2019-12-09,22.4,34.0,74.9,2.1,23.2,233.4,Seedling,1,1.3,0.08
III,Tarlac,Concepcion,2019-12-10,22.3,33.3,74.8,13.6,22.8,211.2,Seedling,0,0.38,0.11
III,Tarlac,Concepcion,2019-12-11,22.4,33.7,71.9,6.9,22.4,235.4,Seedling,0,0.76,0.08
III,Tarlac,Concepcion,2019-12-12,22.1,33.1,65.2,0.0,20.6,233.4,Seedling,1,0.0,0.11
III,Tarlac,Concepcion,2019-12-13,22.3,33.4,63.4,0.3,20.5,231.7,Seedling,0,0.68,0.2
III,Tarlac,Concepcion,2019-12-14,22.6,34.9,68.5,0.0,22.4,224.6,Seedling,1,0.43,0.0
III,Tarlac,Concepcion,2019-12-15,22.7,35.1,73.6,0.0,23.6,226.4,Seedling,1,0.0,0.12
III,Tarlac,Concepcion,2019-12-16,23.8,34.0,67.6,0.0,22.4,226.8,Seedling,1,0.74,0.04
III,Tarlac,Concepcion,2019-12-17,23.0,33.7,67.8,0.0,21.9,222.7,Seedling,0,0.39,0.17
III,Tarlac,Concepcion,2019-12-18,22.9,33.5,69.6,0.0,22.1,224.1,Tillering,1,1.65,0.05
III,Tarlac,Concepcion,2019-12-19,22.9,33.9,69.6,0.0,22.3,228.3,Tillering,1,1.53,0.16
III,Tarlac,Concepcion,2019-12-20,22.7,32.3,66.9,0.0,20.9,226.2,Tillering,2,2.03,0.08
III,Tarlac,Concepcion,2019-12-21,22.3,32.5,69.4,0.0,21.3,221.5,Tillering,0,1.06,0.06
III,Tarlac,Concepcion,2019-12-22,22.1,32.4,68.5,0.0,21.0,227.2,Tillering,2,1.85,0.09
III,Tarlac,Concepcion,2019-12-23,22.5,31.6,67.7,0.0,20.6,228.3,Tillering,0,0.0,0.0
III,Tarlac,Concepcion,2019-12-24,22.4,32.0,62.8,0.0,19.8,244.5,Tillering,0,0.2,0.22
III,Tarlac,Concepcion,2019-12-25,22.9,33.6,64.3,0.0,21.1,229.4,Tillering,2,1.02,0.16
III,Tarlac,Concepcion,2019-12-26,22.7,32.6,69.2,0.0,21.5,212.7,Tillering,4,0.09,0.05
III,Tarlac,Concepcion,2019-12-27,23.0,31.6,72.4,1.5,21.8,229.8,Tillering,2,0.06,0.0
III,Tarlac,Concepcion,2019-12-28,23.2,31.7,67.3,0.0,20.9,241.6,Tillering,1,0.07,0.11
III,Tarlac,Concepcion,2019-12-29,23.9,31.5,65.7,0.2,20.8,225.1,Tillering,0,0.37,0.04
III,Tarlac,Concepcion,2019-12-30,23.7,31.5,67.6,0.0,21.1,230.1,Tillering,1,0.75,0.01
III,Tarlac,Concepcion,2019-12-31,23.2,30.7,67.6,16.7,20.5,228.0,Tillering,2,1.05,0.0
III,Tarlac,Concepcion,2020-01-01,23.1,30.5,63.8,0.0,19.6,238.7,Tillering,1,0.0,0.13
III,Tarlac,Concepcion,2020-01-02,22.3,31.1,67.6,0.0,20.2,230.6,Tillering,2,0.88,0.13
III,Tarlac,Concepcion,2020-01-03,22.3,31.9,68.9,16.2,20.9,214.2,Tillering,1,0.0,0.13
III,Tarlac,Concepcion,2020-01-04,23.9,31.5,64.8,0.0,20.7,247.1,Tillering,2,0.28,0.09
III,Tarlac,Concepcion,2020-01-05,23.4,32.6,66.5,0.0,21.3,236.8,Tillering,3,0.0,0.1
III,Tarlac,Concepcion,2020-01-06,22.2,32.8,67.7,0.0,21.0,240.0,Tillering,3,0.0,0.03
III,Tarlac,Concepcion,2020-01-07,22.6,34.7,67.1,0.0,22.1,234.3,Tillering,3,0.07,0.07
III,Tarlac,Concepcion,2020-01-08,22.2,32.7,68.3,0.0,21.1,234.1,Tillering,3,0.55,0.0
III,Tarlac,Concepcion,2020-01-09,22.0,33.4,69.4,0.0,21.6,235.1,Tillering,4,0.07,0.05
III,Tarlac,Concepcion,2020-01-10,23.3,34.1,70.3,0.0,22.8,236.2,Tillering,4,0.27,0.0
III,Tarlac,Concepcion,2020-01-11,23.2,32.9,71.1,4.9,22.3,223.0,Tillering,3,1.06,0.11
III,Tarlac,Concepcion,2020-01-12,23.5,33.4,67.9,0.0,22.0,231.1,Elongation,1,0.92,0.09
III,Tarlac,Concepcion,2020-01-13,23.7,32.7,71.4,3.0,22.5,225.3,Elongation,4,0.82,0.12
III,Tarlac,Concepcion,2020-01-14,23.5,32.8,66.6,0.0,21.5,226.6,Elongation,0,0.85,0.0
III,Tarlac,Concepcion,2020-01-15,23.8,32.7,65.2,0.0,21.3,245.6,Elongation,6,1.29,0.21
III,Tarlac,Concepcion,2020-01-16,23.8,31.4,65.5,0.0,20.7,232.6,Elongation,1,0.98,0.0
III,Tarlac,Concepcion,2020-01-17,22.5,32.5,67.3,0.0,21.0,240.1,Elongation,1,0.29,0.11
III,Tarlac,Concepcion,2020-01-18,22.8,32.8,68.4,0.0,21.5,243.4,Elongation,3,1.74,0.02
III,Tarlac,Concepcion,2020-01-19,22.3,33.5,70.3,0.0,22.0,231.1,Elongation,3,1.94,0.2
III,Tarlac,Concepcion,2020-01-20,21.1,34.4,64.2,0.0,20.6,232.6,Elongation,1,3.09,0.15
III,Tarlac,Concepcion,2020-01-21,21.7,36.5,65.7,0.0,22.2,229.7,Elongation,1,3.46,0.03
III,Tarlac,Concepcion,2020-01-22,21.1,34.5,70.1,4.9,21.8,223.1,Elongation,0,2.62,0.14
III,Tarlac,Concepcion,2020-01-23,22.8,34.8,69.0,0.0,22.6,233.5,Elongation,1,4.0,0.12
III,Tarlac,Concepcion,2020-01-24,22.6,35.6,69.9,0.0,23.1,242.8,Elongation,3,4.05,0.04
III,Tarlac,Concepcion,2020-01-25,22.2,34.7,69.6,0.0,22.4,251.1,Elongation,1,4.35,0.14
III,Tarlac,Concepcion,2020-01-26,23.4,34.5,67.4,0.0,22.4,239.1,Elongation,3,3.31,0.11
III,Tarlac,Concepcion,2020-01-27,23.5,34.6,71.1,0.0,23.3,239.9,Elongation,0,4.73,0.13
III,Tarlac,Concepcion,2020-01-28,22.9,33.2,71.2,0.0,22.3,234.7,Elongation,1,4.75,0.07
III,Tarlac,Concepcion,2020-01-29,23.6,35.1,66.3,0.0,22.6,237.6,Elongation,5,5.31,0.05
III,Tarlac,Concepcion,2020-01-30,22.8,35.7,66.3,0.0,22.5,239.5,Elongation,2,6.07,0.19
III,Tarlac,Concepcion,2020-01-31,23.2,35.7,64.6,0.0,22.4,235.4,Panicle,1,0.13,12.92
III,Tarlac,Concepcion,2020-02-01,22.7,35.2,66.1,0.0,22.2,235.6,Panicle,1,0.19,13.87
III,Tarlac,Concepcion,2020-02-02,22.5,35.9,66.1,0.0,22.4,228.9,Panicle,1,0.13,14.65
III,Tarlac,Concepcion,2020-02-03,22.8,33.9,67.7,0.0,21.9,230.6,Panicle,2,0.0,13.68
III,Tarlac,Concepcion,2020-02-04,23.3,34.9,68.7,8.6,22.8,229.5,Panicle,0,0.05,12.43
III,Tarlac,Concepcion,2020-02-05,24.3,34.9,66.4,0.0,22.9,240.3,Panicle,1,0.11,12.89
III,Tarlac,Concepcion,2020-02-06,23.1,34.2,66.8,0.0,22.0,247.7,Panicle,0,0.13,11.93
III,Tarlac,Concepcion,2020-02-07,22.9,34.5,67.2,0.0,22.1,242.1,Panicle,3,0.01,10.95
III,Tarlac,Concepcion,2020-02-08,23.3,33.7,64.6,0.0,21.4,231.6,Panicle,1,0.04,11.75
III,Tarlac,Concepcion,2020-02-09,22.7,33.7,66.5,0.0,21.5,248.0,Panicle,2,0.14,10.44
III,Tarlac,Concepcion,2020-02-10,22.7,33.6,67.8,0.0,21.7,241.1,Panicle,2,0.12,9.08
III,Tarlac,Concepcion,2020-02-11,22.0,32.6,66.3,0.0,20.6,242.2,Panicle,0,0.0,10.32
III,Tarlac,Concepcion,2020-02-12,22.8,32.6,64.8,0.0,20.7,249.0,Panicle,0,0.0,8.58
III,Tarlac,Concepcion,2020-02-13,23.2,32.8,64.6,0.0,20.9,245.0,Panicle,4,0.12,5.91
III,Tarlac,Concepcion,2020-02-14,23.5,32.2,66.7,0.0,21.2,234.6,Flowering,0,0.11,3.81
III,Tarlac,Concepcion,2020-02-15,22.6,33.7,62.3,0.0,20.6,233.9,Flowering,1,0.0,2.24
III,Tarlac,Concepcion,2020-02-16,23.5,32.2,66.0,0.0,21.0,232.4,Flowering,1,0.15,1.02
III,Tarlac,Concepcion,2020-02-17,22.7,32.3,67.8,0.0,21.1,242.3,Flowering,1,0.14,1.68
III,Tarlac,Concepcion,2020-02-18,22.4,32.6,68.5,0.0,21.2,236.8,Flowering,2,0.16,1.18
III,Tarlac,Concepcion,2020-02-19,22.9,32.3,68.5,0.0,21.3,253.3,Flowering,2,0.08,0.0
III,Tarlac,Concepcion,2020-02-20,22.9,32.6,67.9,0.0,21.3,245.9,Flowering,1,0.01,2.3
III,Tarlac,Concepcion,2020-02-21,22.9,32.7,64.5,0.0,20.7,244.3,Flowering,2,0.06,0.0
III,Tarlac,Concepcion,2020-02-22,22.5,32.3,68.2,2.7,21.0,253.0,Flowering,1,0.0,0.15
III,Tarlac,Concepcion,2020-02-23,21.7,32.2,62.8,0.0,19.5,239.6,Flowering,0,0.06,0.4
III,Tarlac,Concepcion,2020-02-24,21.7,32.6,63.3,0.0,19.8,256.2,Flowering,1,0.01,0.52
III,Tarlac,Concepcion,2020-02-25,21.5,32.9,64.8,0.0,20.2,238.6,Flowering,1,0.07,0.81
III,Tarlac,Concepcion,2020-02-26,21.4,32.5,64.7,0.0,19.9,234.9,Flowering,1,0.11,1.43
III,Tarlac,Concepcion,2020-02-27,21.4,30.9,65.6,0.0,19.3,238.6,Flowering,0,0.0,0.28
III,Tarlac,Concepcion,2020-02-28,21.8,31.2,68.6,0.0,20.2,237.8,Flowering,0,0.07,1.25
III,Tarlac,Concepcion,2020-02-29,21.5,32.0,67.9,0.0,20.3,250.7,Ripening,1,0.0,1.45
III,Tarlac,Concepcion,2020-03-01,21.8,32.4,69.8,0.0,21.1,242.5,Ripening,1,0.09,1.61
III,Tarlac,Concepcion,2020-03-02,20.7,33.3,70.8,0.0,21.2,234.9,Ripening,1,0.24,0.16
III,Tarlac,Concepcion,2020-03-03,21.8,32.5,68.9,0.0,21.366666666666667,238.4,Ripening,0,0.13,1.13
III,Tarlac,Concepcion,2020-03-04,21.6,33.8,68.1,0.0,21.53333333333333,235.3,Ripening,3,0.09,0.31
III,Tarlac,Concepcion,2020-03-05,21.2,32.0,75.5,8.0,21.7,226.2,Ripening,0,0.0,1.21
III,Tarlac,Concepcion,2020-03-06,21.5,32.5,68.5,0.0,20.7,238.8,Ripening,0,0.16,0.93
III,Tarlac,Concepcion,2020-03-07,21.3,32.6,70.1,0.0,21.0,247.4,Ripening,1,0.16,0.17
III,Tarlac,Concepcion,2020-03-08,21.7,31.5,68.6,0.0,20.3,231.7,Ripening,0,0.08,0.52
III,Tarlac,Concepcion,2020-03-09,22.9,32.9,66.4,0.0,21.2,238.3,Ripening,2,0.19,1.1
III,Tarlac,Concepcion,2020-03-10,23.6,33.8,67.5,0.0,22.2,234.5,Ripening,3,0.12,0.57
III,Tarlac,Concepcion,2020-03-11,22.7,33.2,69.4,0.0,21.8,242.3,Ripening,4,0.05,0.9
III,Tarlac,Concepcion,2020-03-12,22.8,33.5,72.2,0.0,22.6,245.4,Ripening,4,0.17,1.19
III,Tarlac,Concepcion,2020-03-13,22.3,34.9,69.1,0.0,22.4,241.3,Ripening,2,0.2,1.61
III,Tarlac,Concepcion,2020-03-14,20.9,32.6,67.7,0.0,20.3,252.0,Ripening,8,0.08,0.46
III,Tarlac,Concepcion,2020-03-15,20.8,32.7,69.4,0.0,20.6,238.8,Ripening,2,0.08,0.0
III,Tarlac,Concepcion,2020-03-16,20.0,33.5,69.0,0.0,20.6,253.1,Ripening,5,0.1,0.44
III,Tarlac,Concepcion,2020-03-17,19.7,33.7,67.2,0.0,20.1,231.2,Ripening,4,0.14,0.08
III,Tarlac,Concepcion,2020-03-18,19.8,33.9,67.1,0.0,20.3,244.4,Ripening,4,0.06,0.51
III,Tarlac,Concepcion,2020-03-19,20.2,33.5,66.0,0.0,20.0,235.0,Ripening,1,0.23,0.0
III,Tarlac,Concepcion,2020-03-20,20.2,33.0,67.7,4.8,20.1,251.5,Ripening,3,0.12,0.49
III,Tarlac,Concepcion,2020-03-21,21.0,32.3,65.3,0.0,19.7,232.7,Ripening,1,0.06,0.0
III,Tarlac,Concepcion,2020-03-22,21.2,32.9,66.0,0.0,20.2,240.5,Ripening,1,0.1,1.42
III,Tarlac,Concepcion,2020-03-23,22.4,33.2,65.9,0.0,21.0,250.2,Ripening,2,0.0,0.22
III,Tarlac,Concepcion,2020-03-24,22.8,32.4,65.5,0.0,20.7,251.39999999999998,Ripening,0,0.04,0.06
III,Tarlac,Concepcion,2020-03-25,22.0,32.0,64.1,0.0,19.8,252.6,Ripening,0,0.03,0.09
III,Tarlac,Concepcion,2020-03-26,21.6,32.8,69.8,10.1,21.2,253.79999999999998,Ripening,0,0.18,0.04
III,Tarlac,Concepcion,2020-03-27,21.6,32.6,68.8,0.0,20.9,254.99999999999997,Ripening,0,0.01,0.12
III,Tarlac,Concepcion,2020-03-28,21.3,33.7,67.1,0.0,20.9,256.2,Ripening,0,0.0,0.18
III,Tarlac,Concepcion,2020-03-29,22.0,33.8,66.7,0.0,21.2,257.4,Ripening,0,0.2,0.0
III,Tarlac,Concepcion,2020-03-30,21.9,31.6,72.9,9.5,21.3,231.7,Ripening,0,0.05,0.0
III,Tarlac,Concepcion,2020-03-31,22.9,31.2,74.2,6.2,21.9,238.8,Ripening,0,0.0,0.05
III,Tarlac,Concepcion,2020-04-01,22.5,32.5,69.3,0.0,21.4,232.7,Ripening,0,0.17,0.0
III,Tarlac,Concepcion,2020-04-02,21.5,31.7,67.7,3.9,20.1,232.9,Ripening,0,0.03,0.2
III,Tarlac,Concepcion,2020-04-03,21.5,32.9,62.2,0.0,19.6,230.9,Ripening,0,0.06,0.09
III,Tarlac,Concepcion,2020-04-04,21.2,32.7,64.1,0.0,19.8,239.7,Ripening,0,0.0,0.1
III,Tarlac,Concepcion,2020-04-05,21.3,31.9,64.3,0.0,19.5,225.9,Ripening,0,0.11,0.1
III,Tarlac,Concepcion,2020-04-06,23.5,32.2,65.1,0.0,20.9,239.5,Ripening,0,0.01,0.04
III,Tarlac,Concepcion,2020-04-07,22.9,33.1,66.3,0.0,21.3,242.6,Ripening,0,0.11,0.0
III,Tarlac,Concepcion,2020-04-08,22.5,31.5,67.8,0.0,20.6,211.9,Ripening,0,0.09,0.11
III,Tarlac,Concepcion,2020-04-09,22.5,31.0,68.8,0.0,20.5,239.3,Ripening,0,0.23,0.07
III,Tarlac,Concepcion,2020-04-10,21.7,31.4,70.5,9.1,20.6,227.6,Ripening,0,0.09,0.08
III,Tarlac,Concepcion,2020-04-11,22.3,31.1,65.8,0.0,19.9,229.2,Ripening,0,0.07,0.03
III,Tarlac,Concepcion,2020-04-12,23.2,33.1,67.4,6.0,21.6,236.6,Ripening,0,0.09,0.02
III,Tarlac,Concepcion,2020-04-13,23.0,33.4,63.0,0.0,20.8,233.8,Ripening,0,0.1,0.06
III,Tarlac,Concepcion,2020-04-14,22.7,33.4,62.8,0.0,20.6,226.6,Ripening,0,0.0,0.21
III,Tarlac,Concepcion,2020-04-15,22.6,32.8,62.8,0.0,20.3,236.0,Ripening,0,0.08,0.19
III,Tarlac,Concepcion,2020-04-16,23.1,32.4,64.0,0.0,20.6,232.8,Ripening,0,0.05,0.09
III,Tarlac,Concepcion,2020-04-17,23.0,33.2,62.2,0.0,20.5,239.7,Ripening,0,0.02,0.14
III,Tarlac,Concepcion,2020-04-18,22.8,32.8,62.4,0.0,20.3,238.875,Ripening,0,0.22,0.09
III,Tarlac,Concepcion,2020-04-19,22.1,32.4,66.0,0.0,20.4,238.05,Ripening,0,0.22,0.07
III,Tarlac,Concepcion,2020-04-20,22.9,31.2,65.0,0.0,20.0,237.225,Ripening,0,0.05,0.05
III,Tarlac,Concepcion,2020-04-21,22.7,31.8,63.3,0.0,19.9,236.4,Ripening,0,0.0,0.05
III,Tarlac,Concepcion,2020-04-22,23.0,32.7,64.0,0.0,20.7,236.6,Ripening,0,0.02,0.17
III,Tarlac,Concepcion,2020-04-23,23.5,33.6,63.8,0.0,21.3,238.9,Ripening,0,0.13,0.0
III,Tarlac,Concepcion,2020-04-24,23.9,34.9,62.8,0.0,22.0,231.8,Ripening,0,0.06,0.05
III,Tarlac,Concepcion,2020-04-25,23.5,34.2,64.2,0.0,21.7,231.3,Ripening,0,0.0,0.0
III,Tarlac,Concepcion,2020-04-26,23.6,34.1,65.2,0.0,21.9,208.6,Ripening,0,0.04,0.04
III,Tarlac,Concepcion,2020-04-27,22.8,33.4,65.9,0.0,21.3,219.5,Ripening,0,0.1,0.09
III,Tarlac,Concepcion,2020-04-28,21.9,33.3,71.9,12.1,22.0,224.6,Ripening,0,0.05,0.04
III,Tarlac,Concepcion,2020-04-29,21.8,33.7,67.1,0.0,21.2,226.9,Ripening,0,0.08,0.08
III,Tarlac,Concepcion,2020-04-30,21.3,34.4,69.0,0.0,21.7,241.2,Seedling,0,0.17,0.09
III,Tarlac,Concepcion,2020-05-01,21.2,34.5,68.8,0.0,21.6,236.6,Seedling,0,0.0,0.04
III,Tarlac,Concepcion,2020-05-02,21.6,36.1,69.1,0.0,22.7,224.8,Seedling,0,0.0,0.07
III,Tarlac,Concepcion,2020-05-03,21.5,34.5,75.2,0.0,23.0,244.2,Seedling,0,0.12,0.0
III,Tarlac,Concepcion,2020-05-04,20.8,33.4,72.2,0.0,21.5,243.9,Seedling,0,0.06,0.16
III,Tarlac,Concepcion,2020-05-05,21.6,32.4,69.7,0.0,20.9,234.2,Seedling,0,0.0,0.09
III,Tarlac,Concepcion,2020-05-06,21.8,33.1,71.7,0.0,21.8,215.1,Seedling,0,0.09,0.16
III,Tarlac,Concepcion,2020-05-07,22.6,33.0,67.7,0.0,21.3,215.4,Seedling,0,0.19,0.14
III,Tarlac,Concepcion,2020-05-08,23.1,32.6,70.8,5.3,22.0,220.6,Seedling,0,0.04,0.07
III,Tarlac,Concepcion,2020-05-09,22.3,32.6,70.4,0.0,21.5,235.1,Seedling,0,0.02,0.09
III,Tarlac,Concepcion,2020-05-10,22.0,32.4,69.7,0.0,21.1,233.6,Seedling,0,0.09,0.07
III,Tarlac,Concepcion,2020-05-11,21.8,34.0,71.7,0.0,22.2,218.7,Seedling,0,0.04,0.14
III,Tarlac,Concepcion,2020-05-12,22.4,35.5,70.5,0.0,23.0,221.1,Seedling,0,0.07,0.0
III,Tarlac,Concepcion,2020-05-13,23.2,34.8,70.5,0.0,23.1,214.3,Seedling,1,0.04,0.03
III,Tarlac,Concepcion,2020-05-14,23.0,33.2,68.8,0.0,21.9,228.6,Seedling,1,0.0,0.02
III,Tarlac,Concepcion,2020-05-15,22.1,33.5,72.8,0.0,21.9,212.8,Seedling,0,0.0,0.05
III,Tarlac,Concepcion,2020-05-16,21.8,32.5,76.0,3.7,21.9,216.0,Seedling,0,0.03,0.03
III,Tarlac,Concepcion,2020-05-17,22.7,33.4,70.0,0.0,21.9,236.6,Seedling,0,0.09,0.11
III,Tarlac,Concepcion,2020-05-18,24.4,34.0,72.5,2.0,21.9,225.1,Seedling,0,0.05,0.01
III,Tarlac,Concepcion,2020-05-19,23.3,33.0,68.8,0.0,21.9,211.6,Seedling,0,0.1,0.05
III,Tarlac,Concepcion,2020-05-20,23.5,32.6,76.6,1.3,23.4,225.6,Seedling,0,0.27,0.03
III,Tarlac,Concepcion,2020-05-21,23.1,33.5,72.6,0.0,22.8,227.0,Seedling,0,0.09,0.04
III,Tarlac,Concepcion,2020-05-22,22.9,31.3,72.3,0.0,21.6,233.9,Seedling,0,0.03,0.15
III,Tarlac,Concepcion,2020-05-23,22.9,31.6,72.0,0.0,21.6,234.7,Seedling,0,0.02,0.08
III,Tarlac,Concepcion,2020-05-24,23.7,31.9,69.7,0.0,21.7,231.1,Seedling,0,0.09,0.04
III,Tarlac,Concepcion,2020-05-25,23.8,32.9,70.5,0.0,22.5,216.7,Seedling,0,0.0,0.2
III,Tarlac,Concepcion,2020-05-26,23.1,31.7,73.7,11.7,22.1,215.3,Seedling,0,0.2,0.09
III,Tarlac,Concepcion,2020-05-27,22.3,33.2,69.2,0.5,21.6,227.9,Seedling,0,0.0,0.07
III,Tarlac,Concepcion,2020-05-28,22.3,34.7,71.2,0.0,22.7,226.0,Seedling,0,0.18,0.04
III,Tarlac,Concepcion,2020-05-29,22.8,34.4,70.6,0.0,22.7,229.3,Seedling,0,0.07,0.18
III,Tarlac,Concepcion,2020-05-30,22.4,33.4,67.9,0.0,21.5,213.5,Seedling,0,0.03,0.09
III,Tarlac,Concepcion,2020-05-31,21.7,34.0,73.6,3.9,22.6,215.9,Seedling,0,0.07,0.17
III,Tarlac,Concepcion,2020-06-01,22.1,35.0,76.6,2.3,23.9,222.5,Seedling,0,0.22,0.0
III,Tarlac,Concepcion,2020-06-02,22.8,34.2,69.0,0.0,22.3,226.0,Seedling,1,0.19,0.0
III,Tarlac,Concepcion,2020-06-03,21.7,33.0,76.4,21.1,22.6,212.8,Seedling,0,0.11,0.09
III,Tarlac,Concepcion,2020-06-04,21.9,34.1,76.5,5.4,23.3,226.7,Seedling,0,0.0,0.21
III,Tarlac,Concepcion,2020-06-05,21.6,33.8,73.2,0.0,22.3,220.5,Seedling,0,0.04,0.15
III,Tarlac,Concepcion,2020-06-06,22.0,33.9,73.9,0.0,22.7,223.7,Seedling,0,0.0,0.11
III,Tarlac,Concepcion,2020-06-07,22.4,34.5,72.3,0.0,22.9,225.9,Seedling,10,1.27,0.11166666666666666
III,Tarlac,Concepcion,2020-06-08,22.4,32.7,74.9,0.0,22.5,228.3,Seedling,16,1.46,0.11333333333333333
III,Tarlac,Concepcion,2020-06-09,21.9,32.1,82.2,18.3,23.4,202.2,Seedling,17,2.2,0.11499999999999999
III,Tarlac,Concepcion,2020-06-10,21.8,35.0,77.9,0.0,24.0,225.4,Seedling,11,2.86,0.11666666666666667
III,Tarlac,Concepcion,2020-06-11,22.4,34.7,76.1,0.2,23.8,228.7,Seedling,16,1.83,0.11833333333333333
III,Tarlac,Concepcion,2020-06-12,22.7,34.4,82.5,11.2,25.0,211.1,Seedling,23,0.82,0.12
III,Tarlac,Concepcion,2020-06-13,21.2,32.9,80.0,15.6,23.0,224.3,Seedling,24,1.38,0.11
III,Tarlac,Concepcion,2020-06-14,21.2,33.1,75.0,0.0,22.2,219.4,Seedling,15,0.99,0.0
III,Tarlac,Concepcion,2020-06-15,21.3,30.4,80.4,30.4,21.9,189.4,Seedling,21,0.82,0.02
III,Tarlac,Concepcion,2020-06-16,22.6,32.0,78.5,0.0,23.0,224.7,Seedling,20,1.34,0.05
III,Tarlac,Concepcion,2020-06-17,22.4,32.7,78.3,0.0,23.2,224.9,Seedling,18,0.28,0.0
III,Tarlac,Concepcion,2020-06-18,20.2,33.1,76.6,0.0,22.0,212.1,Seedling,34,0.03,0.07
III,Tarlac,Concepcion,2020-06-19,21.266666666666666,33.4,77.7,1.8,23.0,212.9,Seedling,26,0.0,0.15
III,Tarlac,Concepcion,2020-06-20,22.333333333333332,33.3,71.5,0.0,22.5,219.8,Seedling,16,0.64,0.0
III,Tarlac,Concepcion,2020-06-21,23.4,32.7,74.7,32.5,23.0,201.6,Seedling,23,0.48,0.15
III,Tarlac,Concepcion,2020-06-22,22.3,32.8,72.0,16.6,21.9,223.3,Seedling,19,0.0,0.08
III,Tarlac,Concepcion,2020-06-23,22.9,34.5,69.2,0.0,22.5,217.4,Tillering,30,0.03,0.06833333333333333
III,Tarlac,Concepcion,2020-06-24,22.9,33.9,73.8,14.9,23.2,205.6,Tillering,32,1.26,0.05666666666666667
III,Tarlac,Concepcion,2020-06-25,22.5,34.3,71.4,11.2,22.7,213.2,Tillering,25,0.14,0.045
III,Tarlac,Concepcion,2020-06-26,22.5,33.9,72.22,8.7,22.6,203.1,Tillering,15,0.75,0.03333333333333333
III,Tarlac,Concepcion,2020-06-27,22.8,34.4,73.04,0.2,22.6,226.5,Tillering,7,1.03,0.021666666666666667
III,Tarlac,Concepcion,2020-06-28,23.5,34.4,73.86,7.3,24.6,216.6,Tillering,17,0.0,0.01
III,Tarlac,Concepcion,2020-06-29,23.2,34.8,74.68,0.0,23.3,198.2,Tillering,4,0.14,0.13
III,Tarlac,Concepcion,2020-06-30,22.4,36.0,75.5,0.0,24.3,220.6,Tillering,6,1.21,0.0
III,Tarlac,Concepcion,2020-07-01,22.8,36.8,77.2,9.6,25.2,210.4,Tillering,2,2.44,0.24
III,Tarlac,Concepcion,2020-07-02,24.5,35.1,71.0,0.0,24.0,230.6,Tillering,3,3.28,0.08
III,Tarlac,Concepcion,2020-07-03,23.5,35.5,74.6,8.9,24.4,217.4,Tillering,3,3.38,0.04
III,Tarlac,Concepcion,2020-07-04,23.3,35.2,74.3,0.0,24.1,216.7,Tillering,1,2.72,0.07
III,Tarlac,Concepcion,2020-07-05,23.0,34.6,79.7,8.6,24.7,217.1,Tillering,0,3.29,0.04
III,Tarlac,Concepcion,2020-07-06,22.3,34.1,75.1,14.1,23.2,206.5,Tillering,5,3.17,0.0
III,Tarlac,Concepcion,2020-07-07,23.2,34.3,75.5,9.6,23.8,233.8,Tillering,5,3.68,0.08
III,Tarlac,Concepcion,2020-07-08,22.3,33.4,76.9,31.9,23.2,190.8,Tillering,9,2.79,0.03
III,Tarlac,Concepcion,2020-07-09,22.6,35.4,76.9,0.0,24.4,220.1,Tillering,9,4.21,0.07
III,Tarlac,Concepcion,2020-07-10,22.9,36.3,77.8,0.0,25.2,218.1,Tillering,8,3.57,0.21
III,Tarlac,Concepcion,2020-07-11,23.0,35.8,77.8,0.0,25.0,227.3,Tillering,16,4.27,0.12
III,Tarlac,Concepcion,2020-07-12,23.0,35.5,74.4,0.0,24.1,224.6,Tillering,14,5.13,0.02
III,Tarlac,Concepcion,2020-07-13,22.2,33.5,76.7,27.8,23.2,178.8,Tillering,14,3.84,0.18
III,Tarlac,Concepcion,2020-07-14,23.2,35.1,78.3,12.8,24.8,211.6,Tillering,10,3.0,0.0
III,Tarlac,Concepcion,2020-07-15,22.4,34.8,73.6,0.0,23.3,214.3,Tillering,13,2.94,0.08
III,Tarlac,Concepcion,2020-07-16,22.1,35.4,73.7,0.0,23.5,225.3,Tillering,13,3.61,0.24
III,Tarlac,Concepcion,2020-07-17,22.0,34.7,73.6,0.0,23.1,228.2,Tillering,14,3.04,0.13
III,Tarlac,Concepcion,2020-07-18,23.6,33.6,76.4,0.0,23.9,230.4,Tillering,10,2.95,0.06
III,Tarlac,Concepcion,2020-07-19,23.7,34.4,78.5,0.0,24.7,229.6,Elongation,9,4.61,0.21
III,Tarlac,Concepcion,2020-07-20,23.0,32.7,79.3,13.1,23.7,188.9,Elongation,14,3.96,0.08
III,Tarlac,Concepcion,2020-07-21,23.7,33.1,75.0,0.0,23.4,211.3,Elongation,10,3.74,0.03
III,Tarlac,Concepcion,2020-07-22,23.9,32.0,79.6,2.3,23.9,221.6,Elongation,14,2.3,0.0
III,Tarlac,Concepcion,2020-07-23,24.4,34.5,75.8,0.0,24.6,208.8,Elongation,6,1.82,0.0
III,Tarlac,Concepcion,2020-07-24,24.7,34.2,73.4,0.0,24.1,216.1,Elongation,12,1.45,0.14
III,Tarlac,Concepcion,2020-07-25,23.8,34.3,75.6,17.8,24.2,190.2,Elongation,3,1.22,0.03
III,Tarlac,Concepcion,2020-07-26,23.2,35.0,78.5,15.9,24.8,189.7,Elongation,14,0.4,0.12
III,Tarlac,Concepcion,2020-07-27,23.3,35.4,74.7,0.0,24.3,208.9,Elongation,3,1.77,0.06
III,Tarlac,Concepcion,2020-07-28,22.4,35.2,75.9,4.1,24.0,218.5,Elongation,8,0.99,0.03
III,Tarlac,Concepcion,2020-07-29,22.1,34.2,72.4,0.0,22.6,209.7,Elongation,2,0.59,0.0
III,Tarlac,Concepcion,2020-07-30,21.6,33.9,75.0,7.5,22.8,206.7,Elongation,2,1.06,0.12
III,Tarlac,Concepcion,2020-07-31,20.9,33.9,75.2,25.7,22.4,198.6,Elongation,7,0.8,0.07
III,Tarlac,Concepcion,2020-08-01,19.9,34.8,71.7,0.0,21.7,222.2,Elongation,3,0.75,0.09
III,Tarlac,Concepcion,2020-08-02,21.0,34.6,79.7,3.7,23.7,207.4,Elongation,5,0.73,0.08
III,Tarlac,Concepcion,2020-08-03,22.6,34.6,74.7,0.0,23.5,228.8,Elongation,2,1.28,0.11
III,Tarlac,Concepcion,2020-08-04,24.0,35.7,78.1,13.5,25.5,205.2,Elongation,2,1.34,0.11
III,Tarlac,Concepcion,2020-08-05,23.9,35.0,81.9,13.0,25.8,201.0,Elongation,2,2.52,0.03
III,Tarlac,Concepcion,2020-08-06,24.6,33.7,82.3,8.4,25.6,209.3,Elongation,3,2.11,0.01
III,Tarlac,Concepcion,2020-08-07,24.8,35.5,78.8,1.1,25.9,222.5,Elongation,3,2.86,0.06
III,Tarlac,Concepcion,2020-08-08,24.1,34.5,76.0,0.0,24.5,213.7,Panicle,3,0.01,3.7
III,Tarlac,Concepcion,2020-08-09,22.8,32.8,72.6,0.0,22.3,217.1,Panicle,5,0.13,3.63
III,Tarlac,Concepcion,2020-08-10,22.8,31.6,77.9,12.7,22.8,192.2,Panicle,3,0.01,0.0
III,Tarlac,Concepcion,2020-08-11,21.9,33.5,73.9,0.0,22.5,214.5,Panicle,5,0.0,0.63
III,Tarlac,Concepcion,2020-08-12,21.2,32.7,75.8,27.4,22.1,179.3,Panicle,4,0.12,0.59
III,Tarlac,Concepcion,2020-08-13,22.2,34.1,74.9,0.0,23.1,223.0,Panicle,8,0.05,0.25
III,Tarlac,Concepcion,2020-08-14,23.3,34.0,75.9,7.5,23.26,209.9,Panicle,3,0.11,0.0
III,Tarlac,Concepcion,2020-08-15,22.7,32.1,76.9,7.6,23.42,208.3,Panicle,3,0.09,1.3
III,Tarlac,Concepcion,2020-08-16,22.1,31.8,79.0,35.0,23.58,185.8,Panicle,8,0.09,1.01
III,Tarlac,Concepcion,2020-08-17,22.4,33.2,80.1,11.6,23.74,202.7,Panicle,9,0.0,2.13
III,Tarlac,Concepcion,2020-08-18,22.5,34.9,76.2,2.9,23.9,209.2,Panicle,9,0.17,0.76
III,Tarlac,Concepcion,2020-08-19,22.8,34.8,75.4,8.8,23.9,198.1,Panicle,8,0.11,0.38
III,Tarlac,Concepcion,2020-08-20,23.6,33.8,79.0,11.7,24.5,204.2,Panicle,3,0.25,1.43
III,Tarlac,Concepcion,2020-08-21,22.9,33.5,72.3,0.0,22.7,214.5,Panicle,2,0.0,1.72
III,Tarlac,Concepcion,2020-08-22,22.7,33.8,78.7,0.0,24.0,202.0,Panicle,1,0.06,0.37
III,Tarlac,Concepcion,2020-08-23,23.0,32.8,81.1,25.3,24.1,183.4,Panicle,7,0.01,0.47
III,Tarlac,Concepcion,2020-08-24,24.1,32.8,80.8,29.7,24.6,194.3,Flowering,5,0.0,1.27
III,Tarlac,Concepcion,2020-08-25,23.6,32.9,78.3,0.0,23.9,226.9,Flowering,8,0.0,0.61
III,Tarlac,Concepcion,2020-08-26,23.3,33.8,81.0,3.7,24.7,214.8,Flowering,6,0.21,0.16
III,Tarlac,Concepcion,2020-08-27,24.0,34.9,80.8,4.6,25.6,213.1,Flowering,7,0.09,0.04
III,Tarlac,Concepcion,2020-08-28,23.7,35.9,74.3,0.0,24.7,198.0,Flowering,5,0.02,0.03
III,Tarlac,Concepcion,2020-08-29,24.1,35.4,75.4,7.8,24.8,199.7,Flowering,9,0.17,0.75
III,Tarlac,Concepcion,2020-08-30,23.4,35.4,75.1,9.6,24.4,208.3,Flowering,3,0.09,0.58
III,Tarlac,Concepcion,2020-08-31,23.3,35.2,75.6,2.0,24.4,216.3,Flowering,2,0.07,0.56
III,Tarlac,Concepcion,2020-09-01,24.2,34.2,78.6,3.0,24.9,214.5,Flowering,2,0.08,0.49
III,Tarlac,Concepcion,2020-09-02,24.2,35.1,80.7,4.1,25.8,205.2,Flowering,4,0.01,0.0
III,Tarlac,Concepcion,2020-09-03,24.9,34.3,79.3,13.0,25.5,197.4,Flowering,8,0.0,0.69
III,Tarlac,Concepcion,2020-09-04,24.4,36.1,79.9,2.5,26.2,207.1,Flowering,7,0.16,2.16
III,Tarlac,Concepcion,2020-09-05,24.5,35.650000000000006,79.6,6.0,26.6,209.6,Flowering,6,0.07,0.98
III,Tarlac,Concepcion,2020-09-06,24.6,35.2,78.0,13.5,25.5,194.4,Flowering,12,0.1,3.14
III,Tarlac,Concepcion,2020-09-07,24.9,36.4,74.3,0.0,25.5,216.7,Flowering,4,0.06,4.37
III,Tarlac,Concepcion,2020-09-08,24.9,35.4,81.2,2.0,26.4,205.1,Ripening,1,0.04,6.38
III,Tarlac,Concepcion,2020-09-09,24.3,35.2,79.1,0.0,25.6,206.7,Ripening,2,0.18,6.12
III,Tarlac,Concepcion,2020-09-10,23.2,36.1,79.56666666666666,3.9,26.4,215.5,Ripening,0,0.13,5.6
III,Tarlac,Concepcion,2020-09-11,24.4,35.4,80.03333333333333,3.3,26.7,216.3,Ripening,6,0.06,5.17
III,Tarlac,Concepcion,2020-09-12,24.4,34.6,80.5,0.0,25.5,218.5,Ripening,8,0.03,5.51
III,Tarlac,Concepcion,2020-09-13,24.2,35.8,80.96666666666667,6.9,26.4,217.5,Ripening,5,0.15,6.54
III,Tarlac,Concepcion,2020-09-14,24.7,37.1,81.43333333333334,0.0,26.2,208.2,Ripening,6,0.14,6.38
III,Tarlac,Concepcion,2020-09-15,24.5,36.4,81.9,6.4,26.8,202.1,Ripening,6,0.0,5.8
III,Tarlac,Concepcion,2020-09-16,24.8,34.7,84.5,3.4,26.6,214.8,Ripening,9,0.2,6.17
III,Tarlac,Concepcion,2020-09-17,24.5,31.4,82.2,25.0,24.4,186.2,Ripening,8,0.02,5.235
III,Tarlac,Concepcion,2020-09-18,23.4,33.2,83.7,4.3,25.0,211.1,Ripening,8,0.16,4.3
III,Tarlac,Concepcion,2020-09-19,23.2,33.5,77.8,0.0,23.9,224.0,Ripening,11,0.03,3.365
III,Tarlac,Concepcion,2020-09-20,22.7,34.8,78.6,0.0,24.5,216.7,Ripening,9,0.1,2.43
III,Tarlac,Concepcion,2020-09-21,22.9,34.7,82.3,3.3,25.3,205.0,Ripening,9,0.22,2.73
III,Tarlac,Concepcion,2020-09-22,21.9,34.7,84.2,7.3,25.1,206.2,Ripening,6,0.06,2.1
III,Tarlac,Concepcion,2020-09-23,23.2,34.8,78.4,5.5,24.7,212.0,Ripening,13,0.21,2.34
III,Tarlac,Concepcion,2020-09-24,22.8,33.4,79.5,5.7,24.0,220.1,Ripening,8,0.01,3.17
III,Tarlac,Concepcion,2020-09-25,23.6,33.4,74.8,10.1,23.5,192.5,Ripening,7,0.11,0.97
III,Tarlac,Concepcion,2020-09-26,22.8,32.7,75.8,19.0,22.9,204.2,Ripening,5,0.0,0.0
III,Tarlac,Concepcion,2020-09-27,24.6,34.5,77.6,1.2,25.1,214.8,Ripening,5,0.015,1.18
III,Tarlac,Concepcion,2020-09-28,24.7,35.6,76.6,0.0,25.5,212.9,Ripening,4,0.03,0.48
III,Tarlac,Concepcion,2020-09-29,25.1,34.3,75.0,0.0,24.7,230.6,Ripening,2,0.045,0.96
III,Tarlac,Concepcion,2020-09-30,24.8,33.4,77.4,6.4,24.6,215.6,Ripening,1,0.06,1.26
III,Tarlac,Concepcion,2020-10-01,24.0,34.8,74.4,0.0,24.3,214.3,Ripening,0,0.075,0.52
III,Tarlac,Concepcion,2020-10-02,23.8,32.8,78.0,8.5,23.9,212.2,Ripening,0,0.09,1.57
III,Tarlac,Concepcion,2020-10-03,23.9,33.8,74.3,1.3,23.7,221.8,Ripening,2,0.26,0.39
III,Tarlac,Concepcion,2020-10-04,23.7,33.7,72.4,0.0,23.2,221.8,Ripening,0,0.02,0.0
III,Tarlac,Concepcion,2020-10-05,22.8,34.7,72.93333333333334,4.8,24.4,193.6,Ripening,0,0.12,0.03
III,Tarlac,Concepcion,2020-10-06,21.3,33.3,73.46666666666667,7.2,22.5,204.3,Ripening,0,0.09,0.0
III,Tarlac,Concepcion,2020-10-07,21.8,36.4,74.0,0.0,23.9,222.7,Ripening,0,0.02,0.16
III,Tarlac,Concepcion,2020-10-08,22.4,35.7,74.3,0.0,23.9,210.4,Ripening,0,0.0,0.0
III,Tarlac,Concepcion,2020-10-09,22.2,32.0,76.4,38.6,22.4,196.2,Ripening,1,0.02,0.13
III,Tarlac,Concepcion,2020-10-10,21.8,33.0,78.5,20.6,23.1,199.6,Ripening,0,0.11,0.1
III,Tarlac,Concepcion,2020-10-11,21.3,34.6,78.7,24.2,23.7,203.2,Ripening,0,0.0,0.08
III,Tarlac,Concepcion,2020-10-12,23.2,35.9,73.7,0.0,24.3,211.2,Ripening,0,0.03,0.05333333333333333
III,Tarlac,Concepcion,2020-10-13,22.4,36.1,73.7,0.0,24.0,228.0,Ripening,0,0.0,0.026666666666666665
III,Tarlac,Concepcion,2020-10-14,22.6,35.5,75.3,0.0,24.1,215.5,Ripening,0,0.0,0.0
III,Tarlac,Concepcion,2020-10-15,22.9,34.5,77.0,5.3,24.1,206.5,Ripening,0,0.08,0.04
III,Tarlac,Concepcion,2020-10-16,22.2,33.7,73.1,0.0,22.6,212.3,Ripening,0,0.0,0.0
III,Tarlac,Concepcion,2020-10-17,22.0,33.61666666666667,77.2,26.2,23.2,195.8,Ripening,0,0.03,0.06
III,Tarlac,Concepcion,2020-10-18,22.9,33.53333333333334,77.2,0.0,24.4,218.3,Ripening,0,0.0,0.15
III,Tarlac,Concepcion,2020-10-19,22.8,33.45,79.4,0.0,23.9,207.4,Ripening,0,0.09,0.09
III,Tarlac,Concepcion,2020-10-20,22.9,33.36666666666667,82.7,18.5,24.1,200.7,Ripening,0,0.01,0.0
III,Tarlac,Concepcion,2020-10-21,23.4,33.28333333333334,76.2,0.0,23.0,215.2,Ripening,1,0.1,0.18
III,Tarlac,Concepcion,2020-10-22,22.7,33.2,80.0,5.4,24.0,224.1,Ripening,1,0.0,0.02
III,Tarlac,Concepcion,2020-10-23,23.3,35.3,75.6,0.0,24.4,211.8,Ripening,0,0.17,0.04
III,Tarlac,Concepcion,2020-10-24,22.9,36.6,81.0,1.8,26.0,218.8,Ripening,1,0.0,0.0
III,Tarlac,Concepcion,2020-10-25,22.3,35.8,78.7,3.7,24.8,202.5,Ripening,0,0.0,0.0
III,Tarlac,Concepcion,2020-10-26,22.2,35.4,75.7,0.0,23.9,231.5,Ripening,0,0.03,0.05
III,Tarlac,Concepcion,2020-10-27,22.8,35.4,79.6,4.3,25.0,209.7,Ripening,0,0.18,0.21
III,Tarlac,Concepcion,2020-10-28,22.9,34.8,79.0,17.6,24.6,202.1,Ripening,0,0.11,0.1
III,Tarlac,Concepcion,2020-10-29,22.5,34.0,78.8,7.1,24.0,221.6,Ripening,0,0.05,0.25
III,Tarlac,Concepcion,2020-10-30,22.9,32.7,78.6,6.7,23.5,207.6,Ripening,0,0.12,0.0
III,Tarlac,Concepcion,2020-10-31,23.2,33.0,78.2,2.7,23.7,226.2,Ripening,0,0.19,0.03
III,Tarlac,Concepcion,2020-11-01,22.9,33.4,75.8,0.0,23.3,221.1,Ripening,0,0.11,0.08
III,Tarlac,Concepcion,2020-11-02,22.0,34.7,79.7,5.1,24.3,218.0,Ripening,0,0.1,0.1
III,Tarlac,Concepcion,2020-11-03,23.3,34.3,75.1,0.0,23.8,216.7,Ripening,0,0.22,0.09
III,Tarlac,Concepcion,2020-11-04,22.7,34.7,76.6,3.0,24.0,225.9,Ripening,0,0.24,0.02
III,Tarlac,Concepcion,2020-11-05,23.0,34.1,74.9,0.0,23.5,208.3,Ripening,0,0.0,0.0
III,Tarlac,Concepcion,2020-11-06,22.1,33.7,78.7,3.1,23.6,212.9,Seedling,0,0.12,0.04
III,Tarlac,Concepcion,2020-11-07,22.8,34.2,79.4,6.4,24.4,216.4,Seedling,0,0.13,0.09
III,Tarlac,Concepcion,2020-11-08,23.5,33.2,74.0,0.0,23.2,214.9,Seedling,0,0.09,0.02
III,Tarlac,Concepcion,2020-11-09,23.6,32.5,75.0,0.0,23.0,220.4,Seedling,0,0.07,0.0
III,Tarlac,Concepcion,2020-11-10,23.7,34.1,81.5,2.6,25.2,213.7,Seedling,0,0.1,0.04
III,Tarlac,Concepcion,2020-11-11,24.4,32.8,75.8,22.2,23.8,212.6,Seedling,0,0.17,0.13
III,Tarlac,Concepcion,2020-11-12,23.5,32.2,75.4,30.6,22.9,196.3,Seedling,0,0.09,0.07
III,Tarlac,Concepcion,2020-11-13,23.8,33.4,73.1,0.0,23.2,211.8,Seedling,0,0.11,0.19
III,Tarlac,Concepcion,2020-11-14,23.4,34.0,72.0,0.0,23.1,223.5,Seedling,0,0.23,0.07
III,Tarlac,Concepcion,2020-11-15,23.9,33.1,72.3,6.2,23.0,209.2,Seedling,0,0.11,0.06
III,Tarlac,Concepcion,2020-11-16,24.3,32.6,69.0,0.0,22.3,230.7,Seedling,0,0.06,0.26
III,Tarlac,Concepcion,2020-11-17,23.8,32.8,75.0,8.5,23.3,222.8,Seedling,0,0.16,0.03
III,Tarlac,Concepcion,2020-11-18,25.0,33.3,68.0,0.0,22.8,214.1,Seedling,0,0.0,0.06
III,Tarlac,Concepcion,2020-11-19,24.5,34.5,68.8,0.0,23.3,219.1,Seedling,0,0.1,0.0
III,Tarlac,Concepcion,2020-11-20,23.7,35.1,70.9,0.0,23.6,231.5,Seedling,0,0.16,0.17
III,Tarlac,Concepcion,2020-11-21,23.2,35.2,70.7,0.0,23.3,220.0,Seedling,0,0.01,0.14
III,Tarlac,Concepcion,2020-11-22,21.6,34.6,71.7,0.0,22.4,218.2,Seedling,0,0.15,0.02
III,Tarlac,Concepcion,2020-11-23,22.3,34.5,70.2,0.0,22.4,229.6,Seedling,0,0.01,0.0
III,Tarlac,Concepcion,2020-11-24,20.8,32.6,73.5,13.8,21.4,219.3,Seedling,0,0.26,0.14
III,Tarlac,Concepcion,2020-11-25,20.9,34.3,66.6,0.0,20.9,229.8,Seedling,0,0.01,0.08
III,Tarlac,Concepcion,2020-11-26,20.6,34.4,69.7,1.9,21.4,229.4,Seedling,0,0.25,0.11
III,Tarlac,Concepcion,2020-11-27,20.7,34.1,66.1,0.0,20.6,219.5,Seedling,0,0.03,0.0
III,Tarlac,Concepcion,2020-11-28,21.1,33.4,69.8,3.1,21.2,208.3,Seedling,0,0.019999999999999997,0.03
III,Tarlac,Concepcion,2020-11-29,22.2,33.6,70.0,5.2,21.9,217.9,Seedling,0,0.009999999999999998,0.0
III,Tarlac,Concepcion,2020-11-30,22.9,32.4,68.1,0.0,21.3,233.4,Seedling,0,0.0,0.06
III,Tarlac,Concepcion,2020-12-01,22.4,31.9,68.4,0.0,20.8,232.3,Seedling,0,0.06,0.062
III,Tarlac,Concepcion,2020-12-02,22.6,33.8,68.3,0.0,21.9,229.8,Seedling,0,0.0,0.064
III,Tarlac,Concepcion,2020-12-03,22.9,33.1,68.6,0.0,21.7,240.8,Seedling,0,0.0,0.066
III,Tarlac,Concepcion,2020-12-04,21.6,33.2,69.19999999999999,0.0,21.5,236.4,Seedling,0,0.02,0.068
III,Tarlac,Concepcion,2020-12-05,21.9,33.1,69.8,0.0,21.5,229.1,Seedling,0,0.09,0.07
III,Tarlac,Concepcion,2020-12-06,22.0,31.4,70.05,0.0,21.1,234.0,Seedling,0,0.14,0.04
III,Tarlac,Concepcion,2020-12-07,21.7,33.6,70.3,0.0,21.9,234.9,Seedling,0,0.0,0.16
III,Tarlac,Concepcion,2020-12-08,22.1,34.1,70.55,0.0,21.9,228.2,Seedling,0,0.0,0.12
III,Tarlac,Concepcion,2020-12-09,20.4,33.4,70.8,0.0,20.5,243.0,Seedling,0,0.21,0.06
III,Tarlac,Concepcion,2020-12-10,20.6,33.6,71.05,0.0,20.9,231.0,Seedling,1,0.17,0.18
III,Tarlac,Concepcion,2020-12-11,21.8,34.1,71.3,0.0,22.2,235.2,Seedling,1,0.82,0.18
III,Tarlac,Concepcion,2020-12-12,21.1,33.9,71.0,0.0,21.7,220.5,Seedling,2,0.28,0.0
III,Tarlac,Concepcion,2020-12-13,21.3,33.8,72.7,8.2,22.1,226.0,Seedling,4,0.38,0.0
III,Tarlac,Concepcion,2020-12-14,21.1,34.8,75.8,4.8,23.1,224.6,Seedling,1,0.35,0.26
III,Tarlac,Concepcion,2020-12-15,21.5,34.3,72.7,0.0,22.4,230.7,Seedling,0,0.64,0.0
III,Tarlac,Concepcion,2020-12-16,22.4,36.2,75.8,3.1,24.5,226.6,Seedling,2,1.11,0.08
III,Tarlac,Concepcion,2020-12-17,22.9,34.4,71.6,0.0,23.0,228.0,Seedling,1,0.0,0.1
III,Tarlac,Concepcion,2020-12-18,23.8,36.0,72.3,0.0,24.4,217.6,Seedling,0,1.01,0.04
III,Tarlac,Concepcion,2020-12-19,23.2,36.1,76.3,1.7,24.9,225.8,Seedling,0,1.12,0.07
III,Tarlac,Concepcion,2020-12-20,22.8,35.4,74.6,0.0,24.0,233.6,Seedling,2,1.57,0.15
III,Tarlac,Concepcion,2020-12-21,22.7,35.5,75.7,2.2,24.2,225.3,Seedling,0,2.5,0.0
III,Tarlac,Concepcion,2020-12-22,23.0,35.2,76.2,0.0,24.3,235.2,Seedling,1,2.88,0.07
III,Tarlac,Concepcion,2020-12-23,23.0,34.9,70.3,0.0,23.0,243.4,Seedling,1,2.94,0.08
III,Tarlac,Concepcion,2020-12-24,21.9,34.0,71.5,13.8,22.2,208.3,Seedling,2,2.36,0.0
III,Tarlac,Concepcion,2020-12-25,21.6,35.1,70.2,13.24,22.4,229.3,Tillering,3,3.46,0.07
III,Tarlac,Concepcion,2020-12-26,21.5,36.0,77.1,12.68,24.2,224.0,Tillering,8,3.91,0.05
III,Tarlac,Concepcion,2020-12-27,22.2,33.9,72.3,12.120000000000001,22.5,214.5,Tillering,5,3.28,0.12
III,Tarlac,Concepcion,2020-12-28,22.3,33.7,70.5,11.56,22.1,231.2,Tillering,8,3.67,0.16
III,Tarlac,Concepcion,2020-12-29,23.4,32.8,78.6,11.0,23.8,229.8,Tillering,5,3.04,0.1
III,Tarlac,Concepcion,2020-12-30,22.6,34.3,71.3,0.0,22.7,234.0,Tillering,5,2.1,0.09
III,Tarlac,Concepcion,2020-12-31,22.5,34.2,72.8,0.0,22.9,231.8,Tillering,9,2.28,0.15
III,Tarlac,Concepcion,2021-01-01,22.5,32.2,71.5,0.0,21.7,222.5,Tillering,6,1.28,0.02
III,Tarlac,Concepcion,2021-01-02,21.8,31.7,72.7,15.1,21.3,221.1,Tillering,11,1.24,0.0
III,Tarlac,Concepcion,2021-01-03,21.7,31.9,69.8,0.0,20.8,229.3,Tillering,8,1.13,0.15
III,Tarlac,Concepcion,2021-01-04,22.5,31.7,73.3,11.7,21.8,214.1,Tillering,8,0.15,0.0
III,Tarlac,Concepcion,2021-01-05,22.8,31.9,69.5,0.0,21.2,239.6,Tillering,1,0.06,0.01
III,Tarlac,Concepcion,2021-01-06,22.8,31.4,70.2,0.0,21.1,224.1,Tillering,2,0.43,0.1
III,Tarlac,Concepcion,2021-01-07,23.8,31.6,68.3,0.0,21.4,237.4,Tillering,3,0.21,0.0
III,Tarlac,Concepcion,2021-01-08,22.7,31.1,65.5,0.0,20.0,235.7,Tillering,3,1.16,0.0
III,Tarlac,Concepcion,2021-01-09,23.0,31.0,63.7,0.0,19.7,226.8,Tillering,2,0.72,0.12
III,Tarlac,Concepcion,2021-01-10,22.5,30.9,73.1,3.9,21.3,241.2,Tillering,3,0.0,0.0
III,Tarlac,Concepcion,2021-01-11,22.4,33.1,71.7,0.0,22.1,217.3,Tillering,1,0.34,0.16
III,Tarlac,Concepcion,2021-01-12,22.7,32.5,71.5,0.0,21.9,233.6,Tillering,0,0.58,0.0
III,Tarlac,Concepcion,2021-01-13,22.7,33.0,70.6,0.0,22.1,233.5,Tillering,1,0.01,0.05
III,Tarlac,Concepcion,2021-01-14,22.7,32.3,73.5,7.3,22.4,247.7,Tillering,1,0.2,0.05
III,Tarlac,Concepcion,2021-01-15,22.7,33.6,66.1,0.0,21.7,234.1,Tillering,1,0.05,0.14
III,Tarlac,Concepcion,2021-01-16,22.7,34.8,66.3,0.0,22.3,259.6,Tillering,2,0.0,0.05
III,Tarlac,Concepcion,2021-01-17,22.7,34.3,70.1,0.0,22.3,236.6,Tillering,4,0.0,0.09
III,Tarlac,Concepcion,2021-01-18,22.7,33.7,67.9,0.0,21.8,243.7,Tillering,3,0.0,0.12
III,Tarlac,Concepcion,2021-01-19,22.3,35.8,70.3,0.0,23.1,258.9,Tillering,0,0.16,0.08
III,Tarlac,Concepcion,2021-01-20,22.7,33.4,67.8,0.0,21.6,238.5,Elongation,1,0.15,0.13
III,Tarlac,Concepcion,2021-01-21,22.3,33.7,68.8,0.0,21.8,216.6,Elongation,0,0.32,0.13
III,Tarlac,Concepcion,2021-01-22,22.8,34.9,70.6,0.0,23.0,227.4,Elongation,0,0.82,0.15
III,Tarlac,Concepcion,2021-01-23,22.5,33.6,64.4,0.0,20.9,244.3,Elongation,3,0.8333333333333333,0.13
III,Tarlac,Concepcion,2021-01-24,23.1,31.9,63.2,0.0,20.1,249.9,Elongation,2,0.8466666666666667,0.11
III,Tarlac,Concepcion,2021-01-25,23.7,34.0,69.5,6.7,22.8,228.7,Elongation,0,0.86,0.14
III,Tarlac,Concepcion,2021-01-26,24.1,33.2,69.7,0.0,22.6,233.4,Elongation,1,0.9,0.01
III,Tarlac,Concepcion,2021-01-27,23.0,31.6,70.0,0.0,21.3,255.9,Elongation,2,2.42,0.0
III,Tarlac,Concepcion,2021-01-28,21.4,31.8,72.4,0.0,21.1,237.0,Elongation,4,0.68,0.05
III,Tarlac,Concepcion,2021-01-29,22.4,30.9,68.8,0.0,20.4,234.8,Elongation,2,0.85,0.0
III,Tarlac,Concepcion,2021-01-30,22.3,31.4,69.7,6.3,20.8,235.5,Elongation,0,0.48,0.11
III,Tarlac,Concepcion,2021-01-31,22.8,33.2,67.8,0.0,21.6,238.0,Elongation,2,1.49,0.07
III,Tarlac,Concepcion,2021-02-01,22.3,32.9,67.7,0.0,21.1,235.1,Elongation,0,1.45,0.05
III,Tarlac,Concepcion,2021-02-02,22.3,32.8,75.7,4.7,22.7,241.4,Elongation,1,0.34,0.08
III,Tarlac,Concepcion,2021-02-03,21.5,33.6,71.4,0.0,21.8,232.7,Elongation,3,1.25,0.13
III,Tarlac,Concepcion,2021-02-04,21.1,33.1,72.4,0.0,21.6,229.0,Elongation,1,0.58,0.09
III,Tarlac,Concepcion,2021-02-05,21.6,33.4,71.3,0.0,21.8,232.0,Elongation,2,0.17,0.11
III,Tarlac,Concepcion,2021-02-06,21.3,33.4,74.9,5.8,22.3,233.0,Elongation,1,0.78,0.08
III,Tarlac,Concepcion,2021-02-07,21.8,32.7,65.5,0.0,20.4,237.2,Elongation,0,0.0,0.12
III,Tarlac,Concepcion,2021-02-08,22.4,33.6,65.2,0.0,21.0,232.6,Elongation,0,1.06,0.17
III,Tarlac,Concepcion,2021-02-09,22.4,32.7,66.9,0.0,20.9,238.4,Panicle,0,0.03,1.25
III,Tarlac,Concepcion,2021-02-10,22.7,31.3,66.2,0.0,20.2,236.3,Panicle,1,0.0,0.0
III,Tarlac,Concepcion,2021-02-11,22.0,30.9,65.4,2.1,19.5,246.5,Panicle,0,0.2,0.32
III,Tarlac,Concepcion,2021-02-12,21.7,32.8,63.4,0.0,19.9,238.7,Panicle,2,0.19,0.03
III,Tarlac,Concepcion,2021-02-13,21.4,34.0,66.8,5.0,21.1,250.6,Panicle,1,0.02,0.96
III,Tarlac,Concepcion,2021-02-14,22.8,35.0,61.5,0.0,21.2,220.4,Panicle,2,0.0,1.46
III,Tarlac,Concepcion,2021-02-15,23.0,35.9,64.8,0.0,22.4,235.4,Panicle,0,0.11,0.28
III,Tarlac,Concepcion,2021-02-16,22.5,34.7,66.7,0.0,21.9,230.7,Panicle,1,0.03,0.58
III,Tarlac,Concepcion,2021-02-17,23.7,33.9,65.5,0.0,21.9,246.8,Panicle,1,0.02,2.95
III,Tarlac,Concepcion,2021-02-18,24.0,33.9,62.7,0.0,21.5,231.5,Panicle,2,0.13,1.74
III,Tarlac,Concepcion,2021-02-19,23.8,34.3,64.9,0.0,21.5,232.8,Panicle,3,0.07,2.49
III,Tarlac,Concepcion,2021-02-20,24.0,33.6,64.7,0.0,21.5,249.3,Panicle,0,0.19,3.86
III,Tarlac,Concepcion,2021-02-21,22.1,31.4,70.0,25.4,21.5,223.5,Panicle,2,0.0,3.95
III,Tarlac,Concepcion,2021-02-22,22.425,32.6,67.8,0.0,21.5,236.1,Panicle,1,0.0,3.16
III,Tarlac,Concepcion,2021-02-23,22.75,32.0,63.8,0.0,20.5,243.6,Panicle,0,0.23,3.09
III,Tarlac,Concepcion,2021-02-24,23.075,31.8,65.4,0.0,20.9,238.1,Panicle,5,0.23,4.85
III,Tarlac,Concepcion,2021-02-25,23.4,31.8,65.2,0.0,20.6,234.8,Flowering,1,0.09,3.09
III,Tarlac,Concepcion,2021-02-26,22.5,30.8,68.3,12.6,20.3,229.0,Flowering,1,0.05,1.98
III,Tarlac,Concepcion,2021-02-27,21.9,33.3,62.9,0.0,20.2,238.9,Flowering,0,0.0,2.47
III,Tarlac,Concepcion,2021-02-28,21.4,34.0,64.3,3.2,20.6,239.6,Flowering,0,0.2,2.13
III,Tarlac,Concepcion,2021-03-01,21.3,32.9,60.3,0.0,19.2,248.1,Flowering,0,0.01,0.08
III,Tarlac,Concepcion,2021-03-02,21.5,31.4,64.2,0.0,19.3,237.3,Flowering,1,0.04,0.0
III,Tarlac,Concepcion,2021-03-03,22.2,33.4,66.2,0.0,21.0,247.2,Flowering,1,0.2,0.0
III,Tarlac,Concepcion,2021-03-04,22.8,32.8,65.9,0.0,21.0,231.3,Flowering,1,0.14,2.74
III,Tarlac,Concepcion,2021-03-05,22.7,32.6,67.0,0.0,21.0,247.3,Flowering,2,0.13,0.0
III,Tarlac,Concepcion,2021-03-06,22.3,33.4,67.4,0.0,21.3,240.3,Flowering,1,0.08,0.0
III,Tarlac,Concepcion,2021-03-07,22.6,33.8,68.9,0.0,22.0,245.0,Flowering,2,0.08,0.39
III,Tarlac,Concepcion,2021-03-08,23.3,33.4,68.8,0.0,22.1,242.2,Flowering,1,0.12,0.32
III,Tarlac,Concepcion,2021-03-09,23.1,31.7,68.1,0.0,21.0,235.3,Flowering,0,0.23,0.0
III,Tarlac,Concepcion,2021-03-10,21.5,32.8,71.3,1.8,21.4,243.3,Flowering,1,0.13,0.42
III,Tarlac,Concepcion,2021-03-11,21.3,32.4,65.0,0.0,19.8,246.8,Flowering,0,0.09,0.27
III,Tarlac,Concepcion,2021-03-12,21.5,31.4,65.6,0.0,19.6,254.2,Ripening,0,0.14,0.75
III,Tarlac,Concepcion,2021-03-13,23.3,32.0,64.0,0.0,20.4,214.2,Ripening,0,0.08,0.0
III,Tarlac,Concepcion,2021-03-14,22.8,33.0,65.5,0.0,21.0,232.6,Ripening,1,0.12,0.37
III,Tarlac,Concepcion,2021-03-15,23.9,32.3,65.1,0.0,21.1,236.3,Ripening,0,0.17,1.19
III,Tarlac,Concepcion,2021-03-16,23.2,32.6,65.3,0.0,21.0,237.2,Ripening,0,0.01,0.99
III,Tarlac,Concepcion,2021-03-17,23.1,32.0,73.1,8.8,22.2,227.9,Ripening,2,0.17,0.84
III,Tarlac,Concepcion,2021-03-18,23.4,32.8,68.1,0.0,21.7,250.5,Ripening,2,0.16,0.19
III,Tarlac,Concepcion,2021-03-19,22.6,34.0,65.8,0.0,21.633333333333333,246.4,Ripening,0,0.14,1.6
III,Tarlac,Concepcion,2021-03-20,22.7,34.5,67.5,0.0,21.566666666666666,243.2,Ripening,3,0.0,0.31
III,Tarlac,Concepcion,2021-03-21,23.0,33.7,65.6,0.0,21.5,226.4,Ripening,0,0.0,0.0
III,Tarlac,Concepcion,2021-03-22,23.6,31.5,65.0,0.0,20.6,240.8,Ripening,1,0.14,0.0
III,Tarlac,Concepcion,2021-03-23,22.8,33.4,62.7,0.0,20.6,249.2,Ripening,0,0.0,1.23
III,Tarlac,Concepcion,2021-03-24,23.0,32.2,62.5,0.0,20.1,239.1,Ripening,0,0.15,0.27
III,Tarlac,Concepcion,2021-03-25,23.1,33.6,63.9,0.0,21.1,238.8,Ripening,0,0.01,0.27
III,Tarlac,Concepcion,2021-03-26,22.9,34.0,64.6,0.0,21.4,232.1,Ripening,1,0.04,0.97
III,Tarlac,Concepcion,2021-03-27,21.2,33.3,68.6,0.0,21.0,230.9,Ripening,0,0.1,1.96
III,Tarlac,Concepcion,2021-03-28,21.5,33.6,68.8,0.0,21.3,227.6,Ripening,2,0.0,1.53
III,Tarlac,Concepcion,2021-03-29,21.8,33.1,72.2,0.0,21.9,245.6,Ripening,0,0.04,1.42
III,Tarlac,Concepcion,2021-03-30,21.3,33.8,70.8,0.0,21.7,227.3,Ripening,2,0.06,0.34
III,Tarlac,Concepcion,2021-03-31,21.9,33.3,68.9,0.0,21.4,231.6,Ripening,0,0.14,1.78
III,Tarlac,Concepcion,2021-04-01,22.3,32.4,71.6,6.9,21.7,229.7,Ripening,0,0.0,2.78
III,Tarlac,Concepcion,2021-04-02,23.2,32.879999999999995,72.4,8.2,23.4,224.1,Ripening,2,0.06,1.81
III,Tarlac,Concepcion,2021-04-03,23.2,33.36,67.9,0.0,21.8,241.2,Ripening,4,0.06,1.96
III,Tarlac,Concepcion,2021-04-04,23.066666666666666,33.839999999999996,68.3,0.0,22.6,233.4,Ripening,1,0.0,1.65
III,Tarlac,Concepcion,2021-04-05,22.933333333333334,34.32,72.5,5.1,23.2,226.6,Ripening,4,0.2,0.76
III,Tarlac,Concepcion,2021-04-06,22.8,34.8,67.8,0.0,22.4,237.6,Ripening,1,0.08,2.21
III,Tarlac,Concepcion,2021-04-07,22.5,35.0,67.3,0.0,22.2,232.1,Ripening,0,0.14,0.14
III,Tarlac,Concepcion,2021-04-08,21.6,34.0,68.5,0.0,21.5,243.7,Ripening,0,0.11,0.07
III,Tarlac,Concepcion,2021-04-09,22.1,34.3,70.7,0.0,22.3,247.2,Ripening,0,0.08,0.052500000000000005
III,Tarlac,Concepcion,2021-04-10,22.4,33.7,68.7,0.0,21.8,247.4,Ripening,0,0.0,0.035
III,Tarlac,Concepcion,2021-04-11,23.5,33.3,76.1,2.8,23.6,240.2,Ripening,0,0.04,0.0175
III,Tarlac,Concepcion,2021-04-12,24.9,32.8,67.8,0.0,22.4,238.2,Ripening,1,0.23,0.0
III,Tarlac,Concepcion,2021-04-13,24.1,33.0,67.1,0.0,22.0,236.5,Ripening,0,0.01,0.16
III,Tarlac,Concepcion,2021-04-14,24.1,35.2,68.9,0.0,23.4,232.0,Ripening,0,0.25,0.0
III,Tarlac,Concepcion,2021-04-15,23.9,34.7,66.8,0.0,22.9,227.5,Ripening,0,0.0,0.16
III,Tarlac,Concepcion,2021-04-16,24.1,32.6,67.4,0.0,22.4,234.1,Ripening,0,0.0,0.01
III,Tarlac,Concepcion,2021-04-17,23.9,33.6,64.4,0.0,21.9,228.4,Ripening,0,0.12,0.26
III,Tarlac,Concepcion,2021-04-18,24.0,32.8,65.1,0.0,21.4,230.9,Ripening,0,0.01,0.16
III,Tarlac,Concepcion,2021-04-19,22.6,32.4,64.1,0.0,20.3,226.7,Ripening,0,0.01,0.1
III,Tarlac,Concepcion,2021-04-20,23.2,30.6,70.1,11.3,20.9,235.0,Ripening,0,0.13,0.07
III,Tarlac,Concepcion,2021-04-21,23.5,33.5,66.9,0.1,21.9,241.8,Ripening,0,0.05,0.34
III,Tarlac,Concepcion,2021-04-22,23.1,34.3,69.4,0.0,22.6,244.9,Ripening,0,0.17,0.0
III,Tarlac,Concepcion,2021-04-23,22.2,34.5,71.7,0.0,22.7,220.3,Ripening,0,0.03,0.15
III,Tarlac,Concepcion,2021-04-24,22.4,33.6,70.9,0.0,22.2,238.4,Ripening,1,0.06,0.03
III,Tarlac,Concepcion,2021-04-25,22.0,32.3,71.3,0.0,21.4,233.86666666666667,Ripening,0,0.07,0.14
III,Tarlac,Concepcion,2021-04-26,23.1,32.6,73.2,0.0,22.5,229.33333333333334,Ripening,0,0.1,0.0
III,Tarlac,Concepcion,2021-04-27,22.3,33.9,74.2,0.0,22.9,224.8,Ripening,0,0.17,0.06
III,Tarlac,Concepcion,2021-04-28,21.9,34.2,72.2,2.7,23.1,225.6,Ripening,0,0.05,0.0
III,Tarlac,Concepcion,2021-04-29,22.4,34.7,70.2,0.0,22.7,235.8,Ripening,0,0.0,0.05
III,Tarlac,Concepcion,2021-04-30,22.7,32.4,68.2,0.0,21.2,241.5,Ripening,0,0.08,0.1
III,Tarlac,Concepcion,2021-05-01,21.9,33.1,67.8,0.0,21.1,225.6,Ripening,0,0.16,0.04
III,Tarlac,Concepcion,2021-05-02,22.4,32.2,71.1,0.0,21.5,222.3,Ripening,0,0.06,0.13
III,Tarlac,Concepcion,2021-05-03,22.7,33.3,71.9,0.0,22.4,237.5,Ripening,0,0.09,0.01
III,Tarlac,Concepcion,2021-05-04,22.9,32.7,69.2,0.0,21.6,234.6,Ripening,0,0.06,0.19
III,Tarlac,Concepcion,2021-05-05,22.9,32.7,71.0,1.0,22.0,234.4,Ripening,0,0.16,0.1
III,Tarlac,Concepcion,2021-05-06,22.2,32.1,69.1,0.0,21.0,239.9,Ripening,0,0.15,0.13
III,Tarlac,Concepcion,2021-05-07,22.28333333333333,33.9,66.7,0.0,21.5,238.8,Ripening,0,0.0,0.1
III,Tarlac,Concepcion,2021-05-08,22.366666666666667,33.9,67.8,0.0,22.0,241.4,Ripening,0,0.12,0.1
III,Tarlac,Concepcion,2021-05-09,22.45,33.9,64.9,0.0,21.1,226.2,Seedling,0,0.01,0.07
III,Tarlac,Concepcion,2021-05-10,22.53333333333333,32.9,65.7,0.0,20.7,234.8,Seedling,0,0.01,0.14
III,Tarlac,Concepcion,2021-05-11,22.616666666666667,34.3,64.2,0.0,20.633333333333333,225.1,Seedling,0,0.13,0.11
III,Tarlac,Concepcion,2021-05-12,22.7,33.4,64.4,0.0,20.566666666666666,238.1,Seedling,0,0.16,0.25
III,Tarlac,Concepcion,2021-05-13,23.3,31.0,66.6,0.0,20.5,248.5,Seedling,0,0.11,0.0
III,Tarlac,Concepcion,2021-05-14,22.5,30.7,67.8,0.0,20.2,221.4,Seedling,0,0.18,0.24
III,Tarlac,Concepcion,2021-05-15,23.4,31.9,67.75,0.0,21.0,236.7,Seedling,0,0.0,0.14
III,Tarlac,Concepcion,2021-05-16,22.4,32.1,67.7,0.0,20.8,228.4,Seedling,0,0.12,0.08
III,Tarlac,Concepcion,2021-05-17,21.0,32.2,70.7,2.8,20.7,228.1,Seedling,0,0.1,0.12
III,Tarlac,Concepcion,2021-05-18,21.3,31.8,71.1,0.0,20.8,220.4,Seedling,0,0.19,0.18
III,Tarlac,Concepcion,2021-05-19,21.9,30.8,69.0,0.0,20.2,230.5,Seedling,0,0.03,0.17
III,Tarlac,Concepcion,2021-05-20,22.1,31.5,66.0,0.0,20.0,235.8,Seedling,0,0.03,0.09
III,Tarlac,Concepcion,2021-05-21,22.3,32.9,66.9,0.0,21.0,222.7,Seedling,0,0.1,0.15
III,Tarlac,Concepcion,2021-05-22,21.9,33.4,70.5,0.0,21.8,224.5,Seedling,0,0.2,0.05
III,Tarlac,Concepcion,2021-05-23,20.8,33.4,68.1,0.0,20.7,227.9,Seedling,0,0.01,0.02
III,Tarlac,Concepcion,2021-05-24,20.4,33.7,69.6,0.0,21.0,222.1,Seedling,0,0.03,0.09
III,Tarlac,Concepcion,2021-05-25,20.8,34.0,70.5,0.0,21.5,233.6,Seedling,0,0.08,0.14
III,Tarlac,Concepcion,2021-05-26,20.9,34.0,72.1,0.0,21.9,222.1,Seedling,0,0.17,0.02
III,Tarlac,Concepcion,2021-05-27,22.1,32.7,78.5,4.1,23.1,220.1,Seedling,0,0.07,0.05
III,Tarlac,Concepcion,2021-05-28,22.5,32.2,71.5,0.0,21.7,232.8,Seedling,0,0.03,0.03
III,Tarlac,Concepcion,2021-05-29,22.8,32.9,72.0,0.0,22.2,237.4,Seedling,0,0.14,0.33
III,Tarlac,Concepcion,2021-05-30,22.5,32.9,73.1,0.0,22.3,209.2,Seedling,0,0.02,0.1
III,Tarlac,Concepcion,2021-05-31,22.9,33.9,73.4,0.0,23.1,236.9,Seedling,0,0.18,0.17
III,Tarlac,Concepcion,2021-06-01,23.1,34.0,74.9,0.0,23.5,212.6,Seedling,0,0.21,0.08
III,Tarlac,Concepcion,2021-06-02,23.1,32.4,76.4,0.0,23.0,221.5,Seedling,0,0.03,0.04
III,Tarlac,Concepcion,2021-06-03,22.8,32.0,75.2,0.0,22.4,242.3,Seedling,0,0.03,0.17
III,Tarlac,Concepcion,2021-06-04,24.6,30.2,75.4,0.0,22.5,220.3,Seedling,0,0.06,0.04
III,Tarlac,Concepcion,2021-06-05,24.0,31.4,77.5,0.0,23.2,219.9,Seedling,0,0.09,0.14
III,Tarlac,Concepcion,2021-06-06,24.7,32.8,77.6,0.0,24.3,211.8,Seedling,0,0.1,0.15
III,Tarlac,Concepcion,2021-06-07,24.7,33.1,80.7,5.6,25.0,224.0,Seedling,0,0.0,0.11
III,Tarlac,Concepcion,2021-06-08,24.1,33.7,73.8,0.0,23.7,221.6,Seedling,0,0.06,0.12
III,Tarlac,Concepcion,2021-06-09,23.3,33.0,72.6,0.0,22.7,221.7,Seedling,0,0.04,0.06
III,Tarlac,Concepcion,2021-06-10,23.3,35.1,74.7,0.0,24.1,227.2,Seedling,0,0.08,0.09
III,Tarlac,Concepcion,2021-06-11,22.9,35.2,75.4,0.0,24.1,221.7,Seedling,17,0.08,0.13
III,Tarlac,Concepcion,2021-06-12,23.2,33.8,80.0,7.5,24.5,212.7,Seedling,25,0.0,0.0
III,Tarlac,Concepcion,2021-06-13,23.4,34.2,74.5,0.0,23.7,228.0,Seedling,21,0.78,0.12
III,Tarlac,Concepcion,2021-06-14,22.5,35.3,74.7,0.0,23.8,225.7,Seedling,23,0.88,0.07
III,Tarlac,Concepcion,2021-06-15,23.9,35.6,73.0,0.0,24.4,216.2,Seedling,23,0.6,0.0
III,Tarlac,Concepcion,2021-06-16,23.8,34.7,73.8,0.0,24.0,215.2,Seedling,15,1.27,0.03
III,Tarlac,Concepcion,2021-06-17,23.7,34.2,69.2,0.0,22.8,232.5,Seedling,17,1.81,0.06
III,Tarlac,Concepcion,2021-06-18,21.9,32.3,77.6,22.4,22.6,212.2,Seedling,20,1.59,0.09
III,Tarlac,Concepcion,2021-06-19,22.7,33.5,75.5,0.0,23.2,231.1,Seedling,10,3.31,0.12
III,Tarlac,Concepcion,2021-06-20,23.1,32.1,71.0,0.0,21.8,213.3,Seedling,11,2.91,0.12
III,Tarlac,Concepcion,2021-06-21,24.4,30.7,72.9,11.5,22.1,213.8,Seedling,12,3.47,0.1
III,Tarlac,Concepcion,2021-06-22,22.7,29.5,72.4,35.7,20.6,181.4,Seedling,11,2.6,0.19
III,Tarlac,Concepcion,2021-06-23,23.6,32.0,69.1,0.0,21.6,233.2,Seedling,7,1.72,0.03
III,Tarlac,Concepcion,2021-06-24,23.5,30.1,71.6,0.0,21.1,228.0,Seedling,8,0.37,0.0
III,Tarlac,Concepcion,2021-06-25,23.4,29.8,77.2,20.0,22.0,205.1,Seedling,9,0.65,0.08
III,Tarlac,Concepcion,2021-06-26,23.2,31.8,75.4,0.0,22.6,233.9,Tillering,11,0.26,0.0
III,Tarlac,Concepcion,2021-06-27,22.8,32.0,79.2,8.3,23.2,214.5,Tillering,12,0.76,0.0
III,Tarlac,Concepcion,2021-06-28,22.2,32.1,77.7,0.0,22.7,206.3,Tillering,13,0.8,0.0
III,Tarlac,Concepcion,2021-06-29,22.2,33.3,80.4,4.5,23.8,227.8,Tillering,15,0.0,0.21
III,Tarlac,Concepcion,2021-06-30,22.6,32.9,77.9,0.0,23.3,221.9,Tillering,16,0.25,0.0
III,Tarlac,Concepcion,2021-07-01,23.1,33.1,78.7,12.0,23.8,217.5,Tillering,33,0.67,0.0
III,Tarlac,Concepcion,2021-07-02,22.0,33.9,75.7,0.0,23.1,231.7,Tillering,24,0.36,0.24
III,Tarlac,Concepcion,2021-07-03,23.0,34.6,76.9,1.3,24.2,225.7,Tillering,21,0.21,0.0
III,Tarlac,Concepcion,2021-07-04,22.7,33.8,75.6,2.1,23.4,232.4,Tillering,35,0.06,0.11
III,Tarlac,Concepcion,2021-07-05,22.7,35.2,74.1,0.0,23.8,223.5,Tillering,19,0.95,0.08
III,Tarlac,Concepcion,2021-07-06,22.3,35.3,71.3,0.0,23.1,225.6,Tillering,32,0.88,0.03
III,Tarlac,Concepcion,2021-07-07,21.7,33.8,76.1,6.0,23.0,209.2,Tillering,23,1.29,0.1
III,Tarlac,Concepcion,2021-07-08,21.6,35.2,72.2,0.0,22.8,201.0,Tillering,31,1.9,0.12
III,Tarlac,Concepcion,2021-07-09,21.5,35.7,78.5,10.5,24.3,208.7,Tillering,34,2.68,0.09
III,Tarlac,Concepcion,2021-07-10,22.2,35.9,71.2,0.3,23.3,219.6,Tillering,26,3.47,0.03
III,Tarlac,Concepcion,2021-07-11,22.0,36.7,74.3,0.0,24.2,235.4,Tillering,27,3.66,0.01
III,Tarlac,Concepcion,2021-07-12,21.4,33.6,77.2,1.6,22.9,202.8,Tillering,19,4.62,0.02
III,Tarlac,Concepcion,2021-07-13,22.4,33.0,75.3,0.0,22.8,230.1,Tillering,13,3.88,0.08
III,Tarlac,Concepcion,2021-07-14,23.0,34.4,76.0,0.0,23.9,216.4,Tillering,14,3.91,0.0
III,Tarlac,Concepcion,2021-07-15,22.5,34.7,80.8,8.2,24.8,212.8,Tillering,9,3.78,0.09
III,Tarlac,Concepcion,2021-07-16,22.5,30.9,81.9,233.7,23.1,174.5,Tillering,6,4.79,0.11
III,Tarlac,Concepcion,2021-07-17,23.1,34.2,82.3,3.8,25.1,222.4,Tillering,18,2.95,0.0
III,Tarlac,Concepcion,2021-07-18,23.2,34.0,79.1,0.0,24.4,220.3,Tillering,17,3.8,0.06
III,Tarlac,Concepcion,2021-07-19,23.0,32.5,78.56666666666666,21.5,24.9,200.9,Tillering,15,3.79,0.07
III,Tarlac,Concepcion,2021-07-20,23.5,33.5,78.03333333333333,11.1,25.4,222.4,Elongation,19,4.66,0.01
III,Tarlac,Concepcion,2021-07-21,23.1,34.3,77.5,0.0,24.2,225.5,Elongation,24,4.32,0.17
III,Tarlac,Concepcion,2021-07-22,23.1,36.0,78.1,0.0,25.2,206.0,Elongation,25,4.71,0.07
III,Tarlac,Concepcion,2021-07-23,22.7,35.4,81.3,4.9,25.3,202.9,Elongation,31,3.92,0.0
III,Tarlac,Concepcion,2021-07-24,22.0,34.3,80.9,7.5,24.3,208.8,Elongation,35,4.64,0.07
III,Tarlac,Concepcion,2021-07-25,22.4,34.3,78.0,4.8,23.9,211.2,Elongation,31,3.07,0.04
III,Tarlac,Concepcion,2021-07-26,24.0,34.6,71.8,0.0,23.7,215.6,Elongation,34,2.93,0.09
III,Tarlac,Concepcion,2021-07-27,23.7,34.8,78.6,17.6,25.0,208.4,Elongation,18,3.95,0.09
III,Tarlac,Concepcion,2021-07-28,23.2,35.8,74.3,0.0,24.4,229.9,Elongation,23,4.54,0.0
III,Tarlac,Concepcion,2021-07-29,22.1,34.9,74.8,0.0,23.5,206.5,Elongation,29,4.476666666666667,0.13
III,Tarlac,Concepcion,2021-07-30,22.6,33.4,78.8,0.0,23.8,216.6,Elongation,26,4.413333333333333,0.15
III,Tarlac,Concepcion,2021-07-31,22.0,35.0,81.6,1.7,24.8,225.3,Elongation,21,4.35,0.07
III,Tarlac,Concepcion,2021-08-01,23.7,34.5,77.0,0.0,24.5,209.7,Elongation,22,5.2,0.02
III,Tarlac,Concepcion,2021-08-02,22.8,34.4,83.6,7.1,25.3,197.3,Elongation,10,4.89,0.08
III,Tarlac,Concepcion,2021-08-03,23.4,33.4,82.6,7.0,24.9,201.2,Elongation,11,4.45,0.07
III,Tarlac,Concepcion,2021-08-04,23.6,31.5,82.7,25.3,24.1,193.5,Elongation,16,3.73,0.07
III,Tarlac,Concepcion,2021-08-05,22.9,34.0,74.5,0.0,23.4,208.5,Elongation,17,2.86,0.01
III,Tarlac,Concepcion,2021-08-06,23.3,34.2,74.75,0.0,23.8,208.025,Elongation,5,3.45,0.23
III,Tarlac,Concepcion,2021-08-07,23.9,33.2,75.0,0.0,23.6,207.55,Elongation,5,2.38,0.24
III,Tarlac,Concepcion,2021-08-08,24.1,33.8,80.7,1.2,25.1,207.075,Panicle,3,0.08,3.55
III,Tarlac,Concepcion,2021-08-09,23.4,34.4,75.4,0.0,24.0,206.6,Panicle,6,0.09,2.62
III,Tarlac,Concepcion,2021-08-10,24.1,33.8,79.2,3.1,24.8,214.7,Panicle,8,0.13,2.75
III,Tarlac,Concepcion,2021-08-11,24.1,34.6,79.6,7.5,25.3,204.8,Panicle,9,0.0,1.89
III,Tarlac,Concepcion,2021-08-12,24.2,34.2,74.2,3.2,24.0,216.8,Panicle,14,0.2,1.97
III,Tarlac,Concepcion,2021-08-13,23.2,34.0,74.0,12.7,23.4,209.0,Panicle,5,0.07,3.55
III,Tarlac,Concepcion,2021-08-14,23.3,33.8,78.6,4.6,24.3,210.0,Panicle,6,0.1,1.98
III,Tarlac,Concepcion,2021-08-15,23.2,32.5,77.9,3.1,23.4,202.2,Panicle,7,0.0,0.03
III,Tarlac,Concepcion,2021-08-16,22.7,31.7,78.0,16.0,22.8,193.6,Panicle,6,0.2,0.17
III,Tarlac,Concepcion,2021-08-17,23.9,33.9,76.6,13.4,24.2,190.4,Panicle,2,0.14,0.98
III,Tarlac,Concepcion,2021-08-18,22.2,34.4,79.3,20.3,24.2,191.7,Panicle,2,0.04,1.26
III,Tarlac,Concepcion,2021-08-19,23.2,34.9,73.6,0.0,23.8,228.3,Panicle,0,0.09,0.57
III,Tarlac,Concepcion,2021-08-20,21.8,34.5,79.2,3.9,24.0,215.5,Panicle,0,0.09,1.22
III,Tarlac,Concepcion,2021-08-21,22.3,34.4,75.7,0.0,23.5,226.5,Panicle,1,0.03,2.0
III,Tarlac,Concepcion,2021-08-22,22.5,33.9,77.8,0.0,23.8,208.0,Panicle,1,0.12,0.92
III,Tarlac,Concepcion,2021-08-23,22.2,34.0,76.0,0.0,23.3,203.1,Flowering,0,0.14,1.12
III,Tarlac,Concepcion,2021-08-24,22.9,32.7,80.0,1.1,23.8,226.1,Flowering,1,0.0,1.79
III,Tarlac,Concepcion,2021-08-25,23.1,34.1,76.8,0.0,24.0,215.8,Flowering,1,0.18,0.98
III,Tarlac,Concepcion,2021-08-26,22.7,32.8,77.9,17.2,23.3,203.1,Flowering,1,0.22,1.19
III,Tarlac,Concepcion,2021-08-27,22.9,33.6,77.4,2.2,23.7,214.9,Flowering,4,0.18,0.67
III,Tarlac,Concepcion,2021-08-28,23.4,34.7,75.2,1.8,24.1,221.4,Flowering,0,0.09,0.32
III,Tarlac,Concepcion,2021-08-29,22.4,34.5,75.8,30.2,23.6,184.1,Flowering,1,0.02,0.85
III,Tarlac,Concepcion,2021-08-30,23.1,36.1,78.5,2.2,25.3,217.9,Flowering,2,0.08,0.85
III,Tarlac,Concepcion,2021-08-31,22.3,35.8,76.6,0.0,24.4,208.5,Flowering,1,0.14,0.24
III,Tarlac,Concepcion,2021-09-01,22.9,36.0,77.1,0.0,24.9,215.2,Flowering,5,0.09,0.94
III,Tarlac,Concepcion,2021-09-02,22.1,35.1,81.1,1.8,24.8,212.0,Flowering,0,0.0,1.81
III,Tarlac,Concepcion,2021-09-03,22.1,34.6,78.9,0.0,24.1,220.6,Flowering,1,0.07,0.81
III,Tarlac,Concepcion,2021-09-04,22.25,35.2,80.9,11.5,24.9,203.8,Flowering,2,0.22,1.26
III,Tarlac,Concepcion,2021-09-05,22.4,33.3,80.6,26.0,23.4,191.9,Flowering,1,0.04,2.89
III,Tarlac,Concepcion,2021-09-06,22.55,37.7,75.7,0.0,25.2,218.3,Ripening,1,0.09,2.95
III,Tarlac,Concepcion,2021-09-07,22.7,36.0,79.0,21.7,25.2,209.2,Ripening,1,0.0,3.09
III,Tarlac,Concepcion,2021-09-08,23.5,35.1,75.6,4.6,24.4,209.9,Ripening,1,0.29,3.85
III,Tarlac,Concepcion,2021-09-09,23.2,35.2,72.2,0.0,23.6,223.7,Ripening,1,0.0,5.33
III,Tarlac,Concepcion,2021-09-10,23.6,36.1,72.4,0.0,24.3,222.4,Ripening,0,0.02,6.0
III,Tarlac,Concepcion,2021-09-11,23.5,35.4,79.1,4.3,25.3,203.2,Ripening,1,0.03,5.94
III,Tarlac,Concepcion,2021-09-12,23.4,34.5,76.9,0.0,24.3,215.1,Ripening,3,0.11,6.43
III,Tarlac,Concepcion,2021-09-13,23.0,35.5,72.7,0.0,23.8,213.8,Ripening,1,0.09,5.92
III,Tarlac,Concepcion,2021-09-14,22.8,36.8,78.5,0.0,25.5,210.675,Ripening,0,0.13,4.9
III,Tarlac,Concepcion,2021-09-15,22.9,36.1,83.0,14.5,26.1,207.55,Ripening,1,0.14,4.6
III,Tarlac,Concepcion,2021-09-16,23.0,36.1,75.7,0.0,24.7,204.425,Ripening,1,0.0,5.51
III,Tarlac,Concepcion,2021-09-17,22.8,34.6,80.9,22.5,24.9,201.3,Ripening,0,0.09,3.73
III,Tarlac,Concepcion,2021-09-18,24.0,34.8,76.7,0.0,24.73333333333333,225.4,Ripening,3,0.04,3.95
III,Tarlac,Concepcion,2021-09-19,23.7,34.3,79.2,0.0,24.566666666666666,207.2,Ripening,1,0.01,5.04
III,Tarlac,Concepcion,2021-09-20,24.2,33.4,76.2,0.0,24.4,215.0,Ripening,2,0.01,4.18
III,Tarlac,Concepcion,2021-09-21,24.1,32.2,81.3,5.1,24.23333333333333,214.8,Ripening,0,0.16,3.28
III,Tarlac,Concepcion,2021-09-22,24.2,32.0,79.9,2.7,24.066666666666666,213.9,Ripening,0,0.06,2.21
III,Tarlac,Concepcion,2021-09-23,23.5,31.5,81.8,59.2,23.9,162.5,Ripening,1,0.12,0.86
III,Tarlac,Concepcion,2021-09-24,23.3,32.2,82.75,9.4,24.8,213.2,Ripening,3,0.13,1.12
III,Tarlac,Concepcion,2021-09-25,22.7,33.3,83.7,19.5,24.7,185.5,Ripening,4,0.01,0.61
III,Tarlac,Concepcion,2021-09-26,22.9,35.8,84.5,1.8,26.2,203.7,Ripening,3,0.02,0.87
III,Tarlac,Concepcion,2021-09-27,24.6,36.1,79.6,0.0,26.3,212.1,Ripening,7,0.09,0.0
III,Tarlac,Concepcion,2021-09-28,25.2,35.3,78.1,0.0,25.9,220.7,Ripening,8,0.02,0.71
III,Tarlac,Concepcion,2021-09-29,24.2,33.7,79.5,19.0,24.8,205.7,Ripening,8,0.12,0.49
III,Tarlac,Concepcion,2021-09-30,23.8,34.9,77.9,14.9,24.9,196.0,Ripening,0,0.12,0.0
III,Tarlac,Concepcion,2021-10-01,24.4,34.3,70.8,0.0,23.5,214.8,Ripening,0,0.09,0.13
III,Tarlac,Concepcion,2021-10-02,24.0,34.7,76.2,7.8,24.6,204.4,Ripening,0,0.06,0.02
III,Tarlac,Concepcion,2021-10-03,24.4,34.2,71.7,0.0,23.6,221.5,Ripening,0,0.05,0.1
III,Tarlac,Concepcion,2021-10-04,23.6,31.2,76.9,18.1,22.8,214.6,Ripening,0,0.13,0.14
III,Tarlac,Concepcion,2021-10-05,23.8,31.4,77.0,8.1,23.0,212.3,Ripening,0,0.11,0.0
III,Tarlac,Concepcion,2021-10-06,25.2,34.1,73.3,0.0,24.3,215.5,Ripening,0,0.18,0.0
III,Tarlac,Concepcion,2021-10-07,24.2,33.6,83.7,10.1,25.6,210.1,Ripening,0,0.06,0.18
III,Tarlac,Concepcion,2021-10-08,23.8,34.0,79.1,0.0,24.7,205.0,Ripening,0,0.09,0.05
III,Tarlac,Concepcion,2021-10-09,23.6,34.8,73.6,0.0,23.9,223.2,Ripening,0,0.0,0.0
III,Tarlac,Concepcion,2021-10-10,22.8,33.1,78.4,6.8,23.6,220.9,Ripening,0,0.0,0.09
III,Tarlac,Concepcion,2021-10-11,22.5,33.1,78.6,0.0,23.5,215.7,Ripening,1,0.01,0.04
III,Tarlac,Concepcion,2021-10-12,22.4,34.5,80.8,9.4,24.6,193.6,Ripening,0,0.08,0.0
III,Tarlac,Concepcion,2021-10-13,23.3,32.2,79.3,8.7,23.6,229.5,Ripening,1,0.03,0.19
III,Tarlac,Concepcion,2021-10-14,22.8,33.4,71.9,0.0,22.5,223.5,Ripening,0,0.03,0.0
III,Tarlac,Concepcion,2021-10-15,23.2,32.6,70.8,0.0,22.1,202.7,Ripening,1,0.0,0.17
III,Tarlac,Concepcion,2021-10-16,22.6,32.1,75.1,38.7,22.4,178.1,Ripening,0,0.016,0.2
III,Tarlac,Concepcion,2021-10-17,23.9,33.7,74.1,0.0,23.6,213.5,Ripening,1,0.032,0.14
III,Tarlac,Concepcion,2021-10-18,23.9,32.8,74.3,0.0,23.2,215.4,Ripening,0,0.048,0.08
III,Tarlac,Concepcion,2021-10-19,22.7,31.6,72.9,0.0,21.7,226.3,Ripening,0,0.064,0.02
III,Tarlac,Concepcion,2021-10-20,22.8,30.9,80.0,10.5,22.8,219.0,Ripening,0,0.08,0.03
III,Tarlac,Concepcion,2021-10-21,24.3,31.9,74.4,0.0,23.0,231.6,Ripening,0,0.0,0.06
III,Tarlac,Concepcion,2021-10-22,24.0,32.0,79.3,2.3,23.9,228.3,Ripening,0,0.0,0.24
III,Tarlac,Concepcion,2021-10-23,24.4,33.7,75.1,0.0,24.1,225.2,Ripening,0,0.08,0.08
III,Tarlac,Concepcion,2021-10-24,23.2,33.3,77.3,7.7,23.7,224.9,Ripening,0,0.18,0.14
III,Tarlac,Concepcion,2021-10-25,22.8,34.0,77.6,6.2,23.9,206.7,Ripening,0,0.11,0.03
III,Tarlac,Concepcion,2021-10-26,23.2,34.2,79.5,3.2,24.6,221.8,Ripening,0,0.03,0.08
III,Tarlac,Concepcion,2021-10-27,22.7,32.9,74.0,0.0,22.6,214.0,Ripening,0,0.2,0.03
III,Tarlac,Concepcion,2021-10-28,23.1,33.5,82.4,6.4,24.8,210.8,Ripening,0,0.15,0.09
III,Tarlac,Concepcion,2021-10-29,22.7,34.8,80.3,3.2,24.8,216.9,Ripening,0,0.23,0.0
III,Tarlac,Concepcion,2021-10-30,22.1,34.3,79.0,13.0,24.0,225.1,Ripening,0,0.11,0.03
III,Tarlac,Concepcion,2021-10-31,23.1,34.5,74.6,0.0,23.7,222.5,Ripening,0,0.1,0.15
III,Tarlac,Concepcion,2021-11-01,22.3,34.1,72.3,0.0,22.7,228.1,Ripening,0,0.14,0.06
III,Tarlac,Concepcion,2021-11-02,21.0,34.0,72.7,0.0,22.0,214.5,Seedling,0,0.21,0.03
III,Tarlac,Concepcion,2021-11-03,22.6,33.0,70.3,0.0,21.9,217.8,Seedling,0,0.0,0.11
III,Tarlac,Concepcion,2021-11-04,22.0,30.8,70.4,0.0,20.5,215.3,Seedling,0,0.09,0.21
III,Tarlac,Concepcion,2021-11-05,21.1,31.7,77.5,85.0,21.9,173.3,Seedling,0,0.05,0.0
III,Tarlac,Concepcion,2021-11-06,22.1,34.0,79.0,4.5,23.8,221.2,Seedling,0,0.0,0.11
III,Tarlac,Concepcion,2021-11-07,21.7,33.6,76.6,7.9,23.0,217.4,Seedling,0,0.0,0.0
III,Tarlac,Concepcion,2021-11-08,22.2,32.1,74.2,0.0,22.0,230.7,Seedling,0,0.14,0.03
III,Tarlac,Concepcion,2021-11-09,21.3,33.2,80.5,19.2,23.4,207.6,Seedling,0,0.08,0.0
III,Tarlac,Concepcion,2021-11-10,22.0,36.0,78.8,1.3,23.58,231.3,Seedling,0,0.13,0.01
III,Tarlac,Concepcion,2021-11-11,22.85,35.15,75.4,12.5,23.759999999999998,216.8,Seedling,0,0.0,0.0
III,Tarlac,Concepcion,2021-11-12,23.7,34.3,76.2,5.5,23.94,217.7,Seedling,1,0.0,0.0
III,Tarlac,Concepcion,2021-11-13,23.8,33.9,71.2,0.0,24.12,222.8,Seedling,0,0.07,0.18
III,Tarlac,Concepcion,2021-11-14,23.4,36.0,72.9,4.2,24.3,223.4,Seedling,1,0.1,0.09
III,Tarlac,Concepcion,2021-11-15,23.4,34.6,72.5,9.1,23.5,207.3,Seedling,0,0.29,0.04
III,Tarlac,Concepcion,2021-11-16,23.1,33.9,74.8,12.6,23.5,214.9,Seedling,0,0.0,0.01
III,Tarlac,Concepcion,2021-11-17,23.2,33.2,70.6,0.0,22.3,230.5,Seedling,0,0.03,0.09
III,Tarlac,Concepcion,2021-11-18,22.7,33.4,73.3,2.1,22.7,220.3,Seedling,0,0.16,0.14
III,Tarlac,Concepcion,2021-11-19,22.6,33.6,69.2,0.0,21.9,221.5,Seedling,0,0.07,0.0
III,Tarlac,Concepcion,2021-11-20,22.7,34.0,68.8,0.0,22.1,219.5,Seedling,0,0.03,0.13
III,Tarlac,Concepcion,2021-11-21,23.0,34.0,70.0,0.0,22.5,224.0,Seedling,0,0.05,0.05
III,Tarlac,Concepcion,2021-11-22,22.7,33.4,72.3,0.0,22.266666666666666,208.0,Seedling,1,0.02,0.0
III,Tarlac,Concepcion,2021-11-23,23.3,33.3,74.5,0.0,22.033333333333335,223.0,Seedling,0,0.0,0.12
III,Tarlac,Concepcion,2021-11-24,22.2,32.4,72.6,0.0,21.8,223.2,Seedling,0,0.0,0.09
III,Tarlac,Concepcion,2021-11-25,22.0,34.5,71.0,0.0,22.4,229.7,Seedling,0,0.16,0.13
III,Tarlac,Concepcion,2021-11-26,21.3,35.8,71.0,0.7,22.7,225.1,Seedling,0,0.09,0.03
III,Tarlac,Concepcion,2021-11-27,20.7,35.6,76.2,13.2,23.4,219.2,Seedling,0,0.16,0.19
III,Tarlac,Concepcion,2021-11-28,22.1,34.7,75.0,4.8,23.4,229.4,Seedling,0,0.07,0.08
III,Tarlac,Concepcion,2021-11-29,22.6,33.9,76.6,9.0,23.6,208.5,Seedling,0,0.0,0.02
III,Tarlac,Concepcion,2021-11-30,23.3,34.1,69.1,0.0,22.5,228.5,Seedling,0,0.13,0.06
III,Tarlac,Concepcion,2021-12-01,22.8,35.3,70.6,0.0,23.2,222.0,Seedling,1,0.07,0.29
III,Tarlac,Concepcion,2021-12-02,23.1,35.4,71.1,0.0,23.5,240.4,Seedling,0,0.03,0.17
III,Tarlac,Concepcion,2021-12-03,21.9,35.7,68.4,0.0,22.5,226.2,Seedling,0,0.16,0.1
III,Tarlac,Concepcion,2021-12-04,22.8,33.9,70.0,0.0,22.4,230.6,Seedling,0,0.1,0.05
III,Tarlac,Concepcion,2021-12-05,22.7,34.3,72.7,0.0,23.0,239.6,Seedling,0,2.17,0.0
III,Tarlac,Concepcion,2021-12-06,22.1,34.0,72.9,0.0,22.6,212.5,Seedling,1,2.46,0.04
III,Tarlac,Concepcion,2021-12-07,22.5,34.2,71.8,0.8,22.7,232.5,Seedling,0,2.43,0.17
III,Tarlac,Concepcion,2021-12-08,21.8,33.5,73.2,0.0,22.3,218.2,Seedling,2,3.37,0.11
III,Tarlac,Concepcion,2021-12-09,23.2,33.4,74.3,0.0,23.2,240.8,Seedling,0,1.66,0.11333333333333333
III,Tarlac,Concepcion,2021-12-10,23.2,33.1,72.5,0.0,22.6,237.1,Seedling,1,2.4,0.11666666666666667
III,Tarlac,Concepcion,2021-12-11,22.2,33.2,73.0,0.0,22.3,226.0,Seedling,0,1.12,0.12
III,Tarlac,Concepcion,2021-12-12,22.8,33.4,73.2,0.0,22.7,232.1,Seedling,0,1.12,0.07
III,Tarlac,Concepcion,2021-12-13,22.3,34.0,72.8,0.0,22.7,227.9,Seedling,1,1.42,0.09
III,Tarlac,Concepcion,2021-12-14,22.6,34.5,73.9,0.0,23.3,225.9,Seedling,0,1.7,0.18
III,Tarlac,Concepcion,2021-12-15,22.8,34.4,72.3,0.0,23.1,229.2,Seedling,0,1.07,0.07
III,Tarlac,Concepcion,2021-12-16,22.8,34.2,69.3,0.0,22.4,221.5,Seedling,0,0.79,0.0
III,Tarlac,Concepcion,2021-12-17,21.9,33.5,68.3,0.0,21.4,225.8,Seedling,1,0.39,0.01
III,Tarlac,Concepcion,2021-12-18,21.8,33.7,66.8,0.0,21.1,229.0,Seedling,1,0.0,0.0
III,Tarlac,Concepcion,2021-12-19,21.8,33.6,70.5,0.0,21.8,231.3,Seedling,0,0.92,0.07
III,Tarlac,Concepcion,2021-12-20,22.0,33.2,68.6,0.0,21.3,227.3,Seedling,0,0.33,0.08
III,Tarlac,Concepcion,2021-12-21,22.0,33.3,66.6,0.0,21.0,242.6,Tillering,2,0.0,0.07
III,Tarlac,Concepcion,2021-12-22,22.2,31.6,64.5,0.0,19.8,225.2,Tillering,1,0.0,0.08
III,Tarlac,Concepcion,2021-12-23,22.275,32.7,67.9,0.0,20.9,244.3,Tillering,0,0.6,0.0
III,Tarlac,Concepcion,2021-12-24,22.35,33.7,70.0,0.0,22.0,229.7,Tillering,1,0.74,0.07
III,Tarlac,Concepcion,2021-12-25,22.425,33.6,68.7,0.0,22.1,236.7,Tillering,0,0.6,0.0
III,Tarlac,Concepcion,2021-12-26,22.5,34.7,70.8,0.0,21.825000000000003,222.8,Tillering,3,0.23,0.12
III,Tarlac,Concepcion,2021-12-27,22.1,33.5,73.5,9.5,21.55,208.0,Tillering,3,0.81,0.06
III,Tarlac,Concepcion,2021-12-28,22.5,34.4,66.5,0.0,21.275,228.1,Tillering,4,0.57,0.0
III,Tarlac,Concepcion,2021-12-29,21.7,34.3,64.9,0.0,21.0,236.9,Tillering,2,0.37,0.08
III,Tarlac,Concepcion,2021-12-30,22.1,33.1,65.9,0.0,20.8,230.9,Tillering,2,0.47,0.06
III,Tarlac,Concepcion,2021-12-31,23.3,33.3,63.2,0.0,20.9,230.8,Tillering,2,0.0,0.04
III,Tarlac,Concepcion,2022-01-01,23.0,33.8,61.3,0.0,20.7,235.9,Tillering,3,0.0,0.15
III,Tarlac,Concepcion,2022-01-02,22.2,33.1,64.9,0.0,20.6,229.4,Tillering,1,0.71,0.1
III,Tarlac,Concepcion,2022-01-03,22.6,33.9,67.5,0.0,21.8,232.6,Tillering,1,0.31,0.14
III,Tarlac,Concepcion,2022-01-04,21.5,34.0,73.1,12.2,22.4,214.4,Tillering,1,0.0,0.07
III,Tarlac,Concepcion,2022-01-05,21.9,33.1,74.7,10.8,22.4,236.8,Tillering,2,0.02,0.16
III,Tarlac,Concepcion,2022-01-06,22.5,33.7,69.4,0.0,22.0,220.8,Tillering,3,0.52,0.01
III,Tarlac,Concepcion,2022-01-07,22.5,33.4,70.9,0.0,22.1,237.4,Tillering,0,0.0,0.14
III,Tarlac,Concepcion,2022-01-08,23.3,33.3,69.8,0.0,22.3,243.5,Tillering,0,0.96,0.0
III,Tarlac,Concepcion,2022-01-09,22.2,32.8,65.4,0.0,20.6,241.7,Tillering,2,1.09,0.1
III,Tarlac,Concepcion,2022-01-10,21.1,33.9,64.6,0.0,20.4,242.2,Tillering,3,0.14,0.16
III,Tarlac,Concepcion,2022-01-11,21.8,33.7,67.2,0.0,21.2,226.2,Tillering,2,0.0,0.0
III,Tarlac,Concepcion,2022-01-12,22.0,32.6,74.2,11.2,22.1,225.5,Tillering,3,0.45,0.05
III,Tarlac,Concepcion,2022-01-13,22.2,30.9,68.8,0.0,21.580000000000002,236.9,Tillering,3,0.33,0.0
III,Tarlac,Concepcion,2022-01-14,20.9,31.3,67.9,0.0,21.060000000000002,240.4,Tillering,1,1.25,0.0
III,Tarlac,Concepcion,2022-01-15,21.2,32.5,66.9,0.0,20.54,231.6,Elongation,3,0.15,0.0
III,Tarlac,Concepcion,2022-01-16,21.3,31.8,71.1,6.1,20.02,224.4,Elongation,2,0.65,0.11
III,Tarlac,Concepcion,2022-01-17,21.4,31.8,66.7,0.0,19.5,232.0,Elongation,3,0.69,0.21
III,Tarlac,Concepcion,2022-01-18,21.5,32.2,66.9,0.0,20.4,243.9,Elongation,1,0.34,0.07
III,Tarlac,Concepcion,2022-01-19,21.599999999999998,33.4,66.5,0.0,20.9,246.1,Elongation,1,1.47,0.07
III,Tarlac,Concepcion,2022-01-20,21.7,33.9,65.4,0.0,20.9,240.3,Elongation,0,2.11,0.0
III,Tarlac,Concepcion,2022-01-21,21.1,33.1,67.6,0.0,20.6,242.6,Elongation,1,0.0,0.03
III,Tarlac,Concepcion,2022-01-22,21.2,32.3,66.2,0.0,20.0,231.4,Elongation,2,1.15,0.09
III,Tarlac,Concepcion,2022-01-23,20.6,33.4,68.9,0.0,20.8,243.0,Elongation,1,0.8,0.06
III,Tarlac,Concepcion,2022-01-24,21.6,33.9,69.8,0.0,21.7,233.3,Elongation,0,0.91,0.15
III,Tarlac,Concepcion,2022-01-25,22.8,33.1,69.8,0.0,21.9,243.6,Elongation,3,0.57,0.02
III,Tarlac,Concepcion,2022-01-26,22.5,32.3,70.3,0.0,21.5,239.4,Elongation,2,0.36,0.0
III,Tarlac,Concepcion,2022-01-27,22.8,32.5,70.0,0.0,21.6,230.6,Elongation,5,0.37,0.07
III,Tarlac,Concepcion,2022-01-28,22.6,34.0,74.3,4.2,23.2,228.3,Elongation,2,0.52,0.0
III,Tarlac,Concepcion,2022-01-29,22.8,33.2,66.3,0.0,21.3,220.1,Elongation,3,0.01,0.09
III,Tarlac,Concepcion,2022-01-30,23.6,33.2,68.6,0.0,22.1,235.2,Elongation,2,0.29,0.02
III,Tarlac,Concepcion,2022-01-31,22.7,31.6,76.3,5.6,22.4,231.4,Elongation,2,0.69,0.16
III,Tarlac,Concepcion,2022-02-01,21.5,32.6,77.0,26.3,22.5,202.7,Elongation,5,0.12,0.13
III,Tarlac,Concepcion,2022-02-02,22.4,33.0,70.2,0.0,21.7,231.1,Elongation,4,0.99,0.12
III,Tarlac,Concepcion,2022-02-03,21.0,33.8,69.9,0.0,21.4,237.8,Elongation,3,0.15,0.12
III,Tarlac,Concepcion,2022-02-04,21.2,33.2,71.4,0.0,21.5,249.6,Panicle,4,0.08,1.66
III,Tarlac,Concepcion,2022-02-05,20.9,32.7,73.0,0.0,21.4,223.3,Panicle,11,0.08,1.07
III,Tarlac,Concepcion,2022-02-06,22.0,32.4,71.2,0.0,21.4,241.6,Panicle,9,0.02,0.42
III,Tarlac,Concepcion,2022-02-07,22.2,31.9,69.9,0.0,21.0,238.6,Panicle,14,0.14,3.27
III,Tarlac,Concepcion,2022-02-08,22.2,31.9,72.5,0.0,21.5,238.5,Panicle,13,0.08,0.05
III,Tarlac,Concepcion,2022-02-09,22.0,33.6,71.5,0.0,22.1,234.9,Panicle,16,0.1,1.81
III,Tarlac,Concepcion,2022-02-10,21.8,34.1,70.4,0.0,22.0,249.8,Panicle,13,0.2,1.17
III,Tarlac,Concepcion,2022-02-11,22.4,35.2,72.4,0.0,23.3,241.3,Panicle,13,0.16,0.03
III,Tarlac,Concepcion,2022-02-12,22.5,35.2,71.0,0.0,23.0,223.4,Panicle,9,0.0,0.74
III,Tarlac,Concepcion,2022-02-13,22.616666666666667,35.7,70.3,0.0,23.3,247.9,Panicle,22,0.12,1.43
III,Tarlac,Concepcion,2022-02-14,22.733333333333334,34.3,70.4,0.0,22.3,229.9,Panicle,21,0.08,4.66
III,Tarlac,Concepcion,2022-02-15,22.85,35.7,70.6,0.0,22.9,231.5,Panicle,10,0.09,4.52
III,Tarlac,Concepcion,2022-02-16,22.966666666666665,33.9,70.0,0.0,21.9,251.6,Panicle,8,0.01,5.26
III,Tarlac,Concepcion,2022-02-17,23.083333333333332,35.2,62.9,0.0,21.4,242.1,Panicle,6,0.0,5.85
III,Tarlac,Concepcion,2022-02-18,23.2,33.5,62.7,0.0,20.9,229.3,Panicle,3,0.17,5.0
III,Tarlac,Concepcion,2022-02-19,22.9,34.1,63.9,0.0,21.3,237.5,Panicle,7,0.11,5.48
III,Tarlac,Concepcion,2022-02-20,22.3,34.4,65.8,0.0,21.21666666666667,240.7,Flowering,1,0.03,2.1
III,Tarlac,Concepcion,2022-02-21,22.6,34.4,68.1,0.0,21.133333333333333,241.7,Flowering,1,0.16,4.9
III,Tarlac,Concepcion,2022-02-22,22.9,33.4,67.2,0.0,21.05,247.9,Flowering,1,0.12,5.82
III,Tarlac,Concepcion,2022-02-23,22.3,32.6,66.5,0.0,20.96666666666667,232.6,Flowering,2,0.0,5.09
III,Tarlac,Concepcion,2022-02-24,22.9,32.7,66.1,0.0,20.883333333333333,237.0,Flowering,0,0.19,3.86
III,Tarlac,Concepcion,2022-02-25,23.1,32.8,64.1,0.0,20.8,230.9,Flowering,1,0.17,3.78
III,Tarlac,Concepcion,2022-02-26,22.5,32.9,64.9,0.0,20.7,241.0,Flowering,1,0.03,3.54
III,Tarlac,Concepcion,2022-02-27,23.2,31.6,65.6,0.0,20.5,243.5,Flowering,2,0.11,2.56
III,Tarlac,Concepcion,2022-02-28,22.4,31.2,62.5,0.0,19.3,246.4,Flowering,1,0.02,3.44
III,Tarlac,Concepcion,2022-03-01,22.1,31.9,62.4,0.0,19.5,238.0,Flowering,1,0.26,0.6
III,Tarlac,Concepcion,2022-03-02,22.2,31.3,61.5,0.0,19.0,242.8,Flowering,2,0.15,1.36
III,Tarlac,Concepcion,2022-03-03,21.2,32.4,63.6,0.0,19.5,241.9,Flowering,0,0.08,1.49
III,Tarlac,Concepcion,2022-03-04,21.4,31.7,66.8,0.0,19.9,229.1,Flowering,1,0.07,0.13
III,Tarlac,Concepcion,2022-03-05,23.6,30.5,64.2,0.0,19.9,242.7,Flowering,0,0.18,1.76
III,Tarlac,Concepcion,2022-03-06,23.4,30.4,66.9,0.0,20.3,242.3,Flowering,0,0.1,0.49
III,Tarlac,Concepcion,2022-03-07,23.2,32.1,64.5,0.0,20.5,252.7,Ripening,0,0.0,0.99
III,Tarlac,Concepcion,2022-03-08,22.9,31.8,63.7,0.0,20.1,239.5,Ripening,2,0.11,0.7
III,Tarlac,Concepcion,2022-03-09,23.3,31.9,69.6,5.5,21.5,241.8,Ripening,0,0.04,1.02
III,Tarlac,Concepcion,2022-03-10,23.2,32.1,70.4,4.8,21.7,238.5,Ripening,1,0.13,0.0
III,Tarlac,Concepcion,2022-03-11,22.0,34.7,66.7,0.0,21.7,235.1,Ripening,0,0.02,1.45
III,Tarlac,Concepcion,2022-03-12,21.7,34.6,65.3,0.0,21.2,253.4,Ripening,1,0.09,0.0
III,Tarlac,Concepcion,2022-03-13,21.8,34.4,66.5,0.0,21.4,249.6,Ripening,0,0.23,0.0
III,Tarlac,Concepcion,2022-03-14,21.8,34.2,66.0,0.0,21.2,224.3,Ripening,1,0.14,1.46
III,Tarlac,Concepcion,2022-03-15,22.2,33.8,66.1,0.0,21.2,235.3,Ripening,0,0.02,0.0
III,Tarlac,Concepcion,2022-03-16,22.4,33.2,65.4,0.0,20.9,239.4,Ripening,0,0.02,0.98
III,Tarlac,Concepcion,2022-03-17,23.5,32.1,64.9,0.0,20.8,241.8,Ripening,1,0.07,0.59
III,Tarlac,Concepcion,2022-03-18,23.9,32.7,64.1,0.0,21.1,239.3,Ripening,0,0.17,0.0
III,Tarlac,Concepcion,2022-03-19,23.7,31.6,65.5,0.0,20.8,239.0,Ripening,0,0.21,0.38
III,Tarlac,Concepcion,2022-03-20,23.4,30.5,66.6,0.0,20.3,239.3,Ripening,1,0.2,0.0
III,Tarlac,Concepcion,2022-03-21,22.8,31.0,68.3,0.0,20.6,245.7,Ripening,1,0.0,0.0
III,Tarlac,Concepcion,2022-03-22,22.1,31.6,67.2,0.0,20.3,241.9,Ripening,0,0.12,0.0
III,Tarlac,Concepcion,2022-03-23,23.2,32.8,64.8,0.0,21.0,249.9,Ripening,0,0.0,1.22
III,Tarlac,Concepcion,2022-03-24,22.2,32.1,62.8,0.0,19.7,229.3,Ripening,1,0.14,0.0
III,Tarlac,Concepcion,2022-03-25,22.9,33.8,64.8,0.0,21.3,239.0,Ripening,0,0.02,1.04
III,Tarlac,Concepcion,2022-03-26,21.5,33.7,67.3,0.0,21.1,235.5,Ripening,0,0.18,0.39
III,Tarlac,Concepcion,2022-03-27,21.6,35.3,65.4,0.0,21.5,234.5,Ripening,2,0.0,0.58
III,Tarlac,Concepcion,2022-03-28,21.3,34.9,68.1,0.0,21.7,240.1,Ripening,0,0.02,0.0
III,Tarlac,Concepcion,2022-03-29,21.7,36.2,63.7,0.0,21.7,236.9,Ripening,0,0.12,2.87
III,Tarlac,Concepcion,2022-03-30,21.4,35.6,67.0,0.0,21.9,238.2,Ripening,2,0.13,1.06
III,Tarlac,Concepcion,2022-03-31,21.4,35.0,67.0,0.0,21.6,241.0,Ripening,0,0.01,0.75
III,Tarlac,Concepcion,2022-04-01,20.4,35.7,66.6,0.0,21.4,250.6,Ripening,0,0.14,0.08
III,Tarlac,Concepcion,2022-04-02,20.0,35.5,64.5,0.0,20.6,242.5,Ripening,0,0.04,0.04
III,Tarlac,Concepcion,2022-04-03,21.0,35.0,68.3,0.0,21.7,237.7,Ripening,0,0.05,0.07
III,Tarlac,Concepcion,2022-04-04,21.3,34.6,69.6,0.0,21.9,245.4,Ripening,0,0.13,0.19
III,Tarlac,Concepcion,2022-04-05,22.1,33.8,69.3,0.0,21.8,240.1,Ripening,0,0.34,0.14
III,Tarlac,Concepcion,2022-04-06,22.3,32.7,69.5,8.2,21.4,231.8,Ripening,0,0.11,0.05
III,Tarlac,Concepcion,2022-04-07,22.2,34.8,68.8,3.5,22.3,231.2,Ripening,0,0.06,0.08
III,Tarlac,Concepcion,2022-04-08,22.4,33.6,63.0,0.0,20.6,237.4,Ripening,0,0.0,0.25
III,Tarlac,Concepcion,2022-04-09,21.6,32.1,64.4,0.0,19.8,238.1,Ripening,0,0.13,0.11
III,Tarlac,Concepcion,2022-04-10,23.3,32.9,65.8,0.0,21.1,238.0,Ripening,1,0.0,0.27
III,Tarlac,Concepcion,2022-04-11,23.3,32.5,67.19999999999999,0.0,20.6,225.3,Ripening,0,0.01,0.0
III,Tarlac,Concepcion,2022-04-12,22.883333333333333,33.4,68.6,6.1,21.7,215.7,Ripening,0,0.14,0.0
III,Tarlac,Concepcion,2022-04-13,22.46666666666667,32.7,63.7,0.0,20.1,232.3,Ripening,0,0.06,0.21
III,Tarlac,Concepcion,2022-04-14,22.05,33.5,64.5,0.0,20.6,241.0,Ripening,0,0.1,0.01
III,Tarlac,Concepcion,2022-04-15,21.633333333333333,33.7,64.0,0.0,20.8,246.3,Ripening,0,0.0,0.17
III,Tarlac,Concepcion,2022-04-16,21.21666666666667,32.4,70.0,5.5,21.2,226.9,Ripening,0,0.0,0.03
III,Tarlac,Concepcion,2022-04-17,20.8,34.5,66.7,0.0,21.0,227.5,Ripening,0,0.1,0.08
III,Tarlac,Concepcion,2022-04-18,21.1,33.4,67.9,0.0,20.8,239.6,Ripening,0,0.0,0.06
III,Tarlac,Concepcion,2022-04-19,22.2,32.9,68.3,0.0,21.2,248.9,Ripening,0,0.04,0.17
III,Tarlac,Concepcion,2022-04-20,22.5,33.1,68.9,4.7,21.6,227.1,Ripening,0,0.05,0.15
III,Tarlac,Concepcion,2022-04-21,23.1,33.1,63.6,0.8,20.8,244.4,Ripening,0,0.15,0.02
III,Tarlac,Concepcion,2022-04-22,22.7,31.2,68.4,0.0,20.6,247.5,Ripening,0,0.11,0.16
III,Tarlac,Concepcion,2022-04-23,23.3,32.8,70.7,0.0,22.2,243.8,Ripening,0,0.095,0.1
III,Tarlac,Concepcion,2022-04-24,23.3,33.3,71.6,0.0,22.6,239.2,Ripening,0,0.08,0.07
III,Tarlac,Concepcion,2022-04-25,21.1,33.9,70.1,0.0,21.5,228.3,Ripening,1,0.065,0.05
III,Tarlac,Concepcion,2022-04-26,21.44,31.9,71.2,0.0,20.8,249.7,Ripening,0,0.05,0.18
III,Tarlac,Concepcion,2022-04-27,21.78,33.2,69.0,0.0,21.3,241.9,Ripening,0,0.09,0.13
III,Tarlac,Concepcion,2022-04-28,22.12,33.7,68.9,0.0,21.7,233.9,Ripening,0,0.15,0.12
III,Tarlac,Concepcion,2022-04-29,22.46,34.5,67.4,0.0,22.1,226.4,Ripening,0,0.08,0.04
III,Tarlac,Concepcion,2022-04-30,22.8,33.3,70.5,7.2,22.2,223.1,Ripening,0,0.1,0.0
III,Tarlac,Concepcion,2022-05-01,23.9,33.1,69.6,0.0,22.4,234.8,Ripening,0,0.07,0.0
III,Tarlac,Concepcion,2022-05-02,23.1,33.6,69.6,0.0,22.3,233.5,Ripening,0,0.01,0.1
III,Tarlac,Concepcion,2022-05-03,22.7,33.5,73.8,9.7,22.9,212.1,Seedling,0,0.11,0.06
III,Tarlac,Concepcion,2022-05-04,23.6,35.6,72.1,0.0,24.0,226.1,Seedling,0,0.17,0.0
III,Tarlac,Concepcion,2022-05-05,22.8,36.1,72.7,0.0,24.0,225.4,Seedling,0,0.21,0.0
III,Tarlac,Concepcion,2022-05-06,23.6,34.7,74.5,0.0,24.1,228.3,Seedling,0,0.0,0.11
III,Tarlac,Concepcion,2022-05-07,23.0,34.3,71.1,0.0,22.9,222.7,Seedling,0,0.07,0.11
III,Tarlac,Concepcion,2022-05-08,23.1,32.4,73.0,0.0,22.4,225.9,Seedling,0,0.11,0.0
III,Tarlac,Concepcion,2022-05-09,22.0,33.6,66.3,0.0,21.1,230.9,Seedling,0,0.04,0.14
III,Tarlac,Concepcion,2022-05-10,21.3,33.4,69.6,0.0,21.3,232.9,Seedling,1,0.09,0.07
III,Tarlac,Concepcion,2022-05-11,22.1,32.6,71.0,0.0,21.6,228.6,Seedling,0,0.2,0.12
III,Tarlac,Concepcion,2022-05-12,23.5,34.0,71.8,2.2,23.1,232.5,Seedling,0,0.08,0.23
III,Tarlac,Concepcion,2022-05-13,23.3,34.2,70.5,0.0,22.8,228.7,Seedling,0,0.12,0.07
III,Tarlac,Concepcion,2022-05-14,24.3,35.2,74.0,0.0,24.6,224.5,Seedling,0,0.16,0.13
III,Tarlac,Concepcion,2022-05-15,23.4,34.1,73.3,0.0,23.4,240.1,Seedling,0,0.0,0.11
III,Tarlac,Concepcion,2022-05-16,23.3,33.9,74.6,0.0,23.5,225.1,Seedling,0,0.11,0.17
III,Tarlac,Concepcion,2022-05-17,22.8,34.4,74.9,0.0,23.6,243.6,Seedling,1,0.08,0.1
III,Tarlac,Concepcion,2022-05-18,22.6,35.7,71.8,0.0,23.5,241.0,Seedling,0,0.17,0.03
III,Tarlac,Concepcion,2022-05-19,23.5,34.0,72.7,0.0,23.3,238.4,Seedling,0,0.06,0.06
III,Tarlac,Concepcion,2022-05-20,23.6,33.8,77.1,7.3,24.1,235.8,Seedling,0,0.15,0.23
III,Tarlac,Concepcion,2022-05-21,23.2,31.8,74.0,0.0,22.3,233.2,Seedling,0,0.1,0.13
III,Tarlac,Concepcion,2022-05-22,23.4,31.8,76.1,0.0,22.8,230.6,Seedling,0,0.2,0.07
III,Tarlac,Concepcion,2022-05-23,23.7,32.8,76.2,0.0,23.5,228.0,Seedling,0,0.06,0.0
III,Tarlac,Concepcion,2022-05-24,23.9,33.6,76.9,0.0,24.1,234.2,Seedling,0,0.01,0.12
III,Tarlac,Concepcion,2022-05-25,23.5,35.5,75.8,0.0,24.7,230.1,Seedling,0,0.0,0.01
III,Tarlac,Concepcion,2022-05-26,23.0,35.8,73.0,0.0,24.0,229.3,Seedling,0,0.0,0.14
III,Tarlac,Concepcion,2022-05-27,23.5,34.8,76.8,1.2,24.5,226.1,Seedling,0,0.14,0.13
III,Tarlac,Concepcion,2022-05-28,23.4,32.9,75.8,5.2,23.3,236.1,Seedling,0,0.07,0.2
III,Tarlac,Concepcion,2022-05-29,23.7,33.9,76.2,2.3,24.0,242.5,Seedling,0,0.1,0.17
III,Tarlac,Concepcion,2022-05-30,23.2,34.1,70.8,0.2,22.8,213.7,Seedling,0,0.08,0.01
III,Tarlac,Concepcion,2022-05-31,23.9,35.1,75.9,12.2,24.7,198.5,Seedling,0,0.07,0.18
III,Tarlac,Concepcion,2022-06-01,23.4,35.15,70.5,0.0,23.9,221.6,Seedling,0,0.0,0.04
III,Tarlac,Concepcion,2022-06-02,23.5,35.2,74.0,3.3,24.0,239.0,Seedling,0,0.09,0.0
III,Tarlac,Concepcion,2022-06-03,22.0,35.25,71.1,0.0,23.2,234.6,Seedling,1,0.08,0.0
III,Tarlac,Concepcion,2022-06-04,22.5,35.3,69.5,0.0,22.8,235.2,Seedling,17,2.43,0.17
III,Tarlac,Concepcion,2022-06-05,22.2,34.7,71.1,0.0,22.7,234.2,Seedling,17,3.03,0.07
III,Tarlac,Concepcion,2022-06-06,22.5,34.1,70.6,2.5,22.4,234.9,Seedling,8,3.32,0.04
III,Tarlac,Concepcion,2022-06-07,21.7,33.2,68.4,7.2,21.1,218.1,Seedling,8,2.35,0.12
III,Tarlac,Concepcion,2022-06-08,22.8,33.7,67.6,0.0,21.8,225.9,Seedling,3,2.1,0.07
III,Tarlac,Concepcion,2022-06-09,23.1,34.9,72.0,11.2,23.4,208.2,Seedling,2,1.93,0.2
III,Tarlac,Concepcion,2022-06-10,23.8,35.3,75.2,11.2,24.6,195.4,Seedling,5,1.95,0.14
III,Tarlac,Concepcion,2022-06-11,23.5,36.3,72.8,0.0,24.5,212.0,Seedling,0,3.53,0.03
III,Tarlac,Concepcion,2022-06-12,24.2,36.1,73.4,0.0,24.8,222.2,Seedling,0,2.93,0.07
III,Tarlac,Concepcion,2022-06-13,24.0,36.0,75.4,0.0,25.1,225.3,Seedling,1,4.07,0.01
III,Tarlac,Concepcion,2022-06-14,23.3,33.1,77.3,4.5,23.7,221.7,Seedling,1,3.89,0.2
III,Tarlac,Concepcion,2022-06-15,24.0,33.2,72.9,0.0,23.2,219.2,Seedling,1,3.03,0.02
III,Tarlac,Concepcion,2022-06-16,24.6,33.1,73.4,0.0,23.5,219.9,Seedling,0,1.52,0.04
III,Tarlac,Concepcion,2022-06-17,24.0,33.5,74.4,0.0,23.6,221.83333333333334,Seedling,2,2.15,0.05
III,Tarlac,Concepcion,2022-06-18,23.4,33.8,78.3,6.8,24.3,223.76666666666668,Seedling,2,1.46,0.05
III,Tarlac,Concepcion,2022-06-19,23.3,35.7,72.7,0.0,24.0,225.7,Seedling,4,1.61,0.06
III,Tarlac,Concepcion,2022-06-20,23.0,36.7,76.5,0.0,25.2,227.63333333333333,Tillering,7,1.46,0.0
III,Tarlac,Concepcion,2022-06-21,22.8,37.3,75.4,0.0,25.1,229.56666666666666,Tillering,12,1.84,0.03
III,Tarlac,Concepcion,2022-06-22,23.5,37.2,74.8,0.0,25.3,231.5,Tillering,16,2.53,0.07
III,Tarlac,Concepcion,2022-06-23,22.5,35.9,78.4,5.1,24.9,218.9,Tillering,23,2.39,0.14
III,Tarlac,Concepcion,2022-06-24,22.8,34.1,81.3,9.9,24.7,205.7,Tillering,19,2.14,0.12
III,Tarlac,Concepcion,2022-06-25,22.6,35.8,73.7,0.0,23.9,234.0,Tillering,25,2.23,0.17
III,Tarlac,Concepcion,2022-06-26,23.1,35.4,71.9,0.0,23.6,215.4,Tillering,14,1.58,0.09
III,Tarlac,Concepcion,2022-06-27,24.1,36.4,73.2,0.0,24.9,230.0,Tillering,13,1.09,0.05
III,Tarlac,Concepcion,2022-06-28,23.7,35.0,76.9,2.8,24.7,226.7,Tillering,18,2.04,0.06
III,Tarlac,Concepcion,2022-06-29,22.8,33.9,77.2,64.1,23.8,172.9,Tillering,13,2.51,0.05
III,Tarlac,Concepcion,2022-06-30,22.7,36.4,72.6,0.0,24.1,218.6,Tillering,15,2.53,0.03
III,Tarlac,Concepcion,2022-07-01,23.0,34.4,74.8,0.0,23.7,210.9,Tillering,23,2.64,0.17
III,Tarlac,Concepcion,2022-07-02,22.7,34.9,75.6,0.0,23.9,237.7,Tillering,17,2.91,0.07
III,Tarlac,Concepcion,2022-07-03,22.9,33.8,80.9,28.4,24.5,198.6,Tillering,11,2.65,0.13
III,Tarlac,Concepcion,2022-07-04,23.5,35.1,76.3,0.0,24.6,236.0,Tillering,16,2.48,0.0
III,Tarlac,Concepcion,2022-07-05,22.8,34.7,77.5,7.5,24.1,220.8,Tillering,23,2.64,0.07
III,Tarlac,Concepcion,2022-07-06,22.7,34.3,77.2,15.3,23.1,196.6,Tillering,20,1.83,0.0
III,Tarlac,Concepcion,2022-07-07,22.9,33.9,71.0,0.0,22.6,227.0,Tillering,15,0.0,0.07
III,Tarlac,Concepcion,2022-07-08,23.1,34.2,82.5,6.3,25.2,211.1,Tillering,12,0.75,0.14
III,Tarlac,Concepcion,2022-07-09,24.1,35.2,79.2,0.0,25.5,210.7,Tillering,13,0.2,0.1
III,Tarlac,Concepcion,2022-07-10,23.8,34.1,77.6,0.0,24.5,233.2,Tillering,18,0.14,0.06
III,Tarlac,Concepcion,2022-07-11,22.5,33.6,77.5,0.0,23.6,227.4,Tillering,23,0.27,0.0
III,Tarlac,Concepcion,2022-07-12,22.7,32.5,83.6,20.9,24.3,208.6,Tillering,24,0.0,0.05
III,Tarlac,Concepcion,2022-07-13,23.0,33.3,81.7,0.0,24.5,235.4,Tillering,35,0.0,0.11
III,Tarlac,Concepcion,2022-07-14,22.5,31.6,87.7,3.0,24.6,217.2,Tillering,28,0.37,0.14
III,Tarlac,Concepcion,2022-07-15,22.3,32.6,82.4,1.7,23.9,223.8,Elongation,28,0.56,0.04
III,Tarlac,Concepcion,2022-07-16,22.2,32.8,83.8,18.6,24.3,213.9,Elongation,26,0.88,0.03
III,Tarlac,Concepcion,2022-07-17,23.7,32.9,78.2,0.0,23.9,220.7,Elongation,28,0.54,0.0
III,Tarlac,Concepcion,2022-07-18,22.6,31.9,78.3,0.0,22.9,226.8,Elongation,41,0.54,0.07
III,Tarlac,Concepcion,2022-07-19,22.6,32.2,86.9,3.7,24.8,219.5,Elongation,34,1.4,0.04
III,Tarlac,Concepcion,2022-07-20,21.8,32.7,84.2,6.8,24.1,220.3,Elongation,36,0.93,0.14
III,Tarlac,Concepcion,2022-07-21,21.7,32.6,82.3,3.6,23.6,199.9,Elongation,47,0.86,0.18
III,Tarlac,Concepcion,2022-07-22,21.9,34.2,78.3,9.6,23.7,207.1,Elongation,46,0.55,0.02
III,Tarlac,Concepcion,2022-07-23,22.3,34.4,75.9,0.0,23.5,224.5,Elongation,44,1.12,0.09
III,Tarlac,Concepcion,2022-07-24,23.3,33.9,78.1,0.0,24.2,210.9,Elongation,41,0.7,0.0
III,Tarlac,Concepcion,2022-07-25,23.2,33.6,82.6,0.0,24.9,230.7,Elongation,57,0.64,0.27
III,Tarlac,Concepcion,2022-07-26,22.4,34.233333333333334,77.9,0.0,23.8,221.0,Elongation,51,0.84,0.1
III,Tarlac,Concepcion,2022-07-27,22.2,34.86666666666667,78.8,12.6,23.6,201.9,Elongation,48,0.94,0.0
III,Tarlac,Concepcion,2022-07-28,22.2,35.5,80.9,1.5,25.0,219.4,Elongation,35,1.13,0.1
III,Tarlac,Concepcion,2022-07-29,21.6,33.6,82.6,11.9,24.1,203.6,Elongation,33,0.0,0.0
III,Tarlac,Concepcion,2022-07-30,22.6,34.4,78.9,0.0,24.3,213.4,Elongation,17,0.08,0.18
III,Tarlac,Concepcion,2022-07-31,22.2,35.5,80.9,5.9,25.0,211.5,Elongation,27,0.6,0.0
III,Tarlac,Concepcion,2022-08-01,22.9,35.4,82.0,3.7,25.5,219.5,Elongation,30,0.29,0.05
III,Tarlac,Concepcion,2022-08-02,22.4,35.5,82.5,22.1,25.4,180.5,Elongation,33,0.16,0.0
III,Tarlac,Concepcion,2022-08-03,23.1,37.1,76.4,0.0,25.4,212.2,Elongation,25,0.96,0.0
III,Tarlac,Concepcion,2022-08-04,21.5,34.4,79.7,106.8,23.9,152.5,Panicle,8,0.1,3.61
III,Tarlac,Concepcion,2022-08-05,22.3,35.3,74.2,0.0,23.6,215.3,Panicle,8,0.11,3.05
III,Tarlac,Concepcion,2022-08-06,22.5,35.7,79.5,3.0,25.0,204.5,Panicle,10,0.05,4.28
III,Tarlac,Concepcion,2022-08-07,23.1,34.7,73.9,0.0,23.7,209.6,Panicle,5,0.09,5.31
III,Tarlac,Concepcion,2022-08-08,23.9,36.2,74.6,0.0,25.0,227.0,Panicle,1,0.01,5.11
III,Tarlac,Concepcion,2022-08-09,24.3,35.0,75.6,0.0,24.8,213.7,Panicle,2,0.08,5.52
III,Tarlac,Concepcion,2022-08-10,23.8,33.7,76.6,0.0,24.1,220.5,Panicle,2,0.04,5.36
III,Tarlac,Concepcion,2022-08-11,22.9,32.2,78.9,19.0,23.3,205.6,Panicle,3,0.09,5.77
III,Tarlac,Concepcion,2022-08-12,23.1,34.5,75.5,0.0,23.9,214.4,Panicle,0,0.17,7.02
III,Tarlac,Concepcion,2022-08-13,22.9,34.2,81.3,8.6,24.8,213.3,Panicle,1,0.0,5.29
III,Tarlac,Concepcion,2022-08-14,22.5,35.9,78.8,0.0,25.0,213.2,Panicle,0,0.16,5.93
III,Tarlac,Concepcion,2022-08-15,23.3,35.9,81.9,5.6,26.0,210.4,Panicle,1,0.09,5.62
III,Tarlac,Concepcion,2022-08-16,23.6,33.8,81.7,23.2,25.0,191.8,Panicle,1,0.07,4.73
III,Tarlac,Concepcion,2022-08-17,23.566666666666666,34.2,81.8,6.1,25.4,208.0,Panicle,1,0.0,1.24
III,Tarlac,Concepcion,2022-08-18,23.533333333333335,34.5,78.3,0.0,24.7,216.1,Panicle,2,0.12,2.37
III,Tarlac,Concepcion,2022-08-19,23.5,34.3,81.4,10.9,25.2,199.5,Panicle,2,0.0,2.04
III,Tarlac,Concepcion,2022-08-20,23.46666666666667,35.3,77.4,0.0,25.0,223.6,Flowering,3,0.0,1.63
III,Tarlac,Concepcion,2022-08-21,23.433333333333334,35.8,77.1,0.0,25.2,205.3,Flowering,2,0.16,2.23
III,Tarlac,Concepcion,2022-08-22,23.400000000000002,35.0,82.6,7.1,25.9,212.5,Flowering,2,0.18,1.32
III,Tarlac,Concepcion,2022-08-23,23.366666666666667,35.0,82.8,3.7,26.2,221.5,Flowering,3,0.07,2.93
III,Tarlac,Concepcion,2022-08-24,23.333333333333336,33.8,81.8,45.8,24.8,171.9,Flowering,4,0.04,2.77
III,Tarlac,Concepcion,2022-08-25,23.3,32.8,79.7,61.3,24.0,155.7,Flowering,2,0.15,2.18
III,Tarlac,Concepcion,2022-08-26,23.5,33.8,78.6,9.0,24.4,209.0,Flowering,3,0.0,2.41
III,Tarlac,Concepcion,2022-08-27,23.6,33.7,77.8,6.3,24.2,206.1,Flowering,4,0.02,1.36
III,Tarlac,Concepcion,2022-08-28,23.0,33.4,75.9,0.0,23.4,214.6,Flowering,3,0.04,0.0
III,Tarlac,Concepcion,2022-08-29,23.0,35.2,73.4,0.0,23.8,213.6,Flowering,0,0.12,2.39
III,Tarlac,Concepcion,2022-08-30,23.5,33.7,75.9,9.8,23.8,194.5,Flowering,4,0.07,2.61
III,Tarlac,Concepcion,2022-08-31,22.9,33.0,80.0,18.4,24.0,189.4,Flowering,2,0.11,0.0
III,Tarlac,Concepcion,2022-09-01,22.2,33.4,79.4,15.2,23.7,195.2,Flowering,0,0.14,1.27
III,Tarlac,Concepcion,2022-09-02,22.5,35.1,80.3,14.0,24.9,206.3,Flowering,1,0.0,1.29
III,Tarlac,Concepcion,2022-09-03,23.2,35.0,72.8,0.0,23.7,220.9,Flowering,1,0.17,1.094
III,Tarlac,Concepcion,2022-09-04,23.1,33.7,72.6,15.5,22.9,199.3,Ripening,1,0.13,0.898
III,Tarlac,Concepcion,2022-09-05,22.7,35.0,76.4,19.0,24.1,195.9,Ripening,0,0.12,0.702
III,Tarlac,Concepcion,2022-09-06,22.2,35.6,82.8,11.0,25.5,209.9,Ripening,0,0.06,0.506
III,Tarlac,Concepcion,2022-09-07,22.1,35.9,75.4,0.3,24.1,201.0,Ripening,1,0.0,0.31
III,Tarlac,Concepcion,2022-09-08,21.3,34.4,79.2,96.6,23.7,176.5,Ripening,1,0.07,2.52
III,Tarlac,Concepcion,2022-09-09,22.8,37.0,76.1,0.0,25.1,224.2,Ripening,1,0.21,2.38
III,Tarlac,Concepcion,2022-09-10,21.9,36.6,79.5,0.0,25.2,227.1,Ripening,0,0.11,2.88
III,Tarlac,Concepcion,2022-09-11,23.1,35.8,74.5,0.0,24.4,226.7,Ripening,1,0.06,1.77
III,Tarlac,Concepcion,2022-09-12,23.0,35.4,77.7,0.0,24.7,215.9,Ripening,0,0.12,2.72
III,Tarlac,Concepcion,2022-09-13,22.4,33.6,80.8,3.5,24.2,206.8,Ripening,2,0.07,2.6
III,Tarlac,Concepcion,2022-09-14,22.2,33.3,77.7,0.0,23.9,216.6,Ripening,1,0.04,2.26
III,Tarlac,Concepcion,2022-09-15,22.0,33.8,79.8,5.8,24.3,208.7,Ripening,0,0.16,2.8
III,Tarlac,Concepcion,2022-09-16,21.8,34.1,76.3,0.5,23.2,218.4,Ripening,0,0.07,2.578
III,Tarlac,Concepcion,2022-09-17,22.2,34.5,82.2,23.1,24.8,186.5,Ripening,1,0.12,2.356
III,Tarlac,Concepcion,2022-09-18,22.1,33.1,79.0,0.0,23.4,213.3,Ripening,0,0.02,2.134
III,Tarlac,Concepcion,2022-09-19,21.9,32.7,79.9,14.7,23.3,192.2,Ripening,0,0.1,1.912
III,Tarlac,Concepcion,2022-09-20,21.8,34.3,82.3,7.7,24.5,206.2,Ripening,0,0.04,1.69
III,Tarlac,Concepcion,2022-09-21,22.6,35.0,81.6,2.8,25.1,190.9,Ripening,0,0.04,0.0
III,Tarlac,Concepcion,2022-09-22,23.0,33.0,81.7,18.8,24.3,200.0,Ripening,2,0.0,0.42
III,Tarlac,Concepcion,2022-09-23,23.8,34.2,78.6,0.0,24.7,203.2,Ripening,0,0.02,0.0
III,Tarlac,Concepcion,2022-09-24,23.2,34.0,80.7,9.4,24.7,205.0,Ripening,1,0.13,0.49
III,Tarlac,Concepcion,2022-09-25,23.5,34.8,83.7,14.3,25.9,198.6,Ripening,1,0.06,0.0
III,Tarlac,Concepcion,2022-09-26,23.5,34.8,85.3,21.9,26.2,191.9,Ripening,5,0.14,0.96
III,Tarlac,Concepcion,2022-09-27,22.6,35.6,75.8,0.0,24.3,222.6,Ripening,6,0.02,0.84
III,Tarlac,Concepcion,2022-09-28,21.8,33.8,84.5,9.0,24.7,196.8,Ripening,5,0.0,0.2
III,Tarlac,Concepcion,2022-09-29,22.8,34.4,77.8,0.0,24.2,225.8,Ripening,0,0.07,0.05
III,Tarlac,Concepcion,2022-09-30,23.7,35.0,79.1,0.0,25.2,208.1,Ripening,0,0.12,0.14
III,Tarlac,Concepcion,2022-10-01,23.4,32.8,81.6,21.8,24.4,187.3,Ripening,0,0.22,0.11
III,Tarlac,Concepcion,2022-10-02,23.6,34.6,76.8,12.4,24.5,209.5,Ripening,0,0.17,0.08
III,Tarlac,Concepcion,2022-10-03,23.5,36.1,74.3,0.0,24.7,214.7,Ripening,0,0.09,0.17
III,Tarlac,Concepcion,2022-10-04,23.5,35.4,75.1,0.0,24.5,208.8,Ripening,0,0.1,0.14
III,Tarlac,Concepcion,2022-10-05,23.7,35.3,79.3,5.4,25.4,221.3,Ripening,0,0.09,0.12
III,Tarlac,Concepcion,2022-10-06,23.4,34.4,74.8,0.0,23.9,212.0,Ripening,0,0.12,0.09
III,Tarlac,Concepcion,2022-10-07,23.0,32.2,79.0,16.3,23.4,200.5,Ripening,0,0.11,0.06
III,Tarlac,Concepcion,2022-10-08,23.4,32.6,79.5,5.9,23.9,222.6,Ripening,0,0.02,0.03
III,Tarlac,Concepcion,2022-10-09,22.5,32.5,78.5,1.6,23.2,226.0,Ripening,0,0.08,0.0
III,Tarlac,Concepcion,2022-10-10,22.9,32.2,76.1,20.4,22.8,199.8,Ripening,0,0.05,0.19
III,Tarlac,Concepcion,2022-10-11,22.8,32.4,75.9,1.1,22.8,225.1,Ripening,0,0.2,0.17
III,Tarlac,Concepcion,2022-10-12,22.9,33.2,68.7,7.7666666666666675,21.8,228.9,Ripening,0,0.2,0.12
III,Tarlac,Concepcion,2022-10-13,24.0,33.0,73.7,14.433333333333334,23.2,205.6,Ripening,0,0.16,0.0
III,Tarlac,Concepcion,2022-10-14,23.4,34.4,73.2,21.1,22.6,225.1,Ripening,0,0.02,0.0
III,Tarlac,Concepcion,2022-10-15,22.9,31.8,72.7,27.76666666666667,21.6,185.3,Ripening,0,0.14,0.11
III,Tarlac,Concepcion,2022-10-16,22.8,33.4,72.2,34.43333333333334,22.5,205.6,Ripening,0,0.19,0.0
III,Tarlac,Concepcion,2022-10-17,23.0,31.6,70.6,41.1,21.4,178.7,Ripening,0,0.06,0.05
III,Tarlac,Concepcion,2022-10-18,23.2,33.2,73.2,5.1,22.8,223.3,Ripening,0,0.18,0.0
III,Tarlac,Concepcion,2022-10-19,23.3,33.0,78.1,1.6,23.8,213.9,Ripening,0,0.21,0.07
III,Tarlac,Concepcion,2022-10-20,23.9,33.9,72.5,0.0,23.4,215.4,Ripening,0,0.19,0.06
III,Tarlac,Concepcion,2022-10-21,23.5,34.2,74.8,0.0,23.8,212.6,Ripening,0,0.05,0.22
III,Tarlac,Concepcion,2022-10-22,22.7,32.2,79.6,6.0,23.4,214.4,Ripening,0,0.03,0.03
III,Tarlac,Concepcion,2022-10-23,22.8,32.5,76.3,0.0,22.9,222.0,Ripening,0,0.14,0.0
III,Tarlac,Concepcion,2022-10-24,22.5,33.9,74.7,0.0,23.1,206.8,Ripening,1,0.04,0.12
III,Tarlac,Concepcion,2022-10-25,22.6,34.3,75.6,0.0,23.6,211.0,Ripening,0,0.1,0.01
III,Tarlac,Concepcion,2022-10-26,23.6,33.9,78.3,0.0,24.4,216.3,Ripening,0,0.16,0.09
III,Tarlac,Concepcion,2022-10-27,23.3,34.2,82.2,16.6,25.2,204.4,Ripening,0,0.23,0.17
III,Tarlac,Concepcion,2022-10-28,24.4,34.8,74.8,0.0,24.6,220.3,Ripening,0,0.08,0.2
III,Tarlac,Concepcion,2022-10-29,24.1,33.9,74.8,0.0,24.0,222.5,Ripening,1,0.06,0.01
III,Tarlac,Concepcion,2022-10-30,24.2,34.15,78.5,0.0,24.9,240.8,Ripening,1,0.02,0.03
III,Tarlac,Concepcion,2022-10-31,23.1,34.4,80.1,0.0,24.4,223.8,Ripening,0,0.0,0.06
III,Tarlac,Concepcion,2022-11-01,23.5,34.65,80.3,0.4,25.3,217.6,Seedling,0,0.09,0.08
III,Tarlac,Concepcion,2022-11-02,23.1,34.9,78.1,0.0,24.6,229.3,Seedling,0,0.25,0.13
III,Tarlac,Concepcion,2022-11-03,23.0,33.9,73.9,0.0,23.2,216.7,Seedling,0,0.07,0.13
III,Tarlac,Concepcion,2022-11-04,22.9,33.7,76.0,5.4,23.5,228.2,Seedling,0,0.05,0.12
III,Tarlac,Concepcion,2022-11-05,21.7,33.7,75.1,13.3,22.7,210.6,Seedling,0,0.03,0.08
III,Tarlac,Concepcion,2022-11-06,22.2,34.9,72.0,0.0,22.9,208.4,Seedling,0,0.15,0.06
III,Tarlac,Concepcion,2022-11-07,22.6,35.6,72.4,0.0,23.6,209.4,Seedling,0,0.06,0.18
III,Tarlac,Concepcion,2022-11-08,22.6,36.1,70.3,0.0,23.4,220.2,Seedling,0,0.06,0.0
III,Tarlac,Concepcion,2022-11-09,22.3,35.1,69.8,0.0,22.7,208.9,Seedling,0,0.07,0.14
III,Tarlac,Concepcion,2022-11-10,22.3,35.5,70.3,0.0,23.0,230.0,Seedling,0,0.06,0.11
III,Tarlac,Concepcion,2022-11-11,22.7,34.1,74.2,6.0,23.2,203.2,Seedling,0,0.02,0.13
III,Tarlac,Concepcion,2022-11-12,22.3,35.5,75.4,9.8,24.0,220.7,Seedling,0,0.2,0.13
III,Tarlac,Concepcion,2022-11-13,22.3,35.0,75.1,1.8,23.7,228.2,Seedling,0,0.09,0.11
III,Tarlac,Concepcion,2022-11-14,22.4,32.2,75.3,13.7,22.4,228.3,Seedling,1,0.0,0.04
III,Tarlac,Concepcion,2022-11-15,21.9,32.8,71.9,0.0,21.7,216.3,Seedling,0,0.1,0.07
III,Tarlac,Concepcion,2022-11-16,22.5,33.8,74.2,0.0,23.0,212.7,Seedling,0,0.12,0.1
III,Tarlac,Concepcion,2022-11-17,23.0,34.0,69.6,0.0,22.4,233.4,Seedling,0,0.16,0.1
III,Tarlac,Concepcion,2022-11-18,23.0,34.7,70.8,8.9,23.0,214.8,Seedling,0,0.05,0.05
III,Tarlac,Concepcion,2022-11-19,23.4,34.8,67.8,0.0,22.7,217.4,Seedling,0,0.14,0.0
III,Tarlac,Concepcion,2022-11-20,23.5,34.4,69.4,0.0,22.8,228.7,Seedling,0,0.0,0.0
III,Tarlac,Concepcion,2022-11-21,22.3,31.9,74.6,71.4,22.0,183.4,Seedling,0,0.0,0.2
III,Tarlac,Concepcion,2022-11-22,21.8,34.4,69.1,0.0,21.9,215.8,Seedling,0,0.12,0.11
III,Tarlac,Concepcion,2022-11-23,22.1,35.4,70.7,0.0,22.9,230.2,Seedling,0,0.13,0.07
III,Tarlac,Concepcion,2022-11-24,22.7,33.3,77.0,17.5,23.4,212.9,Seedling,0,0.02,0.0
III,Tarlac,Concepcion,2022-11-25,23.0,33.8,71.7,0.0,22.7,242.8,Seedling,0,0.18,0.0
III,Tarlac,Concepcion,2022-11-26,22.4,34.1,73.5,0.0,23.0,225.0,Seedling,1,0.0,0.0
III,Tarlac,Concepcion,2022-11-27,21.8,34.2,74.9,0.0,23.0,225.4,Seedling,0,0.13,0.13
III,Tarlac,Concepcion,2022-11-28,20.5,34.0,75.9,0.0,22.4,219.2,Seedling,0,0.0,0.1
III,Tarlac,Concepcion,2022-11-29,21.3,33.2,77.8,0.0,22.8,229.6,Seedling,1,0.05,0.16
III,Tarlac,Concepcion,2022-11-30,23.2,34.5,79.5,0.0,24.8,229.4,Seedling,0,0.02,0.0
III,Tarlac,Concepcion,2022-12-01,22.8,34.7,78.4,0.0,24.4,220.8,Seedling,0,0.05,0.15
III,Tarlac,Concepcion,2022-12-02,21.7,35.0,80.2,0.0,24.4,206.9,Seedling,0,0.19,0.04
III,Tarlac,Concepcion,2022-12-03,21.6,34.4,78.6,0.0,23.7,226.6,Seedling,0,0.01,0.26
III,Tarlac,Concepcion,2022-12-04,21.9,36.1,77.3,1.3,24.5,233.8,Seedling,0,0.01,0.14
III,Tarlac,Concepcion,2022-12-05,22.2,33.3,72.4,0.0,22.2,239.5,Seedling,4,1.34,0.09
III,Tarlac,Concepcion,2022-12-06,21.9,32.8,69.5,0.0,21.2,240.0,Seedling,3,1.41,0.09
III,Tarlac,Concepcion,2022-12-07,22.0,31.9,75.4,5.6,22.0,236.5,Seedling,5,1.44,0.0
III,Tarlac,Concepcion,2022-12-08,22.2,31.9,67.6,0.0,20.6,238.0,Seedling,0,0.2,0.0
III,Tarlac,Concepcion,2022-12-09,22.5,32.9,66.9,0.0,21.1,238.0,Seedling,2,0.42,0.18
III,Tarlac,Concepcion,2022-12-10,21.7,33.6,70.1,0.0,21.7,231.4,Seedling,5,0.0,0.0
III,Tarlac,Concepcion,2022-12-11,21.0,35.0,69.1,0.0,21.8,234.7,Seedling,0,0.55,0.02
III,Tarlac,Concepcion,2022-12-12,21.8,33.8,70.2,0.0,21.8,221.5,Seedling,2,1.31,0.13
III,Tarlac,Concepcion,2022-12-13,22.4,34.1,72.2,0.0,22.7,233.9,Seedling,0,0.05,0.03
III,Tarlac,Concepcion,2022-12-14,21.8,33.8,71.6,0.0,22.1,234.9,Seedling,0,0.0,0.2
III,Tarlac,Concepcion,2022-12-15,22.5,35.1,71.3,0.0,23.1,235.7,Seedling,1,0.16,0.08
III,Tarlac,Concepcion,2022-12-16,21.6,33.3,75.2,32.6,22.5,213.4,Seedling,0,0.94,0.04
III,Tarlac,Concepcion,2022-12-17,23.1,34.6,70.6,3.9,23.0,235.8,Seedling,1,0.0,0.16
III,Tarlac,Concepcion,2022-12-18,22.2,34.300000000000004,70.7,1.5,22.6,240.1,Seedling,1,0.19,0.08
III,Tarlac,Concepcion,2022-12-19,22.7,34.0,67.5,0.0,22.2,223.9,Seedling,1,0.55,0.1
III,Tarlac,Concepcion,2022-12-20,21.9,33.7,66.7,0.0,21.8,216.1,Seedling,1,0.97,0.02
III,Tarlac,Concepcion,2022-12-21,21.5,33.4,66.8,0.0,21.4,234.5,Tillering,4,0.05,0.0
III,Tarlac,Concepcion,2022-12-22,21.1,33.1,69.4,5.2,21.0,224.2,Tillering,0,0.77,0.01
III,Tarlac,Concepcion,2022-12-23,20.8,32.7,65.2,0.0,19.8,219.8,Tillering,2,0.91,0.01
III,Tarlac,Concepcion,2022-12-24,22.6,34.0,66.5,0.0,21.6,234.6,Tillering,1,0.76,0.0
III,Tarlac,Concepcion,2022-12-25,22.7,34.0,66.9,0.0,21.7,227.3,Tillering,0,0.55,0.19
III,Tarlac,Concepcion,2022-12-26,23.4,34.5,66.9,0.0,22.3,230.0,Tillering,2,0.0,0.14
III,Tarlac,Concepcion,2022-12-27,23.8,35.1,69.8,0.0,23.4,230.8,Tillering,0,0.0,0.0
III,Tarlac,Concepcion,2022-12-28,23.6,33.5,71.0,0.0,22.8,230.1,Tillering,3,0.35,0.05
III,Tarlac,Concepcion,2022-12-29,22.9,32.8,70.3,0.0,21.9,251.1,Tillering,4,0.18,0.14
III,Tarlac,Concepcion,2022-12-30,22.4,32.7,68.1,0.0,21.2,229.5,Tillering,1,0.81,0.15
III,Tarlac,Concepcion,2022-12-31,22.3,32.5,67.8,0.0,21.0,243.9,Tillering,0,0.47,0.04
III,Tarlac,Concepcion,2023-01-01,22.3,31.8,72.4,15.3,21.5,212.9,Tillering,3,0.32,0.17
III,Tarlac,Concepcion,2023-01-02,23.1,31.8,68.0,0.0,21.1,230.6,Tillering,1,0.0,0.05
III,Tarlac,Concepcion,2023-01-03,23.1,31.6,66.0,0.0,20.6,231.4,Tillering,1,1.23,0.01
III,Tarlac,Concepcion,2023-01-04,22.6,31.3,69.5,0.0,20.8,239.8,Tillering,3,0.04,0.0
III,Tarlac,Concepcion,2023-01-05,22.4,32.0,70.7,0.0,21.3,232.8,Tillering,3,0.16,0.12
III,Tarlac,Concepcion,2023-01-06,21.9,33.3,67.8,0.7,21.2,246.6,Tillering,1,0.23,0.0
III,Tarlac,Concepcion,2023-01-07,22.8,33.6,68.5,0.0,21.9,235.4,Tillering,3,1.41,0.06
III,Tarlac,Concepcion,2023-01-08,22.9,33.2,67.4,0.0,21.5,241.9,Tillering,2,0.77,0.04
III,Tarlac,Concepcion,2023-01-09,22.7,33.3,71.2,0.0,22.2,237.6,Tillering,2,0.85,0.22
III,Tarlac,Concepcion,2023-01-10,22.0,33.0,69.9,0.0,21.5,236.74285714285713,Tillering,2,0.22,0.165
III,Tarlac,Concepcion,2023-01-11,21.3,34.1,71.1,0.0,21.9,235.88571428571427,Tillering,4,0.16,0.11
III,Tarlac,Concepcion,2023-01-12,21.9,34.2,71.2,0.0,22.3,235.0285714285714,Tillering,3,0.3,0.05499999999999999
III,Tarlac,Concepcion,2023-01-13,22.1,33.1,72.5,0.0,22.1,234.17142857142858,Tillering,3,0.12,0.0
III,Tarlac,Concepcion,2023-01-14,22.5,33.5,72.5,0.6,22.5,233.31428571428572,Tillering,4,0.52,0.0
III,Tarlac,Concepcion,2023-01-15,21.4,33.8,71.1,0.0,21.8,232.45714285714286,Elongation,1,0.78,0.07
III,Tarlac,Concepcion,2023-01-16,21.5,32.9,75.5,0.0,22.3,231.6,Elongation,1,0.59,0.15
III,Tarlac,Concepcion,2023-01-17,22.0,33.0,69.7,0.0,21.4,245.2,Elongation,0,0.63,0.14
III,Tarlac,Concepcion,2023-01-18,22.3,33.5,69.6,0.0,21.8,238.3,Elongation,1,0.0,0.0
III,Tarlac,Concepcion,2023-01-19,21.2,32.7,69.1,0.0,20.8,230.6,Elongation,3,0.78,0.01
III,Tarlac,Concepcion,2023-01-20,21.1,33.4,65.7,0.0,20.4,231.2,Elongation,1,0.38,0.14
III,Tarlac,Concepcion,2023-01-21,22.2,34.0,70.0,0.0,22.1,229.0,Elongation,2,1.21,0.07
III,Tarlac,Concepcion,2023-01-22,20.8,35.5,67.6,0.0,21.7,216.4,Elongation,0,0.0,0.01
III,Tarlac,Concepcion,2023-01-23,21.6,33.4,68.4,0.0,21.2,248.6,Elongation,3,0.83,0.05
III,Tarlac,Concepcion,2023-01-24,21.1,33.3,69.2,0.0,21.0,242.1,Elongation,4,0.55,0.09
III,Tarlac,Concepcion,2023-01-25,21.8,33.0,70.8,8.8,21.6,241.4,Elongation,5,0.69,0.05
III,Tarlac,Concepcion,2023-01-26,21.7,32.9,64.1,0.0,20.1,249.4,Elongation,2,0.86,0.1
III,Tarlac,Concepcion,2023-01-27,21.6,32.9,67.7,0.0,20.8,246.4,Elongation,3,0.62,0.0
III,Tarlac,Concepcion,2023-01-28,22.0,33.3,63.2,0.0,20.3,232.6,Elongation,2,0.92,0.06
III,Tarlac,Concepcion,2023-01-29,22.1,31.4,65.8,0.0,19.9,231.9,Elongation,3,0.65,0.06
III,Tarlac,Concepcion,2023-01-30,23.8,31.9,65.9,0.0,21.0,232.7,Elongation,2,0.0,0.15
III,Tarlac,Concepcion,2023-01-31,24.3,32.0,69.3,0.0,22.0,214.3,Elongation,3,0.5,0.06
III,Tarlac,Concepcion,2023-02-01,23.4,31.9,64.7,0.0,20.6,239.2,Elongation,1,0.21,0.12
III,Tarlac,Concepcion,2023-02-02,22.5,32.5,67.5,0.0,21.0,241.2,Elongation,2,0.78,0.03
III,Tarlac,Concepcion,2023-02-03,22.5,31.5,70.1,0.0,21.0,253.5,Elongation,0,1.37,0.13
III,Tarlac,Concepcion,2023-02-04,22.3,33.6,69.9,0.0,21.9,233.6,Panicle,0,0.0,0.0
III,Tarlac,Concepcion,2023-02-05,23.1,34.4,67.8,0.0,22.3,225.9,Panicle,0,0.19,0.94
III,Tarlac,Concepcion,2023-02-06,23.3,33.0,72.3,0.0,22.6,244.2,Panicle,0,0.21,1.59
III,Tarlac,Concepcion,2023-02-07,23.4,32.9,70.8,0.0,22.3,240.1,Panicle,1,0.08,0.84
III,Tarlac,Concepcion,2023-02-08,22.7,32.6,69.5,0.0,21.5,265.0,Panicle,1,0.0,1.18
III,Tarlac,Concepcion,2023-02-09,22.3,31.9,67.0,0.0,20.5,247.9,Panicle,2,0.26,0.21
III,Tarlac,Concepcion,2023-02-10,22.5,35.3,66.2,0.0,22.1,243.2,Panicle,0,0.02,1.17
III,Tarlac,Concepcion,2023-02-11,23.5,34.3,65.3,0.0,22.0,243.1,Panicle,1,0.0,0.77
III,Tarlac,Concepcion,2023-02-12,23.9,33.2,65.7,0.0,21.7,241.2,Panicle,1,0.15,0.89
III,Tarlac,Concepcion,2023-02-13,24.3,32.0,64.7,0.0,21.4,243.9,Panicle,1,0.05,0.18
III,Tarlac,Concepcion,2023-02-14,23.2,32.4,65.8,2.6,21.1,252.8,Panicle,3,0.1,0.94
III,Tarlac,Concepcion,2023-02-15,24.4,33.1,60.0,0.0,20.8,246.3,Panicle,2,0.0,1.71
III,Tarlac,Concepcion,2023-02-16,24.8,34.0,60.0,0.0,21.4,235.6,Panicle,2,0.0,1.69
III,Tarlac,Concepcion,2023-02-17,23.5,33.5,60.2,0.0,20.5,232.5,Panicle,0,0.16,1.48
III,Tarlac,Concepcion,2023-02-18,21.9,34.3,62.4,0.0,20.6,252.5,Panicle,0,0.22,2.3
III,Tarlac,Concepcion,2023-02-19,21.9,33.9,63.8,0.0,20.7,231.5,Flowering,0,0.0,1.53
III,Tarlac,Concepcion,2023-02-20,22.6,32.2,62.5,0.0,19.9,238.1,Flowering,4,0.02,1.58
III,Tarlac,Concepcion,2023-02-21,22.7,33.0,70.6,1.2,22.0,232.8,Flowering,1,0.0,0.34
III,Tarlac,Concepcion,2023-02-22,21.8,32.5,70.5,0.0,21.2,235.9,Flowering,0,0.04,0.0
III,Tarlac,Concepcion,2023-02-23,21.8,32.8,69.9,0.0,21.3,246.2,Flowering,1,0.18,1.82
III,Tarlac,Concepcion,2023-02-24,21.4,33.4,64.9,0.0,20.4,238.6,Flowering,0,0.09,1.21
III,Tarlac,Concepcion,2023-02-25,21.8,34.4,65.5,0.0,21.2,239.2,Flowering,3,0.04,1.01
III,Tarlac,Concepcion,2023-02-26,21.5,33.5,66.8,0.0,20.9,239.3,Flowering,0,0.01,1.06
III,Tarlac,Concepcion,2023-02-27,22.0,33.3,65.7,0.0,20.8,226.8,Flowering,3,0.0,1.47
III,Tarlac,Concepcion,2023-02-28,21.7,31.9,65.9,0.0,20.0,235.5,Flowering,3,0.04,1.73
III,Tarlac,Concepcion,2023-03-01,22.8,33.0,64.1,0.0,20.7,235.0,Flowering,0,0.28,0.86
III,Tarlac,Concepcion,2023-03-02,20.7,30.3,63.0,0.0,18.1,228.5,Flowering,1,0.09,0.03
III,Tarlac,Concepcion,2023-03-03,21.5,29.6,64.6,0.0,18.5,243.8,Flowering,2,0.0,1.11
III,Tarlac,Concepcion,2023-03-04,22.0,31.8,64.9,0.0,19.9,248.0,Flowering,2,0.2,0.76
III,Tarlac,Concepcion,2023-03-05,22.5,32.2,61.8,0.0,19.7,245.9,Flowering,1,0.11,0.0
III,Tarlac,Concepcion,2023-03-06,22.4,32.4,62.3,0.0,19.9,238.7,Ripening,0,0.05,0.0
III,Tarlac,Concepcion,2023-03-07,22.2,33.9,63.7,0.0,20.8,245.9,Ripening,1,0.06,0.0
III,Tarlac,Concepcion,2023-03-08,21.7,33.8,63.0,0.0,20.4,251.8,Ripening,1,0.04,0.01
III,Tarlac,Concepcion,2023-03-09,22.2,35.1,65.7,0.0,21.8,238.2,Ripening,0,0.05,1.83
III,Tarlac,Concepcion,2023-03-10,23.1,33.2,67.7,0.0,21.7,226.9,Ripening,1,0.13,0.82
III,Tarlac,Concepcion,2023-03-11,22.7,32.9,69.1,0.0,21.6,245.2,Ripening,2,0.05,1.24
III,Tarlac,Concepcion,2023-03-12,21.8,32.8,72.0,0.0,21.7,230.6,Ripening,0,0.02,1.0
III,Tarlac,Concepcion,2023-03-13,21.9,33.6,68.0,0.0,21.4,240.8,Ripening,0,0.03,0.3
III,Tarlac,Concepcion,2023-03-14,21.2,32.3,75.3,5.0,21.8,249.0,Ripening,0,0.16,0.71
III,Tarlac,Concepcion,2023-03-15,20.9,33.4,66.4,0.0,20.4,251.8,Ripening,2,0.06,0.62
III,Tarlac,Concepcion,2023-03-16,21.0,33.45,66.0,0.0,20.4,248.2,Ripening,1,0.0,0.0
III,Tarlac,Concepcion,2023-03-17,21.1,33.5,67.8,0.0,20.9,243.1,Ripening,1,0.09,1.5
III,Tarlac,Concepcion,2023-03-18,21.3,32.7,70.1,0.0,21.0,250.4,Ripening,1,0.05,0.89
III,Tarlac,Concepcion,2023-03-19,22.6,32.9,66.6,17.9,21.1,216.5,Ripening,2,0.09,0.82
III,Tarlac,Concepcion,2023-03-20,23.3,33.7,66.4,0.0,21.8,241.2,Ripening,2,0.14,1.17
III,Tarlac,Concepcion,2023-03-21,22.5,32.6,65.9,0.0,20.7,248.6,Ripening,5,0.01,1.21
III,Tarlac,Concepcion,2023-03-22,22.7,33.3,65.4,0.0,21.1,227.6,Ripening,5,0.0,2.8
III,Tarlac,Concepcion,2023-03-23,22.4,33.3,69.3,4.0,21.7,237.3,Ripening,7,0.09,0.33
III,Tarlac,Concepcion,2023-03-24,22.8,33.8,66.3,0.0,21.6,234.2,Ripening,3,0.16,1.76
III,Tarlac,Concepcion,2023-03-25,22.6,32.7,65.1,0.0,20.7,238.8,Ripening,1,0.11,1.41
III,Tarlac,Concepcion,2023-03-26,22.5,33.4,66.6,0.0,21.3,239.7,Ripening,2,0.07,2.01
III,Tarlac,Concepcion,2023-03-27,23.5,32.7,66.8,0.0,21.5,227.6,Ripening,0,0.09,0.74
III,Tarlac,Concepcion,2023-03-28,21.8,30.6,65.2,0.0,19.2,237.3,Ripening,1,0.16,1.25
III,Tarlac,Concepcion,2023-03-29,21.8,31.0,66.7,0.0,19.7,232.1,Ripening,0,0.1,0.35
III,Tarlac,Concepcion,2023-03-30,22.2,30.9,70.8,0.0,20.7,227.5,Ripening,4,0.06,0.04
III,Tarlac,Concepcion,2023-03-31,22.5,32.0,67.3,0.0,20.7,243.0,Ripening,1,0.06,0.03
III,Tarlac,Concepcion,2023-04-01,22.9,32.7,67.8,0.0,21.4,228.1,Ripening,0,0.0,0.0
III,Tarlac,Concepcion,2023-04-02,21.8,31.4,71.0,0.0,20.8,224.0,Ripening,0,0.14,0.08
III,Tarlac,Concepcion,2023-04-03,21.3,32.0,70.9,0.0,20.8,236.5,Ripening,0,0.1,0.06
III,Tarlac,Concepcion,2023-04-04,21.4,31.7,70.9,0.0,20.7,223.8,Ripening,0,0.12,0.19
III,Tarlac,Concepcion,2023-04-05,22.2,31.0,73.0,0.0,21.2,254.5,Ripening,0,0.01,0.15
III,Tarlac,Concepcion,2023-04-06,22.5,31.7,72.9,0.0,21.7,237.3,Ripening,0,0.11,0.03
III,Tarlac,Concepcion,2023-04-07,22.6,30.6,74.6,0.0,21.5,236.6,Ripening,0,0.2,0.05
III,Tarlac,Concepcion,2023-04-08,23.1,31.7,79.7,5.5,23.3,240.0,Ripening,0,0.11,0.0
III,Tarlac,Concepcion,2023-04-09,23.1,32.4,72.5,0.0,22.2,232.2,Ripening,0,0.0,0.15
III,Tarlac,Concepcion,2023-04-10,22.9,34.5,74.8,0.0,23.7,239.3,Ripening,0,0.03,0.07
III,Tarlac,Concepcion,2023-04-11,22.5,34.6,76.5,1.1,23.8,237.8,Ripening,0,0.04,0.0
III,Tarlac,Concepcion,2023-04-12,21.1,33.9,70.5,0.0,21.6,245.6,Ripening,0,0.09,0.01
III,Tarlac,Concepcion,2023-04-13,20.4,34.9,66.4,0.0,20.9,224.7,Ripening,0,0.01,0.04
III,Tarlac,Concepcion,2023-04-14,21.4,33.1,71.4,0.0,21.5,237.5,Ripening,0,0.0,0.0
III,Tarlac,Concepcion,2023-04-15,22.2,32.9,65.0,0.0,20.5,246.0,Ripening,0,0.0,0.07
III,Tarlac,Concepcion,2023-04-16,23.3,33.1,67.3,0.0,21.7,223.9,Ripening,0,0.01,0.0
III,Tarlac,Concepcion,2023-04-17,21.5,32.1,72.2,9.9,21.2,225.6,Ripening,0,0.12,0.17
III,Tarlac,Concepcion,2023-04-18,21.5,32.4,74.2,1.5,21.8,233.6,Ripening,1,0.09,0.16
III,Tarlac,Concepcion,2023-04-19,21.3,31.7,71.2,0.0,20.7,226.9,Ripening,0,0.04,0.18
III,Tarlac,Concepcion,2023-04-20,22.0,31.2,71.6,0.0,20.9,242.4,Ripening,0,0.0,0.05
III,Tarlac,Concepcion,2023-04-21,22.2,31.5,69.9,0.0,20.8,237.1,Ripening,0,0.17,0.21
III,Tarlac,Concepcion,2023-04-22,21.9,31.6,67.5,0.0,20.2,227.2,Ripening,0,0.1,0.06
III,Tarlac,Concepcion,2023-04-23,22.4,33.0,68.7,0.0,21.4,230.8,Ripening,0,0.03,0.0
III,Tarlac,Concepcion,2023-04-24,23.1,31.8,65.6,0.0,20.6,251.5,Ripening,0,0.21,0.13
III,Tarlac,Concepcion,2023-04-25,22.4,32.4,68.2,7.3,21.0,233.4,Ripening,0,0.05,0.09
III,Tarlac,Concepcion,2023-04-26,22.5,31.7,68.1,0.0,20.7,235.3,Ripening,0,0.15,0.12
III,Tarlac,Concepcion,2023-04-27,21.2,32.6,68.96666666666667,0.0,20.9,229.8,Ripening,0,0.1,0.09
III,Tarlac,Concepcion,2023-04-28,21.7,31.8,69.83333333333333,0.0,21.2,239.3,Ripening,0,0.05,0.07
III,Tarlac,Concepcion,2023-04-29,22.1,32.4,70.7,0.0,21.4,227.8,Ripening,0,0.13,0.07
III,Tarlac,Concepcion,2023-04-30,22.8,31.3,69.5,0.0,21.0,230.6,Ripening,0,0.11,0.08
III,Tarlac,Concepcion,2023-05-01,24.0,31.1,71.3,0.0,21.8,254.0,Seedling,0,0.0,0.13
III,Tarlac,Concepcion,2023-05-02,23.3,33.4,69.1,0.0,22.2,224.5,Seedling,1,0.15,0.19
III,Tarlac,Concepcion,2023-05-03,23.0,34.1,69.3,0.0,22.4,231.4,Seedling,0,0.15,0.0
III,Tarlac,Concepcion,2023-05-04,23.4,34.6,71.8,0.0,23.4,222.4,Seedling,0,0.16,0.06
III,Tarlac,Concepcion,2023-05-05,23.0,33.1,70.5,0.0,22.2,234.6,Seedling,0,0.03,0.16
III,Tarlac,Concepcion,2023-05-06,23.9,33.9,71.7,0.0,23.2,229.5,Seedling,0,0.07,0.1
III,Tarlac,Concepcion,2023-05-07,24.2,34.3,69.1,0.0,23.1,235.7,Seedling,0,0.08,0.15
III,Tarlac,Concepcion,2023-05-08,23.5,34.2,69.3,0.0,22.925,226.9,Seedling,0,0.08,0.06
III,Tarlac,Concepcion,2023-05-09,23.2,33.9,68.3,0.0,22.75,227.2,Seedling,0,0.03,0.06
III,Tarlac,Concepcion,2023-05-10,23.5,34.6,73.4,0.0,22.575,225.7,Seedling,0,0.03,0.1
III,Tarlac,Concepcion,2023-05-11,22.9,33.5,70.9,0.0,22.4,230.0,Seedling,0,0.0,0.2
III,Tarlac,Concepcion,2023-05-12,22.9,34.2,68.5,0.0,22.2,230.3,Seedling,0,0.16,0.19
III,Tarlac,Concepcion,2023-05-13,23.6,34.8,66.7,0.0,22.5,229.3,Seedling,0,0.17,0.0
III,Tarlac,Concepcion,2023-05-14,23.5,34.6,67.9,0.0,22.6,226.5,Seedling,0,0.25,0.18
III,Tarlac,Concepcion,2023-05-15,23.7,33.3,69.3,0.0,22.4,229.9,Seedling,0,0.0,0.12
III,Tarlac,Concepcion,2023-05-16,22.9,32.9,70.3,0.0,22.0,227.7,Seedling,0,0.14,0.08
III,Tarlac,Concepcion,2023-05-17,22.9,33.3,74.6,7.0,23.0,226.0,Seedling,0,0.06,0.21
III,Tarlac,Concepcion,2023-05-18,23.7,34.1,69.7,0.0,22.8,225.7,Seedling,0,0.13,0.11
III,Tarlac,Concepcion,2023-05-19,22.3,33.8,72.0,16.9,22.4,227.9,Seedling,0,0.0,0.0
III,Tarlac,Concepcion,2023-05-20,22.3,33.3,68.9,0.0,21.6,232.1,Seedling,0,0.0,0.29
III,Tarlac,Concepcion,2023-05-21,21.6,31.8,69.4,0.0,20.6,235.2,Seedling,0,0.0,0.04
III,Tarlac,Concepcion,2023-05-22,21.5,33.1,68.6,0.0,21.0,228.1,Seedling,0,0.32,0.13
III,Tarlac,Concepcion,2023-05-23,23.2,32.2,63.4,0.8,20.4,231.8,Seedling,0,0.0,0.18
III,Tarlac,Concepcion,2023-05-24,22.8,33.6,66.2,0.0,20.54,230.6,Seedling,0,0.19,0.0
III,Tarlac,Concepcion,2023-05-25,23.4,34.4,63.7,0.0,20.68,237.9,Seedling,0,0.02,0.09
III,Tarlac,Concepcion,2023-05-26,22.6,34.0,65.0,0.0,20.82,238.8,Seedling,0,0.23,0.21
III,Tarlac,Concepcion,2023-05-27,22.3,32.1,69.3,1.7,20.96,232.7,Seedling,0,0.12,0.06
III,Tarlac,Concepcion,2023-05-28,22.8,33.1,65.8,0.0,21.1,247.2,Seedling,0,0.18,0.09
III,Tarlac,Concepcion,2023-05-29,22.4,32.6,70.7,8.6,21.6,223.6,Seedling,0,0.07,0.07
III,Tarlac,Concepcion,2023-05-30,22.9,33.6,68.8,0.0,22.0,229.7,Seedling,0,0.1,0.23
III,Tarlac,Concepcion,2023-05-31,22.9,32.9,65.8,0.0,21.1,219.7,Seedling,0,0.19,0.11
III,Tarlac,Concepcion,2023-06-01,22.8,32.5,66.5,0.0,21.0,224.0,Seedling,0,0.14,0.08
III,Tarlac,Concepcion,2023-06-02,23.4,34.4,66.7,0.0,22.2,223.2,Seedling,1,1.5,0.13
III,Tarlac,Concepcion,2023-06-03,23.4,34.8,67.7,0.0,22.6,235.7,Seedling,0,1.33,0.01
III,Tarlac,Concepcion,2023-06-04,23.2,34.3,68.2,0.0,22.4,233.9,Seedling,2,1.88,0.0
III,Tarlac,Concepcion,2023-06-05,23.3,33.2,70.7,0.0,22.4,245.6,Seedling,1,1.37,0.06
III,Tarlac,Concepcion,2023-06-06,23.6,33.1,74.3,0.0,23.2,236.1,Seedling,1,2.14,0.18
III,Tarlac,Concepcion,2023-06-07,23.9,35.7,71.4,0.0,24.1,228.1,Seedling,1,1.95,0.04
III,Tarlac,Concepcion,2023-06-08,24.7,35.4,67.2,0.0,23.5,238.4,Seedling,1,2.1,0.01
III,Tarlac,Concepcion,2023-06-09,24.9,33.8,73.6,0.0,24.1,222.4,Seedling,4,0.55,0.05
III,Tarlac,Concepcion,2023-06-10,23.9,32.7,71.8,0.0,22.7,220.3,Seedling,0,1.1,0.11
III,Tarlac,Concepcion,2023-06-11,22.8,33.4,75.0,0.0,23.1,228.5,Seedling,2,1.58,0.04
III,Tarlac,Concepcion,2023-06-12,23.2,34.2,72.8,0.0,23.3,241.2,Seedling,2,2.33,0.04
III,Tarlac,Concepcion,2023-06-13,20.0,33.3,78.8,70.2,22.4,168.2,Seedling,2,2.25,0.15
III,Tarlac,Concepcion,2023-06-14,20.28333333333333,34.3,75.7,1.1,22.3,231.2,Seedling,5,3.02,0.0
III,Tarlac,Concepcion,2023-06-15,20.566666666666666,34.7,71.0,0.0,22.2,216.8,Seedling,8,2.28,0.18
III,Tarlac,Concepcion,2023-06-16,20.85,34.9,67.1,0.0,22.3,223.3,Seedling,5,2.39,0.0
III,Tarlac,Concepcion,2023-06-17,21.133333333333333,36.0,75.3,4.2,24.4,232.5,Seedling,10,2.11,0.11
III,Tarlac,Concepcion,2023-06-18,21.416666666666664,35.4,71.9,0.0,23.0,218.7,Tillering,21,2.91,0.12
III,Tarlac,Concepcion,2023-06-19,21.7,34.6,75.9,15.7,23.3,217.5,Tillering,21,3.49,0.09
III,Tarlac,Concepcion,2023-06-20,22.6,34.65,74.2,2.5,23.6,232.9,Tillering,33,2.49,0.01
III,Tarlac,Concepcion,2023-06-21,22.5,34.7,71.8,0.0,22.1,228.9,Tillering,33,2.28,0.03
III,Tarlac,Concepcion,2023-06-22,23.0,34.75,71.4,0.0,22.2,241.1,Tillering,32,3.15,0.0
III,Tarlac,Concepcion,2023-06-23,23.9,34.8,72.0,0.0,23.4,225.7,Tillering,34,1.47,0.14
III,Tarlac,Concepcion,2023-06-24,22.6,34.85,77.6,28.9,23.1,202.0,Tillering,26,1.89,0.09
III,Tarlac,Concepcion,2023-06-25,23.2,34.9,75.5,11.8,24.2,199.0,Tillering,36,2.04,0.16
III,Tarlac,Concepcion,2023-06-26,23.5,33.6,75.5,5.2,23.6,222.6,Tillering,27,1.42,0.0
III,Tarlac,Concepcion,2023-06-27,23.4,35.0,75.3,12.8,24.3,213.5,Tillering,33,1.89,0.06
III,Tarlac,Concepcion,2023-06-28,24.9,35.4,70.2,0.0,24.2,214.9,Tillering,20,2.57,0.05
III,Tarlac,Concepcion,2023-06-29,24.6,35.7,77.1,5.0,25.6,226.9,Tillering,27,2.06,0.05
III,Tarlac,Concepcion,2023-06-30,23.7,34.8,75.93333333333332,0.0,24.5,224.0,Tillering,28,1.72,0.0
III,Tarlac,Concepcion,2023-07-01,23.3,33.8,74.76666666666667,7.3,24.5,222.3,Tillering,31,1.28,0.08
III,Tarlac,Concepcion,2023-07-02,23.5,33.7,73.6,5.9,23.7,200.7,Tillering,37,1.64,0.03
III,Tarlac,Concepcion,2023-07-03,23.9,32.4,72.43333333333332,7.3,23.2,214.8,Tillering,44,0.96,0.14
III,Tarlac,Concepcion,2023-07-04,24.5,32.8,71.26666666666667,0.0,22.7,221.6,Tillering,28,0.96,0.0
III,Tarlac,Concepcion,2023-07-05,24.8,32.4,70.1,0.0,22.6,211.4,Tillering,39,0.0,0.0
III,Tarlac,Concepcion,2023-07-06,24.9,34.8,73.1,0.0,24.5,219.1,Tillering,26,0.9,0.05
III,Tarlac,Concepcion,2023-07-07,25.1,34.6,71.9,0.0,24.2,226.6,Tillering,21,0.49,0.12
III,Tarlac,Concepcion,2023-07-08,23.1,32.2,73.7,34.4,22.4,179.6,Tillering,28,0.59,0.17
III,Tarlac,Concepcion,2023-07-09,25.1,35.6,67.7,0.0,23.9,215.9,Tillering,20,0.74,0.07
III,Tarlac,Concepcion,2023-07-10,25.7,36.1,67.2,0.0,24.3,218.4,Tillering,14,1.32,0.06
III,Tarlac,Concepcion,2023-07-11,25.3,36.0,70.9,2.4,24.8,230.8,Tillering,11,1.68,0.05
III,Tarlac,Concepcion,2023-07-12,24.4,36.1,76.2,11.4,25.5,206.4,Tillering,13,1.64,0.01
III,Tarlac,Concepcion,2023-07-13,24.5,35.2,76.7,10.1,25.2,199.8,Tillering,19,0.49,0.1
III,Tarlac,Concepcion,2023-07-14,23.4,33.9,77.1,1.6,25.083333333333332,218.6,Elongation,18,2.0,0.08
III,Tarlac,Concepcion,2023-07-15,23.6,34.0,77.26666666666667,0.0,24.966666666666665,226.7,Elongation,9,2.42,0.1
III,Tarlac,Concepcion,2023-07-16,23.0,33.8,77.43333333333332,7.1,24.85,210.5,Elongation,8,2.03,0.0
III,Tarlac,Concepcion,2023-07-17,23.4,33.8,77.6,0.0,24.733333333333334,205.3,Elongation,7,2.45,0.07
III,Tarlac,Concepcion,2023-07-18,24.0,32.8,77.76666666666667,6.1,24.616666666666667,204.7,Elongation,13,2.63,0.26
III,Tarlac,Concepcion,2023-07-19,23.7,35.2,77.93333333333332,0.0,24.5,220.1,Elongation,8,3.04,0.2
III,Tarlac,Concepcion,2023-07-20,23.4,33.8,78.1,18.2,24.2,198.6,Elongation,18,2.8,0.18
III,Tarlac,Concepcion,2023-07-21,22.5,33.1,78.0,37.0,23.4,178.1,Elongation,14,3.41,0.23
III,Tarlac,Concepcion,2023-07-22,24.1,34.2,79.5,9.8,25.1,206.7,Elongation,10,2.78,0.1
III,Tarlac,Concepcion,2023-07-23,22.9,34.9,75.2,0.0,23.9,248.6,Elongation,23,1.78,0.08
III,Tarlac,Concepcion,2023-07-24,23.3,32.8,78.6,20.4,23.8,210.2,Elongation,30,2.16,0.05
III,Tarlac,Concepcion,2023-07-25,23.1,33.1,81.8,3.4,24.5,209.3,Elongation,34,1.07,0.2
III,Tarlac,Concepcion,2023-07-26,22.9,33.7,79.4,10.5,24.2,198.7,Elongation,21,0.38,0.25
III,Tarlac,Concepcion,2023-07-27,23.3,34.3,79.3,3.7,24.7,212.6,Elongation,32,0.17,0.23
III,Tarlac,Concepcion,2023-07-28,22.8,35.0,78.9,4.7,24.7,202.6,Elongation,29,1.15,0.12
III,Tarlac,Concepcion,2023-07-29,23.5,33.9,73.5,0.0,23.4,206.3,Elongation,25,0.11,0.08
III,Tarlac,Concepcion,2023-07-30,23.1,30.2,78.7,16.3,22.4,199.3,Elongation,32,0.0,0.0
III,Tarlac,Concepcion,2023-07-31,24.4,30.6,75.7,13.2,22.6,202.0,Elongation,30,0.97,0.13
III,Tarlac,Concepcion,2023-08-01,24.0,33.9,76.8,12.9,24.3,197.4,Elongation,20,1.51,0.14
III,Tarlac,Concepcion,2023-08-02,23.6,35.4,72.6,0.0,24.0,222.7,Elongation,26,0.0,0.21
III,Tarlac,Concepcion,2023-08-03,24.1,34.7,74.8,0.0,24.4,222.3,Elongation,27,0.52,0.18
III,Tarlac,Concepcion,2023-08-04,23.1,34.2,81.3,16.5,24.9,203.0,Panicle,13,0.06,0.89
III,Tarlac,Concepcion,2023-08-05,23.5,34.2,77.5,0.0,24.4,202.0,Panicle,12,0.1,0.0
III,Tarlac,Concepcion,2023-08-06,23.8,34.4,78.5,0.0,24.8,216.6,Panicle,24,0.06,2.76
III,Tarlac,Concepcion,2023-08-07,23.8,32.7,77.1,0.0,23.7,227.1,Panicle,18,0.11,1.72
III,Tarlac,Concepcion,2023-08-08,23.6,31.6,80.3,0.0,23.7,202.6,Panicle,17,0.23,0.64
III,Tarlac,Concepcion,2023-08-09,24.4,31.5,77.8,0.0,23.5,210.3,Panicle,5,0.13,1.02
III,Tarlac,Concepcion,2023-08-10,23.9,32.1,80.2,0.0,24.0,216.0,Panicle,9,0.03,0.09
III,Tarlac,Concepcion,2023-08-11,23.8,34.3,83.7,0.0,25.8,212.8,Panicle,10,0.11,1.53
III,Tarlac,Concepcion,2023-08-12,23.4,35.4,79.6,0.0,25.3,199.2,Panicle,10,0.07,0.0
III,Tarlac,Concepcion,2023-08-13,22.7,34.5,81.9,12.8,25.0,202.4,Panicle,14,0.19,0.56
III,Tarlac,Concepcion,2023-08-14,22.4,33.8,81.5,19.6,24.4,192.5,Panicle,18,0.05,0.0
III,Tarlac,Concepcion,2023-08-15,22.9,33.2,82.4,18.4,24.5,187.4,Panicle,25,0.11,0.0
III,Tarlac,Concepcion,2023-08-16,23.3,32.7,80.5,0.0,24.1,223.1,Panicle,23,0.21,0.17
III,Tarlac,Concepcion,2023-08-17,23.1,32.6,79.5,0.0,23.8,213.7,Panicle,16,0.12,0.81
III,Tarlac,Concepcion,2023-08-18,23.1,31.2,79.6,8.3,23.1,212.1,Panicle,21,0.11,0.05
III,Tarlac,Concepcion,2023-08-19,22.7,32.8,74.5,0.0,22.6,213.8,Flowering,14,0.07,0.74
III,Tarlac,Concepcion,2023-08-20,23.2,33.2,76.8,0.0,23.6,210.9,Flowering,22,0.05,0.19
III,Tarlac,Concepcion,2023-08-21,23.2,32.9,79.3,20.1,23.9,195.0,Flowering,18,0.06,1.97
III,Tarlac,Concepcion,2023-08-22,23.2,33.2,77.5,6.8,23.7,211.1,Flowering,11,0.1,0.0
III,Tarlac,Concepcion,2023-08-23,23.3,33.8,75.3,0.0,23.6,221.1,Flowering,11,0.03,0.54
III,Tarlac,Concepcion,2023-08-24,23.5,32.5,77.0,0.0,23.4,227.1,Flowering,13,0.0,0.05
III,Tarlac,Concepcion,2023-08-25,23.7,33.2,76.5,0.0,23.8,220.8,Flowering,10,0.1,1.26
III,Tarlac,Concepcion,2023-08-26,23.1,33.9,81.1,10.6,24.7,214.9,Flowering,10,0.01,0.23
III,Tarlac,Concepcion,2023-08-27,23.1,34.6,77.8,0.0,24.4,223.7,Flowering,6,0.06,0.37
III,Tarlac,Concepcion,2023-08-28,22.1,33.7,83.7,23.2,24.6,207.9,Flowering,5,0.07,1.4
III,Tarlac,Concepcion,2023-08-29,23.0,33.0,81.3,3.1,24.3,216.8,Flowering,3,0.13,0.4
III,Tarlac,Concepcion,2023-08-30,22.4,31.6,83.4,21.9,23.7,214.2,Flowering,4,0.19,0.6
III,Tarlac,Concepcion,2023-08-31,22.8,31.7,76.3,0.0,22.5,231.1,Flowering,4,0.0,0.29
III,Tarlac,Concepcion,2023-09-01,21.9,32.2,83.3,14.9,23.7,198.3,Flowering,8,0.018333333333333333,1.15
III,Tarlac,Concepcion,2023-09-02,22.5,33.7,83.5,4.8,24.8,211.3,Flowering,8,0.03666666666666667,1.39
III,Tarlac,Concepcion,2023-09-03,23.0,35.3,79.5,0.0,25.0,214.9,Flowering,1,0.055,0.0
III,Tarlac,Concepcion,2023-09-04,22.6,33.7,79.1,0.0,24.0,208.3,Ripening,5,0.07333333333333333,0.9
III,Tarlac,Concepcion,2023-09-05,22.2,34.9,78.0,0.0,24.2,224.7,Ripening,5,0.09166666666666667,0.47
III,Tarlac,Concepcion,2023-09-06,23.5,34.6,80.9,14.4,25.2,197.8,Ripening,4,0.11,0.0
III,Tarlac,Concepcion,2023-09-07,24.3,36.1,78.0,0.0,25.8,208.0,Ripening,2,0.12,0.75
III,Tarlac,Concepcion,2023-09-08,23.2,34.4,82.9,15.2,25.52,200.6,Ripening,5,0.14,0.8
III,Tarlac,Concepcion,2023-09-09,24.5,35.5,78.1,5.7,25.24,202.9,Ripening,3,0.1,1.84
III,Tarlac,Concepcion,2023-09-10,24.0,33.7,75.9,46.6,24.96,170.2,Ripening,3,0.08,2.79
III,Tarlac,Concepcion,2023-09-11,23.9,35.9,76.6,8.4,24.68,206.1,Ripening,1,0.05,2.7
III,Tarlac,Concepcion,2023-09-12,23.2,36.0,74.2,0.0,24.4,227.2,Ripening,1,0.11,1.63
III,Tarlac,Concepcion,2023-09-13,23.1,35.0,76.2,4.4,24.3,205.4,Ripening,0,0.0,4.46
III,Tarlac,Concepcion,2023-09-14,23.4,35.8,68.6,0.0,23.3,212.7,Ripening,0,0.0,5.84
III,Tarlac,Concepcion,2023-09-15,23.2,33.3,74.4,34.2,23.1,190.3,Ripening,1,0.12,6.93
III,Tarlac,Concepcion,2023-09-16,25.0,33.1,73.3,2.3,23.7,220.8,Ripening,1,0.03,5.02
III,Tarlac,Concepcion,2023-09-17,22.9,33.9,71.9,4.6,22.8,217.8,Ripening,3,0.0,4.92
III,Tarlac,Concepcion,2023-09-18,22.2,34.3,74.2,1.0,23.1,219.9,Ripening,1,0.14,4.98
III,Tarlac,Concepcion,2023-09-19,22.9,33.6,78.2,9.2,23.9,192.7,Ripening,0,0.18,5.97
III,Tarlac,Concepcion,2023-09-20,23.0,33.4,77.2,7.9,23.6,201.5,Ripening,1,0.09,4.89
III,Tarlac,Concepcion,2023-09-21,22.4,32.8,77.1,6.9,23.0,200.7,Ripening,0,0.13,4.52
III,Tarlac,Concepcion,2023-09-22,21.0,32.1,82.2,29.7,23.0,183.9,Ripening,2,0.17,4.48
III,Tarlac,Concepcion,2023-09-23,20.6,31.2,79.7,10.3,21.8,208.6,Ripening,0,0.09,2.18
III,Tarlac,Concepcion,2023-09-24,21.2,31.3,79.7,12.5,22.2,191.6,Ripening,1,0.09,1.2
III,Tarlac,Concepcion,2023-09-25,22.1,31.7,78.7,0.0,22.6,195.21666666666667,Ripening,0,0.02,1.0166666666666666
III,Tarlac,Concepcion,2023-09-26,22.8,32.7,78.5,0.0,23.4,198.83333333333334,Ripening,1,0.18,0.8333333333333333
III,Tarlac,Concepcion,2023-09-27,22.8,31.9,84.3,32.4,24.2,202.45,Ripening,1,0.24,0.65
III,Tarlac,Concepcion,2023-09-28,22.7,31.3,81.4,13.7,23.3,206.06666666666666,Ripening,1,0.1,0.4666666666666667
III,Tarlac,Concepcion,2023-09-29,21.8,30.4,76.6,45.4,21.4,209.68333333333334,Ripening,2,0.01,0.2833333333333333
III,Tarlac,Concepcion,2023-09-30,23.3,33.9,74.3,0.0,23.5,213.3,Ripening,0,0.25,0.1
III,Tarlac,Concepcion,2023-10-01,23.7,33.5,79.6,15.0,24.5,209.6,Ripening,0,0.04,0.16
III,Tarlac,Concepcion,2023-10-02,23.7,33.7,75.0,0.0,23.7,227.8,Ripening,0,0.0,0.12
III,Tarlac,Concepcion,2023-10-03,22.4,32.9,78.7,28.9,23.4,200.6,Ripening,0,0.05,0.1
III,Tarlac,Concepcion,2023-10-04,21.6,32.3,80.0,30.6,23.0,188.5,Ripening,0,0.01,0.0
III,Tarlac,Concepcion,2023-10-05,21.6,33.3,81.0,22.2,23.6,212.7,Ripening,0,0.0,0.13
III,Tarlac,Concepcion,2023-10-06,20.8,33.8,80.3,8.2,23.4,214.2,Ripening,0,0.0,0.0
III,Tarlac,Concepcion,2023-10-07,21.4,34.1,74.6,0.0,22.7,216.0,Ripening,0,0.14,0.08
III,Tarlac,Concepcion,2023-10-08,22.3,33.9,76.0,5.4,23.3,201.7,Ripening,0,0.17,0.22
III,Tarlac,Concepcion,2023-10-09,22.7,34.3,74.2,0.0,23.3,214.0,Ripening,0,0.02,0.0
III,Tarlac,Concepcion,2023-10-10,22.3,33.8,77.4,7.3,23.5,211.1,Ripening,0,0.03,0.01
III,Tarlac,Concepcion,2023-10-11,23.3,34.6,74.8,0.0,23.9,237.2,Ripening,0,0.1,0.0
III,Tarlac,Concepcion,2023-10-12,23.6,36.0,78.2,1.9,25.4,219.4,Ripening,0,0.13,0.0
III,Tarlac,Concepcion,2023-10-13,23.9,35.3,78.4,18.6,25.3,205.8,Ripening,0,0.11,0.17
III,Tarlac,Concepcion,2023-10-14,24.5,35.9,71.1,0.0,24.4,217.9,Ripening,0,0.09,0.02
III,Tarlac,Concepcion,2023-10-15,23.2,35.5,73.9,8.4,24.1,194.8,Ripening,0,0.1,0.03
III,Tarlac,Concepcion,2023-10-16,22.5,34.4,74.0,13.6,23.2,211.6,Ripening,0,0.0,0.04
III,Tarlac,Concepcion,2023-10-17,23.3,35.9,67.5,0.0,23.1,217.6,Ripening,0,0.11,0.09
III,Tarlac,Concepcion,2023-10-18,22.9,34.2,76.3,37.7,23.8,198.4,Ripening,1,0.11,0.25
III,Tarlac,Concepcion,2023-10-19,23.6,35.5,76.3,23.6,24.8,189.9,Ripening,0,0.08,0.27
III,Tarlac,Concepcion,2023-10-20,23.9,36.4,71.6,0.0,24.5,214.4,Ripening,0,0.1,0.12
III,Tarlac,Concepcion,2023-10-21,22.6,35.5,73.4,0.0,23.7,227.1,Ripening,0,0.0,0.0
III,Tarlac,Concepcion,2023-10-22,23.2,35.4,71.7,0.0,23.6,219.5,Ripening,0,0.04,0.01
III,Tarlac,Concepcion,2023-10-23,23.6,35.2,70.5,0.0,23.5,233.2,Ripening,0,0.07,0.0
III,Tarlac,Concepcion,2023-10-24,23.8,33.650000000000006,71.6,0.0,22.9,228.0,Ripening,0,0.07,0.15
III,Tarlac,Concepcion,2023-10-25,24.0,32.1,75.7,3.7,23.03333333333333,217.9,Ripening,0,0.07,0.0
III,Tarlac,Concepcion,2023-10-26,23.9,33.2,74.475,0.0,23.166666666666668,217.3,Ripening,0,0.13,0.04
III,Tarlac,Concepcion,2023-10-27,23.4,33.0,73.25,15.3,23.3,210.5,Ripening,0,0.12,0.32
III,Tarlac,Concepcion,2023-10-28,22.9,33.9,72.025,0.0,23.0,226.9,Ripening,0,0.03,0.06
III,Tarlac,Concepcion,2023-10-29,22.8,33.0,70.8,0.0,22.1,216.1,Ripening,0,0.05,0.08
III,Tarlac,Concepcion,2023-10-30,22.6,31.9,77.0,13.0,22.6,209.1,Ripening,0,0.0,0.0
III,Tarlac,Concepcion,2023-10-31,22.7,32.5,73.6,0.0,22.3,222.2,Seedling,0,0.21,0.0
III,Tarlac,Concepcion,2023-11-01,22.7,33.5,72.0,0.0,22.5,235.5,Seedling,0,0.15,0.03
III,Tarlac,Concepcion,2023-11-02,22.683333333333334,34.3,74.0,0.0,23.4,222.2,Seedling,0,0.08,0.04
III,Tarlac,Concepcion,2023-11-03,22.666666666666668,34.5,75.4,0.0,23.9,202.3,Seedling,0,0.01,0.07
III,Tarlac,Concepcion,2023-11-04,22.65,34.3,73.0,0.0,23.2,228.4,Seedling,1,0.21,0.07
III,Tarlac,Concepcion,2023-11-05,22.633333333333333,32.7,76.0,21.1,22.8,217.7,Seedling,0,0.13,0.08
III,Tarlac,Concepcion,2023-11-06,22.616666666666667,33.7,73.7,0.0,23.0,227.4,Seedling,0,0.0,0.0
III,Tarlac,Concepcion,2023-11-07,22.6,33.2,75.9,0.0,23.1,226.0,Seedling,0,0.07,0.18
III,Tarlac,Concepcion,2023-11-08,21.9,31.3,82.7,27.8,23.1,197.3,Seedling,0,0.08,0.17
III,Tarlac,Concepcion,2023-11-09,23.0,32.3,82.8,9.3,24.2,237.3,Seedling,0,0.05333333333333333,0.14
III,Tarlac,Concepcion,2023-11-10,23.5,34.3,77.5,0.0,24.4,223.7,Seedling,0,0.026666666666666665,0.0
III,Tarlac,Concepcion,2023-11-11,22.6,34.5,74.6,0.0,23.5,233.2,Seedling,0,0.0,0.04
III,Tarlac,Concepcion,2023-11-12,22.3,33.4,78.6,3.6,23.6,225.1,Seedling,0,0.13,0.28
III,Tarlac,Concepcion,2023-11-13,22.9,32.9,74.3,0.0,22.8,220.1,Seedling,0,0.12,0.1
III,Tarlac,Concepcion,2023-11-14,22.3,32.5,75.8,0.0,22.6,225.8,Seedling,0,0.05,0.0
III,Tarlac,Concepcion,2023-11-15,22.9,34.2,75.7,0.4,23.7,233.7,Seedling,0,0.0475,0.25
III,Tarlac,Concepcion,2023-11-16,23.0,33.7,76.6,0.0,23.7,232.7,Seedling,0,0.045,0.06
III,Tarlac,Concepcion,2023-11-17,22.6,34.1,76.9,0.0,23.7,229.5,Seedling,0,0.0425,0.0
III,Tarlac,Concepcion,2023-11-18,22.6,33.4,78.9,0.0,23.8,213.0,Seedling,0,0.04,0.022
III,Tarlac,Concepcion,2023-11-19,22.7,33.8,78.1,0.0,23.9,229.7,Seedling,0,0.04,0.044
III,Tarlac,Concepcion,2023-11-20,22.9,32.3,75.1,0.0,22.6,222.9,Seedling,0,0.16,0.066
III,Tarlac,Concepcion,2023-11-21,22.6,35.2,74.0,0.0,23.7,238.1,Seedling,0,0.2,0.088
III,Tarlac,Concepcion,2023-11-22,22.5,33.9,76.2,12.9,23.4,214.3,Seedling,0,0.25,0.11
III,Tarlac,Concepcion,2023-11-23,23.3,34.1,69.5,0.0,22.6,222.6,Seedling,0,0.05,0.13
III,Tarlac,Concepcion,2023-11-24,23.6,34.7,69.0,3.05,23.0,213.2,Seedling,0,0.08,0.16
III,Tarlac,Concepcion,2023-11-25,22.7,34.5,76.0,6.1,23.8,227.6,Seedling,0,0.14,0.08
III,Tarlac,Concepcion,2023-11-26,22.2,34.4,72.9,9.149999999999999,22.9,228.9,Seedling,0,0.02,0.1
III,Tarlac,Concepcion,2023-11-27,22.3,34.0,74.9,12.2,23.1,216.1,Seedling,0,0.09,0.0
III,Tarlac,Concepcion,2023-11-28,23.4,33.4,72.6,0.0,22.9,226.5,Seedling,0,0.15,0.0
III,Tarlac,Concepcion,2023-11-29,23.0,33.2,72.8,0.0,22.7,237.1,Seedling,0,0.0,0.19
III,Tarlac,Concepcion,2023-11-30,22.5,34.1,74.0,0.0,23.1,227.4,Seedling,0,0.03,0.06
III,Tarlac,Concepcion,2023-12-01,23.3,32.6,78.1,5.8,23.6,217.1,Seedling,0,0.17,0.16
III,Tarlac,Concepcion,2023-12-02,24.6,32.5,78.3,6.2,24.2,216.5,Seedling,0,1.15,0.16
III,Tarlac,Concepcion,2023-12-03,24.4,35.0,72.0,0.0,24.1,225.7,Seedling,1,0.17,0.03
III,Tarlac,Concepcion,2023-12-04,22.9,34.1,70.6,0.0,22.6,216.3,Seedling,1,0.9,0.04
III,Tarlac,Concepcion,2023-12-05,22.5,33.1,73.4,5.6,22.5,232.0,Seedling,3,0.05,0.07
III,Tarlac,Concepcion,2023-12-06,22.7,34.2,76.3,1.4,23.7,223.1,Seedling,0,0.52,0.12
III,Tarlac,Concepcion,2023-12-07,22.7,35.3,69.4,0.0,22.9,231.3,Seedling,0,1.12,0.0
III,Tarlac,Concepcion,2023-12-08,22.9,34.9,68.5,0.0,22.6,235.4,Seedling,0,0.24,0.14
III,Tarlac,Concepcion,2023-12-09,23.5,33.2,71.2,7.8,22.6,215.1,Seedling,1,0.53,0.01
III,Tarlac,Concepcion,2023-12-10,23.6,32.9,71.3,0.0,22.5,243.6,Seedling,1,0.1,0.0
III,Tarlac,Concepcion,2023-12-11,22.5,34.0,76.0,3.6,23.4,219.1,Seedling,0,0.0,0.016666666666666666
III,Tarlac,Concepcion,2023-12-12,22.9,33.1,73.6,0.0,22.7,240.1,Seedling,0,1.14,0.03333333333333333
III,Tarlac,Concepcion,2023-12-13,22.0,32.8,71.8,0.5,21.8,222.7,Seedling,1,0.38,0.05
III,Tarlac,Concepcion,2023-12-14,22.2,32.7,72.5,0.0,22.0,230.6,Seedling,0,0.0,0.06666666666666667
III,Tarlac,Concepcion,2023-12-15,22.4,34.7,70.8,0.0,22.7,231.8,Seedling,2,0.51,0.08333333333333333
III,Tarlac,Concepcion,2023-12-16,22.0,35.6,70.3,0.0,22.9,229.7,Seedling,2,0.49,0.1
III,Tarlac,Concepcion,2023-12-17,22.4,34.4,74.1,0.0,23.2,224.4,Tillering,2,0.79,0.0
III,Tarlac,Concepcion,2023-12-18,22.6,35.1,73.8,0.375,23.6,218.3,Tillering,0,1.17,0.08
III,Tarlac,Concepcion,2023-12-19,22.6,33.5,72.7,0.75,22.6,247.0,Tillering,1,1.5499999999999998,0.13
III,Tarlac,Concepcion,2023-12-20,22.5,34.6,70.3,1.125,22.6,219.1,Tillering,5,1.93,0.06
III,Tarlac,Concepcion,2023-12-21,22.2,33.5,73.8,1.5,22.6,239.5,Tillering,6,0.41,0.14
III,Tarlac,Concepcion,2023-12-22,22.2,32.7,73.6,0.0,22.2,221.5,Tillering,1,1.63,0.05
III,Tarlac,Concepcion,2023-12-23,22.2,32.0,69.9,0.0,21.1,244.3,Tillering,1,0.48,0.16
III,Tarlac,Concepcion,2023-12-24,21.0,32.2,72.3,8.5,21.1,226.1,Tillering,5,0.27,0.27
III,Tarlac,Concepcion,2023-12-25,22.4,34.0,66.3,0.0,21.5,236.5,Tillering,1,0.35,0.31
III,Tarlac,Concepcion,2023-12-26,22.7,34.3,71.0,6.5,22.7,228.1,Tillering,1,1.05,0.1
III,Tarlac,Concepcion,2023-12-27,23.4,32.7,68.2,0.0,21.7,219.3,Tillering,1,0.81,0.08
III,Tarlac,Concepcion,2023-12-28,23.9,31.7,67.0,0.0,21.2,232.9,Tillering,1,0.78,0.1
III,Tarlac,Concepcion,2023-12-29,22.9,32.2,65.6,0.0,20.7,240.3,Tillering,3,0.62,0.08
III,Tarlac,Concepcion,2023-12-30,22.7,31.9,64.8,0.0,20.3,218.3,Tillering,6,0.48,0.0
III,Tarlac,Concepcion,2023-12-31,22.9,32.1,72.6,5.7,20.5,218.4,Tillering,0,0.65,0.02
III,Tarlac,Concepcion,2024-01-01,23.2,33.6,70.3,0.0,20.7,228.4,Tillering,2,0.67,0.18
III,Tarlac,Concepcion,2024-01-02,22.3,32.1,68.3,0.0,20.9,248.7,Tillering,2,1.21,0.12
III,Tarlac,Concepcion,2024-01-03,22.0,32.4,65.5,0.0,20.3,233.4,Tillering,3,0.87,0.1
III,Tarlac,Concepcion,2024-01-04,22.0,32.8,65.4,0.0,20.5,236.3,Tillering,0,0.0,0.14
III,Tarlac,Concepcion,2024-01-05,22.3,33.9,64.9,0.0,21.1,237.0,Tillering,3,0.0,0.12
III,Tarlac,Concepcion,2024-01-06,21.6,32.6,65.9,0.0,20.3,229.8,Tillering,2,0.29,0.09
III,Tarlac,Concepcion,2024-01-07,21.3,30.9,67.1,0.0,19.5,244.4,Tillering,0,0.14,0.08
III,Tarlac,Concepcion,2024-01-08,22.1,31.0,69.1,0.0,20.4,233.0,Tillering,1,0.17,0.03
III,Tarlac,Concepcion,2024-01-09,23.0,31.0,66.4,0.0,20.3,238.3,Tillering,3,0.65,0.01
III,Tarlac,Concepcion,2024-01-10,22.6,31.9,66.4,0.0,20.5,225.9,Tillering,1,0.79,0.0
III,Tarlac,Concepcion,2024-01-11,22.4,32.0,68.3,0.0,20.9,236.6,Tillering,2,1.59,0.12
III,Tarlac,Concepcion,2024-01-12,23.0,30.4,69.4,0.0,20.6,234.0,Elongation,3,0.0,0.18
III,Tarlac,Concepcion,2024-01-13,23.2,29.9,67.8,0.0,20.1,234.8,Elongation,0,0.0,0.12
III,Tarlac,Concepcion,2024-01-14,23.0,30.1,72.4,8.9,21.0,229.8,Elongation,1,0.62,0.07
III,Tarlac,Concepcion,2024-01-15,22.8,29.8,66.9,0.0,19.7,247.0,Elongation,2,0.66,0.24
III,Tarlac,Concepcion,2024-01-16,23.0,31.2,66.0,0.0,20.3,225.4,Elongation,2,0.0,0.06
III,Tarlac,Concepcion,2024-01-17,21.8,29.9,69.9,12.3,19.8,216.3,Elongation,1,0.74,0.24
III,Tarlac,Concepcion,2024-01-18,22.6,31.7,65.7,0.0,20.3,234.9,Elongation,1,0.63,0.12
III,Tarlac,Concepcion,2024-01-19,22.5,31.8,63.9,0.0,19.9,241.0,Elongation,2,0.56,0.14
III,Tarlac,Concepcion,2024-01-20,22.5,31.9,67.7,0.0,20.7,237.5,Elongation,1,0.13,0.07
III,Tarlac,Concepcion,2024-01-21,21.4,32.25,67.0,0.0,20.5,243.0,Elongation,1,0.47,0.0
III,Tarlac,Concepcion,2024-01-22,21.2,32.6,67.1,0.0,20.4,231.4,Elongation,1,1.02,0.09
III,Tarlac,Concepcion,2024-01-23,21.3,32.95,60.3,0.0,19.5,230.8,Elongation,4,0.48,0.0
III,Tarlac,Concepcion,2024-01-24,22.0,33.3,63.4,0.0,20.8,236.0,Elongation,4,0.82,0.02
III,Tarlac,Concepcion,2024-01-25,22.1,33.65,68.8,4.9,21.7,239.6,Elongation,1,1.46,0.07
III,Tarlac,Concepcion,2024-01-26,22.1,34.0,65.9,0.0,21.2,236.9,Elongation,0,1.24,0.12
III,Tarlac,Concepcion,2024-01-27,22.7,34.0,66.6,0.0,21.7,235.46,Elongation,4,0.5,0.01
III,Tarlac,Concepcion,2024-01-28,23.0,33.5,63.4,0.0,20.9,234.02,Elongation,3,0.96,0.14
III,Tarlac,Concepcion,2024-01-29,23.3,31.4,65.4,0.0,21.0,232.57999999999998,Elongation,2,0.38,0.0
III,Tarlac,Concepcion,2024-01-30,22.5,33.5,65.7,0.0,21.099999999999998,231.14,Elongation,0,1.07,0.04
III,Tarlac,Concepcion,2024-01-31,21.8,33.6,67.7,0.0,21.2,229.7,Panicle,1,0.06,2.48
III,Tarlac,Concepcion,2024-02-01,22.6,32.3,70.2,0.0,21.5,251.4,Panicle,2,0.0,3.01
III,Tarlac,Concepcion,2024-02-02,22.4,33.5,68.4,0.0,21.6,237.0,Panicle,0,0.17,3.57
III,Tarlac,Concepcion,2024-02-03,22.7,31.5,67.1,0.0,20.5,247.4,Panicle,3,0.11,3.64
III,Tarlac,Concepcion,2024-02-04,23.2,32.4,65.9,0.0,21.0,234.0,Panicle,2,0.11,4.0
III,Tarlac,Concepcion,2024-02-05,23.4,32.3,67.4,0.0,21.3,252.3,Panicle,1,0.17,3.77
III,Tarlac,Concepcion,2024-02-06,23.8,32.9,67.5,0.0,21.8,249.2,Panicle,1,0.0,3.5
III,Tarlac,Concepcion,2024-02-07,23.5,33.3,66.5,0.0,21.7,249.5,Panicle,0,0.23,4.23
III,Tarlac,Concepcion,2024-02-08,23.8,31.7,65.4,0.0,20.8,233.2,Panicle,1,0.1,2.56
III,Tarlac,Concepcion,2024-02-09,23.7,32.7,64.7,0.0,21.1,248.4,Panicle,1,0.23,1.78
III,Tarlac,Concepcion,2024-02-10,24.1,33.6,61.5,0.0,21.2,242.2,Panicle,1,0.09,0.81
III,Tarlac,Concepcion,2024-02-11,23.6,33.9,63.0,0.0,21.4,243.4,Panicle,1,0.0,0.85
III,Tarlac,Concepcion,2024-02-12,23.0,33.6,61.1,0.0,20.5,262.7,Panicle,0,0.1,2.5
III,Tarlac,Concepcion,2024-02-13,22.7,34.1,68.1,1.3,22.0,226.5,Panicle,4,0.07,3.62
III,Tarlac,Concepcion,2024-02-14,22.5,32.5,62.7,0.0,20.0,239.8,Panicle,4,0.0,1.96
III,Tarlac,Concepcion,2024-02-15,22.8,33.7,64.1,0.0,21.1,241.0,Flowering,0,0.07,3.98
III,Tarlac,Concepcion,2024-02-16,22.3,34.0,65.0,0.0,21.2,234.6,Flowering,5,0.0,3.11
III,Tarlac,Concepcion,2024-02-17,23.2,32.2,66.2,0.0,20.9,247.2,Flowering,1,0.15,1.92
III,Tarlac,Concepcion,2024-02-18,22.6,31.6,70.2,9.5,21.1,230.6,Flowering,2,0.2,2.54
III,Tarlac,Concepcion,2024-02-19,22.8,32.4,66.7,0.0,20.9,241.8,Flowering,1,0.1,3.31
III,Tarlac,Concepcion,2024-02-20,23.4,33.3,63.1,0.0,21.0,248.6,Flowering,1,0.0,2.47
III,Tarlac,Concepcion,2024-02-21,23.3,34.4,63.7,0.0,21.6,233.4,Flowering,1,0.1,3.51
III,Tarlac,Concepcion,2024-02-22,22.7,34.4,66.3,0.0,21.8,240.2,Flowering,4,0.16,2.91
III,Tarlac,Concepcion,2024-02-23,22.1,33.9,64.9,0.0,21.0,239.8,Flowering,1,0.16,5.32
III,Tarlac,Concepcion,2024-02-24,21.9,34.2,68.9,0.0,21.8,229.2,Flowering,1,0.1,3.37
III,Tarlac,Concepcion,2024-02-25,22.0,33.2,69.1,0.0,21.4,239.6,Flowering,1,0.01,4.81
III,Tarlac,Concepcion,2024-02-26,23.0,30.1,67.0,0.0,20.0,252.8,Flowering,0,0.0,2.95
III,Tarlac,Concepcion,2024-02-27,23.2,29.7,63.7,0.0,20.433333333333334,237.6,Flowering,0,0.12,1.78
III,Tarlac,Concepcion,2024-02-28,23.4,32.0,65.9,0.0,20.866666666666667,238.3,Flowering,0,0.1,2.36
III,Tarlac,Concepcion,2024-02-29,24.0,33.0,63.9,0.0,21.3,230.4,Flowering,1,0.14,2.21
III,Tarlac,Concepcion,2024-03-01,23.1,30.9,62.0,0.0,19.4,249.1,Ripening,0,0.11,0.41
III,Tarlac,Concepcion,2024-03-02,21.5,32.4,68.4,1.2,20.049999999999997,251.2,Ripening,0,0.24,0.42
III,Tarlac,Concepcion,2024-03-03,21.7,31.4,68.8,0.0,20.7,247.7,Ripening,1,0.0,1.11
III,Tarlac,Concepcion,2024-03-04,23.1,31.5,68.1,0.0,21.35,242.2,Ripening,0,0.016666666666666666,0.12
III,Tarlac,Concepcion,2024-03-05,23.0,32.2,72.0,0.0,22.0,244.3,Ripening,1,0.03333333333333333,0.19
III,Tarlac,Concepcion,2024-03-06,23.0,31.2,73.0,0.0,21.7,245.3,Ripening,5,0.05,0.0
III,Tarlac,Concepcion,2024-03-07,22.6,31.9,76.4,7.3,22.5,231.2,Ripening,2,0.06666666666666667,1.38
III,Tarlac,Concepcion,2024-03-08,22.8,33.1,73.3,0.0,22.6,248.3,Ripening,4,0.08333333333333333,1.06
III,Tarlac,Concepcion,2024-03-09,21.8,34.1,69.3,0.0,21.8,224.3,Ripening,5,0.1,0.0
III,Tarlac,Concepcion,2024-03-10,22.7,33.6,71.1,0.0,22.4,240.5,Ripening,4,0.1,0.23
III,Tarlac,Concepcion,2024-03-11,22.7,32.9,72.7,0.0,22.3,236.5,Ripening,3,0.19,1.36
III,Tarlac,Concepcion,2024-03-12,22.0,33.8,71.2,0.0,22.1,243.0,Ripening,3,0.02,1.108
III,Tarlac,Concepcion,2024-03-13,21.6,33.3,73.5,2.8,22.2,217.6,Ripening,12,0.08,0.8560000000000001
III,Tarlac,Concepcion,2024-03-14,21.9,33.7,68.7,0.0,21.5,222.2,Ripening,12,0.0,0.6040000000000001
III,Tarlac,Concepcion,2024-03-15,20.9,33.8,67.4,0.0,20.8,235.7,Ripening,10,0.18,0.3520000000000001
III,Tarlac,Concepcion,2024-03-16,20.4,32.2,68.8,0.0,20.1,234.8,Ripening,5,0.08,0.1
III,Tarlac,Concepcion,2024-03-17,21.2,32.1,66.5,0.0,20.0,253.8,Ripening,10,0.13,0.87
III,Tarlac,Concepcion,2024-03-18,20.9,32.8,64.3,0.0,19.7,239.1,Ripening,9,0.04,1.13
III,Tarlac,Concepcion,2024-03-19,21.1,30.4,73.9,2.7,20.5,241.8,Ripening,10,0.1,0.99
III,Tarlac,Concepcion,2024-03-20,20.9,30.5,66.7,0.0,19.0,241.9,Ripening,10,0.11,0.01
III,Tarlac,Concepcion,2024-03-21,21.6,31.8,65.9,0.0,19.9,236.2,Ripening,10,0.0,1.41
III,Tarlac,Concepcion,2024-03-22,21.8,34.3,68.2,0.0,21.7,243.7,Ripening,7,0.08,1.07
III,Tarlac,Concepcion,2024-03-23,22.4,33.9,68.7,0.0,21.9,223.4,Ripening,8,0.19,0.0
III,Tarlac,Concepcion,2024-03-24,22.3,33.1,65.0,0.0,20.7,250.8,Ripening,6,0.03,0.0
III,Tarlac,Concepcion,2024-03-25,22.6,34.4,61.7,0.0,20.8,236.8,Ripening,2,0.12,0.56
III,Tarlac,Concepcion,2024-03-26,22.8,33.9,63.0,0.0,21.0,241.2,Ripening,0,0.01,0.0
III,Tarlac,Concepcion,2024-03-27,23.3,33.0,61.2,0.0,20.4,244.3,Ripening,0,0.04,0.04
III,Tarlac,Concepcion,2024-03-28,22.9,31.8,60.6,0.0,19.5,240.2,Ripening,0,0.1,0.03
III,Tarlac,Concepcion,2024-03-29,22.4,32.0,62.5,0.0,19.7,242.9,Ripening,0,0.02,0.04
III,Tarlac,Concepcion,2024-03-30,22.9,32.9,62.5,0.0,20.4,238.3,Ripening,0,0.11,0.05
III,Tarlac,Concepcion,2024-03-31,23.4,33.5,63.3,0.0,21.1,244.6,Ripening,0,0.17,0.060000000000000005
III,Tarlac,Concepcion,2024-04-01,23.6,32.6,63.2,0.0,20.7,241.4,Ripening,0,0.13,0.07
III,Tarlac,Concepcion,2024-04-02,24.0,32.3,64.7,0.0,21.1,236.8,Ripening,0,0.06,0.25
III,Tarlac,Concepcion,2024-04-03,22.7,32.6,72.4,14.6,22.1,217.7,Ripening,0,0.09,0.01
III,Tarlac,Concepcion,2024-04-04,23.2,33.8,67.2,0.0,21.9,246.1,Ripening,0,0.0,0.02
III,Tarlac,Concepcion,2024-04-05,24.3,33.1,66.5,0.0,22.0,235.2,Ripening,0,0.1,0.05
III,Tarlac,Concepcion,2024-04-06,23.5,33.0,65.9,0.0,21.4,246.5,Ripening,0,0.0,0.1
III,Tarlac,Concepcion,2024-04-07,23.5,33.2,69.0,0.0,22.2,237.4,Ripening,0,0.09,0.2
III,Tarlac,Concepcion,2024-04-08,22.8,32.9,69.1,0.0,21.7,225.9,Ripening,0,0.0,0.12
III,Tarlac,Concepcion,2024-04-09,23.2,33.0,70.5,0.0,22.2,235.4,Ripening,0,0.24,0.16
III,Tarlac,Concepcion,2024-04-10,22.6,32.3,69.66666666666667,0.0,20.8,235.0,Ripening,0,0.08,0.0
III,Tarlac,Concepcion,2024-04-11,22.4,31.7,68.83333333333333,7.7,20.4,231.1,Ripening,1,0.13,0.0
III,Tarlac,Concepcion,2024-04-12,23.2,31.8,68.0,0.0,20.0,245.0,Ripening,0,0.05,0.13
III,Tarlac,Concepcion,2024-04-13,23.6,31.2,67.16666666666667,4.8,21.1,226.2,Ripening,0,0.19,0.13
III,Tarlac,Concepcion,2024-04-14,23.6,32.7,66.33333333333333,0.0,21.2,231.5,Ripening,0,0.13,0.08
III,Tarlac,Concepcion,2024-04-15,23.2,32.6,65.5,0.0,21.0,230.8,Ripening,0,0.14,0.06
III,Tarlac,Concepcion,2024-04-16,22.7,32.0,64.6,0.0,20.3,235.7,Ripening,0,0.09,0.01
III,Tarlac,Concepcion,2024-04-17,22.8,31.2,75.2,3.6,22.0,234.2,Ripening,0,0.0,0.0
III,Tarlac,Concepcion,2024-04-18,22.9,32.1,71.2,0.0,21.7,221.7,Ripening,0,0.19,0.04
III,Tarlac,Concepcion,2024-04-19,22.1,32.7,69.6,0.0,21.3,226.0,Ripening,0,0.08,0.0
III,Tarlac,Concepcion,2024-04-20,21.4,32.0,72.3,9.1,21.2,203.2,Ripening,0,0.0,0.0
III,Tarlac,Concepcion,2024-04-21,22.8,31.6,71.8,1.4,21.6,216.0,Ripening,1,0.05,0.19
III,Tarlac,Concepcion,2024-04-22,22.8,31.9,66.7,0.0,20.7,240.1,Ripening,0,0.05,0.11
III,Tarlac,Concepcion,2024-04-23,21.9,31.8,74.1,8.7,21.7,221.1,Ripening,0,0.03,0.13
III,Tarlac,Concepcion,2024-04-24,23.0,31.4,77.1,15.6,22.6,208.7,Ripening,0,0.0,0.13
III,Tarlac,Concepcion,2024-04-25,22.7,33.1,67.9,0.0,21.5,225.9,Ripening,0,0.0,0.15
III,Tarlac,Concepcion,2024-04-26,22.6,35.1,70.5,3.7,23.0,240.0,Ripening,0,0.07,0.0
III,Tarlac,Concepcion,2024-04-27,20.7,34.0,69.8,18.7,21.3,215.8,Ripening,0,0.11,0.026000000000000002
III,Tarlac,Concepcion,2024-04-28,21.4,34.1,69.4,0.0,21.6,241.7,Ripening,0,0.09,0.052000000000000005
III,Tarlac,Concepcion,2024-04-29,22.6,34.3,68.2,0.0,22.1,243.5,Ripening,0,0.06,0.07800000000000001
III,Tarlac,Concepcion,2024-04-30,22.8,34.1,70.6,0.0,22.6,238.6,Ripening,0,0.0,0.10400000000000001
III,Tarlac,Concepcion,2024-05-01,22.9,34.1,72.8,0.0,23.1,237.44,Ripening,0,0.15,0.13
III,Tarlac,Concepcion,2024-05-02,24.4,33.1,70.7,0.0,22.9,236.28,Ripening,0,0.03,0.0
III,Tarlac,Concepcion,2024-05-03,24.8,33.1,69.3,0.0,22.8,235.12,Seedling,0,0.06,0.11
III,Tarlac,Concepcion,2024-05-04,23.8,32.2,75.7,8.7,23.1,233.96,Seedling,0,0.0,0.13
III,Tarlac,Concepcion,2024-05-05,23.9,35.0,67.8,0.0,23.0,232.8,Seedling,0,0.14,0.08
III,Tarlac,Concepcion,2024-05-06,23.6,34.0,71.2,0.0,23.0,224.5,Seedling,0,0.08,0.02
III,Tarlac,Concepcion,2024-05-07,23.1,33.0,68.4,0.0,21.7,227.9,Seedling,0,0.09,0.0
III,Tarlac,Concepcion,2024-05-08,23.2,33.5,67.9,0.0,21.9,232.5,Seedling,0,0.16,0.02
III,Tarlac,Concepcion,2024-05-09,23.1,31.8,70.0,0.0,21.5,228.2,Seedling,0,0.0,0.18
III,Tarlac,Concepcion,2024-05-10,22.6,33.3,73.1,1.9,22.6,229.9,Seedling,0,0.0,0.06
III,Tarlac,Concepcion,2024-05-11,23.6,32.7,72.3,3.6,22.6,222.9,Seedling,0,0.23,0.06
III,Tarlac,Concepcion,2024-05-12,22.3,33.0,68.5,0.0,21.3,231.4,Seedling,0,0.11,0.05
III,Tarlac,Concepcion,2024-05-13,22.0,32.7,71.5,2.0,21.7,229.6,Seedling,1,0.06,0.04
III,Tarlac,Concepcion,2024-05-14,21.3,32.9,71.4,2.3,21.4,227.8,Seedling,0,0.23,0.07
III,Tarlac,Concepcion,2024-05-15,22.5,33.2,68.6,6.3,21.6,218.5,Seedling,0,0.0,0.04
III,Tarlac,Concepcion,2024-05-16,21.2,34.0,65.0,0.0,20.6,224.7,Seedling,0,0.08,0.2
III,Tarlac,Concepcion,2024-05-17,20.4,33.2,69.0,0.0,20.6,226.3,Seedling,0,0.13,0.0
III,Tarlac,Concepcion,2024-05-18,21.5,33.6,69.7,0.0,21.5,225.7,Seedling,0,0.14,0.1
III,Tarlac,Concepcion,2024-05-19,22.1,33.1,69.6,0.0,21.5,231.1,Seedling,0,0.18,0.06
III,Tarlac,Concepcion,2024-05-20,22.6,32.6,66.7,0.0,20.9,238.5,Seedling,0,0.04,0.26
III,Tarlac,Concepcion,2024-05-21,22.4,31.8,74.6,11.1,22.0,225.2,Seedling,0,0.0,0.13
III,Tarlac,Concepcion,2024-05-22,23.8,33.1,70.1,0.0,22.5,227.7,Seedling,0,0.3,0.1
III,Tarlac,Concepcion,2024-05-23,24.9,32.3,66.9,0.0,22.0,232.5,Seedling,0,0.04,0.11
III,Tarlac,Concepcion,2024-05-24,25.6,32.0,71.9,9.0,23.2,228.7,Seedling,0,0.09,0.02
III,Tarlac,Concepcion,2024-05-25,25.1,33.9,68.9,0.0,23.3,235.5,Seedling,0,0.0,0.06
III,Tarlac,Concepcion,2024-05-26,23.5,33.2,73.1,3.0,23.0,220.3,Seedling,0,0.08,0.05
III,Tarlac,Concepcion,2024-05-27,22.8,32.7,69.9,0.0,21.7,230.0,Seedling,0,0.01,0.05
III,Tarlac,Concepcion,2024-05-28,22.6,32.0,68.4,0.0,21.0,227.1,Seedling,0,0.08,0.15
III,Tarlac,Concepcion,2024-05-29,22.3,31.8,71.8,8.0,21.4,231.2,Seedling,0,0.14,0.0
III,Tarlac,Concepcion,2024-05-30,21.8,32.9,68.7,0.0,21.1,232.2,Seedling,0,0.0,0.11
III,Tarlac,Concepcion,2024-05-31,21.8,32.1,72.4,18.2,21.4,194.7,Seedling,0,0.05,0.0
III,Tarlac,Concepcion,2024-06-01,22.0,33.4,68.3,0.0,21.4,232.4,Seedling,0,0.066,0.03
III,Tarlac,Concepcion,2024-06-02,20.5,33.6,74.2,8.0,21.9,223.8,Seedling,0,0.082,0.18
III,Tarlac,Concepcion,2024-06-03,21.1,34.9,72.3,0.7,22.5,222.5,Seedling,0,0.098,0.06
III,Tarlac,Concepcion,2024-06-04,21.6,34.2,75.1,0.0,22.9,221.3,Seedling,0,0.114,0.13
III,Tarlac,Concepcion,2024-06-05,20.9,34.6,71.6,0.0,22.1,231.9,Seedling,0,0.13,0.06
III,Tarlac,Concepcion,2024-06-06,21.9,35.5,69.0,0.0,22.5,234.9,Seedling,0,0.14,0.05
III,Tarlac,Concepcion,2024-06-07,22.1,35.7,69.3,0.0,22.8,219.8,Seedling,1,0.03,0.11
III,Tarlac,Concepcion,2024-06-08,22.5,34.6,73.2,6.5,23.2,214.7,Seedling,0,0.0,0.13
III,Tarlac,Concepcion,2024-06-09,22.8,33.9,65.5,0.0,21.5,220.8,Seedling,0,0.0,0.1
III,Tarlac,Concepcion,2024-06-10,22.9,34.4,68.1,0.6,22.3,221.2,Seedling,0,0.14,0.0
III,Tarlac,Concepcion,2024-06-11,22.9,34.9,70.5,0.0,23.0,223.0,Seedling,3,3.41,0.09
III,Tarlac,Concepcion,2024-06-12,22.1,35.3,75.8,2.4,23.9,215.1,Seedling,3,3.79,0.02
III,Tarlac,Concepcion,2024-06-13,22.3,34.3,76.1,9.3,23.5,224.4,Seedling,10,3.15,0.05
III,Tarlac,Concepcion,2024-06-14,23.1,35.6,78.8,8.3,25.1,213.8,Seedling,3,3.87,0.18
III,Tarlac,Concepcion,2024-06-15,24.6,33.8,75.7,0.0,24.3,223.8,Seedling,5,3.81,0.1
III,Tarlac,Concepcion,2024-06-16,23.8,34.5,78.0,1.8,24.8,216.7,Seedling,10,3.89,0.05
III,Tarlac,Concepcion,2024-06-17,22.7,33.7,71.1,0.0,22.4,222.0,Seedling,7,2.75,0.05
III,Tarlac,Concepcion,2024-06-18,22.7,34.7,73.6,12.1,23.4,220.3,Seedling,6,3.66,0.17
III,Tarlac,Concepcion,2024-06-19,23.8,35.7,69.8,0.0,23.7,223.6,Seedling,7,4.26,0.03
III,Tarlac,Concepcion,2024-06-20,24.0,34.7,70.4,0.0,23.4,222.7,Seedling,4,4.0,0.0
III,Tarlac,Concepcion,2024-06-21,24.6,33.2,75.3,8.9,24.0,209.5,Seedling,8,4.13,0.18
III,Tarlac,Concepcion,2024-06-22,23.9,33.5,73.1,0.0,23.3,205.2,Seedling,6,2.57,0.09
III,Tarlac,Concepcion,2024-06-23,23.7,34.7,72.8,0.0,23.8,216.0,Seedling,11,1.51,0.11
III,Tarlac,Concepcion,2024-06-24,23.4,35.0,74.13333333333333,0.0,24.1,207.3,Seedling,8,2.76,0.15
III,Tarlac,Concepcion,2024-06-25,24.1,34.63333333333333,75.46666666666667,9.2,24.7,212.1,Seedling,15,1.5,0.22
III,Tarlac,Concepcion,2024-06-26,22.8,34.266666666666666,76.8,0.0,22.7,217.6,Tillering,20,1.12,0.21
III,Tarlac,Concepcion,2024-06-27,23.1,33.9,76.4,0.0,22.9,226.2,Tillering,34,1.74,0.1
III,Tarlac,Concepcion,2024-06-28,23.116666666666667,33.53333333333333,75.4,0.0,22.5,215.8,Tillering,30,0.37,0.05
III,Tarlac,Concepcion,2024-06-29,23.133333333333333,33.166666666666664,80.0,1.7,23.8,215.9,Tillering,18,0.0,0.07
III,Tarlac,Concepcion,2024-06-30,23.15,32.8,72.5,0.0,22.8,223.0,Tillering,29,0.71,0.05
III,Tarlac,Concepcion,2024-07-01,23.166666666666668,34.0,76.5,14.6,23.4,200.5,Tillering,19,0.75,0.05
III,Tarlac,Concepcion,2024-07-02,23.183333333333334,35.0,70.5,0.0,22.6,219.0,Tillering,15,0.0,0.0
III,Tarlac,Concepcion,2024-07-03,23.2,34.1,72.1,0.0,23.1,223.7,Tillering,27,0.22,0.1
III,Tarlac,Concepcion,2024-07-04,23.9,34.5,76.9,3.5,24.6,221.3,Tillering,28,0.0,0.0
III,Tarlac,Concepcion,2024-07-05,23.0,31.7,77.5,60.2,22.8,178.5,Tillering,29,0.0,0.08
III,Tarlac,Concepcion,2024-07-06,25.2,33.5,70.2,0.0,23.4,225.6,Tillering,25,0.49,0.1
III,Tarlac,Concepcion,2024-07-07,25.0,35.0,71.5,0.0,24.3,229.4,Tillering,27,0.22,0.07
III,Tarlac,Concepcion,2024-07-08,24.7,34.3,75.8,12.6,24.7,193.5,Tillering,28,0.58,0.11
III,Tarlac,Concepcion,2024-07-09,23.9,32.8,76.6,5.0,23.7,218.4,Tillering,18,0.0,0.0
III,Tarlac,Concepcion,2024-07-10,23.3,34.0,75.4,0.0,23.7,229.4,Tillering,16,0.0,0.0
III,Tarlac,Concepcion,2024-07-11,23.8,32.6,78.9,0.0,24.0,227.1,Tillering,20,0.0,0.12
III,Tarlac,Concepcion,2024-07-12,22.8,33.5,82.6,0.0,24.7,216.9,Tillering,22,0.0,0.1
III,Tarlac,Concepcion,2024-07-13,23.1,32.9,83.3,0.0,24.7,196.6,Tillering,19,0.27,0.0
III,Tarlac,Concepcion,2024-07-14,23.0,35.2,76.7,0.0,24.4,223.7,Tillering,32,0.76,0.14
III,Tarlac,Concepcion,2024-07-15,23.3,34.2,79.2,0.0,24.6,219.79999999999998,Tillering,20,0.72,0.18
III,Tarlac,Concepcion,2024-07-16,23.9,35.4,80.8,0.0,25.8,215.89999999999998,Tillering,29,0.43,0.11
III,Tarlac,Concepcion,2024-07-17,23.3,34.4,77.6,0.0,24.4,212.0,Tillering,48,1.32,0.1
III,Tarlac,Concepcion,2024-07-18,23.7,35.8,75.4,0.0,24.8,208.1,Tillering,32,0.7,0.16
III,Tarlac,Concepcion,2024-07-19,21.4,34.5,80.9,23.7,24.1,204.2,Tillering,28,1.09,0.0
III,Tarlac,Concepcion,2024-07-20,22.1,33.0,83.5,27.4,24.2,187.9,Tillering,50,1.41,0.01
III,Tarlac,Concepcion,2024-07-21,23.2,34.6,76.1,0.0,24.1,223.5,Elongation,38,2.04,0.0
III,Tarlac,Concepcion,2024-07-22,22.9,34.6,79.7,7.5,24.7,205.3,Elongation,38,1.7,0.08
III,Tarlac,Concepcion,2024-07-23,22.4,36.4,80.0,1.1,25.4,210.7,Elongation,24,2.61,0.0
III,Tarlac,Concepcion,2024-07-24,21.5,32.8,78.4,34.8,22.8,180.1,Elongation,41,1.74,0.0
III,Tarlac,Concepcion,2024-07-25,22.7,32.4,74.1,0.0,22.4,214.2,Elongation,44,2.31,0.05
III,Tarlac,Concepcion,2024-07-26,22.7,33.9,74.8,0.0,23.3,216.4,Elongation,29,2.34,0.07
III,Tarlac,Concepcion,2024-07-27,22.6,34.2,76.6,3.0,23.7,217.3,Elongation,23,2.65,0.06
III,Tarlac,Concepcion,2024-07-28,23.0,33.2,80.5,20.2,24.2,200.1,Elongation,24,1.39,0.15
III,Tarlac,Concepcion,2024-07-29,23.7,35.3,76.9,0.0,24.9,208.6,Elongation,20,2.26,0.07
III,Tarlac,Concepcion,2024-07-30,24.3,35.3,78.8,0.0,25.6,217.1,Elongation,27,2.45,0.0
III,Tarlac,Concepcion,2024-07-31,24.3,33.2,77.9,5.2,24.3,217.9,Elongation,18,1.76,0.18
III,Tarlac,Concepcion,2024-08-01,23.9,33.1,70.8,0.8,22.7,211.7,Elongation,15,0.0,0.04
III,Tarlac,Concepcion,2024-08-02,22.3,34.1,72.64,0.0,22.5,209.3,Elongation,7,0.31,0.0
III,Tarlac,Concepcion,2024-08-03,23.0,32.9,74.48,1.9,23.5,213.3,Elongation,6,0.19,0.17
III,Tarlac,Concepcion,2024-08-04,22.7,32.6,76.32,26.7,23.6,184.5,Elongation,6,0.09,0.15
III,Tarlac,Concepcion,2024-08-05,22.7,34.0,78.16,40.5,24.8,178.4,Elongation,7,0.06,0.0
III,Tarlac,Concepcion,2024-08-06,21.9,34.2,80.0,26.9,24.0,203.5,Elongation,3,0.9,0.05
III,Tarlac,Concepcion,2024-08-07,22.2,34.1,77.0,0.0,23.5,209.45,Elongation,7,0.94,0.06
III,Tarlac,Concepcion,2024-08-08,22.9,32.7,79.4,22.3,23.7,215.4,Elongation,5,0.91,0.0
III,Tarlac,Concepcion,2024-08-09,24.3,32.5,72.3,0.0,22.9,221.35000000000002,Panicle,3,0.05,0.22
III,Tarlac,Concepcion,2024-08-10,23.7,30.7,77.0,8.9,22.6,227.3,Panicle,5,0.02,2.3
III,Tarlac,Concepcion,2024-08-11,24.4,30.8,72.3,0.0,22.1,225.9,Panicle,0,0.01,0.74
III,Tarlac,Concepcion,2024-08-12,24.7,31.8,70.1,0.7,22.3,214.9,Panicle,0,0.09,0.91
III,Tarlac,Concepcion,2024-08-13,24.1,32.6,78.1,11.1,24.0,214.1,Panicle,2,0.11,0.91
III,Tarlac,Concepcion,2024-08-14,23.3,33.0,75.3,27.9,23.2,180.2,Panicle,1,0.01,0.43
III,Tarlac,Concepcion,2024-08-15,24.5,34.0,72.7,0.0,23.8,223.8,Panicle,1,0.05,0.0
III,Tarlac,Concepcion,2024-08-16,24.3,33.7,73.4,0.0,23.7,208.5,Panicle,0,0.1,0.37
III,Tarlac,Concepcion,2024-08-17,23.0,34.4,69.3,0.0,22.6,214.2,Panicle,1,0.07,0.74
III,Tarlac,Concepcion,2024-08-18,23.5,34.1,74.6,0.0,23.7,211.7,Panicle,2,0.15,0.73
III,Tarlac,Concepcion,2024-08-19,22.5,33.1,73.4,0.0,22.5,221.5,Panicle,1,0.09,1.23
III,Tarlac,Concepcion,2024-08-20,23.1,34.1,79.8,21.1,24.6,205.8,Panicle,1,0.01,1.77
III,Tarlac,Concepcion,2024-08-21,23.2,34.4,79.7,11.5,24.7,221.2,Panicle,0,0.07,1.05
III,Tarlac,Concepcion,2024-08-22,23.8,34.8,72.5,0.0,23.8,214.0,Panicle,1,0.08,1.42
III,Tarlac,Concepcion,2024-08-23,23.6,34.4,78.0,3.0,24.6,205.0,Flowering,1,0.21,0.05
III,Tarlac,Concepcion,2024-08-24,23.6,36.2,72.9,0.0,24.5,221.2,Flowering,1,0.19,1.45
III,Tarlac,Concepcion,2024-08-25,22.2,33.8,82.2,28.1,24.4,215.64999999999998,Flowering,0,0.0,1.75
III,Tarlac,Concepcion,2024-08-26,22.5,35.1,79.4,0.0,24.7,210.1,Flowering,0,0.01,2.08
III,Tarlac,Concepcion,2024-08-27,23.1,35.8,84.3,3.8,26.3,204.55,Flowering,0,0.09,3.05
III,Tarlac,Concepcion,2024-08-28,23.2,34.7,81.4,14.1,25.2,199.0,Flowering,2,0.22,3.8
III,Tarlac,Concepcion,2024-08-29,23.9,34.1,74.2,0.0,23.8,209.7,Flowering,0,0.22,3.94
III,Tarlac,Concepcion,2024-08-30,22.3,35.5,77.4,3.9,24.4,219.5,Flowering,3,0.05,4.5
III,Tarlac,Concepcion,2024-08-31,23.1,35.9,72.3,0.0,24.0,217.1,Flowering,2,0.17,3.53
III,Tarlac,Concepcion,2024-09-01,24.1,35.8,73.8,0.0,24.7,220.9,Flowering,2,0.05,4.62
III,Tarlac,Concepcion,2024-09-02,23.6,32.8,79.5,18.9,24.1,201.3,Flowering,6,0.05,3.89
III,Tarlac,Concepcion,2024-09-03,23.4,32.4,81.1,8.4,24.1,198.7,Flowering,5,0.25,3.62
III,Tarlac,Concepcion,2024-09-04,23.1,33.4,81.6,0.0,24.6,215.4,Flowering,3,0.06,3.37
III,Tarlac,Concepcion,2024-09-05,23.1,33.1,85.3,3.5,25.2,205.9,Flowering,6,0.03,3.12
III,Tarlac,Concepcion,2024-09-06,22.6,35.0,78.1,0.0,24.4,234.6,Flowering,8,0.0,2.87
III,Tarlac,Concepcion,2024-09-07,22.6,35.4,76.2,0.0,24.2,210.3,Ripening,1,0.0,2.62
III,Tarlac,Concepcion,2024-09-08,22.0,32.8,81.0,38.0,23.6,189.4,Ripening,5,0.12,2.37
III,Tarlac,Concepcion,2024-09-09,22.3,33.8,84.0,11.5,24.8,201.5,Ripening,6,0.0,2.12
III,Tarlac,Concepcion,2024-09-10,22.8,34.8,82.22,1.4,25.5,209.3,Ripening,5,0.09,1.6
III,Tarlac,Concepcion,2024-09-11,21.1,32.2,80.44,72.5,22.5,165.1,Ripening,5,0.0,1.45
III,Tarlac,Concepcion,2024-09-12,22.4,34.2,78.66,0.0,23.3,221.7,Ripening,5,0.12,0.61
III,Tarlac,Concepcion,2024-09-13,22.8,37.1,76.88,0.0,24.9,219.3,Ripening,4,0.22,1.66
III,Tarlac,Concepcion,2024-09-14,22.3,36.7,75.1,0.0,24.5,210.7,Ripening,4,0.11,2.94
III,Tarlac,Concepcion,2024-09-15,23.0,35.9,80.4,4.7,25.5,216.4,Ripening,4,0.09,1.6
III,Tarlac,Concepcion,2024-09-16,22.2,36.4,78.9,6.6,25.1,214.3,Ripening,4,0.15,2.47
III,Tarlac,Concepcion,2024-09-17,22.4,37.0,78.2,0.0,25.3,223.1,Ripening,6,0.16,4.89
III,Tarlac,Concepcion,2024-09-18,22.9,35.6,81.6,15.6,25.6,200.1,Ripening,3,0.18,4.76
III,Tarlac,Concepcion,2024-09-19,22.8,34.8,83.6,2.8,25.5,206.4,Ripening,5,0.14,4.57
III,Tarlac,Concepcion,2024-09-20,23.2,32.4,81.2,144.4,24.0,164.3,Ripening,7,0.22,4.03
III,Tarlac,Concepcion,2024-09-21,23.1,34.5,81.0,10.8,25.0,202.4,Ripening,8,0.11,4.17
III,Tarlac,Concepcion,2024-09-22,23.0,34.4,76.0,0.0,23.9,213.6,Ripening,5,0.0,5.18
III,Tarlac,Concepcion,2024-09-23,23.4,33.1,77.3,0.0,23.7,214.4,Ripening,5,0.07,4.64
III,Tarlac,Concepcion,2024-09-24,23.1,31.8,84.9,6.8,24.4,205.0,Ripening,4,0.09,3.18
III,Tarlac,Concepcion,2024-09-25,22.6,33.9,86.8,6.2,25.6,216.3,Ripening,3,0.1,3.1233333333333335
III,Tarlac,Concepcion,2024-09-26,23.1,33.6,77.8,6.233333333333333,23.9,211.8,Ripening,5,0.0,3.0666666666666664
III,Tarlac,Concepcion,2024-09-27,23.4,34.0,75.8,6.266666666666667,23.9,204.8,Ripening,10,0.06,3.01
III,Tarlac,Concepcion,2024-09-28,23.2,33.5,78.5,6.3,24.0,214.1,Ripening,10,0.15,2.65
III,Tarlac,Concepcion,2024-09-29,22.5,32.0,74.9,48.0,22.2,168.6,Ripening,3,0.07,1.5
III,Tarlac,Concepcion,2024-09-30,23.9,33.0,78.4,20.7,24.1,197.5,Ripening,4,0.06,0.0
III,Tarlac,Concepcion,2024-10-01,23.4,34.1,77.9,6.7,24.3,221.4,Ripening,0,0.13,0.08
III,Tarlac,Concepcion,2024-10-02,25.0,34.2,74.0,0.0,24.4,224.7,Ripening,0,0.0,0.05
III,Tarlac,Concepcion,2024-10-03,24.8,32.0,76.6,1.4,23.7,222.0,Ripening,0,0.15,0.06
III,Tarlac,Concepcion,2024-10-04,24.7,32.5,77.9,18.1,24.2,199.8,Ripening,0,0.0,0.15
III,Tarlac,Concepcion,2024-10-05,24.4,33.7,76.4,0.0,24.3,220.1,Ripening,1,0.09,0.06
III,Tarlac,Concepcion,2024-10-06,23.5,32.8,78.3,3.2,23.8,215.0,Ripening,0,0.17,0.2
III,Tarlac,Concepcion,2024-10-07,22.8,31.2,75.9,0.0,22.2,212.5,Ripening,0,0.16,0.01
III,Tarlac,Concepcion,2024-10-08,24.0,32.9,78.9,10.9,24.2,211.4,Ripening,0,0.05,0.08
III,Tarlac,Concepcion,2024-10-09,24.0,35.2,78.55000000000001,2.5,25.2,212.1,Ripening,0,0.15,0.13
III,Tarlac,Concepcion,2024-10-10,23.8,33.8,78.2,0.0,23.6,218.8,Ripening,0,0.16,0.02
III,Tarlac,Concepcion,2024-10-11,24.1,34.9,77.85,5.8,25.5,210.5,Ripening,0,0.05,0.04
III,Tarlac,Concepcion,2024-10-12,24.6,35.2,77.5,0.0,25.0,208.4,Ripening,0,0.08,0.17
III,Tarlac,Concepcion,2024-10-13,24.3,32.1,77.15,18.1,23.7,198.0,Ripening,0,0.07,0.12
III,Tarlac,Concepcion,2024-10-14,24.0,31.4,76.8,5.4,22.7,204.7,Ripening,0,0.08,0.2
III,Tarlac,Concepcion,2024-10-15,23.7,31.0,76.7,22.9,22.6,191.0,Ripening,0,0.06,0.0
III,Tarlac,Concepcion,2024-10-16,23.4,32.9,75.4,10.0,23.2,210.9,Ripening,0,0.09,0.15
III,Tarlac,Concepcion,2024-10-17,22.5,33.7,75.7,0.0,23.2,231.8,Ripening,0,0.02,0.01
III,Tarlac,Concepcion,2024-10-18,21.8,33.6,77.4,10.2,23.2,204.5,Ripening,0,0.11,0.0
III,Tarlac,Concepcion,2024-10-19,22.3,34.4,77.2,0.0,23.8,215.8,Ripening,0,0.18,0.07
III,Tarlac,Concepcion,2024-10-20,21.8,35.3,80.2,0.0,24.6,232.5,Ripening,0,0.18,0.13
III,Tarlac,Concepcion,2024-10-21,23.6,36.3,83.6,10.0,26.7,211.7,Ripening,0,0.14,0.0
III,Tarlac,Concepcion,2024-10-22,23.2,34.9,81.3,15.4,25.3,196.6,Ripening,0,0.07,0.18
III,Tarlac,Concepcion,2024-10-23,23.0,38.6,76.1,0.0,26.0,218.3,Ripening,1,0.05,0.12
III,Tarlac,Concepcion,2024-10-24,23.5,35.8,78.2,0.0,25.3,222.6,Ripening,1,0.0,0.0
III,Tarlac,Concepcion,2024-10-25,22.5,35.9,80.8,7.8,25.4,219.0,Ripening,0,0.24,0.0
III,Tarlac,Concepcion,2024-10-26,21.1,35.3,78.8,10.4,24.0,227.6,Ripening,1,0.03,0.0
III,Tarlac,Concepcion,2024-10-27,21.6,35.0,74.9,0.0,23.3,215.8,Ripening,0,0.17,0.14
III,Tarlac,Concepcion,2024-10-28,21.9,34.9,76.7,4.4,23.7,231.6,Ripening,0,0.2,0.18
III,Tarlac,Concepcion,2024-10-29,23.2,32.4,81.4,4.9,24.1,217.5,Ripening,0,0.08,0.11
III,Tarlac,Concepcion,2024-10-30,23.4,33.0,78.5,0.0,23.9,227.0,Ripening,0,0.07,0.2
III,Tarlac,Concepcion,2024-10-31,23.0,33.3,81.2,0.0,24.4,234.2,Ripening,1,0.16,0.03
III,Tarlac,Concepcion,2024-11-01,23.0,33.4,75.0,0.0,23.2,220.3,Ripening,0,0.07,0.26
III,Tarlac,Concepcion,2024-11-02,23.2,34.4,72.8,0.0,23.4,212.6,Ripening,0,0.06,0.04
III,Tarlac,Concepcion,2024-11-03,23.7,34.6,70.8,0.0,23.3,221.0,Ripening,0,0.14,0.0
III,Tarlac,Concepcion,2024-11-04,24.2,34.1,77.2,7.7,24.6,211.2,Ripening,0,0.05,0.02
III,Tarlac,Concepcion,2024-11-05,25.5,34.2,72.6,0.0,24.4,228.3,Seedling,0,0.07,0.04
III,Tarlac,Concepcion,2024-11-06,24.6,33.4,77.4,2.6,24.5,233.5,Seedling,0,0.0,0.14
III,Tarlac,Concepcion,2024-11-07,24.9,33.8,76.75,0.0,24.1,218.6,Seedling,0,0.15,0.0
III,Tarlac,Concepcion,2024-11-08,23.6,32.7,76.1,0.0,23.4,234.4,Seedling,0,0.0,0.12
III,Tarlac,Concepcion,2024-11-09,22.5,32.7,72.6,0.0,22.1,223.3,Seedling,0,0.18,0.06
III,Tarlac,Concepcion,2024-11-10,23.3,32.9,76.7,0.0,23.4,220.7,Seedling,0,0.0,0.08
III,Tarlac,Concepcion,2024-11-11,22.4,32.2,76.4,0.0,22.6,235.2,Seedling,0,0.05,0.2
III,Tarlac,Concepcion,2024-11-12,22.2,33.4,76.7,0.0,23.1,218.1,Seedling,0,0.13,0.0
III,Tarlac,Concepcion,2024-11-13,21.8,32.0,77.5,14.9,22.4,210.8,Seedling,0,0.15,0.04
III,Tarlac,Concepcion,2024-11-14,22.7,33.7,73.0,0.0,22.8,211.6,Seedling,0,0.08,0.05
III,Tarlac,Concepcion,2024-11-15,23.1,31.1,75.5,0.0,22.2,225.8,Seedling,0,0.05,0.18
III,Tarlac,Concepcion,2024-11-16,22.5,30.8,75.2,2.7,21.7,225.5,Seedling,0,0.1,0.02
III,Tarlac,Concepcion,2024-11-17,21.7,30.6,71.4,0.0,20.4,218.1,Seedling,0,0.13,0.03
III,Tarlac,Concepcion,2024-11-18,22.0,31.2,71.0,0.0,20.8,224.8,Seedling,0,0.07,0.13
III,Tarlac,Concepcion,2024-11-19,22.1,33.3,69.4,0.0,21.6,216.3,Seedling,0,0.0,0.01
III,Tarlac,Concepcion,2024-11-20,22.2,34.6,68.7,0.0,22.1,221.3,Seedling,0,0.03,0.0
III,Tarlac,Concepcion,2024-11-21,21.2,34.1,67.9,0.0,21.2,219.2,Seedling,0,0.02,0.08
III,Tarlac,Concepcion,2024-11-22,22.8,33.5,68.0,0.0,21.8,226.4,Seedling,0,0.15,0.15
III,Tarlac,Concepcion,2024-11-23,22.6,33.5,69.2,0.0,21.9,213.6,Seedling,0,0.0,0.11
III,Tarlac,Concepcion,2024-11-24,23.1,34.3,68.2,0.0,22.3,223.2,Seedling,0,0.08,0.09333333333333334
III,Tarlac,Concepcion,2024-11-25,23.5,33.8,76.1,3.0,23.9,223.5,Seedling,0,0.0,0.07666666666666666
III,Tarlac,Concepcion,2024-11-26,24.1,34.8,73.1,0.0,24.1,211.4,Seedling,0,0.24,0.06
III,Tarlac,Concepcion,2024-11-27,23.9,32.6,72.0,0.0,22.6,236.1,Seedling,0,0.0,0.1
III,Tarlac,Concepcion,2024-11-28,23.2,34.3,70.0,0.0,22.8,223.7,Seedling,0,0.17,0.22
III,Tarlac,Concepcion,2024-11-29,23.1,34.7,69.5,0.0,22.8,233.4,Seedling,0,0.03,0.03
III,Tarlac,Concepcion,2024-11-30,23.0,33.8,77.6,12.9,23.9,197.6,Seedling,0,0.13,0.08
III,Tarlac,Concepcion,2024-12-01,23.8,33.3,69.6,0.0,22.5,220.3,Seedling,0,0.21,0.22
III,Tarlac,Concepcion,2024-12-02,23.6,33.3,69.1,0.0,22.3,212.6,Seedling,0,0.15,0.11
III,Tarlac,Concepcion,2024-12-03,23.5,32.4,67.5,0.0,21.4,231.4,Seedling,0,0.08,0.1
III,Tarlac,Concepcion,2024-12-04,23.3,33.6,70.6,0.0,22.6,234.7,Seedling,0,0.09,0.19
III,Tarlac,Concepcion,2024-12-05,22.2,33.3,70.9,0.0,21.9,233.1,Seedling,0,0.15,0.18
III,Tarlac,Concepcion,2024-12-06,22.8,33.3,73.1,0.0,22.7,242.4,Seedling,0,0.08,0.12
III,Tarlac,Concepcion,2024-12-07,23.4,31.7,71.0,0.0,21.7,233.3,Seedling,0,0.12,0.07
III,Tarlac,Concepcion,2024-12-08,23.0,32.7,72.2,0.0,22.3,232.4,Seedling,0,0.08,0.23
III,Tarlac,Concepcion,2024-12-09,22.6,31.5,73.7,0.0,21.8,230.9,Seedling,0,0.05,0.15
III,Tarlac,Concepcion,2024-12-10,23.1,31.3,74.2,0.0,22.0,219.7,Seedling,0,0.09,0.17
III,Tarlac,Concepcion,2024-12-11,23.1,31.6,76.6,6.7,22.7,215.0,Seedling,1,0.51,0.14
III,Tarlac,Concepcion,2024-12-12,24.0,32.5,69.6,0.0,22.2,233.3,Seedling,3,0.31,0.06
III,Tarlac,Concepcion,2024-12-13,23.9,32.6,70.4,0.0,22.3,237.2,Seedling,1,0.42,0.04
III,Tarlac,Concepcion,2024-12-14,22.5,31.9,76.0,12.7,22.4,230.0,Seedling,0,0.03,0.08
III,Tarlac,Concepcion,2024-12-15,22.1,34.4,73.4,0.0,22.9,230.5,Seedling,2,0.25,0.07
III,Tarlac,Concepcion,2024-12-16,22.2,33.3,72.7,0.0,22.3,246.3,Seedling,0,0.0,0.1
III,Tarlac,Concepcion,2024-12-17,20.4,33.3,74.9,22.0,21.8,209.7,Seedling,1,0.34,0.03
III,Tarlac,Concepcion,2024-12-18,21.2,33.8,72.1,0.0,21.9,245.9,Seedling,1,1.72,0.07
III,Tarlac,Concepcion,2024-12-19,22.1,34.5,71.6,0.0,22.6,233.2,Seedling,0,1.41,0.0
III,Tarlac,Concepcion,2024-12-20,21.5,31.9,74.7,2.7,21.6,235.4,Seedling,2,0.57,0.15
III,Tarlac,Concepcion,2024-12-21,21.9,32.5,70.1,0.0,21.2,229.7,Seedling,1,0.0,0.0
III,Tarlac,Concepcion,2024-12-22,22.5,32.8,70.4,0.0,21.7,241.2,Seedling,1,1.46,0.15
III,Tarlac,Concepcion,2024-12-23,22.4,32.5,71.9,12.0,21.8,228.1,Seedling,1,1.04,0.12
III,Tarlac,Concepcion,2024-12-24,22.6,33.7,68.4,0.0,21.8,230.0,Seedling,0,0.54,0.0
III,Tarlac,Concepcion,2024-12-25,22.2,32.2,68.4,0.0,20.9,229.3,Seedling,1,0.57,0.07
III,Tarlac,Concepcion,2024-12-26,22.9,31.2,71.8,0.0,21.4,226.5,Seedling,1,1.14,0.12
III,Tarlac,Concepcion,2024-12-27,22.8,32.0,70.5,0.0,21.5,235.1,Tillering,2,0.27,0.0
III,Tarlac,Concepcion,2024-12-28,22.7,34.2,70.2,0.0,22.5,224.6,Tillering,3,0.03,0.16
III,Tarlac,Concepcion,2024-12-29,21.6,34.7,73.4,0.0,22.8,242.7,Tillering,4,1.02,0.08
III,Tarlac,Concepcion,2024-12-30,22.2,34.0,71.1,0.0,22.3,237.3,Tillering,3,1.28,0.04
III,Tarlac,Concepcion,2024-12-31,22.4,33.1,72.1,0.0,22.2,229.2,Tillering,5,0.0,0.15
III,Bulacan,San Miguel,2019-01-01,23.3,32.1,73.4,0.0,22.4,218.3,Tillering,5,0.01,0.14
III,Bulacan,San Miguel,2019-01-02,24.0,32.1,74.2,0.0,22.9,228.2,Tillering,2,0.54,0.0
III,Bulacan,San Miguel,2019-01-03,22.8,32.0,79.4,2.5,23.3,214.6,Tillering,3,0.86,0.08
III,Bulacan,San Miguel,2019-01-04,22.5,31.8,70.5,0.0,21.2,216.6,Tillering,1,0.07,0.16
III,Bulacan,San Miguel,2019-01-05,22.1,32.4,76.1,4.3,22.5,213.4,Tillering,2,0.18,0.04
III,Bulacan,San Miguel,2019-01-06,23.0,32.2,69.8,0.0,21.6,227.6,Tillering,1,0.0,0.0
III,Bulacan,San Miguel,2019-01-07,21.5,32.4,68.5,0.0,20.6,214.0,Tillering,0,0.43,0.04
III,Bulacan,San Miguel,2019-01-08,22.1,32.2,70.4,0.0,21.2,214.5,Tillering,3,0.06,0.0
III,Bulacan,San Miguel,2019-01-09,23.1,32.5,72.5,0.0,22.3,213.3,Tillering,3,0.0,0.07
III,Bulacan,San Miguel,2019-01-10,22.5,31.1,74.0,0.0,21.6,217.6,Elongation,2,1.26,0.2
III,Bulacan,San Miguel,2019-01-11,21.9,31.2,72.2,0.0,21.0,222.1,Elongation,3,0.39,0.17
III,Bulacan,San Miguel,2019-01-12,21.1,31.5,69.2,0.0,20.1,233.6,Elongation,1,0.37,0.16
III,Bulacan,San Miguel,2019-01-13,23.0,32.1,70.5,0.0,21.6,213.4,Elongation,2,0.33,0.07
III,Bulacan,San Miguel,2019-01-14,23.3,32.7,68.2,0.0,21.6,210.7,Elongation,0,0.59,0.13
III,Bulacan,San Miguel,2019-01-15,22.4,32.1,67.4,0.0,20.7,240.9,Elongation,2,0.75,0.16
III,Bulacan,San Miguel,2019-01-16,22.0,31.9,67.3,0.0,20.4,228.2,Elongation,1,1.17,0.11
III,Bulacan,San Miguel,2019-01-17,22.9,33.4,67.5,0.0,21.6,210.0,Elongation,2,1.02,0.22
III,Bulacan,San Miguel,2019-01-18,23.4,32.0,68.5,0.0,21.4,232.6,Elongation,0,1.43,0.08
III,Bulacan,San Miguel,2019-01-19,22.9,31.9,74.2,8.7,22.2,216.7,Elongation,1,0.06,0.0
III,Bulacan,San Miguel,2019-01-20,23.8,31.3,71.9,0.0,21.9,215.5,Elongation,2,1.6,0.03
III,Bulacan,San Miguel,2019-01-21,23.5,30.2,70.5,0.0,21.0,227.1,Elongation,3,0.04,0.31
III,Bulacan,San Miguel,2019-01-22,23.6,31.5,69.7,0.0,21.5,208.7,Elongation,1,0.97,0.1
III,Bulacan,San Miguel,2019-01-23,23.4,30.8,71.0,0.0,21.3,233.6,Elongation,2,0.85,0.1
III,Bulacan,San Miguel,2019-01-24,23.1,30.0,76.4,12.8,21.8,208.0,Elongation,5,1.14,0.12
III,Bulacan,San Miguel,2019-01-25,23.5,30.9,70.7,0.0,21.3,213.3,Elongation,0,0.2,0.13
III,Bulacan,San Miguel,2019-01-26,22.4,30.3,71.9,0.0,20.7,232.4,Elongation,3,0.04,0.03
III,Bulacan,San Miguel,2019-01-27,22.9,30.7,72.5,0.0,21.3,221.2,Elongation,1,1.16,0.07
III,Bulacan,San Miguel,2019-01-28,23.1,31.5,70.9,0.0,21.275,242.5,Elongation,0,0.86,0.14
III,Bulacan,San Miguel,2019-01-29,22.0,29.9,76.8,10.3,21.25,217.9,Elongation,3,0.44,0.05
III,Bulacan,San Miguel,2019-01-30,22.2,30.0,71.2,0.0,21.225,224.6,Panicle,2,0.17,0.3
III,Bulacan,San Miguel,2019-01-31,23.3,30.6,71.0,0.0,21.2,217.6,Panicle,6,0.0,1.41
III,Bulacan,San Miguel,2019-02-01,23.5,31.7,73.7,0.0,22.3,216.1,Panicle,3,0.0,0.2
III,Bulacan,San Miguel,2019-02-02,23.1,31.3,70.2,0.0,21.2,215.2,Panicle,0,0.15,0.12
III,Bulacan,San Miguel,2019-02-03,22.0,31.4,69.3,0.0,20.6,212.4,Panicle,1,0.0,1.19
III,Bulacan,San Miguel,2019-02-04,21.4,30.0,75.1,1.1,20.7,234.8,Panicle,5,0.03,1.36
III,Bulacan,San Miguel,2019-02-05,22.0,29.5,71.4,0.0,20.0,223.8,Panicle,8,0.06,0.57
III,Bulacan,San Miguel,2019-02-06,22.5,30.5,72.5,0.0,21.0,209.8,Panicle,2,0.01,0.49666666666666665
III,Bulacan,San Miguel,2019-02-07,22.2,30.7,71.0,0.0,20.6,226.6,Panicle,1,0.12,0.42333333333333334
III,Bulacan,San Miguel,2019-02-08,22.2,31.6,74.5,14.8,21.8,211.1,Panicle,2,0.25,0.35
III,Bulacan,San Miguel,2019-02-09,22.9,32.4,72.3,0.0,22.1,230.7,Panicle,2,0.2,0.27666666666666667
III,Bulacan,San Miguel,2019-02-10,23.2,31.1,67.6,0.0,20.7,221.6,Panicle,2,0.0,0.20333333333333337
III,Bulacan,San Miguel,2019-02-11,23.4,30.1,70.6,1.2,20.9,221.4,Panicle,3,0.0,0.13
III,Bulacan,San Miguel,2019-02-12,23.9,29.9,68.8,0.0,20.7,212.7,Panicle,0,0.03,1.47
III,Bulacan,San Miguel,2019-02-13,23.6,31.1,73.3,0.0,22.0,219.8,Panicle,1,0.09,1.28
III,Bulacan,San Miguel,2019-02-14,23.9,30.7,70.2,0.0,21.3,226.3,Flowering,0,0.0,0.0
III,Bulacan,San Miguel,2019-02-15,23.2,30.4,70.2,0.0,20.8,214.5,Flowering,2,0.02,1.4
III,Bulacan,San Miguel,2019-02-16,23.3,30.466666666666665,73.2,0.0,22.2,227.5,Flowering,3,0.17,0.82
III,Bulacan,San Miguel,2019-02-17,22.9,30.533333333333335,75.0,0.0,22.0,232.2,Flowering,3,0.1,0.39
III,Bulacan,San Miguel,2019-02-18,23.5,30.6,75.0,0.0,22.0,228.3,Flowering,2,0.03,0.71
III,Bulacan,San Miguel,2019-02-19,22.8,28.1,78.6,7.9,21.2,218.3,Flowering,3,0.14,0.04
III,Bulacan,San Miguel,2019-02-20,22.2,29.5,74.3,0.0,20.7,214.5,Flowering,3,0.21,1.51
III,Bulacan,San Miguel,2019-02-21,23.2,29.8,72.8,0.0,21.1,216.3,Flowering,5,0.04,0.0
III,Bulacan,San Miguel,2019-02-22,23.7,30.3,71.4,0.0,21.3,221.6,Flowering,6,0.21,0.79
III,Bulacan,San Miguel,2019-02-23,22.8,30.8,69.6,0.0,20.7,226.9,Flowering,2,0.07,0.0
III,Bulacan,San Miguel,2019-02-24,22.8,30.0,71.1,0.0,20.6,221.9,Flowering,3,0.07,0.0
III,Bulacan,San Miguel,2019-02-25,22.5,30.9,71.4,0.0,21.1,221.7,Flowering,4,0.05,0.21
III,Bulacan,San Miguel,2019-02-26,22.2,30.8,74.3,0.0,21.6,211.8,Flowering,4,0.05,0.0
III,Bulacan,San Miguel,2019-02-27,21.9,32.2,70.6,0.0,21.2,220.4,Flowering,5,0.07,0.34
III,Bulacan,San Miguel,2019-02-28,22.2,32.8,73.5,0.0,22.2,218.2,Flowering,6,0.0,0.0
III,Bulacan,San Miguel,2019-03-01,23.2,32.5,76.0,2.0,23.0,207.8,Ripening,4,0.1,0.88
III,Bulacan,San Miguel,2019-03-02,23.0,32.4,73.2,0.0,22.3,224.7,Ripening,1,0.0,1.74
III,Bulacan,San Miguel,2019-03-03,23.2,32.8,70.2,0.0,22.0,233.6,Ripening,2,0.0,1.06
III,Bulacan,San Miguel,2019-03-04,23.0,34.4,72.6,0.0,23.2,227.4,Ripening,0,0.0,2.22
III,Bulacan,San Miguel,2019-03-05,23.2,35.5,73.5,0.0,24.0,226.0,Ripening,2,0.02,1.67
III,Bulacan,San Miguel,2019-03-06,23.6,34.5,71.7,0.0,23.0,224.2,Ripening,1,0.03,4.39
III,Bulacan,San Miguel,2019-03-07,23.5,34.3,69.89999999999999,0.0,23.0,226.8,Ripening,1,0.0,4.72
III,Bulacan,San Miguel,2019-03-08,22.4,34.6,68.1,0.0,22.1,229.0,Ripening,1,0.0,7.67
III,Bulacan,San Miguel,2019-03-09,22.9,34.9,66.3,0.0,22.2,238.5,Ripening,2,0.09,8.07
III,Bulacan,San Miguel,2019-03-10,22.6,35.4,68.6,0.0,22.7,209.7,Ripening,1,0.02,10.8
III,Bulacan,San Miguel,2019-03-11,23.5,33.8,70.7,0.0,22.8,215.4,Ripening,0,0.01,9.72
III,Bulacan,San Miguel,2019-03-12,23.2,33.0,72.9,0.0,22.7,217.2,Ripening,1,0.01,10.75
III,Bulacan,San Miguel,2019-03-13,23.6,31.8,71.7,0.0,22.0,212.4,Ripening,1,0.05,10.11
III,Bulacan,San Miguel,2019-03-14,22.9,30.3,75.3,0.0,21.7,223.1,Ripening,1,0.0,9.37
III,Bulacan,San Miguel,2019-03-15,22.1,30.1,76.8,0.0,21.5,234.2,Ripening,0,0.11,9.17
III,Bulacan,San Miguel,2019-03-16,21.7,29.3,78.7,24.2,21.2,201.3,Ripening,0,0.07,8.5
III,Bulacan,San Miguel,2019-03-17,22.0,32.0,73.0,0.0,21.6,230.7,Ripening,1,0.04,8.52
III,Bulacan,San Miguel,2019-03-18,22.6,34.0,72.6,0.0,22.8,226.6,Ripening,1,0.19,8.09
III,Bulacan,San Miguel,2019-03-19,24.0,31.8,69.7,0.0,21.8,229.0,Ripening,0,0.12,6.95
III,Bulacan,San Miguel,2019-03-20,24.5,31.8,68.2,0.0,21.8,211.8,Ripening,0,0.15,6.55
III,Bulacan,San Miguel,2019-03-21,24.1,29.0,70.2,0.0,20.6,237.0,Ripening,1,0.14,4.54
III,Bulacan,San Miguel,2019-03-22,24.0,29.7,72.6,0.0,21.4,236.3,Ripening,0,0.09,2.28
III,Bulacan,San Miguel,2019-03-23,23.8,29.7,76.5,8.7,22.0,212.9,Ripening,2,0.09,0.85
III,Bulacan,San Miguel,2019-03-24,24.3,30.1,70.2,0.0,21.2,224.1,Ripening,2,0.24,0.0
III,Bulacan,San Miguel,2019-03-25,23.8,31.3,71.1,0.0,21.8,234.4,Ripening,0,0.12,1.19
III,Bulacan,San Miguel,2019-03-26,23.6,31.0,70.5,0.0,21.4,219.5,Ripening,0,0.07,0.1
III,Bulacan,San Miguel,2019-03-27,22.6,33.0,75.6,0.0,22.9,221.8,Ripening,0,0.2,0.0
III,Bulacan,San Miguel,2019-03-28,22.6,34.6,76.1,0.0,23.8,221.5,Ripening,0,0.13,0.05
III,Bulacan,San Miguel,2019-03-29,23.9,32.4,71.1,0.0,22.4,232.2,Ripening,0,0.09,0.0
III,Bulacan,San Miguel,2019-03-30,22.9,30.5,71.6,0.0,21.0,237.2,Ripening,0,0.11,0.13
III,Bulacan,San Miguel,2019-03-31,22.9,30.7,69.5,0.0,20.7,233.5,Ripening,1,0.05,0.14
III,Bulacan,San Miguel,2019-04-01,22.9,29.8,71.0,0.0,20.6,224.9,Ripening,0,0.2,0.02
III,Bulacan,San Miguel,2019-04-02,23.3,32.1,72.9,0.0,22.3,229.7,Ripening,0,0.0,0.09
III,Bulacan,San Miguel,2019-04-03,23.7,32.5,69.2,0.0,21.9,224.3,Ripening,1,0.0,0.06
III,Bulacan,San Miguel,2019-04-04,22.7,30.8,77.1,3.1,22.2,211.4,Ripening,0,0.0,0.12
III,Bulacan,San Miguel,2019-04-05,23.3,29.1,74.7,0.0,21.1,223.0,Ripening,0,0.11,0.0
III,Bulacan,San Miguel,2019-04-06,22.4,29.0,70.1,0.0,19.7,208.2,Ripening,0,0.15,0.05
III,Bulacan,San Miguel,2019-04-07,22.3,30.7,67.5,0.0,20.0,223.0,Ripening,0,0.02,0.03
III,Bulacan,San Miguel,2019-04-08,23.1,31.1,68.4,0.0,20.8,212.1,Ripening,0,0.03,0.0
III,Bulacan,San Miguel,2019-04-09,23.7,29.8,76.1,6.4,22.0,226.5,Ripening,0,0.07,0.05
III,Bulacan,San Miguel,2019-04-10,23.3,30.6,71.8,0.0,21.3,232.2,Ripening,0,0.06,0.07
III,Bulacan,San Miguel,2019-04-11,23.2,32.1,68.4,0.0,21.3,228.0,Ripening,0,0.0,0.078
III,Bulacan,San Miguel,2019-04-12,22.7,30.2,70.1,0.0,20.5,222.5,Ripening,1,0.04,0.08600000000000001
III,Bulacan,San Miguel,2019-04-13,22.6,31.4,70.7,0.0,21.1,223.3,Ripening,0,0.19,0.094
III,Bulacan,San Miguel,2019-04-14,23.7,30.8,72.9,0.0,21.8,216.3,Ripening,0,0.01,0.10200000000000001
III,Bulacan,San Miguel,2019-04-15,24.2,31.1,74.7,0.5,22.6,214.3,Ripening,0,0.03,0.11
III,Bulacan,San Miguel,2019-04-16,23.7,31.7,74.8,0.0,22.7,220.1,Ripening,0,0.18,0.11
III,Bulacan,San Miguel,2019-04-17,23.3,31.2,76.2,0.0,22.5,222.7,Ripening,0,0.0,0.09
III,Bulacan,San Miguel,2019-04-18,23.9,30.8,77.7,0.0,22.9,228.9,Ripening,0,0.04,0.0
III,Bulacan,San Miguel,2019-04-19,24.1,30.8,74.2,0.0,22.3,216.9,Ripening,0,0.04666666666666667,0.03
III,Bulacan,San Miguel,2019-04-20,24.1,30.9,76.3,0.0,22.8,215.2,Ripening,0,0.05333333333333333,0.1
III,Bulacan,San Miguel,2019-04-21,23.7,32.1,73.2,0.0,22.5,217.6,Ripening,0,0.06,0.0
III,Bulacan,San Miguel,2019-04-22,23.4,32.8,75.4,0.0,23.2,210.2,Ripening,0,0.21,0.11
III,Bulacan,San Miguel,2019-04-23,23.1,33.7,83.0,1.4,25.0,213.9,Ripening,0,0.1,0.02
III,Bulacan,San Miguel,2019-04-24,23.0,32.6,84.2,2.0,24.6,204.5,Ripening,0,0.07,0.06
III,Bulacan,San Miguel,2019-04-25,24.0,33.2,74.9,0.0,23.6,219.7,Ripening,0,0.18,0.11
III,Bulacan,San Miguel,2019-04-26,23.3,33.1,77.0,8.0,23.6,205.8,Ripening,0,0.0,0.0
III,Bulacan,San Miguel,2019-04-27,23.2,31.4,70.6,0.0,21.4,211.0,Ripening,1,0.13,0.16
III,Bulacan,San Miguel,2019-04-28,22.4,32.8,70.9,0.0,21.8,223.8,Ripening,0,0.28,0.08
III,Bulacan,San Miguel,2019-04-29,21.7,33.7,72.4,0.0,22.2,233.6,Seedling,0,0.17,0.0
III,Bulacan,San Miguel,2019-04-30,22.9,34.1,73.4,0.0,23.4,197.5,Seedling,2,0.0,0.14
III,Bulacan,San Miguel,2019-05-01,22.0,32.5,74.4,0.0,22.1,204.7,Seedling,0,0.07,0.0
III,Bulacan,San Miguel,2019-05-02,22.3,31.1,75.4,0.0,21.8,214.8,Seedling,0,0.08,0.07
III,Bulacan,San Miguel,2019-05-03,22.8,28.8,79.7,18.0,21.7,198.0,Seedling,0,0.0,0.07
III,Bulacan,San Miguel,2019-05-04,23.2,31.0,74.8,0.0,22.1,202.1,Seedling,0,0.07,0.04
III,Bulacan,San Miguel,2019-05-05,23.5,32.2,75.3,0.0,22.9,201.7,Seedling,0,0.13,0.1
III,Bulacan,San Miguel,2019-05-06,24.2,32.0,73.5,0.0,22.8,203.1,Seedling,0,0.06,0.12
III,Bulacan,San Miguel,2019-05-07,23.5,32.5,72.4,0.0,22.5,214.3,Seedling,0,0.07,0.01
III,Bulacan,San Miguel,2019-05-08,22.9,31.4,69.7,0.0,21.1,208.7,Seedling,0,0.04,0.04
III,Bulacan,San Miguel,2019-05-09,22.8,31.0,76.1,15.8,22.1,200.6,Seedling,0,0.13,0.21
III,Bulacan,San Miguel,2019-05-10,23.3,31.5,70.6,0.0,21.5,209.5,Seedling,0,0.19,0.24
III,Bulacan,San Miguel,2019-05-11,22.9,30.8,73.6,0.0,21.6,214.0,Seedling,0,0.17,0.218
III,Bulacan,San Miguel,2019-05-12,23.2,29.3,76.9,0.0,21.6,216.8,Seedling,0,0.11,0.196
III,Bulacan,San Miguel,2019-05-13,22.8,31.1,79.0,0.0,22.8,217.8,Seedling,0,0.05,0.174
III,Bulacan,San Miguel,2019-05-14,22.6,31.3,77.3,0.0,22.4,192.2,Seedling,0,0.15,0.152
III,Bulacan,San Miguel,2019-05-15,21.9,32.1,78.6,14.2,22.7,198.7,Seedling,0,0.03,0.13
III,Bulacan,San Miguel,2019-05-16,22.8,33.8,77.1,0.0,23.4,211.9,Seedling,0,0.0,0.16
III,Bulacan,San Miguel,2019-05-17,22.7,33.0,75.6,10.7,24.0,207.4,Seedling,0,0.0,0.18
III,Bulacan,San Miguel,2019-05-18,22.5,33.9,74.1,0.0,23.0,211.7,Seedling,0,0.05,0.17
III,Bulacan,San Miguel,2019-05-19,22.6,34.1,75.0,0.0,23.4,213.1,Seedling,0,0.16,0.01
III,Bulacan,San Miguel,2019-05-20,22.1,33.7,76.2,11.6,23.1,208.5,Seedling,0,0.01,0.18
III,Bulacan,San Miguel,2019-05-21,23.2,34.7,73.2,0.0,23.6,213.0,Seedling,0,0.0,0.04
III,Bulacan,San Miguel,2019-05-22,24.3,33.6,73.8,0.0,23.7,202.0,Seedling,0,0.14,0.14
III,Bulacan,San Miguel,2019-05-23,23.9,32.5,78.8,1.7,24.0,211.7,Seedling,0,0.19,0.17
III,Bulacan,San Miguel,2019-05-24,24.1,32.4,79.53333333333333,14.3,23.6,203.3,Seedling,0,0.0,0.09
III,Bulacan,San Miguel,2019-05-25,24.1,32.8,80.26666666666667,0.0,23.8,212.4,Seedling,0,0.0,0.0675
III,Bulacan,San Miguel,2019-05-26,24.1,32.7,81.0,0.1,24.6,213.9,Seedling,0,0.2,0.045
III,Bulacan,San Miguel,2019-05-27,24.0,33.4,85.4,4.6,25.8,216.08333333333334,Seedling,0,0.04,0.022499999999999992
III,Bulacan,San Miguel,2019-05-28,24.7,33.4,82.8,0.0,25.6,218.26666666666668,Seedling,0,0.15,0.0
III,Bulacan,San Miguel,2019-05-29,24.3,34.0,80.0,0.0,25.2,220.45,Seedling,0,0.06,0.09
III,Bulacan,San Miguel,2019-05-30,23.4,32.1,83.4,20.6,24.4,222.63333333333333,Seedling,0,0.18,0.09
III,Bulacan,San Miguel,2019-05-31,23.9,32.7,78.8,0.0,24.1,224.81666666666666,Seedling,0,0.03,0.07
III,Bulacan,San Miguel,2019-06-01,23.9,32.1,81.2,0.0,24.2,227.0,Seedling,0,0.01,0.12
III,Bulacan,San Miguel,2019-06-02,24.3,32.4,84.3,3.6,25.2,208.0,Seedling,17,3.04,0.1
III,Bulacan,San Miguel,2019-06-03,23.9,33.2,78.7,0.0,24.3,215.5,Seedling,17,3.55,0.05
III,Bulacan,San Miguel,2019-06-04,24.4,33.7,75.3,0.0,24.1,201.4,Seedling,22,2.5,0.1
III,Bulacan,San Miguel,2019-06-05,24.9,34.4,78.8,0.0,25.4,224.6,Seedling,25,2.36,0.18
III,Bulacan,San Miguel,2019-06-06,25.5,33.5,77.3,0.0,25.0,211.0,Seedling,22,3.22,0.18
III,Bulacan,San Miguel,2019-06-07,24.7,32.5,81.9,13.9,25.0,207.0,Seedling,15,2.78,0.05
III,Bulacan,San Miguel,2019-06-08,24.6,33.6,75.8,0.0,24.3,218.6,Seedling,18,2.3,0.13
III,Bulacan,San Miguel,2019-06-09,23.7,33.5,78.5,9.6,24.3,193.2,Seedling,17,3.04,0.03
III,Bulacan,San Miguel,2019-06-10,23.5,33.9,80.9,6.4,24.9,215.7,Seedling,13,3.96,0.17
III,Bulacan,San Miguel,2019-06-11,23.0,34.1,74.8,3.2,23.5,202.9,Seedling,13,3.2675,0.13
III,Bulacan,San Miguel,2019-06-12,23.4,33.0,73.7,0.0,22.9,211.6,Seedling,8,2.575,0.04
III,Bulacan,San Miguel,2019-06-13,23.7,31.4,74.0,0.0,22.3,201.1,Seedling,5,1.8824999999999998,0.06
III,Bulacan,San Miguel,2019-06-14,23.1,31.0,78.6,51.9,22.8,154.3,Seedling,2,1.19,0.0
III,Bulacan,San Miguel,2019-06-15,23.5,32.6,75.2,0.0,23.1,198.6,Seedling,3,2.07,0.19
III,Bulacan,San Miguel,2019-06-16,23.3,30.9,77.1,0.0,22.5,205.1,Seedling,2,1.72,0.21
III,Bulacan,San Miguel,2019-06-17,22.3,32.0,73.0,0.0,21.8,209.4,Tillering,3,1.62,0.17
III,Bulacan,San Miguel,2019-06-18,22.6,31.4,76.4,26.6,22.3,183.0,Tillering,2,0.95,0.0
III,Bulacan,San Miguel,2019-06-19,23.2,34.3,75.3,0.0,22.8,207.1,Tillering,3,0.11,0.13
III,Bulacan,San Miguel,2019-06-20,23.8,34.2,75.5,0.0,23.3,202.8,Tillering,0,0.53,0.1
III,Bulacan,San Miguel,2019-06-21,24.6,33.1,74.8,0.0,23.8,221.2,Tillering,3,0.76,0.06
III,Bulacan,San Miguel,2019-06-22,24.7,33.8,77.1,0.0,24.7,200.9,Tillering,3,1.37,0.15
III,Bulacan,San Miguel,2019-06-23,24.4,30.7,84.8,31.2,24.5,194.3,Tillering,3,1.04,0.19
III,Bulacan,San Miguel,2019-06-24,25.6,32.8,82.1,0.0,25.6,209.4,Tillering,2,1.25,0.17
III,Bulacan,San Miguel,2019-06-25,23.9,31.9,84.5,18.4,24.8,183.3,Tillering,3,0.69,0.1
III,Bulacan,San Miguel,2019-06-26,24.8,34.2,78.8,0.0,25.3,208.2,Tillering,4,0.59,0.11
III,Bulacan,San Miguel,2019-06-27,24.2,33.7,82.2,7.7,25.4,209.1,Tillering,6,0.0,0.06
III,Bulacan,San Miguel,2019-06-28,25.2,34.4,84.2,0.0,26.6,189.1,Tillering,9,0.0,0.06
III,Bulacan,San Miguel,2019-06-29,24.2,33.6,87.6,9.4,26.4,200.9,Tillering,14,1.42,0.1
III,Bulacan,San Miguel,2019-06-30,23.6,34.4,81.7,0.0,25.3,193.7,Tillering,16,2.55,0.2
III,Bulacan,San Miguel,2019-07-01,24.0,33.1,79.3,0.0,24.4,194.8,Tillering,13,2.19,0.03
III,Bulacan,San Miguel,2019-07-02,23.4,32.9,81.4,8.0,24.4,197.1,Tillering,25,1.7,0.04
III,Bulacan,San Miguel,2019-07-03,24.8,31.6,75.6,0.0,23.3,209.1,Tillering,25,2.4,0.21
III,Bulacan,San Miguel,2019-07-04,24.4,29.8,83.1,22.7,23.7,181.7,Tillering,20,0.0,0.12
III,Bulacan,San Miguel,2019-07-05,24.0,33.8,83.98333333333333,0.0,24.9,206.7,Tillering,39,1.57,0.06
III,Bulacan,San Miguel,2019-07-06,23.4,33.3,84.86666666666666,0.0,24.3,210.9,Tillering,27,0.31,0.06
III,Bulacan,San Miguel,2019-07-07,24.0,33.3,85.75,0.0,24.2,202.3,Tillering,20,0.25,0.17
III,Bulacan,San Miguel,2019-07-08,24.7,32.3,86.63333333333334,17.4,26.0,204.3,Tillering,41,2.18,0.16
III,Bulacan,San Miguel,2019-07-09,25.0,33.6,87.51666666666667,0.0,26.0,189.9,Tillering,24,0.93,0.27
III,Bulacan,San Miguel,2019-07-10,24.9,32.9,88.4,8.2,26.6,212.9,Tillering,17,1.01,0.14
III,Bulacan,San Miguel,2019-07-11,24.4,34.3,84.0,0.0,26.2,200.3,Elongation,28,0.66,0.03
III,Bulacan,San Miguel,2019-07-12,24.6,34.9,83.38333333333333,0.0,25.7,192.7,Elongation,15,0.64,0.18
III,Bulacan,San Miguel,2019-07-13,25.8,33.4,82.76666666666667,3.3,26.1,206.3,Elongation,14,1.58,0.2
III,Bulacan,San Miguel,2019-07-14,24.1,32.9,82.15,17.0,24.6,182.6,Elongation,16,1.11,0.09
III,Bulacan,San Miguel,2019-07-15,24.4,34.1,81.53333333333333,0.0,24.9,198.9,Elongation,22,0.26,0.11
III,Bulacan,San Miguel,2019-07-16,23.6,31.1,80.91666666666666,86.0,23.8,159.5,Elongation,12,0.0,0.10833333333333334
III,Bulacan,San Miguel,2019-07-17,24.2,33.3,80.3,0.0,24.8,200.3,Elongation,25,0.09,0.10666666666666667
III,Bulacan,San Miguel,2019-07-18,24.4,33.8,81.0,0.0,25.3,208.7,Elongation,15,1.82,0.10500000000000001
III,Bulacan,San Miguel,2019-07-19,23.5,31.3,85.5,43.3,24.5,162.2,Elongation,16,1.44,0.10333333333333333
III,Bulacan,San Miguel,2019-07-20,23.9,33.8,86.4,21.8,26.1,170.8,Elongation,11,1.32,0.10166666666666667
III,Bulacan,San Miguel,2019-07-21,24.6,34.2,82.1,0.7,25.8,187.4,Elongation,20,1.94,0.1
III,Bulacan,San Miguel,2019-07-22,24.4,34.7,86.1,7.3,26.8,206.8,Elongation,22,2.83,0.01
III,Bulacan,San Miguel,2019-07-23,24.7,35.1,81.0,0.0,26.1,202.3,Elongation,24,3.41,0.0
III,Bulacan,San Miguel,2019-07-24,25.0,35.0,80.0,0.0,26.0,210.2,Elongation,11,4.09,0.11
III,Bulacan,San Miguel,2019-07-25,24.2,34.5,78.1,0.0,25.0,196.9,Elongation,11,3.18,0.05
III,Bulacan,San Miguel,2019-07-26,23.4,35.6,79.4,0.0,25.4,200.3,Elongation,12,2.651666666666667,0.0
III,Bulacan,San Miguel,2019-07-27,23.4,35.6,80.2,0.0,25.5,207.7,Elongation,13,2.123333333333333,0.0
III,Bulacan,San Miguel,2019-07-28,23.9,33.0,81.9,15.7,24.8,184.0,Elongation,13,1.5949999999999998,0.05
III,Bulacan,San Miguel,2019-07-29,24.6,30.8,81.6,12.9,24.0,196.4,Elongation,15,1.0666666666666664,0.14
III,Bulacan,San Miguel,2019-07-30,24.9,30.8,80.2,0.0,23.9,204.1,Panicle,3,0.5383333333333331,4.12
III,Bulacan,San Miguel,2019-07-31,24.966666666666665,30.9,83.3,16.8,24.1,185.3,Panicle,15,0.01,3.19
III,Bulacan,San Miguel,2019-08-01,25.03333333333333,32.2,88.3,5.5,26.1,196.1,Panicle,16,0.05,2.8583333333333334
III,Bulacan,San Miguel,2019-08-02,25.1,32.8,83.5,0.0,25.5,194.8,Panicle,10,0.2,2.5266666666666664
III,Bulacan,San Miguel,2019-08-03,25.166666666666668,32.7,87.1,8.6,26.3,200.7,Panicle,12,0.21,2.195
III,Bulacan,San Miguel,2019-08-04,25.233333333333334,33.7,82.8,0.0,25.9,212.9,Panicle,13,0.01,1.8633333333333333
III,Bulacan,San Miguel,2019-08-05,25.3,33.0,83.6,13.2,25.9,176.8,Panicle,11,0.0,1.5316666666666667
III,Bulacan,San Miguel,2019-08-06,24.6,33.1,81.0,11.3,25.0,187.3,Panicle,6,0.13,1.2
III,Bulacan,San Miguel,2019-08-07,25.0,33.4,82.3,13.2,25.7,180.3,Panicle,5,0.1,0.16
III,Bulacan,San Miguel,2019-08-08,25.1,34.9,77.7,0.0,25.5,211.6,Panicle,11,0.21,0.12
III,Bulacan,San Miguel,2019-08-09,25.2,34.0,83.4,6.5,26.3,203.2,Panicle,7,0.04,0.0
III,Bulacan,San Miguel,2019-08-10,25.4,33.96,79.1,0.5,26.1,192.4,Panicle,8,0.12,1.15
III,Bulacan,San Miguel,2019-08-11,25.5,33.92,78.4,0.0,24.9,188.3,Panicle,6,0.12,0.0
III,Bulacan,San Miguel,2019-08-12,25.5,33.879999999999995,84.1,8.6,26.4,199.4,Panicle,7,0.2,1.27
III,Bulacan,San Miguel,2019-08-13,25.0,33.839999999999996,82.2,13.4,25.1,193.1,Flowering,6,0.11,1.51
III,Bulacan,San Miguel,2019-08-14,25.0,33.8,81.9,0.0,25.8,202.9,Flowering,4,0.09,1.89
III,Bulacan,San Miguel,2019-08-15,24.8,34.5,87.2,4.7,27.1,194.0,Flowering,4,0.11,1.99
III,Bulacan,San Miguel,2019-08-16,24.0,34.0,85.5,8.9,26.1,194.0,Flowering,1,0.0,1.97
III,Bulacan,San Miguel,2019-08-17,23.7,33.8,82.3,0.0,25.2,204.4,Flowering,3,0.08,0.76
III,Bulacan,San Miguel,2019-08-18,24.5,34.4,76.8,0.0,24.8,204.8,Flowering,1,0.15,2.87
III,Bulacan,San Miguel,2019-08-19,25.0,32.6,77.8,0.0,24.4,202.8,Flowering,2,0.2,1.45
III,Bulacan,San Miguel,2019-08-20,24.8,33.9,86.1,7.0,26.6,200.1,Flowering,1,0.19,2.82
III,Bulacan,San Miguel,2019-08-21,24.4,32.7,85.0,0.0,25.6,202.3,Flowering,1,0.12,2.53
III,Bulacan,San Miguel,2019-08-22,25.9,31.6,85.0,8.8,25.8,179.8,Flowering,2,0.1,1.34
III,Bulacan,San Miguel,2019-08-23,25.5,33.9,86.36666666666667,7.5,26.3,194.6,Flowering,0,0.03,1.51
III,Bulacan,San Miguel,2019-08-24,24.5,33.7,87.73333333333333,7.7,26.2,194.3,Flowering,2,0.0,0.67
III,Bulacan,San Miguel,2019-08-25,24.5,33.9,89.1,0.0,25.7,204.3,Flowering,7,0.3,0.0
III,Bulacan,San Miguel,2019-08-26,23.4,35.2,90.46666666666667,0.0,25.6,199.2,Flowering,6,0.2,2.07
III,Bulacan,San Miguel,2019-08-27,23.4,35.6,91.83333333333334,12.9,27.6,189.0,Ripening,5,0.0,3.31
III,Bulacan,San Miguel,2019-08-28,23.5,34.4,93.2,7.7,27.6,196.2,Ripening,4,0.11,1.96
III,Bulacan,San Miguel,2019-08-29,23.9,34.5,87.0,0.0,26.6,197.6,Ripening,3,0.01,2.53
III,Bulacan,San Miguel,2019-08-30,23.8,35.4,84.2,0.0,26.4,208.0,Ripening,2,0.18,2.8
III,Bulacan,San Miguel,2019-08-31,23.7,33.7,90.4,13.7,26.8,194.7,Ripening,6,0.07,2.62
III,Bulacan,San Miguel,2019-09-01,23.0,33.7,82.2,0.0,24.8,206.4,Ripening,4,0.05,1.54
III,Bulacan,San Miguel,2019-09-02,21.8,31.8,84.9,19.0,23.8,177.0,Ripening,8,0.05,1.12
III,Bulacan,San Miguel,2019-09-03,23.1,31.1,83.7,7.1,23.8,187.4,Ripening,5,0.09,0.89
III,Bulacan,San Miguel,2019-09-04,22.4,31.4,77.7,0.3,22.4,205.1,Ripening,6,0.2,1.85
III,Bulacan,San Miguel,2019-09-05,22.1,31.9,75.9,0.0,22.2,210.0,Ripening,0,0.18,0.13
III,Bulacan,San Miguel,2019-09-06,22.8,29.3,83.6,29.7,22.8,178.5,Ripening,4,0.05,0.41
III,Bulacan,San Miguel,2019-09-07,22.8,28.0,83.4,113.6,22.1,140.3,Ripening,4,0.0,0.03
III,Bulacan,San Miguel,2019-09-08,22.6,32.1,85.3,6.5,24.4,195.0,Ripening,0,0.15,0.72
III,Bulacan,San Miguel,2019-09-09,22.9,30.2,86.6,16.1,23.9,188.6,Ripening,2,0.08,0.86
III,Bulacan,San Miguel,2019-09-10,23.9,28.7,82.1,11.9,22.7,182.0,Ripening,4,0.14,0.13
III,Bulacan,San Miguel,2019-09-11,23.9,28.8,86.6,5.5,23.7,191.6,Ripening,2,0.09,0.05
III,Bulacan,San Miguel,2019-09-12,22.7,30.7,78.1,0.1,22.3,188.8,Ripening,1,0.16,0.67
III,Bulacan,San Miguel,2019-09-13,21.7,30.2,82.0,0.0,22.3,200.0,Ripening,2,0.0,0.64
III,Bulacan,San Miguel,2019-09-14,22.2,31.4,84.2,17.5,23.6,189.9,Ripening,1,0.11,0.72
III,Bulacan,San Miguel,2019-09-15,22.4,30.2,84.4,23.3,23.2,177.4,Ripening,2,0.25,0.75
III,Bulacan,San Miguel,2019-09-16,22.6,29.4,84.4,198.2,22.9,152.3,Ripening,0,0.1,0.65
III,Bulacan,San Miguel,2019-09-17,23.1,31.4,85.5,8.1,24.4,189.3,Ripening,1,0.11,1.25
III,Bulacan,San Miguel,2019-09-18,22.6,29.1,85.5,97.4,23.0,132.5,Ripening,1,0.13,1.29
III,Bulacan,San Miguel,2019-09-19,23.3,30.2,81.9,0.0,23.1,187.0,Ripening,2,0.23,0.0
III,Bulacan,San Miguel,2019-09-20,24.15,30.049999999999997,81.4,0.0,22.9,210.5,Ripening,0,0.11,0.18
III,Bulacan,San Miguel,2019-09-21,25.0,29.9,82.7,0.0,24.0,195.8,Ripening,0,0.03,0.05
III,Bulacan,San Miguel,2019-09-22,24.4,31.5,83.0,0.0,24.6,195.9,Ripening,0,0.08,0.15
III,Bulacan,San Miguel,2019-09-23,24.2,33.1,88.9,9.2,26.4,173.8,Ripening,0,0.12,0.09
III,Bulacan,San Miguel,2019-09-24,23.5,32.9,84.1,0.0,25.0,199.8,Ripening,0,0.16,0.01
III,Bulacan,San Miguel,2019-09-25,23.1,32.7,85.4,0.0,25.0,200.4,Ripening,0,0.0,0.04
III,Bulacan,San Miguel,2019-09-26,23.2,30.8,86.6,12.8,24.3,185.8,Ripening,0,0.08,0.0
III,Bulacan,San Miguel,2019-09-27,23.5,30.9,80.7,0.0,23.3,200.3,Ripening,0,0.1,0.13
III,Bulacan,San Miguel,2019-09-28,24.0,30.8,85.9,18.9,24.6,184.2,Ripening,0,0.1,0.05
III,Bulacan,San Miguel,2019-09-29,24.7,34.6,81.6,0.0,26.0,201.4,Ripening,0,0.19,0.1
III,Bulacan,San Miguel,2019-09-30,25.1,33.0,88.5,10.4,26.8,205.2,Ripening,0,0.17,0.02
III,Bulacan,San Miguel,2019-10-01,24.3,31.4,86.6,90.1,25.2,142.7,Ripening,0,0.27,0.05
III,Bulacan,San Miguel,2019-10-02,25.0,31.5,86.3,19.3,25.5,189.1,Ripening,0,0.21,0.06
III,Bulacan,San Miguel,2019-10-03,24.4,32.6,83.7,24.7,25.2,179.3,Ripening,0,0.07,0.12
III,Bulacan,San Miguel,2019-10-04,24.3,33.6,79.7,0.0,24.9,197.0,Ripening,0,0.23,0.03
III,Bulacan,San Miguel,2019-10-05,24.0,32.4,82.2,7.0,24.6,180.7,Ripening,0,0.12,0.0
III,Bulacan,San Miguel,2019-10-06,23.2,33.4,80.6,19.4,24.4,181.7,Ripening,0,0.0,0.12
III,Bulacan,San Miguel,2019-10-07,23.2,31.5,81.8,18.3,23.7,171.9,Ripening,0,0.1,0.01
III,Bulacan,San Miguel,2019-10-08,22.7,33.4,78.7,0.0,23.8,192.0,Ripening,0,0.09,0.0
III,Bulacan,San Miguel,2019-10-09,23.0,33.3,79.6,0.0,24.1,205.8,Ripening,0,0.08,0.07
III,Bulacan,San Miguel,2019-10-10,23.4,33.5,83.3,6.2,25.1,202.3,Ripening,0,0.02,0.04
III,Bulacan,San Miguel,2019-10-11,23.5,32.4,84.9,10.3,25.05,184.3,Ripening,0,0.01,0.2
III,Bulacan,San Miguel,2019-10-12,23.3,32.4,77.6,0.0,25.0,187.3,Ripening,0,0.16,0.16
III,Bulacan,San Miguel,2019-10-13,22.9,32.1,83.3,2.9,24.95,195.8,Ripening,0,0.0,0.0
III,Bulacan,San Miguel,2019-10-14,22.6,32.3,85.4,9.9,24.9,187.4,Ripening,0,0.08,0.13
III,Bulacan,San Miguel,2019-10-15,22.7,32.5,81.5,22.6,23.4,189.7,Ripening,0,0.09,0.04
III,Bulacan,San Miguel,2019-10-16,23.4,32.7,83.2,5.1,24.4,187.3,Ripening,0,0.11,0.0
III,Bulacan,San Miguel,2019-10-17,24.9,32.9,79.8,0.0,24.5,205.3,Ripening,0,0.19,0.15
III,Bulacan,San Miguel,2019-10-18,24.9,33.099999999999994,81.7,0.0,25.2,214.4,Ripening,0,0.24,0.11
III,Bulacan,San Miguel,2019-10-19,23.6,33.3,84.5,0.0,25.3,193.8,Ripening,0,0.0,0.07
III,Bulacan,San Miguel,2019-10-20,25.0,33.8,86.0,1.5,26.6,206.8,Ripening,0,0.03,0.0
III,Bulacan,San Miguel,2019-10-21,25.1,33.3,81.2,0.6,25.4,196.2,Ripening,0,0.02,0.09
III,Bulacan,San Miguel,2019-10-22,24.5,32.5,82.5,0.0,25.0,213.2,Ripening,0,0.07,0.11
III,Bulacan,San Miguel,2019-10-23,23.0,31.0,86.9,24.7,24.4,185.4,Ripening,1,0.09,0.04
III,Bulacan,San Miguel,2019-10-24,23.0,31.3,82.4,7.1,23.6,199.0,Ripening,0,0.1,0.0
III,Bulacan,San Miguel,2019-10-25,23.9,30.5,81.9,5.324999999999999,23.6,200.2,Ripening,0,0.06,0.13
III,Bulacan,San Miguel,2019-10-26,24.0,32.1,80.2,3.55,24.1,200.8,Ripening,0,0.11,0.21
III,Bulacan,San Miguel,2019-10-27,24.7,33.3,76.9,1.7750000000000004,24.4,202.6,Ripening,0,0.18,0.03
III,Bulacan,San Miguel,2019-10-28,24.9,33.2,75.2,0.0,24.1,201.7,Ripening,0,0.0,0.09
III,Bulacan,San Miguel,2019-10-29,25.2,32.1,78.6,6.8,24.4,197.8,Ripening,0,0.07,0.02
III,Bulacan,San Miguel,2019-10-30,25.0,32.4,76.2,0.0,23.9,212.7,Ripening,0,0.03,0.15
III,Bulacan,San Miguel,2019-10-31,24.3,32.1,81.8,11.0,24.6,197.2,Seedling,0,0.07,0.19
III,Bulacan,San Miguel,2019-11-01,23.5,32.1,82.9,0.0,24.4,218.7,Seedling,0,0.09,0.09
III,Bulacan,San Miguel,2019-11-02,24.4,32.7,84.6,2.1,25.5,196.9,Seedling,0,0.06,0.24
III,Bulacan,San Miguel,2019-11-03,24.4,31.3,78.5,0.0,23.6,199.3,Seedling,0,0.11,0.11
III,Bulacan,San Miguel,2019-11-04,23.6,30.7,79.6,18.9,23.1,187.4,Seedling,0,0.0,0.05
III,Bulacan,San Miguel,2019-11-05,23.9,30.7,77.8,0.0,22.9,221.5,Seedling,0,0.15,0.0
III,Bulacan,San Miguel,2019-11-06,23.3,30.0,80.1,18.9,22.7,187.1,Seedling,0,0.0,0.1
III,Bulacan,San Miguel,2019-11-07,23.5,31.7,78.5,0.0,23.3,210.2,Seedling,0,0.06,0.08
III,Bulacan,San Miguel,2019-11-08,24.2,32.3,80.9,0.0,24.4,193.7,Seedling,0,0.03,0.0
III,Bulacan,San Miguel,2019-11-09,23.8,33.7,83.4,0.0,25.4,195.3,Seedling,0,0.09,0.04
III,Bulacan,San Miguel,2019-11-10,23.3,35.7,82.4,0.0,26.0,195.4,Seedling,0,0.01,0.0
III,Bulacan,San Miguel,2019-11-11,23.9,34.1,80.9,0.0,25.2,196.2,Seedling,0,0.04,0.2
III,Bulacan,San Miguel,2019-11-12,23.6,33.4,77.6,0.0,24.0,192.1,Seedling,0,0.0,0.08
III,Bulacan,San Miguel,2019-11-13,24.0,32.3,78.7,5.5,23.9,197.9,Seedling,0,0.0,0.0
III,Bulacan,San Miguel,2019-11-14,24.2,32.3,77.0,12.0,23.6,181.1,Seedling,0,0.11,0.0
III,Bulacan,San Miguel,2019-11-15,24.3,29.4,78.3,135.0,22.5,160.0,Seedling,1,0.0,0.23
III,Bulacan,San Miguel,2019-11-16,24.1,32.0,78.1,0.0,23.7,214.2,Seedling,0,0.05,0.12
III,Bulacan,San Miguel,2019-11-17,24.3,31.8,81.1,11.7,24.3,205.5,Seedling,0,0.06,0.15
III,Bulacan,San Miguel,2019-11-18,24.3,33.3,83.8,4.2,25.6,194.3,Seedling,0,0.07,0.09
III,Bulacan,San Miguel,2019-11-19,23.0,32.2,81.6,28.7,23.9,181.3,Seedling,0,0.0,0.08
III,Bulacan,San Miguel,2019-11-20,23.1,34.1,78.0,0.0,24.2,213.0,Seedling,0,0.05,0.01
III,Bulacan,San Miguel,2019-11-21,22.9,34.5,73.6,0.0,23.4,208.2,Seedling,0,0.09,0.06
III,Bulacan,San Miguel,2019-11-22,23.6,34.2,72.9,0.0,23.5,209.57999999999998,Seedling,0,0.14,0.10999999999999999
III,Bulacan,San Miguel,2019-11-23,23.2,33.9,74.6,0.0,23.5,210.95999999999998,Seedling,0,0.2,0.16
III,Bulacan,San Miguel,2019-11-24,23.6,33.1,81.6,3.6,24.7,212.34,Seedling,0,0.02,0.09
III,Bulacan,San Miguel,2019-11-25,23.7,32.1,75.2,0.0,22.9,213.72,Seedling,0,0.04,0.02
III,Bulacan,San Miguel,2019-11-26,23.466666666666665,32.6,76.8,0.0,23.7,215.1,Seedling,0,0.14,0.03
III,Bulacan,San Miguel,2019-11-27,23.233333333333334,32.4,81.3,0.0,24.1,215.4,Seedling,0,0.12,0.09
III,Bulacan,San Miguel,2019-11-28,23.0,31.4,75.3,0.1,22.3,204.9,Seedling,0,0.04,0.11
III,Bulacan,San Miguel,2019-11-29,22.766666666666666,30.6,78.2,16.5,22.5,208.2,Seedling,0,0.09,0.0
III,Bulacan,San Miguel,2019-11-30,22.533333333333335,31.0,74.3,0.0,22.2,219.9,Seedling,1,0.04,0.1
III,Bulacan,San Miguel,2019-12-01,22.3,31.4,72.2,0.0,21.3,207.3,Seedling,0,0.12,0.16
III,Bulacan,San Miguel,2019-12-02,22.0,30.2,74.1,0.0,20.9,209.4,Seedling,0,0.15,0.03
III,Bulacan,San Miguel,2019-12-03,21.2,28.3,76.0,34.2,20.0,183.8,Seedling,1,0.0,0.11
III,Bulacan,San Miguel,2019-12-04,22.1,30.0,74.4,0.9,20.9,222.2,Seedling,0,0.06,0.12
III,Bulacan,San Miguel,2019-12-05,22.0,32.2,73.5,0.0,21.8,213.4,Seedling,0,0.07,0.18
III,Bulacan,San Miguel,2019-12-06,23.1,30.9,76.7,21.1,22.3,185.6,Seedling,1,0.08,0.1
III,Bulacan,San Miguel,2019-12-07,23.5,30.7,74.4,10.1,22.0,210.5,Seedling,0,0.07,0.11
III,Bulacan,San Miguel,2019-12-08,24.0,31.5,73.0,0.0,22.4,209.2,Seedling,0,0.08,0.06
III,Bulacan,San Miguel,2019-12-09,23.4,32.6,75.3,0.0,23.1,208.3,Seedling,0,0.21,0.14
III,Bulacan,San Miguel,2019-12-10,23.1,33.7,77.6,6.5,23.1,197.9,Seedling,0,0.07,0.12
III,Bulacan,San Miguel,2019-12-11,22.8,34.5,70.7,0.0,23.1,208.2,Seedling,0,0.16,0.0
III,Bulacan,San Miguel,2019-12-12,23.2,33.0,74.8,17.6,23.1,206.6,Seedling,0,0.17,0.16
III,Bulacan,San Miguel,2019-12-13,22.7,32.8,74.7,0.0,22.7,202.3,Seedling,0,0.21,0.08
III,Bulacan,San Miguel,2019-12-14,24.1,31.1,77.5,0.0,23.1,212.4,Seedling,2,0.87,0.0
III,Bulacan,San Miguel,2019-12-15,24.1,31.2,76.1,0.0,22.9,220.3,Seedling,2,0.0,0.18
III,Bulacan,San Miguel,2019-12-16,23.5,31.2,79.9,25.0,23.3,198.7,Seedling,1,0.26,0.05
III,Bulacan,San Miguel,2019-12-17,22.7,32.3,81.7,2.7,23.8,200.5,Seedling,0,0.16,0.0
III,Bulacan,San Miguel,2019-12-18,21.6,31.9,76.7,14.5,22.1,197.5,Seedling,1,0.43,0.0
III,Bulacan,San Miguel,2019-12-19,22.7,32.7,73.0,0.0,22.3,219.0,Seedling,1,0.64,0.1
III,Bulacan,San Miguel,2019-12-20,23.7,32.7,71.6,0.0,22.5,221.7,Seedling,2,0.9,0.0
III,Bulacan,San Miguel,2019-12-21,24.0,32.8,72.7,0.0,22.9,211.7,Seedling,2,1.86,0.17
III,Bulacan,San Miguel,2019-12-22,23.3,31.6,78.7,17.7,23.2,191.5,Seedling,2,1.16,0.24
III,Bulacan,San Miguel,2019-12-23,23.2,30.9,76.4,0.0,22.3,204.2,Seedling,3,1.12,0.06
III,Bulacan,San Miguel,2019-12-24,22.0,31.8,73.4,0.0,21.6,220.7,Seedling,1,0.51,0.07
III,Bulacan,San Miguel,2019-12-25,21.1,34.3,74.2,0.0,22.5,208.5,Seedling,1,0.27,0.12
III,Bulacan,San Miguel,2019-12-26,21.4,34.8,73.9,0.0,22.9,204.0,Seedling,1,0.61,0.31
III,Bulacan,San Miguel,2019-12-27,23.0,34.5,73.0,0.0,23.4,215.1,Tillering,2,0.65,0.05
III,Bulacan,San Miguel,2019-12-28,24.1,33.8,70.5,0.0,23.0,223.4,Tillering,2,2.31,0.08
III,Bulacan,San Miguel,2019-12-29,24.3,34.1,77.5,20.4,24.7,204.8,Tillering,2,2.26,0.19
III,Bulacan,San Miguel,2019-12-30,24.2,34.3,75.7,0.0,24.4,216.5,Tillering,1,2.74,0.04
III,Bulacan,San Miguel,2019-12-31,23.3,33.9,76.6,0.0,23.9,218.3,Tillering,1,2.42,0.02
III,Bulacan,San Miguel,2020-01-01,23.6,34.9,79.1,7.7,25.1,200.2,Tillering,5,3.14,0.17
III,Bulacan,San Miguel,2020-01-02,22.9,32.3,79.5,40.6,23.5,169.4,Tillering,2,2.33,0.07
III,Bulacan,San Miguel,2020-01-03,23.6,32.0,74.7,0.0,22.7,217.2,Tillering,3,3.34,0.24
III,Bulacan,San Miguel,2020-01-04,21.8,31.9,72.5,0.0,21.4,214.8,Tillering,5,2.83,0.13
III,Bulacan,San Miguel,2020-01-05,21.7,31.2,79.7,17.8,22.4,203.5,Tillering,4,2.38,0.0
III,Bulacan,San Miguel,2020-01-06,22.8,31.633333333333333,76.2,0.0,23.0,215.9,Tillering,1,1.93,0.08
III,Bulacan,San Miguel,2020-01-07,22.3,32.06666666666666,74.0,0.7,22.7,225.9,Tillering,3,2.74,0.05
III,Bulacan,San Miguel,2020-01-08,22.4,32.5,75.6,9.9,22.6,204.2,Tillering,5,2.93,0.08
III,Bulacan,San Miguel,2020-01-09,22.5,31.9,68.6,0.0,20.9,222.4,Tillering,2,1.95,0.05
III,Bulacan,San Miguel,2020-01-10,22.6,31.2,70.7,0.0,21.0,209.1,Tillering,2,1.69,0.08
III,Bulacan,San Miguel,2020-01-11,22.7,32.2,71.3,0.0,21.7,211.4,Tillering,3,1.05,0.07
III,Bulacan,San Miguel,2020-01-12,23.0,32.3,74.8,17.8,22.6,208.4,Tillering,3,1.05,0.02
III,Bulacan,San Miguel,2020-01-13,24.1,31.7,69.5,0.0,21.8,232.1,Tillering,2,0.39,0.26
III,Bulacan,San Miguel,2020-01-14,23.3,32.3,69.1,0.0,21.6,216.8,Tillering,0,0.97,0.14
III,Bulacan,San Miguel,2020-01-15,22.4,33.2,71.0,0.0,22.0,220.4,Tillering,0,0.61,0.06
III,Bulacan,San Miguel,2020-01-16,21.9,34.2,72.5,0.0,22.6,223.7,Tillering,2,0.6,0.14
III,Bulacan,San Miguel,2020-01-17,22.7,32.9,73.1,0.0,22.4,226.8,Tillering,0,0.64,0.17
III,Bulacan,San Miguel,2020-01-18,22.4,31.9,76.2,0.0,22.4,220.6,Tillering,5,0.0,0.09
III,Bulacan,San Miguel,2020-01-19,22.5,31.0,81.8,5.5,23.1,207.0,Tillering,3,0.99,0.17
III,Bulacan,San Miguel,2020-01-20,22.2,31.3,74.2,0.0,21.6,214.2,Tillering,4,0.64,0.02
III,Bulacan,San Miguel,2020-01-21,22.5,32.0,70.9,0.0,21.4,213.0,Elongation,2,0.29,0.17
III,Bulacan,San Miguel,2020-01-22,22.6,32.7,70.9,0.0,21.8,210.7,Elongation,3,1.95,0.11
III,Bulacan,San Miguel,2020-01-23,23.2,32.9,70.1,0.0,22.1,225.8,Elongation,0,0.43,0.13
III,Bulacan,San Miguel,2020-01-24,23.2,32.8,71.9,0.0,22.4,230.7,Elongation,0,0.72,0.05
III,Bulacan,San Miguel,2020-01-25,23.1,32.9,71.6,0.0,22.3,222.2,Elongation,1,1.56,0.2
III,Bulacan,San Miguel,2020-01-26,22.4,34.0,74.6,8.8,23.1,212.9,Elongation,2,0.55,0.11
III,Bulacan,San Miguel,2020-01-27,22.3,32.8,71.8,0.0,21.9,229.5,Elongation,0,2.08,0.02
III,Bulacan,San Miguel,2020-01-28,23.1,32.2,71.3,0.0,21.9,221.0,Elongation,0,2.59,0.02
III,Bulacan,San Miguel,2020-01-29,22.3,31.2,69.5,0.0,20.6,199.8,Elongation,2,0.79,0.24
III,Bulacan,San Miguel,2020-01-30,22.9,31.4,70.8,0.0,21.3,225.3,Elongation,2,0.55,0.14
III,Bulacan,San Miguel,2020-01-31,23.7,30.9,72.8,0.0,21.9,229.6,Elongation,1,0.99,0.0
III,Bulacan,San Miguel,2020-02-01,23.4,29.2,74.5,0.0,21.2,225.8,Elongation,1,1.12,0.02
III,Bulacan,San Miguel,2020-02-02,22.6,28.7,74.3,0.0,21.5,236.9,Elongation,2,0.12,0.02
III,Bulacan,San Miguel,2020-02-03,23.7,29.6,73.8,0.0,21.799999999999997,228.4,Elongation,2,0.61,0.07
III,Bulacan,San Miguel,2020-02-04,24.8,29.7,75.0,0.0,22.099999999999998,225.7,Elongation,2,0.79,0.04
III,Bulacan,San Miguel,2020-02-05,23.6,31.1,75.1,0.0,22.4,228.7,Elongation,2,0.32,0.07
III,Bulacan,San Miguel,2020-02-06,22.9,31.8,69.2,0.0,21.2,220.7,Elongation,1,0.21,0.13
III,Bulacan,San Miguel,2020-02-07,23.4,31.4,68.5,0.0,21.1,218.6,Elongation,1,0.72,0.07
III,Bulacan,San Miguel,2020-02-08,22.6,32.6,68.4,0.0,21.3,224.2,Elongation,2,1.41,0.0
III,Bulacan,San Miguel,2020-02-09,22.4,31.3,68.4,0.0,20.5,210.0,Elongation,3,1.31,0.1
III,Bulacan,San Miguel,2020-02-10,23.1,35.0,70.0,0.0,23.0,235.7,Panicle,0,0.19,1.53
III,Bulacan,San Miguel,2020-02-11,22.4,34.2,70.2,0.0,22.3,230.6,Panicle,0,0.09,1.96
III,Bulacan,San Miguel,2020-02-12,22.3,34.3,69.0,0.0,22.1,221.7,Panicle,0,0.0,0.0
III,Bulacan,San Miguel,2020-02-13,23.0,33.9,69.7,0.0,22.4,230.4,Panicle,3,0.13,0.0
III,Bulacan,San Miguel,2020-02-14,23.3,33.58333333333333,69.3,0.0,21.5,221.3,Panicle,1,0.28,0.26
III,Bulacan,San Miguel,2020-02-15,22.0,33.266666666666666,68.5,0.0,20.8,219.1,Panicle,0,0.19,1.65
III,Bulacan,San Miguel,2020-02-16,23.6,32.95,68.7,0.0,20.8,223.3,Panicle,1,0.0,1.4
III,Bulacan,San Miguel,2020-02-17,23.6,32.63333333333333,70.4,0.0,21.1,227.4,Panicle,0,0.27,0.4
III,Bulacan,San Miguel,2020-02-18,22.2,32.31666666666666,71.4,0.0,20.5,213.7,Panicle,1,0.05,0.0
III,Bulacan,San Miguel,2020-02-19,22.5,32.0,70.7,0.0,21.4,227.9,Panicle,3,0.11,0.95
III,Bulacan,San Miguel,2020-02-20,23.2,32.4,67.7,0.0,21.3,204.0,Panicle,3,0.06,0.23
III,Bulacan,San Miguel,2020-02-21,23.2,30.9,67.5,0.0,20.5,233.1,Panicle,2,0.0,0.9
III,Bulacan,San Miguel,2020-02-22,23.4,30.6,68.2,0.0,20.6,225.2,Panicle,1,0.11,0.53
III,Bulacan,San Miguel,2020-02-23,23.6,30.9,67.0,0.0,20.6,223.4,Panicle,2,0.06,1.33
III,Bulacan,San Miguel,2020-02-24,22.3,30.2,71.8,0.0,20.6,224.3,Panicle,1,0.0,1.05
III,Bulacan,San Miguel,2020-02-25,22.8,31.8,71.5,0.0,21.6,219.0,Flowering,1,0.0,1.78
III,Bulacan,San Miguel,2020-02-26,23.2,32.0,71.1,0.0,21.8,207.5,Flowering,1,0.01,0.44
III,Bulacan,San Miguel,2020-02-27,23.0,31.4,70.05,0.0,20.9,229.0,Flowering,1,0.12,0.0
III,Bulacan,San Miguel,2020-02-28,23.1,30.1,69.0,0.0,20.4,222.7,Flowering,2,0.17,0.0
III,Bulacan,San Miguel,2020-02-29,22.6,32.0,68.8,0.0,21.1,221.7,Flowering,1,0.17,0.04
III,Bulacan,San Miguel,2020-03-01,21.7,30.3,73.6,0.0,20.7,220.4,Flowering,0,0.13,0.53
III,Bulacan,San Miguel,2020-03-02,22.1,30.9,71.0,0.0,20.7,225.8,Flowering,1,0.09,0.27
III,Bulacan,San Miguel,2020-03-03,22.4,32.8,69.4,0.0,21.5,228.2,Flowering,1,0.13,1.74
III,Bulacan,San Miguel,2020-03-04,22.2,34.3,66.0,0.0,21.4,226.4,Flowering,2,0.07,0.22
III,Bulacan,San Miguel,2020-03-05,22.0,32.9,70.9,0.0,21.6,227.5,Flowering,3,0.03,1.06
III,Bulacan,San Miguel,2020-03-06,23.0,32.1,70.6,0.0,21.7,223.8,Flowering,0,0.18,0.67
III,Bulacan,San Miguel,2020-03-07,23.2,31.9,76.1,4.4,22.8,213.6,Flowering,0,0.13,0.16
III,Bulacan,San Miguel,2020-03-08,22.7,31.2,70.8,0.0,21.1,234.6,Flowering,0,0.07,0.0
III,Bulacan,San Miguel,2020-03-09,22.5,31.2,70.4,0.0,20.9,224.8,Flowering,0,0.1,1.14
III,Bulacan,San Miguel,2020-03-10,22.0,30.9,73.0,0.0,21.0,219.6,Ripening,3,0.09,0.41
III,Bulacan,San Miguel,2020-03-11,22.7,30.5,73.3,0.0,21.3,222.7,Ripening,0,0.11,0.0
III,Bulacan,San Miguel,2020-03-12,21.9,30.1,72.8,0.0,20.6,214.3,Ripening,1,0.02,0.0
III,Bulacan,San Miguel,2020-03-13,23.0,31.3,71.4,0.0,21.4,214.2,Ripening,0,0.0,0.0
III,Bulacan,San Miguel,2020-03-14,23.0,32.2,75.2,0.0,22.6,228.6,Ripening,0,0.05,0.0
III,Bulacan,San Miguel,2020-03-15,23.0,31.2,71.6,0.0,21.4,227.1,Ripening,1,0.0,0.0
III,Bulacan,San Miguel,2020-03-16,23.6,33.0,73.8,4.3,23.1,228.3,Ripening,0,0.15,0.6
III,Bulacan,San Miguel,2020-03-17,22.8,33.8,72.2,0.0,22.7,224.9,Ripening,1,0.21,0.66
III,Bulacan,San Miguel,2020-03-18,24.1,34.0,74.5,0.0,24.0,212.7,Ripening,1,0.01,1.6
III,Bulacan,San Miguel,2020-03-19,23.5,33.0,72.4,0.0,22.7,223.6,Ripening,2,0.02,0.97
III,Bulacan,San Miguel,2020-03-20,23.2,32.9,73.5,0.0,22.7,234.9,Ripening,4,0.18,1.65
III,Bulacan,San Miguel,2020-03-21,22.3,34.4,74.3,0.0,23.2,224.7,Ripening,6,0.12,1.69
III,Bulacan,San Miguel,2020-03-22,22.1,34.6,73.5,0.0,23.0,221.5,Ripening,6,0.0,2.09
III,Bulacan,San Miguel,2020-03-23,22.4,32.9,73.9,0.0,22.4,213.3,Ripening,3,0.21,3.32
III,Bulacan,San Miguel,2020-03-24,23.1,31.9,71.2,0.0,21.7,214.32000000000002,Ripening,8,0.0,3.79
III,Bulacan,San Miguel,2020-03-25,23.4,32.4,69.8,0.0,21.9,215.34,Ripening,5,0.12,5.19
III,Bulacan,San Miguel,2020-03-26,23.6,29.9,71.6,0.0,21.1,216.36,Ripening,4,0.0,4.04
III,Bulacan,San Miguel,2020-03-27,22.7,30.9,73.8,5.4,21.6,217.38,Ripening,4,0.16,5.37
III,Bulacan,San Miguel,2020-03-28,23.8,29.6,69.4,0.0,20.6,218.4,Ripening,4,0.12,4.46
III,Bulacan,San Miguel,2020-03-29,23.6,29.0,71.7,0.0,20.6,206.8,Ripening,6,0.16,2.79
III,Bulacan,San Miguel,2020-03-30,23.0,29.9,73.4,0.0,21.1,206.7,Ripening,5,0.21,2.97
III,Bulacan,San Miguel,2020-03-31,22.7,29.1,71.6,0.0,20.2,227.3,Ripening,4,0.04,1.02
III,Bulacan,San Miguel,2020-04-01,23.2,28.9,72.1,0.0,20.5,227.8,Ripening,1,0.0,0.45
III,Bulacan,San Miguel,2020-04-02,23.4,28.0,72.19999999999999,10.1,20.9,206.2,Ripening,1,0.18,1.63
III,Bulacan,San Miguel,2020-04-03,24.4,29.4,72.3,0.0,21.6,218.7,Ripening,4,0.0,0.53
III,Bulacan,San Miguel,2020-04-04,23.5,30.8,72.4,0.0,21.3,240.1,Ripening,0,0.08,0.0
III,Bulacan,San Miguel,2020-04-05,23.3,30.2,72.5,0.0,21.2,217.5,Ripening,0,0.04,0.16
III,Bulacan,San Miguel,2020-04-06,22.9,31.5,71.2,0.0,21.4,206.5,Ripening,0,0.12,0.02
III,Bulacan,San Miguel,2020-04-07,23.3,31.2,75.3,15.6,22.3,176.3,Ripening,0,0.104,0.17
III,Bulacan,San Miguel,2020-04-08,24.2,30.3,70.4,0.0,21.3,226.5,Ripening,0,0.088,0.15
III,Bulacan,San Miguel,2020-04-09,23.5,30.8,70.8,0.0,21.3,219.4,Ripening,0,0.07200000000000001,0.1
III,Bulacan,San Miguel,2020-04-10,24.1,30.5,73.0,0.0,21.9,224.8,Ripening,0,0.05600000000000001,0.02
III,Bulacan,San Miguel,2020-04-11,23.0,31.0,73.6,0.0,21.7,222.5,Ripening,0,0.04,0.11
III,Bulacan,San Miguel,2020-04-12,21.7,31.7,75.4,5.2,21.8,219.2,Ripening,0,0.06,0.01
III,Bulacan,San Miguel,2020-04-13,21.6,31.8,72.6,10.4,21.2,225.8,Ripening,0,0.07,0.05
III,Bulacan,San Miguel,2020-04-14,21.9,32.2,73.5,15.600000000000001,21.8,204.1,Ripening,0,0.21,0.1
III,Bulacan,San Miguel,2020-04-15,22.7,32.2,72.6,20.8,22.0,217.0,Ripening,0,0.02,0.03
III,Bulacan,San Miguel,2020-04-16,23.1,30.9,78.4,26.0,22.7,197.6,Ripening,0,0.0,0.09
III,Bulacan,San Miguel,2020-04-17,23.6,30.3,76.8,31.2,22.3,197.4,Ripening,0,0.08,0.04
III,Bulacan,San Miguel,2020-04-18,24.2,33.2,73.0,0.0,23.3,218.2,Ripening,0,0.0,0.04
III,Bulacan,San Miguel,2020-04-19,23.2,31.1,77.2,18.9,22.6,201.1,Ripening,0,0.0,0.06
III,Bulacan,San Miguel,2020-04-20,23.7,30.1,69.4,0.0,20.8,229.3,Ripening,0,0.08,0.07
III,Bulacan,San Miguel,2020-04-21,23.7,30.3,73.2,6.7,21.6,210.9,Ripening,0,0.01,0.0
III,Bulacan,San Miguel,2020-04-22,23.1,31.3,68.1,0.0,20.8,235.2,Ripening,0,0.09,0.18
III,Bulacan,San Miguel,2020-04-23,22.7,31.4,68.8,0.3,20.8,210.0,Ripening,0,0.09,0.0
III,Bulacan,San Miguel,2020-04-24,22.1,31.3,70.7,0.0,20.8,213.7,Ripening,0,0.15,0.08
III,Bulacan,San Miguel,2020-04-25,22.3,32.9,68.7,0.0,21.3,220.1,Ripening,0,0.0,0.13
III,Bulacan,San Miguel,2020-04-26,22.5,32.5,69.8,0.0,21.5,211.4,Ripening,0,0.06,0.24
III,Bulacan,San Miguel,2020-04-27,23.9,32.8,70.5,0.0,22.4,214.4,Ripening,0,0.08,0.09
III,Bulacan,San Miguel,2020-04-28,23.5,32.9,70.0,0.0,22.2,219.9,Ripening,0,0.1,0.01
III,Bulacan,San Miguel,2020-04-29,22.7,32.7,80.3,8.2,23.8,209.2,Ripening,0,0.14,0.09
III,Bulacan,San Miguel,2020-04-30,23.3,32.3,77.3,0.0,23.3,222.2,Ripening,0,0.09,0.27
III,Bulacan,San Miguel,2020-05-01,24.2,32.5,74.9,0.0,23.3,224.2,Ripening,0,0.01,0.0
III,Bulacan,San Miguel,2020-05-02,24.4,32.0,75.9,0.0,23.4,215.9,Ripening,0,0.24,0.09
III,Bulacan,San Miguel,2020-05-03,23.3,32.2,76.1,0.0,23.0,217.1,Seedling,0,0.12,0.17
III,Bulacan,San Miguel,2020-05-04,23.9,32.8,78.5,0.0,24.0,219.2,Seedling,0,0.05,0.0
III,Bulacan,San Miguel,2020-05-05,23.1,33.1,75.6,0.0,23.2,210.1,Seedling,0,0.11,0.11
III,Bulacan,San Miguel,2020-05-06,22.1,33.6,74.5,0.0,22.8,217.1,Seedling,0,0.11,0.11
III,Bulacan,San Miguel,2020-05-07,22.400000000000002,32.6,77.4,0.0,23.1,218.9,Seedling,0,0.0,0.12
III,Bulacan,San Miguel,2020-05-08,22.7,33.4,74.3,0.0,23.2,204.3,Seedling,1,0.13,0.1
III,Bulacan,San Miguel,2020-05-09,23.0,33.7,73.6,0.0,23.4,217.0,Seedling,0,0.0,0.0
III,Bulacan,San Miguel,2020-05-10,23.3,33.1,74.9,9.4,23.3,208.9,Seedling,0,0.04,0.09
III,Bulacan,San Miguel,2020-05-11,23.599999999999998,32.6,72.2,0.0,22.5,214.9,Seedling,0,0.07,0.3
III,Bulacan,San Miguel,2020-05-12,23.9,31.6,76.7,0.0,23.1,201.6,Seedling,0,0.0,0.09
III,Bulacan,San Miguel,2020-05-13,23.5,30.5,73.9,0.0,21.8,221.3,Seedling,0,0.05,0.06
III,Bulacan,San Miguel,2020-05-14,24.5,31.8,72.8,0.0,22.7,228.5,Seedling,0,0.19,0.0
III,Bulacan,San Miguel,2020-05-15,23.4,33.4,71.3,0.0,22.7,216.4,Seedling,0,0.0,0.2
III,Bulacan,San Miguel,2020-05-16,22.0,30.4,76.3,14.5,22.53333333333333,206.6,Seedling,0,0.0,0.14
III,Bulacan,San Miguel,2020-05-17,22.8,31.5,74.2,0.0,22.366666666666667,210.1,Seedling,0,0.15,0.17
III,Bulacan,San Miguel,2020-05-18,23.4,31.4,74.0,0.0,22.2,220.0,Seedling,0,0.18,0.0
III,Bulacan,San Miguel,2020-05-19,24.0,32.1,75.8,0.0,23.2,209.1,Seedling,1,0.0,0.08
III,Bulacan,San Miguel,2020-05-20,24.0,31.6,76.33333333333333,0.0,22.7,200.8,Seedling,0,0.0,0.0
III,Bulacan,San Miguel,2020-05-21,24.1,32.0,76.86666666666667,4.2,24.0,206.4,Seedling,0,0.0,0.26
III,Bulacan,San Miguel,2020-05-22,24.0,33.2,77.4,0.0,24.1,219.1,Seedling,0,0.0,0.08
III,Bulacan,San Miguel,2020-05-23,23.4,34.0,77.8,0.0,24.3,215.9,Seedling,0,0.03,0.01
III,Bulacan,San Miguel,2020-05-24,23.6,33.5,77.4,0.0,24.0,217.8,Seedling,0,0.12,0.09
III,Bulacan,San Miguel,2020-05-25,22.8,33.1,82.1,0.0,24.4,204.1,Seedling,0,0.11,0.0
III,Bulacan,San Miguel,2020-05-26,22.0,31.4,83.6,5.7,23.4,206.2,Seedling,1,0.11,0.1
III,Bulacan,San Miguel,2020-05-27,23.6,31.7,82.2,0.0,24.1,208.0,Seedling,0,0.02,0.16
III,Bulacan,San Miguel,2020-05-28,23.2,32.15,79.7,12.1,23.2,197.6,Seedling,0,0.16,0.03
III,Bulacan,San Miguel,2020-05-29,24.3,32.6,79.4,21.0,23.8,199.7,Seedling,0,0.2,0.04
III,Bulacan,San Miguel,2020-05-30,23.3,33.05,81.8,3.5,24.3,213.7,Seedling,0,0.05,0.04
III,Bulacan,San Miguel,2020-05-31,23.2,33.5,81.0,5.3,24.6,213.6,Seedling,0,0.05,0.08
III,Bulacan,San Miguel,2020-06-01,24.3,33.5,78.9,0.0,24.7,215.3,Seedling,29,2.13,0.0
III,Bulacan,San Miguel,2020-06-02,24.6,32.3,82.6,13.1,25.0,189.3,Seedling,21,1.27,0.12
III,Bulacan,San Miguel,2020-06-03,24.3,31.0,81.6,16.8,24.0,192.5,Seedling,25,1.59,0.08
III,Bulacan,San Miguel,2020-06-04,23.3,31.2,79.3,35.6,23.1,191.0,Seedling,12,1.1,0.11
III,Bulacan,San Miguel,2020-06-05,25.5,31.8,75.2,0.0,23.7,201.8,Seedling,17,0.94,0.08
III,Bulacan,San Miguel,2020-06-06,25.2,33.0,75.5,0.0,24.2,196.0,Seedling,14,1.28,0.08
III,Bulacan,San Miguel,2020-06-07,24.4,34.3,73.3,0.0,24.0,218.8,Seedling,18,0.66,0.1
III,Bulacan,San Miguel,2020-06-08,24.6,32.0,76.3,0.0,23.6,211.8,Seedling,12,1.44,0.0
III,Bulacan,San Miguel,2020-06-09,24.2,31.3,77.6,0.0,23.3,201.1,Seedling,7,0.13,0.0
III,Bulacan,San Miguel,2020-06-10,23.7,33.8,76.2,0.0,24.0,209.7,Seedling,8,0.7,0.01
III,Bulacan,San Miguel,2020-06-11,23.4,31.8,78.1,0.0,23.2,203.4,Seedling,6,1.16,0.18
III,Bulacan,San Miguel,2020-06-12,23.1,31.5,78.7,0.0,23.0,213.4,Seedling,4,0.89,0.05
III,Bulacan,San Miguel,2020-06-13,23.0,30.2,80.6,26.7,22.7,175.5,Seedling,6,0.05,0.13
III,Bulacan,San Miguel,2020-06-14,22.7,31.0,81.2,27.8,23.1,172.2,Seedling,10,0.67,0.0
III,Bulacan,San Miguel,2020-06-15,23.2,32.4,74.7,0.0,22.7,206.9,Seedling,8,0.26,0.08
III,Bulacan,San Miguel,2020-06-16,23.6,32.7,79.1,0.0,24.0,205.7,Tillering,12,1.5,0.11
III,Bulacan,San Miguel,2020-06-17,23.8,33.1,78.5,0.0,24.2,202.4,Tillering,13,0.0,0.23
III,Bulacan,San Miguel,2020-06-18,24.1,32.9,80.4,14.0,24.6,198.7,Tillering,12,0.79,0.08
III,Bulacan,San Miguel,2020-06-19,22.8,32.6,81.5,14.1,24.0,184.5,Tillering,16,0.69,0.0
III,Bulacan,San Miguel,2020-06-20,23.0,34.7,80.0,7.1,23.933333333333334,199.2,Tillering,17,1.18,0.08
III,Bulacan,San Miguel,2020-06-21,23.8,34.1,77.8,2.9,23.866666666666667,205.5,Tillering,18,0.14,0.1
III,Bulacan,San Miguel,2020-06-22,22.8,32.9,79.3,12.1,23.8,196.7,Tillering,22,0.37,0.13
III,Bulacan,San Miguel,2020-06-23,22.4,31.9,75.9,0.0,23.733333333333334,196.8,Tillering,15,0.54,0.0
III,Bulacan,San Miguel,2020-06-24,23.1,31.2,81.7,3.6,23.666666666666668,197.1,Tillering,11,0.33,0.07
III,Bulacan,San Miguel,2020-06-25,24.1,31.7,78.6,0.0,23.6,197.1,Tillering,10,0.66,0.03
III,Bulacan,San Miguel,2020-06-26,23.4,32.5,82.1,0.0,24.4,200.7,Tillering,16,0.81,0.23
III,Bulacan,San Miguel,2020-06-27,23.8,32.1,76.0,0.0,23.2,203.3,Tillering,11,0.13,0.07
III,Bulacan,San Miguel,2020-06-28,23.8,32.1,81.8,0.0,24.3,183.8,Tillering,10,1.44,0.15
III,Bulacan,San Miguel,2020-06-29,24.2,33.1,76.5,0.0,24.0,223.4,Tillering,16,1.07,0.02
III,Bulacan,San Miguel,2020-06-30,24.4,32.6,74.4,0.0,23.4,229.8,Tillering,12,0.85,0.2
III,Bulacan,San Miguel,2020-07-01,24.9,32.2,77.4,0.0,24.0,213.2,Tillering,4,0.95,0.11
III,Bulacan,San Miguel,2020-07-02,23.9,31.6,79.6,11.8,23.7,186.3,Tillering,9,0.65,0.1
III,Bulacan,San Miguel,2020-07-03,24.8,31.6,76.8,0.0,23.6,218.6,Tillering,5,0.18,0.16
III,Bulacan,San Miguel,2020-07-04,24.3,32.8,79.4,8.2,24.4,201.6,Tillering,6,0.71,0.0
III,Bulacan,San Miguel,2020-07-05,23.7,33.3,77.6,24.9,24.0,192.1,Tillering,3,1.07,0.1
III,Bulacan,San Miguel,2020-07-06,24.3,34.9,78.6,0.0,25.3,219.8,Tillering,4,0.0,0.05
III,Bulacan,San Miguel,2020-07-07,23.2,34.3,86.3,3.9,26.0,199.6,Tillering,7,0.4,0.07
III,Bulacan,San Miguel,2020-07-08,23.2,34.9,81.9,1.3,25.4,198.6,Tillering,7,1.23,0.14
III,Bulacan,San Miguel,2020-07-09,23.4,35.7,75.5,0.0,24.6,206.5,Tillering,8,2.11,0.11
III,Bulacan,San Miguel,2020-07-10,23.8,33.2,76.1,0.0,23.7,208.2,Tillering,4,2.45,0.23
III,Bulacan,San Miguel,2020-07-11,22.8,33.2,78.9,21.0,23.8,190.0,Elongation,4,3.99,0.13
III,Bulacan,San Miguel,2020-07-12,22.9,31.0,79.1,35.1,22.8,171.8,Elongation,4,3.44,0.08
III,Bulacan,San Miguel,2020-07-13,24.0,32.4,76.2,0.0,23.333333333333336,179.03333333333333,Elongation,6,3.97,0.14
III,Bulacan,San Miguel,2020-07-14,24.1,32.6,72.8,0.0,23.866666666666667,186.26666666666668,Elongation,1,3.36,0.11
III,Bulacan,San Miguel,2020-07-15,23.8,32.9,82.2,6.4,24.4,193.5,Elongation,3,3.02,0.0
III,Bulacan,San Miguel,2020-07-16,24.2,33.4,79.4,0.0,24.933333333333334,203.0,Elongation,4,5.01,0.11
III,Bulacan,San Miguel,2020-07-17,25.5,34.9,83.9,2.3,25.46666666666667,185.4,Elongation,5,4.27,0.0
III,Bulacan,San Miguel,2020-07-18,24.8,36.2,77.7,1.9166666666666665,26.0,207.9,Elongation,3,5.48,0.13
III,Bulacan,San Miguel,2020-07-19,24.3,34.6,82.2,1.5333333333333332,25.9,194.0,Elongation,3,5.51,0.0
III,Bulacan,San Miguel,2020-07-20,23.3,33.5,78.2,1.15,24.0,201.3,Elongation,5,4.39,0.14
III,Bulacan,San Miguel,2020-07-21,23.3,33.1,80.6,0.7666666666666666,24.3,198.1,Elongation,4,5.3,0.0
III,Bulacan,San Miguel,2020-07-22,23.5,30.8,81.2,0.3833333333333333,23.4,158.3,Elongation,6,3.23,0.07
III,Bulacan,San Miguel,2020-07-23,23.5,34.1,73.4,0.0,23.5,203.5,Elongation,0,2.92,0.19
III,Bulacan,San Miguel,2020-07-24,24.2,33.9,79.8,5.2,25.0,200.9,Elongation,1,3.84,0.12
III,Bulacan,San Miguel,2020-07-25,24.1,34.1,77.2,0.0,24.5,198.0,Elongation,4,3.08,0.11
III,Bulacan,San Miguel,2020-07-26,23.9,33.7,82.6,11.7,25.3,186.8,Elongation,1,5.31,0.07
III,Bulacan,San Miguel,2020-07-27,24.5,33.3,80.8,0.0,25.1,194.5,Elongation,5,4.17,0.06
III,Bulacan,San Miguel,2020-07-28,24.8,33.4,82.6,0.0,25.6,207.4,Elongation,10,4.77,0.0
III,Bulacan,San Miguel,2020-07-29,24.9,33.5,79.7,0.0,25.1,204.3,Elongation,7,4.95,0.0
III,Bulacan,San Miguel,2020-07-30,23.3,32.8,85.1,6.8,25.1,192.8,Elongation,10,3.82,0.03
III,Bulacan,San Miguel,2020-07-31,23.6,31.9,80.9,0.0,23.9,193.7,Panicle,7,0.0,6.43
III,Bulacan,San Miguel,2020-08-01,23.9,31.8,85.1,2.8,24.9,192.5,Panicle,9,0.15,2.45
III,Bulacan,San Miguel,2020-08-02,24.3,33.3,84.5,4.4,25.7,201.6,Panicle,10,0.0,1.62
III,Bulacan,San Miguel,2020-08-03,24.1,32.6,84.0,12.6,25.2,179.0,Panicle,9,0.06,1.87
III,Bulacan,San Miguel,2020-08-04,24.6,34.5,80.3,0.0,25.6,203.3,Panicle,11,0.07,2.34
III,Bulacan,San Miguel,2020-08-05,23.3,34.6,81.6,10.0,25.3,184.6,Panicle,13,0.11,3.45
III,Bulacan,San Miguel,2020-08-06,23.7,34.0,80.2,11.4,24.9,201.9,Panicle,16,0.13,2.09
III,Bulacan,San Miguel,2020-08-07,24.4,32.6,76.3,0.0,23.8,200.4,Panicle,7,0.07,1.5
III,Bulacan,San Miguel,2020-08-08,25.5,32.3,78.2,0.0,24.5,187.4,Panicle,12,0.14,2.03
III,Bulacan,San Miguel,2020-08-09,23.9,32.8,73.9,0.0,23.1,186.1,Panicle,5,0.18,2.05
III,Bulacan,San Miguel,2020-08-10,23.7,32.4,81.5,9.0,24.3,185.9,Panicle,10,0.1,0.45
III,Bulacan,San Miguel,2020-08-11,23.1,32.1,84.5,17.6,24.5,198.6,Panicle,10,0.05,0.0
III,Bulacan,San Miguel,2020-08-12,23.2,32.8,81.5,46.5,24.3,170.7,Panicle,10,0.02,0.54
III,Bulacan,San Miguel,2020-08-13,23.5,34.7,86.6,6.1,26.4,184.3,Panicle,9,0.16,0.05
III,Bulacan,San Miguel,2020-08-14,22.7,35.5,86.8,12.6,26.5,185.6,Panicle,5,0.08,1.89
III,Bulacan,San Miguel,2020-08-15,22.3,34.0,83.9,22.5,24.9,173.4,Flowering,4,0.16,1.16
III,Bulacan,San Miguel,2020-08-16,22.9,33.8,81.6,11.3,24.7,193.8,Flowering,4,0.1,1.67
III,Bulacan,San Miguel,2020-08-17,23.5,35.9,82.8,6.4,26.3,202.0,Flowering,4,0.07,2.9
III,Bulacan,San Miguel,2020-08-18,23.4,34.4,79.0,10.9,24.7,178.6,Flowering,9,0.08,3.53
III,Bulacan,San Miguel,2020-08-19,24.3,34.6,75.4,0.0,24.5,201.1,Flowering,4,0.11,2.72
III,Bulacan,San Miguel,2020-08-20,25.4,34.3,77.1,0.0,25.3,204.2,Flowering,1,0.05,2.39
III,Bulacan,San Miguel,2020-08-21,25.3,33.6,82.2,2.2,25.9,193.0,Flowering,9,0.0,2.98
III,Bulacan,San Miguel,2020-08-22,24.8,32.5,82.0,24.6,25.0,166.7,Flowering,3,0.14,0.58
III,Bulacan,San Miguel,2020-08-23,24.700000000000003,33.35,82.3,0.0,26.1,204.0,Flowering,14,0.09,1.8
III,Bulacan,San Miguel,2020-08-24,24.6,34.2,83.3,0.0,26.1,198.6,Flowering,10,0.04,3.89
III,Bulacan,San Miguel,2020-08-25,24.5,32.8,87.2,11.6,26.1,195.0,Flowering,12,0.15,2.63
III,Bulacan,San Miguel,2020-08-26,25.1,33.4,84.6,0.0,26.2,198.7,Flowering,13,0.05,3.78
III,Bulacan,San Miguel,2020-08-27,24.5,31.6,87.0,37.7,25.4,162.1,Flowering,9,0.22,2.66
III,Bulacan,San Miguel,2020-08-28,24.3,32.3,84.7,50.4,25.2,159.2,Flowering,9,0.19,1.9
III,Bulacan,San Miguel,2020-08-29,23.9,33.5,84.0,3.6,25.5,183.4,Ripening,4,0.06,1.8
III,Bulacan,San Miguel,2020-08-30,24.0,34.9,76.4,0.0,24.7,210.9,Ripening,1,0.12,0.07
III,Bulacan,San Miguel,2020-08-31,24.4,34.0,78.2,0.0,24.8,191.5,Ripening,5,0.08,0.92
III,Bulacan,San Miguel,2020-09-01,24.5,34.5,81.2,0.0,25.7,191.9,Ripening,3,0.0,0.71
III,Bulacan,San Miguel,2020-09-02,24.6,34.8,86.1,4.6,26.9,187.9,Ripening,3,0.0,0.79
III,Bulacan,San Miguel,2020-09-03,24.5,33.1,86.6,25.0,26.1,169.3,Ripening,3,0.11,0.82
III,Bulacan,San Miguel,2020-09-04,25.8,33.8,80.9,23.0,26.0,178.1,Ripening,6,0.0,0.0
III,Bulacan,San Miguel,2020-09-05,25.9,34.8,78.6,0.0,26.1,203.2,Ripening,12,0.01,1.28
III,Bulacan,San Miguel,2020-09-06,25.2,33.9,81.0,0.0,25.7,197.5,Ripening,6,0.07,0.72
III,Bulacan,San Miguel,2020-09-07,24.9,33.5,75.8,0.0,24.4,198.7,Ripening,5,0.18,0.82
III,Bulacan,San Miguel,2020-09-08,24.1,33.3,82.7,20.4,25.2,167.2,Ripening,1,0.14,1.8
III,Bulacan,San Miguel,2020-09-09,23.1,31.6,82.9,23.5,23.9,174.4,Ripening,3,0.01,0.43
III,Bulacan,San Miguel,2020-09-10,23.7,32.1,87.1,112.2,25.3,139.4,Ripening,1,0.13,2.17
III,Bulacan,San Miguel,2020-09-11,24.0,33.5,82.5,0.9,25.2,196.1,Ripening,0,0.0,1.28
III,Bulacan,San Miguel,2020-09-12,23.8,33.2,81.0,0.8,24.7,188.6,Ripening,0,0.16,0.33
III,Bulacan,San Miguel,2020-09-13,23.2,32.5,86.2,22.8,25.1,189.4,Ripening,3,0.07,0.0
III,Bulacan,San Miguel,2020-09-14,24.3,33.8,83.5,0.0,25.7,194.6,Ripening,2,0.07,0.46
III,Bulacan,San Miguel,2020-09-15,24.1,33.9,81.5,0.0,25.3,186.2,Ripening,2,0.04,0.4
III,Bulacan,San Miguel,2020-09-16,24.2,33.9,81.0,2.3,25.2,196.5,Ripening,1,0.08,0.11
III,Bulacan,San Miguel,2020-09-17,24.3,34.3,78.2,0.0,24.9,207.1,Ripening,0,0.04,0.3
III,Bulacan,San Miguel,2020-09-18,23.9,32.8,79.4,0.0,24.2,190.6,Ripening,0,0.15,0.0
III,Bulacan,San Miguel,2020-09-19,23.1,32.7,83.1,23.7,24.5,181.6,Ripening,0,0.0,0.32
III,Bulacan,San Miguel,2020-09-20,23.8,33.8,88.6,4.2,26.5,190.9,Ripening,1,0.0,1.04
III,Bulacan,San Miguel,2020-09-21,24.3,35.5,83.4,0.0,26.6,191.4,Ripening,1,0.19,0.96
III,Bulacan,San Miguel,2020-09-22,23.5,34.8,82.9,0.0,25.7,201.5,Ripening,3,0.05,1.57
III,Bulacan,San Miguel,2020-09-23,22.7,32.0,85.7,43.3,24.5,164.1,Ripening,0,0.16,0.0
III,Bulacan,San Miguel,2020-09-24,24.0,35.2,86.3,10.4,26.9,186.5,Ripening,0,0.0,0.08
III,Bulacan,San Miguel,2020-09-25,23.7,33.4,85.0,20.1,25.5,190.9,Ripening,0,0.0175,0.17
III,Bulacan,San Miguel,2020-09-26,24.9,34.6,79.6,0.0,25.7,204.4,Ripening,0,0.035,0.17
III,Bulacan,San Miguel,2020-09-27,24.6,33.6,80.0,0.0,25.1,201.2,Ripening,0,0.052500000000000005,0.08
III,Bulacan,San Miguel,2020-09-28,24.3,33.3,82.6,28.2,25.3,174.2,Ripening,0,0.07,0.06
III,Bulacan,San Miguel,2020-09-29,25.5,34.4,82.5,6.5,26.4,199.1,Ripening,0,0.09,0.0
III,Bulacan,San Miguel,2020-09-30,26.0,33.9,82.3,2.8,26.4,202.4,Ripening,0,0.0,0.04
III,Bulacan,San Miguel,2020-10-01,24.9,32.3,81.3,6.3,24.9,195.5,Ripening,0,0.04,0.06
III,Bulacan,San Miguel,2020-10-02,25.1,33.5,85.0,10.9,26.3,186.9,Ripening,0,0.0,0.18
III,Bulacan,San Miguel,2020-10-03,24.7,33.1,82.3,35.8,25.4,175.5,Ripening,0,0.05,0.12
III,Bulacan,San Miguel,2020-10-04,23.9,33.7,85.2,28.7,25.8,165.4,Ripening,0,0.04,0.06
III,Bulacan,San Miguel,2020-10-05,24.7,35.0,79.7,0.6,25.8,196.5,Ripening,0,0.1,0.0
III,Bulacan,San Miguel,2020-10-06,24.2,31.9,82.0,19.4,24.4,184.9,Ripening,0,0.05,0.09
III,Bulacan,San Miguel,2020-10-07,23.9,32.8,81.8,7.8,24.7,187.1,Ripening,0,0.09,0.19
III,Bulacan,San Miguel,2020-10-08,23.2,30.8,83.5,101.1,23.7,145.0,Ripening,0,0.12,0.21
III,Bulacan,San Miguel,2020-10-09,23.5,31.3,80.4,0.0,24.7,201.3,Ripening,0,0.24,0.17
III,Bulacan,San Miguel,2020-10-10,22.8,31.8,78.9,0.0,23.2,195.0,Ripening,0,0.19,0.07
III,Bulacan,San Miguel,2020-10-11,22.9,32.3,79.8,0.0,23.6,208.7,Ripening,0,0.0,0.06
III,Bulacan,San Miguel,2020-10-12,23.3,32.8,84.1,24.4,23.7,183.9,Ripening,0,0.2,0.057999999999999996
III,Bulacan,San Miguel,2020-10-13,23.5,33.3,78.7,0.0,24.1,206.7,Ripening,0,0.13,0.056
III,Bulacan,San Miguel,2020-10-14,22.9,33.4,82.1,16.6,24.6,189.3,Ripening,0,0.01,0.054
III,Bulacan,San Miguel,2020-10-15,23.9,34.0,77.9,0.0,24.5,203.4,Ripening,0,0.07,0.052000000000000005
III,Bulacan,San Miguel,2020-10-16,24.4,34.3,78.1,0.0,25.0,202.0,Ripening,0,0.04,0.05
III,Bulacan,San Miguel,2020-10-17,23.1,33.3,84.0,58.8,25.0,145.9,Ripening,0,0.0,0.05
III,Bulacan,San Miguel,2020-10-18,22.8,35.5,81.8,14.2,25.5,201.7,Ripening,0,0.24,0.13
III,Bulacan,San Miguel,2020-10-19,24.0,34.2,81.3,13.8,25.4,179.9,Ripening,0,0.17,0.16
III,Bulacan,San Miguel,2020-10-20,25.0,34.8,83.1,4.4,26.5,201.2,Ripening,0,0.32,0.0
III,Bulacan,San Miguel,2020-10-21,24.0,33.8,83.8,2.5,25.7,206.7,Ripening,0,0.18,0.08
III,Bulacan,San Miguel,2020-10-22,24.4,32.8,81.6,0.6,24.9,211.8,Ripening,1,0.06,0.12
III,Bulacan,San Miguel,2020-10-23,24.9,32.3,83.1,0.0,25.2,192.1,Ripening,0,0.14,0.15
III,Bulacan,San Miguel,2020-10-24,23.7,31.1,83.6,0.0,24.1,200.9,Ripening,0,0.2,0.0
III,Bulacan,San Miguel,2020-10-25,24.4,31.5,78.5,0.0,23.6,199.8,Ripening,0,0.14,0.12
III,Bulacan,San Miguel,2020-10-26,24.3,32.8,80.4,0.0,24.6,209.1,Ripening,1,0.22,0.12
III,Bulacan,San Miguel,2020-10-27,24.5,32.2,77.9,0.0,23.9,215.0,Ripening,0,0.06,0.01
III,Bulacan,San Miguel,2020-10-28,24.8,32.4,78.4,0.0,24.3,206.9,Seedling,0,0.14,0.02
III,Bulacan,San Miguel,2020-10-29,25.0,31.1,76.0,0.0,23.2,200.1,Seedling,1,0.02,0.15
III,Bulacan,San Miguel,2020-10-30,24.4,31.3,75.7,0.0,23.0,190.1,Seedling,0,0.09,0.09
III,Bulacan,San Miguel,2020-10-31,22.9,32.5,79.6,7.3,23.6,208.9,Seedling,0,0.1,0.07
III,Bulacan,San Miguel,2020-11-01,22.6,31.9,81.6,1.9,23.6,207.2,Seedling,0,0.17,0.09
III,Bulacan,San Miguel,2020-11-02,22.6,31.2,79.8,0.0,22.9,212.1,Seedling,0,0.0,0.16
III,Bulacan,San Miguel,2020-11-03,22.7,30.3,85.2,69.1,23.5,153.8,Seedling,0,0.2,0.15
III,Bulacan,San Miguel,2020-11-04,22.9,33.2,79.0,0.0,23.8,209.9,Seedling,0,0.03,0.0
III,Bulacan,San Miguel,2020-11-05,22.6,33.6,79.1,0.0,23.9,199.7,Seedling,0,0.15,0.07
III,Bulacan,San Miguel,2020-11-06,22.7,32.6,83.2,11.5,24.3,198.2,Seedling,0,0.2,0.0
III,Bulacan,San Miguel,2020-11-07,24.4,34.0,79.7,0.0,25.1,196.8,Seedling,0,0.0,0.0
III,Bulacan,San Miguel,2020-11-08,24.0,33.2,82.7,39.8,25.1,168.4,Seedling,0,0.06,0.12
III,Bulacan,San Miguel,2020-11-09,23.6,32.800000000000004,85.1,13.9,25.8,192.1,Seedling,0,0.12,0.12
III,Bulacan,San Miguel,2020-11-10,24.1,32.4,79.6,1.1,24.7,205.4,Seedling,0,0.18,0.0
III,Bulacan,San Miguel,2020-11-11,23.9,32.0,78.5,0.0,24.0,216.0,Seedling,1,0.24,0.11
III,Bulacan,San Miguel,2020-11-12,24.0,31.6,77.0,0.0,23.8,212.0,Seedling,0,0.22,0.0
III,Bulacan,San Miguel,2020-11-13,22.6,31.2,77.6,0.0,22.4,191.6,Seedling,0,0.0,0.03
III,Bulacan,San Miguel,2020-11-14,22.7,31.6,84.0,14.8,24.0,198.9,Seedling,0,0.09,0.11
III,Bulacan,San Miguel,2020-11-15,22.4,32.2,85.3,5.8,24.4,204.0,Seedling,0,0.05,0.03
III,Bulacan,San Miguel,2020-11-16,23.1,31.9,82.2,0.0,23.9,214.8,Seedling,0,0.02,0.12
III,Bulacan,San Miguel,2020-11-17,23.6,29.9,90.2,2.1,24.8,209.7,Seedling,0,0.21,0.01
III,Bulacan,San Miguel,2020-11-18,22.7,30.7,88.7,10.3,24.4,206.2,Seedling,0,0.08,0.0
III,Bulacan,San Miguel,2020-11-19,24.6,32.4,83.0,0.0,25.1,199.9,Seedling,0,0.0,0.01
III,Bulacan,San Miguel,2020-11-20,24.4,32.3,78.9,0.0,24.1,212.4,Seedling,0,0.11,0.0
III,Bulacan,San Miguel,2020-11-21,23.2,32.4,81.0,0.0,24.0,213.9,Seedling,0,0.01,0.01
III,Bulacan,San Miguel,2020-11-22,23.1,33.0,82.65,28.75,24.9,207.8,Seedling,0,0.06,0.0
III,Bulacan,San Miguel,2020-11-23,22.8,31.7,84.3,57.5,24.1,160.9,Seedling,0,0.14,0.17
III,Bulacan,San Miguel,2020-11-24,23.7,31.9,79.3,0.0,23.7,218.7,Seedling,0,0.16,0.05
III,Bulacan,San Miguel,2020-11-25,23.5,32.2,79.1,0.0,23.7,205.4,Seedling,0,0.12,0.01
III,Bulacan,San Miguel,2020-11-26,23.8,32.0,81.2,9.4,24.1,203.4,Seedling,0,0.13,0.18
III,Bulacan,San Miguel,2020-11-27,24.2,32.8,78.6,0.0,24.2,209.2,Seedling,0,0.0,0.2
III,Bulacan,San Miguel,2020-11-28,23.6,32.8,76.3,0.0,23.5,207.9,Seedling,0,0.0,0.05
III,Bulacan,San Miguel,2020-11-29,24.2,32.7,75.3,0.0,23.5,215.5,Seedling,0,0.15,0.05
III,Bulacan,San Miguel,2020-11-30,25.0,31.7,77.7,0.0,23.9,218.6,Seedling,0,0.05,0.1
III,Bulacan,San Miguel,2020-12-01,24.0,32.2,82.5,12.7,24.6,216.0,Seedling,0,0.07,0.0
III,Bulacan,San Miguel,2020-12-02,25.0,32.5,80.9,0.0,24.9,215.5,Seedling,0,0.0,0.03
III,Bulacan,San Miguel,2020-12-03,23.5,31.8,81.5,0.0,24.0,219.3,Seedling,1,0.15,0.0
III,Bulacan,San Miguel,2020-12-04,23.4,31.4,79.0,12.4,23.2,202.9,Seedling,0,1.05,0.06
III,Bulacan,San Miguel,2020-12-05,24.1,33.1,72.8,0.0,23.2,202.5,Seedling,1,0.0,0.19
III,Bulacan,San Miguel,2020-12-06,23.1,31.4,78.1,4.8,22.9,201.6,Seedling,2,0.09333333333333334,0.05
III,Bulacan,San Miguel,2020-12-07,24.0,31.4,76.5,0.0,23.0,205.8,Seedling,0,0.18666666666666668,0.13
III,Bulacan,San Miguel,2020-12-08,23.0,31.4,77.1,0.0,22.6,218.7,Seedling,2,0.28,0.15
III,Bulacan,San Miguel,2020-12-09,23.3,32.1,77.7,0.0,23.2,230.4,Seedling,0,0.37,0.18
III,Bulacan,San Miguel,2020-12-10,23.5,32.7,78.0,0.0,23.7,199.1,Seedling,1,0.42,0.02
III,Bulacan,San Miguel,2020-12-11,24.3,33.5,74.7,0.0,23.8,210.5,Seedling,0,0.7,0.11
III,Bulacan,San Miguel,2020-12-12,24.7,33.9,75.6,0.0,24.4,209.5,Seedling,2,0.0,0.06
III,Bulacan,San Miguel,2020-12-13,23.7,32.8,74.9,0.0,23.2,208.9,Seedling,0,0.62,0.14
III,Bulacan,San Miguel,2020-12-14,23.9,32.7,75.8,0.0,23.5,217.9,Seedling,1,0.0,0.28
III,Bulacan,San Miguel,2020-12-15,23.9,31.8,72.6,0.0,22.4,220.2,Seedling,0,0.52,0.18
III,Bulacan,San Miguel,2020-12-16,24.8,31.2,72.6,0.0,22.5,205.2,Seedling,1,0.0,0.16
III,Bulacan,San Miguel,2020-12-17,23.7,32.4,72.8,0.0,22.6,199.0,Seedling,0,0.1,0.1
III,Bulacan,San Miguel,2020-12-18,23.2,30.0,77.5,8.7,22.1,200.2,Tillering,1,0.02,0.0
III,Bulacan,San Miguel,2020-12-19,22.3,30.0,74.1,0.0,21.0,208.4,Tillering,2,0.0,0.07
III,Bulacan,San Miguel,2020-12-20,22.6,29.8,78.9,18.8,22.0,203.9,Tillering,0,0.17,0.03
III,Bulacan,San Miguel,2020-12-21,23.8,32.0,74.0,0.0,22.7,233.0,Tillering,1,1.19,0.06
III,Bulacan,San Miguel,2020-12-22,23.3,32.3,77.3,8.7,23.3,200.9,Tillering,0,0.27,0.06
III,Bulacan,San Miguel,2020-12-23,24.2,31.0,70.6,0.0,21.7,224.8,Tillering,1,0.0,0.14
III,Bulacan,San Miguel,2020-12-24,23.6,31.2,72.2,0.0,21.8,221.7,Tillering,4,0.03,0.14
III,Bulacan,San Miguel,2020-12-25,23.4,30.5,70.0,0.0,21.0,212.4,Tillering,0,0.0,0.05
III,Bulacan,San Miguel,2020-12-26,23.6,31.7,73.5,0.0,22.3,214.3,Tillering,1,0.4,0.18
III,Bulacan,San Miguel,2020-12-27,22.7,32.3,72.7,0.0,22.0,207.3,Tillering,3,0.91,0.17
III,Bulacan,San Miguel,2020-12-28,24.0,31.5,71.4,0.0,22.0,212.8,Tillering,3,0.02,0.07
III,Bulacan,San Miguel,2020-12-29,24.0,31.5,74.5,0.0,22.6,229.9,Tillering,4,0.96,0.02
III,Bulacan,San Miguel,2020-12-30,23.8,32.7,77.5,0.0,23.8,217.6,Tillering,0,0.01,0.06
III,Bulacan,San Miguel,2020-12-31,22.9,32.6,76.0,0.0,23.0,214.2,Tillering,1,1.1,0.05
III,Bulacan,San Miguel,2021-01-01,21.6,30.5,74.1,0.0,20.9,229.7,Tillering,0,0.76,0.15
III,Bulacan,San Miguel,2021-01-02,20.5,31.5,75.7,0.0,21.1,206.5,Tillering,1,0.82,0.23
III,Bulacan,San Miguel,2021-01-03,21.2,31.6,82.8,21.1,23.0,187.3,Tillering,2,0.22,0.03
III,Bulacan,San Miguel,2021-01-04,23.2,33.4,75.2,0.0,23.3,203.9,Tillering,0,0.53,0.14
III,Bulacan,San Miguel,2021-01-05,24.1,34.4,73.3,0.0,23.9,205.6,Tillering,3,0.33,0.06
III,Bulacan,San Miguel,2021-01-06,23.9,33.6,73.0,0.0,23.4,207.3,Tillering,3,0.0,0.0
III,Bulacan,San Miguel,2021-01-07,24.1,33.5,75.4,0.0,23.9,209.0,Tillering,1,1.45,0.15
III,Bulacan,San Miguel,2021-01-08,23.7,30.5,78.0,24.3,22.7,210.7,Tillering,1,1.56,0.15
III,Bulacan,San Miguel,2021-01-09,24.3,32.2,77.3,0.0,22.7,219.8,Tillering,1,1.35,0.12
III,Bulacan,San Miguel,2021-01-10,24.0,31.4,76.6,0.0,22.5,203.3,Tillering,4,2.02,0.0
III,Bulacan,San Miguel,2021-01-11,24.1,31.7,75.9,0.0,22.7,231.1,Elongation,1,1.63,0.07
III,Bulacan,San Miguel,2021-01-12,24.4,32.3,75.2,0.0,23.4,223.3,Elongation,0,1.78,0.14
III,Bulacan,San Miguel,2021-01-13,24.1,31.6,75.5,0.0,23.0,215.2,Elongation,2,1.35,0.25
III,Bulacan,San Miguel,2021-01-14,23.8,30.4,74.6,0.0,22.0,217.4,Elongation,0,1.27,0.11
III,Bulacan,San Miguel,2021-01-15,23.2,31.3,78.5,1.1,23.0,213.2,Elongation,0,2.08,0.0
III,Bulacan,San Miguel,2021-01-16,24.2,33.5,73.1,0.0,23.5,219.4,Elongation,4,1.36,0.12
III,Bulacan,San Miguel,2021-01-17,23.9,33.5,74.1,0.0,23.5,230.0,Elongation,1,2.94,0.08
III,Bulacan,San Miguel,2021-01-18,23.5,32.5,81.9,14.2,24.4,193.3,Elongation,1,2.17,0.0
III,Bulacan,San Miguel,2021-01-19,23.5,32.1,84.2,7.7,24.6,212.4,Elongation,1,1.01,0.17
III,Bulacan,San Miguel,2021-01-20,23.7,32.7,81.1,3.1,24.4,232.0,Elongation,1,0.84,0.04
III,Bulacan,San Miguel,2021-01-21,23.3,33.8,76.5,0.0,23.8,210.3,Elongation,2,0.89,0.12
III,Bulacan,San Miguel,2021-01-22,23.4,32.8,73.2,0.0,22.7,233.3,Elongation,4,1.04,0.09
III,Bulacan,San Miguel,2021-01-23,22.7,32.8,80.4,0.0,23.8,225.5,Elongation,2,1.56,0.06
III,Bulacan,San Miguel,2021-01-24,22.9,31.3,77.2,0.0,22.5,229.8,Elongation,8,0.9,0.19
III,Bulacan,San Miguel,2021-01-25,22.4,31.1,76.1,0.0,22.0,225.2,Elongation,12,0.86,0.1
III,Bulacan,San Miguel,2021-01-26,21.9,31.6,71.7,0.0,21.1,215.5,Elongation,7,0.87,0.0
III,Bulacan,San Miguel,2021-01-27,21.8,33.4,73.3,0.0,22.3,219.1,Elongation,5,2.32,0.05
III,Bulacan,San Miguel,2021-01-28,23.0,33.1,71.7,0.0,22.4,230.2,Elongation,6,2.64,0.1
III,Bulacan,San Miguel,2021-01-29,23.6,33.6,74.1,0.0,23.4,231.7,Elongation,4,3.82,0.02
III,Bulacan,San Miguel,2021-01-30,22.9,31.6,76.0,23.8,22.4,194.0,Panicle,5,0.18,4.01
III,Bulacan,San Miguel,2021-01-31,23.3,31.4,75.9,2.2,22.5,213.6,Panicle,6,0.23,5.13
III,Bulacan,San Miguel,2021-02-01,21.8,31.8,70.0,0.0,20.8,210.3,Panicle,6,0.02,3.57
III,Bulacan,San Miguel,2021-02-02,22.0,34.4,72.4,0.0,22.7,229.0,Panicle,0,0.05,3.76
III,Bulacan,San Miguel,2021-02-03,22.5,31.2,77.5,31.0,22.4,205.2,Panicle,4,0.05,3.42
III,Bulacan,San Miguel,2021-02-04,22.7,32.3,74.3,0.0,22.4,222.5,Panicle,2,0.32,2.59
III,Bulacan,San Miguel,2021-02-05,23.4,33.7,71.6,0.0,22.9,214.8,Panicle,1,0.0,2.48
III,Bulacan,San Miguel,2021-02-06,22.9,33.2,69.3,0.0,21.9,218.9,Panicle,2,0.04,2.86
III,Bulacan,San Miguel,2021-02-07,22.5,32.2,70.2,0.0,21.4,211.4,Panicle,0,0.11,2.43
III,Bulacan,San Miguel,2021-02-08,22.5,32.8,73.6,0.0,22.4,210.5,Panicle,2,0.09,3.8
III,Bulacan,San Miguel,2021-02-09,22.5,31.6,77.6,20.8,22.6,210.3,Panicle,1,0.02,3.91
III,Bulacan,San Miguel,2021-02-10,23.1,33.0,77.1,0.0,23.5,224.4,Panicle,0,0.21,4.15
III,Bulacan,San Miguel,2021-02-11,24.2,33.8,77.4,0.0,24.5,211.8,Panicle,6,0.1,4.74
III,Bulacan,San Miguel,2021-02-12,23.5,32.8,76.0,0.0,23.3,234.5,Panicle,1,0.09,4.28
III,Bulacan,San Miguel,2021-02-13,22.4,32.6,76.8,0.0,22.9,226.6,Panicle,1,0.0,5.24
III,Bulacan,San Miguel,2021-02-14,22.4,33.3,74.2,0.0,22.7,203.6,Flowering,1,0.18,3.22
III,Bulacan,San Miguel,2021-02-15,23.5,33.5,72.0,0.0,22.9,226.6,Flowering,0,0.0,3.08
III,Bulacan,San Miguel,2021-02-16,23.46666666666667,34.2,73.4,0.0,23.7,227.7,Flowering,2,0.06,2.87
III,Bulacan,San Miguel,2021-02-17,23.433333333333334,32.6,69.9,0.0,21.9,219.9,Flowering,0,0.16,3.1
III,Bulacan,San Miguel,2021-02-18,23.4,31.9,73.6,12.5,21.9,202.0,Flowering,1,0.0,2.4
III,Bulacan,San Miguel,2021-02-19,23.366666666666667,31.7,67.2,0.0,20.9,222.5,Flowering,0,0.07,2.34
III,Bulacan,San Miguel,2021-02-20,23.333333333333336,32.5,71.5,0.0,22.4,234.1,Flowering,1,0.16,1.64
III,Bulacan,San Miguel,2021-02-21,23.3,32.0,73.7,0.0,22.4,219.2,Flowering,1,0.1,2.17
III,Bulacan,San Miguel,2021-02-22,23.0,32.0,73.7,0.0,22.2,205.7,Flowering,0,0.19,3.37
III,Bulacan,San Miguel,2021-02-23,23.5,31.5,70.3,0.0,21.6,222.4,Flowering,2,0.13,1.17
III,Bulacan,San Miguel,2021-02-24,23.5,30.8,73.5,0.0,21.8,222.8,Flowering,2,0.0,0.24
III,Bulacan,San Miguel,2021-02-25,23.2,30.6,71.4,0.0,21.2,225.8,Flowering,2,0.02,0.85
III,Bulacan,San Miguel,2021-02-26,23.4,31.3,72.3,0.0,21.8,203.3,Flowering,1,0.15,0.35
III,Bulacan,San Miguel,2021-02-27,23.0,31.2,70.0,0.0,21.1,227.1,Flowering,1,0.17,0.0
III,Bulacan,San Miguel,2021-02-28,23.1,30.9,70.3,0.0,21.1,219.0,Ripening,0,0.09,0.0
III,Bulacan,San Miguel,2021-03-01,23.9,30.2,72.9,0.0,21.6,230.9,Ripening,1,0.12,0.52
III,Bulacan,San Miguel,2021-03-02,22.8,30.4,69.1,0.0,20.4,228.1,Ripening,3,0.25,0.0
III,Bulacan,San Miguel,2021-03-03,22.3,31.2,72.8,0.0,21.3,227.7,Ripening,1,0.07,0.4
III,Bulacan,San Miguel,2021-03-04,22.1,30.1,73.3,0.0,20.8,229.7,Ripening,0,0.14,1.69
III,Bulacan,San Miguel,2021-03-05,21.9,30.7,71.5,0.0,20.6,229.6,Ripening,1,0.11,1.57
III,Bulacan,San Miguel,2021-03-06,23.0,31.4,72.4,0.5,21.7,215.7,Ripening,1,0.05,0.0
III,Bulacan,San Miguel,2021-03-07,22.6,31.2,73.2,0.0,21.5,225.8,Ripening,1,0.02,0.88
III,Bulacan,San Miguel,2021-03-08,23.1,32.1,73.8,0.0,22.4,232.2,Ripening,0,0.02,1.11
III,Bulacan,San Miguel,2021-03-09,22.9,33.0,71.9,0.0,22.3,217.9,Ripening,0,0.06,0.0
III,Bulacan,San Miguel,2021-03-10,22.3,33.0,75.2,11.8,22.7,203.9,Ripening,2,0.09,0.0
III,Bulacan,San Miguel,2021-03-11,22.6,33.5,73.6,0.0,22.8,230.0,Ripening,0,0.1,1.74
III,Bulacan,San Miguel,2021-03-12,22.9,32.0,74.6,0.0,22.4,223.0,Ripening,0,0.16,0.24
III,Bulacan,San Miguel,2021-03-13,23.3,32.7,74.3,0.0,22.9,223.7,Ripening,1,0.15,0.0
III,Bulacan,San Miguel,2021-03-14,23.3,33.7,74.3,0.0,23.4,219.9,Ripening,1,0.24,0.22
III,Bulacan,San Miguel,2021-03-15,23.7,32.6,72.4,0.0,22.6,217.1,Ripening,5,0.22,0.07
III,Bulacan,San Miguel,2021-03-16,23.8,32.5,72.5,0.0,22.6,210.9,Ripening,0,0.02,0.3
III,Bulacan,San Miguel,2021-03-17,23.5,32.9,70.7,0.0,22.3,228.9,Ripening,1,0.02,0.02
III,Bulacan,San Miguel,2021-03-18,23.3,32.4,67.4,0.0,21.3,234.0,Ripening,0,0.01,2.8
III,Bulacan,San Miguel,2021-03-19,24.1,32.2,72.5,0.0,22.7,214.7,Ripening,1,0.08,1.97
III,Bulacan,San Miguel,2021-03-20,23.4,31.8,73.1,0.0,22.2,208.4,Ripening,1,0.16,1.05
III,Bulacan,San Miguel,2021-03-21,23.6,30.3,71.9,0.0,21.3,230.4,Ripening,1,0.0,2.5
III,Bulacan,San Miguel,2021-03-22,23.2,30.8,72.3,0.0,21.5,224.3,Ripening,0,0.15,2.74
III,Bulacan,San Miguel,2021-03-23,23.5,29.6,71.2,0.0,20.8,218.5,Ripening,1,0.15,0.75
III,Bulacan,San Miguel,2021-03-24,23.2,31.7,72.8,0.0,22.0,229.4,Ripening,0,0.05,0.19
III,Bulacan,San Miguel,2021-03-25,22.6,32.9,71.1,0.0,22.0,235.0,Ripening,0,0.02,0.04
III,Bulacan,San Miguel,2021-03-26,23.5,32.3,68.0,0.0,21.5,222.7,Ripening,0,0.03,0.16
III,Bulacan,San Miguel,2021-03-27,23.2,32.1,68.5,0.0,21.3,213.2,Ripening,0,0.07,0.02
III,Bulacan,San Miguel,2021-03-28,23.8,30.4,71.0,0.0,21.3,221.8,Ripening,0,0.03,0.0
III,Bulacan,San Miguel,2021-03-29,24.2,31.5,68.3,0.0,21.5,219.2,Ripening,0,0.15,0.15
III,Bulacan,San Miguel,2021-03-30,23.7,32.3,67.5,0.0,21.5,240.5,Ripening,0,0.16,0.17
III,Bulacan,San Miguel,2021-03-31,22.9,32.3,71.1,0.0,21.8,226.5,Ripening,0,0.0,0.05
III,Bulacan,San Miguel,2021-04-01,22.4,32.7,74.0,0.0,22.4,220.1,Ripening,0,0.0,0.22
III,Bulacan,San Miguel,2021-04-02,23.3,32.9,73.0,0.0,22.7,222.8,Ripening,0,0.2,0.20500000000000002
III,Bulacan,San Miguel,2021-04-03,23.4,32.7,72.2,0.0,22.5,219.7,Ripening,0,0.05,0.19
III,Bulacan,San Miguel,2021-04-04,22.8,32.8,71.1,0.0,22.0,212.9,Ripening,1,0.14,0.175
III,Bulacan,San Miguel,2021-04-05,22.8,32.3,72.8,0.0,22.1,228.4,Ripening,0,0.14,0.16
III,Bulacan,San Miguel,2021-04-06,22.6,34.0,73.4,0.0,23.0,230.3,Ripening,0,0.18,0.29
III,Bulacan,San Miguel,2021-04-07,22.6,33.3,75.9,0.0,22.68,231.4,Ripening,0,0.0,0.09
III,Bulacan,San Miguel,2021-04-08,23.5,33.0,75.1,0.0,22.36,221.3,Ripening,0,0.11,0.19
III,Bulacan,San Miguel,2021-04-09,22.2,32.8,73.1,0.0,22.04,215.9,Ripening,0,0.1,0.09
III,Bulacan,San Miguel,2021-04-10,22.3,34.7,71.2,0.0,21.72,208.4,Ripening,0,0.0,0.05
III,Bulacan,San Miguel,2021-04-11,21.7,31.7,73.7,0.0,21.4,232.5,Ripening,0,0.14,0.02
III,Bulacan,San Miguel,2021-04-12,22.5,32.0,70.7,3.783333333333333,21.4,218.5,Ripening,0,0.22,0.02
III,Bulacan,San Miguel,2021-04-13,22.4,30.9,67.9,7.566666666666666,20.2,212.8,Ripening,0,0.16,0.01
III,Bulacan,San Miguel,2021-04-14,23.1,32.1,68.95,11.35,21.7,222.1,Ripening,0,0.15,0.13
III,Bulacan,San Miguel,2021-04-15,23.1,32.8,70.0,15.133333333333333,21.7,224.8,Ripening,0,0.12,0.1
III,Bulacan,San Miguel,2021-04-16,22.9,31.9,71.05000000000001,18.916666666666664,22.3,195.1,Ripening,0,0.03,0.07
III,Bulacan,San Miguel,2021-04-17,22.6,30.1,72.10000000000001,22.7,21.8,192.7,Ripening,0,0.04,0.07
III,Bulacan,San Miguel,2021-04-18,22.6,31.2,73.15,0.0,21.5,229.7,Ripening,0,0.13,0.06
III,Bulacan,San Miguel,2021-04-19,22.6,31.1,74.2,0.0,21.7,219.9,Ripening,0,0.14,0.07
III,Bulacan,San Miguel,2021-04-20,22.8,32.5,74.4,0.0,22.5,216.0,Ripening,0,0.14,0.0
III,Bulacan,San Miguel,2021-04-21,22.7,32.3,73.8,0.0,22.3,225.0,Ripening,0,0.11,0.03
III,Bulacan,San Miguel,2021-04-22,23.2,31.4,72.5,0.0,21.8,234.2,Ripening,0,0.28,0.0
III,Bulacan,San Miguel,2021-04-23,23.7,31.9,72.7,0.0,22.3,216.5,Ripening,0,0.02,0.11
III,Bulacan,San Miguel,2021-04-24,23.5,30.5,76.9,26.7,22.4,216.0,Ripening,0,0.1,0.0
III,Bulacan,San Miguel,2021-04-25,23.0,30.9,77.0,6.3,22.4,197.5,Ripening,0,0.02,0.12
III,Bulacan,San Miguel,2021-04-26,22.6,31.1,71.1,0.0,21.1,220.1,Ripening,0,0.11,0.05
III,Bulacan,San Miguel,2021-04-27,22.8,30.8,72.3,0.0,21.3,213.0,Ripening,0,0.1,0.0
III,Bulacan,San Miguel,2021-04-28,22.3,31.2,70.1,0.0,20.8,210.1,Ripening,0,0.08,0.14
III,Bulacan,San Miguel,2021-04-29,22.2,31.6,72.7,0.0,21.4,212.0,Ripening,0,0.14,0.15
III,Bulacan,San Miguel,2021-04-30,23.0,30.9,75.8,0.0,22.1,230.4,Seedling,0,0.06,0.19
III,Bulacan,San Miguel,2021-05-01,23.4,30.8,76.5,7.0,22.4,202.8,Seedling,0,0.07,0.17
III,Bulacan,San Miguel,2021-05-02,23.2,31.4,78.5,20.1,23.0,207.6,Seedling,0,0.0,0.06
III,Bulacan,San Miguel,2021-05-03,22.7,33.4,74.6,0.0,23.0,208.9,Seedling,0,0.15,0.06
III,Bulacan,San Miguel,2021-05-04,23.4,32.3,75.1,0.0,22.9,218.2,Seedling,0,0.0,0.07
III,Bulacan,San Miguel,2021-05-05,23.1,32.3,73.4,0.0,22.4,225.0,Seedling,0,0.14,0.11
III,Bulacan,San Miguel,2021-05-06,22.9,32.6,73.5,0.0,22.4,213.0,Seedling,0,0.02,0.21
III,Bulacan,San Miguel,2021-05-07,22.8,32.9,72.9,0.0,22.4,211.9,Seedling,0,0.05,0.06
III,Bulacan,San Miguel,2021-05-08,22.4,31.7,72.6,0.0,21.6,213.3,Seedling,0,0.0,0.2
III,Bulacan,San Miguel,2021-05-09,22.4,32.7,68.9,0.0,21.3,207.6,Seedling,0,0.05,0.1
III,Bulacan,San Miguel,2021-05-10,22.7,32.7,71.3,0.0,22.0,215.0,Seedling,0,0.22,0.03
III,Bulacan,San Miguel,2021-05-11,23.1,31.9,76.4,5.7,22.8,216.1,Seedling,0,0.12,0.13
III,Bulacan,San Miguel,2021-05-12,23.0,33.1,72.2,0.0,22.5,206.1,Seedling,0,0.11,0.25
III,Bulacan,San Miguel,2021-05-13,23.8,32.6,71.6,0.0,22.5,217.9,Seedling,0,0.05,0.04
III,Bulacan,San Miguel,2021-05-14,24.6,32.8,71.88,0.0,24.2,209.7,Seedling,0,0.08,0.0
III,Bulacan,San Miguel,2021-05-15,24.0,32.7,72.16,0.0,23.9,202.3,Seedling,0,0.0,0.01
III,Bulacan,San Miguel,2021-05-16,23.4,30.9,72.44,0.0,22.5,215.3,Seedling,1,0.07,0.08
III,Bulacan,San Miguel,2021-05-17,23.6,31.6,72.72,0.0,22.7,217.1,Seedling,0,0.14,0.01
III,Bulacan,San Miguel,2021-05-18,22.6,31.9,73.0,0.0,21.8,202.3,Seedling,0,0.19,0.0
III,Bulacan,San Miguel,2021-05-19,22.5,32.3,76.2,26.5,22.6,185.1,Seedling,0,0.05,0.12
III,Bulacan,San Miguel,2021-05-20,22.9,33.8,75.5,0.0,23.4,211.3,Seedling,0,0.0,0.0
III,Bulacan,San Miguel,2021-05-21,23.2,33.0,74.4,0.0,23.0,217.0,Seedling,0,0.1,0.08
III,Bulacan,San Miguel,2021-05-22,23.8,32.4,80.7,17.6,24.2,182.5,Seedling,0,0.03,0.12
III,Bulacan,San Miguel,2021-05-23,23.9,33.0,76.8,0.0,23.8,212.3,Seedling,1,0.13,0.19
III,Bulacan,San Miguel,2021-05-24,24.0,32.8,81.0,1.2,24.6,201.6,Seedling,0,0.25,0.0
III,Bulacan,San Miguel,2021-05-25,24.6,33.0,75.5,0.0,23.9,207.9,Seedling,1,0.13,0.0
III,Bulacan,San Miguel,2021-05-26,23.4,31.4,78.3,0.0,23.1,211.3,Seedling,1,0.19,0.2
III,Bulacan,San Miguel,2021-05-27,23.4,31.6,77.7,0.0,23.0,216.0,Seedling,0,0.13,0.13
III,Bulacan,San Miguel,2021-05-28,22.8,32.6,75.8,0.0,22.9,223.2,Seedling,0,0.13,0.0
III,Bulacan,San Miguel,2021-05-29,22.5,33.0,77.9,0.0,23.3,214.3,Seedling,0,0.17,0.12
III,Bulacan,San Miguel,2021-05-30,23.0,33.3,80.5,11.7,24.2,199.2,Seedling,0,0.07,0.18
III,Bulacan,San Miguel,2021-05-31,23.5,33.2,79.0,0.0,24.2,200.2,Seedling,0,0.0,0.13
III,Bulacan,San Miguel,2021-06-01,21.7,32.9,84.8,12.7,24.3,193.6,Seedling,0,0.0,0.04
III,Bulacan,San Miguel,2021-06-02,22.1,33.9,79.3,0.0,23.9,226.1,Seedling,0,0.25,0.0
III,Bulacan,San Miguel,2021-06-03,22.2,32.9,76.6,0.0,22.9,219.5,Seedling,0,0.0,0.13
III,Bulacan,San Miguel,2021-06-04,22.6,33.1,79.4,7.5,23.7,191.4,Seedling,0,0.0,0.21
III,Bulacan,San Miguel,2021-06-05,22.6,33.5,78.7,3.3,23.8,192.7,Seedling,0,0.13,0.15
III,Bulacan,San Miguel,2021-06-06,21.5,33.2,81.0,15.8,23.6,190.4,Seedling,0,0.11,0.06
III,Bulacan,San Miguel,2021-06-07,22.1,32.4,72.7,0.0,21.8,216.3,Seedling,9,2.79,0.04
III,Bulacan,San Miguel,2021-06-08,22.9,32.7,73.7,0.0,22.283333333333335,214.2,Seedling,15,0.85,0.17
III,Bulacan,San Miguel,2021-06-09,23.5,29.3,78.2,43.9,22.766666666666666,170.9,Seedling,10,2.13,0.14
III,Bulacan,San Miguel,2021-06-10,23.0,30.3,77.8,14.2,23.25,207.7,Seedling,12,1.37,0.01
III,Bulacan,San Miguel,2021-06-11,23.8,30.7,72.9,0.0,23.733333333333334,203.7,Seedling,9,1.57,0.24
III,Bulacan,San Miguel,2021-06-12,23.1,32.8,81.7,3.4,24.216666666666665,216.9,Seedling,4,1.94,0.01
III,Bulacan,San Miguel,2021-06-13,24.3,33.4,79.0,0.0,24.7,217.9,Seedling,12,1.52,0.2
III,Bulacan,San Miguel,2021-06-14,24.1,33.7,77.5,0.0,24.4,211.5,Seedling,9,1.4983333333333333,0.0
III,Bulacan,San Miguel,2021-06-15,23.8,34.8,75.2,0.0,24.3,197.8,Seedling,7,1.4766666666666666,0.19
III,Bulacan,San Miguel,2021-06-16,23.7,33.9,78.1,11.0,24.4,214.6,Seedling,8,1.455,0.01
III,Bulacan,San Miguel,2021-06-17,24.3,34.4,79.2,0.0,25.2,210.1,Seedling,5,1.4333333333333333,0.13
III,Bulacan,San Miguel,2021-06-18,24.5,33.5,82.4,0.0,25.5,210.5,Seedling,6,1.4116666666666666,0.05
III,Bulacan,San Miguel,2021-06-19,25.0,32.4,80.0,0.0,24.7,205.0,Seedling,9,1.39,0.02
III,Bulacan,San Miguel,2021-06-20,24.5,32.1,78.8,0.0,24.1,214.9,Seedling,2,1.3,0.01
III,Bulacan,San Miguel,2021-06-21,24.5,32.7,80.7,0.0,24.7,191.7,Seedling,9,0.83,0.15
III,Bulacan,San Miguel,2021-06-22,24.7,32.9,83.3,6.8,25.5,200.0,Seedling,3,1.46,0.13
III,Bulacan,San Miguel,2021-06-23,25.3,34.3,80.6,0.0,25.9,202.5,Tillering,22,1.33,0.06
III,Bulacan,San Miguel,2021-06-24,25.5,33.2,76.6,0.0,24.7,196.0,Tillering,19,2.79,0.12
III,Bulacan,San Miguel,2021-06-25,24.7,32.5,74.3,0.0,23.5,222.6,Tillering,33,3.55,0.18
III,Bulacan,San Miguel,2021-06-26,24.9,32.0,80.3,6.3,24.5,193.0,Tillering,24,2.76,0.13
III,Bulacan,San Miguel,2021-06-27,24.8,32.9,76.8,0.0,24.2,204.9,Tillering,20,2.55,0.01
III,Bulacan,San Miguel,2021-06-28,23.0,32.3,79.0,0.0,23.4,198.5,Tillering,12,1.38,0.0
III,Bulacan,San Miguel,2021-06-29,22.6,31.6,79.8,0.0,23.1,208.6,Tillering,18,1.68,0.07
III,Bulacan,San Miguel,2021-06-30,22.8,33.0,81.8,1.8,24.3,212.9,Tillering,25,1.53,0.09
III,Bulacan,San Miguel,2021-07-01,22.1,32.7,81.0,5.04,23.6,202.2,Tillering,22,1.64,0.11
III,Bulacan,San Miguel,2021-07-02,22.7,32.6,81.2,8.28,23.9,207.1,Tillering,22,1.23,0.14
III,Bulacan,San Miguel,2021-07-03,22.0,33.0,84.8,11.52,24.5,191.7,Tillering,15,0.82,0.15
III,Bulacan,San Miguel,2021-07-04,23.0,32.9,85.2,14.76,24.7,189.6,Tillering,17,0.4099999999999999,0.0
III,Bulacan,San Miguel,2021-07-05,23.1,32.4,83.7,18.0,24.900000000000002,192.5,Tillering,24,0.0,0.22
III,Bulacan,San Miguel,2021-07-06,24.0,31.3,87.2,9.2,25.1,192.0,Tillering,17,0.09,0.0
III,Bulacan,San Miguel,2021-07-07,23.8,32.2,89.6,16.6,25.9,186.2,Tillering,21,0.0,0.15
III,Bulacan,San Miguel,2021-07-08,24.4,32.5,84.9,0.0,25.4,204.4,Tillering,33,0.39,0.17
III,Bulacan,San Miguel,2021-07-09,24.5,34.2,78.9,0.0,25.1,190.7,Tillering,29,0.05,0.07
III,Bulacan,San Miguel,2021-07-10,23.9,32.8,77.1,0.0,23.8,194.0,Tillering,37,0.76,0.19
III,Bulacan,San Miguel,2021-07-11,24.2,32.2,80.8,0.0,24.4,208.0,Tillering,34,0.35,0.08
III,Bulacan,San Miguel,2021-07-12,22.8,30.2,81.8,46.3,22.9,150.2,Tillering,49,0.0,0.28
III,Bulacan,San Miguel,2021-07-13,24.5,31.9,82.2,0.0,24.6,203.4,Tillering,37,0.83,0.0
III,Bulacan,San Miguel,2021-07-14,23.9,30.0,84.5,59.3,23.8,156.8,Tillering,37,1.27,0.05
III,Bulacan,San Miguel,2021-07-15,24.7,32.0,79.3,0.0,24.2,200.4,Tillering,28,0.0,0.22
III,Bulacan,San Miguel,2021-07-16,23.7,31.7,80.8,0.0,23.9,199.5,Tillering,26,0.44,0.08
III,Bulacan,San Miguel,2021-07-17,23.7,33.8,80.7,0.0,24.9,202.1,Tillering,30,0.24,0.05
III,Bulacan,San Miguel,2021-07-18,23.2,34.7,81.1,0.0,25.2,196.5,Elongation,10,0.98,0.11
III,Bulacan,San Miguel,2021-07-19,24.0,34.9,80.85,0.0,25.3,199.1,Elongation,14,0.85,0.0
III,Bulacan,San Miguel,2021-07-20,25.5,34.9,80.6,9.7,26.3,200.4,Elongation,15,0.29,0.0
III,Bulacan,San Miguel,2021-07-21,24.9,33.9,73.6,0.0,24.1,201.8,Elongation,4,1.91,0.03
III,Bulacan,San Miguel,2021-07-22,24.9,31.9,82.5,17.4,24.9,182.3,Elongation,2,1.38,0.0
III,Bulacan,San Miguel,2021-07-23,24.5,32.9,83.1,18.6,25.3,194.3,Elongation,6,1.09,0.22
III,Bulacan,San Miguel,2021-07-24,24.0,33.1,80.4,0.0,24.6,201.3,Elongation,7,0.0,0.03
III,Bulacan,San Miguel,2021-07-25,23.78,33.1,83.0,5.9,24.9,201.91666666666669,Elongation,6,1.26,0.09
III,Bulacan,San Miguel,2021-07-26,23.56,33.0,89.0,5.2,26.2,202.53333333333333,Elongation,15,1.86,0.0
III,Bulacan,San Miguel,2021-07-27,23.34,32.6,88.1,29.0,25.3,203.15,Elongation,10,2.28,0.04
III,Bulacan,San Miguel,2021-07-28,23.119999999999997,32.4,84.8,0.0,24.5,203.76666666666668,Elongation,12,2.4,0.06
III,Bulacan,San Miguel,2021-07-29,22.9,30.8,86.4,11.2,24.1,204.38333333333333,Elongation,12,2.78,0.04
III,Bulacan,San Miguel,2021-07-30,22.7,33.0,81.4,0.0,24.1,205.0,Elongation,10,2.68,0.0
III,Bulacan,San Miguel,2021-07-31,22.8,32.5,82.5,0.0,24.2,193.2,Elongation,9,2.34,0.02
III,Bulacan,San Miguel,2021-08-01,23.3,33.0,84.1,0.0,25.0,189.7,Elongation,14,1.61,0.15
III,Bulacan,San Miguel,2021-08-02,22.7,33.4,84.2,10.3,24.9,199.1,Elongation,19,1.03,0.0
III,Bulacan,San Miguel,2021-08-03,23.2,34.4,87.7,16.2,26.3,195.8,Elongation,27,0.97,0.0
III,Bulacan,San Miguel,2021-08-04,24.1,33.7,81.9,0.0,25.3,210.6,Elongation,16,0.97,0.11
III,Bulacan,San Miguel,2021-08-05,22.4,32.7,87.2,42.5,25.0,160.3,Elongation,26,1.63,0.08
III,Bulacan,San Miguel,2021-08-06,24.2,33.8,81.3,0.0,25.3,200.8,Elongation,29,0.97,0.0
III,Bulacan,San Miguel,2021-08-07,24.4,32.7,84.7,6.9,25.5,188.1,Panicle,27,0.11,0.012
III,Bulacan,San Miguel,2021-08-08,24.6,33.0,85.3,12.6,25.9,189.1,Panicle,14,0.22,0.024
III,Bulacan,San Miguel,2021-08-09,23.8,32.2,80.5,23.3,24.1,173.2,Panicle,18,0.13,0.036000000000000004
III,Bulacan,San Miguel,2021-08-10,24.4,31.9,76.0,0.0,23.3,198.3,Panicle,8,0.0,0.048
III,Bulacan,San Miguel,2021-08-11,22.5,32.6,82.0,26.3,24.0,183.7,Panicle,8,0.1,0.06
III,Bulacan,San Miguel,2021-08-12,23.0,32.5,77.7,0.0,23.3,200.5,Panicle,6,0.22,1.25
III,Bulacan,San Miguel,2021-08-13,23.0,32.5,82.8,1.3,24.3,204.9,Panicle,8,0.09,1.6
III,Bulacan,San Miguel,2021-08-14,22.7,32.75,83.8,29.2,24.2,162.9,Panicle,4,0.18,0.95
III,Bulacan,San Miguel,2021-08-15,22.9,33.0,80.1,10.2,24.1,199.3,Panicle,3,0.13,1.1
III,Bulacan,San Miguel,2021-08-16,22.7,33.25,82.2,4.5,24.8,183.0,Panicle,3,0.19,1.71
III,Bulacan,San Miguel,2021-08-17,23.1,33.5,79.0,0.0,24.6,198.1,Panicle,1,0.11,2.68
III,Bulacan,San Miguel,2021-08-18,22.7,33.75,82.2,0.0,24.7,203.8,Panicle,1,0.08,2.62
III,Bulacan,San Miguel,2021-08-19,23.7,34.0,87.8,6.4,26.4,199.7,Panicle,0,0.01,2.89
III,Bulacan,San Miguel,2021-08-20,24.0,34.9,84.5,0.0,26.4,209.8,Panicle,1,0.08,2.67
III,Bulacan,San Miguel,2021-08-21,24.0,33.6,86.0,24.6,26.0,157.3,Panicle,1,0.08,3.36
III,Bulacan,San Miguel,2021-08-22,24.9,33.6,84.5,15.0,26.2,180.9,Flowering,1,0.17,2.5
III,Bulacan,San Miguel,2021-08-23,25.7,35.4,77.9,0.0,26.1,195.0,Flowering,3,0.06,3.16
III,Bulacan,San Miguel,2021-08-24,25.2,36.7,78.9,0.0,26.7,203.3,Flowering,0,0.0,4.54
III,Bulacan,San Miguel,2021-08-25,25.3,34.7,81.3,8.6,26.3,180.9,Flowering,0,0.15,5.25
III,Bulacan,San Miguel,2021-08-26,24.2,35.2,80.5,6.2,25.8,181.8,Flowering,0,0.0,6.12
III,Bulacan,San Miguel,2021-08-27,23.0,31.9,81.8,42.0,23.8,159.1,Flowering,0,0.1,6.05
III,Bulacan,San Miguel,2021-08-28,23.6,33.1,80.7,0.0,24.5,190.0,Flowering,0,0.08,5.94
III,Bulacan,San Miguel,2021-08-29,22.8,32.2,85.2,15.9,24.5,180.6,Flowering,1,0.0,6.01
III,Bulacan,San Miguel,2021-08-30,23.0,31.7,82.4,0.0,23.8,205.2,Flowering,4,0.16,5.25
III,Bulacan,San Miguel,2021-08-31,23.4,31.2,84.0,0.0,24.1,200.8,Flowering,1,0.13,3.5
III,Bulacan,San Miguel,2021-09-01,22.7,30.8,85.33333333333333,5.9,24.5,178.5,Flowering,2,0.11,4.36
III,Bulacan,San Miguel,2021-09-02,24.2,32.3,86.66666666666667,0.0,24.7,192.6,Flowering,0,0.09,2.01
III,Bulacan,San Miguel,2021-09-03,24.2,32.9,88.0,11.5,26.2,191.9,Flowering,1,0.09,2.25
III,Bulacan,San Miguel,2021-09-04,24.8,35.9,89.5,1.2,28.2,206.7,Flowering,4,0.03,2.04
III,Bulacan,San Miguel,2021-09-05,24.5,35.1,83.6,5.466666666666667,26.5,190.9,Flowering,0,0.05,3.31
III,Bulacan,San Miguel,2021-09-06,24.7,34.7,86.8,9.733333333333333,27.1,196.3,Ripening,2,0.0,2.2
III,Bulacan,San Miguel,2021-09-07,25.5,35.1,85.9,14.0,27.5,203.5,Ripening,5,0.21,1.2
III,Bulacan,San Miguel,2021-09-08,24.5,34.7,85.4,18.266666666666666,26.7,182.3,Ripening,5,0.13,1.86
III,Bulacan,San Miguel,2021-09-09,24.6,34.9,82.0,22.53333333333333,26.2,206.2,Ripening,6,0.02,1.8
III,Bulacan,San Miguel,2021-09-10,23.4,32.7,82.8,26.8,24.6,189.6,Ripening,1,0.02,1.74
III,Bulacan,San Miguel,2021-09-11,23.6,31.9,83.8,19.6,24.5,168.3,Ripening,3,0.0,1.6800000000000002
III,Bulacan,San Miguel,2021-09-12,24.3,32.6,80.3,0.0,24.5,184.5,Ripening,4,0.05,1.62
III,Bulacan,San Miguel,2021-09-13,23.8,30.9,80.9,35.9,23.5,161.6,Ripening,6,0.15,1.56
III,Bulacan,San Miguel,2021-09-14,23.7,31.8,81.8,12.1,24.1,199.4,Ripening,5,0.07,0.19
III,Bulacan,San Miguel,2021-09-15,23.3,32.2,81.6,4.4,24.1,193.6,Ripening,4,0.09,0.0
III,Bulacan,San Miguel,2021-09-16,23.6,31.2,81.4,0.0,23.7,203.6,Ripening,2,0.06,1.18
III,Bulacan,San Miguel,2021-09-17,24.6,32.2,80.3,0.0,24.5,201.0,Ripening,0,0.02,0.03
III,Bulacan,San Miguel,2021-09-18,23.9,31.3,82.2,9.3,24.0,200.0,Ripening,0,0.01,0.0
III,Bulacan,San Miguel,2021-09-19,23.1,31.8,76.3,0.0,22.7,202.8,Ripening,0,0.16,0.17
III,Bulacan,San Miguel,2021-09-20,23.2,33.0,77.425,9.6,24.3,193.3,Ripening,0,0.0,0.48
III,Bulacan,San Miguel,2021-09-21,22.7,33.4,78.55,1.3,24.8,206.6,Ripening,1,0.0,0.52
III,Bulacan,San Miguel,2021-09-22,23.0,31.4,79.675,11.4,23.4,187.3,Ripening,0,0.0,0.73
III,Bulacan,San Miguel,2021-09-23,23.7,32.8,80.8,4.2,24.4,203.5,Ripening,2,0.2,1.42
III,Bulacan,San Miguel,2021-09-24,23.4,32.2,74.8,0.0,22.8,203.4,Ripening,0,0.18,0.0
III,Bulacan,San Miguel,2021-09-25,23.8,31.5,75.6,0.0,22.8,199.6,Ripening,0,0.05,0.52
III,Bulacan,San Miguel,2021-09-26,23.3,32.6,82.7,12.6,24.5,190.3,Ripening,1,0.06,0.43
III,Bulacan,San Miguel,2021-09-27,23.5,32.5,83.5,20.6,24.7,181.0,Ripening,0,0.11,1.26
III,Bulacan,San Miguel,2021-09-28,24.1,32.5,76.9,0.0,23.7,197.2,Ripening,0,0.07,2.6
III,Bulacan,San Miguel,2021-09-29,24.2,34.1,79.1,0.0,25.0,190.8,Ripening,0,0.26,0.69
III,Bulacan,San Miguel,2021-09-30,24.2,35.5,78.2,0.0,25.5,200.2,Ripening,1,0.2,0.85
III,Bulacan,San Miguel,2021-10-01,24.5,35.0,77.8,0.0,25.3,203.3,Ripening,0,0.0,0.19
III,Bulacan,San Miguel,2021-10-02,23.8,34.8,80.7,5.1,25.4,198.7,Ripening,0,0.09,0.02
III,Bulacan,San Miguel,2021-10-03,23.5,35.0,82.9,2.9,25.8,199.3,Ripening,0,0.06,0.04
III,Bulacan,San Miguel,2021-10-04,23.7,34.1,80.4,0.0,25.0,202.2,Ripening,0,0.0,0.0
III,Bulacan,San Miguel,2021-10-05,23.0,33.4,87.6,1.4,25.7,203.9,Ripening,0,0.0,0.07
III,Bulacan,San Miguel,2021-10-06,23.8,34.2,86.0,3.9,26.2,195.1,Ripening,0,0.13,0.02
III,Bulacan,San Miguel,2021-10-07,22.9,31.4,85.8,48.2,24.3,158.6,Ripening,0,0.12,0.04
III,Bulacan,San Miguel,2021-10-08,23.9,33.0,83.7,3.7,25.2,189.0,Ripening,0,0.11,0.11
III,Bulacan,San Miguel,2021-10-09,23.5,34.0,81.5,12.0,25.0,187.5,Ripening,0,0.07,0.0
III,Bulacan,San Miguel,2021-10-10,24.9,35.0,81.6,0.0,26.3,202.5,Ripening,0,0.2,0.18
III,Bulacan,San Miguel,2021-10-11,24.2,33.8,85.2,25.8,26.0,183.7,Ripening,0,0.05,0.23
III,Bulacan,San Miguel,2021-10-12,23.5,33.7,86.0,32.4,25.8,171.2,Ripening,0,0.02,0.0
III,Bulacan,San Miguel,2021-10-13,23.7,34.0,88.4,5.2,26.5,198.2,Ripening,0,0.1,0.13
III,Bulacan,San Miguel,2021-10-14,24.0,31.3,86.8,10.5,25.0,197.5,Ripening,0,0.1,0.17
III,Bulacan,San Miguel,2021-10-15,23.8,31.7,85.8,2.3,24.9,185.1,Ripening,0,0.1,0.1
III,Bulacan,San Miguel,2021-10-16,23.0,33.0,81.1,0.0,24.2,210.3,Ripening,0,0.1,0.14
III,Bulacan,San Miguel,2021-10-17,23.9,32.5,87.3,4.1,25.7,178.4,Ripening,0,0.1,0.17
III,Bulacan,San Miguel,2021-10-18,23.8,33.6,82.4,11.4,25.2,200.6,Ripening,0,0.1,0.1
III,Bulacan,San Miguel,2021-10-19,23.1,32.3,82.6,14.4,24.2,191.5,Ripening,0,0.1,0.36
III,Bulacan,San Miguel,2021-10-20,23.3,32.9,79.6,0.0,24.0,226.0,Ripening,0,0.04,0.15
III,Bulacan,San Miguel,2021-10-21,23.8,32.4,80.4,0.0,24.3,203.2,Ripening,0,0.07,0.17
III,Bulacan,San Miguel,2021-10-22,24.3,31.4,90.9,9.8,26.2,179.2,Ripening,0,0.05,0.15
III,Bulacan,San Miguel,2021-10-23,24.8,32.1,85.1,0.0,25.5,183.1,Ripening,0,0.09,0.04
III,Bulacan,San Miguel,2021-10-24,24.6,31.8,87.7,0.0,25.7,206.0,Ripening,0,0.1,0.0
III,Bulacan,San Miguel,2021-10-25,24.4,32.2,85.7,0.0,25.4,207.6,Ripening,0,0.0,0.07
III,Bulacan,San Miguel,2021-10-26,24.6,32.6,89.9,8.0,26.6,186.8,Ripening,0,0.0,0.0
III,Bulacan,San Miguel,2021-10-27,24.8,31.9,82.9,0.0,24.9,195.8,Ripening,0,0.0,0.0
III,Bulacan,San Miguel,2021-10-28,23.9,32.5,84.7,0.0,25.1,213.8,Ripening,0,0.03,0.04
III,Bulacan,San Miguel,2021-10-29,22.8,32.1,90.5,8.2,25.6,192.2,Ripening,0,0.12,0.18
III,Bulacan,San Miguel,2021-10-30,23.3,30.9,83.7,0.0,23.8,202.4,Ripening,0,0.06,0.26
III,Bulacan,San Miguel,2021-10-31,22.0,29.1,89.0,45.6,23.4,157.6,Ripening,0,0.12,0.13
III,Bulacan,San Miguel,2021-11-01,23.5,31.7,82.1,0.0,24.0,215.4,Ripening,0,0.18,0.0
III,Bulacan,San Miguel,2021-11-02,24.2,32.0,84.4,17.8,25.0,207.2,Seedling,0,0.04,0.18
III,Bulacan,San Miguel,2021-11-03,24.8,34.1,75.5,0.0,24.6,200.2,Seedling,0,0.15,0.19
III,Bulacan,San Miguel,2021-11-04,24.7,33.8,77.0,0.0,24.6,208.7,Seedling,0,0.0,0.01
III,Bulacan,San Miguel,2021-11-05,24.0,33.1,77.9,0.0,24.35,197.0,Seedling,0,0.0,0.11
III,Bulacan,San Miguel,2021-11-06,23.4,32.6,77.45,8.3,24.1,191.0,Seedling,0,0.02,0.0
III,Bulacan,San Miguel,2021-11-07,23.0,32.9,77.0,0.0,23.85,218.3,Seedling,0,0.16,0.0
III,Bulacan,San Miguel,2021-11-08,23.7,32.1,76.55,0.0,23.6,195.6,Seedling,0,0.17,0.08
III,Bulacan,San Miguel,2021-11-09,24.9,32.1,76.1,0.0,23.35,224.7,Seedling,0,0.11,0.01
III,Bulacan,San Miguel,2021-11-10,24.2,30.5,78.6,8.2,23.1,186.7,Seedling,0,0.03,0.03
III,Bulacan,San Miguel,2021-11-11,24.7,30.6,76.9,13.0,23.0,202.9,Seedling,0,0.0,0.0
III,Bulacan,San Miguel,2021-11-12,25.2,31.5,79.6,7.5,24.3,193.0,Seedling,0,0.0,0.0
III,Bulacan,San Miguel,2021-11-13,23.3,31.4,77.3,6.0,22.8,193.6,Seedling,0,0.04,0.07
III,Bulacan,San Miguel,2021-11-14,23.7,31.5,74.8,0.0,22.6,214.0,Seedling,0,0.0,0.06
III,Bulacan,San Miguel,2021-11-15,23.4,33.9,74.3,0.0,23.5,231.5,Seedling,1,0.04,0.0
III,Bulacan,San Miguel,2021-11-16,23.4,35.3,78.0,0.0,24.9,213.0,Seedling,0,0.11,0.2
III,Bulacan,San Miguel,2021-11-17,23.5,33.5,78.5,0.0,24.2,208.0,Seedling,0,0.03,0.19
III,Bulacan,San Miguel,2021-11-18,23.8,34.1,77.9,0.0,24.5,205.1,Seedling,0,0.12,0.01
III,Bulacan,San Miguel,2021-11-19,23.7,33.7,71.8,0.0,23.1,206.9,Seedling,0,0.1,0.04
III,Bulacan,San Miguel,2021-11-20,23.9,32.9,71.1,0.0,22.6,219.3,Seedling,1,0.03,0.15
III,Bulacan,San Miguel,2021-11-21,24.1,33.1,76.2,8.4,23.8,204.1,Seedling,0,0.09,0.28
III,Bulacan,San Miguel,2021-11-22,23.7,32.8,75.4,13.4,23.3,202.5,Seedling,0,0.22,0.17
III,Bulacan,San Miguel,2021-11-23,23.4,33.3,76.4,8.0,23.6,204.2,Seedling,0,0.15,0.05
III,Bulacan,San Miguel,2021-11-24,24.0,33.1,74.1,0.0,23.4,214.5,Seedling,0,0.16,0.0
III,Bulacan,San Miguel,2021-11-25,23.1,34.3,73.8,0.0,23.5,211.7,Seedling,0,0.15,0.09
III,Bulacan,San Miguel,2021-11-26,22.9,35.6,79.7,0.0,25.2,206.6,Seedling,0,0.15,0.08
III,Bulacan,San Miguel,2021-11-27,23.5,35.266666666666666,77.1,0.0,24.9,219.4,Seedling,0,0.15,0.06
III,Bulacan,San Miguel,2021-11-28,24.2,34.93333333333334,79.5,0.0,25.4,205.0,Seedling,0,0.02,0.09
III,Bulacan,San Miguel,2021-11-29,25.1,34.6,81.0,0.0,25.6,224.8,Seedling,0,0.06,0.15
III,Bulacan,San Miguel,2021-11-30,25.0,34.266666666666666,78.5,0.0,25.1,204.9,Seedling,0,0.03,0.02
III,Bulacan,San Miguel,2021-12-01,24.1,33.93333333333334,79.4,0.0,24.9,203.6,Seedling,0,0.07,0.21
III,Bulacan,San Miguel,2021-12-02,24.5,33.6,79.0,0.0,24.8,213.5,Seedling,0,0.0,0.18
III,Bulacan,San Miguel,2021-12-03,23.6,34.0,83.6,2.0,25.5,210.1,Seedling,0,0.0,0.19
III,Bulacan,San Miguel,2021-12-04,23.9,33.8,76.8,0.0,24.2,206.8,Seedling,3,3.43,0.1
III,Bulacan,San Miguel,2021-12-05,24.0,34.5,77.8,0.0,24.8,206.8,Seedling,1,3.95,0.0
III,Bulacan,San Miguel,2021-12-06,23.1,35.3,79.6,0.0,25.1,201.5,Seedling,2,3.46,0.09
III,Bulacan,San Miguel,2021-12-07,22.9,34.2,83.5,24.1,25.2,186.7,Seedling,0,4.19,0.0
III,Bulacan,San Miguel,2021-12-08,22.5,34.5,80.5,14.2,24.6,202.6,Seedling,0,4.25,0.0
III,Bulacan,San Miguel,2021-12-09,23.3,34.7,75.6,0.2,24.1,211.2,Seedling,1,4.58,0.03
III,Bulacan,San Miguel,2021-12-10,23.2,34.8,73.3,0.0,23.7,221.6,Seedling,1,4.15,0.08
III,Bulacan,San Miguel,2021-12-11,24.6,33.5,74.6,0.0,24.0,203.1,Seedling,2,2.84,0.15
III,Bulacan,San Miguel,2021-12-12,24.1,31.6,76.4,0.0,23.1,210.5,Seedling,1,3.71,0.1
III,Bulacan,San Miguel,2021-12-13,24.2,32.2,79.4,14.0,24.1,191.1,Seedling,1,2.0,0.11
III,Bulacan,San Miguel,2021-12-14,23.9,32.9,72.4,0.0,22.9,226.8,Seedling,1,3.37,0.0
III,Bulacan,San Miguel,2021-12-15,24.1,32.4,74.6,0.0,23.2,212.0,Seedling,3,2.46,0.01
III,Bulacan,San Miguel,2021-12-16,23.2,33.3,76.3,0.0,23.5,206.4,Seedling,3,2.45,0.24
III,Bulacan,San Miguel,2021-12-17,22.1,32.3,75.2,0.0,22.2,216.9,Seedling,3,2.67,0.14
III,Bulacan,San Miguel,2021-12-18,22.6,33.5,79.7,12.6,24.0,218.7,Seedling,2,1.66,0.17
III,Bulacan,San Miguel,2021-12-19,23.9,31.8,71.3,0.0,22.1,215.4,Tillering,2,1.29,0.0
III,Bulacan,San Miguel,2021-12-20,23.6,33.0,68.0,0.0,21.9,211.8,Tillering,1,0.73,0.2
III,Bulacan,San Miguel,2021-12-21,23.3,30.8,71.5,16.8,21.4,194.8,Tillering,1,0.32,0.11
III,Bulacan,San Miguel,2021-12-22,23.0,29.3,74.7,30.6,21.1,187.4,Tillering,2,0.24,0.16
III,Bulacan,San Miguel,2021-12-23,23.3,31.4,70.8,0.0,21.5,211.0,Tillering,3,0.52,0.11
III,Bulacan,San Miguel,2021-12-24,23.2,32.6,72.7,8.1,22.4,212.4,Tillering,1,1.46,0.04
III,Bulacan,San Miguel,2021-12-25,23.0,32.3,70.4,0.0,21.7,233.6,Tillering,0,0.0,0.03
III,Bulacan,San Miguel,2021-12-26,23.3,33.2,71.1,0.0,22.5,217.0,Tillering,0,0.0,0.03
III,Bulacan,San Miguel,2021-12-27,23.1,33.8,68.8,0.0,22.2,213.9,Tillering,1,0.9,0.05
III,Bulacan,San Miguel,2021-12-28,23.1,31.5,76.0,8.6,22.5,210.8,Tillering,5,0.0,0.02
III,Bulacan,San Miguel,2021-12-29,23.0,30.8,74.8,0.0,21.9,207.7,Tillering,1,0.68,0.0
III,Bulacan,San Miguel,2021-12-30,23.1,32.6,73.9,0.0,22.6,204.6,Tillering,1,0.02,0.01
III,Bulacan,San Miguel,2021-12-31,24.0,33.4,78.6,5.8,24.4,201.5,Tillering,3,0.69,0.13
III,Bulacan,San Miguel,2022-01-01,24.3,32.5,74.5,6.3,23.3,213.6,Tillering,3,0.71,0.02
III,Bulacan,San Miguel,2022-01-02,24.4,31.3,78.3,6.8,23.5,218.7,Tillering,1,0.0,0.05
III,Bulacan,San Miguel,2022-01-03,24.5,33.0,76.4,0.0,24.0,222.2,Tillering,3,0.0,0.0
III,Bulacan,San Miguel,2022-01-04,23.5,30.3,76.0,10.7,22.1,204.9,Tillering,3,1.07,0.1
III,Bulacan,San Miguel,2022-01-05,23.3,31.5,74.6,0.0,22.3,225.2,Tillering,3,0.28,0.05
III,Bulacan,San Miguel,2022-01-06,23.5,30.7,72.5,0.0,21.6,224.7,Tillering,2,0.0,0.21
III,Bulacan,San Miguel,2022-01-07,23.2,32.7,72.7,0.0,22.5,227.9,Tillering,2,0.44,0.0
III,Bulacan,San Miguel,2022-01-08,24.0,31.9,78.6,0.0,23.7,219.3,Tillering,2,0.36,0.0
III,Bulacan,San Miguel,2022-01-09,24.7,33.0,78.9,0.0,24.6,212.1,Tillering,1,0.53,0.09
III,Bulacan,San Miguel,2022-01-10,24.5,32.8,76.7,0.0,24.0,213.1,Tillering,0,0.61,0.27
III,Bulacan,San Miguel,2022-01-11,24.3,34.3,74.5,0.0,24.2,214.8,Tillering,2,0.69,0.0
III,Bulacan,San Miguel,2022-01-12,24.0,33.5,74.7,0.0,23.7,217.3,Tillering,2,0.0,0.05
III,Bulacan,San Miguel,2022-01-13,24.8,32.3,74.5,0.0,23.4,223.7,Elongation,1,0.87,0.0
III,Bulacan,San Miguel,2022-01-14,24.5,32.7,75.1,0.0,23.6,233.7,Elongation,2,0.28,0.13
III,Bulacan,San Miguel,2022-01-15,24.1,33.0,71.4,0.0,22.8,201.6,Elongation,4,0.69,0.0
III,Bulacan,San Miguel,2022-01-16,24.1,33.4,70.9,0.0,22.9,220.2,Elongation,2,0.67,0.09
III,Bulacan,San Miguel,2022-01-17,23.0,33.1,73.1,6.9,22.7,222.9,Elongation,0,0.81,0.24
III,Bulacan,San Miguel,2022-01-18,22.8,32.4,72.6,5.75,22.1,226.5,Elongation,3,0.0,0.206
III,Bulacan,San Miguel,2022-01-19,21.8,31.6,77.2,4.6,22.1,212.4,Elongation,1,0.0,0.172
III,Bulacan,San Miguel,2022-01-20,21.4,31.8,74.3,3.45,21.5,217.7,Elongation,3,1.1,0.138
III,Bulacan,San Miguel,2022-01-21,22.1,31.8,74.8,2.3,21.9,214.0,Elongation,1,0.6,0.10400000000000001
III,Bulacan,San Miguel,2022-01-22,22.2,32.1,74.2,1.1499999999999995,22.0,220.7,Elongation,0,0.66,0.07
III,Bulacan,San Miguel,2022-01-23,22.5,32.2,70.1,0.0,21.4,211.7,Elongation,2,0.12,0.13
III,Bulacan,San Miguel,2022-01-24,23.5,30.3,69.7,0.0,20.8,226.8,Elongation,2,0.51,0.21
III,Bulacan,San Miguel,2022-01-25,24.2,30.6,68.7,0.0,21.1,215.8,Elongation,4,1.31,0.08
III,Bulacan,San Miguel,2022-01-26,24.05,30.8,71.4,11.7,20.9,208.1,Elongation,1,1.37,0.11
III,Bulacan,San Miguel,2022-01-27,23.9,30.4,76.2,16.2,21.6,203.2,Elongation,1,0.0,0.08
III,Bulacan,San Miguel,2022-01-28,23.75,31.9,77.7,1.9,23.0,219.2,Elongation,1,0.04,0.0
III,Bulacan,San Miguel,2022-01-29,23.6,31.9,70.9,0.0,21.5,215.6,Elongation,1,1.57,0.0
III,Bulacan,San Miguel,2022-01-30,23.45,31.3,69.9,0.0,21.3,221.3,Elongation,2,0.48,0.08
III,Bulacan,San Miguel,2022-01-31,23.3,30.2,75.8,12.9,21.9,219.7,Elongation,2,1.3,0.14
III,Bulacan,San Miguel,2022-02-01,24.2,31.9,72.9,0.0,22.6,214.0,Panicle,2,0.19,1.38
III,Bulacan,San Miguel,2022-02-02,23.2,30.5,72.6,0.0,21.4,222.1,Panicle,1,0.18,0.5
III,Bulacan,San Miguel,2022-02-03,24.2,32.0,72.7,0.0,22.6,210.9,Panicle,0,0.08,2.54
III,Bulacan,San Miguel,2022-02-04,23.8,32.4,74.6,0.0,23.0,225.9,Panicle,0,0.06,1.07
III,Bulacan,San Miguel,2022-02-05,24.5,32.9,73.1,0.0,23.3,222.0,Panicle,2,0.09,0.48
III,Bulacan,San Miguel,2022-02-06,23.4,32.2,70.7,0.0,21.9,217.2,Panicle,1,0.19,0.9
III,Bulacan,San Miguel,2022-02-07,22.8,32.3,69.5,0.0,21.4,208.0,Panicle,5,0.14,1.16
III,Bulacan,San Miguel,2022-02-08,23.6,30.6,69.4,0.0,21.0,227.5,Panicle,2,0.08,0.36
III,Bulacan,San Miguel,2022-02-09,23.2,30.5,69.4,0.0,20.7,215.3,Panicle,0,0.0,0.0
III,Bulacan,San Miguel,2022-02-10,22.8,30.6,70.5,0.0,20.8,214.6,Panicle,0,0.05,0.39
III,Bulacan,San Miguel,2022-02-11,23.7,29.8,67.8,0.0,20.3,222.8,Panicle,1,0.16,1.22
III,Bulacan,San Miguel,2022-02-12,23.0,31.3,73.7,0.0,21.9,226.9,Panicle,2,0.14,2.33
III,Bulacan,San Miguel,2022-02-13,23.4,31.3,73.9,0.0,22.1,230.0,Panicle,2,0.12,0.33
III,Bulacan,San Miguel,2022-02-14,23.7,32.9,76.2,0.0,23.5,234.5,Panicle,2,0.11,0.0
III,Bulacan,San Miguel,2022-02-15,23.4,32.2,71.8,0.0,22.2,217.5,Panicle,3,0.08499999999999999,0.0
III,Bulacan,San Miguel,2022-02-16,23.3,30.8,74.5,0.0,22.0,227.6,Flowering,1,0.06,1.15
III,Bulacan,San Miguel,2022-02-17,23.7,31.4,75.6,0.0,22.7,215.0,Flowering,0,0.03499999999999999,0.57
III,Bulacan,San Miguel,2022-02-18,24.2,32.2,78.1,0.0,23.8,218.8,Flowering,0,0.01,0.0
III,Bulacan,San Miguel,2022-02-19,24.9,32.6,78.0,0.0,24.4,246.3,Flowering,1,0.0,0.86
III,Bulacan,San Miguel,2022-02-20,25.5,31.8,80.3,0.0,24.7,228.8,Flowering,0,0.0,2.31
III,Bulacan,San Miguel,2022-02-21,24.1,32.05,77.9,0.0,23.5,229.3,Flowering,0,0.01,1.88
III,Bulacan,San Miguel,2022-02-22,23.1,32.3,75.9,0.0,23.6,220.7,Flowering,3,0.09,1.21
III,Bulacan,San Miguel,2022-02-23,22.7,32.55,80.2,0.0,23.0,225.9,Flowering,10,0.03,0.69
III,Bulacan,San Miguel,2022-02-24,24.0,32.8,77.3,0.0,23.2,231.9,Flowering,3,0.11,1.5
III,Bulacan,San Miguel,2022-02-25,24.0,33.05,75.8,0.0,23.5,228.7,Flowering,11,0.16,0.0
III,Bulacan,San Miguel,2022-02-26,24.1,33.3,74.7,0.0,23.6,231.2,Flowering,7,0.0,0.0
III,Bulacan,San Miguel,2022-02-27,24.1,32.2,76.5,0.0,23.5,221.0,Flowering,6,0.0,2.4
III,Bulacan,San Miguel,2022-02-28,22.6,33.1,75.3,0.0,22.9,222.2,Flowering,13,0.05,1.84
III,Bulacan,San Miguel,2022-03-01,21.5,32.8,71.7,0.0,21.5,220.4,Flowering,11,0.12,2.59
III,Bulacan,San Miguel,2022-03-02,21.9,32.1,71.9,0.0,21.4,214.9,Flowering,16,0.09,0.8
III,Bulacan,San Miguel,2022-03-03,21.3,32.1,68.7,0.0,20.4,230.8,Ripening,1,0.25,2.21
III,Bulacan,San Miguel,2022-03-04,22.1,32.9,69.4,0.0,21.4,222.9,Ripening,0,0.07,3.3
III,Bulacan,San Miguel,2022-03-05,22.2,33.1,72.0,0.0,22.0,226.2,Ripening,2,0.15,2.66
III,Bulacan,San Miguel,2022-03-06,23.0,33.4,72.0,0.0,22.6,219.2,Ripening,1,0.11,3.5
III,Bulacan,San Miguel,2022-03-07,22.4,33.8,68.0,0.0,21.7,228.1,Ripening,0,0.07333333333333333,3.5
III,Bulacan,San Miguel,2022-03-08,22.5,33.9,68.8,0.0,22.0,216.7,Ripening,0,0.03666666666666667,2.98
III,Bulacan,San Miguel,2022-03-09,23.2,32.8,67.6,0.0,21.5,223.9,Ripening,0,0.0,4.01
III,Bulacan,San Miguel,2022-03-10,23.3,31.6,68.6,0.0,21.2,230.6,Ripening,2,0.04,4.01
III,Bulacan,San Miguel,2022-03-11,23.1,30.9,68.8,0.0,20.8,232.3,Ripening,1,0.01,2.9
III,Bulacan,San Miguel,2022-03-12,24.2,31.4,72.3,0.0,22.3,212.8,Ripening,1,0.14,2.04
III,Bulacan,San Miguel,2022-03-13,23.9,32.6,72.4,0.0,22.7,213.0,Ripening,1,0.18,5.52
III,Bulacan,San Miguel,2022-03-14,23.7,32.1,72.2,0.0,22.5,231.7,Ripening,1,0.0,3.25
III,Bulacan,San Miguel,2022-03-15,23.5,29.8,69.8,0.0,22.3,234.2,Ripening,1,0.12,2.14
III,Bulacan,San Miguel,2022-03-16,23.3,30.9,74.9,8.1,22.1,214.5,Ripening,0,0.16,2.53
III,Bulacan,San Miguel,2022-03-17,23.7,32.4,68.7,0.0,21.8,219.8,Ripening,1,0.13,1.63
III,Bulacan,San Miguel,2022-03-18,23.6,33.0,72.4,0.0,22.8,228.7,Ripening,0,0.03,1.42
III,Bulacan,San Miguel,2022-03-19,24.4,32.5,73.55000000000001,0.0,22.4,220.4,Ripening,0,0.07,2.01
III,Bulacan,San Miguel,2022-03-20,24.3,31.3,74.7,0.0,21.6,227.5,Ripening,1,0.13,2.39
III,Bulacan,San Miguel,2022-03-21,24.2,30.2,75.85,0.0,21.6,235.1,Ripening,0,0.23,0.0
III,Bulacan,San Miguel,2022-03-22,23.4,30.6,77.0,0.0,22.4,223.2,Ripening,0,0.11,1.64
III,Bulacan,San Miguel,2022-03-23,23.8,32.4,75.2,0.0,23.1,217.5,Ripening,0,0.13,0.0
III,Bulacan,San Miguel,2022-03-24,23.4,32.5,73.3,0.0,22.6,219.1,Ripening,1,0.05,0.24
III,Bulacan,San Miguel,2022-03-25,23.9,33.1,74.0,0.0,23.3,214.1,Ripening,0,0.12,0.0
III,Bulacan,San Miguel,2022-03-26,23.3,31.3,75.3,3.1,22.4,233.1,Ripening,1,0.0,0.01
III,Bulacan,San Miguel,2022-03-27,24.5,30.9,70.5,0.0,21.8,223.5,Ripening,0,0.04,0.11
III,Bulacan,San Miguel,2022-03-28,23.8,32.3,68.2,0.0,21.7,214.4,Ripening,0,0.06,0.08
III,Bulacan,San Miguel,2022-03-29,24.0,32.5,66.3,0.0,21.5,227.5,Ripening,0,0.16,0.05
III,Bulacan,San Miguel,2022-03-30,24.5,32.5,70.3,6.6,22.6,219.1,Ripening,0,0.15,0.07
III,Bulacan,San Miguel,2022-03-31,24.2,32.5,65.9,0.0,21.5,229.0,Ripening,0,0.22,0.11
III,Bulacan,San Miguel,2022-04-01,24.3,33.4,68.3,0.0,22.5,206.3,Ripening,0,0.04,0.13
III,Bulacan,San Miguel,2022-04-02,25.8,32.8,67.8,0.0,22.9,231.1,Ripening,0,0.12,0.0
III,Bulacan,San Miguel,2022-04-03,24.3,32.3,68.8,0.0,22.1,218.0,Ripening,0,0.11,0.11
III,Bulacan,San Miguel,2022-04-04,23.9,34.2,66.7,0.0,22.4,233.9,Ripening,0,0.09,0.23
III,Bulacan,San Miguel,2022-04-05,23.5,33.8,67.8,0.0,22.2,230.8,Ripening,0,0.0,0.01
III,Bulacan,San Miguel,2022-04-06,24.1,32.4,67.5,0.0,21.8,228.9,Ripening,0,0.0,0.19
III,Bulacan,San Miguel,2022-04-07,24.9,31.9,68.5,0.0,22.1,219.7,Ripening,0,0.08,0.2
III,Bulacan,San Miguel,2022-04-08,24.1,32.2,68.2,0.0,21.8,218.9,Ripening,0,0.13,0.15
III,Bulacan,San Miguel,2022-04-09,23.5,32.5,69.3,0.0,21.9,212.9,Ripening,0,0.03,0.12666666666666665
III,Bulacan,San Miguel,2022-04-10,23.2,31.6,67.8,0.0,21.0,228.2,Ripening,0,0.17,0.10333333333333333
III,Bulacan,San Miguel,2022-04-11,23.5,32.2,67.5,0.0,21.4,236.7,Ripening,0,0.01,0.08
III,Bulacan,San Miguel,2022-04-12,23.8,30.3,68.9,0.0,20.8,224.4,Ripening,0,0.15,0.11
III,Bulacan,San Miguel,2022-04-13,25.0,30.2,70.2,0.0,21.6,236.9,Ripening,0,0.16,0.23
III,Bulacan,San Miguel,2022-04-14,24.8,30.4,67.8,0.0,21.2,229.0,Ripening,0,0.09,0.14
III,Bulacan,San Miguel,2022-04-15,24.1,30.5,69.7,0.0,21.2,224.7,Ripening,0,0.0,0.0
III,Bulacan,San Miguel,2022-04-16,23.5,30.7,74.8,0.0,22.1,210.8,Ripening,0,0.04,0.1
III,Bulacan,San Miguel,2022-04-17,22.7,30.7,74.1,0.0,21.5,227.9,Ripening,0,0.09,0.0
III,Bulacan,San Miguel,2022-04-18,22.6,31.7,73.7,0.0,21.9,215.3,Ripening,1,0.09,0.0
III,Bulacan,San Miguel,2022-04-19,22.7,31.5,73.9,0.0,21.9,214.8,Ripening,0,0.14,0.27
III,Bulacan,San Miguel,2022-04-20,23.1,32.1,76.1,0.0,22.8,215.6,Ripening,0,0.15,0.18
III,Bulacan,San Miguel,2022-04-21,23.3,31.9,74.0,0.0,22.4,215.7,Ripening,0,0.17,0.07
III,Bulacan,San Miguel,2022-04-22,23.4,33.4,72.7,0.0,22.9,212.6,Ripening,0,0.0,0.02
III,Bulacan,San Miguel,2022-04-23,23.2,31.7,66.3,0.0,20.7,209.4,Ripening,0,0.15,0.2
III,Bulacan,San Miguel,2022-04-24,23.4,31.7,64.2,0.0,20.4,209.7,Ripening,0,0.12,0.02
III,Bulacan,San Miguel,2022-04-25,22.5,32.0,68.8,0.0,21.0,223.8,Ripening,0,0.1,0.09
III,Bulacan,San Miguel,2022-04-26,22.6,32.2,70.6,0.0,21.5,215.3,Ripening,0,0.15,0.1
III,Bulacan,San Miguel,2022-04-27,22.2,31.9,70.2,1.0,21.1,218.2,Ripening,0,0.05,0.1
III,Bulacan,San Miguel,2022-04-28,21.8,30.3,79.3,28.8,21.9,185.5,Ripening,0,0.0,0.2
III,Bulacan,San Miguel,2022-04-29,21.8,32.4,79.2,1.4,22.9,202.0,Ripening,0,0.06,0.1
III,Bulacan,San Miguel,2022-04-30,22.1,31.8,74.2,0.0,21.8,204.4,Ripening,0,0.05,0.02
III,Bulacan,San Miguel,2022-05-01,23.8,31.0,73.2,0.0,22.0,215.7,Ripening,0,0.17,0.12
III,Bulacan,San Miguel,2022-05-02,24.4,31.1,72.6,0.0,22.3,212.9,Ripening,0,0.06,0.16
III,Bulacan,San Miguel,2022-05-03,23.9,33.1,72.9,0.0,23.1,213.4,Seedling,0,0.11,0.02
III,Bulacan,San Miguel,2022-05-04,24.6,32.0,71.0,0.0,22.5,216.9,Seedling,0,0.0,0.0
III,Bulacan,San Miguel,2022-05-05,24.3,32.3,72.2,0.0,22.7,218.0,Seedling,0,0.2,0.09
III,Bulacan,San Miguel,2022-05-06,25.2,33.7,71.9,0.0,23.8,205.4,Seedling,0,0.08,0.1
III,Bulacan,San Miguel,2022-05-07,24.1,30.7,76.4,40.5,22.7,194.1,Seedling,0,0.18,0.0
III,Bulacan,San Miguel,2022-05-08,24.6,33.2,71.6,0.0,23.2,200.2,Seedling,0,0.18,0.18
III,Bulacan,San Miguel,2022-05-09,24.0,33.6,76.8,2.1,24.2,209.9,Seedling,0,0.11,0.0
III,Bulacan,San Miguel,2022-05-10,23.0,33.7,72.6,0.0,22.9,217.4,Seedling,0,0.0,0.09
III,Bulacan,San Miguel,2022-05-11,22.4,32.4,77.4,13.3,22.9,219.0,Seedling,0,0.0,0.12
III,Bulacan,San Miguel,2022-05-12,23.4,34.0,74.3,3.4,23.6,211.3,Seedling,0,0.08,0.06
III,Bulacan,San Miguel,2022-05-13,23.2,32.7,69.8,0.0,21.9,222.9,Seedling,0,0.02,0.14
III,Bulacan,San Miguel,2022-05-14,23.6,31.1,77.1,6.8,22.8,206.8,Seedling,0,0.0,0.02
III,Bulacan,San Miguel,2022-05-15,23.9,31.7,70.6,0.0,21.9,207.7,Seedling,0,0.0,0.14
III,Bulacan,San Miguel,2022-05-16,23.1,32.3,70.9,0.0,21.9,205.0,Seedling,0,0.0,0.07
III,Bulacan,San Miguel,2022-05-17,21.8,32.8,76.2,0.0,22.5,211.3,Seedling,0,0.03,0.1
III,Bulacan,San Miguel,2022-05-18,22.0,32.2,71.9,0.0,21.5,218.8,Seedling,0,0.12,0.0
III,Bulacan,San Miguel,2022-05-19,22.2,32.5,70.7,0.0,21.5,205.6,Seedling,0,0.07,0.0
III,Bulacan,San Miguel,2022-05-20,24.1,31.0,71.1,0.0,21.8,206.7,Seedling,0,0.13,0.13
III,Bulacan,San Miguel,2022-05-21,23.6,31.3,73.44999999999999,0.0,21.6,203.5,Seedling,0,0.07,0.19
III,Bulacan,San Miguel,2022-05-22,23.5,30.4,75.8,22.5,22.1,200.0,Seedling,0,0.11,0.0
III,Bulacan,San Miguel,2022-05-23,24.3,32.4,73.5,0.0,23.0,207.8,Seedling,0,0.09,0.06
III,Bulacan,San Miguel,2022-05-24,23.5,32.6,74.2,0.0,22.9,222.3,Seedling,0,0.15,0.14
III,Bulacan,San Miguel,2022-05-25,23.0,31.4,72.8,0.0,21.8,213.8,Seedling,0,0.16,0.08
III,Bulacan,San Miguel,2022-05-26,24.3,30.3,76.9,0.0,22.7,205.7,Seedling,0,0.0,0.18
III,Bulacan,San Miguel,2022-05-27,24.4,31.6,78.5,0.0,23.7,216.6,Seedling,0,0.13,0.1
III,Bulacan,San Miguel,2022-05-28,23.7,31.0,74.3,0.0,22.2,200.5,Seedling,1,0.01,0.0
III,Bulacan,San Miguel,2022-05-29,22.9,31.9,77.5,0.0,22.9,212.7,Seedling,0,0.05,0.11
III,Bulacan,San Miguel,2022-05-30,22.6,32.3,77.6,0.0,23.0,207.3,Seedling,0,0.07,0.24
III,Bulacan,San Miguel,2022-05-31,22.6,31.7,78.7,10.5,22.9,195.3,Seedling,0,0.15,0.06
III,Bulacan,San Miguel,2022-06-01,23.9,31.5,77.2,0.0,23.1,205.8,Seedling,0,0.07,0.01
III,Bulacan,San Miguel,2022-06-02,23.3,30.6,81.6,0.0,23.3,192.8,Seedling,0,0.0,0.05
III,Bulacan,San Miguel,2022-06-03,23.6,32.6,76.4,0.0,23.4,213.8,Seedling,0,0.19,0.14
III,Bulacan,San Miguel,2022-06-04,23.7,33.7,80.1,0.0,24.7,193.6,Seedling,0,0.09,0.08
III,Bulacan,San Miguel,2022-06-05,22.9,31.8,72.8,0.0,21.9,223.9,Seedling,0,0.16,0.2
III,Bulacan,San Miguel,2022-06-06,23.2,31.2,74.2,0.0,22.0,207.8,Seedling,0,0.0,0.01
III,Bulacan,San Miguel,2022-06-07,22.5,31.0,75.2,0.0,21.8,202.8,Seedling,0,0.0,0.12
III,Bulacan,San Miguel,2022-06-08,23.7,30.7,70.7,0.0,21.3,211.5,Seedling,0,0.06,0.06
III,Bulacan,San Miguel,2022-06-09,23.0,31.2,75.4,9.1,22.2,203.6,Seedling,0,0.0,0.08
III,Bulacan,San Miguel,2022-06-10,22.4,31.1,75.3,0.0,21.8,200.5,Seedling,9,0.05,0.0
III,Bulacan,San Miguel,2022-06-11,22.0,33.2,76.0,0.0,22.8,221.1,Seedling,10,0.81,0.07
III,Bulacan,San Miguel,2022-06-12,21.6,32.5,80.4,11.5,23.1,185.6,Seedling,10,0.0,0.08
III,Bulacan,San Miguel,2022-06-13,23.3,33.8,79.3,0.0,24.4,203.2,Seedling,10,0.12,0.15
III,Bulacan,San Miguel,2022-06-14,24.8,33.7,78.1,0.0,24.9,203.0,Seedling,10,0.55,0.19
III,Bulacan,San Miguel,2022-06-15,24.2,33.9,82.0,10.1,25.4,194.2,Seedling,7,0.0,0.18
III,Bulacan,San Miguel,2022-06-16,24.2,33.7,74.1,0.0,23.8,194.4,Seedling,8,1.36,0.1
III,Bulacan,San Miguel,2022-06-17,23.3,35.1,77.1,0.0,24.6,212.2,Seedling,5,1.5,0.14
III,Bulacan,San Miguel,2022-06-18,23.166666666666668,34.9,78.3,0.0,24.9,209.5,Seedling,9,1.17,0.09
III,Bulacan,San Miguel,2022-06-19,23.033333333333335,35.0,76.9,0.0,24.6,231.6,Seedling,7,2.21,0.08
III,Bulacan,San Miguel,2022-06-20,22.9,33.2,81.6,1.2,24.5,215.0,Seedling,8,2.46,0.16
III,Bulacan,San Miguel,2022-06-21,22.766666666666666,33.9,78.2,0.0,24.1,199.9,Seedling,12,3.24,0.09
III,Bulacan,San Miguel,2022-06-22,22.633333333333333,35.0,76.0,0.0,24.0,206.0,Seedling,20,3.91,0.11
III,Bulacan,San Miguel,2022-06-23,22.5,34.6,80.4,2.3,24.6,193.2,Seedling,27,3.58,0.07
III,Bulacan,San Miguel,2022-06-24,22.78,34.8,80.9,10.4,24.4,191.0,Seedling,34,4.48,0.11
III,Bulacan,San Miguel,2022-06-25,23.06,35.0,76.9,0.0,24.4,217.3,Tillering,42,5.91,0.0
III,Bulacan,San Miguel,2022-06-26,23.34,35.2,82.5,1.8,26.0,212.2,Tillering,39,5.96,0.0
III,Bulacan,San Miguel,2022-06-27,23.619999999999997,34.7,83.5,13.1,25.6,185.4,Tillering,29,6.57,0.06
III,Bulacan,San Miguel,2022-06-28,23.9,35.2,76.1,0.0,24.8,218.8,Tillering,40,5.89,0.04
III,Bulacan,San Miguel,2022-06-29,23.8,35.4,74.2,0.0,24.4,194.9,Tillering,26,6.51,0.25
III,Bulacan,San Miguel,2022-06-30,23.3,33.8,79.6,45.5,24.5,164.3,Tillering,29,5.79,0.0
III,Bulacan,San Miguel,2022-07-01,24.1,34.7,78.6,34.125,25.1,221.6,Tillering,40,5.31,0.0
III,Bulacan,San Miguel,2022-07-02,24.2,34.5,84.3,22.75,26.2,198.7,Tillering,24,5.33,0.0
III,Bulacan,San Miguel,2022-07-03,23.5,33.1,82.9,11.375,24.9,187.3,Tillering,27,3.95,0.05
III,Bulacan,San Miguel,2022-07-04,24.1,34.3,78.1,0.0,24.8,197.7,Tillering,27,4.64,0.18
III,Bulacan,San Miguel,2022-07-05,23.2,32.1,80.2,114.3,23.7,157.1,Tillering,26,4.9,0.08
III,Bulacan,San Miguel,2022-07-06,23.7,33.6,77.4,0.0,24.1,202.8,Tillering,30,4.29,0.08
III,Bulacan,San Miguel,2022-07-07,23.3,34.9,78.7,0.0,24.8,205.7,Tillering,24,3.88,0.06
III,Bulacan,San Miguel,2022-07-08,23.5,34.6,81.8,2.7,25.4,192.4,Tillering,24,3.74,0.05
III,Bulacan,San Miguel,2022-07-09,23.5,33.7,75.0,0.0,23.6,197.3,Tillering,21,4.2,0.12
III,Bulacan,San Miguel,2022-07-10,24.9,34.0,77.5,0.0,25.0,195.5,Tillering,14,2.79,0.15
III,Bulacan,San Miguel,2022-07-11,24.3,33.5,76.7,0.0,24.2,195.1,Tillering,14,3.74,0.05
III,Bulacan,San Miguel,2022-07-12,24.1,34.1,82.3,9.0,25.6,194.7,Tillering,28,3.16,0.0
III,Bulacan,San Miguel,2022-07-13,23.8,33.9,83.4,17.7,25.5,173.0,Tillering,19,3.62,0.16
III,Bulacan,San Miguel,2022-07-14,23.9,33.3,84.1,8.1,25.4,188.3,Tillering,26,3.15,0.11
III,Bulacan,San Miguel,2022-07-15,24.5,34.2,76.5,0.0,24.7,213.2,Tillering,29,2.53,0.0
III,Bulacan,San Miguel,2022-07-16,24.6,35.9,80.6,5.0,26.4,193.7,Tillering,21,2.46,0.0
III,Bulacan,San Miguel,2022-07-17,24.9,34.9,80.2,8.1,25.9,196.4,Tillering,15,3.21,0.06
III,Bulacan,San Miguel,2022-07-18,25.0,33.7,75.5,0.0,24.5,209.3,Tillering,13,2.84,0.05
III,Bulacan,San Miguel,2022-07-19,25.3,31.7,75.6,0.0,23.6,220.4,Tillering,11,2.54,0.22
III,Bulacan,San Miguel,2022-07-20,23.4,32.9,78.4,0.0,23.8,204.0,Elongation,4,3.06,0.0
III,Bulacan,San Miguel,2022-07-21,23.8,32.8,73.7,0.0,23.0,191.2,Elongation,3,2.35,0.14
III,Bulacan,San Miguel,2022-07-22,23.0,31.9,78.7,37.8,23.2,165.6,Elongation,5,1.7,0.16
III,Bulacan,San Miguel,2022-07-23,22.4,31.9,82.2,32.8,23.6,173.9,Elongation,6,1.22,0.19
III,Bulacan,San Miguel,2022-07-24,23.2,32.6,82.7,0.0,24.4,197.6,Elongation,6,2.03,0.09
III,Bulacan,San Miguel,2022-07-25,23.6,32.3,82.5,13.1,24.4,194.7,Elongation,7,0.44,0.0
III,Bulacan,San Miguel,2022-07-26,24.7,31.7,82.7,14.4,24.7,183.1,Elongation,9,0.59,0.0
III,Bulacan,San Miguel,2022-07-27,23.8,32.1,79.0,0.0,23.8,185.3,Elongation,8,0.88,0.0
III,Bulacan,San Miguel,2022-07-28,23.7,33.2,78.4,0.0,24.1,211.7,Elongation,5,0.24,0.15
III,Bulacan,San Miguel,2022-07-29,23.9,32.3,81.9,15.6,24.5,193.8,Elongation,8,0.0,0.19
III,Bulacan,San Miguel,2022-07-30,24.8,33.5,84.1,1.9,26.0,190.3,Elongation,7,0.35,0.13
III,Bulacan,San Miguel,2022-07-31,23.7,30.9,86.6,37.7,24.6,161.2,Elongation,12,0.9,0.25
III,Bulacan,San Miguel,2022-08-01,24.6,32.2,81.2,0.0,24.6,201.0,Elongation,10,0.0,0.18
III,Bulacan,San Miguel,2022-08-02,24.3,30.5,86.5,5.0,24.7,187.8,Elongation,20,0.67,0.01
III,Bulacan,San Miguel,2022-08-03,24.5,30.0,81.6,0.0,23.6,200.4,Elongation,13,1.15,0.14
III,Bulacan,San Miguel,2022-08-04,23.5,31.7,82.4,0.0,24.1,213.9,Elongation,20,0.0,0.09
III,Bulacan,San Miguel,2022-08-05,23.5,31.0,82.1,0.0,23.7,195.2,Elongation,28,1.17,0.24
III,Bulacan,San Miguel,2022-08-06,23.2,30.8,87.7,18.8,24.5,182.6,Elongation,16,0.47,0.0
III,Bulacan,San Miguel,2022-08-07,23.8,31.5,87.1,3.1,25.1,202.3,Elongation,19,0.75,0.0
III,Bulacan,San Miguel,2022-08-08,23.3,32.0,83.4,24.0,24.3,187.0,Elongation,32,1.14,0.04
III,Bulacan,San Miguel,2022-08-09,23.9,32.2,81.2,35.2,24.3,167.5,Panicle,14,0.0,0.0
III,Bulacan,San Miguel,2022-08-10,24.4,32.8,80.1,9.8,24.6,194.0,Panicle,13,0.19,0.0
III,Bulacan,San Miguel,2022-08-11,24.5,35.9,78.9,0.0,26.0,200.2,Panicle,28,0.11,0.63
III,Bulacan,San Miguel,2022-08-12,23.7,34.4,79.6,0.0,25.0,198.2,Panicle,18,0.07,1.47
III,Bulacan,San Miguel,2022-08-13,22.9,32.2,86.4,32.9,24.8,173.8,Panicle,12,0.0,1.06
III,Bulacan,San Miguel,2022-08-14,24.1,32.7,81.7,0.0,24.7,194.6,Panicle,15,0.11,1.19
III,Bulacan,San Miguel,2022-08-15,23.5,31.5,84.3,24.6,24.466666666666665,186.1,Panicle,15,0.0,0.81
III,Bulacan,San Miguel,2022-08-16,23.9,32.4,77.9,0.0,24.233333333333334,181.3,Panicle,13,0.12,0.0
III,Bulacan,San Miguel,2022-08-17,23.6,32.6,79.3,0.0,24.0,197.0,Panicle,12,0.14,1.3
III,Bulacan,San Miguel,2022-08-18,23.2,32.4,85.4,2.3,24.9,181.1,Panicle,8,0.13,0.71
III,Bulacan,San Miguel,2022-08-19,23.8,31.5,82.5,0.0,24.833333333333332,195.6,Panicle,11,0.13,0.24
III,Bulacan,San Miguel,2022-08-20,23.2,32.8,82.7,0.0,24.766666666666666,186.6,Panicle,9,0.08,0.51
III,Bulacan,San Miguel,2022-08-21,22.5,32.0,88.2,25.6,24.7,182.7,Panicle,6,0.01,0.97
III,Bulacan,San Miguel,2022-08-22,22.4,34.6,82.4,0.0,24.633333333333333,190.9,Panicle,8,0.11,0.51
III,Bulacan,San Miguel,2022-08-23,21.6,33.4,86.9,5.4,24.566666666666666,187.3,Panicle,4,0.26,1.1
III,Bulacan,San Miguel,2022-08-24,22.4,34.4,80.6,0.0,24.5,205.9,Flowering,5,0.13,0.0
III,Bulacan,San Miguel,2022-08-25,23.4,33.5,81.8,7.9,24.8,190.0,Flowering,8,0.16,0.56
III,Bulacan,San Miguel,2022-08-26,23.5,34.0,80.1,7.5,24.8,200.9,Flowering,9,0.0,0.0
III,Bulacan,San Miguel,2022-08-27,23.5,32.8,82.1,6.5,24.6,205.7,Flowering,7,0.22,0.0
III,Bulacan,San Miguel,2022-08-28,23.2,31.8,82.2,4.333333333333334,23.9,180.5,Flowering,4,0.22,0.84
III,Bulacan,San Miguel,2022-08-29,23.0,32.6,77.3,2.166666666666667,23.3,201.4,Flowering,6,0.0,0.72
III,Bulacan,San Miguel,2022-08-30,23.6,32.333333333333336,77.1,0.0,23.4,209.7,Flowering,2,0.01,0.57
III,Bulacan,San Miguel,2022-08-31,24.0,32.06666666666667,81.3,6.4,25.0,200.6,Flowering,5,0.04,1.49
III,Bulacan,San Miguel,2022-09-01,23.6,31.8,85.0,13.9,24.7,194.4,Flowering,3,0.05,1.35
III,Bulacan,San Miguel,2022-09-02,23.8,32.0,86.0,11.0,25.1,193.0,Flowering,6,0.14,0.73
III,Bulacan,San Miguel,2022-09-03,24.5,32.7,84.6,6.4,25.5,184.5,Flowering,3,0.01,0.19
III,Bulacan,San Miguel,2022-09-04,24.1,32.3,86.5,29.0,25.5,157.2,Flowering,4,0.0,1.24
III,Bulacan,San Miguel,2022-09-05,24.2,33.2,82.0,0.0,25.1,195.4,Flowering,1,0.13,0.29
III,Bulacan,San Miguel,2022-09-06,25.1,33.8,80.3,0.0,25.5,200.7,Flowering,1,0.24,1.1
III,Bulacan,San Miguel,2022-09-07,25.9,34.2,85.1,1.6,27.1,197.7,Ripening,2,0.08,0.97
III,Bulacan,San Miguel,2022-09-08,23.9,33.8,81.4,11.5,25.1,188.7,Ripening,1,0.13,1.87
III,Bulacan,San Miguel,2022-09-09,24.3,33.3,80.0,3.5,24.8,183.5,Ripening,1,0.07,0.56
III,Bulacan,San Miguel,2022-09-10,23.3,34.3,78.6,0.0,24.5,191.9,Ripening,1,0.11,0.8800000000000001
III,Bulacan,San Miguel,2022-09-11,24.0,32.7,78.1,0.0,24.0,188.6,Ripening,0,0.1,1.2000000000000002
III,Bulacan,San Miguel,2022-09-12,24.2,32.5,83.3,9.1,25.0,190.0,Ripening,3,0.17,1.52
III,Bulacan,San Miguel,2022-09-13,23.5,33.8,79.3,0.0,24.5,172.9,Ripening,2,0.0,1.84
III,Bulacan,San Miguel,2022-09-14,23.7,32.2,81.3,14.9,24.2,185.2,Ripening,2,0.15,2.16
III,Bulacan,San Miguel,2022-09-15,23.1,34.1,78.2,0.0,24.2,206.0,Ripening,0,0.06,2.48
III,Bulacan,San Miguel,2022-09-16,23.3,33.9,82.1,0.0,25.0,194.6,Ripening,0,0.07,3.45
III,Bulacan,San Miguel,2022-09-17,23.0,33.7,83.3,0.0,25.0,187.0,Ripening,1,0.08,2.67
III,Bulacan,San Miguel,2022-09-18,22.9,33.2,80.2,0.0,24.1,194.4,Ripening,0,0.07,4.42
III,Bulacan,San Miguel,2022-09-19,22.0,33.6,84.3,3.3,24.7,197.1,Ripening,0,0.08,4.86
III,Bulacan,San Miguel,2022-09-20,22.3,32.1,87.7,2.6,24.7,193.6,Ripening,1,0.1,3.66
III,Bulacan,San Miguel,2022-09-21,23.6,32.8,85.1,0.0,25.2,197.8,Ripening,1,0.18,2.95
III,Bulacan,San Miguel,2022-09-22,23.9,34.0,83.8,0.0,25.7,214.3,Ripening,0,0.08,3.35
III,Bulacan,San Miguel,2022-09-23,24.06,34.3,87.7,22.7,26.5,184.1,Ripening,1,0.22,1.99
III,Bulacan,San Miguel,2022-09-24,24.22,36.7,85.1,0.0,27.5,188.4,Ripening,0,0.22,4.05
III,Bulacan,San Miguel,2022-09-25,24.38,34.3,84.7,18.7,26.6,181.7,Ripening,2,0.15,3.89
III,Bulacan,San Miguel,2022-09-26,24.54,34.8,82.3,0.0,26.1,182.5,Ripening,2,0.0,4.06
III,Bulacan,San Miguel,2022-09-27,24.7,34.5,80.5,0.0,25.7,196.5,Ripening,1,0.06,4.96
III,Bulacan,San Miguel,2022-09-28,24.2,33.6,80.5,0.0,25.0,211.2,Ripening,2,0.05,5.14
III,Bulacan,San Miguel,2022-09-29,24.4,32.2,78.9,0.0,24.1,212.5,Ripening,1,0.0,4.75
III,Bulacan,San Miguel,2022-09-30,23.4,32.6,82.5,0.0,24.5,198.3,Ripening,2,0.11,2.89
III,Bulacan,San Miguel,2022-10-01,23.6,33.2,85.3,20.6,25.5,183.8,Ripening,2,0.07,3.27
III,Bulacan,San Miguel,2022-10-02,23.7,33.6,88.8,4.8,26.4,214.6,Ripening,0,0.0,0.17
III,Bulacan,San Miguel,2022-10-03,23.4,33.0,86.6,1.2,25.5,200.6,Ripening,0,0.08,0.26
III,Bulacan,San Miguel,2022-10-04,23.7,33.2,84.3,10.5,25.3,182.1,Ripening,0,0.0,0.0
III,Bulacan,San Miguel,2022-10-05,23.8,34.5,85.1,2.3,26.2,199.9,Ripening,0,0.11,0.05
III,Bulacan,San Miguel,2022-10-06,23.7,35.8,82.0,0.0,26.2,189.1,Ripening,0,0.19,0.13
III,Bulacan,San Miguel,2022-10-07,23.3,34.1,85.4,7.2,25.8,208.6,Ripening,0,0.12,0.08
III,Bulacan,San Miguel,2022-10-08,23.3,33.2,86.4,16.8,25.5,192.7,Ripening,0,0.1,0.04
III,Bulacan,San Miguel,2022-10-09,23.4,34.6,78.9,0.0,24.8,197.7,Ripening,0,0.1,0.06
III,Bulacan,San Miguel,2022-10-10,22.9,34.93333333333334,78.1,0.0,24.3,200.6,Ripening,0,0.03,0.0
III,Bulacan,San Miguel,2022-10-11,23.3,35.266666666666666,83.3,2.3,25.9,209.4,Ripening,0,0.15,0.0
III,Bulacan,San Miguel,2022-10-12,23.6,35.6,79.1,23.5,25.4,165.0,Ripening,0,0.0,0.03
III,Bulacan,San Miguel,2022-10-13,24.8,33.6,75.9,0.0,24.4,197.0,Ripening,0,0.0,0.07
III,Bulacan,San Miguel,2022-10-14,24.5,32.9,80.1,5.7,24.7,190.5,Ripening,1,0.07,0.1
III,Bulacan,San Miguel,2022-10-15,23.9,32.5,74.2,0.0,23.0,200.0,Ripening,0,0.14,0.11
III,Bulacan,San Miguel,2022-10-16,22.8,31.9,78.3,20.7,23.0,186.5,Ripening,0,0.12,0.01
III,Bulacan,San Miguel,2022-10-17,23.1,33.4,79.2,16.0,24.1,172.7,Ripening,0,0.13,0.07
III,Bulacan,San Miguel,2022-10-18,23.2,33.1,72.8,0.0,22.7,201.5,Ripening,0,0.0,0.13
III,Bulacan,San Miguel,2022-10-19,23.7,33.4,78.4,1.2,24.2,201.2,Ripening,0,0.19,0.16
III,Bulacan,San Miguel,2022-10-20,24.0,31.6,79.3,5.9,23.7,208.8,Ripening,0,0.06,0.04
III,Bulacan,San Miguel,2022-10-21,23.8,32.2,73.6,0.0,22.7,196.8,Ripening,0,0.0,0.09
III,Bulacan,San Miguel,2022-10-22,24.9,32.550000000000004,74.9,0.0,23.5,211.6,Ripening,0,0.1,0.12
III,Bulacan,San Miguel,2022-10-23,24.4,32.900000000000006,76.9,0.0,23.8,207.5,Ripening,0,0.0,0.08
III,Bulacan,San Miguel,2022-10-24,24.0,33.25,81.3,0.0,25.3,199.4,Ripening,0,0.14,0.0
III,Bulacan,San Miguel,2022-10-25,23.5,33.6,82.8,0.0,25.1,183.4,Ripening,0,0.2,0.08
III,Bulacan,San Miguel,2022-10-26,24.5,32.7,81.5,0.0,24.9,208.3,Ripening,0,0.04,0.14
III,Bulacan,San Miguel,2022-10-27,23.3,30.3,84.3,7.9,23.7,197.3,Ripening,0,0.05,0.0
III,Bulacan,San Miguel,2022-10-28,22.6,32.9,78.0,0.0,23.4,191.7,Ripening,0,0.16,0.09
III,Bulacan,San Miguel,2022-10-29,23.3,31.3,78.4,0.0,23.0,187.2,Ripening,0,0.09,0.0
III,Bulacan,San Miguel,2022-10-30,22.7,32.1,83.7,3.9,24.1,190.9,Ripening,0,0.0,0.03
III,Bulacan,San Miguel,2022-10-31,22.1,32.2,85.0,12.4,24.2,192.9,Ripening,0,0.18,0.12
III,Bulacan,San Miguel,2022-11-01,22.9,33.2,79.8,0.0,24.0,205.8,Ripening,0,0.17,0.04
III,Bulacan,San Miguel,2022-11-02,24.2,31.7,82.5,3.3,24.4,185.7,Ripening,0,0.13,0.28
III,Bulacan,San Miguel,2022-11-03,25.2,30.4,81.2,4.1,24.0,192.4,Ripening,0,0.13,0.0
III,Bulacan,San Miguel,2022-11-04,24.7,30.7,77.7,0.0,23.2,199.2,Ripening,0,0.16,0.16
III,Bulacan,San Miguel,2022-11-05,24.3,31.6,75.9,0.0,23.1,210.4,Seedling,0,0.09,0.19
III,Bulacan,San Miguel,2022-11-06,23.6,30.1,81.5,21.4,23.2,197.3,Seedling,0,0.05,0.14
III,Bulacan,San Miguel,2022-11-07,24.1,32.4,74.6,0.0,23.2,210.0,Seedling,0,0.17,0.11
III,Bulacan,San Miguel,2022-11-08,24.5,31.9,80.1,3.3,24.2,197.0,Seedling,0,0.08,0.12
III,Bulacan,San Miguel,2022-11-09,24.8,33.5,82.5,5.9,25.6,214.3,Seedling,0,0.04,0.14
III,Bulacan,San Miguel,2022-11-10,24.9,32.7,77.1,0.0,24.2,207.9,Seedling,0,0.1,0.08
III,Bulacan,San Miguel,2022-11-11,23.9,33.4,78.27499999999999,1.1,24.8,211.5,Seedling,0,0.08,0.09
III,Bulacan,San Miguel,2022-11-12,23.9,33.3,79.44999999999999,5.1,25.1,220.5,Seedling,0,0.09,0.14
III,Bulacan,San Miguel,2022-11-13,24.4,33.3,80.625,0.0,23.8,195.6,Seedling,0,0.09,0.05
III,Bulacan,San Miguel,2022-11-14,24.0,30.9,81.8,24.6,23.8,196.0,Seedling,0,0.22,0.06
III,Bulacan,San Miguel,2022-11-15,23.4,32.4,83.3,57.6,24.6,161.3,Seedling,0,0.27,0.14
III,Bulacan,San Miguel,2022-11-16,23.5,33.0,81.8,8.9,24.6,195.8,Seedling,0,0.07,0.07
III,Bulacan,San Miguel,2022-11-17,24.4,34.3,76.2,0.0,24.6,204.5,Seedling,0,0.11,0.18
III,Bulacan,San Miguel,2022-11-18,24.9,32.7,73.8,0.0,23.6,204.6,Seedling,0,0.21,0.0
III,Bulacan,San Miguel,2022-11-19,25.6,32.2,73.9,0.0,23.7,207.3,Seedling,0,0.13,0.14
III,Bulacan,San Miguel,2022-11-20,25.0,32.3,72.4,0.0,23.1,204.7,Seedling,0,0.08,0.23
III,Bulacan,San Miguel,2022-11-21,24.2,33.6,75.1,0.0,23.9,205.8,Seedling,0,0.14,0.13
III,Bulacan,San Miguel,2022-11-22,24.6,32.2,77.0,0.0,23.8,207.9,Seedling,0,0.31,0.1
III,Bulacan,San Miguel,2022-11-23,24.3,32.4,76.9,0.0,23.7,222.0,Seedling,0,0.07,0.11
III,Bulacan,San Miguel,2022-11-24,23.7,31.2,81.2,4.4,23.7,206.1,Seedling,0,0.15,0.2
III,Bulacan,San Miguel,2022-11-25,24.7,31.3,79.2,0.0,23.8,217.7,Seedling,0,0.06,0.02
III,Bulacan,San Miguel,2022-11-26,25.4,32.5,82.2,0.0,25.4,205.1,Seedling,0,0.09,0.05
III,Bulacan,San Miguel,2022-11-27,24.9,32.5,82.2,0.0,25.1,210.4,Seedling,0,0.19,0.05
III,Bulacan,San Miguel,2022-11-28,24.5,32.2,86.0,8.2,25.6,206.1,Seedling,0,0.05,0.0
III,Bulacan,San Miguel,2022-11-29,24.3,33.1,77.8,0.0,24.3,225.1,Seedling,0,0.13,0.12
III,Bulacan,San Miguel,2022-11-30,24.4,34.3,75.4,0.0,24.4,220.3,Seedling,0,0.2,0.14
III,Bulacan,San Miguel,2022-12-01,23.7,33.4,81.8,12.8,24.9,201.1,Seedling,0,0.12,0.08
III,Bulacan,San Miguel,2022-12-02,23.5,33.4,77.3,0.0,23.9,202.1,Seedling,1,0.03,0.09
III,Bulacan,San Miguel,2022-12-03,22.1,35.6,76.4,0.0,24.1,214.5,Seedling,0,0.07,0.0
III,Bulacan,San Miguel,2022-12-04,23.7,33.9,76.5,0.0,24.1,215.4,Seedling,0,0.17,0.13
III,Bulacan,San Miguel,2022-12-05,23.5,33.5,77.9,0.0,24.1,226.1,Seedling,0,0.0,0.09
III,Bulacan,San Miguel,2022-12-06,23.7,32.5,78.1,0.0,23.7,206.2,Seedling,0,0.08,0.05
III,Bulacan,San Miguel,2022-12-07,22.8,32.5,75.8,0.0,22.8,218.9,Seedling,0,0.15,0.01
III,Bulacan,San Miguel,2022-12-08,23.2,34.4,73.8,0.0,23.6,201.2,Seedling,0,0.09,0.13
III,Bulacan,San Miguel,2022-12-09,22.7,32.3,78.8,0.0,23.3,224.7,Seedling,0,0.08,0.07
III,Bulacan,San Miguel,2022-12-10,22.8,30.1,80.4,22.9,22.5,197.1,Seedling,0,1.57,0.18
III,Bulacan,San Miguel,2022-12-11,23.4,32.5,74.5,0.0,22.8,219.1,Seedling,0,1.13,0.08
III,Bulacan,San Miguel,2022-12-12,23.4,33.7,80.4,11.7,24.6,204.0,Seedling,2,2.13,0.06
III,Bulacan,San Miguel,2022-12-13,23.6,35.4,76.5,0.0,24.8,202.6,Seedling,4,2.64,0.16
III,Bulacan,San Miguel,2022-12-14,23.4,35.2,73.8,0.0,24.1,211.7,Seedling,0,3.49,0.0
III,Bulacan,San Miguel,2022-12-15,23.5,33.7,74.7,0.0,23.5,238.9,Seedling,0,2.96,0.15
III,Bulacan,San Miguel,2022-12-16,23.7,34.0,77.8,1.1,24.4,200.0,Seedling,0,3.05,0.01
III,Bulacan,San Miguel,2022-12-17,22.4,34.3,83.6,2.5,25.1,208.4,Seedling,1,1.92,0.05
III,Bulacan,San Miguel,2022-12-18,22.8,34.3,77.9,0.0,24.1,235.7,Seedling,1,3.4,0.02
III,Bulacan,San Miguel,2022-12-19,22.5,32.6,78.7,6.3,23.3,197.7,Seedling,3,2.11,0.09
III,Bulacan,San Miguel,2022-12-20,23.2,31.5,76.1,18.1,22.6,205.3,Seedling,0,2.24,0.26
III,Bulacan,San Miguel,2022-12-21,23.6,32.1,72.8,0.0,22.4,215.0,Seedling,0,1.99,0.13
III,Bulacan,San Miguel,2022-12-22,24.2,30.7,80.1,4.6,23.5,213.3,Seedling,1,1.55,0.01
III,Bulacan,San Miguel,2022-12-23,23.1,28.7,76.2,0.0,21.1,221.0,Seedling,2,0.52,0.0
III,Bulacan,San Miguel,2022-12-24,23.3,29.5,74.3,0.0,21.3,224.1,Seedling,0,0.63,0.02
III,Bulacan,San Miguel,2022-12-25,23.2,28.9,78.0,10.9,21.6,204.5,Seedling,1,0.62,0.07
III,Bulacan,San Miguel,2022-12-26,23.4,30.8,75.9,0.0,22.3,215.1,Tillering,3,0.0,0.0
III,Bulacan,San Miguel,2022-12-27,23.6,30.1,78.7,1.5,22.6,229.6,Tillering,1,0.84,0.0
III,Bulacan,San Miguel,2022-12-28,23.9,32.3,77.9,3.8,23.7,213.6,Tillering,0,0.82,0.26
III,Bulacan,San Miguel,2022-12-29,22.7,32.7,75.1,0.0,22.7,214.2,Tillering,1,0.3,0.13
III,Bulacan,San Miguel,2022-12-30,22.4,32.3,76.5,10.8,22.6,219.4,Tillering,1,1.74,0.07
III,Bulacan,San Miguel,2022-12-31,22.4,32.5,77.7,1.9,23.0,200.9,Tillering,2,0.39,0.09
III,Bulacan,San Miguel,2023-01-01,21.7,32.7,74.0,0.0,22.0,212.3,Tillering,0,0.49,0.1
III,Bulacan,San Miguel,2023-01-02,22.7,33.3,70.9,0.0,22.2,214.0,Tillering,2,0.3,0.09
III,Bulacan,San Miguel,2023-01-03,21.8,31.9,70.6,6.4,21.0,215.4,Tillering,4,0.0,0.11
III,Bulacan,San Miguel,2023-01-04,23.1,31.0,69.8,0.0,21.0,216.2,Tillering,3,0.09,0.16
III,Bulacan,San Miguel,2023-01-05,22.5,30.7,66.8,0.0,20.0,208.4,Tillering,3,0.97,0.0
III,Bulacan,San Miguel,2023-01-06,21.7,31.0,68.4,0.0,20.0,215.7,Tillering,3,0.11,0.0
III,Bulacan,San Miguel,2023-01-07,21.5,31.9,69.2,0.0,20.5,216.9,Tillering,7,0.22,0.09
III,Bulacan,San Miguel,2023-01-08,21.8,31.2,72.4,18.7,21.0,201.8,Tillering,3,0.91,0.01
III,Bulacan,San Miguel,2023-01-09,21.7,32.3,71.8,0.0,21.4,220.0,Tillering,5,0.12,0.15
III,Bulacan,San Miguel,2023-01-10,23.0,31.9,71.4,0.0,21.7,198.1,Tillering,3,0.0,0.05
III,Bulacan,San Miguel,2023-01-11,23.3,32.6,70.8,0.0,22.1,216.2,Tillering,3,0.33,0.15
III,Bulacan,San Miguel,2023-01-12,23.3,31.6,71.3,0.0,21.7,209.3,Tillering,1,0.37,0.2
III,Bulacan,San Miguel,2023-01-13,23.4,32.9,69.5,0.0,22.0,214.1,Tillering,2,0.7,0.06
III,Bulacan,San Miguel,2023-01-14,22.3,32.5,68.5,0.0,21.1,223.1,Tillering,1,0.0,0.11
III,Bulacan,San Miguel,2023-01-15,22.0,31.8,73.4,25.5,21.6,187.3,Tillering,4,0.17,0.13
III,Bulacan,San Miguel,2023-01-16,23.2,32.8,73.5,0.0,22.7,224.4,Tillering,2,1.24,0.02
III,Bulacan,San Miguel,2023-01-17,23.1,32.1,76.7,18.6,22.9,193.5,Tillering,3,0.16,0.01
III,Bulacan,San Miguel,2023-01-18,23.6,34.8,75.9,0.0,24.4,222.3,Tillering,4,0.07,0.13
III,Bulacan,San Miguel,2023-01-19,23.3,33.6,74.8,0.0,23.4,230.5,Tillering,2,0.62,0.07
III,Bulacan,San Miguel,2023-01-20,22.9,32.2,72.8,0.0,22.1,216.4,Elongation,4,0.89,0.08
III,Bulacan,San Miguel,2023-01-21,23.0,32.2,73.1,0.0,22.2,226.3,Elongation,0,1.1,0.11
III,Bulacan,San Miguel,2023-01-22,24.3,32.4,77.0,9.2,23.8,211.8,Elongation,2,1.68,0.2
III,Bulacan,San Miguel,2023-01-23,23.8,31.8,69.5,0.0,21.7,231.9,Elongation,1,0.19,0.04
III,Bulacan,San Miguel,2023-01-24,24.3,30.8,70.7,10.8,21.7,205.0,Elongation,1,0.27,0.0
III,Bulacan,San Miguel,2023-01-25,25.3,30.5,67.4,0.0,21.4,226.8,Elongation,1,0.14,0.09
III,Bulacan,San Miguel,2023-01-26,23.9,29.8,71.5,0.0,21.2,212.6,Elongation,1,1.18,0.19
III,Bulacan,San Miguel,2023-01-27,23.9,31.4,72.7,0.0,22.2,224.0,Elongation,0,0.31,0.14
III,Bulacan,San Miguel,2023-01-28,23.9,30.4,72.4,0.0,21.6,227.0,Elongation,3,0.98,0.12
III,Bulacan,San Miguel,2023-01-29,23.4,31.7,75.2,0.0,22.6,221.0,Elongation,3,1.01,0.18
III,Bulacan,San Miguel,2023-01-30,23.4,33.1,76.1,0.0,23.5,228.2,Elongation,2,0.75,0.12
III,Bulacan,San Miguel,2023-01-31,21.8,32.9,74.6,0.0,22.3,224.4,Elongation,0,0.96,0.06
III,Bulacan,San Miguel,2023-02-01,22.6,33.1,74.4,0.0,22.7,222.8,Elongation,2,1.29,0.0
III,Bulacan,San Miguel,2023-02-02,22.4,33.8,80.2,8.3,24.1,212.9,Elongation,4,1.11,0.07
III,Bulacan,San Miguel,2023-02-03,22.8,33.8,72.6,0.0,22.8,214.9,Elongation,2,0.64,0.05
III,Bulacan,San Miguel,2023-02-04,23.8,32.5,72.5,0.0,22.6,224.4,Elongation,0,0.8,0.17
III,Bulacan,San Miguel,2023-02-05,23.3,32.8,75.0,0.0,23.0,222.6,Elongation,3,0.83,0.06
III,Bulacan,San Miguel,2023-02-06,23.6,32.2,70.7,0.0,22.0,222.0,Elongation,2,0.76,0.15
III,Bulacan,San Miguel,2023-02-07,23.5,31.9,68.1,0.0,21.3,226.3,Elongation,3,1.2,0.14
III,Bulacan,San Miguel,2023-02-08,23.6,32.2,70.4,0.0,22.0,236.6,Elongation,3,0.0,0.02
III,Bulacan,San Miguel,2023-02-09,23.533333333333335,32.2,68.9,0.0,21.8,221.6,Panicle,2,0.18,2.0
III,Bulacan,San Miguel,2023-02-10,23.46666666666667,32.7,69.5,0.0,21.8,212.1,Panicle,0,0.12,3.44
III,Bulacan,San Miguel,2023-02-11,23.4,33.4,70.9,0.0,22.5,226.1,Panicle,3,0.12,6.35
III,Bulacan,San Miguel,2023-02-12,23.333333333333332,33.9,68.6,0.0,22.333333333333332,212.2,Panicle,0,0.0,6.1
III,Bulacan,San Miguel,2023-02-13,23.266666666666666,33.6,68.5,0.0,22.166666666666668,205.4,Panicle,1,0.0,6.99
III,Bulacan,San Miguel,2023-02-14,23.2,32.0,72.2,3.6,22.0,217.3,Panicle,2,0.09,7.32
III,Bulacan,San Miguel,2023-02-15,23.7,32.1,69.6,0.0,21.8,216.4,Panicle,1,0.02,6.44
III,Bulacan,San Miguel,2023-02-16,23.7,32.0,71.2,0.0,22.1,224.5,Panicle,2,0.12,5.75
III,Bulacan,San Miguel,2023-02-17,23.8,32.5,70.9,0.0,22.3,220.2,Panicle,2,0.18,4.65
III,Bulacan,San Miguel,2023-02-18,24.6,32.8,72.5,0.0,23.2,225.3,Panicle,2,0.06,5.23
III,Bulacan,San Miguel,2023-02-19,25.5,31.9,74.2,0.0,23.5,220.6,Panicle,1,0.08,4.95
III,Bulacan,San Miguel,2023-02-20,25.6,32.6,69.5,0.0,23.0,228.6,Panicle,1,0.23,6.43
III,Bulacan,San Miguel,2023-02-21,24.8,31.9,71.5,0.0,22.7,226.2,Panicle,2,0.06,4.42
III,Bulacan,San Miguel,2023-02-22,24.6,31.6,69.0,0.0,21.9,211.6,Panicle,1,0.0,2.49
III,Bulacan,San Miguel,2023-02-23,23.2,32.8,71.6,0.0,22.3,229.5,Panicle,2,0.01,2.43
III,Bulacan,San Miguel,2023-02-24,23.3,31.5,70.4,0.0,21.5,205.6,Flowering,0,0.07,1.47
III,Bulacan,San Miguel,2023-02-25,23.2,31.3,70.2,0.0,21.3,218.5,Flowering,1,0.07,0.0
III,Bulacan,San Miguel,2023-02-26,23.3,31.7,66.8,0.0,20.9,236.4,Flowering,1,0.0,0.48
III,Bulacan,San Miguel,2023-02-27,24.8,31.9,69.0,0.0,21.25,220.2,Flowering,1,0.18,0.0
III,Bulacan,San Miguel,2023-02-28,24.3,32.0,66.2,0.0,21.6,233.3,Flowering,0,0.08,0.91
III,Bulacan,San Miguel,2023-03-01,24.4,31.4,75.0,1.4,21.95,216.0,Flowering,0,0.07,0.53
III,Bulacan,San Miguel,2023-03-02,23.7,31.1,74.4,0.0,22.3,220.9,Flowering,2,0.09,1.09
III,Bulacan,San Miguel,2023-03-03,23.3,31.4,72.1,0.0,21.8,217.5,Flowering,0,0.06,0.51
III,Bulacan,San Miguel,2023-03-04,23.7,31.2,74.1,0.0,22.3,210.2,Flowering,0,0.08,1.15
III,Bulacan,San Miguel,2023-03-05,24.3,31.9,72.8,0.0,22.7,224.3,Flowering,2,0.06,0.0
III,Bulacan,San Miguel,2023-03-06,23.9,32.6,70.2,0.0,22.675,226.4,Flowering,2,0.12,0.34
III,Bulacan,San Miguel,2023-03-07,23.6,32.7,71.8,0.0,22.65,227.0,Flowering,4,0.08,0.0
III,Bulacan,San Miguel,2023-03-08,24.0,32.7,70.2,0.0,22.625,213.2,Flowering,0,0.12,1.44
III,Bulacan,San Miguel,2023-03-09,24.5,32.0,71.5,0.0,22.6,216.4,Flowering,2,0.0,1.18
III,Bulacan,San Miguel,2023-03-10,24.3,31.7,70.8,0.0,22.0,216.9,Flowering,0,0.05,0.82
III,Bulacan,San Miguel,2023-03-11,23.0,29.9,72.1,1.9,21.400000000000002,207.9,Ripening,3,0.09,1.67
III,Bulacan,San Miguel,2023-03-12,23.0,31.0,68.9,0.0,20.8,206.7,Ripening,0,0.13,0.07
III,Bulacan,San Miguel,2023-03-13,22.9,31.0,75.1,0.0,22.0,213.5,Ripening,0,0.0,0.79
III,Bulacan,San Miguel,2023-03-14,23.8,30.3,73.8,0.0,21.8,223.1,Ripening,2,0.08,0.3
III,Bulacan,San Miguel,2023-03-15,23.8,31.0,71.4,0.0,21.7,225.7,Ripening,0,0.13,0.0
III,Bulacan,San Miguel,2023-03-16,24.1,30.9,73.9,0.0,22.3,210.7,Ripening,0,0.04,0.0
III,Bulacan,San Miguel,2023-03-17,23.7,30.4,71.6,0.0,21.4,223.1,Ripening,0,0.28,0.0
III,Bulacan,San Miguel,2023-03-18,23.6,30.3,74.4,0.0,21.8,217.6,Ripening,0,0.01,0.0
III,Bulacan,San Miguel,2023-03-19,23.4,31.0,69.6,0.0,21.1,218.88333333333333,Ripening,1,0.11,0.0
III,Bulacan,San Miguel,2023-03-20,23.0,31.5,72.2,0.0,21.7,220.16666666666666,Ripening,1,0.13,1.48
III,Bulacan,San Miguel,2023-03-21,23.2,32.1,72.9,0.0,22.2,221.45,Ripening,0,0.18,0.0
III,Bulacan,San Miguel,2023-03-22,22.4,31.1,76.9,10.9,22.1,222.73333333333335,Ripening,3,0.0,0.8
III,Bulacan,San Miguel,2023-03-23,22.3,30.2,78.5,17.2,22.0,224.01666666666668,Ripening,1,0.14,0.0
III,Bulacan,San Miguel,2023-03-24,23.2,31.6,77.2,0.0,22.8,225.3,Ripening,4,0.23,0.35
III,Bulacan,San Miguel,2023-03-25,22.8,31.2,72.5,0.0,21.5,225.2,Ripening,3,0.0,0.63
III,Bulacan,San Miguel,2023-03-26,23.3,31.5,72.0,0.0,21.8,224.3,Ripening,5,0.24,0.0
III,Bulacan,San Miguel,2023-03-27,24.1,32.2,70.7,0.0,22.3,228.8,Ripening,2,0.04,0.54
III,Bulacan,San Miguel,2023-03-28,24.2,32.0,69.6,0.0,22.0,209.9,Ripening,0,0.05,0.79
III,Bulacan,San Miguel,2023-03-29,24.4,31.2,69.8,0.0,21.8,211.1,Ripening,2,0.06,0.0
III,Bulacan,San Miguel,2023-03-30,24.7,31.4,70.4,0.0,22.1,216.6,Ripening,1,0.0,0.93
III,Bulacan,San Miguel,2023-03-31,23.6,31.3,70.3,0.0,21.5,243.0,Ripening,3,0.07,0.33
III,Bulacan,San Miguel,2023-04-01,23.3,31.3,74.2,0.0,22.1,228.3,Ripening,2,0.0,0.93
III,Bulacan,San Miguel,2023-04-02,22.5,31.2,73.1,0.0,21.5,225.5,Ripening,2,0.0,0.0
III,Bulacan,San Miguel,2023-04-03,21.8,30.4,73.3,0.0,20.8,223.1,Ripening,6,0.0,0.0
III,Bulacan,San Miguel,2023-04-04,21.5,30.9,69.1,0.0,20.0,216.0,Ripening,1,0.12,0.0
III,Bulacan,San Miguel,2023-04-05,22.7,31.4,69.6,0.0,21.0,236.3,Ripening,0,0.04,0.12
III,Bulacan,San Miguel,2023-04-06,23.1,32.6,67.3,0.0,21.3,226.9,Ripening,0,0.07,0.06
III,Bulacan,San Miguel,2023-04-07,22.7,30.5,75.4,14.6,21.7,217.5,Ripening,0,0.05,0.0
III,Bulacan,San Miguel,2023-04-08,23.5,31.2,66.5,0.0,20.7,220.2,Ripening,0,0.0,0.27
III,Bulacan,San Miguel,2023-04-09,23.0,32.0,64.4,0.0,20.4,216.9,Ripening,0,0.02,0.06
III,Bulacan,San Miguel,2023-04-10,23.7,32.0,64.2,0.0,20.7,211.3,Ripening,0,0.17,0.13
III,Bulacan,San Miguel,2023-04-11,23.0,32.1,63.0,0.0,20.2,229.0,Ripening,0,0.05,0.04
III,Bulacan,San Miguel,2023-04-12,23.3,33.2,62.5,0.0,20.8,218.3,Ripening,0,0.02,0.15
III,Bulacan,San Miguel,2023-04-13,23.8,33.1,69.0,0.0,22.3,219.0,Ripening,0,0.12,0.01
III,Bulacan,San Miguel,2023-04-14,23.8,34.1,65.4,0.0,22.0,225.2,Ripening,0,0.0,0.0
III,Bulacan,San Miguel,2023-04-15,23.7,32.7,64.2,0.0,21.0,210.7,Ripening,0,0.15,0.0
III,Bulacan,San Miguel,2023-04-16,23.2,33.5,75.2,4.0,23.4,224.8,Ripening,0,0.15,0.03
III,Bulacan,San Miguel,2023-04-17,23.0,31.3,74.9,10.4,22.1,217.2,Ripening,0,0.0,0.03
III,Bulacan,San Miguel,2023-04-18,22.8,31.9,73.2,7.8,21.650000000000002,201.0,Ripening,0,0.27,0.03
III,Bulacan,San Miguel,2023-04-19,23.3,30.8,70.0,0.0,21.200000000000003,206.6,Ripening,0,0.06,0.05
III,Bulacan,San Miguel,2023-04-20,24.0,30.6,70.4,0.0,20.75,208.5,Ripening,0,0.1,0.25
III,Bulacan,San Miguel,2023-04-21,23.6,29.5,68.9,0.0,20.3,221.7,Ripening,0,0.04,0.09
III,Bulacan,San Miguel,2023-04-22,22.7,29.0,75.5,12.6,21.0,198.9,Ripening,1,0.057999999999999996,0.12
III,Bulacan,San Miguel,2023-04-23,23.8,30.0,71.9,0.0,21.3,196.9,Ripening,0,0.076,0.1
III,Bulacan,San Miguel,2023-04-24,24.8,30.6,74.9,0.0,22.7,223.9,Ripening,0,0.094,0.07
III,Bulacan,San Miguel,2023-04-25,23.7,29.5,77.0,0.0,22.0,211.9,Ripening,1,0.11199999999999999,0.05
III,Bulacan,San Miguel,2023-04-26,24.0,30.4,79.1,0.0,23.0,230.9,Ripening,0,0.13,0.08
III,Bulacan,San Miguel,2023-04-27,23.3,32.0,74.4,0.0,22.5,225.5,Ripening,0,0.0,0.06
III,Bulacan,San Miguel,2023-04-28,23.3,31.1,71.6,0.0,21.5,213.2,Ripening,0,0.0,0.15
III,Bulacan,San Miguel,2023-04-29,23.9,32.5,73.5,0.0,22.9,208.5,Ripening,0,0.14,0.09
III,Bulacan,San Miguel,2023-04-30,23.3,32.6,75.4,0.0,23.0,222.0,Ripening,0,0.0,0.05
III,Bulacan,San Miguel,2023-05-01,24.0,32.0,77.5,0.0,23.5,221.7,Ripening,1,0.03,0.0
III,Bulacan,San Miguel,2023-05-02,24.5,31.0,78.0,0.0,23.4,209.9,Ripening,0,0.15,0.03
III,Bulacan,San Miguel,2023-05-03,24.3,30.5,75.4,0.0,22.5,214.2,Seedling,0,0.11,0.1
III,Bulacan,San Miguel,2023-05-04,23.8,30.7,73.3,0.0,21.9,213.0,Seedling,0,0.24,0.17
III,Bulacan,San Miguel,2023-05-05,24.2,32.3,73.2,0.0,22.9,222.1,Seedling,0,0.17,0.09
III,Bulacan,San Miguel,2023-05-06,23.3,32.8,76.3,0.0,23.3,216.9,Seedling,0,0.04,0.0
III,Bulacan,San Miguel,2023-05-07,22.6,33.2,76.0,0.0,23.1,226.6,Seedling,0,0.11,0.0
III,Bulacan,San Miguel,2023-05-08,22.1,33.4,75.1,0.0,22.8,206.6,Seedling,0,0.0,0.11
III,Bulacan,San Miguel,2023-05-09,22.6,33.1,75.1,0.0,22.9,210.6,Seedling,0,0.0,0.19
III,Bulacan,San Miguel,2023-05-10,22.3,34.1,71.6,0.0,22.5,213.8,Seedling,0,0.04,0.09
III,Bulacan,San Miguel,2023-05-11,23.0,35.0,73.4,0.0,23.7,208.1,Seedling,0,0.08,0.02
III,Bulacan,San Miguel,2023-05-12,22.7,33.5,72.9,0.0,22.7,213.3,Seedling,0,0.22,0.17
III,Bulacan,San Miguel,2023-05-13,21.4,32.9,73.4,0.0,21.8,220.5,Seedling,0,0.0,0.16
III,Bulacan,San Miguel,2023-05-14,22.5,32.9,79.5,3.3,23.6,203.8,Seedling,0,0.22,0.11
III,Bulacan,San Miguel,2023-05-15,23.0,33.1,74.4,0.0,22.9,213.8,Seedling,0,0.2,0.104
III,Bulacan,San Miguel,2023-05-16,22.7,32.4,72.2,0.0,22.0,224.0,Seedling,0,0.19,0.098
III,Bulacan,San Miguel,2023-05-17,24.2,32.8,73.2,0.0,23.1,217.2,Seedling,0,0.11,0.092
III,Bulacan,San Miguel,2023-05-18,24.2,33.9,75.8,0.0,24.2,218.4,Seedling,0,0.1,0.086
III,Bulacan,San Miguel,2023-05-19,23.7,34.1,77.2,0.0,24.3,205.6,Seedling,0,0.112,0.08
III,Bulacan,San Miguel,2023-05-20,23.5,33.88333333333333,81.0,27.8,25.0,180.9,Seedling,0,0.124,0.1
III,Bulacan,San Miguel,2023-05-21,23.8,33.666666666666664,77.1,0.0,25.3,218.9,Seedling,0,0.136,0.02
III,Bulacan,San Miguel,2023-05-22,24.0,33.45,76.0,0.0,24.4,207.9,Seedling,0,0.14800000000000002,0.04
III,Bulacan,San Miguel,2023-05-23,24.5,33.233333333333334,75.0,0.0,23.4,204.7,Seedling,0,0.16,0.14
III,Bulacan,San Miguel,2023-05-24,24.7,33.016666666666666,72.5,0.0,22.7,212.5,Seedling,0,0.07,0.0
III,Bulacan,San Miguel,2023-05-25,24.8,32.8,73.7,0.0,23.5,216.9,Seedling,0,0.15,0.06
III,Bulacan,San Miguel,2023-05-26,24.0,33.9,75.6,0.0,24.1,194.1,Seedling,0,0.14,0.18
III,Bulacan,San Miguel,2023-05-27,23.3,34.9,82.0,4.4,25.5,213.6,Seedling,0,0.0,0.19
III,Bulacan,San Miguel,2023-05-28,23.2,33.0,78.7,0.0,23.8,224.8,Seedling,0,0.03,0.02
III,Bulacan,San Miguel,2023-05-29,23.4,31.8,80.1,10.0,23.6,190.0,Seedling,0,0.1,0.15
III,Bulacan,San Miguel,2023-05-30,23.4,31.6,74.6,0.0,22.4,209.5,Seedling,0,0.13,0.18
III,Bulacan,San Miguel,2023-05-31,23.9,31.1,76.0,0.0,22.7,202.2,Seedling,12,3.63,0.21
III,Bulacan,San Miguel,2023-06-01,23.7,29.7,76.2,0.0,21.9,216.7,Seedling,14,2.47,0.13
III,Bulacan,San Miguel,2023-06-02,24.6,31.8,83.2,4.3,24.8,203.3,Seedling,11,1.61,0.05
III,Bulacan,San Miguel,2023-06-03,24.2,32.7,73.8,0.0,23.2,206.3,Seedling,16,2.13,0.09
III,Bulacan,San Miguel,2023-06-04,24.6,32.8,75.6,0.8,23.8,204.0,Seedling,14,1.68,0.07
III,Bulacan,San Miguel,2023-06-05,23.6,32.0,79.7,17.4,23.7,197.7,Seedling,9,0.0,0.08
III,Bulacan,San Miguel,2023-06-06,22.7,32.9,72.5,0.0,22.3,192.9,Seedling,13,0.7,0.12
III,Bulacan,San Miguel,2023-06-07,23.9,32.6,76.0,0.0,23.4,212.8,Seedling,8,0.0,0.08
III,Bulacan,San Miguel,2023-06-08,23.0,32.6,77.0,0.0,23.2,206.9,Seedling,16,0.27,0.06
III,Bulacan,San Miguel,2023-06-09,23.1,29.8,80.1,5.9,22.5,202.7,Seedling,14,0.53,0.08
III,Bulacan,San Miguel,2023-06-10,22.5,31.7,78.1,11.2,22.566666666666666,202.6,Seedling,9,0.88,0.1
III,Bulacan,San Miguel,2023-06-11,22.7,32.6,69.6,0.0,22.633333333333333,212.1,Seedling,5,0.28,0.12000000000000001
III,Bulacan,San Miguel,2023-06-12,22.3,32.7,75.9,0.0,22.7,206.29999999999998,Seedling,4,0.59,0.14
III,Bulacan,San Miguel,2023-06-13,22.333333333333332,33.3,82.3,8.7,24.2,200.5,Seedling,7,0.03,0.26
III,Bulacan,San Miguel,2023-06-14,22.366666666666667,33.5,75.1,0.0,22.8,194.7,Seedling,0,0.0,0.19
III,Bulacan,San Miguel,2023-06-15,22.4,34.3,75.0,0.0,23.3,225.2,Tillering,17,1.38,0.15
III,Bulacan,San Miguel,2023-06-16,22.2,33.7,73.2,0.0,22.6,201.3,Tillering,7,1.54,0.23
III,Bulacan,San Miguel,2023-06-17,21.6,33.4,77.2,13.2,22.9,192.2,Tillering,11,1.02,0.09
III,Bulacan,San Miguel,2023-06-18,22.5,33.5,76.3,0.0,23.3,218.3,Tillering,8,1.56,0.0
III,Bulacan,San Miguel,2023-06-19,23.0,32.6,76.5,0.0,23.1,202.8,Tillering,5,0.82,0.14
III,Bulacan,San Miguel,2023-06-20,22.7,30.2,80.5,0.0,22.6,205.1,Tillering,1,0.11,0.17
III,Bulacan,San Miguel,2023-06-21,22.1,28.6,85.4,49.2,22.4,145.8,Tillering,10,0.7,0.1
III,Bulacan,San Miguel,2023-06-22,23.7,29.2,85.0,9.0,23.4,184.8,Tillering,10,0.0,0.19
III,Bulacan,San Miguel,2023-06-23,23.9,30.5,83.9,0.0,24.0,207.1,Tillering,16,0.0,0.09
III,Bulacan,San Miguel,2023-06-24,23.9,32.5,85.7,10.1,25.3,191.9,Tillering,14,0.97,0.09
III,Bulacan,San Miguel,2023-06-25,22.5,33.2,82.8,0.0,24.4,199.7,Tillering,14,1.09,0.04
III,Bulacan,San Miguel,2023-06-26,23.8,33.6,84.2,0.0,25.5,213.2,Tillering,37,0.0,0.3
III,Bulacan,San Miguel,2023-06-27,23.0,33.9,87.4,4.6,25.9,208.04999999999998,Tillering,37,1.08,0.05
III,Bulacan,San Miguel,2023-06-28,24.2,32.6,86.9,20.2,25.8,202.89999999999998,Tillering,51,0.43,0.05
III,Bulacan,San Miguel,2023-06-29,25.2,32.4,80.0,0.0,24.8,197.75,Tillering,25,0.64,0.05
III,Bulacan,San Miguel,2023-06-30,25.2,31.1,85.1,17.8,25.2,192.6,Tillering,51,0.39,0.03
III,Bulacan,San Miguel,2023-07-01,24.6,32.1,83.8,3.5,25.1,204.7,Tillering,47,1.04,0.04
III,Bulacan,San Miguel,2023-07-02,23.3,32.8,84.0,5.8,24.8,209.2,Tillering,55,0.22,0.06
III,Bulacan,San Miguel,2023-07-03,23.6,33.5,79.6,0.0,24.5,190.1,Tillering,59,0.38,0.0
III,Bulacan,San Miguel,2023-07-04,23.7,33.7,76.8,0.9,24.1,208.3,Tillering,56,0.0,0.07
III,Bulacan,San Miguel,2023-07-05,22.9,35.0,81.4,19.8,25.2,170.4,Tillering,66,0.18,0.2
III,Bulacan,San Miguel,2023-07-06,23.1,35.1,85.6,3.8,26.2,202.4,Tillering,51,1.77,0.17
III,Bulacan,San Miguel,2023-07-07,24.0,36.1,82.4,0.0,26.5,199.7,Tillering,68,1.32,0.21
III,Bulacan,San Miguel,2023-07-08,24.1,34.9,82.7,0.0,26.0,202.1,Tillering,51,2.32,0.17
III,Bulacan,San Miguel,2023-07-09,23.9,34.2,81.1,0.0,25.3,199.8,Tillering,36,2.37,0.12
III,Bulacan,San Miguel,2023-07-10,24.2,34.2,87.0,3.3,26.6,197.7,Elongation,28,4.13,0.06
III,Bulacan,San Miguel,2023-07-11,23.2,33.5,79.5,0.0,24.2,203.8,Elongation,25,4.29,0.0
III,Bulacan,San Miguel,2023-07-12,23.4,32.2,85.2,19.0,24.8,188.1,Elongation,16,4.63,0.1
III,Bulacan,San Miguel,2023-07-13,24.6,33.1,88.6,11.4,26.6,193.9,Elongation,25,3.68,0.15
III,Bulacan,San Miguel,2023-07-14,24.7,35.5,82.3,0.0,26.6,213.3,Elongation,26,6.15,0.09
III,Bulacan,San Miguel,2023-07-15,23.7,34.7,82.2,0.0,25.6,201.5,Elongation,39,6.18,0.16
III,Bulacan,San Miguel,2023-07-16,22.6,34.9,85.2,43.3,25.8,179.3,Elongation,24,7.64,0.07
III,Bulacan,San Miguel,2023-07-17,23.9,36.0,85.3,10.5,27.0,197.1,Elongation,35,7.78,0.24
III,Bulacan,San Miguel,2023-07-18,23.7,35.6,85.0,26.5,26.6,178.7,Elongation,30,7.55,0.0
III,Bulacan,San Miguel,2023-07-19,23.5,35.8,84.2,5.7,26.5,194.4,Elongation,31,9.32,0.26
III,Bulacan,San Miguel,2023-07-20,23.3,36.2,78.7,0.0,25.5,208.4,Elongation,28,9.24,0.0
III,Bulacan,San Miguel,2023-07-21,23.3,35.6,82.0,14.5,25.8,188.1,Elongation,36,8.39,0.08
III,Bulacan,San Miguel,2023-07-22,22.7,34.4,87.0,8.8,25.9,192.7,Elongation,30,8.95,0.07
III,Bulacan,San Miguel,2023-07-23,23.0,33.0,78.3,0.0,23.7,198.8,Elongation,39,6.8,0.09
III,Bulacan,San Miguel,2023-07-24,22.0,31.9,82.5,17.4,23.4,178.9,Elongation,18,7.88,0.0
III,Bulacan,San Miguel,2023-07-25,22.7,32.3,84.7,8.2,24.4,185.3,Elongation,25,6.52,0.15
III,Bulacan,San Miguel,2023-07-26,22.9,31.8,81.1,0.0,23.6,192.4,Elongation,18,6.27,0.03
III,Bulacan,San Miguel,2023-07-27,24.3,32.8,79.3,0.0,24.4,193.6,Elongation,19,7.12,0.12
III,Bulacan,San Miguel,2023-07-28,23.3,33.0,77.5,0.0,23.6,189.2,Elongation,5,6.36,0.05
III,Bulacan,San Miguel,2023-07-29,23.4,34.3,82.0,11.2,23.583333333333336,188.64,Panicle,8,0.0,8.13
III,Bulacan,San Miguel,2023-07-30,23.0,32.5,83.4,20.5,23.566666666666666,188.07999999999998,Panicle,8,0.14,7.12
III,Bulacan,San Miguel,2023-07-31,24.0,34.0,80.5,7.2,23.55,187.52,Panicle,5,0.0,6.22
III,Bulacan,San Miguel,2023-08-01,23.6,34.5,81.3,3.9,23.533333333333335,186.96,Panicle,4,0.19,4.71
III,Bulacan,San Miguel,2023-08-02,23.4,32.5,83.4,18.8,23.516666666666666,186.4,Panicle,3,0.06,2.23
III,Bulacan,San Miguel,2023-08-03,24.0,32.5,76.3,0.0,23.5,189.8,Panicle,1,0.09,1.56
III,Bulacan,San Miguel,2023-08-04,23.6,31.0,82.8,81.4,23.9,157.8,Panicle,0,0.25,0.63
III,Bulacan,San Miguel,2023-08-05,23.7,31.7,83.9,25.0,24.5,180.4,Panicle,0,0.0,0.0
III,Bulacan,San Miguel,2023-08-06,24.5,31.3,82.7,22.15,24.4,185.4,Panicle,2,0.3,0.0
III,Bulacan,San Miguel,2023-08-07,23.9,33.5,83.3,19.3,25.4,186.7,Panicle,3,0.03,1.4
III,Bulacan,San Miguel,2023-08-08,25.2,35.9,80.6,16.45,26.7,197.3,Panicle,0,0.09,0.58
III,Bulacan,San Miguel,2023-08-09,25.0,35.7,84.5,13.6,27.2,193.8,Panicle,0,0.0,1.37
III,Bulacan,San Miguel,2023-08-10,24.7,35.0,81.4,10.75,26.1,193.1,Panicle,2,0.06,0.67
III,Bulacan,San Miguel,2023-08-11,24.3,34.7,84.4,7.9,26.4,188.0,Panicle,3,0.26,1.42
III,Bulacan,San Miguel,2023-08-12,24.2,35.2,84.9,0.0,26.7,193.8,Flowering,3,0.19,1.36
III,Bulacan,San Miguel,2023-08-13,23.3,34.4,82.5,0.0,25.4,196.0,Flowering,4,0.08,1.11
III,Bulacan,San Miguel,2023-08-14,22.6,32.4,88.1,7.5,25.1,195.2,Flowering,2,0.14,0.63
III,Bulacan,San Miguel,2023-08-15,23.7,32.5,85.7,0.0,25.2,193.7,Flowering,1,0.05,1.24
III,Bulacan,San Miguel,2023-08-16,23.5,31.9,85.9,0.0,24.9,206.3,Flowering,2,0.09,1.02
III,Bulacan,San Miguel,2023-08-17,23.3,31.8,83.0,0.0,24.2,196.0,Flowering,1,0.1,0.14
III,Bulacan,San Miguel,2023-08-18,23.6,32.4,80.9,0.0,24.2,200.4,Flowering,6,0.14,1.72
III,Bulacan,San Miguel,2023-08-19,22.7,30.6,84.9,22.3,23.6,178.7,Flowering,4,0.17,0.82
III,Bulacan,San Miguel,2023-08-20,23.7,29.1,86.9,5.3,23.8,185.5,Flowering,5,0.07,0.5
III,Bulacan,San Miguel,2023-08-21,23.7,30.6,86.15,0.0,23.6,191.6,Flowering,3,0.01,0.76
III,Bulacan,San Miguel,2023-08-22,22.8,28.6,85.4,0.0,22.8,208.3,Flowering,8,0.17,0.0
III,Bulacan,San Miguel,2023-08-23,23.8,30.5,87.6,2.0,24.7,193.3,Flowering,8,0.0,0.65
III,Bulacan,San Miguel,2023-08-24,23.5,28.4,86.0,52.7,23.2,138.9,Flowering,7,0.02,0.0
III,Bulacan,San Miguel,2023-08-25,23.8,30.1,86.9,21.0,24.3,151.375,Flowering,2,0.18,0.0
III,Bulacan,San Miguel,2023-08-26,23.1,31.7,86.4,4.2,24.7,163.85000000000002,Flowering,2,0.11,0.0
III,Bulacan,San Miguel,2023-08-27,23.5,31.8,81.2,0.0,23.9,176.32500000000002,Ripening,5,0.02,0.23
III,Bulacan,San Miguel,2023-08-28,23.5,32.2,76.6,0.0,23.2,188.8,Ripening,4,0.0,0.94
III,Bulacan,San Miguel,2023-08-29,24.2,32.8,74.8,0.0,23.5,211.1,Ripening,2,0.02,0.51
III,Bulacan,San Miguel,2023-08-30,24.2,32.7,76.1,0.0,23.7,194.1,Ripening,0,0.0,0.19
III,Bulacan,San Miguel,2023-08-31,24.8,32.5,78.4,0.0,24.3,189.7,Ripening,1,0.19,0.6
III,Bulacan,San Miguel,2023-09-01,24.1,30.9,85.5,21.1,24.6,173.1,Ripening,0,0.05,0.0
III,Bulacan,San Miguel,2023-09-02,24.6,32.7,88.2,7.0,26.3,202.6,Ripening,0,0.0,0.0
III,Bulacan,San Miguel,2023-09-03,24.3,33.4,84.1,0.0,25.7,202.7,Ripening,1,0.08,0.0
III,Bulacan,San Miguel,2023-09-04,23.9,31.9,83.9,0.0,24.7,209.3,Ripening,1,0.02,2.44
III,Bulacan,San Miguel,2023-09-05,23.4,33.0,81.4,0.0,24.5,189.0,Ripening,0,0.01,0.0
III,Bulacan,San Miguel,2023-09-06,24.1,33.0,84.5,3.7,25.4,203.1,Ripening,0,0.06,0.08
III,Bulacan,San Miguel,2023-09-07,23.8,31.1,85.2,13.0,24.5,199.7,Ripening,0,0.15,0.54
III,Bulacan,San Miguel,2023-09-08,24.5,31.9,82.6,12.6,24.7,190.6,Ripening,0,0.18,1.66
III,Bulacan,San Miguel,2023-09-09,24.3,32.9,84.8,8.2,25.6,205.7,Ripening,1,0.05,0.0
III,Bulacan,San Miguel,2023-09-10,23.8,30.3,83.0,46.9,23.7,169.0,Ripening,0,0.14,0.59
III,Bulacan,San Miguel,2023-09-11,23.2,32.2,86.1,23.3,24.9,163.1,Ripening,0,0.18,0.63
III,Bulacan,San Miguel,2023-09-12,23.1,33.6,80.8,0.0,24.5,205.1,Ripening,0,0.11,1.37
III,Bulacan,San Miguel,2023-09-13,22.5,31.0,87.3,4.6,24.2,200.6,Ripening,0,0.04,0.49
III,Bulacan,San Miguel,2023-09-14,21.5,30.5,82.9,28.1,22.6,184.0,Ripening,3,0.14,0.63
III,Bulacan,San Miguel,2023-09-15,22.6,33.6,83.1,4.8,24.7,191.7,Ripening,3,0.14,0.18
III,Bulacan,San Miguel,2023-09-16,23.1,34.2,82.1,4.4,25.1,189.0,Ripening,0,0.16,1.21
III,Bulacan,San Miguel,2023-09-17,22.4,34.8,79.8,10.4,24.6,193.7,Ripening,3,0.12,0.32
III,Bulacan,San Miguel,2023-09-18,23.1,35.7,79.7,1.9,25.3,194.8,Ripening,1,0.04,1.79
III,Bulacan,San Miguel,2023-09-19,23.8,34.9,76.8,0.0,24.7,204.2,Ripening,1,0.27,3.06
III,Bulacan,San Miguel,2023-09-20,24.9,35.8,81.7,2.0,26.7,190.6,Ripening,0,0.06,0.21
III,Bulacan,San Miguel,2023-09-21,23.8,35.1,77.8,0.0,25.0,196.6,Ripening,0,0.0,0.0
III,Bulacan,San Miguel,2023-09-22,24.7,33.0,76.5,0.0,24.2,185.0,Ripening,0,0.0,0.08
III,Bulacan,San Miguel,2023-09-23,25.0,31.6,82.7,5.3,24.8,207.3,Ripening,0,0.15,0.1
III,Bulacan,San Miguel,2023-09-24,24.1,32.4,78.6,0.0,24.0,201.3,Ripening,0,0.09,0.1
III,Bulacan,San Miguel,2023-09-25,25.5,33.0,79.1,0.0,25.1,213.5,Ripening,0,0.02,0.0
III,Bulacan,San Miguel,2023-09-26,25.2,33.1,83.0,0.0,25.8,212.7,Ripening,0,0.18,0.12
III,Bulacan,San Miguel,2023-09-27,26.6,33.5,86.4,16.2,27.3,164.5,Ripening,0,0.0,0.05
III,Bulacan,San Miguel,2023-09-28,25.9,34.2,84.1,14.379999999999999,26.9,193.5,Ripening,0,0.17,0.11
III,Bulacan,San Miguel,2023-09-29,24.4,33.3,81.5,12.559999999999999,25.2,198.5,Ripening,0,0.14,0.08
III,Bulacan,San Miguel,2023-09-30,25.3,32.8,76.0,10.74,24.2,189.5,Ripening,0,0.12,0.07
III,Bulacan,San Miguel,2023-10-01,24.4,32.4,77.4,8.92,23.9,192.2,Ripening,0,0.0,0.15
III,Bulacan,San Miguel,2023-10-02,24.0,33.1,82.8,7.1,25.1,186.2,Ripening,0,0.09,0.2
III,Bulacan,San Miguel,2023-10-03,24.0,32.8,80.7,8.9,24.5,198.0,Ripening,0,0.17,0.0
III,Bulacan,San Miguel,2023-10-04,23.6,32.7,78.5,10.6,23.8,173.6,Ripening,0,0.11,0.19
III,Bulacan,San Miguel,2023-10-05,23.6,31.3,78.7,36.5,23.2,156.3,Ripening,0,0.22,0.12
III,Bulacan,San Miguel,2023-10-06,24.2,32.9,78.4,5.1,24.2,208.5,Ripening,0,0.0,0.17
III,Bulacan,San Miguel,2023-10-07,23.6,34.3,80.3,13.7,25.0,180.2,Ripening,0,0.17,0.01
III,Bulacan,San Miguel,2023-10-08,23.1,33.3,82.7,11.9,24.7,182.6,Ripening,0,0.1,0.12
III,Bulacan,San Miguel,2023-10-09,23.1,34.2,78.5,0.0,24.4,202.0,Ripening,0,0.08,0.1325
III,Bulacan,San Miguel,2023-10-10,23.5,35.6,82.7,0.0,26.1,201.7,Ripening,0,0.02,0.14500000000000002
III,Bulacan,San Miguel,2023-10-11,24.0,34.9,83.9,0.0,26.2,224.8,Ripening,0,0.15,0.1575
III,Bulacan,San Miguel,2023-10-12,23.4,34.1,84.4,0.8,25.6,201.8,Ripening,0,0.02,0.17
III,Bulacan,San Miguel,2023-10-13,22.5,33.93333333333334,83.1,9.8,24.0,187.4,Ripening,0,0.06,0.19
III,Bulacan,San Miguel,2023-10-14,23.0,33.766666666666666,81.94,12.0,24.3,198.2,Ripening,0,0.06,0.05
III,Bulacan,San Miguel,2023-10-15,23.9,33.6,80.78,0.0,24.2,206.2,Ripening,0,0.05,0.11
III,Bulacan,San Miguel,2023-10-16,22.8,33.6,79.61999999999999,0.0,23.5,193.0,Ripening,0,0.06,0.02
III,Bulacan,San Miguel,2023-10-17,23.0,33.4,78.46,10.4,23.9,193.1,Ripening,0,0.22,0.0
III,Bulacan,San Miguel,2023-10-18,22.9,33.2,77.3,0.0,23.5,214.6,Ripening,0,0.0,0.01
III,Bulacan,San Miguel,2023-10-19,23.4,32.2,76.4,0.0,23.1,196.4,Ripening,0,0.0,0.09
III,Bulacan,San Miguel,2023-10-20,23.7,31.6,79.9,16.8,23.6,185.0,Ripening,0,0.17,0.0
III,Bulacan,San Miguel,2023-10-21,23.9,32.8,83.3,6.9,25.0,193.3,Ripening,0,0.09,0.09
III,Bulacan,San Miguel,2023-10-22,24.4,33.7,84.9,13.9,26.0,192.1,Ripening,0,0.0,0.18
III,Bulacan,San Miguel,2023-10-23,24.0,34.8,77.4,0.0,24.9,205.8,Ripening,0,0.04,0.0
III,Bulacan,San Miguel,2023-10-24,24.8,33.1,80.3,24.2,25.0,173.9,Ripening,0,0.07,0.13
III,Bulacan,San Miguel,2023-10-25,24.8,34.2,80.2,6.0,25.5,189.7,Ripening,0,0.03,0.0
III,Bulacan,San Miguel,2023-10-26,24.8,32.9,76.6,9.0,24.5,213.0,Ripening,0,0.23,0.21
III,Bulacan,San Miguel,2023-10-27,24.8,33.5,75.5,0.0,24.1,209.9,Seedling,0,0.15,0.05
III,Bulacan,San Miguel,2023-10-28,24.8,34.1,74.1,0.0,23.9,197.2,Seedling,0,0.2,0.02
III,Bulacan,San Miguel,2023-10-29,24.8,33.8,73.7,0.0,24.0,209.7,Seedling,0,0.165,0.08
III,Bulacan,San Miguel,2023-10-30,23.3,30.6,76.2,51.9,22.2,164.9,Seedling,0,0.13,0.1
III,Bulacan,San Miguel,2023-10-31,22.9,33.3,76.5,2.9,23.4,202.4,Seedling,0,0.095,0.17
III,Bulacan,San Miguel,2023-11-01,22.8,33.9,74.3,0.0,23.2,209.5,Seedling,0,0.06,0.1
III,Bulacan,San Miguel,2023-11-02,23.3,34.6,78.7,6.3,24.7,207.4,Seedling,0,0.06,0.2
III,Bulacan,San Miguel,2023-11-03,23.6,33.1,84.6,2.4,25.3,201.2,Seedling,0,0.16,0.02
III,Bulacan,San Miguel,2023-11-04,24.0,32.8,79.2,0.0,24.2,208.9,Seedling,0,0.1,0.05
III,Bulacan,San Miguel,2023-11-05,22.5,31.6,84.5,10.9,24.0,193.2,Seedling,0,0.0,0.2
III,Bulacan,San Miguel,2023-11-06,22.3,32.0,84.2,0.0,24.0,202.1,Seedling,0,0.07,0.0
III,Bulacan,San Miguel,2023-11-07,21.4,32.5,87.4,9.5,24.4,189.1,Seedling,0,0.0,0.04
III,Bulacan,San Miguel,2023-11-08,22.4,33.0,79.0,0.0,23.5,212.2,Seedling,0,0.1,0.02
III,Bulacan,San Miguel,2023-11-09,22.5,32.5,82.9,0.0,24.1,211.0,Seedling,0,0.17,0.0
III,Bulacan,San Miguel,2023-11-10,23.3,32.8,85.7,4.8,25.2,192.4,Seedling,0,0.23,0.0
III,Bulacan,San Miguel,2023-11-11,23.9,32.7,80.3,5.4,24.4,203.1,Seedling,0,0.19,0.0
III,Bulacan,San Miguel,2023-11-12,23.6,31.2,78.7,0.0,23.1,218.4,Seedling,0,0.04,0.13
III,Bulacan,San Miguel,2023-11-13,22.7,30.4,76.4,0.0,21.8,204.3,Seedling,0,0.14,0.17
III,Bulacan,San Miguel,2023-11-14,23.1,32.2,75.6,0.0,22.8,208.1,Seedling,0,0.21,0.08
III,Bulacan,San Miguel,2023-11-15,23.7,31.6,72.7,0.0,22.2,220.3,Seedling,0,0.01,0.18
III,Bulacan,San Miguel,2023-11-16,24.4,31.6,75.0,0.0,23.0,194.9,Seedling,0,0.0,0.2
III,Bulacan,San Miguel,2023-11-17,23.8,31.5,76.2,0.0,22.9,220.8,Seedling,0,0.09,0.07
III,Bulacan,San Miguel,2023-11-18,22.9,30.0,79.9,73.2,22.4,154.0,Seedling,0,0.1,0.04
III,Bulacan,San Miguel,2023-11-19,24.1,30.6,74.2,0.0,22.2,206.6,Seedling,0,0.14,0.09
III,Bulacan,San Miguel,2023-11-20,23.6,30.4,73.3,0.0,21.7,204.6,Seedling,0,0.08,0.0
III,Bulacan,San Miguel,2023-11-21,23.1,30.0,79.1,12.5,22.4,191.0,Seedling,0,0.13,0.0
III,Bulacan,San Miguel,2023-11-22,23.3,31.8,74.7,0.0,22.5,202.5,Seedling,0,0.09,0.06
III,Bulacan,San Miguel,2023-11-23,22.8,32.8,71.8,0.0,22.2,210.1,Seedling,0,0.08,0.0
III,Bulacan,San Miguel,2023-11-24,23.5,32.1,75.0,0.0,22.8,222.3,Seedling,0,0.02,0.1
III,Bulacan,San Miguel,2023-11-25,23.9,31.7,76.3,0.0,23.1,200.8,Seedling,0,0.06,0.2
III,Bulacan,San Miguel,2023-11-26,24.2,31.5,76.1,0.0,23.1,205.0,Seedling,0,0.12,0.02
III,Bulacan,San Miguel,2023-11-27,25.1,32.0,77.4,3.5,24.0,211.2,Seedling,0,0.08,0.14
III,Bulacan,San Miguel,2023-11-28,25.4,34.0,80.6,12.9,25.8,195.3,Seedling,0,0.0,0.11
III,Bulacan,San Miguel,2023-11-29,25.9,35.3,74.4,0.0,25.5,210.8,Seedling,0,0.05,0.04
III,Bulacan,San Miguel,2023-11-30,25.1,34.1,74.1,0.0,24.4,211.3,Seedling,0,0.06,0.13
III,Bulacan,San Miguel,2023-12-01,24.8,33.1,73.1,0.0,23.6,211.6,Seedling,0,0.0,0.12
III,Bulacan,San Miguel,2023-12-02,24.8,32.4,78.5,7.2,24.3,216.6,Seedling,0,0.12,0.12
III,Bulacan,San Miguel,2023-12-03,23.8,31.7,77.8,0.0,23.3,206.9,Seedling,1,0.0,0.12
III,Bulacan,San Miguel,2023-12-04,24.3,32.9,75.1,0.0,23.6,218.2,Seedling,1,0.0,0.13
III,Bulacan,San Miguel,2023-12-05,24.4,33.2,79.2,24.1,24.6,196.0,Seedling,2,0.23,0.02
III,Bulacan,San Miguel,2023-12-06,24.9,33.1,75.0,0.0,24.0,216.2,Seedling,2,1.02,0.08
III,Bulacan,San Miguel,2023-12-07,24.0,34.1,77.0,0.0,24.5,212.7,Seedling,2,0.9,0.14
III,Bulacan,San Miguel,2023-12-08,22.7,34.8,75.8,0.0,23.9,217.1,Seedling,0,1.44,0.12
III,Bulacan,San Miguel,2023-12-09,23.5,34.3,77.8,0.0,24.5,208.4,Seedling,2,2.06,0.03
III,Bulacan,San Miguel,2023-12-10,22.9,33.1,76.825,0.0,23.6,215.4,Seedling,1,2.78,0.18
III,Bulacan,San Miguel,2023-12-11,23.2,32.5,75.85,0.0,22.9,213.7,Seedling,1,2.23,0.13
III,Bulacan,San Miguel,2023-12-12,22.7,33.9,74.875,0.0,24.0,214.9,Seedling,0,3.18,0.14
III,Bulacan,San Miguel,2023-12-13,23.4,32.6,73.9,3.5,24.3,207.8,Seedling,0,1.2,0.0
III,Bulacan,San Miguel,2023-12-14,24.2,34.8,72.925,0.0,25.1,201.2,Seedling,1,1.72,0.04
III,Bulacan,San Miguel,2023-12-15,24.2,34.0,71.95,10.2,25.3,207.4,Seedling,1,2.57,0.02
III,Bulacan,San Miguel,2023-12-16,24.3,32.5,70.975,0.0,22.7,200.5,Seedling,1,2.85,0.04
III,Bulacan,San Miguel,2023-12-17,23.9,32.1,70.0,0.0,22.0,209.7,Seedling,1,1.88,0.18
III,Bulacan,San Miguel,2023-12-18,24.2,32.8,72.9,3.4,23.1,226.9,Tillering,2,2.25,0.04
III,Bulacan,San Miguel,2023-12-19,23.1,33.1,75.1,17.9,23.1,201.8,Tillering,1,2.37,0.11
III,Bulacan,San Miguel,2023-12-20,23.3,32.8,79.4,3.6,23.9,206.1,Tillering,2,1.97,0.06
III,Bulacan,San Miguel,2023-12-21,23.0,32.9,76.2,0.0,23.2,208.4,Tillering,3,1.99,0.04
III,Bulacan,San Miguel,2023-12-22,22.3,32.0,78.5,0.0,22.8,227.2,Tillering,2,1.49,0.0
III,Bulacan,San Miguel,2023-12-23,22.2,30.3,82.9,18.4,22.8,206.6,Tillering,2,1.28,0.08
III,Bulacan,San Miguel,2023-12-24,22.9,30.2,83.8,5.8,23.3,208.3,Tillering,0,0.58,0.17
III,Bulacan,San Miguel,2023-12-25,23.3,30.9,80.2,9.4,23.1,203.4,Tillering,4,0.76,0.15
III,Bulacan,San Miguel,2023-12-26,24.0,31.6,77.0,0.0,23.2,222.3,Tillering,2,0.4,0.07
III,Bulacan,San Miguel,2023-12-27,22.9,30.3,82.0,8.9,23.0,208.5,Tillering,2,0.97,0.0
III,Bulacan,San Miguel,2023-12-28,22.4,31.1,78.1,0.0,22.4,216.5,Tillering,3,0.09,0.0
III,Bulacan,San Miguel,2023-12-29,22.9,31.4,75.3,0.0,22.2,212.5,Tillering,3,0.81,0.0
III,Bulacan,San Miguel,2023-12-30,22.0,30.9,72.6,0.0,21.0,226.1,Tillering,3,0.56,0.0
III,Bulacan,San Miguel,2023-12-31,23.5,30.3,77.4,0.0,22.4,230.2,Tillering,4,0.0,0.27
III,Bulacan,San Miguel,2024-01-01,22.9,29.8,78.1,0.0,22.0,201.1,Tillering,3,0.0,0.12
III,Bulacan,San Miguel,2024-01-02,23.4,31.8,82.5,1.2,24.1,228.7,Tillering,8,0.5,0.17
III,Bulacan,San Miguel,2024-01-03,25.1,33.7,80.73333333333333,0.8999999999999999,25.6,213.1,Tillering,16,0.53,0.0
III,Bulacan,San Miguel,2024-01-04,25.2,34.5,78.96666666666667,0.6,25.9,224.9,Tillering,12,0.02,0.16
III,Bulacan,San Miguel,2024-01-05,24.6,34.9,77.2,0.30000000000000004,25.2,214.0,Tillering,12,0.0,0.1
III,Bulacan,San Miguel,2024-01-06,24.9,34.9,74.5,0.0,24.8,233.2,Tillering,12,0.39,0.01
III,Bulacan,San Miguel,2024-01-07,24.3,34.8,72.7,0.0,24.1,223.5,Tillering,3,0.88,0.0
III,Bulacan,San Miguel,2024-01-08,23.8,34.7,77.9,0.0,24.8,209.5,Tillering,4,0.3,0.0
III,Bulacan,San Miguel,2024-01-09,24.1,32.4,73.1,0.0,22.9,224.7,Tillering,2,0.93,0.11
III,Bulacan,San Miguel,2024-01-10,23.4,32.1,72.5,0.0,22.2,233.0,Tillering,2,1.28,0.1
III,Bulacan,San Miguel,2024-01-11,24.0,31.0,72.7,0.0,22.0,217.8,Elongation,1,0.81,0.06
III,Bulacan,San Miguel,2024-01-12,23.8,31.9,70.7,0.0,22.0,208.4,Elongation,0,2.08,0.14
III,Bulacan,San Miguel,2024-01-13,23.9,31.8,67.8,0.0,21.4,224.6,Elongation,1,2.61,0.09
III,Bulacan,San Miguel,2024-01-14,23.2,31.2,68.5,0.0,20.9,223.6,Elongation,3,2.36,0.0
III,Bulacan,San Miguel,2024-01-15,23.2,30.5,70.8,32.5,21.0,195.9,Elongation,2,3.25,0.08
III,Bulacan,San Miguel,2024-01-16,23.5,31.4,67.7,0.0,21.0,234.6,Elongation,2,2.28,0.08
III,Bulacan,San Miguel,2024-01-17,24.1,32.0,70.8,0.0,22.2,219.3,Elongation,3,1.62,0.14
III,Bulacan,San Miguel,2024-01-18,23.2,32.6,70.1,0.0,21.9,213.4,Elongation,3,1.28,0.0
III,Bulacan,San Miguel,2024-01-19,23.0,31.6,71.8,0.0,21.7,209.0,Elongation,3,1.3,0.12
III,Bulacan,San Miguel,2024-01-20,22.1,32.4,71.9,0.0,21.6,214.7,Elongation,0,0.0,0.09
III,Bulacan,San Miguel,2024-01-21,22.4,34.4,70.4,0.0,22.5,219.8,Elongation,1,1.7,0.0
III,Bulacan,San Miguel,2024-01-22,22.5,33.1,72.8,0.0,22.4,215.3,Elongation,2,1.1,0.2
III,Bulacan,San Miguel,2024-01-23,22.5,33.8,74.4,5.7,23.0,221.8,Elongation,1,0.64,0.11
III,Bulacan,San Miguel,2024-01-24,22.0,32.6,76.9,1.5,22.7,215.5,Elongation,1,0.0,0.02
III,Bulacan,San Miguel,2024-01-25,22.8,31.4,72.5,0.0,21.6,214.1,Elongation,0,1.12,0.05
III,Bulacan,San Miguel,2024-01-26,23.7,30.9,72.0,0.0,21.7,231.7,Elongation,3,0.3,0.0
III,Bulacan,San Miguel,2024-01-27,24.2,30.4,73.1,0.0,21.9,244.6,Elongation,2,0.92,0.03
III,Bulacan,San Miguel,2024-01-28,23.6,31.0,75.4,0.0,22.4,209.5,Elongation,1,0.45,0.05
III,Bulacan,San Miguel,2024-01-29,22.5,31.3,73.8,0.0,21.7,227.3,Elongation,1,0.46,0.09
III,Bulacan,San Miguel,2024-01-30,23.3,32.0,74.7,0.0,22.6,221.4,Panicle,1,0.06,1.61
III,Bulacan,San Miguel,2024-01-31,23.2,32.6,73.5,0.0,22.6,220.8,Panicle,0,0.21,1.37
III,Bulacan,San Miguel,2024-02-01,23.9,32.9,73.5,0.0,23.1,233.7,Panicle,0,0.2,0.78
III,Bulacan,San Miguel,2024-02-02,23.5,31.9,72.1,0.0,22.1,218.2,Panicle,2,0.11,0.98
III,Bulacan,San Miguel,2024-02-03,23.0,32.0,78.3,12.4,23.2,217.1,Panicle,4,0.0,0.42
III,Bulacan,San Miguel,2024-02-04,22.9,32.9,74.0,0.0,22.7,226.9,Panicle,0,0.04,1.11
III,Bulacan,San Miguel,2024-02-05,23.2,33.8,77.6,0.0,24.0,206.5,Panicle,1,0.06,0.99
III,Bulacan,San Miguel,2024-02-06,21.9,33.2,79.2,0.0,23.4,236.0,Panicle,0,0.07,1.24
III,Bulacan,San Miguel,2024-02-07,22.1,32.7,76.7,0.0,22.7,204.7,Panicle,1,0.01,1.18
III,Bulacan,San Miguel,2024-02-08,23.9,31.7,78.0,0.0,23.4,222.6,Panicle,0,0.01,1.69
III,Bulacan,San Miguel,2024-02-09,22.9,32.0,77.5,0.0,23.0,226.8,Panicle,0,0.02,0.0
III,Bulacan,San Miguel,2024-02-10,22.2,31.6,74.4,0.0,21.8,225.4,Panicle,2,0.15,0.32
III,Bulacan,San Miguel,2024-02-11,21.7,32.3,74.4,0.0,21.9,218.5,Panicle,1,0.0,1.2
III,Bulacan,San Miguel,2024-02-12,22.9,31.8,77.6,0.0,22.9,224.3,Panicle,0,0.14,3.45
III,Bulacan,San Miguel,2024-02-13,22.5,31.6,76.7,0.0,22.4,219.6,Flowering,3,0.12,1.91
III,Bulacan,San Miguel,2024-02-14,22.1,31.9,74.7,0.0,21.9,217.7,Flowering,5,0.05,0.26
III,Bulacan,San Miguel,2024-02-15,22.6,32.7,74.7,0.0,22.6,216.0,Flowering,0,0.0,0.0
III,Bulacan,San Miguel,2024-02-16,22.2,32.3,74.8,0.0,22.2,230.2,Flowering,5,0.04,1.82
III,Bulacan,San Miguel,2024-02-17,22.4,32.6,73.7,0.0,22.2,224.0,Flowering,4,0.09,0.51
III,Bulacan,San Miguel,2024-02-18,22.6,31.7,71.9,0.2,21.5,228.8,Flowering,2,0.04,2.14
III,Bulacan,San Miguel,2024-02-19,22.3,31.7,67.8,0.0,20.6,230.9,Flowering,1,0.01,1.4
III,Bulacan,San Miguel,2024-02-20,22.3,30.5,71.9,0.0,20.8,212.5,Flowering,1,0.05,1.3066666666666666
III,Bulacan,San Miguel,2024-02-21,22.5,31.7,71.6,0.0,21.4,215.2,Flowering,1,0.18,1.2133333333333334
III,Bulacan,San Miguel,2024-02-22,21.2,30.8,69.8,0.0,20.0,205.9,Flowering,0,0.25,1.12
III,Bulacan,San Miguel,2024-02-23,21.4,30.6,72.5,0.0,20.5,227.7,Flowering,0,0.04,0.0
III,Bulacan,San Miguel,2024-02-24,22.6,31.2,72.2,0.0,21.3,222.0,Flowering,4,0.13,0.8
III,Bulacan,San Miguel,2024-02-25,22.8,32.2,70.5,0.0,21.6,218.9,Flowering,1,0.12,0.81
III,Bulacan,San Miguel,2024-02-26,23.2,32.0,70.8,0.0,21.8,224.1,Flowering,1,0.02,0.5
III,Bulacan,San Miguel,2024-02-27,23.5,31.3,74.7,5.1,22.3,223.4,Ripening,1,0.0,2.09
III,Bulacan,San Miguel,2024-02-28,24.0,29.9,70.8,0.0,21.1,226.5,Ripening,1,0.14,1.16
III,Bulacan,San Miguel,2024-02-29,23.3,31.3,69.9,0.0,21.3,232.6,Ripening,0,0.01,0.0
III,Bulacan,San Miguel,2024-03-01,22.0,31.4,67.4,0.0,20.2,222.7,Ripening,0,0.0,0.48
III,Bulacan,San Miguel,2024-03-02,22.1,31.5,68.6,0.0,20.5,222.8,Ripening,0,0.04,0.41
III,Bulacan,San Miguel,2024-03-03,21.5,33.2,68.4,0.0,21.0,226.2,Ripening,1,0.0,0.0
III,Bulacan,San Miguel,2024-03-04,21.4,33.1,71.3,0.0,21.5,227.7,Ripening,1,0.07,0.0
III,Bulacan,San Miguel,2024-03-05,22.0,32.7,72.2,0.0,21.8,234.2,Ripening,0,0.14,0.36
III,Bulacan,San Miguel,2024-03-06,22.2,32.3,74.5,0.0,22.2,227.2,Ripening,1,0.04,0.77
III,Bulacan,San Miguel,2024-03-07,23.5,33.6,75.8,0.0,23.7,225.1,Ripening,0,0.08,0.83
III,Bulacan,San Miguel,2024-03-08,23.3,32.0,77.6,0.0,23.2,222.6,Ripening,1,0.2,0.56
III,Bulacan,San Miguel,2024-03-09,22.1,31.9,73.3,0.0,21.7,211.8,Ripening,2,0.12,1.63
III,Bulacan,San Miguel,2024-03-10,21.4,31.1,75.6,10.2,21.4,207.9,Ripening,1,0.0,0.0
III,Bulacan,San Miguel,2024-03-11,21.3,31.2,71.5,0.0,20.6,237.7,Ripening,1,0.0,0.03
III,Bulacan,San Miguel,2024-03-12,21.2,31.6,72.2,0.0,20.8,227.3,Ripening,0,0.08,0.0
III,Bulacan,San Miguel,2024-03-13,22.9,31.625,74.5,0.0,22.0,214.3,Ripening,1,0.07,1.35
III,Bulacan,San Miguel,2024-03-14,22.6,31.65,74.0,0.0,22.1,219.8,Ripening,0,0.0,0.27
III,Bulacan,San Miguel,2024-03-15,23.4,31.675,73.6,0.0,23.0,240.8,Ripening,1,0.19,2.27
III,Bulacan,San Miguel,2024-03-16,22.7,31.7,74.9,4.6,22.2,212.3,Ripening,2,0.09,1.41
III,Bulacan,San Miguel,2024-03-17,23.2,32.0,74.7,0.0,22.5,226.4,Ripening,2,0.0,0.29
III,Bulacan,San Miguel,2024-03-18,23.3,33.1,73.6,0.0,22.9,225.0,Ripening,3,0.0,0.91
III,Bulacan,San Miguel,2024-03-19,24.1,34.4,73.4,0.0,23.9,233.1,Ripening,1,0.0,1.29
III,Bulacan,San Miguel,2024-03-20,23.9,34.8,73.5,0.0,24.0,212.0,Ripening,2,0.02,1.28
III,Bulacan,San Miguel,2024-03-21,24.1,33.6,78.1,16.2,24.5,207.7,Ripening,1,0.06,2.14
III,Bulacan,San Miguel,2024-03-22,23.1,33.7,77.9,0.0,24.0,238.9,Ripening,0,0.25,0.07
III,Bulacan,San Miguel,2024-03-23,22.5,33.7,76.8,0.0,23.5,226.9,Ripening,0,0.02,0.15
III,Bulacan,San Miguel,2024-03-24,23.1,31.5,74.4,0.0,22.2,224.5,Ripening,1,0.03,0.01
III,Bulacan,San Miguel,2024-03-25,23.1,31.5,74.3,0.0,22.2,210.5,Ripening,0,0.09,0.03
III,Bulacan,San Miguel,2024-03-26,22.8,32.0,72.1,0.0,21.8,217.4,Ripening,0,0.04,0.05
III,Bulacan,San Miguel,2024-03-27,23.0,31.8,72.33333333333333,0.0,21.8,220.8,Ripening,0,0.18,0.04
III,Bulacan,San Miguel,2024-03-28,23.3,31.0,72.56666666666666,0.0,21.4,213.6,Ripening,0,0.09,0.17
III,Bulacan,San Miguel,2024-03-29,23.4,30.3,72.8,0.0,21.4,232.1,Ripening,0,0.03,0.05
III,Bulacan,San Miguel,2024-03-30,23.3,31.4,75.1,0.0,22.4,236.0,Ripening,1,0.09,0.07
III,Bulacan,San Miguel,2024-03-31,23.6,33.1,74.3,0.0,23.2,218.8,Ripening,0,0.12,0.0
III,Bulacan,San Miguel,2024-04-01,22.8,32.8,74.9,0.0,22.8,230.9,Ripening,0,0.0,0.0
III,Bulacan,San Miguel,2024-04-02,22.9,30.0,77.3,0.0,21.9,224.3,Ripening,0,0.0,0.08
III,Bulacan,San Miguel,2024-04-03,23.9,31.1,78.9,0.0,23.3,223.2,Ripening,0,0.08,0.0
III,Bulacan,San Miguel,2024-04-04,24.3,30.8,78.0,0.0,23.2,212.7,Ripening,0,0.22,0.08
III,Bulacan,San Miguel,2024-04-05,24.1,30.5,79.6,0.0,23.2,223.2,Ripening,0,0.17,0.0
III,Bulacan,San Miguel,2024-04-06,23.9,29.9,79.0,0.0,22.7,210.9,Ripening,0,0.07,0.1
III,Bulacan,San Miguel,2024-04-07,23.5,31.4,78.5,0.0,23.2,204.8,Ripening,0,0.02,0.15
III,Bulacan,San Miguel,2024-04-08,22.7,31.0,80.5,7.9,23.0,196.9,Ripening,0,0.0,0.09
III,Bulacan,San Miguel,2024-04-09,23.4,32.4,76.1,0.0,23.1,215.6,Ripening,0,0.03,0.1
III,Bulacan,San Miguel,2024-04-10,23.1,31.5,80.3,9.6,23.4,209.0,Ripening,0,0.0,0.0
III,Bulacan,San Miguel,2024-04-11,23.3,31.0,76.5,3.0,22.4,219.7,Ripening,0,0.11,0.27
III,Bulacan,San Miguel,2024-04-12,23.1,31.5,73.6,19.4,22.0,194.2,Ripening,0,0.1,0.1
III,Bulacan,San Miguel,2024-04-13,23.4,31.6,70.6,0.0,21.6,223.8,Ripening,0,0.08,0.12
III,Bulacan,San Miguel,2024-04-14,22.7,31.733333333333334,72.9,0.0,21.9,225.8,Ripening,0,0.0,0.11
III,Bulacan,San Miguel,2024-04-15,22.4,31.866666666666667,75.9,0.0,22.9,211.7,Ripening,1,0.24,0.04
III,Bulacan,San Miguel,2024-04-16,21.6,32.0,78.7,8.2,23.5,209.9,Ripening,0,0.19,0.1
III,Bulacan,San Miguel,2024-04-17,21.7,32.13333333333333,74.9,5.1,22.1,211.0,Ripening,0,0.19,0.17
III,Bulacan,San Miguel,2024-04-18,22.2,32.266666666666666,68.4,0.0,21.2,222.4,Ripening,0,0.14,0.08
III,Bulacan,San Miguel,2024-04-19,22.2,32.4,69.9,0.0,21.3,230.1,Ripening,0,0.06,0.13
III,Bulacan,San Miguel,2024-04-20,22.6,31.4,70.1,0.0,21.0,222.7,Ripening,0,0.09,0.01
III,Bulacan,San Miguel,2024-04-21,23.4,31.6,69.4,0.0,21.4,218.0,Ripening,0,0.04,0.0
III,Bulacan,San Miguel,2024-04-22,23.0,32.9,70.7,0.0,22.1,212.3,Ripening,0,0.2,0.0
III,Bulacan,San Miguel,2024-04-23,22.5,32.8,68.1,0.0,21.3,223.3,Ripening,0,0.0,0.0
III,Bulacan,San Miguel,2024-04-24,21.9,31.1,68.8,0.0,20.3,220.4,Ripening,0,0.04,0.0
III,Bulacan,San Miguel,2024-04-25,22.2,30.8,70.4,0.0,20.6,208.5,Seedling,0,0.22,0.0
III,Bulacan,San Miguel,2024-04-26,20.9,29.5,77.2,0.0,20.6,228.3,Seedling,0,0.07,0.0
III,Bulacan,San Miguel,2024-04-27,21.3,29.2,77.9,0.0,20.8,209.1,Seedling,0,0.19,0.0
III,Bulacan,San Miguel,2024-04-28,21.7,28.8,74.1,0.0,20.1,215.8,Seedling,0,0.08,0.16
III,Bulacan,San Miguel,2024-04-29,22.2,29.3,72.7,0.0,20.7,203.8,Seedling,0,0.22,0.0
III,Bulacan,San Miguel,2024-04-30,23.1,29.8,71.2,0.0,21.8,227.5,Seedling,0,0.14,0.07
III,Bulacan,San Miguel,2024-05-01,24.2,30.3,76.0,2.5,24.0,225.9,Seedling,0,0.04,0.15
III,Bulacan,San Miguel,2024-05-02,24.2,30.8,72.9,0.0,23.2,219.4,Seedling,0,0.13,0.29
III,Bulacan,San Miguel,2024-05-03,24.2,31.3,71.4,0.0,22.8,202.8,Seedling,1,0.06,0.01
III,Bulacan,San Miguel,2024-05-04,23.4,31.8,74.7,0.0,22.5,207.0,Seedling,0,0.06,0.14
III,Bulacan,San Miguel,2024-05-05,22.8,30.9,74.4,0.0,21.7,223.2,Seedling,0,0.04,0.12
III,Bulacan,San Miguel,2024-05-06,23.3,31.7,76.4,12.0,22.8,207.1,Seedling,0,0.15,0.17
III,Bulacan,San Miguel,2024-05-07,24.3,32.6,70.4,0.0,22.5,205.8,Seedling,0,0.04,0.19
III,Bulacan,San Miguel,2024-05-08,24.6,30.8,71.9,0.0,22.1,210.6,Seedling,0,0.12,0.0
III,Bulacan,San Miguel,2024-05-09,24.4,31.3,69.5,0.0,21.8,219.6,Seedling,0,0.14,0.04
III,Bulacan,San Miguel,2024-05-10,24.2,31.8,75.8,7.5,23.2,214.6,Seedling,0,0.09,0.02
III,Bulacan,San Miguel,2024-05-11,24.2,32.4,72.8,0.0,22.9,210.6,Seedling,1,0.13,0.14
III,Bulacan,San Miguel,2024-05-12,24.7,33.1,76.3,5.0,24.2,205.6,Seedling,0,0.14,0.0
III,Bulacan,San Miguel,2024-05-13,23.6,33.21666666666667,73.4,0.0,23.4,204.8,Seedling,0,0.16,0.1
III,Bulacan,San Miguel,2024-05-14,23.1,33.333333333333336,77.7,0.0,23.9,217.8,Seedling,0,0.14,0.07
III,Bulacan,San Miguel,2024-05-15,22.9,33.45,73.5,2.02,23.2,202.2,Seedling,0,0.06,0.0
III,Bulacan,San Miguel,2024-05-16,22.7,33.56666666666666,73.1,4.04,22.8,223.9,Seedling,0,0.0,0.02
III,Bulacan,San Miguel,2024-05-17,23.0,33.68333333333333,72.7,6.0600000000000005,22.6,204.4,Seedling,0,0.2,0.0
III,Bulacan,San Miguel,2024-05-18,22.0,33.8,73.6,8.08,22.6,217.5,Seedling,0,0.0,0.0
III,Bulacan,San Miguel,2024-05-19,22.7,32.1,78.2,10.1,23.0,200.8,Seedling,0,0.0,0.04
III,Bulacan,San Miguel,2024-05-20,23.8,32.3,73.5,0.0,22.7,211.9,Seedling,0,0.2,0.14
III,Bulacan,San Miguel,2024-05-21,24.1,32.6,77.7,4.3,23.9,206.6,Seedling,0,0.09,0.07
III,Bulacan,San Miguel,2024-05-22,24.0,34.1,72.9,0.0,23.6,203.7,Seedling,0,0.0,0.24
III,Bulacan,San Miguel,2024-05-23,22.9,33.1,75.7,0.0,23.1,222.8,Seedling,0,0.0,0.0
III,Bulacan,San Miguel,2024-05-24,23.6,32.7,77.9,0.0,23.7,223.4,Seedling,0,0.04,0.17
III,Bulacan,San Miguel,2024-05-25,23.6,32.6,75.9,0.0,23.3,216.0,Seedling,0,0.03,0.08
III,Bulacan,San Miguel,2024-05-26,22.9,34.0,73.4,0.0,23.1,220.9,Seedling,0,0.06,0.0
III,Bulacan,San Miguel,2024-05-27,23.5,33.1,77.9,11.6,23.9,203.6,Seedling,0,0.04,0.15
III,Bulacan,San Miguel,2024-05-28,23.3,33.5,71.4,0.0,22.7,202.2,Seedling,0,0.06,0.09
III,Bulacan,San Miguel,2024-05-29,22.8,32.3,75.4,0.8,22.6,214.3,Seedling,1,3.14,0.1
III,Bulacan,San Miguel,2024-05-30,22.2,33.6,77.9,7.1,23.5,201.2,Seedling,4,3.06,0.17
III,Bulacan,San Miguel,2024-05-31,21.5,33.5,71.3,0.0,21.8,197.0,Seedling,3,3.72,0.1
III,Bulacan,San Miguel,2024-06-01,21.2,32.1,74.3,16.0,21.5,194.8,Seedling,4,1.58,0.1
III,Bulacan,San Miguel,2024-06-02,22.1,32.9,72.6,0.0,22.0,208.2,Seedling,0,3.07,0.23
III,Bulacan,San Miguel,2024-06-03,22.1,33.0,75.2,0.0,22.6,199.3,Seedling,2,1.7,0.04
III,Bulacan,San Miguel,2024-06-04,22.0,32.8,77.6,0.0,22.9,207.2,Seedling,5,2.87,0.14
III,Bulacan,San Miguel,2024-06-05,22.2,32.0,83.3,12.8,23.8,197.7,Seedling,3,2.82,0.1
III,Bulacan,San Miguel,2024-06-06,22.6,33.1,76.8,0.0,23.2,205.9,Seedling,3,1.69,0.08
III,Bulacan,San Miguel,2024-06-07,23.8,32.5,83.0,8.0,24.8,201.2,Seedling,5,2.47,0.0
III,Bulacan,San Miguel,2024-06-08,23.9,32.7,82.4,7.3,24.8,201.5,Seedling,7,1.99,0.13
III,Bulacan,San Miguel,2024-06-09,23.0,33.5,75.4,0.0,23.3,211.2,Seedling,9,1.34,0.16
III,Bulacan,San Miguel,2024-06-10,23.1,33.7,75.3,0.0,23.5,217.3,Seedling,8,1.66,0.08
III,Bulacan,San Miguel,2024-06-11,23.35,33.0,76.2,0.0,24.1,213.8,Seedling,9,1.47,0.0
III,Bulacan,San Miguel,2024-06-12,23.6,32.300000000000004,74.7,0.0,22.8,224.2,Seedling,11,1.81,0.05
III,Bulacan,San Miguel,2024-06-13,23.85,31.6,73.8,0.0,22.4,209.0,Seedling,9,0.99,0.06
III,Bulacan,San Miguel,2024-06-14,24.1,30.9,72.8,0.0,22.3,215.1,Tillering,19,0.24,0.08
III,Bulacan,San Miguel,2024-06-15,24.35,30.2,74.4,0.0,22.0,205.1,Tillering,21,0.8,0.1
III,Bulacan,San Miguel,2024-06-16,24.6,30.2,75.6,0.0,22.5,204.6,Tillering,15,0.53,0.16
III,Bulacan,San Miguel,2024-06-17,23.7,32.9,75.1,0.0,23.3,201.5,Tillering,28,0.92,0.04
III,Bulacan,San Miguel,2024-06-18,23.0,33.3,75.5,0.0,23.2,208.6,Tillering,24,0.85,0.16
III,Bulacan,San Miguel,2024-06-19,22.9,32.1,74.7,0.0,22.4,206.2,Tillering,14,1.7,0.31
III,Bulacan,San Miguel,2024-06-20,23.5,32.8,75.7,0.0,23.3,201.4,Tillering,11,1.515,0.03
III,Bulacan,San Miguel,2024-06-21,23.6,31.7,75.3,0.0,22.7,227.1,Tillering,9,1.33,0.0
III,Bulacan,San Miguel,2024-06-22,23.3,32.1,79.1,0.0,23.5,213.6,Tillering,4,1.145,0.04
III,Bulacan,San Miguel,2024-06-23,23.7,30.9,79.53333333333333,7.3,23.4,185.3,Tillering,8,0.9600000000000001,0.17
III,Bulacan,San Miguel,2024-06-24,22.9,32.9,79.96666666666667,0.0,23.7,197.7,Tillering,5,0.7750000000000001,0.05
III,Bulacan,San Miguel,2024-06-25,23.2,31.1,80.4,30.4,23.2,183.7,Tillering,3,0.59,0.05
III,Bulacan,San Miguel,2024-06-26,23.7,32.2,78.4,0.0,23.6,204.6,Tillering,5,0.0,0.05
III,Bulacan,San Miguel,2024-06-27,23.9,32.1,80.0,0.7,24.0,211.3,Tillering,7,0.54,0.05
III,Bulacan,San Miguel,2024-06-28,24.3,31.7,81.4,0.0,24.3,205.8,Tillering,17,0.0,0.05
III,Bulacan,San Miguel,2024-06-29,23.7,33.4,80.3,0.0,24.6,191.2,Tillering,25,0.96,0.05
III,Bulacan,San Miguel,2024-06-30,23.8,33.3,80.3,0.0,24.6,207.3,Tillering,23,0.18,0.04
III,Bulacan,San Miguel,2024-07-01,23.9,34.4,83.8,0.0,25.9,206.6,Tillering,24,0.53,0.03
III,Bulacan,San Miguel,2024-07-02,22.8,32.5,84.0,0.0,24.4,193.3,Tillering,30,0.14,0.19
III,Bulacan,San Miguel,2024-07-03,23.4,33.0,86.5,4.3,25.5,196.5,Tillering,32,0.34,0.06
III,Bulacan,San Miguel,2024-07-04,24.2,35.0,82.1,2.7,26.0,190.2,Tillering,34,0.71,0.15
III,Bulacan,San Miguel,2024-07-05,24.2,32.9,82.1,11.1,25.0,208.3,Tillering,38,0.58,0.14
III,Bulacan,San Miguel,2024-07-06,24.2,33.5,80.2,0.0,24.9,209.36666666666667,Tillering,52,0.54,0.01
III,Bulacan,San Miguel,2024-07-07,24.3,32.2,84.3,19.2,25.1,210.43333333333334,Tillering,38,1.72,0.08
III,Bulacan,San Miguel,2024-07-08,24.2,33.1,82.9,0.0,25.2,211.5,Tillering,46,0.9,0.1
III,Bulacan,San Miguel,2024-07-09,24.9,32.3,81.0,0.0,24.8,212.4,Tillering,42,0.86,0.04
III,Bulacan,San Miguel,2024-07-10,25.5,34.3,78.4,0.0,24.96666666666667,192.6,Elongation,24,2.92,0.0
III,Bulacan,San Miguel,2024-07-11,25.3,33.8,82.6,4.4,25.133333333333333,197.9,Elongation,41,3.17,0.13
III,Bulacan,San Miguel,2024-07-12,25.0,34.1,76.0,0.0,25.3,206.9,Elongation,42,3.72,0.11
III,Bulacan,San Miguel,2024-07-13,25.4,33.9,78.9,0.0,25.46666666666667,212.1,Elongation,38,3.6,0.1
III,Bulacan,San Miguel,2024-07-14,25.0,32.6,83.9,12.8,25.633333333333333,185.4,Elongation,37,3.95,0.13
III,Bulacan,San Miguel,2024-07-15,24.7,32.0,87.2,20.5,25.8,173.6,Elongation,45,2.8,0.18
III,Bulacan,San Miguel,2024-07-16,24.6,33.8,84.6,0.0,26.1,204.9,Elongation,26,3.15,0.07
III,Bulacan,San Miguel,2024-07-17,25.0,32.1,86.8,9.6,25.9,187.6,Elongation,27,3.68,0.18
III,Bulacan,San Miguel,2024-07-18,25.0,33.2,86.6,0.0,26.4,207.5,Elongation,36,1.68,0.13
III,Bulacan,San Miguel,2024-07-19,24.9,32.6,82.7,0.0,25.3,205.7,Elongation,27,2.34,0.15
III,Bulacan,San Miguel,2024-07-20,23.3,32.1,89.6,102.0,25.6,155.1,Elongation,39,2.2,0.02
III,Bulacan,San Miguel,2024-07-21,23.8,32.8,86.6,0.0,25.6,187.4,Elongation,38,2.28,0.15
III,Bulacan,San Miguel,2024-07-22,24.7,31.7,88.6,6.1,25.9,184.7,Elongation,29,1.32,0.03
III,Bulacan,San Miguel,2024-07-23,24.8,32.9,79.6,0.0,24.8,213.1,Elongation,33,2.21,0.21
III,Bulacan,San Miguel,2024-07-24,24.8,34.6,77.8,0.0,25.3,203.9,Elongation,40,2.06,0.14
III,Bulacan,San Miguel,2024-07-25,22.9,33.2,77.4,26.5,23.5,168.9,Elongation,29,2.24,0.03
III,Bulacan,San Miguel,2024-07-26,22.9,32.6,78.5,12.0,23.4,197.1,Elongation,26,1.34,0.07
III,Bulacan,San Miguel,2024-07-27,23.6,33.0,81.7,18.1,24.6,186.1,Elongation,40,1.47,0.0
III,Bulacan,San Miguel,2024-07-28,23.3,33.2,78.7,0.0,24.0,195.4,Elongation,32,1.4,0.01
III,Bulacan,San Miguel,2024-07-29,22.9,31.4,84.0,12.6,24.0,185.6,Elongation,24,2.05,0.18
III,Bulacan,San Miguel,2024-07-30,23.1,32.2,84.1,5.5,24.5,199.3,Panicle,16,0.04,0.78
III,Bulacan,San Miguel,2024-07-31,23.9,32.8,80.5,8.7,24.4,191.8,Panicle,15,0.05,1.97
III,Bulacan,San Miguel,2024-08-01,23.5,32.0,79.0,0.0,23.6,204.5,Panicle,9,0.04,1.53
III,Bulacan,San Miguel,2024-08-02,24.1,33.0,83.8,7.6,25.3,191.8,Panicle,9,0.09,1.35
III,Bulacan,San Miguel,2024-08-03,23.3,33.4,84.5,2.9,25.2,203.3,Panicle,8,0.0,2.12
III,Bulacan,San Miguel,2024-08-04,24.3,33.9,78.7,0.0,24.8,200.2,Panicle,5,0.0,1.44
III,Bulacan,San Miguel,2024-08-05,23.6,32.0,81.4,26.0,24.1,166.7,Panicle,0,0.05,1.72
III,Bulacan,San Miguel,2024-08-06,24.7,31.4,80.5,0.0,24.2,203.3,Panicle,1,0.0,2.1
III,Bulacan,San Miguel,2024-08-07,24.4,30.5,85.5,3.8,24.6,190.6,Panicle,8,0.03,0.0
III,Bulacan,San Miguel,2024-08-08,23.8,30.8,79.3,0.0,24.644444444444446,203.8,Panicle,5,0.12,1.5
III,Bulacan,San Miguel,2024-08-09,22.8,30.0,79.9,39.9,24.68888888888889,148.0,Panicle,2,0.09,0.0
III,Bulacan,San Miguel,2024-08-10,24.6,32.0,79.0,3.0,24.733333333333334,198.0,Panicle,6,0.13,2.15
III,Bulacan,San Miguel,2024-08-11,24.0,32.3,75.6,0.0,24.77777777777778,200.3,Panicle,1,0.2,0.24
III,Bulacan,San Miguel,2024-08-12,24.7,32.2,81.0,0.0,24.822222222222223,189.4,Panicle,1,0.1,0.39
III,Bulacan,San Miguel,2024-08-13,25.1,34.5,73.6,0.0,24.866666666666667,205.1,Panicle,1,0.08,0.38
III,Bulacan,San Miguel,2024-08-14,24.5,33.1,81.6,0.0,24.91111111111111,188.8,Panicle,0,0.11,0.0
III,Bulacan,San Miguel,2024-08-15,23.6,33.1,77.4,0.0,24.955555555555556,203.6,Flowering,0,0.0,0.19333333333333333
III,Bulacan,San Miguel,2024-08-16,23.3,33.0,84.3,0.0,25.0,179.1,Flowering,1,0.31,0.38666666666666666
III,Bulacan,San Miguel,2024-08-17,23.5,33.2,82.6,0.0,24.9,201.2,Flowering,1,0.05,0.58
III,Bulacan,San Miguel,2024-08-18,23.5,31.9,87.3,10.0,25.2,191.9,Flowering,2,0.0,1.36
III,Bulacan,San Miguel,2024-08-19,23.9,31.4,88.4,21.1,25.3,178.9,Flowering,3,0.04,0.0
III,Bulacan,San Miguel,2024-08-20,25.1,31.4,81.2,0.0,24.5,189.7,Flowering,0,0.0,0.74
III,Bulacan,San Miguel,2024-08-21,25.4,31.0,86.5,7.2,25.5,191.8,Flowering,0,0.19,0.52
III,Bulacan,San Miguel,2024-08-22,25.8,32.5,83.5,7.5,25.8,183.5,Flowering,2,0.0,0.77
III,Bulacan,San Miguel,2024-08-23,24.7,30.8,80.8,66.6,23.9,146.1,Flowering,0,0.21,0.3
III,Bulacan,San Miguel,2024-08-24,24.5,32.2,82.425,0.0,24.4,192.8,Flowering,1,0.175,0.49
III,Bulacan,San Miguel,2024-08-25,23.4,30.1,84.05,37.6,23.4,169.6,Flowering,0,0.14,1.33
III,Bulacan,San Miguel,2024-08-26,23.3,32.6,85.675,8.1,24.9,191.0,Flowering,2,0.10500000000000001,1.76
III,Bulacan,San Miguel,2024-08-27,23.6,32.3,87.3,20.6,25.4,188.7,Flowering,4,0.07,1.01
III,Bulacan,San Miguel,2024-08-28,24.9,34.7,81.1,0.0,26.0,197.5,Flowering,1,0.07,0.4
III,Bulacan,San Miguel,2024-08-29,24.5,32.4,86.8,12.1,25.8,187.7,Flowering,7,0.0,0.69
III,Bulacan,San Miguel,2024-08-30,24.0,33.2,81.7,0.0,24.9,201.0,Ripening,7,0.12,0.7
III,Bulacan,San Miguel,2024-08-31,23.5,31.1,87.3,5.3,24.8,182.2,Ripening,5,0.16,0.32
III,Bulacan,San Miguel,2024-09-01,23.3,32.6,81.9,0.0,24.3,186.9,Ripening,5,0.11,0.56
III,Bulacan,San Miguel,2024-09-02,23.3,30.8,81.1,0.0,23.3,192.5,Ripening,0,0.11,0.0
III,Bulacan,San Miguel,2024-09-03,22.8,31.1,84.7,2.1,23.9,207.2,Ripening,4,0.21,1.47
III,Bulacan,San Miguel,2024-09-04,21.9,31.2,83.7,45.7,23.3,164.8,Ripening,3,0.03,0.47
III,Bulacan,San Miguel,2024-09-05,23.2,35.5,78.8,0.0,25.1,193.0,Ripening,0,0.19,0.0
III,Bulacan,San Miguel,2024-09-06,24.2,34.2,81.3,0.8,25.5,211.3,Ripening,2,0.0,0.47
III,Bulacan,San Miguel,2024-09-07,23.8,33.8,83.5,20.7,25.5,177.0,Ripening,2,0.14,0.41
III,Bulacan,San Miguel,2024-09-08,24.5,35.6,81.4,0.0,26.3,192.3,Ripening,2,0.0,2.78
III,Bulacan,San Miguel,2024-09-09,23.7,36.3,79.6,0.0,25.9,202.4,Ripening,2,0.1,1.97
III,Bulacan,San Miguel,2024-09-10,24.0,36.4,85.7,3.9,27.3,196.5,Ripening,1,0.11,5.35
III,Bulacan,San Miguel,2024-09-11,23.6,34.5,86.1,13.3,26.3,184.7,Ripening,3,0.05,5.19
III,Bulacan,San Miguel,2024-09-12,23.7,32.6,89.3,43.1,26.0,166.2,Ripening,2,0.12,4.08
III,Bulacan,San Miguel,2024-09-13,24.3,33.1,88.6,4.7,26.4,200.6,Ripening,4,0.0,4.58
III,Bulacan,San Miguel,2024-09-14,23.8,32.7,90.7,9.5,26.4,191.3,Ripening,2,0.1,4.7
III,Bulacan,San Miguel,2024-09-15,23.8,32.6,87.9,5.7,25.8,199.4,Ripening,4,0.1,5.15
III,Bulacan,San Miguel,2024-09-16,23.9,32.3,88.1,1.9,25.7,196.5,Ripening,6,0.21,5.19
III,Bulacan,San Miguel,2024-09-17,23.0,32.1,86.6,17.3,24.9,168.5,Ripening,9,0.05,5.57
III,Bulacan,San Miguel,2024-09-18,22.6,33.0,86.9,2.8,25.2,188.7,Ripening,7,0.17,6.54
III,Bulacan,San Miguel,2024-09-19,22.5,32.1,87.3,5.8,24.8,208.2,Ripening,13,0.16,5.03
III,Bulacan,San Miguel,2024-09-20,22.3,31.3,85.6,17.0,23.9,196.0,Ripening,14,0.03,5.34
III,Bulacan,San Miguel,2024-09-21,23.4,33.4,84.0,3.0,25.2,194.4,Ripening,11,0.04,3.85
III,Bulacan,San Miguel,2024-09-22,23.2,32.9,86.5,10.3,25.3,189.1,Ripening,6,0.13,3.02
III,Bulacan,San Miguel,2024-09-23,23.5,33.3,80.7,0.0,24.5,203.4,Ripening,9,0.31,1.61
III,Bulacan,San Miguel,2024-09-24,23.0,31.8,85.7,40.1,24.5,164.3,Ripening,13,0.2,1.65
III,Bulacan,San Miguel,2024-09-25,23.0,32.6,84.7,29.4,24.7,165.4,Ripening,0,0.19,0.12
III,Bulacan,San Miguel,2024-09-26,24.0,32.5,87.1,17.9,25.7,176.7,Ripening,0,0.08,0.0
III,Bulacan,San Miguel,2024-09-27,25.3,31.8,85.2,1.0,25.6,200.5,Ripening,0,0.17,0.02
III,Bulacan,San Miguel,2024-09-28,24.8,31.4,84.3,8.2,25.0,204.5,Ripening,0,0.12,0.05
III,Bulacan,San Miguel,2024-09-29,24.2,30.2,79.0,0.0,23.0,203.6,Ripening,0,0.08,0.08
III,Bulacan,San Miguel,2024-09-30,24.7,30.9,81.4,5.0,24.1,191.9,Ripening,0,0.16,0.0
III,Bulacan,San Miguel,2024-10-01,24.1,29.2,82.5,38.2,23.2,163.7,Ripening,0,0.12,0.02
III,Bulacan,San Miguel,2024-10-02,23.7,32.0,81.8,0.0,24.2,200.4,Ripening,0,0.15,0.02
III,Bulacan,San Miguel,2024-10-03,22.9,32.1,83.7,6.0,24.2,184.7,Ripening,0,0.02,0.23
III,Bulacan,San Miguel,2024-10-04,23.3,32.5,83.5,0.0,24.6,194.6,Ripening,0,0.0,0.19
III,Bulacan,San Miguel,2024-10-05,24.05,32.45,86.1,1.2,25.4,204.4,Ripening,0,0.07,0.08
III,Bulacan,San Miguel,2024-10-06,24.8,32.4,80.4,0.0,24.7,193.1,Ripening,0,0.0,0.0
III,Bulacan,San Miguel,2024-10-07,24.9,32.4,80.7,0.0,24.8,214.7,Ripening,1,0.13,0.09
III,Bulacan,San Miguel,2024-10-08,23.9,33.1,81.8,0.0,24.9,197.1,Ripening,0,0.08666666666666667,0.04
III,Bulacan,San Miguel,2024-10-09,24.4,33.7,84.2,3.9,25.9,200.4,Ripening,0,0.043333333333333335,0.12
III,Bulacan,San Miguel,2024-10-10,23.7,31.9,82.6,20.4,24.3,166.1,Ripening,1,0.0,0.25
III,Bulacan,San Miguel,2024-10-11,24.4,30.7,77.5,0.0,23.0,210.8,Ripening,0,0.1,0.12
III,Bulacan,San Miguel,2024-10-12,23.7,30.0,78.8,0.0,22.6,207.5,Ripening,0,0.12,0.16
III,Bulacan,San Miguel,2024-10-13,24.6,29.2,83.5,9.8,23.6,210.2,Ripening,0,0.15,0.01
III,Bulacan,San Miguel,2024-10-14,24.1,28.4,82.7,93.2,22.8,132.7,Ripening,0,0.08,0.0
III,Bulacan,San Miguel,2024-10-15,24.4,31.6,77.4,0.0,23.5,191.8,Ripening,0,0.07,0.0
III,Bulacan,San Miguel,2024-10-16,24.6,31.8,78.9,16.0,24.0,186.5,Ripening,0,0.14,0.15
III,Bulacan,San Miguel,2024-10-17,23.5,30.3,80.3,27.7,23.0,172.0,Ripening,0,0.1,0.14
III,Bulacan,San Miguel,2024-10-18,24.2,33.5,76.4,0.0,24.1,210.3,Ripening,0,0.11,0.02
III,Bulacan,San Miguel,2024-10-19,24.1,32.9,76.1,0.0,23.7,197.2,Ripening,0,0.0,0.08
III,Bulacan,San Miguel,2024-10-20,24.6,32.3,79.2,0.0,24.3,202.9,Ripening,0,0.07,0.12
III,Bulacan,San Miguel,2024-10-21,24.3,32.4,82.2,8.2,24.8,192.1,Ripening,0,0.0,0.16
III,Bulacan,San Miguel,2024-10-22,23.9,33.0,79.1,0.0,24.3,198.7,Ripening,0,0.03,0.1
III,Bulacan,San Miguel,2024-10-23,24.3,32.7,79.0,0.0,24.3,204.5,Ripening,1,0.0,0.13
III,Bulacan,San Miguel,2024-10-24,24.4,32.6,83.1,2.2,25.1,200.8,Ripening,0,0.11,0.13
III,Bulacan,San Miguel,2024-10-25,24.4,32.0,78.3,1.6500000000000001,23.9,177.9,Ripening,0,0.1,0.0
III,Bulacan,San Miguel,2024-10-26,24.9,33.8,77.2,1.1,24.8,213.0,Ripening,0,0.1,0.05
III,Bulacan,San Miguel,2024-10-27,24.6,33.7,83.4,0.55,25.8,187.7,Seedling,0,0.04,0.17
III,Bulacan,San Miguel,2024-10-28,24.9,33.7,78.7,0.0,25.0,213.9,Seedling,0,0.05,0.0
III,Bulacan,San Miguel,2024-10-29,24.4,32.6,79.2,19.4,24.3,178.1,Seedling,0,0.04,0.0
III,Bulacan,San Miguel,2024-10-30,23.8,32.5,80.3,4.0,24.2,210.7,Seedling,0,0.04,0.09
III,Bulacan,San Miguel,2024-10-31,23.5,32.5,80.5,6.1,24.1,195.8,Seedling,0,0.07,0.06
III,Bulacan,San Miguel,2024-11-01,23.7,33.0,75.7,0.0,23.5,209.6,Seedling,0,0.18,0.23
III,Bulacan,San Miguel,2024-11-02,23.2,33.6,78.1,0.0,24.0,212.1,Seedling,0,0.16,0.09
III,Bulacan,San Miguel,2024-11-03,24.3,33.1,77.9,0.0,24.3,210.6,Seedling,0,0.18,0.23
III,Bulacan,San Miguel,2024-11-04,23.2,31.7,80.0,32.2,24.166666666666668,181.2,Seedling,0,0.06,0.1
III,Bulacan,San Miguel,2024-11-05,24.8,33.5,80.8,8.9,24.033333333333335,203.4,Seedling,0,0.05,0.14
III,Bulacan,San Miguel,2024-11-06,23.7,31.3,82.4,51.8,23.9,158.8,Seedling,0,0.0,0.18
III,Bulacan,San Miguel,2024-11-07,24.8,33.2,78.5,0.0,23.766666666666666,205.3,Seedling,0,0.18,0.1
III,Bulacan,San Miguel,2024-11-08,24.2,33.8,79.3,0.0,23.633333333333333,201.0,Seedling,0,0.0,0.06
III,Bulacan,San Miguel,2024-11-09,23.5,32.7,76.8,0.0,23.5,191.4,Seedling,0,0.0,0.0
III,Bulacan,San Miguel,2024-11-10,22.9,33.8,80.2,6.7,24.4,197.4,Seedling,0,0.09,0.07
III,Bulacan,San Miguel,2024-11-11,23.7,33.4,78.5,0.0,24.2,204.5,Seedling,0,0.08,0.09
III,Bulacan,San Miguel,2024-11-12,24.5,32.1,79.1,0.0,24.1,217.9,Seedling,0,0.16,0.06
III,Bulacan,San Miguel,2024-11-13,23.6,32.7,77.8,0.0,23.7,202.9,Seedling,0,0.16,0.08
III,Bulacan,San Miguel,2024-11-14,23.5,31.9,78.5,5.9,23.4,197.3,Seedling,0,0.12,0.0
III,Bulacan,San Miguel,2024-11-15,23.7,31.7,74.8,0.0,22.7,209.1,Seedling,0,0.0,0.11
III,Bulacan,San Miguel,2024-11-16,24.3,32.2,73.3,1.0,22.9,199.2,Seedling,0,0.03,0.02
III,Bulacan,San Miguel,2024-11-17,24.8,32.1,74.4,0.0,23.3,208.9,Seedling,1,0.0,0.02
III,Bulacan,San Miguel,2024-11-18,25.1,31.0,74.6,0.0,23.0,215.6,Seedling,0,0.0,0.0
III,Bulacan,San Miguel,2024-11-19,25.1,33.1,76.4,0.0,24.4,229.6,Seedling,0,0.05,0.0
III,Bulacan,San Miguel,2024-11-20,23.7,31.5,75.0,0.0,22.6,197.1,Seedling,0,0.29,0.03
III,Bulacan,San Miguel,2024-11-21,23.8,32.2,78.6,0.0,23.7,209.5,Seedling,0,0.19,0.05
III,Bulacan,San Miguel,2024-11-22,23.3,30.2,78.8,25.3,22.5,174.5,Seedling,0,0.01,0.04
III,Bulacan,San Miguel,2024-11-23,23.8,33.1,75.8,0.0,23.6,191.8,Seedling,0,0.08,0.08
III,Bulacan,San Miguel,2024-11-24,23.5,32.0,79.0,17.7,23.6,189.1,Seedling,0,0.18,0.0
III,Bulacan,San Miguel,2024-11-25,23.6,32.5,78.2,5.9,23.7,202.5,Seedling,0,0.25,0.15
III,Bulacan,San Miguel,2024-11-26,25.1,32.2,74.9,0.0,23.6,221.2,Seedling,0,0.15,0.1
III,Bulacan,San Miguel,2024-11-27,24.9,30.0,74.1,0.0,22.3,217.1,Seedling,0,0.12,0.0
III,Bulacan,San Miguel,2024-11-28,24.1,30.3,76.3,0.0,22.5,214.9,Seedling,0,0.91,0.01
III,Bulacan,San Miguel,2024-11-29,23.5,31.4,73.8,0.0,22.2,210.3,Seedling,2,0.0,0.21
III,Bulacan,San Miguel,2024-11-30,23.2,30.6,78.6,19.5,22.6,192.2,Seedling,2,0.6,0.05
III,Bulacan,San Miguel,2024-12-01,23.9,31.9,76.8,0.0,23.3,233.1,Seedling,0,1.06,0.04
III,Bulacan,San Miguel,2024-12-02,24.6,31.9,76.6,0.0,23.6,209.8,Seedling,1,1.25,0.14
III,Bulacan,San Miguel,2024-12-03,24.6,31.6,77.8,0.0,23.7,215.9,Seedling,0,1.55,0.0
III,Bulacan,San Miguel,2024-12-04,24.3,32.8,79.0,0.0,24.3,203.9,Seedling,2,0.57,0.11
III,Bulacan,San Miguel,2024-12-05,24.9,33.0,77.5,0.0,24.4,212.0,Seedling,2,0.0,0.01
III,Bulacan,San Miguel,2024-12-06,24.6,32.4,80.4,11.2,24.6,211.6,Seedling,1,0.09,0.04
III,Bulacan,San Miguel,2024-12-07,24.9,31.7,75.5,0.0,23.4,219.3,Seedling,2,0.43,0.0
III,Bulacan,San Miguel,2024-12-08,24.9,32.3,76.6,0.0,23.9,195.6,Seedling,0,0.52,0.11
III,Bulacan,San Miguel,2024-12-09,25.0,31.4,76.6,0.0,23.5,205.96666666666667,Seedling,1,0.06,0.2
III,Bulacan,San Miguel,2024-12-10,24.3,31.7,77.1,0.0,23.4,216.33333333333331,Seedling,1,0.02,0.02
III,Bulacan,San Miguel,2024-12-11,24.6,30.6,77.14999999999999,0.0,22.9,226.7,Seedling,0,1.17,0.06
III,Bulacan,San Miguel,2024-12-12,26.0,31.7,77.2,0.0,23.9,231.0,Seedling,0,0.41,0.0
III,Bulacan,San Miguel,2024-12-13,25.5,33.0,77.25,0.0,24.2,227.5,Tillering,2,0.0,0.02
III,Bulacan,San Miguel,2024-12-14,25.5,32.7,77.3,0.0,24.3,224.7,Tillering,2,0.0,0.0
III,Bulacan,San Miguel,2024-12-15,24.7,33.1,77.35000000000001,0.0,24.5,201.5,Tillering,1,0.66,0.05
III,Bulacan,San Miguel,2024-12-16,24.3,32.3,77.4,14.4,23.8,201.0,Tillering,2,0.19,0.05
III,Bulacan,San Miguel,2024-12-17,24.3,31.1,79.1,26.2,23.5,186.9,Tillering,4,0.21,0.08
III,Bulacan,San Miguel,2024-12-18,23.9,33.4,73.9,0.0,23.4,217.7,Tillering,1,0.45,0.04
III,Bulacan,San Miguel,2024-12-19,24.3,33.1,73.2,0.0,23.3,193.5,Tillering,2,0.2,0.05
III,Bulacan,San Miguel,2024-12-20,23.4,33.1,73.8,0.0,23.0,199.2,Tillering,3,0.84,0.04
III,Bulacan,San Miguel,2024-12-21,22.5,33.0,73.9,0.0,22.5,202.73999999999998,Tillering,1,1.33,0.23
III,Bulacan,San Miguel,2024-12-22,22.9,31.2,73.2,0.0,21.7,206.28,Tillering,5,0.57,0.0
III,Bulacan,San Miguel,2024-12-23,23.4,28.8,78.5,31.7,21.8,209.82,Tillering,2,0.46,0.02
III,Bulacan,San Miguel,2024-12-24,22.9,29.7,72.5,0.0,20.8,213.36,Tillering,2,0.0,0.0
III,Bulacan,San Miguel,2024-12-25,22.5,31.3,70.4,0.0,21.0,216.9,Tillering,2,0.83,0.04
III,Bulacan,San Miguel,2024-12-26,22.2,31.4,75.5,0.0,21.9,221.0,Tillering,1,0.71,0.0
III,Bulacan,San Miguel,2024-12-27,22.2,30.5,72.0,0.0,20.8,214.5,Tillering,0,0.24,0.02
III,Bulacan,San Miguel,2024-12-28,21.8,30.7,71.5,0.0,20.6,208.9,Tillering,4,0.21,0.15
III,Bulacan,San Miguel,2024-12-29,21.7,30.3,76.3,9.1,21.3,205.8,Tillering,0,0.09,0.27
III,Bulacan,San Miguel,2024-12-30,21.2,31.7,74.7,10.6,21.4,208.9,Tillering,1,0.65,0.0
III,Bulacan,San Miguel,2024-12-31,21.4,31.7,72.5,0.0,21.0,217.6,Tillering,1,0.0,0.16
III,Nueva Ecija,Science City of Muñoz,2019-01-01,22.5,33.2,72.4,3.5,22.3,226.8,Tillering,3,0.55,0.07
III,Nueva Ecija,Science City of Muñoz,2019-01-02,21.9,35.5,68.5,0.0,22.4,216.8,Tillering,1,0.0,0.01
III,Nueva Ecija,Science City of Muñoz,2019-01-03,21.4,34.6,69.0,0.0,21.8,251.8,Tillering,1,1.18,0.0
III,Nueva Ecija,Science City of Muñoz,2019-01-04,21.0,32.4,71.5,14.2,21.0,221.7,Tillering,0,0.55,0.0
III,Nueva Ecija,Science City of Muñoz,2019-01-05,21.2,32.8,68.0,0.0,20.6,236.0,Tillering,1,0.89,0.0
III,Nueva Ecija,Science City of Muñoz,2019-01-06,20.3,33.7,69.7,0.0,20.9,238.0,Tillering,2,0.06,0.13
III,Nueva Ecija,Science City of Muñoz,2019-01-07,20.9,34.4,69.8,0.0,21.6,224.0,Tillering,1,0.0,0.21
III,Nueva Ecija,Science City of Muñoz,2019-01-08,21.3,33.1,68.8,0.0,21.0,222.0,Tillering,3,1.27,0.09
III,Nueva Ecija,Science City of Muñoz,2019-01-09,20.7,33.4,70.0,1.4,21.0,235.1,Tillering,1,0.0,0.07833333333333334
III,Nueva Ecija,Science City of Muñoz,2019-01-10,21.0,32.6,66.3,0.0,20.1,217.1,Tillering,4,0.39,0.06666666666666667
III,Nueva Ecija,Science City of Muñoz,2019-01-11,22.2,31.8,62.3,0.0,19.5,233.6,Tillering,1,0.05,0.055
III,Nueva Ecija,Science City of Muñoz,2019-01-12,21.9,29.6,61.9,0.0,18.1,208.3,Tillering,0,0.84,0.043333333333333335
III,Nueva Ecija,Science City of Muñoz,2019-01-13,22.0,31.0,62.1,0.0,18.9,237.6,Tillering,5,0.0,0.03166666666666667
III,Nueva Ecija,Science City of Muñoz,2019-01-14,22.5,30.9,68.5,3.4,20.4,241.0,Tillering,1,0.0,0.02
III,Nueva Ecija,Science City of Muñoz,2019-01-15,22.3,30.8,65.4,0.0,19.6,248.3,Tillering,1,0.14,0.09
III,Nueva Ecija,Science City of Muñoz,2019-01-16,22.2,29.3,69.6,7.6,19.7,222.5,Tillering,5,0.65,0.11
III,Nueva Ecija,Science City of Muñoz,2019-01-17,21.6,30.0,69.3,0.0,19.7,218.6,Tillering,5,0.0,0.0
III,Nueva Ecija,Science City of Muñoz,2019-01-18,22.8,31.6,69.9,0.0,21.2,243.7,Tillering,2,0.0,0.07
III,Nueva Ecija,Science City of Muñoz,2019-01-19,22.6,32.2,71.0,0.0,21.6,243.8,Tillering,0,0.07,0.05
III,Nueva Ecija,Science City of Muñoz,2019-01-20,21.6,32.2,73.4,1.7,21.6,226.0,Elongation,1,1.15,0.052500000000000005
III,Nueva Ecija,Science City of Muñoz,2019-01-21,22.5,32.8,70.3,0.0,21.7,249.1,Elongation,2,1.16,0.055
III,Nueva Ecija,Science City of Muñoz,2019-01-22,22.4,33.2,69.5,0.0,21.7,244.8,Elongation,1,0.66,0.057499999999999996
III,Nueva Ecija,Science City of Muñoz,2019-01-23,23.1,33.1,68.8,0.0,21.9,241.5,Elongation,0,0.69,0.06
III,Nueva Ecija,Science City of Muñoz,2019-01-24,22.2,30.6,70.0,21.0,20.4,206.7,Elongation,0,0.56,0.18
III,Nueva Ecija,Science City of Muñoz,2019-01-25,23.4,31.6,68.6,0.0,21.2,250.1,Elongation,2,0.36,0.08
III,Nueva Ecija,Science City of Muñoz,2019-01-26,22.9,32.2,63.7,0.0,20.3,246.8,Elongation,2,0.52,0.15
III,Nueva Ecija,Science City of Muñoz,2019-01-27,22.4,31.4,61.7,0.0,19.2,235.0,Elongation,2,0.47,0.11
III,Nueva Ecija,Science City of Muñoz,2019-01-28,22.6,33.0,63.3,0.0,20.5,229.1,Elongation,4,0.36,0.1
III,Nueva Ecija,Science City of Muñoz,2019-01-29,21.7,33.6,66.7,0.0,21.0,243.4,Elongation,0,0.91,0.16
III,Nueva Ecija,Science City of Muñoz,2019-01-30,21.5,33.2,64.3,0.0,20.2,231.0,Elongation,2,1.0483333333333333,0.17
III,Nueva Ecija,Science City of Muñoz,2019-01-31,21.5,32.6,69.2,3.2,20.9,242.9,Elongation,1,1.1866666666666668,0.07
III,Nueva Ecija,Science City of Muñoz,2019-02-01,21.56,32.9,70.2,0.0,21.0,240.5,Elongation,3,1.3250000000000002,0.09
III,Nueva Ecija,Science City of Muñoz,2019-02-02,21.62,33.3,72.1,0.0,22.0,232.6,Elongation,1,1.4633333333333334,0.0
III,Nueva Ecija,Science City of Muñoz,2019-02-03,21.68,31.9,68.3,0.0,20.2,244.5,Elongation,2,1.6016666666666666,0.06
III,Nueva Ecija,Science City of Muñoz,2019-02-04,21.740000000000002,33.9,65.8,0.0,20.4,243.8,Elongation,2,1.74,0.0
III,Nueva Ecija,Science City of Muñoz,2019-02-05,21.8,32.9,66.2,0.0,20.6,239.8,Elongation,2,0.75,0.01
III,Nueva Ecija,Science City of Muñoz,2019-02-06,22.7,32.1,66.4,0.0,20.7,243.6,Elongation,2,1.58,0.0
III,Nueva Ecija,Science City of Muñoz,2019-02-07,21.8,31.9,65.9,0.6,20.0,234.1,Elongation,2,0.69,0.15
III,Nueva Ecija,Science City of Muñoz,2019-02-08,22.5,33.3,65.3,0.0,21.0,243.9,Elongation,0,2.26,0.17
III,Nueva Ecija,Science City of Muñoz,2019-02-09,23.5,32.9,66.3,0.0,21.5,239.2,Panicle,0,0.1,3.11
III,Nueva Ecija,Science City of Muñoz,2019-02-10,22.9,32.2,64.7,0.0,20.5,228.8,Panicle,2,0.15,2.98
III,Nueva Ecija,Science City of Muñoz,2019-02-11,22.7,33.0,67.8,1.5,21.4,236.8,Panicle,0,0.0,3.15
III,Nueva Ecija,Science City of Muñoz,2019-02-12,22.6,32.0,65.7,0.0,20.4,235.0,Panicle,0,0.2,4.68
III,Nueva Ecija,Science City of Muñoz,2019-02-13,23.0,32.9,65.5,0.0,21.0,244.4,Panicle,0,0.08,2.18
III,Nueva Ecija,Science City of Muñoz,2019-02-14,22.2,32.525,65.5,0.0,21.7,247.3,Panicle,2,0.13,4.19
III,Nueva Ecija,Science City of Muñoz,2019-02-15,22.0,32.15,67.4,0.0,22.0,240.9,Panicle,0,0.04,5.3
III,Nueva Ecija,Science City of Muñoz,2019-02-16,22.6,31.775,71.1,0.0,21.8,242.3,Panicle,0,0.14,3.07
III,Nueva Ecija,Science City of Muñoz,2019-02-17,22.1,31.4,68.6,0.0,20.5,266.7,Panicle,1,0.05,3.71
III,Nueva Ecija,Science City of Muñoz,2019-02-18,21.7,31.8,67.9,0.0,20.3,252.8,Panicle,0,0.06,3.89
III,Nueva Ecija,Science City of Muñoz,2019-02-19,21.8,30.8,65.5,0.0,19.4,248.2,Panicle,0,0.0,1.35
III,Nueva Ecija,Science City of Muñoz,2019-02-20,22.6,31.3,71.1,9.9,21.2,229.6,Panicle,2,0.04,1.71
III,Nueva Ecija,Science City of Muñoz,2019-02-21,22.4,30.8,65.7,0.0,19.7,232.9,Panicle,0,0.11,0.52
III,Nueva Ecija,Science City of Muñoz,2019-02-22,22.7,30.3,67.2,3.3,19.9,242.6,Panicle,2,0.0,1.25
III,Nueva Ecija,Science City of Muñoz,2019-02-23,22.3,30.6,61.5,0.0,18.8,240.6,Panicle,0,0.03,0.3
III,Nueva Ecija,Science City of Muñoz,2019-02-24,22.6,31.0,62.7,0.0,19.3,252.4,Flowering,1,0.23,0.53
III,Nueva Ecija,Science City of Muñoz,2019-02-25,21.8,30.7,64.0,0.0,19.0,235.3,Flowering,1,0.1,0.77
III,Nueva Ecija,Science City of Muñoz,2019-02-26,20.8,32.9,65.5,0.0,20.0,235.7,Flowering,2,0.1,1.52
III,Nueva Ecija,Science City of Muñoz,2019-02-27,21.5,32.6,68.0,0.0,20.6,240.4,Flowering,1,0.06,0.0
III,Nueva Ecija,Science City of Muñoz,2019-02-28,22.9,33.225,68.9,0.0,21.6,248.2,Flowering,0,0.02,0.91
III,Nueva Ecija,Science City of Muñoz,2019-03-01,22.2,33.85,62.6,0.0,20.7,242.1,Flowering,0,0.06,0.48
III,Nueva Ecija,Science City of Muñoz,2019-03-02,22.1,34.475,62.6,0.0,20.8,242.1,Flowering,2,0.02,0.13
III,Nueva Ecija,Science City of Muñoz,2019-03-03,22.2,35.1,62.0,0.0,21.0,245.8,Flowering,0,0.08,1.08
III,Nueva Ecija,Science City of Muñoz,2019-03-04,21.7,34.2,61.0,0.0,20.2,249.6,Flowering,1,0.14,0.09
III,Nueva Ecija,Science City of Muñoz,2019-03-05,21.0,33.3,61.6,0.0,19.5,245.0,Flowering,0,0.12,0.92
III,Nueva Ecija,Science City of Muñoz,2019-03-06,20.6,32.8,64.5,0.0,19.6,240.1,Flowering,1,0.08,0.83
III,Nueva Ecija,Science City of Muñoz,2019-03-07,21.0,32.4,67.2,0.0,20.1,245.3,Flowering,0,0.12,2.4
III,Nueva Ecija,Science City of Muñoz,2019-03-08,21.1,32.7,67.8,0.0,20.5,235.8,Flowering,1,0.2,1.74
III,Nueva Ecija,Science City of Muñoz,2019-03-09,21.4,33.3,71.3,0.0,21.6,236.92000000000002,Flowering,1,0.02,2.32
III,Nueva Ecija,Science City of Muñoz,2019-03-10,21.2,32.5,66.5,0.0,20.2,238.04000000000002,Flowering,2,0.25,3.55
III,Nueva Ecija,Science City of Muñoz,2019-03-11,21.4,32.6,65.0,0.0,20.0,239.16,Ripening,1,0.09,3.5475
III,Nueva Ecija,Science City of Muñoz,2019-03-12,22.1,33.5,71.6,1.1,22.1,240.28,Ripening,0,0.18,3.545
III,Nueva Ecija,Science City of Muñoz,2019-03-13,22.0,33.1,65.9,0.0,20.7,241.4,Ripening,0,0.05,3.5425
III,Nueva Ecija,Science City of Muñoz,2019-03-14,22.8,33.0,68.6,0.0,21.6,247.9,Ripening,0,0.06,3.54
III,Nueva Ecija,Science City of Muñoz,2019-03-15,23.0,33.0,70.1,0.0,22.0,222.7,Ripening,0,0.0,5.01
III,Nueva Ecija,Science City of Muñoz,2019-03-16,22.6,34.0,68.9,0.0,22.1,245.9,Ripening,0,0.15,4.09
III,Nueva Ecija,Science City of Muñoz,2019-03-17,22.6,33.6,69.4,0.0,22.0,248.8,Ripening,1,0.18,3.54
III,Nueva Ecija,Science City of Muñoz,2019-03-18,22.8,33.2,68.0,0.0,21.6,232.1,Ripening,1,0.1,2.83
III,Nueva Ecija,Science City of Muñoz,2019-03-19,23.2,35.1,69.1,0.0,23.0,238.625,Ripening,2,0.11,2.04
III,Nueva Ecija,Science City of Muñoz,2019-03-20,22.85,34.3,70.9,0.0,22.5,245.14999999999998,Ripening,3,0.0,2.02
III,Nueva Ecija,Science City of Muñoz,2019-03-21,22.5,32.9,66.3,0.0,21.0,251.67499999999998,Ripening,5,0.14,3.53
III,Nueva Ecija,Science City of Muñoz,2019-03-22,22.15,33.1,66.4,0.0,20.9,258.2,Ripening,6,0.08,4.45
III,Nueva Ecija,Science City of Muñoz,2019-03-23,21.8,33.3,65.8,0.5,20.7,240.3,Ripening,7,0.04,2.7
III,Nueva Ecija,Science City of Muñoz,2019-03-24,22.7,33.4,62.9,0.0,20.6,237.0,Ripening,4,0.03,2.88
III,Nueva Ecija,Science City of Muñoz,2019-03-25,21.9,33.0,66.0,0.0,20.6,229.6,Ripening,3,0.02,2.98
III,Nueva Ecija,Science City of Muñoz,2019-03-26,21.9,32.5,63.3,0.0,19.9,230.7,Ripening,1,0.07,3.57
III,Nueva Ecija,Science City of Muñoz,2019-03-27,22.2,32.0,63.2,0.0,19.7,241.5,Ripening,1,0.04,3.83
III,Nueva Ecija,Science City of Muñoz,2019-03-28,22.9,31.6,66.3,0.0,20.5,235.0,Ripening,0,0.08,0.85
III,Nueva Ecija,Science City of Muñoz,2019-03-29,21.9,32.7,72.1,7.5,21.7,238.7,Ripening,3,0.03,0.8049999999999999
III,Nueva Ecija,Science City of Muñoz,2019-03-30,21.0,32.4,68.9,0.0,20.5,246.6,Ripening,0,0.06,0.76
III,Nueva Ecija,Science City of Muñoz,2019-03-31,20.8,31.5,67.0,0.0,19.5,238.1,Ripening,1,0.07,0.7150000000000001
III,Nueva Ecija,Science City of Muñoz,2019-04-01,21.1,32.2,63.5,0.0,19.4,249.5,Ripening,0,0.13,0.67
III,Nueva Ecija,Science City of Muñoz,2019-04-02,21.9,31.5,66.4,0.0,20.0,228.6,Ripening,0,0.05,0.5
III,Nueva Ecija,Science City of Muñoz,2019-04-03,21.9,31.0,68.1,5.2,20.1,222.5,Ripening,0,0.0,1.1
III,Nueva Ecija,Science City of Muñoz,2019-04-04,22.3,30.9,65.4,0.0,19.7,242.3,Ripening,2,0.03,0.0
III,Nueva Ecija,Science City of Muñoz,2019-04-05,23.2,31.6,65.8,0.0,20.6,251.3,Ripening,1,0.05,0.17
III,Nueva Ecija,Science City of Muñoz,2019-04-06,23.7,32.2,68.2,0.0,21.6,235.0,Ripening,0,0.11,0.06
III,Nueva Ecija,Science City of Muñoz,2019-04-07,23.5,33.1,66.1,0.0,21.5,221.0,Ripening,0,0.13,0.06
III,Nueva Ecija,Science City of Muñoz,2019-04-08,23.9,33.8,69.3,0.0,22.7,236.7,Ripening,0,0.27,0.16
III,Nueva Ecija,Science City of Muñoz,2019-04-09,23.1,32.6,70.7,0.0,22.0,214.3,Ripening,0,0.09,0.18
III,Nueva Ecija,Science City of Muñoz,2019-04-10,23.1,33.4,64.7,0.0,21.2,247.6,Ripening,0,0.01,0.0
III,Nueva Ecija,Science City of Muñoz,2019-04-11,21.7,32.1,70.7,0.0,21.0,233.3,Ripening,0,0.0,0.05
III,Nueva Ecija,Science City of Muñoz,2019-04-12,20.7,33.6,68.8,0.0,20.9,235.2,Ripening,0,0.14,0.0
III,Nueva Ecija,Science City of Muñoz,2019-04-13,20.9,33.4,66.0,0.0,20.3,234.3,Ripening,0,0.08,0.11
III,Nueva Ecija,Science City of Muñoz,2019-04-14,20.6,33.5,68.3,0.0,20.7,231.3,Ripening,0,0.01,0.04
III,Nueva Ecija,Science City of Muñoz,2019-04-15,21.2,34.3,68.1,0.0,21.4,222.7,Ripening,0,0.15,0.14
III,Nueva Ecija,Science City of Muñoz,2019-04-16,21.1,35.0,74.4,1.8,22.9,243.0,Ripening,0,0.18,0.09
III,Nueva Ecija,Science City of Muñoz,2019-04-17,21.0,35.9,68.4,0.0,22.1,242.0,Ripening,0,0.15,0.09
III,Nueva Ecija,Science City of Muñoz,2019-04-18,20.5,35.3,67.2,0.0,21.3,232.1,Ripening,0,0.07,0.21
III,Nueva Ecija,Science City of Muñoz,2019-04-19,21.1,33.9,67.3,0.0,21.0,228.8,Ripening,0,0.18,0.0
III,Nueva Ecija,Science City of Muñoz,2019-04-20,20.5,32.0,71.7,8.4,20.6,218.9,Ripening,0,0.2,0.03
III,Nueva Ecija,Science City of Muñoz,2019-04-21,21.5,31.9,65.3,0.0,19.8,243.6,Ripening,1,0.08,0.04
III,Nueva Ecija,Science City of Muñoz,2019-04-22,21.1,30.7,74.5,4.9,20.8,229.6,Ripening,0,0.06,0.08
III,Nueva Ecija,Science City of Muñoz,2019-04-23,21.6,32.4,68.1,0.0,20.6,235.5,Ripening,0,0.04,0.11
III,Nueva Ecija,Science City of Muñoz,2019-04-24,21.9,32.0,69.7,0.0,20.9,232.8,Ripening,0,0.0,0.02
III,Nueva Ecija,Science City of Muñoz,2019-04-25,20.6,32.6,70.0,0.0,20.6,224.3,Ripening,0,0.16,0.04
III,Nueva Ecija,Science City of Muñoz,2019-04-26,20.5,31.5,73.2,0.0,20.6,239.3,Ripening,0,0.13,0.01
III,Nueva Ecija,Science City of Muñoz,2019-04-27,20.0,31.7,68.9,0.0,19.6,238.4,Ripening,0,0.04,0.15
III,Nueva Ecija,Science City of Muñoz,2019-04-28,20.2,31.9,70.7,0.0,20.2,245.0,Ripening,0,0.05,0.08
III,Nueva Ecija,Science City of Muñoz,2019-04-29,21.7,31.3,71.9,5.9,20.9,237.4,Ripening,0,0.16,0.0
III,Nueva Ecija,Science City of Muñoz,2019-04-30,22.0,33.0,67.1,0.0,20.9,242.2,Ripening,0,0.06,0.04
III,Nueva Ecija,Science City of Muñoz,2019-05-01,21.9,33.0,65.7,0.0,20.6,241.6,Ripening,0,0.0,0.03
III,Nueva Ecija,Science City of Muñoz,2019-05-02,22.9,32.5,64.8,0.0,20.7,238.4,Seedling,0,0.09,0.03
III,Nueva Ecija,Science City of Muñoz,2019-05-03,23.4,33.5,69.4,0.0,22.3,224.2,Seedling,0,0.03,0.12
III,Nueva Ecija,Science City of Muñoz,2019-05-04,22.7,32.9,75.2,6.8,22.8,221.7,Seedling,0,0.1,0.0
III,Nueva Ecija,Science City of Muñoz,2019-05-05,23.0,33.8,73.4,0.0,23.1,245.0,Seedling,0,0.21,0.13
III,Nueva Ecija,Science City of Muñoz,2019-05-06,22.4,34.5,72.1,0.0,22.9,220.6,Seedling,0,0.14,0.12
III,Nueva Ecija,Science City of Muñoz,2019-05-07,21.9,33.4,73.4,0.0,22.3,235.9,Seedling,0,0.15,0.12
III,Nueva Ecija,Science City of Muñoz,2019-05-08,21.7,35.2,75.3,0.0,23.5,229.5,Seedling,0,0.01,0.19
III,Nueva Ecija,Science City of Muñoz,2019-05-09,22.1,34.0,74.9,0.0,23.3,238.6,Seedling,0,0.03,0.14
III,Nueva Ecija,Science City of Muñoz,2019-05-10,22.1,34.5,78.4,0.0,23.099999999999998,233.2,Seedling,0,0.15,0.1
III,Nueva Ecija,Science City of Muñoz,2019-05-11,21.6,34.5,74.2,0.0,22.9,223.2,Seedling,0,0.17,0.0
III,Nueva Ecija,Science City of Muñoz,2019-05-12,21.6,33.9,73.4,0.0,22.4,233.6,Seedling,0,0.17,0.0
III,Nueva Ecija,Science City of Muñoz,2019-05-13,21.1,33.1,73.6,0.0,21.8,229.8,Seedling,0,0.03,0.1
III,Nueva Ecija,Science City of Muñoz,2019-05-14,20.7,33.2,79.1,26.7,22.8,233.16666666666669,Seedling,0,0.05,0.0
III,Nueva Ecija,Science City of Muñoz,2019-05-15,21.1,32.9,81.0,5.6,23.2,236.53333333333333,Seedling,1,0.0,0.15
III,Nueva Ecija,Science City of Muñoz,2019-05-16,21.0,34.7,76.8,0.0,23.2,239.9,Seedling,1,0.0,0.21
III,Nueva Ecija,Science City of Muñoz,2019-05-17,22.0,34.4,74.8,0.0,23.2,239.9,Seedling,0,0.12,0.25
III,Nueva Ecija,Science City of Muñoz,2019-05-18,22.1,32.8,73.0,0.0,22.0,222.8,Seedling,0,0.09,0.14
III,Nueva Ecija,Science City of Muñoz,2019-05-19,22.4,32.8,70.4,0.0,21.7,218.1,Seedling,0,0.06,0.09
III,Nueva Ecija,Science City of Muñoz,2019-05-20,21.7,32.6,71.2,0.0,21.4,224.8,Seedling,0,0.15,0.17
III,Nueva Ecija,Science City of Muñoz,2019-05-21,21.9,32.8,68.9,0.9,21.1,227.8,Seedling,0,0.33,0.09
III,Nueva Ecija,Science City of Muñoz,2019-05-22,21.1,32.2,74.6,1.8,21.6,221.4,Seedling,0,0.0,0.07
III,Nueva Ecija,Science City of Muñoz,2019-05-23,20.6,32.3,70.2,0.0,20.5,235.0,Seedling,0,0.02,0.12
III,Nueva Ecija,Science City of Muñoz,2019-05-24,21.6,32.6,69.2,0.0,20.9,230.6,Seedling,0,0.19,0.12
III,Nueva Ecija,Science City of Muñoz,2019-05-25,21.4,33.8,69.3,0.0,21.5,240.3,Seedling,0,0.23,0.0
III,Nueva Ecija,Science City of Muñoz,2019-05-26,21.5,35.0,69.2,0.0,22.1,233.7,Seedling,1,0.05,0.0
III,Nueva Ecija,Science City of Muñoz,2019-05-27,22.6,35.6,76.2,0.0,24.3,245.4,Seedling,0,0.03,0.08
III,Nueva Ecija,Science City of Muñoz,2019-05-28,21.8,35.2,76.4,0.0,23.8,221.5,Seedling,0,0.04,0.0
III,Nueva Ecija,Science City of Muñoz,2019-05-29,21.4,36.1,73.7,0.0,23.5,231.3,Seedling,0,0.08,0.13
III,Nueva Ecija,Science City of Muñoz,2019-05-30,21.0,35.5,77.6,4.0,23.8,222.6,Seedling,2,1.93,0.0
III,Nueva Ecija,Science City of Muñoz,2019-05-31,21.7,34.4,69.3,0.0,21.9,232.0,Seedling,8,1.92,0.07
III,Nueva Ecija,Science City of Muñoz,2019-06-01,21.2,32.7,73.8,15.6,21.7,209.6,Seedling,2,1.43,0.14
III,Nueva Ecija,Science City of Muñoz,2019-06-02,21.6,33.0,70.6,0.0,21.4,229.0,Seedling,4,2.51,0.21
III,Nueva Ecija,Science City of Muñoz,2019-06-03,21.8,33.7,69.3,0.0,21.6,228.5,Seedling,6,2.19,0.0
III,Nueva Ecija,Science City of Muñoz,2019-06-04,22.2,32.8,72.0,0.9,21.9,225.8,Seedling,2,2.37,0.0
III,Nueva Ecija,Science City of Muñoz,2019-06-05,22.4,30.7,74.9,17.6,21.5,208.8,Seedling,10,0.73,0.12
III,Nueva Ecija,Science City of Muñoz,2019-06-06,23.0,32.6,75.0,5.4,22.8,216.3,Seedling,3,2.05,0.26
III,Nueva Ecija,Science City of Muñoz,2019-06-07,23.6,32.8,76.6,7.3,23.5,226.9,Seedling,7,2.44,0.02
III,Nueva Ecija,Science City of Muñoz,2019-06-08,23.0,32.6,72.1,0.0,22.2,226.8,Seedling,9,1.34,0.22
III,Nueva Ecija,Science City of Muñoz,2019-06-09,21.7,33.4,79.9,9.4,23.5,226.7,Seedling,8,1.02,0.11
III,Nueva Ecija,Science City of Muñoz,2019-06-10,21.7,34.6,78.9,9.5,23.9,206.9,Seedling,13,1.39,0.0
III,Nueva Ecija,Science City of Muñoz,2019-06-11,22.8,33.7,72.8,4.75,22.8,224.4,Seedling,6,1.42,0.16
III,Nueva Ecija,Science City of Muñoz,2019-06-12,23.0,33.2,73.1,0.0,22.7,224.1,Seedling,8,0.0,0.04
III,Nueva Ecija,Science City of Muñoz,2019-06-13,22.6,34.4,71.3,0.0,22.8,219.5,Seedling,2,0.07,0.0
III,Nueva Ecija,Science City of Muñoz,2019-06-14,22.6,32.5,72.7,0.0,22.1,217.3,Tillering,13,0.42,0.07
III,Nueva Ecija,Science City of Muñoz,2019-06-15,23.5,33.2,74.3,0.0,23.2,223.3,Tillering,4,1.22,0.01
III,Nueva Ecija,Science City of Muñoz,2019-06-16,23.1,32.7,75.0,0.0,22.9,233.9,Tillering,14,1.59,0.15
III,Nueva Ecija,Science City of Muñoz,2019-06-17,22.8,33.1,73.3,0.0,22.6,218.5,Tillering,14,0.31,0.07
III,Nueva Ecija,Science City of Muñoz,2019-06-18,23.2,34.0,73.8,0.0,23.4,212.6,Tillering,18,1.05,0.2
III,Nueva Ecija,Science City of Muñoz,2019-06-19,23.5,34.1,73.2,0.0,23.4,224.0,Tillering,13,0.18,0.0
III,Nueva Ecija,Science City of Muñoz,2019-06-20,22.1,33.8,69.9,0.0,21.9,218.4,Tillering,9,1.39,0.2
III,Nueva Ecija,Science City of Muñoz,2019-06-21,21.7,34.1,71.5,0.0,22.2,238.1,Tillering,11,0.9,0.25
III,Nueva Ecija,Science City of Muñoz,2019-06-22,22.0,32.9,74.7,5.6,22.4,224.4,Tillering,3,0.0,0.0
III,Nueva Ecija,Science City of Muñoz,2019-06-23,21.6,34.1,69.4,0.0,21.7,215.8,Tillering,4,1.26,0.03
III,Nueva Ecija,Science City of Muñoz,2019-06-24,22.7,34.6,70.6,3.3,22.8,220.3,Tillering,0,0.8,0.12
III,Nueva Ecija,Science City of Muñoz,2019-06-25,22.3,33.2,71.8,2.4,22.1,220.4,Tillering,3,0.76,0.17
III,Nueva Ecija,Science City of Muñoz,2019-06-26,21.4,32.6,70.5,48.5,21.1,183.3,Tillering,5,1.18,0.1
III,Nueva Ecija,Science City of Muñoz,2019-06-27,22.7,32.68,68.0,0.0,22.4,234.2,Tillering,2,0.03,0.14
III,Nueva Ecija,Science City of Muñoz,2019-06-28,21.9,32.76,70.2,0.0,21.9,206.4,Tillering,2,0.0,0.02
III,Nueva Ecija,Science City of Muñoz,2019-06-29,22.3,32.84,69.5,0.0,22.333333333333332,217.8,Tillering,1,1.17,0.0
III,Nueva Ecija,Science City of Muñoz,2019-06-30,21.9,32.92,73.9,2.3,22.766666666666666,217.9,Tillering,0,0.54,0.14
III,Nueva Ecija,Science City of Muñoz,2019-07-01,22.2,33.0,77.8,6.2,23.2,213.8,Tillering,3,0.39,0.07
III,Nueva Ecija,Science City of Muñoz,2019-07-02,22.7,32.8,74.4,0.0,22.6,227.2,Tillering,1,0.79,0.11
III,Nueva Ecija,Science City of Muñoz,2019-07-03,22.3,33.5,78.7,0.0,23.6,222.2,Tillering,4,0.0,0.13
III,Nueva Ecija,Science City of Muñoz,2019-07-04,21.8,34.2,76.6,0.0,23.3,211.2,Tillering,2,0.17,0.18
III,Nueva Ecija,Science City of Muñoz,2019-07-05,22.0,35.1,80.3,4.5,24.6,218.1,Tillering,1,0.3,0.05
III,Nueva Ecija,Science City of Muñoz,2019-07-06,22.8,34.2,75.3,0.0,23.6,216.3,Tillering,3,0.78,0.0
III,Nueva Ecija,Science City of Muñoz,2019-07-07,22.6,33.1,77.4,8.7,23.3,192.7,Tillering,4,0.45,0.03
III,Nueva Ecija,Science City of Muñoz,2019-07-08,23.0,33.3,76.7,0.0,23.5,225.0,Tillering,2,0.04,0.0
III,Nueva Ecija,Science City of Muñoz,2019-07-09,23.8,33.7,77.3,0.0,24.2,205.5,Elongation,7,0.47,0.0
III,Nueva Ecija,Science City of Muñoz,2019-07-10,24.2,33.5,76.1,0.0,24.1,222.3,Elongation,10,0.84,0.0
III,Nueva Ecija,Science City of Muñoz,2019-07-11,24.1,33.0,81.9,4.7,24.9,224.2,Elongation,17,0.28,0.06
III,Nueva Ecija,Science City of Muñoz,2019-07-12,23.2,34.1,80.1,0.0,24.7,217.1,Elongation,29,0.73,0.03
III,Nueva Ecija,Science City of Muñoz,2019-07-13,23.1,33.3,79.0,0.0,24.0,214.4,Elongation,30,0.0,0.1
III,Nueva Ecija,Science City of Muñoz,2019-07-14,24.0,34.4,80.2,6.0,25.2,212.5,Elongation,34,1.26,0.19
III,Nueva Ecija,Science City of Muñoz,2019-07-15,24.025,34.9,76.4,26.5,24.2,196.4,Elongation,24,1.52,0.14
III,Nueva Ecija,Science City of Muñoz,2019-07-16,24.05,35.1,77.5,9.8,24.9,212.7,Elongation,42,1.79,0.06
III,Nueva Ecija,Science City of Muñoz,2019-07-17,24.075000000000003,34.7,75.5,4.2,24.2,201.1,Elongation,25,2.8,0.05
III,Nueva Ecija,Science City of Muñoz,2019-07-18,24.1,34.8,74.5,0.0,24.4,230.8,Elongation,31,2.63,0.09
III,Nueva Ecija,Science City of Muñoz,2019-07-19,24.5,33.8,77.7,5.8,24.7,215.9,Elongation,35,1.7,0.13
III,Nueva Ecija,Science City of Muñoz,2019-07-20,24.1,34.05,78.125,2.9,24.5,233.6,Elongation,30,2.6,0.10833333333333334
III,Nueva Ecija,Science City of Muñoz,2019-07-21,23.7,34.3,78.55000000000001,1.8,24.5,217.2,Elongation,37,2.16,0.08666666666666667
III,Nueva Ecija,Science City of Muñoz,2019-07-22,22.8,34.0,78.97500000000001,0.0,22.9,213.14,Elongation,26,1.94,0.065
III,Nueva Ecija,Science City of Muñoz,2019-07-23,21.4,32.9,79.4,20.2,23.0,209.07999999999998,Elongation,19,1.93,0.043333333333333335
III,Nueva Ecija,Science City of Muñoz,2019-07-24,21.5,32.9,82.1,11.6,23.6,205.02,Elongation,25,1.31,0.021666666666666667
III,Nueva Ecija,Science City of Muñoz,2019-07-25,22.1,32.9,76.3,3.5,22.8,200.96,Elongation,16,1.71,0.0
III,Nueva Ecija,Science City of Muñoz,2019-07-26,22.4,33.9,77.0,6.1,23.5,196.9,Elongation,19,1.7,0.08
III,Nueva Ecija,Science City of Muñoz,2019-07-27,22.5,34.1,78.1,1.8,23.9,231.0,Elongation,19,2.77,0.06
III,Nueva Ecija,Science City of Muñoz,2019-07-28,24.2,35.8,75.3,0.0,25.1,221.4,Elongation,9,3.16,0.12
III,Nueva Ecija,Science City of Muñoz,2019-07-29,23.3,34.2,78.4,15.4,24.4,196.6,Panicle,15,0.08,4.62
III,Nueva Ecija,Science City of Muñoz,2019-07-30,24.2,33.0,80.1,11.1,24.6,195.9,Panicle,11,0.22,3.04
III,Nueva Ecija,Science City of Muñoz,2019-07-31,24.2,33.7,81.8,8.6,25.3,214.4,Panicle,10,0.18,2.66
III,Nueva Ecija,Science City of Muñoz,2019-08-01,23.8,34.1,79.1,0.0,24.8,222.9,Panicle,18,0.13,1.65
III,Nueva Ecija,Science City of Muñoz,2019-08-02,23.0,33.0,78.4,0.0,23.7,207.9,Panicle,16,0.17,2.17
III,Nueva Ecija,Science City of Muñoz,2019-08-03,23.6,32.2,82.5,15.0,24.4,203.1,Panicle,11,0.02,1.04
III,Nueva Ecija,Science City of Muñoz,2019-08-04,23.3,32.7,73.8,0.0,22.8,213.2,Panicle,11,0.1,0.61
III,Nueva Ecija,Science City of Muñoz,2019-08-05,22.0,34.0,74.2,0.0,22.8,216.7,Panicle,15,0.19,0.0
III,Nueva Ecija,Science City of Muñoz,2019-08-06,21.9,33.7,72.9,12.4,22.4,204.9,Panicle,5,0.08,0.64
III,Nueva Ecija,Science City of Muñoz,2019-08-07,22.2,33.9,71.5,0.0,22.3,201.7,Panicle,13,0.18,0.92
III,Nueva Ecija,Science City of Muñoz,2019-08-08,22.3,33.0,73.1,0.0,22.3,218.2,Panicle,7,0.08,0.59
III,Nueva Ecija,Science City of Muñoz,2019-08-09,23.8,34.2,71.7,0.0,23.3,202.0,Panicle,6,0.15,0.96
III,Nueva Ecija,Science City of Muñoz,2019-08-10,23.9,33.3,70.0,0.0,22.6,204.7,Panicle,3,0.03,0.96
III,Nueva Ecija,Science City of Muñoz,2019-08-11,23.7,32.7,75.5,6.9,23.3,219.6,Panicle,3,0.13,0.67
III,Nueva Ecija,Science City of Muñoz,2019-08-12,23.3,32.2,73.5,0.0,22.4,215.1,Panicle,0,0.08,1.33
III,Nueva Ecija,Science City of Muñoz,2019-08-13,23.6,34.2,73.8,0.0,23.7,212.5,Flowering,0,0.07,0.55
III,Nueva Ecija,Science City of Muñoz,2019-08-14,23.0,34.2,78.1,6.7,24.2,213.8,Flowering,0,0.0,0.0
III,Nueva Ecija,Science City of Muñoz,2019-08-15,22.8,34.5,78.2,0.0,24.3,198.3,Flowering,2,0.21,0.91
III,Nueva Ecija,Science City of Muñoz,2019-08-16,22.1,32.6,75.9,0.0,22.5,225.4,Flowering,1,0.0,0.0
III,Nueva Ecija,Science City of Muñoz,2019-08-17,22.3,32.1,77.6,0.0,22.7,213.9,Flowering,0,0.2,0.0
III,Nueva Ecija,Science City of Muñoz,2019-08-18,21.9,32.5,81.1,12.6,23.4,193.7,Flowering,0,0.1,1.2
III,Nueva Ecija,Science City of Muñoz,2019-08-19,21.9,31.6,78.1,17.2,22.4,200.9,Flowering,1,0.02,1.29
III,Nueva Ecija,Science City of Muñoz,2019-08-20,22.2,31.6,73.6,0.0,21.6,206.9,Flowering,1,0.14,1.86
III,Nueva Ecija,Science City of Muñoz,2019-08-21,22.4,33.8,78.9,9.8,23.9,201.8,Flowering,0,0.05,0.95
III,Nueva Ecija,Science City of Muñoz,2019-08-22,23.1,34.4,78.6,3.1,24.5,206.1,Flowering,2,0.14,1.4
III,Nueva Ecija,Science City of Muñoz,2019-08-23,23.4,32.0,82.2,4.7,24.1,212.8,Flowering,3,0.07,0.0
III,Nueva Ecija,Science City of Muñoz,2019-08-24,23.6,32.9,78.4,0.0,23.9,215.8,Flowering,4,0.12,0.28
III,Nueva Ecija,Science City of Muñoz,2019-08-25,23.3,33.0,79.2,0.0,24.0,233.3,Flowering,2,0.07,0.0
III,Nueva Ecija,Science City of Muñoz,2019-08-26,22.7,31.6,84.5,13.0,24.0,203.0,Flowering,7,0.17,0.4
III,Nueva Ecija,Science City of Muñoz,2019-08-27,23.1,31.9,82.6,9.1,24.0,199.3,Ripening,3,0.09,0.0
III,Nueva Ecija,Science City of Muñoz,2019-08-28,24.0,34.1,79.4,0.0,24.9,215.8,Ripening,6,0.04,0.11
III,Nueva Ecija,Science City of Muñoz,2019-08-29,23.6,33.8,77.5,0.0,24.2,211.8,Ripening,2,0.0,0.32
III,Nueva Ecija,Science City of Muñoz,2019-08-30,23.5,33.7,78.0,0.0,23.9,217.7,Ripening,3,0.13,0.53
III,Nueva Ecija,Science City of Muñoz,2019-08-31,22.9,34.8,78.5,12.8,25.4,197.1,Ripening,7,0.22,0.18
III,Nueva Ecija,Science City of Muñoz,2019-09-01,22.2,35.7,79.0,0.0,24.8,214.6,Ripening,3,0.12,0.34
III,Nueva Ecija,Science City of Muñoz,2019-09-02,21.6,36.8,81.3,16.5,25.5,202.2,Ripening,10,0.03,0.88
III,Nueva Ecija,Science City of Muñoz,2019-09-03,21.8,35.0,84.4,30.9,25.3,192.0,Ripening,10,0.13,1.12
III,Nueva Ecija,Science City of Muñoz,2019-09-04,22.8,34.5,82.2,9.0,25.1,211.4,Ripening,7,0.08,0.5
III,Nueva Ecija,Science City of Muñoz,2019-09-05,23.0,33.5,80.55,0.0,23.9,215.6,Ripening,10,0.11,0.45
III,Nueva Ecija,Science City of Muñoz,2019-09-06,24.1,33.0,78.9,14.2,25.1,190.8,Ripening,5,0.05,1.76
III,Nueva Ecija,Science City of Muñoz,2019-09-07,24.6,32.6,77.25,0.0,23.8,205.3,Ripening,7,0.03,1.62
III,Nueva Ecija,Science City of Muñoz,2019-09-08,24.3,32.1,75.6,0.0,23.3,225.0,Ripening,6,0.05,0.8
III,Nueva Ecija,Science City of Muñoz,2019-09-09,24.3,33.333333333333336,73.3,0.0,23.6,213.0,Ripening,3,0.04,1.63
III,Nueva Ecija,Science City of Muñoz,2019-09-10,23.2,34.56666666666666,75.0,0.0,24.0,215.3,Ripening,6,0.02,2.3
III,Nueva Ecija,Science City of Muñoz,2019-09-11,23.1,35.8,79.4,1.1,25.3,203.1,Ripening,3,0.0,4.05
III,Nueva Ecija,Science City of Muñoz,2019-09-12,23.3,34.6,79.8,2.3,24.9,207.3,Ripening,1,0.0,3.71
III,Nueva Ecija,Science City of Muñoz,2019-09-13,23.4,35.0,73.7,1.0,23.9,216.1,Ripening,2,0.14,4.24
III,Nueva Ecija,Science City of Muñoz,2019-09-14,23.6,36.5,79.3,3.1,25.9,217.1,Ripening,1,0.14,3.62
III,Nueva Ecija,Science City of Muñoz,2019-09-15,23.2,35.5,76.1,0.0,24.6,209.0,Ripening,3,0.0,4.25
III,Nueva Ecija,Science City of Muñoz,2019-09-16,22.3,34.9,78.5,10.2,24.3,198.7,Ripening,1,0.02,4.75
III,Nueva Ecija,Science City of Muñoz,2019-09-17,22.6,34.0,78.8,3.8,24.1,216.6,Ripening,0,0.14,2.91
III,Nueva Ecija,Science City of Muñoz,2019-09-18,24.2,34.6,80.0,8.7,25.4,192.4,Ripening,0,0.19,3.14
III,Nueva Ecija,Science City of Muñoz,2019-09-19,23.3,35.0,79.1,4.4,25.0,217.2,Ripening,1,0.02,2.81
III,Nueva Ecija,Science City of Muñoz,2019-09-20,22.8,34.6,79.8,1.6,24.7,215.0,Ripening,0,0.07,3.57
III,Nueva Ecija,Science City of Muñoz,2019-09-21,21.7,31.5,79.9,28.8,22.6,184.9,Ripening,0,0.0,0.23
III,Nueva Ecija,Science City of Muñoz,2019-09-22,22.1,33.4,79.6,13.4,23.7,206.4,Ripening,0,0.21,0.06
III,Nueva Ecija,Science City of Muñoz,2019-09-23,21.1,32.5,81.3,50.6,23.1,167.7,Ripening,0,0.0,0.0
III,Nueva Ecija,Science City of Muñoz,2019-09-24,22.4,34.3,83.6,8.7,23.1,221.5,Ripening,1,0.02,0.05
III,Nueva Ecija,Science City of Muñoz,2019-09-25,23.1,34.3,76.4,0.0,23.1,233.3,Ripening,0,0.09,0.13
III,Nueva Ecija,Science City of Muñoz,2019-09-26,23.01666666666667,34.1,74.5,0.0,23.1,212.8,Ripening,0,0.05,0.08
III,Nueva Ecija,Science City of Muñoz,2019-09-27,22.933333333333334,34.5,72.3,0.0,23.1,207.2,Ripening,0,0.0,0.04
III,Nueva Ecija,Science City of Muñoz,2019-09-28,22.85,31.4,76.1,30.5,21.7,184.9,Ripening,0,0.13,0.24
III,Nueva Ecija,Science City of Muñoz,2019-09-29,22.76666666666667,34.3,77.7,5.1,23.7,210.6,Ripening,0,0.11,0.13
III,Nueva Ecija,Science City of Muñoz,2019-09-30,22.683333333333334,34.0,81.5,4.7,24.4,224.0,Ripening,0,0.1,0.14
III,Nueva Ecija,Science City of Muñoz,2019-10-01,22.6,32.8,74.8,0.0,22.7,212.3,Ripening,0,0.0,0.1
III,Nueva Ecija,Science City of Muñoz,2019-10-02,22.2,33.0,79.5,3.4,23.5,193.1,Ripening,1,0.21,0.12
III,Nueva Ecija,Science City of Muñoz,2019-10-03,21.9,32.9,76.3,15.8,22.7,203.6,Ripening,0,0.08,0.0
III,Nueva Ecija,Science City of Muñoz,2019-10-04,22.7,31.8,79.3,13.0,23.1,210.16666666666666,Ripening,0,0.13,0.12
III,Nueva Ecija,Science City of Muñoz,2019-10-05,22.6,33.5,72.1,0.2,22.5,216.73333333333335,Ripening,0,0.09,0.09
III,Nueva Ecija,Science City of Muñoz,2019-10-06,23.1,34.1,79.2,4.2,24.4,223.3,Ripening,0,0.11,0.04
III,Nueva Ecija,Science City of Muñoz,2019-10-07,22.7,33.4,75.6,1.8,23.2,197.8,Ripening,0,0.11,0.0
III,Nueva Ecija,Science City of Muñoz,2019-10-08,23.0,34.8,71.5,0.0,23.2,209.4,Ripening,0,0.0,0.03
III,Nueva Ecija,Science City of Muñoz,2019-10-09,22.3,33.9,79.4,17.9,24.0,208.8,Ripening,0,0.05,0.05
III,Nueva Ecija,Science City of Muñoz,2019-10-10,21.2,35.6,80.0,21.0,24.4,202.4,Ripening,0,0.05,0.03
III,Nueva Ecija,Science City of Muñoz,2019-10-11,21.2,33.2,79.0,118.0,23.0,164.6,Ripening,0,0.22,0.23
III,Nueva Ecija,Science City of Muñoz,2019-10-12,21.8,33.6,77.1,0.0,23.1,209.5,Ripening,0,0.0,0.11
III,Nueva Ecija,Science City of Muñoz,2019-10-13,20.7,33.1,81.5,32.1,23.2,184.0,Ripening,0,0.0,0.0
III,Nueva Ecija,Science City of Muñoz,2019-10-14,21.5,34.5,80.5,9.5,24.1,210.3,Ripening,0,0.02,0.13
III,Nueva Ecija,Science City of Muñoz,2019-10-15,22.3,34.9,79.0,7.6,24.4,210.6,Ripening,0,0.1,0.07
III,Nueva Ecija,Science City of Muñoz,2019-10-16,22.5,34.6,78.6,1.6,24.3,239.7,Ripening,0,0.04,0.16
III,Nueva Ecija,Science City of Muñoz,2019-10-17,22.1,31.3,76.1,59.5,24.025,166.3,Ripening,0,0.24,0.2
III,Nueva Ecija,Science City of Muñoz,2019-10-18,22.2,34.8,71.8,0.0,23.75,234.5,Ripening,0,0.16,0.01
III,Nueva Ecija,Science City of Muñoz,2019-10-19,21.8,35.1,70.1,0.0,23.475,217.4,Ripening,0,0.1,0.06
III,Nueva Ecija,Science City of Muñoz,2019-10-20,22.1,33.8,76.5,10.7,23.2,205.0,Ripening,0,0.14,0.15
III,Nueva Ecija,Science City of Muñoz,2019-10-21,22.7,34.3,70.0,0.0,22.5,217.3,Ripening,0,0.08,0.12
III,Nueva Ecija,Science City of Muñoz,2019-10-22,23.1,34.3,70.3,0.0,22.8,219.9,Ripening,0,0.0,0.07
III,Nueva Ecija,Science City of Muñoz,2019-10-23,23.8,32.9,75.0,6.3,22.8,209.7,Ripening,0,0.0,0.14
III,Nueva Ecija,Science City of Muñoz,2019-10-24,24.5,31.5,80.1,14.9,24.0,191.3,Ripening,0,0.18,0.17
III,Nueva Ecija,Science City of Muñoz,2019-10-25,24.0,31.6,79.1,9.4,23.6,197.1,Ripening,0,0.09,0.09
III,Nueva Ecija,Science City of Muñoz,2019-10-26,24.2,32.9,74.7,7.1,23.5,208.0,Ripening,0,0.1,0.0
III,Nueva Ecija,Science City of Muñoz,2019-10-27,24.5,34.4,73.0,0.0,24.0,213.3,Seedling,0,0.0,0.04
III,Nueva Ecija,Science City of Muñoz,2019-10-28,24.4,34.9,79.7,13.7,25.6,202.9,Seedling,0,0.04,0.16
III,Nueva Ecija,Science City of Muñoz,2019-10-29,23.5,36.1,83.6,1.3,26.5,227.9,Seedling,0,0.21,0.13
III,Nueva Ecija,Science City of Muñoz,2019-10-30,24.0,35.0,81.4,7.7,25.8,213.1,Seedling,0,0.14,0.13
III,Nueva Ecija,Science City of Muñoz,2019-10-31,23.3,35.3,82.2,17.4,25.7,216.7,Seedling,0,0.07,0.01
III,Nueva Ecija,Science City of Muñoz,2019-11-01,22.9,34.9,79.2,0.0,25.575,225.5,Seedling,0,0.1,0.14
III,Nueva Ecija,Science City of Muñoz,2019-11-02,23.1,34.3,81.9,7.4,25.45,218.7,Seedling,0,0.05,0.12
III,Nueva Ecija,Science City of Muñoz,2019-11-03,23.7,35.4,75.6,0.0,25.325,221.5,Seedling,0,0.03,0.09
III,Nueva Ecija,Science City of Muñoz,2019-11-04,25.0,36.2,73.2,0.4,25.2,228.3,Seedling,0,0.2,0.07
III,Nueva Ecija,Science City of Muñoz,2019-11-05,24.4,35.3,72.2,0.0,24.3,217.6,Seedling,0,0.04,0.03
III,Nueva Ecija,Science City of Muñoz,2019-11-06,24.9,35.7,72.8,0.0,24.9,212.5,Seedling,0,0.09,0.0
III,Nueva Ecija,Science City of Muñoz,2019-11-07,23.4,35.1,80.3,16.9,25.3,204.7,Seedling,0,0.04,0.0
III,Nueva Ecija,Science City of Muñoz,2019-11-08,22.7,34.1,82.0,11.1,24.8,221.5,Seedling,1,0.0,0.06
III,Nueva Ecija,Science City of Muñoz,2019-11-09,23.0,33.9,79.4,13.1,24.3,225.8,Seedling,0,0.09,0.0
III,Nueva Ecija,Science City of Muñoz,2019-11-10,22.3,34.3,79.3,14.0,24.2,202.0,Seedling,0,0.13,0.22
III,Nueva Ecija,Science City of Muñoz,2019-11-11,22.6,33.5,79.6,6.5,24.0,218.5,Seedling,0,0.0,0.05
III,Nueva Ecija,Science City of Muñoz,2019-11-12,21.5,33.9,76.7,7.8,23.0,210.4,Seedling,0,0.0,0.0
III,Nueva Ecija,Science City of Muñoz,2019-11-13,23.4,33.0,72.0,0.0,22.6,221.7,Seedling,0,0.17,0.0
III,Nueva Ecija,Science City of Muñoz,2019-11-14,23.5,34.0,72.6,0.0,23.3,228.9,Seedling,0,0.04,0.21
III,Nueva Ecija,Science City of Muñoz,2019-11-15,23.9,33.7,76.1,0.0,24.0,233.2,Seedling,0,0.15,0.02
III,Nueva Ecija,Science City of Muñoz,2019-11-16,23.5,34.8,76.1,0.0,24.4,222.8,Seedling,0,0.06,0.0
III,Nueva Ecija,Science City of Muñoz,2019-11-17,23.1,34.3,74.4,0.0,23.6,220.2,Seedling,1,0.0,0.07
III,Nueva Ecija,Science City of Muñoz,2019-11-18,22.6,34.8,71.7,0.0,23.62,223.8,Seedling,0,0.04,0.0
III,Nueva Ecija,Science City of Muñoz,2019-11-19,23.2,34.9,71.1,0.0,23.64,225.3,Seedling,0,0.11,0.03
III,Nueva Ecija,Science City of Muñoz,2019-11-20,23.5,33.8,75.9,16.6,23.66,206.7,Seedling,0,0.14,0.15
III,Nueva Ecija,Science City of Muñoz,2019-11-21,22.8,32.2,78.7,37.6,23.68,194.3,Seedling,1,0.21,0.04
III,Nueva Ecija,Science City of Muñoz,2019-11-22,23.3,34.7,73.4,0.0,23.7,225.2,Seedling,0,0.0,0.01
III,Nueva Ecija,Science City of Muñoz,2019-11-23,22.9,34.9,79.7,7.8,24.8,221.5,Seedling,0,0.0,0.09
III,Nueva Ecija,Science City of Muñoz,2019-11-24,23.8,35.4,74.8,0.0,24.6,222.0,Seedling,0,0.04,0.22
III,Nueva Ecija,Science City of Muñoz,2019-11-25,22.7,33.5,73.6,0.0,22.8,206.4,Seedling,0,0.07,0.0
III,Nueva Ecija,Science City of Muñoz,2019-11-26,22.0,32.5,73.3,0.0,21.9,226.8,Seedling,0,0.0,0.09
III,Nueva Ecija,Science City of Muñoz,2019-11-27,22.2,32.7,75.3,0.0,22.5,240.9,Seedling,0,0.18,0.01
III,Nueva Ecija,Science City of Muñoz,2019-11-28,23.2,33.3,75.1,0.0,23.3,226.4,Seedling,0,0.0,0.2
III,Nueva Ecija,Science City of Muñoz,2019-11-29,23.3,33.4,73.6,0.0,23.1,232.4,Seedling,0,0.19,0.16
III,Nueva Ecija,Science City of Muñoz,2019-11-30,22.7,33.5,73.1,0.0,22.7,225.5,Seedling,1,0.02,0.11
III,Nueva Ecija,Science City of Muñoz,2019-12-01,22.8,33.2,77.6,3.1,23.5,233.3,Seedling,1,0.0,0.11
III,Nueva Ecija,Science City of Muñoz,2019-12-02,22.1,32.8,71.5,0.0,21.8,229.6,Seedling,1,0.0,0.07
III,Nueva Ecija,Science City of Muñoz,2019-12-03,21.9,33.0,75.3,0.0,22.5,229.7,Seedling,0,0.52,0.16
III,Nueva Ecija,Science City of Muñoz,2019-12-04,22.1,34.1,76.6,2.4,23.4,215.8,Seedling,0,0.35,0.02
III,Nueva Ecija,Science City of Muñoz,2019-12-05,23.1,34.7,69.7,0.0,22.8,237.9,Seedling,0,0.82,0.13
III,Nueva Ecija,Science City of Muñoz,2019-12-06,21.6,34.5,72.0,14.7,22.5,222.5,Seedling,2,0.02,0.12
III,Nueva Ecija,Science City of Muñoz,2019-12-07,22.0,34.4,70.1,5.8,22.2,225.225,Seedling,1,0.0,0.06
III,Nueva Ecija,Science City of Muñoz,2019-12-08,22.7,34.4,68.9,0.0,22.3,227.95,Seedling,0,0.05,0.05
III,Nueva Ecija,Science City of Muñoz,2019-12-09,22.4,33.8,69.5,0.0,22.0,230.675,Seedling,0,0.75,0.07
III,Nueva Ecija,Science City of Muñoz,2019-12-10,22.0,33.7,70.3,0.0,21.9,233.4,Seedling,0,0.0,0.06
III,Nueva Ecija,Science City of Muñoz,2019-12-11,21.4,32.6,76.0,0.0,22.2,221.4,Seedling,0,0.0,0.0
III,Nueva Ecija,Science City of Muñoz,2019-12-12,22.1,34.4,72.7,0.0,22.8,224.0,Seedling,0,1.19,0.04
III,Nueva Ecija,Science City of Muñoz,2019-12-13,22.0,34.3,77.5,0.0,23.6,206.2,Seedling,1,0.6,0.18
III,Nueva Ecija,Science City of Muñoz,2019-12-14,22.4,35.5,75.4,0.0,24.0,235.9,Seedling,2,0.53,0.01
III,Nueva Ecija,Science City of Muñoz,2019-12-15,22.1,34.5,73.8,0.0,23.1,219.9,Seedling,2,0.73,0.06
III,Nueva Ecija,Science City of Muñoz,2019-12-16,22.7,34.5,72.1,0.0,23.0,235.8,Seedling,1,0.92,0.06
III,Nueva Ecija,Science City of Muñoz,2019-12-17,23.5,34.2,72.1,0.0,23.3,218.1,Tillering,1,0.97,0.15
III,Nueva Ecija,Science City of Muñoz,2019-12-18,23.0,33.0,69.8,0.0,22.0,236.4,Tillering,0,0.94,0.04
III,Nueva Ecija,Science City of Muñoz,2019-12-19,23.8,32.7,69.4,0.0,22.1,229.6,Tillering,2,1.72,0.18
III,Nueva Ecija,Science City of Muñoz,2019-12-20,23.6,33.5,68.5,0.0,22.2,242.1,Tillering,3,0.38,0.19
III,Nueva Ecija,Science City of Muñoz,2019-12-21,23.2,33.4,63.3,0.0,21.0,235.0,Tillering,0,0.0,0.02
III,Nueva Ecija,Science City of Muñoz,2019-12-22,21.7,32.5,71.3,1.1,21.4,223.0,Tillering,1,1.16,0.02
III,Nueva Ecija,Science City of Muñoz,2019-12-23,21.1,31.8,74.4,0.8250000000000001,21.3,206.2,Tillering,3,0.06,0.06
III,Nueva Ecija,Science City of Muñoz,2019-12-24,21.5,31.5,73.5,0.55,21.2,213.4,Tillering,5,0.69,0.03
III,Nueva Ecija,Science City of Muñoz,2019-12-25,21.3,34.0,70.1,0.275,21.7,240.8,Tillering,3,0.0,0.22
III,Nueva Ecija,Science City of Muñoz,2019-12-26,22.1,34.0,66.2,0.0,21.3,237.8,Tillering,2,0.07,0.04
III,Nueva Ecija,Science City of Muñoz,2019-12-27,21.6,33.6,68.9,11.0,21.4,226.1,Tillering,0,1.35,0.03
III,Nueva Ecija,Science City of Muñoz,2019-12-28,22.4,33.2,64.7,0.0,20.7,223.1,Tillering,2,0.63,0.12
III,Nueva Ecija,Science City of Muñoz,2019-12-29,23.4,32.5,66.4,0.0,21.2,223.9,Tillering,0,0.0,0.03
III,Nueva Ecija,Science City of Muñoz,2019-12-30,23.8,32.8,67.2,0.0,21.7,244.8,Tillering,3,0.73,0.14
III,Nueva Ecija,Science City of Muñoz,2019-12-31,23.0,32.9,67.2,0.0,21.4,228.8,Tillering,2,0.73,0.0
III,Nueva Ecija,Science City of Muñoz,2020-01-01,23.0,32.9,67.0,0.0,21.4,244.3,Tillering,1,0.25,0.0
III,Nueva Ecija,Science City of Muñoz,2020-01-02,22.9,32.9,66.7,0.0,21.2,246.7,Tillering,3,0.25,0.06
III,Nueva Ecija,Science City of Muñoz,2020-01-03,22.2,32.7,66.7,0.0,20.8,231.4,Tillering,5,0.12,0.12
III,Nueva Ecija,Science City of Muñoz,2020-01-04,22.9,32.6,65.0,0.0,20.8,243.3,Tillering,0,0.14,0.14
III,Nueva Ecija,Science City of Muñoz,2020-01-05,22.8,33.9,66.4,0.0,21.6,250.8,Tillering,1,0.29,0.12
III,Nueva Ecija,Science City of Muñoz,2020-01-06,22.8,33.9,67.2,0.0,21.8,250.1,Tillering,2,0.02,0.0
III,Nueva Ecija,Science City of Muñoz,2020-01-07,23.1,33.2,68.3,0.0,21.8,227.6,Tillering,3,0.57,0.19
III,Nueva Ecija,Science City of Muñoz,2020-01-08,23.8,31.9,65.5,0.0,21.0,238.8,Tillering,1,0.09,0.02
III,Nueva Ecija,Science City of Muñoz,2020-01-09,23.5,31.8,69.0,0.0,21.4,229.0,Tillering,1,0.56,0.0
III,Nueva Ecija,Science City of Muñoz,2020-01-10,23.0,32.1,69.0,0.0,21.4,234.3,Elongation,0,0.88,0.0
III,Nueva Ecija,Science City of Muñoz,2020-01-11,22.5,31.4,67.4,0.0,20.4,251.8,Elongation,0,1.19,0.03
III,Nueva Ecija,Science City of Muñoz,2020-01-12,22.2,33.8,65.8,0.0,21.2,230.9,Elongation,4,1.01,0.11
III,Nueva Ecija,Science City of Muñoz,2020-01-13,21.2,33.3,63.0,0.0,19.8,246.7,Elongation,1,0.13,0.07
III,Nueva Ecija,Science City of Muñoz,2020-01-14,20.8,32.6,65.4,0.0,19.8,236.3,Elongation,1,0.42,0.07
III,Nueva Ecija,Science City of Muñoz,2020-01-15,21.7,33.4,65.8,0.0,20.7,237.9,Elongation,3,0.76,0.17
III,Nueva Ecija,Science City of Muñoz,2020-01-16,20.9,32.6,63.7,0.0,19.5,237.2,Elongation,2,0.65,0.19
III,Nueva Ecija,Science City of Muñoz,2020-01-17,20.3,32.9,68.0,2.4,20.2,243.8,Elongation,2,1.48,0.12
III,Nueva Ecija,Science City of Muñoz,2020-01-18,20.9,33.1,62.6,0.0,19.5,229.2,Elongation,0,1.29,0.1
III,Nueva Ecija,Science City of Muñoz,2020-01-19,21.5,33.3,66.3,0.0,20.7,231.3,Elongation,3,0.0,0.37
III,Nueva Ecija,Science City of Muñoz,2020-01-20,20.9,32.4,68.0,0.0,20.2,236.1,Elongation,1,1.2,0.1
III,Nueva Ecija,Science City of Muñoz,2020-01-21,21.4,33.9,66.8,0.0,21.0,232.2,Elongation,1,0.52,0.01
III,Nueva Ecija,Science City of Muñoz,2020-01-22,20.6,32.9,67.9,0.0,20.3,235.2,Elongation,3,0.68,0.0
III,Nueva Ecija,Science City of Muñoz,2020-01-23,22.0,32.2,66.0,0.0,20.6,235.7,Elongation,2,1.86,0.02
III,Nueva Ecija,Science City of Muñoz,2020-01-24,22.2,32.7,64.10000000000001,0.0,20.4,245.5,Elongation,2,0.41,0.17
III,Nueva Ecija,Science City of Muñoz,2020-01-25,22.9,33.5,62.2,0.0,20.6,239.2,Elongation,3,0.0,0.1
III,Nueva Ecija,Science City of Muñoz,2020-01-26,21.5,34.5,64.1,0.0,20.8,249.4,Elongation,0,1.29,0.03
III,Nueva Ecija,Science City of Muñoz,2020-01-27,22.0,33.8,62.4,0.0,20.4,229.7,Elongation,4,0.0,0.0
III,Nueva Ecija,Science City of Muñoz,2020-01-28,21.3,34.6,65.4,0.0,21.0,245.9,Elongation,0,0.97,0.09
III,Nueva Ecija,Science City of Muñoz,2020-01-29,21.8,33.6,68.5,0.0,21.4,251.3,Panicle,3,0.01,1.6
III,Nueva Ecija,Science City of Muñoz,2020-01-30,22.8,34.3,70.3,0.0,22.6,237.0,Panicle,0,0.05,1.07
III,Nueva Ecija,Science City of Muñoz,2020-01-31,22.2,32.2,69.5,0.0,21.1,243.0,Panicle,2,0.21,0.52
III,Nueva Ecija,Science City of Muñoz,2020-02-01,22.0,32.75,69.6,0.0,21.3,242.5,Panicle,0,0.14,0.7
III,Nueva Ecija,Science City of Muñoz,2020-02-02,21.4,33.3,70.9,0.0,21.0,231.6,Panicle,0,0.07,1.25
III,Nueva Ecija,Science City of Muñoz,2020-02-03,21.3,33.85,69.9,0.0,21.6,243.4,Panicle,3,0.11,1.69
III,Nueva Ecija,Science City of Muñoz,2020-02-04,22.1,34.4,73.5,0.0,23.0,238.6,Panicle,0,0.03,2.39
III,Nueva Ecija,Science City of Muñoz,2020-02-05,20.9,33.8,70.5,0.0,21.4,244.8,Panicle,3,0.06,1.43
III,Nueva Ecija,Science City of Muñoz,2020-02-06,20.6,33.0,70.3,0.0,20.9,237.3,Panicle,0,0.01,3.63
III,Nueva Ecija,Science City of Muñoz,2020-02-07,21.3,33.2,67.5,0.0,20.8,228.1,Panicle,1,0.0,3.7
III,Nueva Ecija,Science City of Muñoz,2020-02-08,21.9,32.9,66.0,0.0,20.6,233.0,Panicle,0,0.15,3.0
III,Nueva Ecija,Science City of Muñoz,2020-02-09,21.6,32.9,65.0,0.0,20.2,232.4,Panicle,2,0.0,3.31
III,Nueva Ecija,Science City of Muñoz,2020-02-10,21.4,33.0,69.5,0.0,21.1,235.7,Panicle,7,0.11,2.12
III,Nueva Ecija,Science City of Muñoz,2020-02-11,21.9,31.1,72.4,5.0,21.0,234.4,Panicle,7,0.0,0.0
III,Nueva Ecija,Science City of Muñoz,2020-02-12,21.4,31.7,71.1,6.2,20.8,220.5,Flowering,8,0.12,0.13
III,Nueva Ecija,Science City of Muñoz,2020-02-13,22.3,32.5,66.3,0.0,20.7,230.2,Flowering,6,0.11,0.13
III,Nueva Ecija,Science City of Muñoz,2020-02-14,23.2,31.3,64.8,0.0,20.2,239.6,Flowering,8,0.06,0.0
III,Nueva Ecija,Science City of Muñoz,2020-02-15,23.2,31.7,63.0,0.0,20.0,246.0,Flowering,6,0.1,0.79
III,Nueva Ecija,Science City of Muñoz,2020-02-16,23.1,32.0,65.4,0.0,20.6,225.1,Flowering,4,0.02,0.22
III,Nueva Ecija,Science City of Muñoz,2020-02-17,23.9,33.0,59.3,0.0,20.3,249.5,Flowering,2,0.05,0.38
III,Nueva Ecija,Science City of Muñoz,2020-02-18,23.0,32.5,63.8,0.0,20.5,240.4,Flowering,1,0.08,1.64
III,Nueva Ecija,Science City of Muñoz,2020-02-19,22.2,33.6,60.5,0.0,20.0,243.8,Flowering,2,0.11000000000000001,0.69
III,Nueva Ecija,Science City of Muñoz,2020-02-20,22.5,34.3,58.6,0.0,20.1,246.5,Flowering,0,0.14,0.06
III,Nueva Ecija,Science City of Muñoz,2020-02-21,21.9,33.9,59.9,0.0,19.9,237.1,Flowering,0,0.17,0.3
III,Nueva Ecija,Science City of Muñoz,2020-02-22,21.6,34.9,60.0,0.0,20.2,247.6,Flowering,4,0.2,0.82
III,Nueva Ecija,Science City of Muñoz,2020-02-23,22.5,34.7,62.1,0.0,21.0,228.7,Flowering,1,0.11,0.77
III,Nueva Ecija,Science City of Muñoz,2020-02-24,22.7,34.6,64.1,0.0,21.5,238.2,Flowering,2,0.0,1.49
III,Nueva Ecija,Science City of Muñoz,2020-02-25,22.8,33.6,67.4,0.0,21.7,239.0,Flowering,1,0.0,1.11
III,Nueva Ecija,Science City of Muñoz,2020-02-26,22.46666666666667,32.9,70.8,6.8,21.7,220.6,Ripening,1,0.0,1.57
III,Nueva Ecija,Science City of Muñoz,2020-02-27,22.133333333333333,34.0,63.0,0.0,21.0,234.5,Ripening,0,0.14,2.15
III,Nueva Ecija,Science City of Muñoz,2020-02-28,21.8,34.7,66.8,0.0,21.6,237.0,Ripening,1,0.01,2.8275
III,Nueva Ecija,Science City of Muñoz,2020-02-29,21.8,32.9,68.4,0.0,21.0,250.5,Ripening,0,0.11,3.505
III,Nueva Ecija,Science City of Muñoz,2020-03-01,22.5,32.6,69.8,0.0,21.5,230.3,Ripening,2,0.02,4.1825
III,Nueva Ecija,Science City of Muñoz,2020-03-02,21.9,33.6,67.9,0.0,21.3,240.6,Ripening,1,0.13,4.86
III,Nueva Ecija,Science City of Muñoz,2020-03-03,23.3,34.4,65.4,0.0,21.9,233.0,Ripening,0,0.09,5.4
III,Nueva Ecija,Science City of Muñoz,2020-03-04,23.9,34.1,66.2,0.0,22.2,235.1,Ripening,0,0.18,4.18
III,Nueva Ecija,Science City of Muñoz,2020-03-05,23.4,33.9,69.4,0.0,22.5,229.5,Ripening,1,0.18,3.44
III,Nueva Ecija,Science City of Muñoz,2020-03-06,22.7,33.1,67.1,0.0,21.3,225.6,Ripening,0,0.0,4.13
III,Nueva Ecija,Science City of Muñoz,2020-03-07,22.1,32.4,66.1,0.0,20.5,247.4,Ripening,2,0.13,2.05
III,Nueva Ecija,Science City of Muñoz,2020-03-08,21.6,32.5,68.5,0.0,20.8,245.1,Ripening,4,0.07,2.73
III,Nueva Ecija,Science City of Muñoz,2020-03-09,21.6,33.7,69.1,0.0,21.5,241.0,Ripening,3,0.02,1.37
III,Nueva Ecija,Science City of Muñoz,2020-03-10,21.1,31.5,70.7,35.1,20.4,216.7,Ripening,3,0.02,0.83
III,Nueva Ecija,Science City of Muñoz,2020-03-11,22.2,33.2,66.5,0.0,21.0,241.6,Ripening,2,0.09,0.47
III,Nueva Ecija,Science City of Muñoz,2020-03-12,21.7,33.46666666666667,67.4,0.0,21.2,243.5,Ripening,4,0.03,0.92
III,Nueva Ecija,Science City of Muñoz,2020-03-13,22.0,33.733333333333334,66.7,0.0,21.3,240.5,Ripening,3,0.0,0.34
III,Nueva Ecija,Science City of Muñoz,2020-03-14,21.9,34.0,68.7,0.0,21.7,249.3,Ripening,4,0.06,0.17
III,Nueva Ecija,Science City of Muñoz,2020-03-15,20.8,35.1,72.2,0.0,22.4,247.7,Ripening,6,0.15,2.74
III,Nueva Ecija,Science City of Muñoz,2020-03-16,21.4,33.6,74.8,1.3,22.5,244.1,Ripening,2,0.0,0.0
III,Nueva Ecija,Science City of Muñoz,2020-03-17,22.1,33.3,70.4,0.0,21.8,232.4,Ripening,3,0.13,1.05
III,Nueva Ecija,Science City of Muñoz,2020-03-18,22.3,32.6,67.2,0.0,20.9,239.6,Ripening,1,0.11,0.24
III,Nueva Ecija,Science City of Muñoz,2020-03-19,22.1,32.2,64.6,0.0,20.1,238.01999999999998,Ripening,6,0.11,0.81
III,Nueva Ecija,Science City of Muñoz,2020-03-20,21.9,32.6,64.4,0.0,20.1,236.44,Ripening,2,0.07,0.25
III,Nueva Ecija,Science City of Muñoz,2020-03-21,22.7,31.7,63.2,0.0,19.8,234.85999999999999,Ripening,0,0.0,0.19
III,Nueva Ecija,Science City of Muñoz,2020-03-22,22.4,32.2,65.8,0.0,20.5,233.28,Ripening,0,0.03,0.06
III,Nueva Ecija,Science City of Muñoz,2020-03-23,22.3,34.0,65.1,0.0,21.2,231.7,Ripening,0,0.06,0.03
III,Nueva Ecija,Science City of Muñoz,2020-03-24,23.0,34.0,65.6,0.0,21.6,240.8,Ripening,0,0.11,0.02
III,Nueva Ecija,Science City of Muñoz,2020-03-25,22.9,32.7,65.0,0.0,20.8,242.3,Ripening,0,0.02,0.09
III,Nueva Ecija,Science City of Muñoz,2020-03-26,22.6,32.1,65.5,0.0,20.5,234.2,Ripening,1,0.0,0.05
III,Nueva Ecija,Science City of Muñoz,2020-03-27,21.3,32.1,66.7,0.0,20.0,248.1,Ripening,0,0.0,0.06
III,Nueva Ecija,Science City of Muñoz,2020-03-28,22.3,32.6,63.1,0.0,20.1,239.9,Ripening,0,0.14,0.06999999999999999
III,Nueva Ecija,Science City of Muñoz,2020-03-29,21.9,32.8,65.0,0.0,20.3,231.1,Ripening,0,0.21,0.08
III,Nueva Ecija,Science City of Muñoz,2020-03-30,22.5,31.0,70.9,9.0,20.9,244.8,Ripening,0,0.14,0.09
III,Nueva Ecija,Science City of Muñoz,2020-03-31,22.5,31.5,69.6,3.5,20.9,244.6,Ripening,0,0.13,0.06
III,Nueva Ecija,Science City of Muñoz,2020-04-01,22.6,32.4,68.5,0.0,21.2,242.2,Ripening,0,0.0,0.15
III,Nueva Ecija,Science City of Muñoz,2020-04-02,22.0,31.5,66.5,0.0,20.0,246.4,Ripening,0,0.0,0.11
III,Nueva Ecija,Science City of Muñoz,2020-04-03,22.9,32.2,70.6,0.0,21.7,236.9,Ripening,0,0.0,0.0
III,Nueva Ecija,Science City of Muñoz,2020-04-04,23.2,33.1,68.8,0.0,21.9,238.8,Ripening,0,0.08,0.13
III,Nueva Ecija,Science City of Muñoz,2020-04-05,23.6,33.3,67.3,0.0,21.9,248.5,Ripening,0,0.01,0.09
III,Nueva Ecija,Science City of Muñoz,2020-04-06,23.1,36.2,64.6,0.0,22.6,226.6,Ripening,0,0.03,0.0
III,Nueva Ecija,Science City of Muñoz,2020-04-07,22.7,34.6,68.3,0.0,22.3,246.1,Ripening,0,0.13,0.01
III,Nueva Ecija,Science City of Muñoz,2020-04-08,22.5,33.7,66.1,0.0,21.3,253.2,Ripening,0,0.0,0.04
III,Nueva Ecija,Science City of Muñoz,2020-04-09,23.0,35.2,69.6,0.0,23.0,245.1,Ripening,0,0.11,0.0
III,Nueva Ecija,Science City of Muñoz,2020-04-10,23.7,35.1,71.0,0.0,23.6,242.6,Ripening,0,0.13,0.0
III,Nueva Ecija,Science City of Muñoz,2020-04-11,23.0,35.15,75.9,23.3,23.1,211.0,Ripening,0,0.1,0.07
III,Nueva Ecija,Science City of Muñoz,2020-04-12,24.3,35.2,72.7,0.0,23.6,218.9,Ripening,0,0.09,0.1
III,Nueva Ecija,Science City of Muñoz,2020-04-13,23.2,35.25,71.7,0.0,23.5,236.5,Ripening,0,0.05,0.09
III,Nueva Ecija,Science City of Muñoz,2020-04-14,22.0,35.3,70.8,0.0,22.8,241.1,Ripening,0,0.12,0.0
III,Nueva Ecija,Science City of Muñoz,2020-04-15,22.8,34.1,68.5,19.6,22.2,222.2,Ripening,0,0.19,0.16
III,Nueva Ecija,Science City of Muñoz,2020-04-16,22.5,33.4,67.7,0.0,21.5,247.2,Ripening,0,0.0,0.19
III,Nueva Ecija,Science City of Muñoz,2020-04-17,22.1,32.7,68.9,0.0,21.2,234.0,Ripening,0,0.17,0.15
III,Nueva Ecija,Science City of Muñoz,2020-04-18,22.2,33.1,64.8,0.0,21.133333333333333,238.0,Ripening,0,0.15,0.11
III,Nueva Ecija,Science City of Muñoz,2020-04-19,22.9,32.4,66.4,0.0,21.066666666666666,223.1,Ripening,0,0.13,0.07
III,Nueva Ecija,Science City of Muñoz,2020-04-20,23.6,32.3,66.8,0.0,21.0,239.8,Ripening,0,0.01,0.07
III,Nueva Ecija,Science City of Muñoz,2020-04-21,23.0,31.0,74.7,7.4,20.933333333333334,235.7,Ripening,0,0.07,0.22
III,Nueva Ecija,Science City of Muñoz,2020-04-22,23.1,31.8,65.7,0.0,20.866666666666667,227.6,Ripening,1,0.0,0.0
III,Nueva Ecija,Science City of Muñoz,2020-04-23,22.5,32.9,65.3,0.0,20.8,220.6,Ripening,0,0.23,0.05
III,Nueva Ecija,Science City of Muñoz,2020-04-24,22.3,34.0,64.8,0.0,21.1,227.5,Ripening,0,0.11,0.0
III,Nueva Ecija,Science City of Muñoz,2020-04-25,22.5,32.6,66.8,7.8,20.9,225.7,Ripening,0,0.11,0.07
III,Nueva Ecija,Science City of Muñoz,2020-04-26,23.0,31.5,65.5,0.0,20.4,244.9,Ripening,0,0.12,0.07
III,Nueva Ecija,Science City of Muñoz,2020-04-27,23.0,30.4,70.4,7.6,20.8,238.0,Ripening,0,0.07,0.19
III,Nueva Ecija,Science City of Muñoz,2020-04-28,22.7,33.6,69.2,0.0,22.0,237.0,Seedling,0,0.02,0.17
III,Nueva Ecija,Science City of Muñoz,2020-04-29,22.3,35.9,69.4,0.0,23.0,241.2,Seedling,0,0.03,0.05
III,Nueva Ecija,Science City of Muñoz,2020-04-30,22.1,35.6,68.7,0.0,22.6,232.4,Seedling,0,0.16,0.03
III,Nueva Ecija,Science City of Muñoz,2020-05-01,22.3,33.9,67.8,1.3,21.7,239.2,Seedling,0,0.03,0.0
III,Nueva Ecija,Science City of Muñoz,2020-05-02,22.3,34.2,71.3,2.6,22.5,224.8,Seedling,0,0.19,0.21
III,Nueva Ecija,Science City of Muñoz,2020-05-03,21.7,33.0,68.5,3.9000000000000004,21.0,226.9,Seedling,0,0.09,0.17
III,Nueva Ecija,Science City of Muñoz,2020-05-04,21.7,34.0,74.5,5.2,22.8,235.1,Seedling,0,0.1,0.12
III,Nueva Ecija,Science City of Muñoz,2020-05-05,22.1,34.1,75.7,3.6,23.2,230.5,Seedling,0,0.0,0.0
III,Nueva Ecija,Science City of Muñoz,2020-05-06,21.4,33.3,71.1,0.0,21.6,230.3,Seedling,0,0.09,0.02
III,Nueva Ecija,Science City of Muñoz,2020-05-07,21.2,31.6,67.4,0.0,19.9,233.6,Seedling,0,0.06,0.09
III,Nueva Ecija,Science City of Muñoz,2020-05-08,22.4,32.4,69.5,0.0,21.3,237.2,Seedling,0,0.21,0.0
III,Nueva Ecija,Science City of Muñoz,2020-05-09,22.3,34.1,67.6,0.0,21.7,232.0,Seedling,0,0.19,0.18
III,Nueva Ecija,Science City of Muñoz,2020-05-10,22.3,34.2,69.1,0.0,22.1,236.7,Seedling,0,0.0,0.15
III,Nueva Ecija,Science City of Muñoz,2020-05-11,21.8,35.3,66.7,0.0,21.9,237.1,Seedling,0,0.12,0.16
III,Nueva Ecija,Science City of Muñoz,2020-05-12,22.6,35.2,66.1,0.0,22.1,232.4,Seedling,0,0.02,0.19
III,Nueva Ecija,Science City of Muñoz,2020-05-13,22.0,36.0,72.5,5.8,23.5,226.7,Seedling,0,0.1,0.14
III,Nueva Ecija,Science City of Muñoz,2020-05-14,22.0,33.0,76.5,13.0,22.8,219.4,Seedling,0,0.06,0.11
III,Nueva Ecija,Science City of Muñoz,2020-05-15,21.7,33.9,72.8,0.0,22.4,226.2,Seedling,0,0.0,0.0
III,Nueva Ecija,Science City of Muñoz,2020-05-16,20.8,34.2,71.5,0.0,21.8,213.4,Seedling,0,0.1,0.09
III,Nueva Ecija,Science City of Muñoz,2020-05-17,21.6,36.3,70.0,0.0,23.0,228.1,Seedling,0,0.0,0.01
III,Nueva Ecija,Science City of Muñoz,2020-05-18,22.5,34.6,67.7,0.0,22.1,239.2,Seedling,0,0.13,0.11
III,Nueva Ecija,Science City of Muñoz,2020-05-19,22.52,34.6,66.8,0.0,22.3,224.9,Seedling,0,0.2,0.09
III,Nueva Ecija,Science City of Muñoz,2020-05-20,22.54,34.4,71.9,7.5,22.9,213.8,Seedling,0,0.0,0.0
III,Nueva Ecija,Science City of Muñoz,2020-05-21,22.560000000000002,33.5,69.4,0.0,22.4,220.4,Seedling,0,0.16,0.23
III,Nueva Ecija,Science City of Muñoz,2020-05-22,22.580000000000002,32.0,69.4,6.9,21.3,219.5,Seedling,0,0.18,0.0
III,Nueva Ecija,Science City of Muñoz,2020-05-23,22.6,32.7,65.7,0.0,20.8,231.2,Seedling,0,0.16,0.05
III,Nueva Ecija,Science City of Muñoz,2020-05-24,22.3,33.2,69.7,0.0,21.7,233.6,Seedling,0,0.12,0.03
III,Nueva Ecija,Science City of Muñoz,2020-05-25,23.2,33.2,70.1,0.0,22.2,223.0,Seedling,0,0.1,0.0
III,Nueva Ecija,Science City of Muñoz,2020-05-26,23.5,33.6,70.2,0.0,22.14,224.7,Seedling,0,0.1,0.11
III,Nueva Ecija,Science City of Muñoz,2020-05-27,24.2,32.6,73.7,5.1,22.08,226.7,Seedling,0,0.19,0.1
III,Nueva Ecija,Science City of Muñoz,2020-05-28,23.1,31.5,71.1,15.2,22.02,230.4,Seedling,0,0.15,0.0
III,Nueva Ecija,Science City of Muñoz,2020-05-29,24.0,31.9,69.4,0.0,21.959999999999997,221.3,Seedling,0,0.1,0.0
III,Nueva Ecija,Science City of Muñoz,2020-05-30,22.1,33.8,69.6,0.0,21.9,224.1,Seedling,0,0.2,0.17
III,Nueva Ecija,Science City of Muñoz,2020-05-31,22.8,33.4,70.4,0.0,22.2,236.4,Seedling,0,0.09,0.15
III,Nueva Ecija,Science City of Muñoz,2020-06-01,22.5,33.4,75.7,6.7,23.1,212.0,Seedling,1,0.19,0.05
III,Nueva Ecija,Science City of Muñoz,2020-06-02,22.7,33.4,75.5,0.0,23.2,248.4,Seedling,0,0.12,0.01
III,Nueva Ecija,Science City of Muñoz,2020-06-03,22.9,35.0,79.0,0.0,24.8,238.9,Seedling,0,0.23,0.15
III,Nueva Ecija,Science City of Muñoz,2020-06-04,22.8,35.4,77.3,0.0,24.6,219.6,Seedling,0,0.22,0.11
III,Nueva Ecija,Science City of Muñoz,2020-06-05,22.9,33.8,76.0,22.5,23.5,211.5,Seedling,0,0.09,0.0
III,Nueva Ecija,Science City of Muñoz,2020-06-06,22.3,34.0,75.6,0.0,23.3,235.9,Seedling,11,1.01,0.11
III,Nueva Ecija,Science City of Muñoz,2020-06-07,23.6,35.3,74.5,0.0,24.4,235.5,Seedling,14,0.0,0.16
III,Nueva Ecija,Science City of Muñoz,2020-06-08,23.1,35.6,76.4,2.2,24.6,224.5,Seedling,12,0.75,0.08
III,Nueva Ecija,Science City of Muñoz,2020-06-09,22.7,34.9,75.6,12.8,23.9,211.9,Seedling,9,0.6,0.23
III,Nueva Ecija,Science City of Muñoz,2020-06-10,22.5,35.2,73.4,0.0,23.5,231.2,Seedling,11,1.09,0.02
III,Nueva Ecija,Science City of Muñoz,2020-06-11,22.9,35.4,70.7,0.8,23.3,217.2,Seedling,15,1.98,0.08
III,Nueva Ecija,Science City of Muñoz,2020-06-12,23.7,35.3,75.5,0.0,24.6,226.4,Seedling,15,2.34,0.14
III,Nueva Ecija,Science City of Muñoz,2020-06-13,23.0,35.4,80.2,13.5,25.2,201.1,Seedling,19,3.35,0.14
III,Nueva Ecija,Science City of Muñoz,2020-06-14,23.8,35.4,76.3,0.0,24.9,225.8,Seedling,22,3.9,0.09
III,Nueva Ecija,Science City of Muñoz,2020-06-15,23.4,34.3,78.5,0.0,24.5,226.0,Seedling,28,3.37,0.12
III,Nueva Ecija,Science City of Muñoz,2020-06-16,22.7,34.8,79.9,7.1,24.7,207.3,Seedling,15,4.23,0.07
III,Nueva Ecija,Science City of Muñoz,2020-06-17,22.6,35.9,77.7,0.0,24.8,229.4,Seedling,20,4.14,0.08
III,Nueva Ecija,Science City of Muñoz,2020-06-18,22.7,35.6,76.0,0.0,24.3,230.4,Seedling,18,3.52,0.1
III,Nueva Ecija,Science City of Muñoz,2020-06-19,21.6,34.3,76.3,0.0,23.2,218.9,Seedling,16,3.29,0.2
III,Nueva Ecija,Science City of Muñoz,2020-06-20,20.9,34.3,74.2,0.0,22.4,217.78,Seedling,21,4.07,0.03
III,Nueva Ecija,Science City of Muñoz,2020-06-21,21.7,35.2,78.9,10.1,24.2,216.66,Seedling,19,3.37,0.09
III,Nueva Ecija,Science City of Muñoz,2020-06-22,22.1,33.2,78.5,25.5,23.4,215.54000000000002,Tillering,41,3.62,0.17
III,Nueva Ecija,Science City of Muñoz,2020-06-23,22.2,33.3,76.2,9.4,23.0,214.42000000000002,Tillering,37,2.48,0.03
III,Nueva Ecija,Science City of Muñoz,2020-06-24,23.2,33.2,71.3,0.0,22.5,213.3,Tillering,41,2.37,0.13
III,Nueva Ecija,Science City of Muñoz,2020-06-25,23.2,32.4,71.2,0.0,22.0,218.4,Tillering,44,1.27,0.2
III,Nueva Ecija,Science City of Muñoz,2020-06-26,23.5,33.2,72.6,0.0,22.9,222.4,Tillering,31,1.25,0.1
III,Nueva Ecija,Science City of Muñoz,2020-06-27,22.9,30.5,77.6,27.5,22.2,195.8,Tillering,25,0.0,0.04
III,Nueva Ecija,Science City of Muñoz,2020-06-28,23.8,31.4,76.5,5.3,22.9,218.3,Tillering,28,0.57,0.18
III,Nueva Ecija,Science City of Muñoz,2020-06-29,23.6,32.3,76.9,37.4,23.3,181.7,Tillering,28,1.02,0.1
III,Nueva Ecija,Science City of Muñoz,2020-06-30,23.2,34.1,72.3,0.0,23.425,206.5,Tillering,21,0.07,0.23
III,Nueva Ecija,Science City of Muñoz,2020-07-01,23.1,32.5,80.8,13.5,23.55,205.3,Tillering,31,0.99,0.04
III,Nueva Ecija,Science City of Muñoz,2020-07-02,22.6,35.5,75.8,0.0,23.675,221.1,Tillering,24,0.0,0.13
III,Nueva Ecija,Science City of Muñoz,2020-07-03,21.9,34.0,79.4,6.9,23.8,212.9,Tillering,19,0.41,0.32
III,Nueva Ecija,Science City of Muñoz,2020-07-04,21.4,33.4,78.4,12.0,23.1,219.6,Tillering,23,0.15,0.03
III,Nueva Ecija,Science City of Muñoz,2020-07-05,21.4,35.3,78.03333333333333,2.0,23.7,217.0,Tillering,18,0.08,0.0
III,Nueva Ecija,Science City of Muñoz,2020-07-06,21.9,37.4,77.66666666666667,0.0,24.8,221.0,Tillering,18,0.0,0.09
III,Nueva Ecija,Science City of Muñoz,2020-07-07,22.8,37.3,77.30000000000001,13.8,25.3,192.8,Tillering,18,0.0,0.05
III,Nueva Ecija,Science City of Muñoz,2020-07-08,22.4,35.1,76.93333333333334,0.0,23.5,227.6,Tillering,17,0.64,0.05
III,Nueva Ecija,Science City of Muñoz,2020-07-09,21.8,34.7,76.56666666666666,3.0,24.5,214.7,Tillering,17,0.05,0.0
III,Nueva Ecija,Science City of Muñoz,2020-07-10,22.3,34.9,76.2,0.7,23.8,219.8,Tillering,17,0.7,0.13
III,Nueva Ecija,Science City of Muñoz,2020-07-11,22.3,34.3,76.5,0.0,23.6,224.4,Tillering,24,1.39,0.11
III,Nueva Ecija,Science City of Muñoz,2020-07-12,22.4,32.7,75.9,0.0,22.7,215.7,Tillering,27,2.76,0.13
III,Nueva Ecija,Science City of Muñoz,2020-07-13,22.3,33.1,76.1,0.0,22.9,232.9,Tillering,16,1.4,0.0
III,Nueva Ecija,Science City of Muñoz,2020-07-14,22.7,33.5,73.8,0.0,22.9,216.0,Tillering,21,1.33,0.12
III,Nueva Ecija,Science City of Muñoz,2020-07-15,23.1,35.3,74.5,0.0,24.1,212.8,Tillering,12,2.25,0.05
III,Nueva Ecija,Science City of Muñoz,2020-07-16,22.9,35.8,77.5,0.0,24.8,217.4,Tillering,23,2.25,0.0
III,Nueva Ecija,Science City of Muñoz,2020-07-17,23.6,34.1,77.0,0.0,24.2,218.9,Tillering,7,2.05,0.0
III,Nueva Ecija,Science City of Muñoz,2020-07-18,23.2,34.5,76.3,0.0,24.1,214.7,Elongation,9,4.13,0.01
III,Nueva Ecija,Science City of Muñoz,2020-07-19,23.9,34.4,83.1,1.9,25.8,223.3,Elongation,17,4.41,0.0
III,Nueva Ecija,Science City of Muñoz,2020-07-20,24.0,33.3,83.0,2.4,25.2,217.6,Elongation,15,3.61,0.08
III,Nueva Ecija,Science City of Muñoz,2020-07-21,23.5,32.9,78.0,0.0,23.8,222.5,Elongation,18,1.8,0.22
III,Nueva Ecija,Science City of Muñoz,2020-07-22,23.6,30.6,82.6,30.4,23.6,190.6,Elongation,15,0.59,0.02
III,Nueva Ecija,Science City of Muñoz,2020-07-23,24.7,33.1,81.3,0.0,25.2,235.6,Elongation,16,1.1,0.0
III,Nueva Ecija,Science City of Muñoz,2020-07-24,24.0,33.1,82.3,33.6,25.0,187.5,Elongation,18,0.71,0.0
III,Nueva Ecija,Science City of Muñoz,2020-07-25,24.2,33.9,82.0,5.4,25.4,206.1,Elongation,19,0.75,0.3
III,Nueva Ecija,Science City of Muñoz,2020-07-26,23.2,32.7,80.2,13.9,24.0,196.3,Elongation,20,0.29,0.15
III,Nueva Ecija,Science City of Muñoz,2020-07-27,24.0,32.9,77.5,11.0,24.0,211.5,Elongation,22,0.82,0.22
III,Nueva Ecija,Science City of Muñoz,2020-07-28,22.9,34.0,77.3,3.5,23.9,205.3,Elongation,23,0.2,0.08
III,Nueva Ecija,Science City of Muñoz,2020-07-29,22.0,32.1,78.0,6.2,22.6,221.4,Elongation,15,0.58,0.07
III,Nueva Ecija,Science City of Muñoz,2020-07-30,21.5,33.3,77.4,7.5,22.9,199.0,Elongation,25,0.91,0.1
III,Nueva Ecija,Science City of Muñoz,2020-07-31,21.6,34.2,75.7,0.0,23.0,223.9,Elongation,25,0.4,0.05
III,Nueva Ecija,Science City of Muñoz,2020-08-01,20.9,33.3,78.1,13.5,22.7,210.4,Elongation,18,0.42,0.0
III,Nueva Ecija,Science City of Muñoz,2020-08-02,21.4,33.7,78.0,13.9,22.65,209.5,Elongation,18,0.54,0.15
III,Nueva Ecija,Science City of Muñoz,2020-08-03,22.2,33.8,72.9,0.0,22.6,222.9,Elongation,10,0.39,0.1
III,Nueva Ecija,Science City of Muñoz,2020-08-04,22.0,36.2,76.2,12.2,22.55,207.3,Elongation,10,0.0,0.1
III,Nueva Ecija,Science City of Muñoz,2020-08-05,21.7,36.1,68.1,0.0,22.5,218.0,Elongation,5,0.57,0.1
III,Nueva Ecija,Science City of Muñoz,2020-08-06,22.1,33.6,76.1,1.6,23.1,209.0,Elongation,7,1.68,0.1
III,Nueva Ecija,Science City of Muñoz,2020-08-07,22.3,34.4,72.4,0.0,22.8,242.8,Elongation,1,0.65,0.1
III,Nueva Ecija,Science City of Muñoz,2020-08-08,23.2,34.6,75.6,5.0,24.0,219.2,Panicle,1,0.02,0.51
III,Nueva Ecija,Science City of Muñoz,2020-08-09,22.8,34.6,74.6,0.0,23.6,217.6,Panicle,1,0.12,0.2
III,Nueva Ecija,Science City of Muñoz,2020-08-10,23.2,32.9,78.9,23.7,23.8,197.1,Panicle,1,0.12,0.88
III,Nueva Ecija,Science City of Muñoz,2020-08-11,23.4,34.0,75.1,0.0,23.7,216.8,Panicle,2,0.03,1.49
III,Nueva Ecija,Science City of Muñoz,2020-08-12,23.6,33.8,81.7,12.5,25.0,203.1,Panicle,2,0.02,4.51
III,Nueva Ecija,Science City of Muñoz,2020-08-13,23.8,35.2,77.1,12.866666666666667,24.9,228.6,Panicle,2,0.11,2.14
III,Nueva Ecija,Science City of Muñoz,2020-08-14,23.7,33.2,81.5,13.233333333333333,24.8,204.7,Panicle,2,0.0,2.1
III,Nueva Ecija,Science City of Muñoz,2020-08-15,23.9,34.2,78.3,13.6,24.7,203.8,Panicle,0,0.23,4.07
III,Nueva Ecija,Science City of Muñoz,2020-08-16,24.2,33.3,75.6,21.4,23.9,202.6,Panicle,1,0.09,4.57
III,Nueva Ecija,Science City of Muñoz,2020-08-17,23.2,33.1,80.8,21.5,24.3,185.6,Panicle,3,0.11,3.88
III,Nueva Ecija,Science City of Muñoz,2020-08-18,24.1,33.8,75.6,0.0,24.1,206.2,Panicle,3,0.01,3.03
III,Nueva Ecija,Science City of Muñoz,2020-08-19,24.9,33.2,81.1,11.6,25.3,196.9,Panicle,1,0.22,1.09
III,Nueva Ecija,Science City of Muñoz,2020-08-20,24.4,34.0,77.9,1.0,24.8,201.7,Panicle,1,0.12,1.61
III,Nueva Ecija,Science City of Muñoz,2020-08-21,24.0,34.0,75.9,0.0,24.2,215.9,Panicle,5,0.0,0.81
III,Nueva Ecija,Science City of Muñoz,2020-08-22,23.8,34.1,74.2,0.0,23.8,221.0,Panicle,3,0.02,0.0
III,Nueva Ecija,Science City of Muñoz,2020-08-23,23.1,33.2,76.5,15.9,23.5,186.6,Flowering,2,0.24,0.0
III,Nueva Ecija,Science City of Muñoz,2020-08-24,22.4,33.3,76.4,3.3,23.1,212.7,Flowering,1,0.11,0.55
III,Nueva Ecija,Science City of Muñoz,2020-08-25,24.2,34.2,72.6,0.0,23.7,223.9,Flowering,1,0.0,0.77
III,Nueva Ecija,Science City of Muñoz,2020-08-26,23.4,34.9,74.1,0.0,24.0,200.6,Flowering,2,0.06,0.3
III,Nueva Ecija,Science City of Muñoz,2020-08-27,23.1,34.8,78.1,4.7,24.6,211.0,Flowering,1,0.05,0.92
III,Nueva Ecija,Science City of Muñoz,2020-08-28,23.5,33.6,81.6,2.9,24.9,218.6,Flowering,0,0.0,0.79
III,Nueva Ecija,Science City of Muñoz,2020-08-29,23.9,34.4,78.3,0.0,24.8,211.9,Flowering,0,0.11,0.89
III,Nueva Ecija,Science City of Muñoz,2020-08-30,24.1,33.9,75.7,0.0,24.1,216.5,Flowering,1,0.01,0.0
III,Nueva Ecija,Science City of Muñoz,2020-08-31,24.0,34.9,80.6,9.6,25.6,205.5,Flowering,2,0.12,0.0
III,Nueva Ecija,Science City of Muñoz,2020-09-01,22.5,32.8,80.1,15.2,23.7,203.5,Flowering,1,0.14,0.37999999999999995
III,Nueva Ecija,Science City of Muñoz,2020-09-02,22.0,33.9,75.2,0.0,23.0,216.8,Flowering,2,0.09,0.7599999999999999
III,Nueva Ecija,Science City of Muñoz,2020-09-03,22.24,33.6,75.8,0.0,23.0,209.9,Flowering,0,0.0,1.14
III,Nueva Ecija,Science City of Muñoz,2020-09-04,22.48,33.0,80.6,22.4,22.9,190.9,Flowering,1,0.08,0.43
III,Nueva Ecija,Science City of Muñoz,2020-09-05,22.72,34.4,79.1,0.0,23.9,231.4,Flowering,0,0.07,0.0
III,Nueva Ecija,Science City of Muñoz,2020-09-06,22.96,34.1,81.5,11.6,24.3,213.8,Flowering,2,0.07,0.28
III,Nueva Ecija,Science City of Muñoz,2020-09-07,23.2,33.3,81.2,8.5,24.5,202.3,Flowering,3,0.0,2.07
III,Nueva Ecija,Science City of Muñoz,2020-09-08,23.8,32.5,77.1,0.1,23.6,225.0,Ripening,3,0.11,1.8033333333333332
III,Nueva Ecija,Science City of Muñoz,2020-09-09,24.2,34.1,79.8,0.0,25.1,208.0,Ripening,1,0.16,1.5366666666666666
III,Nueva Ecija,Science City of Muñoz,2020-09-10,23.9,36.3,83.2,1.8,26.7,211.3,Ripening,3,0.14,1.27
III,Nueva Ecija,Science City of Muñoz,2020-09-11,23.4,34.6,82.1,2.085714285714286,25.4,205.9,Ripening,2,0.1,2.14
III,Nueva Ecija,Science City of Muñoz,2020-09-12,23.3,34.6,81.7,2.3714285714285714,25.3,184.8,Ripening,6,0.08,1.94
III,Nueva Ecija,Science City of Muñoz,2020-09-13,23.5,34.8,79.1,2.657142857142857,25.0,201.2,Ripening,4,0.04,1.07
III,Nueva Ecija,Science City of Muñoz,2020-09-14,25.2,34.2,80.4,2.942857142857143,25.8,173.1,Ripening,2,0.04,1.34
III,Nueva Ecija,Science City of Muñoz,2020-09-15,25.0,33.8,77.3,3.2285714285714286,24.9,218.1,Ripening,3,0.12,4.09
III,Nueva Ecija,Science City of Muñoz,2020-09-16,24.95,34.0,81.6,3.5142857142857142,25.0,212.2,Ripening,5,0.06,2.26
III,Nueva Ecija,Science City of Muñoz,2020-09-17,24.9,33.4,76.3,3.8,23.5,208.4,Ripening,6,0.19,1.22
III,Nueva Ecija,Science City of Muñoz,2020-09-18,24.85,34.0,80.4,15.2,25.0,213.7,Ripening,4,0.12,1.87
III,Nueva Ecija,Science City of Muñoz,2020-09-19,24.8,34.2,79.2,20.7,25.3,202.7,Ripening,6,0.12,1.51
III,Nueva Ecija,Science City of Muñoz,2020-09-20,24.8,33.3,78.3,10.3,24.7,208.5,Ripening,3,0.22,0.6
III,Nueva Ecija,Science City of Muñoz,2020-09-21,25.0,34.0,74.2,0.0,24.3,230.7,Ripening,1,0.04,1.06
III,Nueva Ecija,Science City of Muñoz,2020-09-22,25.4,35.5,81.5,2.8,26.8,213.2,Ripening,5,0.07,1.68
III,Nueva Ecija,Science City of Muñoz,2020-09-23,24.0,32.6,81.8,88.5,24.7,174.3,Ripening,3,0.04,2.56
III,Nueva Ecija,Science City of Muñoz,2020-09-24,23.6,34.7,81.7,10.0,25.5,207.8,Ripening,3,0.03,1.19
III,Nueva Ecija,Science City of Muñoz,2020-09-25,23.0,34.3,80.6,0.0,24.8,226.7,Ripening,1,0.19,1.41
III,Nueva Ecija,Science City of Muñoz,2020-09-26,22.7,35.0,80.0,0.0,24.8,214.0,Ripening,4,0.2,2.06
III,Nueva Ecija,Science City of Muñoz,2020-09-27,22.5,33.4,81.4,29.7,24.2,197.2,Ripening,7,0.0,0.19
III,Nueva Ecija,Science City of Muñoz,2020-09-28,23.3,34.4,80.8,8.8,25.0,212.3,Ripening,5,0.1,0.1
III,Nueva Ecija,Science City of Muñoz,2020-09-29,23.5,33.2,81.4,31.3,24.6,180.5,Ripening,6,0.13,0.0
III,Nueva Ecija,Science City of Muñoz,2020-09-30,22.6,32.9,76.2,32.4,23.0,183.0,Ripening,2,0.02,0.0
III,Nueva Ecija,Science City of Muñoz,2020-10-01,23.6,33.4,78.4,1.2,24.2,214.5,Ripening,3,0.0,0.68
III,Nueva Ecija,Science City of Muñoz,2020-10-02,24.4,33.2,76.3,0.8999999999999999,24.1,227.7,Ripening,4,0.02,0.0
III,Nueva Ecija,Science City of Muñoz,2020-10-03,23.0,32.8,76.7,0.6,23.2,237.7,Ripening,4,0.27,1.11
III,Nueva Ecija,Science City of Muñoz,2020-10-04,23.5,33.3,74.2,0.30000000000000004,23.2,205.7,Ripening,0,0.0,0.23
III,Nueva Ecija,Science City of Muñoz,2020-10-05,23.3,34.2,74.3,0.0,23.6,220.1,Ripening,0,0.07,0.09
III,Nueva Ecija,Science City of Muñoz,2020-10-06,23.1,34.2,77.6,23.5,24.2,197.2,Ripening,0,0.21,0.0
III,Nueva Ecija,Science City of Muñoz,2020-10-07,23.8,32.9,71.8,0.0,22.7,210.0,Ripening,0,0.05,0.08
III,Nueva Ecija,Science City of Muñoz,2020-10-08,23.2,33.4,78.4,9.3,24.0,214.8,Ripening,0,0.06,0.15
III,Nueva Ecija,Science City of Muñoz,2020-10-09,23.7,32.7,79.4,5.8,24.1,213.5,Ripening,0,0.01,0.06
III,Nueva Ecija,Science City of Muñoz,2020-10-10,25.2,34.4,80.3,0.0,25.9,209.7,Ripening,0,0.13,0.14
III,Nueva Ecija,Science City of Muñoz,2020-10-11,23.6,35.6,79.3,2.7,25.5,214.8,Ripening,0,0.13,0.12
III,Nueva Ecija,Science City of Muñoz,2020-10-12,22.2,34.4,74.4,0.0,23.2,222.8,Ripening,0,0.12,0.04
III,Nueva Ecija,Science City of Muñoz,2020-10-13,21.7,34.3,78.6,25.4,23.7,207.4,Ripening,0,0.0,0.09
III,Nueva Ecija,Science City of Muñoz,2020-10-14,22.6,34.1,77.4,0.0,23.8,217.8,Ripening,0,0.0,0.0
III,Nueva Ecija,Science City of Muñoz,2020-10-15,23.2,34.3,79.7,10.0,24.7,215.8,Ripening,0,0.02,0.08
III,Nueva Ecija,Science City of Muñoz,2020-10-16,23.9,34.6,81.6,3.2,25.6,199.9,Ripening,0,0.08,0.1
III,Nueva Ecija,Science City of Muñoz,2020-10-17,24.6,35.1,78.1,0.0,25.5,206.3,Ripening,0,0.09,0.17
III,Nueva Ecija,Science City of Muñoz,2020-10-18,24.1,35.2,83.5,2.0,26.4,225.1,Ripening,0,0.16,0.04
III,Nueva Ecija,Science City of Muñoz,2020-10-19,23.7,35.3,82.9,13.9,26.1,210.6,Ripening,0,0.04,0.08
III,Nueva Ecija,Science City of Muñoz,2020-10-20,24.0,34.5,79.9,0.0,25.2,214.0,Ripening,0,0.02,0.06
III,Nueva Ecija,Science City of Muñoz,2020-10-21,23.9,34.666666666666664,76.9,0.0,24.0,209.6,Ripening,0,0.0,0.12
III,Nueva Ecija,Science City of Muñoz,2020-10-22,24.6,34.833333333333336,71.1,0.0,23.9,213.8,Ripening,0,0.21,0.13
III,Nueva Ecija,Science City of Muñoz,2020-10-23,23.3,35.0,70.7,0.0,23.3,220.0,Ripening,0,0.0,0.24
III,Nueva Ecija,Science City of Muñoz,2020-10-24,22.8,33.3,69.3,0.0,21.9,225.6,Ripening,0,0.16,0.21833333333333332
III,Nueva Ecija,Science City of Muñoz,2020-10-25,23.3,32.4,68.0,0.0,21.5,233.8,Ripening,0,0.13,0.19666666666666666
III,Nueva Ecija,Science City of Muñoz,2020-10-26,23.1,32.5,67.8,0.0,21.4,216.6,Ripening,0,0.0,0.175
III,Nueva Ecija,Science City of Muñoz,2020-10-27,22.5,32.8,68.9,11.6,21.4,209.0,Ripening,0,0.14,0.15333333333333332
III,Nueva Ecija,Science City of Muñoz,2020-10-28,23.4,32.8,71.0,4.8,22.3,228.1,Ripening,0,0.02,0.13166666666666665
III,Nueva Ecija,Science City of Muñoz,2020-10-29,22.0,31.3,71.8,83.6,21.0,162.6,Ripening,0,0.07,0.11
III,Nueva Ecija,Science City of Muñoz,2020-10-30,22.2,34.9,67.5,0.0,22.0,219.7,Ripening,0,0.08,0.18
III,Nueva Ecija,Science City of Muñoz,2020-10-31,22.8,33.9,74.9,1.2,23.3,217.63333333333333,Ripening,0,0.12,0.06
III,Nueva Ecija,Science City of Muñoz,2020-11-01,22.4,34.8,70.1,0.0,22.6,215.56666666666666,Ripening,0,0.02,0.12
III,Nueva Ecija,Science City of Muñoz,2020-11-02,23.3,34.0,76.8,0.0,24.0,213.5,Ripening,0,0.01,0.23
III,Nueva Ecija,Science City of Muñoz,2020-11-03,23.6,33.5,76.1,0.0,23.8,211.43333333333334,Ripening,0,0.0,0.0
III,Nueva Ecija,Science City of Muñoz,2020-11-04,22.5,32.2,75.5,0.0,22.5,209.36666666666667,Ripening,0,0.01,0.18
III,Nueva Ecija,Science City of Muñoz,2020-11-05,21.6,33.0,79.0,12.9,23.1,207.3,Ripening,0,0.03,0.0
III,Nueva Ecija,Science City of Muñoz,2020-11-06,22.1,32.5,74.5,0.0,22.2,216.4,Ripening,0,0.05,0.0
III,Nueva Ecija,Science City of Muñoz,2020-11-07,22.3,33.0,80.1,10.1,23.7,212.5,Seedling,0,0.09,0.0
III,Nueva Ecija,Science City of Muñoz,2020-11-08,22.1,32.6,76.9,20.2,22.7,210.3,Seedling,0,0.19,0.1
III,Nueva Ecija,Science City of Muñoz,2020-11-09,22.0,33.2,78.7,16.4,23.3,223.2,Seedling,0,0.06,0.16
III,Nueva Ecija,Science City of Muñoz,2020-11-10,24.0,34.4,77.7,4.6,24.7,201.9,Seedling,0,0.09,0.02
III,Nueva Ecija,Science City of Muñoz,2020-11-11,23.6,34.1,79.1,12.1,24.7,219.7,Seedling,0,0.13,0.12
III,Nueva Ecija,Science City of Muñoz,2020-11-12,23.9,34.8,72.1,0.0,23.8,233.9,Seedling,0,0.1,0.12
III,Nueva Ecija,Science City of Muñoz,2020-11-13,22.9,34.1,76.6,4.3,23.8,223.9,Seedling,0,0.1,0.07
III,Nueva Ecija,Science City of Muñoz,2020-11-14,21.5,34.2,76.2,56.2,23.1,181.9,Seedling,0,0.22,0.07
III,Nueva Ecija,Science City of Muñoz,2020-11-15,21.45,34.95,75.2,0.0,23.9,213.4,Seedling,0,0.2,0.01
III,Nueva Ecija,Science City of Muñoz,2020-11-16,21.4,35.7,71.3,0.0,22.8,235.2,Seedling,0,0.08,0.13
III,Nueva Ecija,Science City of Muñoz,2020-11-17,22.9,36.7,73.2,0.0,24.4,222.0,Seedling,0,0.05,0.02
III,Nueva Ecija,Science City of Muñoz,2020-11-18,23.1,34.6,76.6,14.9,24.2,214.4,Seedling,0,0.13,0.03
III,Nueva Ecija,Science City of Muñoz,2020-11-19,23.6,34.9,74.5,0.0,24.2,244.7,Seedling,0,0.08,0.08
III,Nueva Ecija,Science City of Muñoz,2020-11-20,23.4,35.7,78.3,7.5,25.2,212.8,Seedling,0,0.15,0.19
III,Nueva Ecija,Science City of Muñoz,2020-11-21,22.9,35.7,78.3,0.0,25.0,224.8,Seedling,0,0.01,0.05
III,Nueva Ecija,Science City of Muñoz,2020-11-22,23.0,35.0,78.1,0.0,24.6,232.1,Seedling,0,0.17,0.19
III,Nueva Ecija,Science City of Muñoz,2020-11-23,22.9,33.6,77.6,7.8,23.8,214.6,Seedling,0,0.21,0.05
III,Nueva Ecija,Science City of Muñoz,2020-11-24,22.8,34.8,77.5,2.1,24.3,219.2,Seedling,0,0.14,0.14
III,Nueva Ecija,Science City of Muñoz,2020-11-25,22.5,35.0,72.4,0.0,23.2,221.5,Seedling,0,0.18,0.31
III,Nueva Ecija,Science City of Muñoz,2020-11-26,22.8,34.6,74.3,3.4,23.6,225.5,Seedling,0,0.09,0.0
III,Nueva Ecija,Science City of Muñoz,2020-11-27,23.4,34.6,70.5,0.0,23.1,218.7,Seedling,0,0.03,0.0
III,Nueva Ecija,Science City of Muñoz,2020-11-28,22.9,34.8,68.5,0.0,22.5,229.6,Seedling,0,0.02,0.11
III,Nueva Ecija,Science City of Muñoz,2020-11-29,21.7,33.5,72.4,9.7,22.1,210.7,Seedling,0,0.17,0.05
III,Nueva Ecija,Science City of Muñoz,2020-11-30,22.3,33.5,68.7,0.0,21.6,241.1,Seedling,0,0.12,0.05
III,Nueva Ecija,Science City of Muñoz,2020-12-01,23.2,33.6,69.3,0.0,22.3,234.0,Seedling,0,0.24,0.14
III,Nueva Ecija,Science City of Muñoz,2020-12-02,22.5,32.7,77.1,6.0,23.0,230.7,Seedling,0,0.07,0.04
III,Nueva Ecija,Science City of Muñoz,2020-12-03,22.8,33.3,73.7,0.0,22.8,228.7,Seedling,0,0.08,0.1
III,Nueva Ecija,Science City of Muñoz,2020-12-04,23.1,32.9,72.0,5.7,22.4,224.8,Seedling,0,0.064,0.05
III,Nueva Ecija,Science City of Muñoz,2020-12-05,22.5,33.3,74.2,11.4,22.7,225.9,Seedling,0,0.048,0.0
III,Nueva Ecija,Science City of Muñoz,2020-12-06,22.4,33.0,77.6,17.1,23.2,216.1,Seedling,0,0.032,0.12
III,Nueva Ecija,Science City of Muñoz,2020-12-07,23.9,35.6,71.7,0.0,24.1,234.6,Seedling,0,0.016,0.09
III,Nueva Ecija,Science City of Muñoz,2020-12-08,23.7,33.7,73.1,0.0,23.3,234.1,Seedling,0,0.0,0.05
III,Nueva Ecija,Science City of Muñoz,2020-12-09,23.4,32.2,70.9,0.0,22.0,224.3,Seedling,0,0.02,0.14
III,Nueva Ecija,Science City of Muñoz,2020-12-10,22.4,33.6,70.5,0.0,22.1,253.6,Seedling,0,0.13,0.38
III,Nueva Ecija,Science City of Muñoz,2020-12-11,22.2,31.7,72.6,0.0,21.5,223.9,Seedling,0,0.03,0.0
III,Nueva Ecija,Science City of Muñoz,2020-12-12,21.8,32.7,74.1,6.9,22.1,219.1,Seedling,0,1.37,0.14
III,Nueva Ecija,Science City of Muñoz,2020-12-13,22.4,33.6,68.0,0.8,21.6,225.9,Seedling,1,0.18,0.07
III,Nueva Ecija,Science City of Muñoz,2020-12-14,22.4,32.8,74.7,2.4,22.5,234.0,Seedling,2,0.64,0.08
III,Nueva Ecija,Science City of Muñoz,2020-12-15,22.2,33.3,71.7,0.0,22.1,226.1,Seedling,1,0.0,0.0
III,Nueva Ecija,Science City of Muñoz,2020-12-16,23.2,33.2,72.4,0.0,22.7,233.8,Seedling,1,1.1,0.01
III,Nueva Ecija,Science City of Muñoz,2020-12-17,24.2,33.8,72.7,0.0,23.5,229.0,Seedling,2,0.0,0.07
III,Nueva Ecija,Science City of Muñoz,2020-12-18,23.0,33.4,71.5,0.0,22.5,224.0,Seedling,2,0.0,0.0
III,Nueva Ecija,Science City of Muñoz,2020-12-19,23.2,33.5,67.2,0.0,21.8,225.8,Seedling,2,0.27,0.04
III,Nueva Ecija,Science City of Muñoz,2020-12-20,23.7,34.5,68.6,0.0,22.8,225.6,Seedling,2,0.06,0.03
III,Nueva Ecija,Science City of Muñoz,2020-12-21,23.5,34.0,69.6,0.0,22.7,215.8,Seedling,1,0.0,0.06
III,Nueva Ecija,Science City of Muñoz,2020-12-22,23.8,34.0,73.3,20.1,23.6,217.8,Seedling,1,0.8,0.08
III,Nueva Ecija,Science City of Muñoz,2020-12-23,23.0,35.3,70.0,0.0,23.2,225.9,Seedling,0,0.79,0.04
III,Nueva Ecija,Science City of Muñoz,2020-12-24,23.9,35.2,70.0,0.0,23.6,231.5,Seedling,0,1.01,0.03
III,Nueva Ecija,Science City of Muñoz,2020-12-25,22.4,34.8,71.1,0.0,22.8,222.0,Seedling,1,0.0,0.02
III,Nueva Ecija,Science City of Muñoz,2020-12-26,22.3,33.7,78.4,5.9,23.7,219.0,Seedling,1,0.69,0.0
III,Nueva Ecija,Science City of Muñoz,2020-12-27,22.7,33.0,73.3,0.0,22.5,241.6,Seedling,2,1.05,0.14
III,Nueva Ecija,Science City of Muñoz,2020-12-28,21.3,33.4,77.5,14.1,22.8,228.8,Tillering,2,0.72,0.08
III,Nueva Ecija,Science City of Muñoz,2020-12-29,21.9,34.1,75.2,10.6,23.0,211.4,Tillering,2,0.68,0.08
III,Nueva Ecija,Science City of Muñoz,2020-12-30,23.0,33.9,78.4,1.3,24.1,232.0,Tillering,1,0.0,0.01
III,Nueva Ecija,Science City of Muñoz,2020-12-31,23.7,33.0,70.2,0.0,22.4,225.9,Tillering,3,0.29,0.1
III,Nueva Ecija,Science City of Muñoz,2021-01-01,22.7,33.2,69.0,0.0,21.8,233.4,Tillering,1,0.47,0.07
III,Nueva Ecija,Science City of Muñoz,2021-01-02,22.0,33.7,71.3,9.6,22.1,233.1,Tillering,1,0.0,0.0
III,Nueva Ecija,Science City of Muñoz,2021-01-03,22.2,34.9,69.1,0.0,22.4,226.6,Tillering,3,0.8,0.22
III,Nueva Ecija,Science City of Muñoz,2021-01-04,21.8,33.8,69.8,0.0,21.8,227.4,Tillering,0,0.0,0.13
III,Nueva Ecija,Science City of Muñoz,2021-01-05,22.3,33.9,71.1,0.0,22.3,232.7,Tillering,3,0.01,0.1
III,Nueva Ecija,Science City of Muñoz,2021-01-06,23.5,32.5,73.9,3.3,22.8,236.2,Tillering,3,0.0,0.14
III,Nueva Ecija,Science City of Muñoz,2021-01-07,23.4,31.9,73.2,0.0,22.3,230.8,Tillering,2,0.1,0.12
III,Nueva Ecija,Science City of Muñoz,2021-01-08,23.1,32.8,71.2,0.0,22.2,228.1,Tillering,4,0.0,0.07
III,Nueva Ecija,Science City of Muñoz,2021-01-09,23.5,33.1,70.2,0.0,22.3,240.0,Tillering,2,0.15,0.1
III,Nueva Ecija,Science City of Muñoz,2021-01-10,22.5,32.5,67.8,0.0,21.1,236.0,Tillering,3,0.74,0.14
III,Nueva Ecija,Science City of Muñoz,2021-01-11,21.8,32.0,67.86666666666666,0.0,20.1,241.9,Tillering,3,0.74,0.1
III,Nueva Ecija,Science City of Muñoz,2021-01-12,22.7,31.8,67.93333333333334,0.0,21.1,238.9,Tillering,2,0.95,0.17
III,Nueva Ecija,Science City of Muñoz,2021-01-13,22.7,33.9,68.0,0.0,21.9,245.8,Tillering,3,0.16,0.0
III,Nueva Ecija,Science City of Muñoz,2021-01-14,23.2,32.9,68.125,0.0,21.5,245.7,Tillering,1,0.13,0.06
III,Nueva Ecija,Science City of Muñoz,2021-01-15,23.8,32.9,68.25,0.0,22.4,231.1,Tillering,1,1.14,0.1
III,Nueva Ecija,Science City of Muñoz,2021-01-16,24.2,33.4,68.375,0.0,23.5,233.5,Tillering,3,0.73,0.13
III,Nueva Ecija,Science City of Muñoz,2021-01-17,24.0,33.8,68.5,0.0,22.6,241.6,Tillering,2,0.0,0.19
III,Nueva Ecija,Science City of Muñoz,2021-01-18,22.3,33.4,68.9,0.0,21.6,234.8,Tillering,2,0.13,0.0
III,Nueva Ecija,Science City of Muñoz,2021-01-19,21.7,33.6,65.3,0.0,20.7,235.9,Tillering,1,0.06,0.22
III,Nueva Ecija,Science City of Muñoz,2021-01-20,20.1,33.3,69.8,5.3,20.7,230.2,Tillering,0,0.0,0.0
III,Nueva Ecija,Science City of Muñoz,2021-01-21,20.8,32.6,63.9,0.0,19.5,238.5,Tillering,1,0.0,0.15
III,Nueva Ecija,Science City of Muñoz,2021-01-22,22.1,33.4,65.3,0.0,20.8,235.0,Elongation,3,0.66,0.0
III,Nueva Ecija,Science City of Muñoz,2021-01-23,22.0,34.6,67.6,0.0,21.8,241.1,Elongation,0,0.72,0.25
III,Nueva Ecija,Science City of Muñoz,2021-01-24,22.3,34.3,70.3,0.0,22.4,243.6,Elongation,1,0.59,0.15
III,Nueva Ecija,Science City of Muñoz,2021-01-25,21.6,34.3,66.2,0.0,21.2,231.5,Elongation,1,0.5,0.11
III,Nueva Ecija,Science City of Muñoz,2021-01-26,21.7,34.9,65.7,0.0,21.4,234.3,Elongation,0,1.54,0.19
III,Nueva Ecija,Science City of Muñoz,2021-01-27,21.6,36.4,65.7,0.0,21.9,239.4,Elongation,2,2.45,0.0
III,Nueva Ecija,Science City of Muñoz,2021-01-28,21.5,35.3,63.9,0.0,21.6,259.4,Elongation,0,2.19,0.21
III,Nueva Ecija,Science City of Muñoz,2021-01-29,21.4,35.7,67.5,0.0,22.2,236.6,Elongation,0,3.63,0.05
III,Nueva Ecija,Science City of Muñoz,2021-01-30,21.3,35.7,65.5,0.0,21.6,233.4,Elongation,2,4.06,0.14
III,Nueva Ecija,Science City of Muñoz,2021-01-31,21.1,36.0,67.2,0.0,22.0,244.8,Elongation,1,4.34,0.09
III,Nueva Ecija,Science City of Muñoz,2021-02-01,21.4,35.3,69.2,2.7,22.2,239.9,Elongation,4,5.03,0.01
III,Nueva Ecija,Science City of Muñoz,2021-02-02,21.1,36.2,65.6,0.0,21.8,243.0,Elongation,1,5.82,0.02
III,Nueva Ecija,Science City of Muñoz,2021-02-03,22.7,34.1,63.1,0.0,21.0,238.5,Elongation,2,5.3,0.15
III,Nueva Ecija,Science City of Muñoz,2021-02-04,22.4,34.1,64.5,0.0,21.2,236.5,Elongation,3,6.85,0.07
III,Nueva Ecija,Science City of Muñoz,2021-02-05,22.6,33.4,62.8,0.0,20.6,229.6,Elongation,2,6.65,0.08
III,Nueva Ecija,Science City of Muñoz,2021-02-06,22.9,33.9,65.8,0.0,21.6,229.5,Elongation,1,6.55,0.09
III,Nueva Ecija,Science City of Muñoz,2021-02-07,22.2,33.9,69.9,9.7,22.0,227.4,Elongation,1,6.08,0.15
III,Nueva Ecija,Science City of Muñoz,2021-02-08,22.7,33.5,65.6,0.0,21.2,242.9,Elongation,3,6.07,0.12
III,Nueva Ecija,Science City of Muñoz,2021-02-09,23.6,35.1,65.0,0.0,22.4,237.3,Elongation,2,5.3,0.0
III,Nueva Ecija,Science City of Muñoz,2021-02-10,23.2,35.8,70.2,0.0,23.5,248.5,Elongation,3,5.23,0.08
III,Nueva Ecija,Science City of Muñoz,2021-02-11,22.3,35.4,70.2,0.0,22.9,243.3,Panicle,2,0.07,7.51
III,Nueva Ecija,Science City of Muñoz,2021-02-12,22.8,33.9,66.1,0.0,21.6,226.6,Panicle,2,0.06,7.48
III,Nueva Ecija,Science City of Muñoz,2021-02-13,22.7,34.6,67.2,0.0,22.1,229.8,Panicle,0,0.04,7.14
III,Nueva Ecija,Science City of Muñoz,2021-02-14,22.9,33.7,60.7,0.0,20.4,229.5,Panicle,1,0.16,5.35
III,Nueva Ecija,Science City of Muñoz,2021-02-15,23.1,33.0,66.7,0.0,21.4,245.6,Panicle,1,0.07,3.84
III,Nueva Ecija,Science City of Muñoz,2021-02-16,21.9,33.5,68.2,0.0,21.3,248.5,Panicle,3,0.04,1.85
III,Nueva Ecija,Science City of Muñoz,2021-02-17,23.3,33.3,73.3,2.4,23.0,258.1,Panicle,0,0.07,1.59
III,Nueva Ecija,Science City of Muñoz,2021-02-18,22.9,33.0,71.6,7.5,22.3,236.4,Panicle,2,0.2,0.78
III,Nueva Ecija,Science City of Muñoz,2021-02-19,22.4,31.9,68.8,0.0,20.9,238.6,Panicle,1,0.12,0.0
III,Nueva Ecija,Science City of Muñoz,2021-02-20,21.9,32.1,71.1,13.2,21.2,232.1,Panicle,1,0.09,1.05
III,Nueva Ecija,Science City of Muñoz,2021-02-21,20.9,32.7,68.2,0.0,20.4,249.4,Panicle,1,0.09,1.25
III,Nueva Ecija,Science City of Muñoz,2021-02-22,21.2,32.4,68.1,0.0,20.4,241.8,Panicle,1,0.01,2.54
III,Nueva Ecija,Science City of Muñoz,2021-02-23,21.6,32.7,69.8,0.0,21.1,225.6,Panicle,1,0.05,1.11
III,Nueva Ecija,Science City of Muñoz,2021-02-24,21.5,32.3,69.2,0.0,20.7,249.2,Panicle,0,0.1,1.16
III,Nueva Ecija,Science City of Muñoz,2021-02-25,21.7,32.5,67.9,0.0,20.7,237.8,Panicle,3,0.14,0.47
III,Nueva Ecija,Science City of Muñoz,2021-02-26,22.5,32.8,65.8,0.0,20.8,234.6,Flowering,0,0.14,0.83
III,Nueva Ecija,Science City of Muñoz,2021-02-27,22.3,33.1,69.1,0.0,21.5,251.6,Flowering,1,0.16,0.03
III,Nueva Ecija,Science City of Muñoz,2021-02-28,22.5,33.2,68.7,0.0,21.6,243.9,Flowering,5,0.0,0.0
III,Nueva Ecija,Science City of Muñoz,2021-03-01,22.7,34.3,66.2,0.0,21.7,244.3,Flowering,4,0.1,0.63
III,Nueva Ecija,Science City of Muñoz,2021-03-02,21.3,35.4,66.4,0.0,21.6,241.8,Flowering,2,0.21,0.09
III,Nueva Ecija,Science City of Muñoz,2021-03-03,21.8,33.5,66.2,0.0,20.9,228.9,Flowering,2,0.12,0.37
III,Nueva Ecija,Science City of Muñoz,2021-03-04,21.5,33.7,65.2,0.0,20.6,246.8,Flowering,0,0.17,0.88
III,Nueva Ecija,Science City of Muñoz,2021-03-05,21.7,31.6,64.1,0.0,19.5,241.9,Flowering,1,0.32,0.0
III,Nueva Ecija,Science City of Muñoz,2021-03-06,21.2,30.9,64.5,0.0,18.9,235.2,Flowering,2,0.09,1.18
III,Nueva Ecija,Science City of Muñoz,2021-03-07,22.0,31.3,64.7,0.0,19.6,245.2,Flowering,2,0.12,0.0
III,Nueva Ecija,Science City of Muñoz,2021-03-08,21.9,31.5,64.9,0.0,19.7,232.8,Flowering,0,0.14,0.0
III,Nueva Ecija,Science City of Muñoz,2021-03-09,21.4,31.3,65.7,0.0,19.5,238.1,Flowering,0,0.1,0.0
III,Nueva Ecija,Science City of Muñoz,2021-03-10,21.3,32.3,67.8,0.0,20.4,222.7,Flowering,0,0.19,0.68
III,Nueva Ecija,Science City of Muñoz,2021-03-11,21.4,32.5,64.9,0.0,19.9,237.7,Flowering,1,0.07,0.0
III,Nueva Ecija,Science City of Muñoz,2021-03-12,20.8,32.9,64.8,0.0,19.8,231.6,Flowering,1,0.14,0.76
III,Nueva Ecija,Science City of Muñoz,2021-03-13,20.5,33.5,64.9,0.0,20.0,249.2,Ripening,1,0.01,0.0
III,Nueva Ecija,Science City of Muñoz,2021-03-14,20.5,31.9,63.7,0.0,18.9,256.8,Ripening,0,0.19,0.37
III,Nueva Ecija,Science City of Muñoz,2021-03-15,20.8,31.5,70.3,16.8,20.2,212.4,Ripening,0,0.04,0.81
III,Nueva Ecija,Science City of Muñoz,2021-03-16,21.0,33.4,68.2,0.0,20.8,224.1,Ripening,0,0.0,1.08
III,Nueva Ecija,Science City of Muñoz,2021-03-17,21.6,33.3,68.2,0.0,21.1,245.8,Ripening,0,0.04,0.62
III,Nueva Ecija,Science City of Muñoz,2021-03-18,21.0,34.1,69.1,0.0,21.4,234.7,Ripening,0,0.15,1.41
III,Nueva Ecija,Science City of Muñoz,2021-03-19,21.4,33.1,68.5,0.0,21.0,233.1,Ripening,1,0.14,0.74
III,Nueva Ecija,Science City of Muñoz,2021-03-20,22.6,34.2,66.8,0.0,21.8,237.0,Ripening,0,0.0,1.32
III,Nueva Ecija,Science City of Muñoz,2021-03-21,22.1,34.9,68.8,0.0,22.3,246.0,Ripening,2,0.04,0.41
III,Nueva Ecija,Science City of Muñoz,2021-03-22,23.6,33.8,68.2,0.0,22.3,234.2,Ripening,0,0.0,0.0
III,Nueva Ecija,Science City of Muñoz,2021-03-23,22.55,33.599999999999994,66.2,0.0,21.3,229.4,Ripening,0,0.25,0.9
III,Nueva Ecija,Science City of Muñoz,2021-03-24,21.5,33.4,65.4,0.0,20.5,235.5,Ripening,0,0.13,1.2433333333333334
III,Nueva Ecija,Science City of Muñoz,2021-03-25,21.3,33.5,64.0,0.0,20.2,241.1,Ripening,1,0.0,1.5866666666666667
III,Nueva Ecija,Science City of Muñoz,2021-03-26,21.2,34.4,63.7,0.0,20.5,231.0,Ripening,1,0.05,1.9300000000000002
III,Nueva Ecija,Science City of Muñoz,2021-03-27,21.4,33.9,69.5,4.1,21.5,234.5,Ripening,2,0.07,2.2733333333333334
III,Nueva Ecija,Science City of Muñoz,2021-03-28,20.9,35.1,68.1,3.9,21.6,224.1,Ripening,1,0.0,2.6166666666666667
III,Nueva Ecija,Science City of Muñoz,2021-03-29,21.9,35.8,64.0,0.0,21.6,231.4,Ripening,0,0.09,2.96
III,Nueva Ecija,Science City of Muñoz,2021-03-30,21.4,34.4,61.9,0.0,20.3,238.4,Ripening,2,0.09,3.02
III,Nueva Ecija,Science City of Muñoz,2021-03-31,21.8,33.2,59.1,0.0,19.3,233.8,Ripening,0,0.07,3.22
III,Nueva Ecija,Science City of Muñoz,2021-04-01,22.4,32.8,58.4,0.0,19.3,226.2,Ripening,0,0.0,2.79
III,Nueva Ecija,Science City of Muñoz,2021-04-02,23.1,33.8,61.2,0.0,20.7,237.6,Ripening,0,0.08,2.7
III,Nueva Ecija,Science City of Muñoz,2021-04-03,23.2,31.5,61.3,0.0,19.6,244.9,Ripening,0,0.19,2.44
III,Nueva Ecija,Science City of Muñoz,2021-04-04,23.6,32.8,66.6,1.3,21.5,222.0,Ripening,1,0.08,1.57
III,Nueva Ecija,Science City of Muñoz,2021-04-05,23.3,30.6,66.1,0.0,20.2,235.6,Ripening,0,0.1,1.33
III,Nueva Ecija,Science City of Muñoz,2021-04-06,23.6,31.0,65.5,0.0,20.4,248.8,Ripening,0,0.05,1.09
III,Nueva Ecija,Science City of Muñoz,2021-04-07,23.3,30.9,68.2,0.0,20.7,244.5,Ripening,0,0.14,0.08
III,Nueva Ecija,Science City of Muñoz,2021-04-08,23.9,30.6,65.1,0.0,20.3,241.4,Ripening,0,0.04,0.0
III,Nueva Ecija,Science City of Muñoz,2021-04-09,23.2,30.8,67.3,0.0,20.5,213.5,Ripening,0,0.12,0.09
III,Nueva Ecija,Science City of Muñoz,2021-04-10,22.4,31.7,63.4,0.0,19.7,242.5,Ripening,0,0.11,0.0
III,Nueva Ecija,Science City of Muñoz,2021-04-11,22.4,33.2,68.0,3.2,21.4,240.6,Ripening,0,0.13,0.0
III,Nueva Ecija,Science City of Muñoz,2021-04-12,21.9,33.3,65.4,0.0,20.7,225.4,Ripening,0,0.17,0.17
III,Nueva Ecija,Science City of Muñoz,2021-04-13,21.4,33.3,66.9,0.0,20.7,229.5,Ripening,0,0.09,0.22
III,Nueva Ecija,Science City of Muñoz,2021-04-14,22.3,33.3,66.5,0.0,21.1,232.7,Ripening,0,0.16,0.02
III,Nueva Ecija,Science City of Muñoz,2021-04-15,24.0,32.6,67.75,0.0,21.2,242.1,Ripening,0,0.01,0.15
III,Nueva Ecija,Science City of Muñoz,2021-04-16,24.3,32.7,69.0,0.0,21.7,232.0,Ripening,0,0.0,0.26
III,Nueva Ecija,Science City of Muñoz,2021-04-17,23.0,33.5,70.25,0.0,21.8,238.4,Ripening,0,0.12,0.0
III,Nueva Ecija,Science City of Muñoz,2021-04-18,22.0,34.8,71.5,0.0,21.7,244.4,Ripening,0,0.09,0.0
III,Nueva Ecija,Science City of Muñoz,2021-04-19,22.0,34.0,72.75,0.0,22.2,244.7,Ripening,0,0.09,0.09
III,Nueva Ecija,Science City of Muñoz,2021-04-20,22.1,32.8,74.0,13.8,22.2,220.5,Ripening,0,0.25,0.05
III,Nueva Ecija,Science City of Muñoz,2021-04-21,23.3,32.5,69.0,0.0,21.7,224.4,Ripening,0,0.13,0.11
III,Nueva Ecija,Science City of Muñoz,2021-04-22,22.4,34.2,72.0,7.1,22.7,226.1,Ripening,0,0.02,0.02
III,Nueva Ecija,Science City of Muñoz,2021-04-23,22.8,34.1,70.3,0.0,22.5,236.3,Ripening,0,0.0,0.05
III,Nueva Ecija,Science City of Muñoz,2021-04-24,22.4,32.7,68.7,0.0,21.3,232.3,Ripening,0,0.14,0.05
III,Nueva Ecija,Science City of Muñoz,2021-04-25,22.4,33.1,70.5,0.7,21.8,246.1,Ripening,0,0.17,0.07
III,Nueva Ecija,Science City of Muñoz,2021-04-26,23.0,33.5,68.6,0.0,22.0,237.9,Ripening,0,0.03,0.18
III,Nueva Ecija,Science City of Muñoz,2021-04-27,23.5,33.6,65.9,0.0,21.7,229.4,Ripening,0,0.1,0.18
III,Nueva Ecija,Science City of Muñoz,2021-04-28,23.8,31.9,72.4,8.8,22.3,232.7,Ripening,0,0.03,0.16499999999999998
III,Nueva Ecija,Science City of Muñoz,2021-04-29,23.7,32.6,69.1,0.0,22.0,221.0,Ripening,0,0.05,0.15
III,Nueva Ecija,Science City of Muñoz,2021-04-30,22.7,32.5,67.9,0.0,21.2,233.8,Ripening,0,0.08,0.135
III,Nueva Ecija,Science City of Muñoz,2021-05-01,21.4,33.0,67.3,0.0,20.7,215.6,Ripening,0,0.05,0.12
III,Nueva Ecija,Science City of Muñoz,2021-05-02,21.7,33.4,66.8,0.0,20.9,228.1,Ripening,0,0.09,0.27
III,Nueva Ecija,Science City of Muñoz,2021-05-03,22.2,32.9,65.8,0.0,20.7,236.5,Ripening,0,0.15,0.0
III,Nueva Ecija,Science City of Muñoz,2021-05-04,22.5,32.6,66.8,0.0,20.9,226.0,Ripening,0,0.09,0.0
III,Nueva Ecija,Science City of Muñoz,2021-05-05,22.8,31.7,69.6,0.0,21.2,231.2,Ripening,0,0.09,0.06
III,Nueva Ecija,Science City of Muñoz,2021-05-06,23.4,32.4,68.3,0.0,21.6,223.8,Seedling,0,0.03,0.06
III,Nueva Ecija,Science City of Muñoz,2021-05-07,22.0,31.9,71.7,33.1,21.3,206.5,Seedling,0,0.0,0.23
III,Nueva Ecija,Science City of Muñoz,2021-05-08,22.6,33.7,68.9,0.0,21.9,236.8,Seedling,0,0.04,0.12
III,Nueva Ecija,Science City of Muñoz,2021-05-09,22.9,33.1,68.8,0.0,21.8,230.1,Seedling,1,0.12,0.14
III,Nueva Ecija,Science City of Muñoz,2021-05-10,22.1,31.8,70.3,0.5,21.0,231.2,Seedling,0,0.11,0.12
III,Nueva Ecija,Science City of Muñoz,2021-05-11,21.1,32.4,74.4,8.3,21.6,221.4,Seedling,0,0.0,0.0
III,Nueva Ecija,Science City of Muñoz,2021-05-12,21.3,32.1,67.8,0.0,20.3,225.5,Seedling,0,0.01,0.11
III,Nueva Ecija,Science City of Muñoz,2021-05-13,21.0,33.2,67.2,0.0,20.5,240.2,Seedling,0,0.16,0.04
III,Nueva Ecija,Science City of Muñoz,2021-05-14,21.1,32.1,64.6,0.0,19.5,243.2,Seedling,0,0.03,0.3
III,Nueva Ecija,Science City of Muñoz,2021-05-15,21.3,34.8,62.4,0.0,20.5,231.3,Seedling,0,0.0,0.09
III,Nueva Ecija,Science City of Muñoz,2021-05-16,21.3,35.0,64.5,0.0,21.0,227.7,Seedling,0,0.24,0.14
III,Nueva Ecija,Science City of Muñoz,2021-05-17,20.8,34.3,69.2,0.0,21.4,212.6,Seedling,0,0.1,0.09
III,Nueva Ecija,Science City of Muñoz,2021-05-18,21.3,34.5,67.6,0.0,21.4,234.3,Seedling,0,0.07,0.0
III,Nueva Ecija,Science City of Muñoz,2021-05-19,20.7,33.5,71.9,0.0,21.5,218.5,Seedling,0,0.03,0.13
III,Nueva Ecija,Science City of Muñoz,2021-05-20,21.4,34.2,74.2,0.0,22.6,221.7,Seedling,0,0.18,0.02
III,Nueva Ecija,Science City of Muñoz,2021-05-21,21.7,33.8,69.8,0.0,21.7,231.8,Seedling,0,0.17,0.05
III,Nueva Ecija,Science City of Muñoz,2021-05-22,22.7,33.4,76.0,0.0,23.2,237.2,Seedling,0,0.01,0.09
III,Nueva Ecija,Science City of Muñoz,2021-05-23,22.7,32.3,76.7,7.9,22.8,228.5,Seedling,0,0.14,0.15
III,Nueva Ecija,Science City of Muñoz,2021-05-24,21.6,33.2,75.3,11.2,22.5,220.4,Seedling,0,0.03,0.01
III,Nueva Ecija,Science City of Muñoz,2021-05-25,21.9,34.4,69.2,0.0,22.0,235.1,Seedling,0,0.08,0.034999999999999996
III,Nueva Ecija,Science City of Muñoz,2021-05-26,22.2,35.0,73.5,7.7,23.3,234.3,Seedling,0,0.08,0.06
III,Nueva Ecija,Science City of Muñoz,2021-05-27,21.0,34.3,73.8,8.9,22.4,214.9,Seedling,0,0.02,0.08499999999999999
III,Nueva Ecija,Science City of Muñoz,2021-05-28,21.3,33.4,71.5,0.0,21.7,225.4,Seedling,0,0.12,0.10999999999999999
III,Nueva Ecija,Science City of Muñoz,2021-05-29,22.1,33.5,71.7,0.0,22.1,218.2,Seedling,0,0.04,0.13499999999999998
III,Nueva Ecija,Science City of Muñoz,2021-05-30,22.6,33.2,69.5,0.0,21.8,224.7,Seedling,0,0.0,0.16
III,Nueva Ecija,Science City of Muñoz,2021-05-31,21.3,33.2,68.1,0.0,20.9,231.2,Seedling,0,0.12,0.06
III,Nueva Ecija,Science City of Muñoz,2021-06-01,21.4,32.7,69.9,0.0,21.0,235.4,Seedling,0,0.0,0.16
III,Nueva Ecija,Science City of Muñoz,2021-06-02,21.8,31.9,69.3,0.0,20.7,227.1,Seedling,0,0.18,0.02
III,Nueva Ecija,Science City of Muñoz,2021-06-03,20.9,31.9,72.5,1.9,20.9,220.6,Seedling,0,0.0,0.12
III,Nueva Ecija,Science City of Muñoz,2021-06-04,21.9,32.6,75.3,3.8,22.3,217.8,Seedling,11,1.52,0.0
III,Nueva Ecija,Science City of Muñoz,2021-06-05,22.6,32.8,74.78,0.0,22.4,234.1,Seedling,11,1.63,0.0
III,Nueva Ecija,Science City of Muñoz,2021-06-06,24.2,34.3,74.26,1.0,24.6,226.2,Seedling,12,1.06,0.0
III,Nueva Ecija,Science City of Muñoz,2021-06-07,23.6,32.7,73.74,0.0,23.4,230.6,Seedling,10,0.29,0.06
III,Nueva Ecija,Science City of Muñoz,2021-06-08,24.5,33.0,73.22,0.0,23.6,209.1,Seedling,14,0.54,0.16
III,Nueva Ecija,Science City of Muñoz,2021-06-09,24.0,34.5,72.7,0.0,23.8,215.7,Seedling,7,0.4,0.17
III,Nueva Ecija,Science City of Muñoz,2021-06-10,23.8,34.1,74.1,0.0,23.8,229.8,Seedling,8,0.0,0.14
III,Nueva Ecija,Science City of Muñoz,2021-06-11,22.3,33.7,71.9,0.0,22.4,223.1,Seedling,14,0.6,0.01
III,Nueva Ecija,Science City of Muñoz,2021-06-12,22.4,33.1,70.4,0.0,21.8,226.1,Seedling,8,0.0,0.1
III,Nueva Ecija,Science City of Muñoz,2021-06-13,22.1,33.2,71.9,10.5,22.0,205.2,Seedling,4,0.38,0.19
III,Nueva Ecija,Science City of Muñoz,2021-06-14,22.4,33.2,67.6,0.0,21.3,231.5,Seedling,8,0.56,0.1
III,Nueva Ecija,Science City of Muñoz,2021-06-15,23.4,33.1,69.5,0.0,22.2,224.0,Seedling,9,0.2,0.18
III,Nueva Ecija,Science City of Muñoz,2021-06-16,22.2,31.7,72.8,12.7,21.5,212.1,Seedling,9,0.0,0.174
III,Nueva Ecija,Science City of Muñoz,2021-06-17,23.4,33.8,68.6,0.0,22.3,230.6,Seedling,7,0.96,0.16799999999999998
III,Nueva Ecija,Science City of Muñoz,2021-06-18,22.8,34.4,69.7,0.0,22.5,212.3,Seedling,6,1.25,0.16199999999999998
III,Nueva Ecija,Science City of Muñoz,2021-06-19,22.7,34.379999999999995,67.6,0.0,21.9,230.2,Seedling,4,0.64,0.156
III,Nueva Ecija,Science City of Muñoz,2021-06-20,21.2,34.36,75.3,44.1,21.6,226.64999999999998,Tillering,7,0.1,0.15
III,Nueva Ecija,Science City of Muñoz,2021-06-21,20.6,34.339999999999996,72.7,0.0,22.0,223.1,Tillering,8,1.08,0.08
III,Nueva Ecija,Science City of Muñoz,2021-06-22,22.0,34.32,73.0,0.0,23.0,219.55,Tillering,3,0.55,0.16
III,Nueva Ecija,Science City of Muñoz,2021-06-23,23.1,34.3,71.0,0.0,22.9,216.0,Tillering,3,1.45,0.1
III,Nueva Ecija,Science City of Muñoz,2021-06-24,22.6,34.8,73.8,0.0,23.5,222.5,Tillering,3,1.79,0.09
III,Nueva Ecija,Science City of Muñoz,2021-06-25,23.0,32.9,75.4,7.0,23.0,227.6,Tillering,9,2.13,0.13
III,Nueva Ecija,Science City of Muñoz,2021-06-26,21.6,33.3,77.3,9.3,22.9,213.0,Tillering,7,0.73,0.07
III,Nueva Ecija,Science City of Muñoz,2021-06-27,21.7,33.6,78.8,12.3,23.4,204.0,Tillering,7,0.0,0.04
III,Nueva Ecija,Science City of Muñoz,2021-06-28,21.9,32.4,77.4,21.9,22.6,202.4,Tillering,15,0.54,0.05
III,Nueva Ecija,Science City of Muñoz,2021-06-29,22.5,34.5,71.6,0.0,22.8,230.2,Tillering,11,0.53,0.0
III,Nueva Ecija,Science City of Muñoz,2021-06-30,22.6,34.1,74.2,20.5,23.2,205.7,Tillering,23,0.52,0.03
III,Nueva Ecija,Science City of Muñoz,2021-07-01,24.0,34.3,75.0,4.8,24.2,230.7,Tillering,23,0.51,0.07
III,Nueva Ecija,Science City of Muñoz,2021-07-02,23.7,34.2,73.2,0.0,23.6,217.5,Tillering,21,0.5,0.24
III,Nueva Ecija,Science City of Muñoz,2021-07-03,24.2,34.4,73.8,0.0,24.1,206.9,Tillering,26,0.49,0.1
III,Nueva Ecija,Science City of Muñoz,2021-07-04,24.3,32.2,77.0,20.9,23.6,205.5,Tillering,35,0.48,0.0
III,Nueva Ecija,Science City of Muñoz,2021-07-05,24.3,35.5,74.2,0.0,24.7,227.7,Tillering,22,1.19,0.14
III,Nueva Ecija,Science City of Muñoz,2021-07-06,23.2,35.9,81.3,8.8,25.8,211.0,Tillering,28,1.27,0.11
III,Nueva Ecija,Science City of Muñoz,2021-07-07,23.9,36.8,77.4,0.0,25.8,229.6,Tillering,36,2.21,0.12
III,Nueva Ecija,Science City of Muñoz,2021-07-08,24.2,34.6,74.2,0.0,24.2,222.6,Tillering,39,2.41,0.12
III,Nueva Ecija,Science City of Muñoz,2021-07-09,23.8,34.1,74.6,0.0,23.9,233.1,Tillering,30,2.22,0.0
III,Nueva Ecija,Science City of Muñoz,2021-07-10,23.3,34.0,80.7,9.2,24.8,207.0,Tillering,40,1.55,0.0
III,Nueva Ecija,Science City of Muñoz,2021-07-11,23.6,33.2,75.7,0.0,23.5,228.4,Tillering,28,1.52,0.0
III,Nueva Ecija,Science City of Muñoz,2021-07-12,21.6,33.8,80.4,21.6,23.8,195.1,Tillering,33,2.19,0.08
III,Nueva Ecija,Science City of Muñoz,2021-07-13,22.3,34.6,73.1,10.8,23.1,213.3,Tillering,21,1.89,0.13
III,Nueva Ecija,Science City of Muñoz,2021-07-14,22.3,34.8,73.7,0.0,23.3,218.2,Tillering,16,2.63,0.0
III,Nueva Ecija,Science City of Muñoz,2021-07-15,22.6,36.8,74.3,0.0,24.6,216.6,Tillering,23,2.76,0.14
III,Nueva Ecija,Science City of Muñoz,2021-07-16,22.5,36.7,78.7,19.5,25.3,215.3,Elongation,20,5.19,0.12
III,Nueva Ecija,Science City of Muñoz,2021-07-17,23.7,37.2,83.9,6.9,27.2,212.0,Elongation,21,6.62,0.09
III,Nueva Ecija,Science City of Muñoz,2021-07-18,23.3,37.0,75.2,6.0,25.2,210.7,Elongation,21,7.2,0.0
III,Nueva Ecija,Science City of Muñoz,2021-07-19,23.0,37.1,78.6,5.1000000000000005,25.8,217.1,Elongation,28,7.9,0.0125
III,Nueva Ecija,Science City of Muñoz,2021-07-20,22.1,35.9,75.5,4.2,24.1,227.6,Elongation,29,7.64,0.025
III,Nueva Ecija,Science City of Muñoz,2021-07-21,22.3,35.1,75.2,3.3000000000000003,23.7,228.3,Elongation,21,6.35,0.037500000000000006
III,Nueva Ecija,Science City of Muñoz,2021-07-22,22.0,36.4,79.9,2.4,25.2,219.9,Elongation,23,7.02,0.05
III,Nueva Ecija,Science City of Muñoz,2021-07-23,22.2,35.7,76.4,0.0,24.2,220.0,Elongation,24,8.06,0.06
III,Nueva Ecija,Science City of Muñoz,2021-07-24,22.3,34.6,82.4,6.2,24.9,207.6,Elongation,37,7.86,0.2
III,Nueva Ecija,Science City of Muñoz,2021-07-25,22.9,34.7,80.2,2.8,24.8,204.2,Elongation,31,8.64,0.07
III,Nueva Ecija,Science City of Muñoz,2021-07-26,24.2,35.1,76.6,0.0,25.0,211.2,Elongation,26,8.79,0.0
III,Nueva Ecija,Science City of Muñoz,2021-07-27,24.0,34.3,76.7,10.0,24.5,224.8,Elongation,26,8.04,0.0
III,Nueva Ecija,Science City of Muñoz,2021-07-28,23.2,33.9,76.3,18.9,23.8,209.6,Elongation,26,8.29,0.21
III,Nueva Ecija,Science City of Muñoz,2021-07-29,24.9,34.9,73.1,0.0,24.5,217.7,Elongation,27,7.19,0.0
III,Nueva Ecija,Science City of Muñoz,2021-07-30,23.3,33.1,78.3,10.2,23.9,204.2,Elongation,27,5.89,0.0
III,Nueva Ecija,Science City of Muñoz,2021-07-31,23.0,33.8,74.4,0.0,23.3,207.8,Elongation,16,4.93,0.0
III,Nueva Ecija,Science City of Muñoz,2021-08-01,22.6,33.4,76.0,6.2,23.2,216.0,Elongation,17,3.08,0.25
III,Nueva Ecija,Science City of Muñoz,2021-08-02,22.6,33.9,73.6,0.0,23.0,213.7,Elongation,8,1.85,0.06
III,Nueva Ecija,Science City of Muñoz,2021-08-03,23.4,33.1,70.8,0.7,22.4,212.5,Elongation,7,1.26,0.0
III,Nueva Ecija,Science City of Muñoz,2021-08-04,23.3,33.9,73.2,0.0,23.2,210.8,Elongation,11,1.0516666666666667,0.04
III,Nueva Ecija,Science City of Muñoz,2021-08-05,23.6,34.9,81.2,2.6,25.5,225.3,Elongation,9,0.8433333333333333,0.15
III,Nueva Ecija,Science City of Muñoz,2021-08-06,23.52,35.1,80.5,16.4,25.2,198.2,Panicle,7,0.635,0.0
III,Nueva Ecija,Science City of Muñoz,2021-08-07,23.44,34.1,75.3,0.6,23.7,224.6,Panicle,8,0.42666666666666664,0.82
III,Nueva Ecija,Science City of Muñoz,2021-08-08,23.36,32.9,80.0,2.9,24.2,208.5,Panicle,8,0.21833333333333327,0.93
III,Nueva Ecija,Science City of Muñoz,2021-08-09,23.28,32.5,75.6,5.7,22.8,214.7,Panicle,2,0.01,0.27
III,Nueva Ecija,Science City of Muñoz,2021-08-10,23.2,33.1,72.9,0.0,22.7,218.0,Panicle,1,0.0,0.0
III,Nueva Ecija,Science City of Muñoz,2021-08-11,22.6,33.8,73.7,0.0,22.9,210.9,Panicle,2,0.13,2.17
III,Nueva Ecija,Science City of Muñoz,2021-08-12,22.1,33.1,76.0,9.7,22.8,207.9,Panicle,3,0.03,1.64
III,Nueva Ecija,Science City of Muñoz,2021-08-13,23.4,33.5,69.7,0.0,22.4,219.0,Panicle,1,0.08,0.48
III,Nueva Ecija,Science City of Muñoz,2021-08-14,23.5,35.6,73.8,0.0,24.3,210.2,Panicle,1,0.15,1.33
III,Nueva Ecija,Science City of Muñoz,2021-08-15,23.2,35.2,71.5,0.3,23.5,203.5,Panicle,1,0.02,0.86
III,Nueva Ecija,Science City of Muñoz,2021-08-16,23.6,34.2,78.4,4.3,24.6,231.0,Panicle,1,0.15,0.86
III,Nueva Ecija,Science City of Muñoz,2021-08-17,24.4,32.3,72.2,0.0,22.8,214.5,Panicle,0,0.03,0.61
III,Nueva Ecija,Science City of Muñoz,2021-08-18,23.7,33.4,73.2,0.0,23.2,222.2,Panicle,0,0.0,1.65
III,Nueva Ecija,Science City of Muñoz,2021-08-19,23.6,35.2,78.6,0.0,25.1,217.0,Panicle,0,0.14,0.71
III,Nueva Ecija,Science City of Muñoz,2021-08-20,23.1,36.0,80.4,0.0,25.6,220.5,Panicle,2,0.19,1.8
III,Nueva Ecija,Science City of Muñoz,2021-08-21,23.2,36.5,84.8,1.4,26.8,205.1,Flowering,1,0.0,0.0
III,Nueva Ecija,Science City of Muñoz,2021-08-22,22.7,35.6,81.0,2.8,25.3,222.0,Flowering,0,0.0,0.17
III,Nueva Ecija,Science City of Muñoz,2021-08-23,23.0,33.1,79.0,10.9,23.8,210.6,Flowering,1,0.09,1.16
III,Nueva Ecija,Science City of Muñoz,2021-08-24,23.4,36.3,76.7,0.0,25.2,213.5,Flowering,0,0.21,2.06
III,Nueva Ecija,Science City of Muñoz,2021-08-25,23.2,34.9,75.5,0.0,24.2,203.9,Flowering,0,0.07,0.88
III,Nueva Ecija,Science City of Muñoz,2021-08-26,22.9,34.5,74.1,0.0,23.5,213.0,Flowering,0,0.0,1.02
III,Nueva Ecija,Science City of Muñoz,2021-08-27,23.5,36.7,79.1,4.5,25.9,220.6,Flowering,0,0.15,0.89
III,Nueva Ecija,Science City of Muñoz,2021-08-28,23.3,35.9,77.6,4.6,25.1,207.8,Flowering,1,0.08,1.53
III,Nueva Ecija,Science City of Muñoz,2021-08-29,24.3,35.5,73.7,4.1,24.6,216.8,Flowering,1,0.15,2.34
III,Nueva Ecija,Science City of Muñoz,2021-08-30,23.7,34.6,71.8,0.0,23.5,226.7,Flowering,1,0.17,2.19
III,Nueva Ecija,Science City of Muñoz,2021-08-31,23.7,35.4,76.7,5.7,24.9,208.9,Flowering,5,0.1,2.7
III,Nueva Ecija,Science City of Muñoz,2021-09-01,23.7,36.4,74.6,0.0,25.0,210.2,Flowering,5,0.05,2.97
III,Nueva Ecija,Science City of Muñoz,2021-09-02,22.8,37.0,72.9,0.0,24.5,196.7,Flowering,2,0.22,3.42
III,Nueva Ecija,Science City of Muñoz,2021-09-03,22.8,35.1,76.3,3.4,24.2,224.2,Flowering,3,0.18,3.04
III,Nueva Ecija,Science City of Muñoz,2021-09-04,22.9,34.5,72.6,0.0,23.2,208.1,Flowering,2,0.0,3.97
III,Nueva Ecija,Science City of Muñoz,2021-09-05,21.8,33.4,73.7,0.0,22.3,223.7,Flowering,0,0.16,3.16
III,Nueva Ecija,Science City of Muñoz,2021-09-06,21.2,32.3,77.2,16.8,22.2,183.3,Ripening,1,0.07,2.32
III,Nueva Ecija,Science City of Muñoz,2021-09-07,22.3,34.1,76.0,0.0,23.4,212.3,Ripening,1,0.13,1.18
III,Nueva Ecija,Science City of Muñoz,2021-09-08,22.4,34.0,73.4,0.0,22.9,201.5,Ripening,0,0.17,1.16
III,Nueva Ecija,Science City of Muñoz,2021-09-09,21.9,34.1,80.9,7.4,24.2,217.2,Ripening,1,0.14,1.25
III,Nueva Ecija,Science City of Muñoz,2021-09-10,22.2,34.3,77.5,0.0,23.8,218.2,Ripening,0,0.1,1.99
III,Nueva Ecija,Science City of Muñoz,2021-09-11,22.1,33.8,80.0,12.3,24.0,216.1,Ripening,1,0.0,0.1
III,Nueva Ecija,Science City of Muñoz,2021-09-12,22.4,34.1,73.3,9.7,22.9,205.2,Ripening,0,0.0,0.63
III,Nueva Ecija,Science City of Muñoz,2021-09-13,23.6,34.6,69.5,0.0,23.0,216.3,Ripening,0,0.07,1.17
III,Nueva Ecija,Science City of Muñoz,2021-09-14,23.2,33.8,76.9,13.2,23.9,210.7,Ripening,1,0.23,0.0
III,Nueva Ecija,Science City of Muñoz,2021-09-15,23.1,35.0,69.2,0.0,22.9,210.5,Ripening,0,0.13,0.12
III,Nueva Ecija,Science City of Muñoz,2021-09-16,23.6,36.7,73.7,5.3,24.9,211.8,Ripening,0,0.16,0.93
III,Nueva Ecija,Science City of Muñoz,2021-09-17,23.2,36.6,79.0,1.9,25.7,210.9,Ripening,0,0.03,0.0
III,Nueva Ecija,Science City of Muñoz,2021-09-18,24.3,35.1,75.8,0.0,24.9,217.5,Ripening,0,0.03,2.1
III,Nueva Ecija,Science City of Muñoz,2021-09-19,22.9,34.5,78.3,8.8,24.4,223.8,Ripening,0,0.0,0.0
III,Nueva Ecija,Science City of Muñoz,2021-09-20,24.0,35.0,74.3,0.0,24.4,222.3,Ripening,0,0.22,0.76
III,Nueva Ecija,Science City of Muñoz,2021-09-21,23.1,32.4,80.6,17.1,23.9,197.6,Ripening,1,0.05,1.45
III,Nueva Ecija,Science City of Muñoz,2021-09-22,23.5,33.8,81.8,17.8,25.0,194.9,Ripening,2,0.07,0.49
III,Nueva Ecija,Science City of Muñoz,2021-09-23,22.6,35.2,82.2,10.2,25.3,219.9,Ripening,1,0.18,1.8
III,Nueva Ecija,Science City of Muñoz,2021-09-24,23.2,34.9,78.5,0.0,24.7,220.5,Ripening,1,0.1,1.92
III,Nueva Ecija,Science City of Muñoz,2021-09-25,23.0,34.0,76.9,9.2,23.9,226.7,Ripening,0,0.08,1.3
III,Nueva Ecija,Science City of Muñoz,2021-09-26,24.1,31.9,81.3,18.4,24.3,197.9,Ripening,3,0.22,1.04
III,Nueva Ecija,Science City of Muñoz,2021-09-27,23.9,34.1,80.1,5.1,25.0,212.0,Ripening,2,0.05,0.35
III,Nueva Ecija,Science City of Muñoz,2021-09-28,23.0,35.8,79.5,0.0,25.3,198.8,Ripening,1,0.13,2.31
III,Nueva Ecija,Science City of Muñoz,2021-09-29,23.4,34.3,85.2,10.1,25.9,215.0,Ripening,5,0.0,1.21
III,Nueva Ecija,Science City of Muñoz,2021-09-30,23.2,33.6,79.2,0.0,24.2,207.8,Ripening,7,0.08,1.23
III,Nueva Ecija,Science City of Muñoz,2021-10-01,23.3,35.2,78.9,0.0,25.0,216.1,Ripening,5,0.0,0.0
III,Nueva Ecija,Science City of Muñoz,2021-10-02,24.2,34.1,76.9,0.0,24.5,231.6,Ripening,0,0.08,0.05
III,Nueva Ecija,Science City of Muñoz,2021-10-03,23.3,35.9,76.7,2.0,24.9,215.5,Ripening,0,0.33,0.0775
III,Nueva Ecija,Science City of Muñoz,2021-10-04,22.5,34.2,72.1,0.0,22.8,219.7,Ripening,0,0.03,0.10500000000000001
III,Nueva Ecija,Science City of Muñoz,2021-10-05,22.8,33.3,72.8,0.4,22.6,230.9,Ripening,0,0.09,0.1325
III,Nueva Ecija,Science City of Muñoz,2021-10-06,23.5,33.6,75.1,3.9,23.6,208.1,Ripening,0,0.22,0.16
III,Nueva Ecija,Science City of Muñoz,2021-10-07,23.2,33.8,73.9,0.0,23.3,210.6,Ripening,0,0.08,0.02
III,Nueva Ecija,Science City of Muñoz,2021-10-08,23.1,33.5,75.1,0.0,23.3,221.0,Ripening,0,0.0,0.03
III,Nueva Ecija,Science City of Muñoz,2021-10-09,22.0,34.2,75.6,7.1,23.2,213.0,Ripening,0,0.07,0.03333333333333333
III,Nueva Ecija,Science City of Muñoz,2021-10-10,22.0,33.0,69.2,0.0,21.3,213.2,Ripening,0,0.12,0.03666666666666667
III,Nueva Ecija,Science City of Muñoz,2021-10-11,21.8,31.7,69.5,0.0,20.6,214.4,Ripening,0,0.0,0.04
III,Nueva Ecija,Science City of Muñoz,2021-10-12,21.4,30.4,74.9,23.0,20.9,198.8,Ripening,0,0.05,0.1
III,Nueva Ecija,Science City of Muñoz,2021-10-13,21.7,32.4,74.2,0.0,21.9,228.5,Ripening,0,0.06,0.01
III,Nueva Ecija,Science City of Muñoz,2021-10-14,22.2,32.1,74.5,0.0,22.0,234.7,Ripening,0,0.02,0.03
III,Nueva Ecija,Science City of Muñoz,2021-10-15,22.8,32.5,78.0,6.6,22.3,215.5,Ripening,0,0.0,0.1
III,Nueva Ecija,Science City of Muñoz,2021-10-16,22.8,34.4,80.3,20.0,22.6,206.7,Ripening,0,0.1,0.01
III,Nueva Ecija,Science City of Muñoz,2021-10-17,24.3,34.9,76.1,0.0,22.9,223.4,Ripening,0,0.02,0.01
III,Nueva Ecija,Science City of Muñoz,2021-10-18,23.1,32.5,78.1,167.7,23.2,173.4,Ripening,0,0.15,0.01
III,Nueva Ecija,Science City of Muñoz,2021-10-19,24.0,34.8,74.8,0.0,23.5,212.0,Ripening,1,0.13,0.01
III,Nueva Ecija,Science City of Muñoz,2021-10-20,23.4,34.4,74.4,0.2,23.8,207.8,Ripening,0,0.01,0.06
III,Nueva Ecija,Science City of Muñoz,2021-10-21,22.9,33.4,77.1,12.7,23.6,210.3,Ripening,0,0.06,0.0
III,Nueva Ecija,Science City of Muñoz,2021-10-22,23.4,35.0,77.2,2.3,24.6,224.7,Ripening,0,0.08,0.0
III,Nueva Ecija,Science City of Muñoz,2021-10-23,23.3,35.3,79.4,8.8,25.0,208.8,Ripening,0,0.13,0.03
III,Nueva Ecija,Science City of Muñoz,2021-10-24,22.8,35.4,81.6,11.0,25.4,202.5,Ripening,0,0.17,0.02
III,Nueva Ecija,Science City of Muñoz,2021-10-25,22.2,35.9,80.0,5.8,25.0,220.4,Ripening,0,0.01,0.09
III,Nueva Ecija,Science City of Muñoz,2021-10-26,22.4,33.8,77.8,5.4,23.7,226.1,Ripening,0,0.01,0.14
III,Nueva Ecija,Science City of Muñoz,2021-10-27,22.2,34.2,74.8,0.1,23.2,224.1,Ripening,0,0.06,0.2
III,Nueva Ecija,Science City of Muñoz,2021-10-28,22.3,34.2,75.3,7.4,23.3,201.3,Ripening,0,0.0,0.04
III,Nueva Ecija,Science City of Muñoz,2021-10-29,21.6,34.8,70.3,0.0,22.3,234.2,Ripening,0,0.0,0.16
III,Nueva Ecija,Science City of Muñoz,2021-10-30,22.4,35.7,72.1,0.0,23.5,212.8,Ripening,1,0.0,0.02
III,Nueva Ecija,Science City of Muñoz,2021-10-31,23.5,35.0,67.1,0.0,22.7,221.5,Ripening,0,0.01,0.0
III,Nueva Ecija,Science City of Muñoz,2021-11-01,23.6,33.8,71.4,0.0,23.0,230.0,Ripening,0,0.26,0.16
III,Nueva Ecija,Science City of Muñoz,2021-11-02,23.3,33.2,72.17500000000001,0.0,22.4,213.6,Ripening,1,0.19,0.13
III,Nueva Ecija,Science City of Muñoz,2021-11-03,22.3,33.4,72.95,0.0,22.3,220.2,Ripening,0,0.0,0.03
III,Nueva Ecija,Science City of Muñoz,2021-11-04,21.6,33.0,73.725,13.8,22.8,202.7,Ripening,0,0.14,0.14
III,Nueva Ecija,Science City of Muñoz,2021-11-05,23.2,32.7,74.5,0.0,22.8,218.7,Seedling,0,0.21,0.1
III,Nueva Ecija,Science City of Muñoz,2021-11-06,23.6,33.2,72.4,0.0,22.9,217.8,Seedling,0,0.09,0.13
III,Nueva Ecija,Science City of Muñoz,2021-11-07,23.6,33.5,71.3,0.0,22.8,225.1,Seedling,0,0.01,0.11
III,Nueva Ecija,Science City of Muñoz,2021-11-08,22.8,33.9,73.3,0.0,23.0,217.0,Seedling,0,0.12,0.03
III,Nueva Ecija,Science City of Muñoz,2021-11-09,23.3,32.9,73.4,0.0,22.8,231.8,Seedling,0,0.09,0.06
III,Nueva Ecija,Science City of Muñoz,2021-11-10,22.7,34.9,78.2,4.4,24.4,223.7,Seedling,0,0.25,0.054
III,Nueva Ecija,Science City of Muñoz,2021-11-11,22.5,34.8,72.1,1.0,23.1,227.3,Seedling,0,0.07,0.048
III,Nueva Ecija,Science City of Muñoz,2021-11-12,22.7,35.9,74.2,0.0,24.1,222.7,Seedling,0,0.0,0.041999999999999996
III,Nueva Ecija,Science City of Muñoz,2021-11-13,22.6,34.9,78.1,0.0,24.4,217.2,Seedling,0,0.0,0.036
III,Nueva Ecija,Science City of Muñoz,2021-11-14,21.3,34.1,75.8,0.0,22.9,213.5,Seedling,0,0.16,0.03
III,Nueva Ecija,Science City of Muñoz,2021-11-15,20.7,32.4,77.6,27.5,22.1,194.9,Seedling,0,0.03,0.16
III,Nueva Ecija,Science City of Muñoz,2021-11-16,21.4,33.1,69.8,0.0,21.2,227.9,Seedling,0,0.08,0.19
III,Nueva Ecija,Science City of Muñoz,2021-11-17,22.9,33.0,70.3,0.0,22.0,234.2,Seedling,0,0.13,0.05
III,Nueva Ecija,Science City of Muñoz,2021-11-18,21.7,32.5,80.0,24.9,23.1,199.2,Seedling,0,0.07,0.0
III,Nueva Ecija,Science City of Muñoz,2021-11-19,21.8,33.7,77.4,24.3,23.2,202.9,Seedling,0,0.06,0.18
III,Nueva Ecija,Science City of Muñoz,2021-11-20,21.3,35.0,69.7,0.0,22.1,228.7,Seedling,0,0.0,0.15
III,Nueva Ecija,Science City of Muñoz,2021-11-21,21.7,33.4,74.4,3.4,22.4,209.4,Seedling,0,0.23,0.24
III,Nueva Ecija,Science City of Muñoz,2021-11-22,23.2,32.7,73.0,0.0,22.6,238.1,Seedling,0,0.11,0.17
III,Nueva Ecija,Science City of Muñoz,2021-11-23,23.1,33.0,71.6,0.0,22.4,220.3,Seedling,0,0.15,0.0
III,Nueva Ecija,Science City of Muñoz,2021-11-24,23.3,32.3,75.2,6.0,22.8,211.3,Seedling,0,0.07,0.03
III,Nueva Ecija,Science City of Muñoz,2021-11-25,23.6,31.5,74.3,11.6,22.4,209.3,Seedling,0,0.0,0.02
III,Nueva Ecija,Science City of Muñoz,2021-11-26,22.6,32.3,74.5,7.7,22.4,218.1,Seedling,0,0.14,0.05
III,Nueva Ecija,Science City of Muñoz,2021-11-27,22.2,31.9,69.7,0.0,21.0,228.4,Seedling,1,0.12,0.0
III,Nueva Ecija,Science City of Muñoz,2021-11-28,22.1,31.5,71.1,0.0,21.0,229.4,Seedling,0,0.06,0.08
III,Nueva Ecija,Science City of Muñoz,2021-11-29,22.5,31.5,74.3,0.3,21.9,237.0,Seedling,0,0.13,0.13
III,Nueva Ecija,Science City of Muñoz,2021-11-30,22.9,32.7,71.4,0.4,22.1,218.1,Seedling,0,0.25,0.1
III,Nueva Ecija,Science City of Muñoz,2021-12-01,23.5,33.6,73.3,0.7,23.2,215.3,Seedling,0,0.13,0.08
III,Nueva Ecija,Science City of Muñoz,2021-12-02,22.7,34.5,73.9,0.0,23.4,233.4,Seedling,0,0.35,0.1
III,Nueva Ecija,Science City of Muñoz,2021-12-03,24.5,34.7,71.6,0.0,23.9,209.7,Seedling,0,0.18,0.1
III,Nueva Ecija,Science City of Muñoz,2021-12-04,23.5,34.2,73.3,0.0,23.5,221.5,Seedling,0,0.03,0.21
III,Nueva Ecija,Science City of Muñoz,2021-12-05,23.0,32.8,74.1,0.0,22.7,225.7,Seedling,0,0.04,0.06
III,Nueva Ecija,Science City of Muñoz,2021-12-06,22.5,33.4,78.1,11.7,22.775,212.0,Seedling,0,0.12,0.18
III,Nueva Ecija,Science City of Muñoz,2021-12-07,22.6,35.1,74.0,0.0,22.85,227.0,Seedling,0,0.12,0.0
III,Nueva Ecija,Science City of Muñoz,2021-12-08,21.6,32.6,77.5,18.0,22.925,217.1,Seedling,0,0.19,0.11
III,Nueva Ecija,Science City of Muñoz,2021-12-09,23.0,33.6,73.3,0.0,23.0,235.8,Seedling,1,0.0,0.11
III,Nueva Ecija,Science City of Muñoz,2021-12-10,22.0,32.4,75.8,16.0,22.4,205.9,Seedling,0,0.0,0.17
III,Nueva Ecija,Science City of Muñoz,2021-12-11,22.7,33.0,69.7,0.0,21.8,217.3,Seedling,0,0.4,0.0
III,Nueva Ecija,Science City of Muñoz,2021-12-12,22.6,32.6,69.9,0.0,21.6,222.4,Seedling,0,0.03,0.07
III,Nueva Ecija,Science City of Muñoz,2021-12-13,22.8,33.7,68.0,0.0,21.8,234.8,Seedling,3,0.27,0.02
III,Nueva Ecija,Science City of Muñoz,2021-12-14,22.3,32.9,65.5,0.0,20.7,228.6,Seedling,0,0.01,0.06
III,Nueva Ecija,Science City of Muñoz,2021-12-15,22.4,33.4,72.2,2.5,22.3,216.5,Seedling,1,0.0,0.11
III,Nueva Ecija,Science City of Muñoz,2021-12-16,22.7,33.2,72.1,4.3,22.4,227.0,Seedling,2,0.85,0.13
III,Nueva Ecija,Science City of Muñoz,2021-12-17,21.9,34.1,67.8,0.0,21.6,231.6,Seedling,1,0.0,0.09
III,Nueva Ecija,Science City of Muñoz,2021-12-18,22.1,34.1,73.4,5.7,22.8,221.3,Seedling,4,1.05,0.05
III,Nueva Ecija,Science City of Muñoz,2021-12-19,21.7,35.2,66.2,0.0,21.7,221.6,Seedling,0,0.11,0.15
III,Nueva Ecija,Science City of Muñoz,2021-12-20,22.5,34.7,71.1,0.0,21.88,243.9,Seedling,2,0.07,0.12
III,Nueva Ecija,Science City of Muñoz,2021-12-21,22.5,34.7,69.3,0.0,22.06,226.8,Seedling,2,1.1,0.15
III,Nueva Ecija,Science City of Muñoz,2021-12-22,22.2,33.6,71.4,0.0,22.240000000000002,232.0,Seedling,1,0.0,0.02
III,Nueva Ecija,Science City of Muñoz,2021-12-23,22.7,35.3,68.8,0.0,22.42,232.7,Seedling,4,0.3,0.18
III,Nueva Ecija,Science City of Muñoz,2021-12-24,22.3,35.2,69.3,0.0,22.6,230.9,Seedling,1,0.95,0.08
III,Nueva Ecija,Science City of Muñoz,2021-12-25,22.7,34.5,65.2,0.0,21.6,239.7,Tillering,3,0.82,0.14
III,Nueva Ecija,Science City of Muñoz,2021-12-26,22.2,35.4,66.2,0.0,22.0,232.5,Tillering,2,2.77,0.03
III,Nueva Ecija,Science City of Muñoz,2021-12-27,22.6,35.1,64.8,0.0,21.8,237.7,Tillering,3,2.74,0.1
III,Nueva Ecija,Science City of Muñoz,2021-12-28,22.9,34.1,65.6,0.0,21.6,226.6,Tillering,2,2.32,0.01
III,Nueva Ecija,Science City of Muñoz,2021-12-29,22.5,35.2,66.1,0.0,22.1,237.3,Tillering,1,2.35,0.01
III,Nueva Ecija,Science City of Muñoz,2021-12-30,22.3,34.9,67.3,0.0,22.1,231.5,Tillering,2,3.9,0.02
III,Nueva Ecija,Science City of Muñoz,2021-12-31,23.5,34.2,68.9,0.0,22.6,235.2,Tillering,4,3.31,0.17
III,Nueva Ecija,Science City of Muñoz,2022-01-01,23.2,34.5,69.6,0.0,22.8,233.6,Tillering,2,3.42,0.15
III,Nueva Ecija,Science City of Muñoz,2022-01-02,22.9,33.5,67.7,0.0,21.7,231.3,Tillering,3,2.97,0.09
III,Nueva Ecija,Science City of Muñoz,2022-01-03,22.8,33.9,65.1,0.0,21.4,237.1,Tillering,3,2.02,0.11
III,Nueva Ecija,Science City of Muñoz,2022-01-04,22.7,32.5,64.9,0.0,20.6,239.0,Tillering,1,3.09,0.16
III,Nueva Ecija,Science City of Muñoz,2022-01-05,22.3,32.7,66.35000000000001,0.0,21.5,237.0,Tillering,3,2.81,0.06
III,Nueva Ecija,Science City of Muñoz,2022-01-06,22.4,33.5,67.8,0.0,22.0,237.3,Tillering,0,1.58,0.1
III,Nueva Ecija,Science City of Muñoz,2022-01-07,22.5,32.4,69.25,0.0,21.6,231.8,Tillering,3,1.3,0.08
III,Nueva Ecija,Science City of Muñoz,2022-01-08,22.8,32.0,70.7,0.0,21.6,243.1,Tillering,1,0.0,0.23
III,Nueva Ecija,Science City of Muñoz,2022-01-09,23.1,32.1,72.14999999999999,0.0,21.6,233.5,Tillering,5,1.01,0.17
III,Nueva Ecija,Science City of Muñoz,2022-01-10,22.9,32.2,73.6,14.8,22.3,208.3,Tillering,2,0.0,0.11000000000000001
III,Nueva Ecija,Science City of Muñoz,2022-01-11,23.4,33.4,73.9,19.3,23.2,224.6,Tillering,2,0.69,0.05
III,Nueva Ecija,Science City of Muñoz,2022-01-12,23.3,35.1,69.6,0.0,23.1,241.1,Tillering,2,0.0,0.06
III,Nueva Ecija,Science City of Muñoz,2022-01-13,23.6,36.7,67.0,0.0,23.6,245.9,Tillering,2,0.49,0.0
III,Nueva Ecija,Science City of Muñoz,2022-01-14,23.3,36.0,65.1,0.0,22.7,234.4,Tillering,2,0.0,0.03
III,Nueva Ecija,Science City of Muñoz,2022-01-15,22.7,35.9,63.4,1.2,22.0,227.1,Tillering,3,0.0,0.11
III,Nueva Ecija,Science City of Muñoz,2022-01-16,22.8,36.4,66.8,4.2,23.0,240.3,Tillering,3,1.57,0.18
III,Nueva Ecija,Science City of Muñoz,2022-01-17,22.7,35.0,64.4,0.0,21.7,239.2,Tillering,1,1.56,0.07
III,Nueva Ecija,Science City of Muñoz,2022-01-18,23.3,35.3,60.0,0.0,21.3,238.8,Tillering,3,1.69,0.11
III,Nueva Ecija,Science City of Muñoz,2022-01-19,22.0,33.5,62.7,0.0,20.3,244.3,Tillering,2,2.31,0.06
III,Nueva Ecija,Science City of Muñoz,2022-01-20,22.1,32.5,64.5,0.0,20.2,227.9,Elongation,2,2.57,0.02
III,Nueva Ecija,Science City of Muñoz,2022-01-21,23.1,32.7,67.3,0.0,21.4,241.3,Elongation,0,2.71,0.1
III,Nueva Ecija,Science City of Muñoz,2022-01-22,24.2,31.5,68.1,0.0,21.5,233.5,Elongation,1,2.92,0.11
III,Nueva Ecija,Science City of Muñoz,2022-01-23,22.9,31.6,67.6,0.0,20.8,224.1,Elongation,1,1.85,0.18
III,Nueva Ecija,Science City of Muñoz,2022-01-24,22.6,34.2,67.1,0.0,21.8,247.9,Elongation,1,3.57,0.17
III,Nueva Ecija,Science City of Muñoz,2022-01-25,22.1,34.8,63.9,0.0,21.2,237.8,Elongation,0,2.67,0.05
III,Nueva Ecija,Science City of Muñoz,2022-01-26,22.5,34.0,62.9,0.0,20.8,247.1,Elongation,0,2.77,0.16
III,Nueva Ecija,Science City of Muñoz,2022-01-27,22.4,35.0,64.3,0.0,21.6,233.3,Elongation,0,2.5,0.02
III,Nueva Ecija,Science City of Muñoz,2022-01-28,21.6,34.3,70.4,9.3,22.0,223.5,Elongation,3,0.91,0.05
III,Nueva Ecija,Science City of Muñoz,2022-01-29,21.7,35.0,64.4,0.0,21.2,229.0,Elongation,2,0.14,0.06
III,Nueva Ecija,Science City of Muñoz,2022-01-30,22.0,34.1,63.3,0.0,20.7,224.6,Elongation,5,0.47,0.1
III,Nueva Ecija,Science City of Muñoz,2022-01-31,22.5,32.6,65.3,0.0,20.6,235.0,Elongation,0,0.17,0.14
III,Nueva Ecija,Science City of Muñoz,2022-02-01,22.2,32.3,64.3,0.0,20.1,231.7,Elongation,1,1.12,0.3
III,Nueva Ecija,Science City of Muñoz,2022-02-02,22.1,31.9,65.1,0.0,20.166666666666668,247.7,Elongation,3,0.8,0.13
III,Nueva Ecija,Science City of Muñoz,2022-02-03,22.4,31.3,68.3,0.0,20.233333333333334,242.5,Elongation,3,0.44,0.01
III,Nueva Ecija,Science City of Muñoz,2022-02-04,22.1,32.7,67.7,0.0,20.3,241.2,Elongation,3,0.51,0.13
III,Nueva Ecija,Science City of Muñoz,2022-02-05,21.9,33.6,70.0,0.0,20.366666666666667,238.2,Elongation,2,0.61,0.0
III,Nueva Ecija,Science City of Muñoz,2022-02-06,22.3,32.3,69.8,0.0,20.433333333333334,248.0,Elongation,2,0.13,0.0
III,Nueva Ecija,Science City of Muñoz,2022-02-07,22.0,31.9,68.0,0.0,20.5,229.2,Elongation,2,0.86,0.08
III,Nueva Ecija,Science City of Muñoz,2022-02-08,22.1,32.6,65.9,0.0,20.5,233.8,Elongation,2,0.0,0.09
III,Nueva Ecija,Science City of Muñoz,2022-02-09,21.8,32.7,71.4,3.6,21.5,222.0,Elongation,2,1.22,0.1
III,Nueva Ecija,Science City of Muñoz,2022-02-10,21.8,32.4,67.9,0.0,20.7,235.2,Panicle,2,0.06,0.67
III,Nueva Ecija,Science City of Muñoz,2022-02-11,21.2,32.56666666666666,65.4,0.0,20.1,225.4,Panicle,1,0.2,0.0
III,Nueva Ecija,Science City of Muñoz,2022-02-12,21.7,32.733333333333334,67.5,0.0,20.8,237.1,Panicle,0,0.12,0.53
III,Nueva Ecija,Science City of Muñoz,2022-02-13,22.3,32.9,65.3,0.0,20.7,237.78333333333333,Panicle,3,0.03,1.3
III,Nueva Ecija,Science City of Muñoz,2022-02-14,24.1,33.5,63.9,0.0,21.6,238.46666666666667,Panicle,1,0.0,1.52
III,Nueva Ecija,Science City of Muñoz,2022-02-15,23.5,33.2,68.2,3.1,22.0,239.14999999999998,Panicle,2,0.05,0.94
III,Nueva Ecija,Science City of Muñoz,2022-02-16,21.4,33.7,66.7,0.0,20.9,239.83333333333331,Panicle,4,0.09,0.0
III,Nueva Ecija,Science City of Muñoz,2022-02-17,20.8,33.9,66.1,0.0,20.6,240.51666666666665,Panicle,3,0.06,0.0
III,Nueva Ecija,Science City of Muñoz,2022-02-18,21.8,33.3,68.8,0.0,21.3,241.2,Panicle,0,0.07,0.85
III,Nueva Ecija,Science City of Muñoz,2022-02-19,22.3,33.5,65.0,0.0,20.9,232.2,Panicle,0,0.19,2.01
III,Nueva Ecija,Science City of Muñoz,2022-02-20,22.5,33.2,62.8,0.0,20.4,232.0,Panicle,1,0.06,0.76
III,Nueva Ecija,Science City of Muñoz,2022-02-21,21.7,32.9,63.2,0.0,19.9,243.3,Panicle,0,0.15,0.82
III,Nueva Ecija,Science City of Muñoz,2022-02-22,21.7,32.8,67.1,0.0,20.7,243.9,Panicle,4,0.22,1.96
III,Nueva Ecija,Science City of Muñoz,2022-02-23,21.6,33.7,66.4,0.0,20.9,239.8,Panicle,0,0.04,0.36
III,Nueva Ecija,Science City of Muñoz,2022-02-24,22.3,33.9,65.9,0.0,21.3,247.6,Panicle,1,0.09,1.19
III,Nueva Ecija,Science City of Muñoz,2022-02-25,22.5,33.6,62.9,0.0,20.6,243.4,Flowering,3,0.01,1.82
III,Nueva Ecija,Science City of Muñoz,2022-02-26,23.5,33.6,67.3,0.0,22.0,222.5,Flowering,1,0.08,1.17
III,Nueva Ecija,Science City of Muñoz,2022-02-27,23.7,32.4,67.4,0.0,21.5,245.3,Flowering,0,0.07,0.36
III,Nueva Ecija,Science City of Muñoz,2022-02-28,23.5,31.8,69.7,0.0,21.6,235.3,Flowering,0,0.02,1.27
III,Nueva Ecija,Science City of Muñoz,2022-03-01,24.0,30.9,68.0,0.0,21.0,239.9,Flowering,2,0.14,1.05
III,Nueva Ecija,Science City of Muñoz,2022-03-02,23.0,30.2,67.3,0.0,21.1,231.8,Flowering,1,0.24,0.11
III,Nueva Ecija,Science City of Muñoz,2022-03-03,23.0,31.4,70.5,10.2,21.2,242.5,Flowering,2,0.05,0.0
III,Nueva Ecija,Science City of Muñoz,2022-03-04,22.1,32.3,65.0,0.0,21.299999999999997,245.6,Flowering,3,0.0,0.0
III,Nueva Ecija,Science City of Muñoz,2022-03-05,23.3,32.6,67.3,0.0,21.4,228.5,Flowering,1,0.16,0.2
III,Nueva Ecija,Science City of Muñoz,2022-03-06,23.4,31.7,65.2,0.0,20.6,225.5,Flowering,1,0.02,1.03
III,Nueva Ecija,Science City of Muñoz,2022-03-07,24.5,34.2,71.0,3.9,23.6,237.0,Flowering,1,0.12,0.0
III,Nueva Ecija,Science City of Muñoz,2022-03-08,23.7,33.3,67.3,0.0,22.0,249.9,Flowering,1,0.0,0.0
III,Nueva Ecija,Science City of Muñoz,2022-03-09,22.4,34.2,63.4,0.0,21.0,231.4,Flowering,2,0.0,0.9
III,Nueva Ecija,Science City of Muñoz,2022-03-10,22.1,33.0,63.54,0.0,20.7,255.9,Flowering,5,0.07,0.48
III,Nueva Ecija,Science City of Muñoz,2022-03-11,21.7,31.5,63.68,0.0,19.6,238.1,Flowering,1,0.11,0.0
III,Nueva Ecija,Science City of Muñoz,2022-03-12,22.06,31.5,63.81999999999999,0.0,19.1,232.8,Flowering,4,0.0,0.55
III,Nueva Ecija,Science City of Muñoz,2022-03-13,22.419999999999998,31.4,63.959999999999994,0.0,20.1,231.0,Ripening,1,0.06,1.56
III,Nueva Ecija,Science City of Muñoz,2022-03-14,22.78,31.3,64.1,0.0,19.8,231.5,Ripening,1,0.14,0.0
III,Nueva Ecija,Science City of Muñoz,2022-03-15,23.14,31.2,67.4,0.0,20.5,243.3,Ripening,0,0.25,0.24
III,Nueva Ecija,Science City of Muñoz,2022-03-16,23.5,31.099999999999998,69.4,0.0,21.3,229.1,Ripening,1,0.03,0.75
III,Nueva Ecija,Science City of Muñoz,2022-03-17,22.5,31.0,75.5,9.5,21.9,222.7,Ripening,1,0.11,0.0
III,Nueva Ecija,Science City of Muñoz,2022-03-18,22.7,30.9,73.5,0.0,21.5,245.0,Ripening,3,0.04,0.03
III,Nueva Ecija,Science City of Muñoz,2022-03-19,21.6,31.8,72.7,0.0,21.2,241.5,Ripening,2,0.13,0.0
III,Nueva Ecija,Science City of Muñoz,2022-03-20,20.8,31.8,73.0,0.0,20.9,241.8,Ripening,4,0.0,1.86
III,Nueva Ecija,Science City of Muñoz,2022-03-21,21.4,31.7,70.0,0.0,20.5,239.8,Ripening,4,0.2,0.0
III,Nueva Ecija,Science City of Muñoz,2022-03-22,21.6,32.0,72.1,0.0,21.2,243.7,Ripening,5,0.24,0.0
III,Nueva Ecija,Science City of Muñoz,2022-03-23,22.0,31.2,69.3,0.0,20.5,247.4,Ripening,4,0.12,0.0
III,Nueva Ecija,Science City of Muñoz,2022-03-24,22.0,32.5,69.6,0.0,21.2,239.5,Ripening,1,0.08,0.71
III,Nueva Ecija,Science City of Muñoz,2022-03-25,23.1,32.3,72.0,0.0,22.1,233.6,Ripening,8,0.07,0.0
III,Nueva Ecija,Science City of Muñoz,2022-03-26,22.8,32.0,73.3,0.0,22.1,237.6,Ripening,6,0.11,0.53
III,Nueva Ecija,Science City of Muñoz,2022-03-27,22.7,31.8,72.5,0.0,21.8,236.9,Ripening,12,0.22,0.88
III,Nueva Ecija,Science City of Muñoz,2022-03-28,22.5,31.9,71.7,8.1,21.5,226.6,Ripening,8,0.14,0.87
III,Nueva Ecija,Science City of Muñoz,2022-03-29,22.4,31.3,67.5,0.0,20.4,243.0,Ripening,10,0.03,0.0
III,Nueva Ecija,Science City of Muñoz,2022-03-30,21.7,32.6,68.1,0.0,20.8,247.1,Ripening,5,0.01,0.0
III,Nueva Ecija,Science City of Muñoz,2022-03-31,22.2,34.1,73.1,0.0,22.8,249.0,Ripening,12,0.05,1.17
III,Nueva Ecija,Science City of Muñoz,2022-04-01,22.2,34.7,69.0,0.0,22.3,230.8,Ripening,8,0.03333333333333334,0.88
III,Nueva Ecija,Science City of Muñoz,2022-04-02,21.7,36.1,67.4,0.0,22.4,231.0,Ripening,6,0.01666666666666667,0.49
III,Nueva Ecija,Science City of Muñoz,2022-04-03,22.4,34.8,68.2,0.0,22.2,238.3,Ripening,7,0.0,1.42
III,Nueva Ecija,Science City of Muñoz,2022-04-04,22.4,33.8,75.4,4.6,23.2,250.5,Ripening,6,0.0,1.64
III,Nueva Ecija,Science City of Muñoz,2022-04-05,23.4,35.3,72.7,0.0,23.9,236.9,Ripening,2,0.08,1.28
III,Nueva Ecija,Science City of Muñoz,2022-04-06,22.6,33.1,70.8,0.0,23.849999999999998,239.4,Ripening,4,0.15,3.77
III,Nueva Ecija,Science City of Muñoz,2022-04-07,22.1,31.3,73.8,3.3,23.8,234.2,Ripening,4,0.09,2.97
III,Nueva Ecija,Science City of Muñoz,2022-04-08,22.3,31.1,68.1,0.0,23.75,252.0,Ripening,0,0.0,0.15
III,Nueva Ecija,Science City of Muñoz,2022-04-09,21.9,32.4,71.5,0.0,23.7,232.1,Ripening,0,0.05,0.04
III,Nueva Ecija,Science City of Muñoz,2022-04-10,21.7,34.4,75.4,0.0,23.650000000000002,239.4,Ripening,0,0.17,0.09
III,Nueva Ecija,Science City of Muñoz,2022-04-11,22.2,34.9,75.1,0.0,23.6,233.9,Ripening,0,0.11,0.09
III,Nueva Ecija,Science City of Muñoz,2022-04-12,21.9,35.3,72.6,0.0,23.1,234.0,Ripening,0,0.04,0.01
III,Nueva Ecija,Science City of Muñoz,2022-04-13,22.9,35.5,68.5,0.0,22.9,241.2,Ripening,0,0.09,0.14
III,Nueva Ecija,Science City of Muñoz,2022-04-14,24.0,36.5,68.4,0.0,23.9,237.9,Ripening,0,0.25,0.09
III,Nueva Ecija,Science City of Muñoz,2022-04-15,24.5,35.0,68.6,0.0,23.5,233.8,Ripening,0,0.09,0.0
III,Nueva Ecija,Science City of Muñoz,2022-04-16,25.2,34.5,74.8,1.1,24.8,240.7,Ripening,0,0.0,0.16
III,Nueva Ecija,Science City of Muñoz,2022-04-17,24.1,33.6,71.0,0.0,23.0,234.8,Ripening,0,0.06999999999999999,0.14
III,Nueva Ecija,Science City of Muñoz,2022-04-18,23.8,32.9,72.0,7.8,22.8,216.6,Ripening,0,0.13999999999999999,0.1
III,Nueva Ecija,Science City of Muñoz,2022-04-19,22.6,32.1,68.9,0.0,21.1,223.8,Ripening,0,0.21,0.01
III,Nueva Ecija,Science City of Muñoz,2022-04-20,21.9,33.1,70.4,0.0,21.6,249.6,Ripening,0,0.1,0.26
III,Nueva Ecija,Science City of Muñoz,2022-04-21,22.5,32.2,73.4,0.0,22.0,250.8,Ripening,0,0.07,0.23
III,Nueva Ecija,Science City of Muñoz,2022-04-22,21.9,32.4,71.9,0.0,21.5,221.6,Ripening,0,0.18,0.15
III,Nueva Ecija,Science City of Muñoz,2022-04-23,21.5,32.3,73.4,0.0,21.6,226.9,Ripening,0,0.0,0.09
III,Nueva Ecija,Science City of Muñoz,2022-04-24,21.5,32.1,73.3,0.0,21.5,241.7,Ripening,0,0.11,0.12
III,Nueva Ecija,Science City of Muñoz,2022-04-25,21.6,33.4,70.1,0.0,21.5,237.1,Ripening,0,0.13,0.02
III,Nueva Ecija,Science City of Muñoz,2022-04-26,21.6,33.0,70.2,0.0,21.3,237.6,Ripening,0,0.08,0.07
III,Nueva Ecija,Science City of Muñoz,2022-04-27,22.4,33.0,72.2,0.0,22.1,217.3,Ripening,0,0.04,0.12
III,Nueva Ecija,Science City of Muñoz,2022-04-28,22.3,32.4,76.7,10.9,22.7,217.3,Ripening,0,0.11,0.07
III,Nueva Ecija,Science City of Muñoz,2022-04-29,22.3,35.0,73.1,0.0,23.3,223.9,Ripening,0,0.18,0.17
III,Nueva Ecija,Science City of Muñoz,2022-04-30,23.7,34.5,73.5,0.0,23.8,217.8,Ripening,0,0.05,0.21
III,Nueva Ecija,Science City of Muñoz,2022-05-01,23.6,35.7,70.3,0.0,23.7,230.3,Ripening,0,0.19,0.15
III,Nueva Ecija,Science City of Muñoz,2022-05-02,24.2,34.9,70.6,0.0,23.7,227.2,Ripening,0,0.1,0.0
III,Nueva Ecija,Science City of Muñoz,2022-05-03,24.5,35.6,69.0,0.0,23.8,229.3,Seedling,0,0.2,0.15
III,Nueva Ecija,Science City of Muñoz,2022-05-04,23.7,33.9,71.4,0.0,23.1,236.1,Seedling,0,0.06,0.17
III,Nueva Ecija,Science City of Muñoz,2022-05-05,23.6,32.3,72.9,11.3,22.5,209.6,Seedling,0,0.0,0.26
III,Nueva Ecija,Science City of Muñoz,2022-05-06,23.5,31.9,67.0,0.0,21.1,227.4,Seedling,0,0.0,0.11
III,Nueva Ecija,Science City of Muñoz,2022-05-07,23.4,32.2,64.8,0.0,20.8,225.1,Seedling,0,0.04,0.0
III,Nueva Ecija,Science City of Muñoz,2022-05-08,23.8,31.8,68.0,0.0,21.4,222.96666666666667,Seedling,0,0.15,0.11
III,Nueva Ecija,Science City of Muñoz,2022-05-09,23.1,32.3,71.6,0.0,22.0,220.83333333333331,Seedling,0,0.04,0.0
III,Nueva Ecija,Science City of Muñoz,2022-05-10,22.7,32.2,73.3,0.0,22.1,218.7,Seedling,1,0.05,0.05
III,Nueva Ecija,Science City of Muñoz,2022-05-11,22.5,32.4,75.1,0.0,22.5,235.4,Seedling,0,0.18,0.09
III,Nueva Ecija,Science City of Muñoz,2022-05-12,22.9,31.7,73.0,0.0,21.9,231.5,Seedling,0,0.23,0.09
III,Nueva Ecija,Science City of Muñoz,2022-05-13,23.5,31.8,74.9,9.2,22.6,231.9,Seedling,0,0.05,0.07
III,Nueva Ecija,Science City of Muñoz,2022-05-14,23.2,32.9,68.5,0.0,21.7,250.0,Seedling,0,0.08,0.15
III,Nueva Ecija,Science City of Muñoz,2022-05-15,23.5,32.5,69.0,0.0,21.8,225.2,Seedling,0,0.02,0.12
III,Nueva Ecija,Science City of Muñoz,2022-05-16,23.2,30.7,72.2,0.0,21.4,222.7,Seedling,0,0.0,0.1
III,Nueva Ecija,Science City of Muñoz,2022-05-17,22.6,31.7,74.7,0.0,22.1,228.2,Seedling,0,0.08,0.06
III,Nueva Ecija,Science City of Muñoz,2022-05-18,23.2,32.5,79.4,1.5,23.7,222.9,Seedling,0,0.15,0.0
III,Nueva Ecija,Science City of Muñoz,2022-05-19,23.1,33.1,78.7,7.0,23.8,224.5,Seedling,0,0.1,0.0
III,Nueva Ecija,Science City of Muñoz,2022-05-20,22.9,34.1,71.9,0.8,22.9,235.7,Seedling,0,0.07,0.01
III,Nueva Ecija,Science City of Muñoz,2022-05-21,22.6,33.7,71.7,0.0,22.5,232.9,Seedling,0,0.04,0.0
III,Nueva Ecija,Science City of Muñoz,2022-05-22,22.1,33.3,75.4,15.9,22.8,210.9,Seedling,0,0.1,0.02
III,Nueva Ecija,Science City of Muñoz,2022-05-23,22.7,34.0,70.6,0.0,22.5,231.8,Seedling,0,0.18,0.18
III,Nueva Ecija,Science City of Muñoz,2022-05-24,23.0,34.2,76.9,3.6,24.0,232.0,Seedling,0,0.23,0.12
III,Nueva Ecija,Science City of Muñoz,2022-05-25,23.9,34.4,69.1,0.0,23.0,227.8,Seedling,0,0.11,0.0
III,Nueva Ecija,Science City of Muñoz,2022-05-26,22.8,34.7,76.2,1.4,24.0,234.4,Seedling,0,0.18,0.08
III,Nueva Ecija,Science City of Muñoz,2022-05-27,23.2,34.1,72.8,0.0,23.2,238.7,Seedling,0,0.06,0.0
III,Nueva Ecija,Science City of Muñoz,2022-05-28,23.4,35.9,73.1,0.0,24.3,217.4,Seedling,0,0.13,0.19
III,Nueva Ecija,Science City of Muñoz,2022-05-29,23.0,33.9,78.8,17.5,24.2,221.0,Seedling,6,1.15,0.19
III,Nueva Ecija,Science City of Muñoz,2022-05-30,23.5,35.1,74.8,0.0,24.3,213.9,Seedling,7,0.52,0.08
III,Nueva Ecija,Science City of Muñoz,2022-05-31,22.2,35.0,79.1,12.7,24.4,204.9,Seedling,11,1.96,0.02
III,Nueva Ecija,Science City of Muñoz,2022-06-01,23.0,34.7,73.4,0.0,23.5,218.2,Seedling,9,2.43,0.03
III,Nueva Ecija,Science City of Muñoz,2022-06-02,22.4,32.4,81.4,14.4,23.7,204.4,Seedling,5,2.24,0.3
III,Nueva Ecija,Science City of Muñoz,2022-06-03,22.3,32.4,82.2,10.4,23.8,203.9,Seedling,12,2.22,0.0
III,Nueva Ecija,Science City of Muñoz,2022-06-04,22.8,32.4,83.7,10.8,24.3,211.9,Seedling,22,2.28,0.01
III,Nueva Ecija,Science City of Muñoz,2022-06-05,23.1,32.3,78.6,0.0,23.4,216.1,Seedling,13,2.29,0.09
III,Nueva Ecija,Science City of Muñoz,2022-06-06,21.3,31.4,79.5,18.2,22.2,212.6,Seedling,15,1.46,0.15
III,Nueva Ecija,Science City of Muñoz,2022-06-07,23.1,34.2,75.9,0.0,23.8,226.2,Seedling,14,0.78,0.2
III,Nueva Ecija,Science City of Muñoz,2022-06-08,24.0,33.3,74.3,0.0,23.5,220.5,Seedling,13,2.02,0.04
III,Nueva Ecija,Science City of Muñoz,2022-06-09,23.9,34.1,69.0,0.0,22.8,231.0,Seedling,18,0.96,0.23
III,Nueva Ecija,Science City of Muñoz,2022-06-10,23.5,32.9,75.9,22.7,23.4,195.9,Seedling,14,0.75,0.1
III,Nueva Ecija,Science City of Muñoz,2022-06-11,24.5,33.6,72.9,0.0,23.6,225.0,Seedling,16,0.97,0.0
III,Nueva Ecija,Science City of Muñoz,2022-06-12,23.3,36.0,73.5,0.0,24.3,226.2,Seedling,7,1.41,0.05
III,Nueva Ecija,Science City of Muñoz,2022-06-13,22.6,35.0,71.1,0.0,23.0,226.9,Seedling,16,1.67,0.11
III,Nueva Ecija,Science City of Muñoz,2022-06-14,21.7,34.1,70.2,0.0,21.9,222.4,Tillering,21,0.67,0.19
III,Nueva Ecija,Science City of Muñoz,2022-06-15,22.7,33.0,72.6,4.1,22.4,225.2,Tillering,21,1.56,0.06
III,Nueva Ecija,Science City of Muñoz,2022-06-16,21.6,32.3,70.8,1.8,21.1,235.0,Tillering,10,0.61,0.13
III,Nueva Ecija,Science City of Muñoz,2022-06-17,21.4,31.0,75.0,9.0,21.2,218.7,Tillering,6,0.42,0.13
III,Nueva Ecija,Science City of Muñoz,2022-06-18,23.1,32.3,71.4,0.0,22.0,212.8,Tillering,5,0.0,0.07
III,Nueva Ecija,Science City of Muñoz,2022-06-19,23.2,32.5,73.0,0.0,22.5,229.6,Tillering,1,0.0,0.11
III,Nueva Ecija,Science City of Muñoz,2022-06-20,22.8,34.6,72.1,0.0,23.1,225.3,Tillering,1,0.8,0.13
III,Nueva Ecija,Science City of Muñoz,2022-06-21,22.4,34.725,71.2,0.0,23.1,229.4,Tillering,3,0.98,0.11
III,Nueva Ecija,Science City of Muñoz,2022-06-22,22.7,34.85,70.4,0.9800000000000001,23.5,224.3,Tillering,0,2.08,0.05
III,Nueva Ecija,Science City of Muñoz,2022-06-23,22.7,34.975,73.8,1.9600000000000002,23.2,221.0,Tillering,1,0.76,0.0
III,Nueva Ecija,Science City of Muñoz,2022-06-24,22.7,35.1,66.4,2.9400000000000004,22.2,224.4,Tillering,1,0.83,0.0
III,Nueva Ecija,Science City of Muñoz,2022-06-25,22.4,34.8,71.6,3.9200000000000004,22.9,238.7,Tillering,5,1.42,0.0
III,Nueva Ecija,Science City of Muñoz,2022-06-26,21.9,35.2,75.5,4.9,23.6,214.3,Tillering,5,1.8,0.05
III,Nueva Ecija,Science City of Muñoz,2022-06-27,22.7,34.9,70.2,0.0,22.8,234.7,Tillering,2,0.75,0.0
III,Nueva Ecija,Science City of Muñoz,2022-06-28,22.2,34.8,76.5,5.4,23.8,215.8,Tillering,1,2.0,0.0
III,Nueva Ecija,Science City of Muñoz,2022-06-29,22.9,33.0,73.2,8.6,23.55,215.8,Tillering,2,2.14,0.14
III,Nueva Ecija,Science City of Muñoz,2022-06-30,22.6,32.1,71.3,0.0,23.3,216.6,Tillering,2,1.88,0.07
III,Nueva Ecija,Science City of Muñoz,2022-07-01,22.6,32.6,75.9,11.5,23.05,214.8,Tillering,1,1.64,0.06
III,Nueva Ecija,Science City of Muñoz,2022-07-02,23.3,33.7,71.5,0.0,22.8,214.5,Tillering,2,3.95,0.15
III,Nueva Ecija,Science City of Muñoz,2022-07-03,23.0,33.3,72.15,0.0,23.1,224.3,Tillering,3,3.15,0.1
III,Nueva Ecija,Science City of Muñoz,2022-07-04,23.0,33.4,72.8,18.4,23.9,197.9,Tillering,5,2.15,0.18
III,Nueva Ecija,Science City of Muñoz,2022-07-05,22.2,34.8,73.44999999999999,2.9,24.6,232.2,Tillering,0,1.32,0.11
III,Nueva Ecija,Science City of Muñoz,2022-07-06,22.0,34.2,74.1,0.0,22.9,231.5,Tillering,2,1.65,0.16
III,Nueva Ecija,Science City of Muñoz,2022-07-07,22.2,34.9,72.1,0.0,23.0,217.8,Tillering,2,2.54,0.01
III,Nueva Ecija,Science City of Muñoz,2022-07-08,22.0,35.5,73.7,0.0,23.5,227.5,Tillering,5,0.99,0.05
III,Nueva Ecija,Science City of Muñoz,2022-07-09,21.5,34.0,73.4,27.9,22.4,194.7,Elongation,5,2.71,0.15
III,Nueva Ecija,Science City of Muñoz,2022-07-10,22.4,35.2,78.7,2.2,24.5,229.1,Elongation,0,2.11,0.09
III,Nueva Ecija,Science City of Muñoz,2022-07-11,22.1,34.7,83.8,4.1,25.2,226.2,Elongation,6,1.94,0.05
III,Nueva Ecija,Science City of Muñoz,2022-07-12,22.1,34.3,78.9,0.0,24.0,219.3,Elongation,6,1.49,0.05
III,Nueva Ecija,Science City of Muñoz,2022-07-13,22.3,32.3,84.9,59.2,24.3,174.2,Elongation,10,0.56,0.0
III,Nueva Ecija,Science City of Muñoz,2022-07-14,21.8,31.2,81.5,46.4,22.8,163.4,Elongation,21,1.47,0.02
III,Nueva Ecija,Science City of Muñoz,2022-07-15,22.7,33.1,80.5,2.8,24.0,207.7,Elongation,23,2.21,0.0
III,Nueva Ecija,Science City of Muñoz,2022-07-16,22.3,33.05,81.1,34.8,22.6,187.9,Elongation,23,0.81,0.0
III,Nueva Ecija,Science City of Muñoz,2022-07-17,23.5,33.0,76.1,0.0,23.3,223.2,Elongation,24,0.79,0.17
III,Nueva Ecija,Science City of Muñoz,2022-07-18,23.7,32.95,75.9,0.0,23.7,219.0,Elongation,26,0.88,0.11
III,Nueva Ecija,Science City of Muñoz,2022-07-19,23.8,32.9,80.0,7.3,24.4,212.8,Elongation,22,0.67,0.12
III,Nueva Ecija,Science City of Muñoz,2022-07-20,23.7,34.5,78.6,8.5,24.8,215.1,Elongation,17,1.05,0.28
III,Nueva Ecija,Science City of Muñoz,2022-07-21,23.7,34.4,73.3,0.0,23.7,214.6,Elongation,25,1.0,0.01
III,Nueva Ecija,Science City of Muñoz,2022-07-22,23.2,35.2,79.7,3.9,25.1,215.4,Elongation,22,0.0,0.05
III,Nueva Ecija,Science City of Muñoz,2022-07-23,22.8,35.5,83.0,2.8,25.8,215.3,Elongation,27,0.41,0.08
III,Nueva Ecija,Science City of Muñoz,2022-07-24,22.4,35.0,83.5,6.5,25.4,222.7,Elongation,40,1.34,0.21
III,Nueva Ecija,Science City of Muñoz,2022-07-25,23.0,36.6,78.0,0.0,25.4,220.1,Elongation,32,0.44,0.0
III,Nueva Ecija,Science City of Muñoz,2022-07-26,23.4,35.1,79.8,12.3,25.2,222.0,Elongation,21,0.85,0.06
III,Nueva Ecija,Science City of Muñoz,2022-07-27,23.2,35.3,77.5,7.2,24.8,204.3,Elongation,21,1.33,0.02
III,Nueva Ecija,Science City of Muñoz,2022-07-28,22.8,34.7,76.3,10.4,24.0,207.5,Elongation,24,1.98,0.05
III,Nueva Ecija,Science City of Muñoz,2022-07-29,23.3,33.1,78.8,20.4,24.0,186.1,Panicle,10,0.1,3.25
III,Nueva Ecija,Science City of Muñoz,2022-07-30,22.3,34.1,79.9,3.0,24.2,197.6,Panicle,12,0.02,4.55
III,Nueva Ecija,Science City of Muñoz,2022-07-31,22.7,34.8,76.8,0.0,24.1,216.3,Panicle,12,0.3,8.0
III,Nueva Ecija,Science City of Muñoz,2022-08-01,21.7,34.8,77.4,0.0,23.7,214.0,Panicle,24,0.26,6.53
III,Nueva Ecija,Science City of Muñoz,2022-08-02,22.6,35.9,74.7,0.0,24.2,203.5,Panicle,13,0.11,7.55
III,Nueva Ecija,Science City of Muñoz,2022-08-03,22.1,34.5,75.2,0.0,23.3,221.3,Panicle,12,0.11,7.95
III,Nueva Ecija,Science City of Muñoz,2022-08-04,22.1,34.6,79.1,6.1,24.2,207.9,Panicle,18,0.11,8.88
III,Nueva Ecija,Science City of Muñoz,2022-08-05,23.0,35.3,77.3,5.2,24.6,205.8,Panicle,13,0.02,8.21
III,Nueva Ecija,Science City of Muñoz,2022-08-06,23.2,33.8,79.0,19.7,24.3,182.2,Panicle,13,0.1,6.17
III,Nueva Ecija,Science City of Muñoz,2022-08-07,22.9,33.9,74.5,0.7,23.3,195.6,Panicle,7,0.13,6.0
III,Nueva Ecija,Science City of Muñoz,2022-08-08,22.8,32.5,78.0,7.6,23.2,218.5,Panicle,9,0.02,3.42
III,Nueva Ecija,Science City of Muñoz,2022-08-09,23.3,34.0,78.2,3.6,24.3,210.0,Panicle,6,0.11,3.8
III,Nueva Ecija,Science City of Muñoz,2022-08-10,23.7,33.7,70.4,0.0,22.8,200.0,Panicle,3,0.1,1.08
III,Nueva Ecija,Science City of Muñoz,2022-08-11,23.7,33.3,70.1,0.0,22.5,222.7,Panicle,3,0.04,1.78
III,Nueva Ecija,Science City of Muñoz,2022-08-12,23.8,34.2,74.6,1.5,23.9,200.3,Panicle,0,0.05,0.61
III,Nueva Ecija,Science City of Muñoz,2022-08-13,21.8,33.3,76.7,32.4,22.9,176.6,Panicle,2,0.06,2.97
III,Nueva Ecija,Science City of Muñoz,2022-08-14,23.4,35.4,79.5,5.8,25.3,217.0,Flowering,0,0.13,0.0
III,Nueva Ecija,Science City of Muñoz,2022-08-15,23.6,35.8,74.9,0.0,24.7,210.2,Flowering,0,0.18,1.07
III,Nueva Ecija,Science City of Muñoz,2022-08-16,23.4,36.5,77.0,18.7,25.4,182.5,Flowering,0,0.19,0.0
III,Nueva Ecija,Science City of Muñoz,2022-08-17,23.3,37.8,72.9,1.9,25.1,217.8,Flowering,1,0.18,2.8
III,Nueva Ecija,Science City of Muñoz,2022-08-18,22.7,36.3,76.9,10.1,24.9,204.5,Flowering,1,0.01,2.85
III,Nueva Ecija,Science City of Muñoz,2022-08-19,23.0,36.5,75.1,0.0,24.8,224.8,Flowering,4,0.08,2.87
III,Nueva Ecija,Science City of Muñoz,2022-08-20,22.9,35.0,72.6,0.0,23.5,228.6,Flowering,1,0.06,2.85
III,Nueva Ecija,Science City of Muñoz,2022-08-21,22.9,34.2,68.4,0.0,22.2,192.9,Flowering,0,0.09,2.87
III,Nueva Ecija,Science City of Muñoz,2022-08-22,21.4,33.7,76.3,3.9,22.8,197.0,Flowering,0,0.12,2.77
III,Nueva Ecija,Science City of Muñoz,2022-08-23,21.0,32.2,77.6,5.5,22.1,197.8,Flowering,2,0.2,3.53
III,Nueva Ecija,Science City of Muñoz,2022-08-24,21.9,33.8,74.0,0.0,22.6,210.3,Flowering,1,0.09,2.91
III,Nueva Ecija,Science City of Muñoz,2022-08-25,23.4,34.0,70.9,0.0,22.9,220.5,Flowering,0,0.14,3.37
III,Nueva Ecija,Science City of Muñoz,2022-08-26,23.5,35.6,71.2,0.0,23.8,197.1,Flowering,0,0.2,4.49
III,Nueva Ecija,Science City of Muñoz,2022-08-27,23.1,35.7,77.5,12.5,24.9,196.5,Flowering,0,0.13,4.36
III,Nueva Ecija,Science City of Muñoz,2022-08-28,22.6,34.8,81.1,14.9,24.9,202.0,Flowering,2,0.03,5.09
III,Nueva Ecija,Science City of Muñoz,2022-08-29,22.1,35.9,76.1,0.0,24.2,217.3,Ripening,0,0.18,4.46
III,Nueva Ecija,Science City of Muñoz,2022-08-30,21.1,33.7,80.3,11.5,23.5,226.5,Ripening,1,0.09,2.63
III,Nueva Ecija,Science City of Muñoz,2022-08-31,22.1,33.8,84.0,2.2,24.8,212.8,Ripening,1,0.07,1.73
III,Nueva Ecija,Science City of Muñoz,2022-09-01,22.6,33.8,75.3,0.0,23.3,223.5,Ripening,2,0.07,0.92
III,Nueva Ecija,Science City of Muñoz,2022-09-02,22.2,32.8,79.4,29.1,23.4,198.2,Ripening,0,0.21,0.0
III,Nueva Ecija,Science City of Muñoz,2022-09-03,22.7,32.9,78.8,12.1,23.6,210.8,Ripening,2,0.0,1.52
III,Nueva Ecija,Science City of Muñoz,2022-09-04,21.5,33.5,80.3,7.8,23.6,214.4,Ripening,0,0.11,0.57
III,Nueva Ecija,Science City of Muñoz,2022-09-05,21.5,34.2,74.9,0.0,22.8,203.2,Ripening,1,0.15,0.56
III,Nueva Ecija,Science City of Muñoz,2022-09-06,21.8,33.8,80.1,16.8,23.8,205.4,Ripening,2,0.17,0.73
III,Nueva Ecija,Science City of Muñoz,2022-09-07,21.8,34.4,81.8,21.8,24.5,197.7,Ripening,0,0.22,0.0
III,Nueva Ecija,Science City of Muñoz,2022-09-08,22.7,36.4,82.6,1.5,26.1,211.9,Ripening,2,0.05,0.91
III,Nueva Ecija,Science City of Muñoz,2022-09-09,22.3,36.2,78.3,12.3,24.9,201.2,Ripening,4,0.0,0.86
III,Nueva Ecija,Science City of Muñoz,2022-09-10,22.6,36.2,73.9,0.0,24.2,217.7,Ripening,3,0.1,0.58
III,Nueva Ecija,Science City of Muñoz,2022-09-11,23.4,35.6,80.0,4.0,25.5,214.7,Ripening,8,0.14,1.2
III,Nueva Ecija,Science City of Muñoz,2022-09-12,23.0,36.8,77.7,4.325,25.4,221.0,Ripening,2,0.14,0.12
III,Nueva Ecija,Science City of Muñoz,2022-09-13,24.7,36.6,79.5,4.65,26.6,205.8,Ripening,7,0.0,0.0
III,Nueva Ecija,Science City of Muñoz,2022-09-14,24.0,35.3,79.6,4.975,25.6,220.3,Ripening,5,0.07,1.55
III,Nueva Ecija,Science City of Muñoz,2022-09-15,23.4,34.9,83.8,5.3,25.9,227.3,Ripening,7,0.1,0.67
III,Nueva Ecija,Science City of Muñoz,2022-09-16,23.0,33.3,79.6,0.1,25.619999999999997,205.8,Ripening,5,0.2,1.79
III,Nueva Ecija,Science City of Muñoz,2022-09-17,22.9,32.4,80.5,7.8,25.34,209.6,Ripening,5,0.0,2.09
III,Nueva Ecija,Science City of Muñoz,2022-09-18,23.0,31.1,77.4,2.5,25.06,209.6,Ripening,7,0.09,0.53
III,Nueva Ecija,Science City of Muñoz,2022-09-19,23.0,31.3,77.8,7.3,24.78,200.7,Ripening,2,0.11,0.29
III,Nueva Ecija,Science City of Muñoz,2022-09-20,22.8,33.4,82.1,9.4,24.5,202.6,Ripening,5,0.17,0.57
III,Nueva Ecija,Science City of Muñoz,2022-09-21,22.7,35.7,81.4,3.2,25.5,226.6,Ripening,6,0.13,0.86
III,Nueva Ecija,Science City of Muñoz,2022-09-22,23.0,36.1,79.3,0.0,25.4,211.1,Ripening,2,0.04,0.9
III,Nueva Ecija,Science City of Muñoz,2022-09-23,24.2,34.8,82.0,6.1,25.9,209.4,Ripening,0,0.12,0.06
III,Nueva Ecija,Science City of Muñoz,2022-09-24,23.7,34.5,76.4,0.0,24.4,210.2,Ripening,0,0.19,0.13
III,Nueva Ecija,Science City of Muñoz,2022-09-25,23.5,35.0,80.2,3.6,25.3,204.2,Ripening,0,0.14,0.08
III,Nueva Ecija,Science City of Muñoz,2022-09-26,22.2,34.1,74.0,0.0,23.0,241.2,Ripening,1,0.01,0.0
III,Nueva Ecija,Science City of Muñoz,2022-09-27,21.9,32.5,80.9,26.9,23.4,208.4,Ripening,1,0.0,0.24
III,Nueva Ecija,Science City of Muñoz,2022-09-28,22.3,32.9,76.2,0.0,22.8,205.5,Ripening,0,0.07,0.06
III,Nueva Ecija,Science City of Muñoz,2022-09-29,21.7,31.1,78.8,31.7,22.2,179.4,Ripening,0,0.1,0.11
III,Nueva Ecija,Science City of Muñoz,2022-09-30,23.0,33.3,76.6,0.0,23.5,219.4,Ripening,0,0.09,0.11
III,Nueva Ecija,Science City of Muñoz,2022-10-01,22.3,35.5,78.6,0.0,24.6,216.6,Ripening,0,0.07,0.07
III,Nueva Ecija,Science City of Muñoz,2022-10-02,22.9,34.0,76.5,0.0,23.8,216.2,Ripening,0,0.12,0.0
III,Nueva Ecija,Science City of Muñoz,2022-10-03,21.9,33.1,84.0,17.9,24.3,200.5,Ripening,0,0.26,0.01
III,Nueva Ecija,Science City of Muñoz,2022-10-04,22.9,35.4,78.6,0.0,24.9,218.2,Ripening,0,0.03,0.0
III,Nueva Ecija,Science City of Muñoz,2022-10-05,22.2,34.0,83.8,39.0,24.9,174.9,Ripening,1,0.02,0.08
III,Nueva Ecija,Science City of Muñoz,2022-10-06,22.5,35.0,82.1,0.0,25.2,225.2,Ripening,0,0.14,0.14
III,Nueva Ecija,Science City of Muñoz,2022-10-07,22.6,34.3,82.5,8.0,25.0,205.7,Ripening,0,0.1,0.06
III,Nueva Ecija,Science City of Muñoz,2022-10-08,22.2,34.0,76.5,0.0,23.4,213.5,Ripening,0,0.07,0.12
III,Nueva Ecija,Science City of Muñoz,2022-10-09,22.8,35.6,74.6,0.0,24.1,215.5,Ripening,0,0.23,0.19
III,Nueva Ecija,Science City of Muñoz,2022-10-10,22.0,34.2,75.7,0.0,23.2,216.6,Ripening,0,0.13,0.11
III,Nueva Ecija,Science City of Muñoz,2022-10-11,22.2,35.5,73.8,0.0,23.6,216.0,Ripening,0,0.11,0.0
III,Nueva Ecija,Science City of Muñoz,2022-10-12,22.0,32.7,74.6,26.3,22.3,203.6,Ripening,0,0.17,0.12
III,Nueva Ecija,Science City of Muñoz,2022-10-13,22.8,33.6,76.8,14.2,23.6,185.5,Ripening,0,0.17,0.07
III,Nueva Ecija,Science City of Muñoz,2022-10-14,23.7,34.4,75.3,5.3,24.1,206.1,Ripening,0,0.01,0.06
III,Nueva Ecija,Science City of Muñoz,2022-10-15,24.2,34.9,77.8,4.5,25.1,213.4,Ripening,0,0.0,0.01
III,Nueva Ecija,Science City of Muñoz,2022-10-16,23.9,35.7,74.2,0.0,24.6,229.4,Ripening,0,0.09,0.16
III,Nueva Ecija,Science City of Muñoz,2022-10-17,23.8,34.4,76.1,0.2,24.3,226.7,Ripening,0,0.0,0.08
III,Nueva Ecija,Science City of Muñoz,2022-10-18,23.4,34.3,79.4,18.8,24.7,208.3,Ripening,0,0.08,0.07
III,Nueva Ecija,Science City of Muñoz,2022-10-19,23.3,33.6,78.0,4.5,24.1,218.3,Ripening,0,0.06,0.04
III,Nueva Ecija,Science City of Muñoz,2022-10-20,22.6,32.5,77.9,17.0,23.1,214.7,Ripening,0,0.04,0.11
III,Nueva Ecija,Science City of Muñoz,2022-10-21,22.9,32.7,76.0,0.0,23.0,225.5,Ripening,0,0.0,0.0
III,Nueva Ecija,Science City of Muñoz,2022-10-22,23.5,34.0,80.8,10.1,24.9,218.7,Ripening,0,0.19,0.09
III,Nueva Ecija,Science City of Muñoz,2022-10-23,22.8,35.0,80.7,7.2,25.0,208.8,Ripening,0,0.11,0.05
III,Nueva Ecija,Science City of Muñoz,2022-10-24,22.1,33.7,77.7,300.7,23.4,181.5,Ripening,0,0.19,0.03
III,Nueva Ecija,Science City of Muñoz,2022-10-25,23.5,34.5,74.0,0.0,23.8,218.8,Ripening,0,0.07,0.0
III,Nueva Ecija,Science City of Muñoz,2022-10-26,24.2,32.3,74.3,0.0,23.1,243.3,Ripening,0,0.02,0.03
III,Nueva Ecija,Science City of Muñoz,2022-10-27,22.4,33.4,80.6,1.4,24.0,218.9,Ripening,0,0.08,0.08
III,Nueva Ecija,Science City of Muñoz,2022-10-28,22.0,30.2,81.5,16.7,22.4,197.9,Ripening,0,0.05,0.13
III,Nueva Ecija,Science City of Muñoz,2022-10-29,22.4,30.0,82.8,22.7,22.8,199.0,Ripening,0,0.0,0.09
III,Nueva Ecija,Science City of Muñoz,2022-10-30,22.1,29.7,84.1,25.1,22.7,200.4,Ripening,0,0.0,0.02
III,Nueva Ecija,Science City of Muñoz,2022-10-31,23.7,32.9,76.5,0.0,23.6,224.7,Seedling,0,0.25,0.0
III,Nueva Ecija,Science City of Muñoz,2022-11-01,23.2,33.2,80.4,7.8,24.3,209.3,Seedling,0,0.0,0.0
III,Nueva Ecija,Science City of Muñoz,2022-11-02,22.7,30.4,79.3,35.7,22.4,184.1,Seedling,0,0.16,0.12
III,Nueva Ecija,Science City of Muñoz,2022-11-03,23.0,32.9,77.2,24.1,23.4,212.7,Seedling,0,0.14,0.0
III,Nueva Ecija,Science City of Muñoz,2022-11-04,23.1,33.4,72.3,0.0,22.7,218.4,Seedling,0,0.06,0.08
III,Nueva Ecija,Science City of Muñoz,2022-11-05,22.8,32.9,76.1,9.0,23.1,204.9,Seedling,0,0.0,0.08
III,Nueva Ecija,Science City of Muñoz,2022-11-06,23.2,34.5,76.7,1.1,24.2,221.8,Seedling,0,0.09,0.1
III,Nueva Ecija,Science City of Muñoz,2022-11-07,22.8,33.5,75.5,9.3,23.2,206.7,Seedling,0,0.15,0.18
III,Nueva Ecija,Science City of Muñoz,2022-11-08,21.9,33.8,72.8,27.1,22.4,202.0,Seedling,0,0.2,0.21
III,Nueva Ecija,Science City of Muñoz,2022-11-09,22.9,35.1,71.8,0.0,23.4,239.5,Seedling,0,0.02,0.13
III,Nueva Ecija,Science City of Muñoz,2022-11-10,23.4,35.0,72.7,0.0,23.7,220.4,Seedling,0,0.03166666666666666,0.0
III,Nueva Ecija,Science City of Muñoz,2022-11-11,23.0,34.6,78.1,10.9,24.4,216.3,Seedling,0,0.043333333333333335,0.0
III,Nueva Ecija,Science City of Muñoz,2022-11-12,22.8,34.9,76.8,0.0,24.2,221.2,Seedling,0,0.05499999999999999,0.14
III,Nueva Ecija,Science City of Muñoz,2022-11-13,21.9,34.0,73.0,0.0,22.5,209.4,Seedling,0,0.06666666666666667,0.24
III,Nueva Ecija,Science City of Muñoz,2022-11-14,21.3,33.5,72.5,1.2,21.9,226.3,Seedling,0,0.07833333333333332,0.19
III,Nueva Ecija,Science City of Muñoz,2022-11-15,22.6,32.9,69.8,0.0,21.7,207.9,Seedling,0,0.09,0.02
III,Nueva Ecija,Science City of Muñoz,2022-11-16,22.6,32.4,71.6,0.0,21.8,203.0,Seedling,0,0.02,0.09
III,Nueva Ecija,Science City of Muñoz,2022-11-17,21.9,32.3,75.2,7.4,22.1,212.0,Seedling,0,0.06,0.03
III,Nueva Ecija,Science City of Muñoz,2022-11-18,22.4,33.3,74.4,7.2,22.7,226.4,Seedling,0,0.08,0.03
III,Nueva Ecija,Science City of Muñoz,2022-11-19,22.7,33.6,69.5,0.0,22.0,230.3,Seedling,0,0.17,0.09
III,Nueva Ecija,Science City of Muñoz,2022-11-20,22.8,34.0,68.9,0.0,22.2,224.9,Seedling,0,0.11,0.0
III,Nueva Ecija,Science City of Muñoz,2022-11-21,22.1,33.1,71.0,0.0,21.8,221.6,Seedling,0,0.12,0.07
III,Nueva Ecija,Science City of Muñoz,2022-11-22,22.2,33.1,75.7,16.2,22.8,218.0,Seedling,1,0.0,0.05
III,Nueva Ecija,Science City of Muñoz,2022-11-23,22.2,33.2,69.9,0.0,21.7,232.1,Seedling,0,0.0,0.0
III,Nueva Ecija,Science City of Muñoz,2022-11-24,22.2,31.5,71.8,7.9,21.2,220.5,Seedling,0,0.12,0.11
III,Nueva Ecija,Science City of Muñoz,2022-11-25,23.1,34.2,74.2,4.3,23.5,218.0,Seedling,0,0.05,0.08
III,Nueva Ecija,Science City of Muñoz,2022-11-26,23.2,34.4,71.1,0.0,23.0,233.8,Seedling,0,0.01,0.0
III,Nueva Ecija,Science City of Muñoz,2022-11-27,23.0,35.0,71.7,0.0,23.3,216.6,Seedling,0,0.06,0.04
III,Nueva Ecija,Science City of Muñoz,2022-11-28,23.2,34.5,74.2,7.9,23.7,228.4,Seedling,0,0.06,0.05
III,Nueva Ecija,Science City of Muñoz,2022-11-29,23.5,34.1,68.9,0.0,22.6,224.8,Seedling,0,0.25,0.02
III,Nueva Ecija,Science City of Muñoz,2022-11-30,23.6,32.6,66.4,0.0,21.4,230.7,Seedling,0,0.07,0.04
III,Nueva Ecija,Science City of Muñoz,2022-12-01,23.0,32.7,68.7,0.0,21.6,231.2,Seedling,0,0.06,0.09
III,Nueva Ecija,Science City of Muñoz,2022-12-02,23.3,34.2,67.4,0.0,22.2,222.4,Seedling,0,0.2,0.13
III,Nueva Ecija,Science City of Muñoz,2022-12-03,23.0,34.1,64.3,0.0,21.4,238.4,Seedling,0,0.1,0.01
III,Nueva Ecija,Science City of Muñoz,2022-12-04,22.7,34.4,70.7,0.0,22.7,214.6,Seedling,0,0.0,0.09
III,Nueva Ecija,Science City of Muñoz,2022-12-05,23.0,34.3,72.1,0.0,23.1,219.1,Seedling,0,0.16,0.08
III,Nueva Ecija,Science City of Muñoz,2022-12-06,24.4,35.3,72.2,0.0,24.3,230.7,Seedling,0,0.09,0.09
III,Nueva Ecija,Science City of Muñoz,2022-12-07,24.5,35.0,70.0,0.0,23.8,217.5,Seedling,0,0.14,0.0
III,Nueva Ecija,Science City of Muñoz,2022-12-08,23.8,34.9,78.0,1.2,25.0,233.8,Seedling,0,1.64,0.04
III,Nueva Ecija,Science City of Muñoz,2022-12-09,22.9,35.4,74.5,0.0,24.0,205.5,Seedling,0,2.13,0.13
III,Nueva Ecija,Science City of Muñoz,2022-12-10,23.4,35.9,74.6,0.0,24.6,231.8,Seedling,0,2.66,0.19
III,Nueva Ecija,Science City of Muñoz,2022-12-11,23.3,34.9,73.2,0.0,23.7,223.3,Seedling,2,2.56,0.03
III,Nueva Ecija,Science City of Muñoz,2022-12-12,22.5,35.1,73.1,0.0,23.4,229.3,Seedling,2,2.6,0.05
III,Nueva Ecija,Science City of Muñoz,2022-12-13,22.5,33.5,72.8,0.0,22.6,221.0,Seedling,1,3.02,0.0
III,Nueva Ecija,Science City of Muñoz,2022-12-14,23.6,34.0,71.1,0.0,23.0,230.8,Seedling,1,2.94,0.27
III,Nueva Ecija,Science City of Muñoz,2022-12-15,23.2,32.9,71.2,0.0,22.3,228.9,Seedling,0,3.12,0.13
III,Nueva Ecija,Science City of Muñoz,2022-12-16,23.233333333333334,33.4,69.2,0.0,21.6,239.9,Seedling,1,2.49,0.13
III,Nueva Ecija,Science City of Muñoz,2022-12-17,23.266666666666666,32.0,69.4,0.0,21.4,237.5,Seedling,0,1.86,0.17
III,Nueva Ecija,Science City of Muñoz,2022-12-18,23.3,32.25,71.4,0.0,21.9,228.3,Seedling,0,2.11,0.11
III,Nueva Ecija,Science City of Muñoz,2022-12-19,22.8,32.5,70.2,0.0,20.9,233.6,Seedling,0,1.37,0.13
III,Nueva Ecija,Science City of Muñoz,2022-12-20,22.6,32.75,71.3,0.0,21.5,232.1,Seedling,0,1.34,0.0
III,Nueva Ecija,Science City of Muñoz,2022-12-21,22.5,33.0,70.0,0.0,20.8,226.9,Seedling,2,0.46,0.12
III,Nueva Ecija,Science City of Muñoz,2022-12-22,21.9,33.25,67.3,0.0,20.1,223.1,Seedling,2,0.0,0.11
III,Nueva Ecija,Science City of Muñoz,2022-12-23,22.2,33.5,69.4,0.0,21.7,226.7,Tillering,2,0.73,0.0
III,Nueva Ecija,Science City of Muñoz,2022-12-24,23.4,32.6,67.8,0.0,21.6,230.8,Tillering,2,1.41,0.02
III,Nueva Ecija,Science City of Muñoz,2022-12-25,23.0,34.8,65.6,0.0,22.0,238.8,Tillering,1,0.0,0.03
III,Nueva Ecija,Science City of Muñoz,2022-12-26,22.0,33.7,68.0,17.9,21.5,218.2,Tillering,1,0.68,0.07
III,Nueva Ecija,Science City of Muñoz,2022-12-27,23.2,33.4,65.8,0.0,21.5,220.7,Tillering,0,0.94,0.11
III,Nueva Ecija,Science City of Muñoz,2022-12-28,22.5,31.8,73.8,8.5,21.9,219.0,Tillering,0,0.5,0.07
III,Nueva Ecija,Science City of Muñoz,2022-12-29,22.2,32.4,68.5,0.0,21.0,224.1,Tillering,4,0.22,0.04
III,Nueva Ecija,Science City of Muñoz,2022-12-30,22.7,32.7,70.1,0.0,21.7,225.5,Tillering,0,0.58,0.02
III,Nueva Ecija,Science City of Muñoz,2022-12-31,22.0,32.7,74.1,10.9,22.2,223.0,Tillering,3,0.55,0.0
III,Nueva Ecija,Science City of Muñoz,2023-01-01,22.7,31.5,76.3,14.2,22.4,216.4,Tillering,3,0.0,0.04
III,Nueva Ecija,Science City of Muñoz,2023-01-02,22.3,31.1,72.0,0.0,21.1,212.4,Tillering,2,0.0,0.21
III,Nueva Ecija,Science City of Muñoz,2023-01-03,22.8,33.6,72.3,0.0,22.7,233.2,Tillering,1,0.18,0.06
III,Nueva Ecija,Science City of Muñoz,2023-01-04,22.6,34.5,71.7,0.0,22.9,234.0,Tillering,2,0.0,0.17
III,Nueva Ecija,Science City of Muñoz,2023-01-05,22.5,35.9,70.5,0.0,23.3,242.7,Tillering,4,0.88,0.13
III,Nueva Ecija,Science City of Muñoz,2023-01-06,21.8,35.4,69.8,0.0,22.6,220.3,Tillering,1,0.2,0.0
III,Nueva Ecija,Science City of Muñoz,2023-01-07,21.6,35.6,69.93333333333334,0.0,22.8,228.9,Tillering,3,0.0,0.17
III,Nueva Ecija,Science City of Muñoz,2023-01-08,21.3,34.1,70.06666666666666,0.0,22.3,236.7,Tillering,1,0.72,0.15
III,Nueva Ecija,Science City of Muñoz,2023-01-09,20.0,33.1,70.2,0.0,20.6,242.2,Tillering,1,0.74,0.1
III,Nueva Ecija,Science City of Muñoz,2023-01-10,21.3,33.4,71.0,0.0,21.6,230.6,Tillering,5,0.42,0.01
III,Nueva Ecija,Science City of Muñoz,2023-01-11,20.9,34.3,67.3,0.0,21.1,246.3,Tillering,2,0.66,0.03
III,Nueva Ecija,Science City of Muñoz,2023-01-12,22.4,33.8,67.4,0.0,21.6,230.1,Tillering,0,1.4,0.12
III,Nueva Ecija,Science City of Muñoz,2023-01-13,23.4,34.0,66.7,0.0,22.0,241.0,Tillering,2,0.44,0.08
III,Nueva Ecija,Science City of Muñoz,2023-01-14,23.7,35.8,67.9,0.0,23.3,229.6,Tillering,1,1.26,0.25
III,Nueva Ecija,Science City of Muñoz,2023-01-15,23.1,35.1,69.9,0.0,23.1,244.2,Tillering,1,1.95,0.16
III,Nueva Ecija,Science City of Muñoz,2023-01-16,23.4,36.4,70.0,0.0,23.9,226.8,Tillering,2,2.9,0.0
III,Nueva Ecija,Science City of Muñoz,2023-01-17,22.2,36.5,65.9,0.0,22.5,243.7,Elongation,0,6.98,0.2
III,Nueva Ecija,Science City of Muñoz,2023-01-18,22.2,35.4,63.6,0.0,21.5,229.8,Elongation,3,5.67,0.04
III,Nueva Ecija,Science City of Muñoz,2023-01-19,22.0,33.9,66.5,0.0,21.2,228.8,Elongation,3,5.03,0.0
III,Nueva Ecija,Science City of Muñoz,2023-01-20,23.0,34.1,68.6,0.0,22.3,250.2,Elongation,0,4.93,0.0
III,Nueva Ecija,Science City of Muñoz,2023-01-21,22.7,33.8,70.9,0.0,22.4,249.3,Elongation,2,4.49,0.0
III,Nueva Ecija,Science City of Muñoz,2023-01-22,22.0,32.9,69.0,0.0,21.2,231.3,Elongation,0,3.49,0.23
III,Nueva Ecija,Science City of Muñoz,2023-01-23,21.4,34.1,69.3,0.0,21.6,243.2,Elongation,2,3.88,0.08
III,Nueva Ecija,Science City of Muñoz,2023-01-24,20.9,32.2,67.5,0.0,20.0,227.5,Elongation,1,4.11,0.13
III,Nueva Ecija,Science City of Muñoz,2023-01-25,21.9,33.3,70.9,0.0,21.8,237.7,Elongation,4,3.53,0.21
III,Nueva Ecija,Science City of Muñoz,2023-01-26,21.6,32.9,70.4,0.0,21.3,236.3,Elongation,0,3.02,0.0
III,Nueva Ecija,Science City of Muñoz,2023-01-27,22.0,32.1,69.4,0.0,20.9,247.5,Elongation,4,2.74,0.06
III,Nueva Ecija,Science City of Muñoz,2023-01-28,22.3,33.5,69.2,0.0,21.7,240.4,Elongation,4,1.34,0.19
III,Nueva Ecija,Science City of Muñoz,2023-01-29,22.1,34.2,68.8,0.0,21.9,238.5,Elongation,1,0.47,0.02
III,Nueva Ecija,Science City of Muñoz,2023-01-30,21.1,34.9,73.1,8.2,22.6,225.7,Elongation,1,1.63,0.12
III,Nueva Ecija,Science City of Muñoz,2023-01-31,22.4,35.5,70.0,0.0,23.0,246.9,Elongation,1,1.58,0.13
III,Nueva Ecija,Science City of Muñoz,2023-02-01,22.2,33.7,69.9,0.0,21.9,243.6,Elongation,0,0.1,0.11
III,Nueva Ecija,Science City of Muñoz,2023-02-02,22.4,33.7,65.9,0.0,21.2,247.8,Elongation,2,0.69,0.13
III,Nueva Ecija,Science City of Muñoz,2023-02-03,22.0,32.5,66.5,0.0,20.6,242.7,Elongation,0,1.24,0.16
III,Nueva Ecija,Science City of Muñoz,2023-02-04,22.5,33.8,68.3,0.0,21.8,227.1,Elongation,0,1.45,0.09
III,Nueva Ecija,Science City of Muñoz,2023-02-05,22.2,33.6,65.9,0.0,21.1,253.8,Panicle,1,0.11,0.0
III,Nueva Ecija,Science City of Muñoz,2023-02-06,21.4,33.0,67.4,0.0,20.7,238.0,Panicle,1,0.14,0.24
III,Nueva Ecija,Science City of Muñoz,2023-02-07,22.4,33.2,65.7,0.0,20.9,230.4,Panicle,1,0.07,0.81
III,Nueva Ecija,Science City of Muñoz,2023-02-08,21.5,31.3,69.7,15.2,20.3,218.2,Panicle,0,0.0,1.08
III,Nueva Ecija,Science City of Muñoz,2023-02-09,21.3,33.2,68.0,0.0,20.8,242.1,Panicle,0,0.0,0.86
III,Nueva Ecija,Science City of Muñoz,2023-02-10,21.9,32.8,68.6,8.8,21.1,235.3,Panicle,1,0.0,1.79
III,Nueva Ecija,Science City of Muñoz,2023-02-11,21.9,32.4,69.6,0.0,21.1,218.3,Panicle,1,0.16,0.65
III,Nueva Ecija,Science City of Muñoz,2023-02-12,22.4,32.4,72.1,0.0,21.8,229.7,Panicle,2,0.06,0.35
III,Nueva Ecija,Science City of Muñoz,2023-02-13,22.1,32.4,70.1,0.0,21.3,243.3,Panicle,2,0.2,0.41
III,Nueva Ecija,Science City of Muñoz,2023-02-14,21.0,33.0,65.0,0.0,20.0,226.7,Panicle,2,0.08,0.03
III,Nueva Ecija,Science City of Muñoz,2023-02-15,20.7,33.5,67.3,0.0,20.6,239.7,Panicle,1,0.21,0.52
III,Nueva Ecija,Science City of Muñoz,2023-02-16,21.0,33.5,69.1,0.0,21.1,240.2,Panicle,1,0.09,1.93
III,Nueva Ecija,Science City of Muñoz,2023-02-17,19.9,32.5,67.5,0.0,19.7,252.1,Panicle,0,0.09,1.55
III,Nueva Ecija,Science City of Muñoz,2023-02-18,22.0,32.0,67.2,0.0,20.4,245.6,Panicle,3,0.13,0.42
III,Nueva Ecija,Science City of Muñoz,2023-02-19,21.3,31.2,67.7,0.0,19.8,242.0,Flowering,1,0.12,0.26
III,Nueva Ecija,Science City of Muñoz,2023-02-20,22.6,31.9,65.7,0.0,20.4,239.2,Flowering,1,0.09,0.65
III,Nueva Ecija,Science City of Muñoz,2023-02-21,22.9,31.4,63.8,0.0,19.9,237.2,Flowering,1,0.03,1.02
III,Nueva Ecija,Science City of Muñoz,2023-02-22,23.2,31.8,62.5,0.2,20.0,230.3,Flowering,2,0.01,0.68
III,Nueva Ecija,Science City of Muñoz,2023-02-23,22.7,31.7,58.9,0.0,19.0,230.7,Flowering,1,0.16,0.7
III,Nueva Ecija,Science City of Muñoz,2023-02-24,22.7,32.6,61.0,0.0,19.8,242.5,Flowering,0,0.12,0.0
III,Nueva Ecija,Science City of Muñoz,2023-02-25,22.9,32.7,63.4,0.0,20.5,242.4,Flowering,2,0.06,0.48
III,Nueva Ecija,Science City of Muñoz,2023-02-26,23.3,33.5,64.9,0.0,21.4,239.0,Flowering,0,0.11,0.77
III,Nueva Ecija,Science City of Muñoz,2023-02-27,22.3,33.9,67.1,0.0,21.5,254.7,Flowering,0,0.0,0.0
III,Nueva Ecija,Science City of Muñoz,2023-02-28,22.3,34.9,66.4,0.0,21.9,238.7,Flowering,2,0.13,0.0
III,Nueva Ecija,Science City of Muñoz,2023-03-01,21.5,35.8,64.9,0.0,21.6,242.9,Flowering,2,0.1,1.35
III,Nueva Ecija,Science City of Muñoz,2023-03-02,22.4,34.7,67.6,0.0,22.1,239.4,Flowering,1,0.03,0.0
III,Nueva Ecija,Science City of Muñoz,2023-03-03,22.5,33.8,66.9,0.0,21.5,226.5,Flowering,2,0.1,0.21
III,Nueva Ecija,Science City of Muñoz,2023-03-04,22.3,32.8,68.8,0.0,21.3,248.9,Flowering,0,0.09,0.0
III,Nueva Ecija,Science City of Muñoz,2023-03-05,22.2,33.9,68.2,0.0,21.7,248.11666666666667,Flowering,1,0.0,0.93
III,Nueva Ecija,Science City of Muñoz,2023-03-06,23.1,32.6,66.6,0.0,21.2,247.33333333333334,Ripening,1,0.0,0.86
III,Nueva Ecija,Science City of Muñoz,2023-03-07,23.4,32.7,66.6,0.0,21.4,246.55,Ripening,1,0.09,0.97
III,Nueva Ecija,Science City of Muñoz,2023-03-08,22.5,32.1,64.4,0.0,20.2,245.76666666666665,Ripening,1,0.22,0.82
III,Nueva Ecija,Science City of Muñoz,2023-03-09,21.3,32.1,66.3,0.0,20.0,244.98333333333332,Ripening,1,0.07,1.75
III,Nueva Ecija,Science City of Muñoz,2023-03-10,22.4,32.0,69.1,0.0,21.0,244.2,Ripening,1,0.02,1.15
III,Nueva Ecija,Science City of Muñoz,2023-03-11,22.0,32.06666666666666,72.6,2.9,22.2,244.7,Ripening,1,0.01,0.73
III,Nueva Ecija,Science City of Muñoz,2023-03-12,22.3,32.13333333333333,70.0,0.0,21.6,244.1,Ripening,1,0.16,0.3
III,Nueva Ecija,Science City of Muñoz,2023-03-13,22.0,32.2,67.9,0.0,20.8,236.4,Ripening,1,0.07,1.05
III,Nueva Ecija,Science City of Muñoz,2023-03-14,21.5,32.266666666666666,67.7,0.0,20.8,232.1,Ripening,0,0.16,0.41
III,Nueva Ecija,Science City of Muñoz,2023-03-15,21.8,32.33333333333333,67.3,0.0,20.6,237.3,Ripening,1,0.0,0.69
III,Nueva Ecija,Science City of Muñoz,2023-03-16,21.0,32.4,67.7,0.0,20.2,233.3,Ripening,2,0.08,0.28
III,Nueva Ecija,Science City of Muñoz,2023-03-17,21.0,31.6,65.8,0.0,19.5,240.5,Ripening,0,0.07,0.82
III,Nueva Ecija,Science City of Muñoz,2023-03-18,20.9,33.1,73.6,2.5,21.7,256.6,Ripening,1,0.05,0.78
III,Nueva Ecija,Science City of Muñoz,2023-03-19,21.8,33.4,70.1,0.0,21.6,239.3,Ripening,3,0.0,0.04
III,Nueva Ecija,Science City of Muñoz,2023-03-20,21.4,34.1,72.0,0.0,22.2,243.2,Ripening,2,0.19,0.93
III,Nueva Ecija,Science City of Muñoz,2023-03-21,21.5,33.6,71.6,0.0,21.9,225.2,Ripening,4,0.04,0.82
III,Nueva Ecija,Science City of Muñoz,2023-03-22,21.6,33.8,72.1,0.0,22.1,234.9,Ripening,4,0.06,1.66
III,Nueva Ecija,Science City of Muñoz,2023-03-23,21.1,35.6,69.0,0.0,22.2,231.1,Ripening,5,0.15,0.25
III,Nueva Ecija,Science City of Muñoz,2023-03-24,21.3,35.2,73.7,4.2,23.0,254.3,Ripening,7,0.02,2.29
III,Nueva Ecija,Science City of Muñoz,2023-03-25,20.8,32.7,70.6,0.0,20.9,241.4,Ripening,2,0.14,0.77
III,Nueva Ecija,Science City of Muñoz,2023-03-26,21.4,33.7,68.4,0.0,21.2,222.7,Ripening,2,0.0,1.23
III,Nueva Ecija,Science City of Muñoz,2023-03-27,22.3,32.2,67.2,0.0,20.7,239.9,Ripening,3,0.1,0.49
III,Nueva Ecija,Science City of Muñoz,2023-03-28,23.0,32.1,65.1,0.0,20.666666666666668,239.96666666666667,Ripening,8,0.08,2.07
III,Nueva Ecija,Science City of Muñoz,2023-03-29,22.4,32.3,68.3,4.9,20.633333333333333,240.03333333333333,Ripening,6,0.09,0.44
III,Nueva Ecija,Science City of Muñoz,2023-03-30,22.3,33.1,64.7,0.0,20.6,240.1,Ripening,0,0.14,0.08
III,Nueva Ecija,Science City of Muñoz,2023-03-31,22.5,34.6,65.1,0.0,21.6,234.5,Ripening,1,0.0,0.2
III,Nueva Ecija,Science City of Muñoz,2023-04-01,23.4,35.2,69.4,0.0,23.2,248.3,Ripening,0,0.11,0.19
III,Nueva Ecija,Science City of Muñoz,2023-04-02,23.0,34.4,68.0,0.0,22.3,253.5,Ripening,0,0.0,0.14
III,Nueva Ecija,Science City of Muñoz,2023-04-03,22.7,34.7,65.3,0.0,21.8,253.1,Ripening,0,0.15,0.16
III,Nueva Ecija,Science City of Muñoz,2023-04-04,23.8,34.2,67.3,0.0,22.5,238.0,Ripening,0,0.21,0.1
III,Nueva Ecija,Science City of Muñoz,2023-04-05,23.2,33.8,68.2,0.0,22.1,228.3,Ripening,0,0.0,0.14
III,Nueva Ecija,Science City of Muñoz,2023-04-06,23.2,32.5,64.1,0.0,20.7,237.2,Ripening,0,0.05,0.12
III,Nueva Ecija,Science City of Muñoz,2023-04-07,22.9,32.7,62.7,0.0,20.3,234.0,Ripening,0,0.19,0.18
III,Nueva Ecija,Science City of Muñoz,2023-04-08,23.2,32.5,64.5,0.0,20.8,232.9,Ripening,0,0.19,0.0
III,Nueva Ecija,Science City of Muñoz,2023-04-09,22.6,32.8,67.2,0.0,21.1,237.7,Ripening,0,0.22,0.03
III,Nueva Ecija,Science City of Muñoz,2023-04-10,21.5,33.4,68.1,0.0,21.1,239.6,Ripening,0,0.04,0.06
III,Nueva Ecija,Science City of Muñoz,2023-04-11,22.8,33.6,76.2,2.4,23.4,225.8,Ripening,1,0.14,0.0
III,Nueva Ecija,Science City of Muñoz,2023-04-12,23.1,33.2,72.3,0.0,22.6,225.7,Ripening,0,0.13,0.04
III,Nueva Ecija,Science City of Muñoz,2023-04-13,23.4,31.9,70.1,0.0,21.7,243.4,Ripening,0,0.08,0.04
III,Nueva Ecija,Science City of Muñoz,2023-04-14,23.4,31.1,70.2,0.0,21.3,241.1,Ripening,0,0.05,0.06
III,Nueva Ecija,Science City of Muñoz,2023-04-15,23.2,33.3,71.3,0.0,22.5,237.7,Ripening,0,0.07,0.13
III,Nueva Ecija,Science City of Muñoz,2023-04-16,23.0,31.7,67.5,0.0,20.8,238.7,Ripening,0,0.15,0.04
III,Nueva Ecija,Science City of Muñoz,2023-04-17,23.6,32.3,69.1,0.0,21.8,229.5,Ripening,0,0.07,0.27
III,Nueva Ecija,Science City of Muñoz,2023-04-18,23.7,32.6,67.3,0.0,21.6,231.4,Ripening,0,0.07,0.05
III,Nueva Ecija,Science City of Muñoz,2023-04-19,24.4,33.4,69.8,3.2,22.9,226.4,Ripening,0,0.09,0.03
III,Nueva Ecija,Science City of Muñoz,2023-04-20,24.4,32.6,67.4,0.0,22.0,228.6,Ripening,0,0.15,0.04
III,Nueva Ecija,Science City of Muñoz,2023-04-21,24.1,32.7,66.2,0.0,21.6,239.8,Ripening,0,0.03,0.08
III,Nueva Ecija,Science City of Muñoz,2023-04-22,24.0,31.3,67.0,0.0,21.0,239.2,Ripening,0,0.04,0.05
III,Nueva Ecija,Science City of Muñoz,2023-04-23,23.9,31.7,69.4,0.0,21.7,244.2,Ripening,1,0.02,0.02
III,Nueva Ecija,Science City of Muñoz,2023-04-24,22.8,30.8,74.9,22.5,21.8,217.4,Ripening,0,0.15,0.0
III,Nueva Ecija,Science City of Muñoz,2023-04-25,22.5,31.2,68.8,0.0,20.6,229.0,Ripening,0,0.0,0.05
III,Nueva Ecija,Science City of Muñoz,2023-04-26,22.4,32.5,71.8,0.0,21.8,220.4,Ripening,0,0.06,0.05
III,Nueva Ecija,Science City of Muñoz,2023-04-27,22.1,32.1,69.6,0.0,21.0,220.7,Ripening,0,0.12,0.09
III,Nueva Ecija,Science City of Muñoz,2023-04-28,21.5,31.2,71.1,4.7,20.6,232.2,Ripening,0,0.14,0.18
III,Nueva Ecija,Science City of Muñoz,2023-04-29,20.7,32.1,68.2,0.0,20.0,236.8,Ripening,0,0.14,0.06
III,Nueva Ecija,Science City of Muñoz,2023-04-30,22.3,33.2,67.9,0.0,21.3,252.6,Ripening,0,0.17,0.07
III,Nueva Ecija,Science City of Muñoz,2023-05-01,21.2,33.1,68.7,0.0,20.9,218.1,Ripening,0,0.02,0.0
III,Nueva Ecija,Science City of Muñoz,2023-05-02,22.4,34.2,64.9,0.0,21.3,237.9,Seedling,0,0.15,0.09
III,Nueva Ecija,Science City of Muñoz,2023-05-03,24.3,33.9,67.9,0.0,22.7,219.1,Seedling,0,0.14,0.0
III,Nueva Ecija,Science City of Muñoz,2023-05-04,24.4,34.3,68.7,0.0,23.1,233.0,Seedling,0,0.16,0.14
III,Nueva Ecija,Science City of Muñoz,2023-05-05,23.6,35.6,70.0,0.0,23.6,240.7,Seedling,0,0.07,0.27
III,Nueva Ecija,Science City of Muñoz,2023-05-06,23.0,35.3,71.6,0.0,23.5,229.3,Seedling,0,0.07,0.0
III,Nueva Ecija,Science City of Muñoz,2023-05-07,22.5,34.5,69.1,0.0,22.3,235.2,Seedling,0,0.04,0.1
III,Nueva Ecija,Science City of Muñoz,2023-05-08,21.6,34.9,69.6,0.0,22.2,227.9,Seedling,0,0.01,0.1
III,Nueva Ecija,Science City of Muñoz,2023-05-09,21.9,32.7,67.9,0.0,20.9,235.7,Seedling,0,0.0,0.1
III,Nueva Ecija,Science City of Muñoz,2023-05-10,21.7,31.7,72.9,2.2,21.3,224.3,Seedling,0,0.24,0.0
III,Nueva Ecija,Science City of Muñoz,2023-05-11,21.1,31.96,69.6,0.0,20.4,237.3,Seedling,0,0.08,0.06
III,Nueva Ecija,Science City of Muñoz,2023-05-12,22.1,32.22,70.5,0.0,21.0,239.9,Seedling,0,0.22,0.1
III,Nueva Ecija,Science City of Muñoz,2023-05-13,22.9,32.48,69.0,0.0,21.2,225.2,Seedling,0,0.16,0.14
III,Nueva Ecija,Science City of Muñoz,2023-05-14,22.5,32.74,70.1,0.0,20.8,226.8,Seedling,0,0.02,0.18
III,Nueva Ecija,Science City of Muñoz,2023-05-15,21.3,33.0,66.4,0.0,20.4,219.2,Seedling,0,0.06,0.22
III,Nueva Ecija,Science City of Muñoz,2023-05-16,20.9,32.8,65.7,0.0,20.0,219.4,Seedling,0,0.14,0.0
III,Nueva Ecija,Science City of Muñoz,2023-05-17,22.2,33.0,65.9,0.0,20.8,228.8,Seedling,0,0.09,0.05
III,Nueva Ecija,Science City of Muñoz,2023-05-18,21.1,33.9,68.5,15.0,21.2,220.8,Seedling,0,0.0,0.14
III,Nueva Ecija,Science City of Muñoz,2023-05-19,21.9,34.7,67.3,0.0,21.8,233.1,Seedling,0,0.1,0.1
III,Nueva Ecija,Science City of Muñoz,2023-05-20,21.9,32.5,71.3,26.0,21.5,201.4,Seedling,0,0.18,0.05
III,Nueva Ecija,Science City of Muñoz,2023-05-21,22.0,32.4,69.1,0.0,21.0,218.9,Seedling,0,0.0,0.05
III,Nueva Ecija,Science City of Muñoz,2023-05-22,21.4,33.0,79.9,5.3,23.2,234.1,Seedling,0,0.02,0.18
III,Nueva Ecija,Science City of Muñoz,2023-05-23,21.3,33.0,77.6,4.2,22.7,225.8,Seedling,0,0.15,0.01
III,Nueva Ecija,Science City of Muñoz,2023-05-24,21.4,32.6,73.9,2.8,21.8,226.9,Seedling,0,0.03,0.03
III,Nueva Ecija,Science City of Muñoz,2023-05-25,21.4,33.9,75.4,1.4,22.7,239.6,Seedling,0,0.0,0.15
III,Nueva Ecija,Science City of Muñoz,2023-05-26,21.9,34.3,73.2,0.0,22.7,227.3,Seedling,1,0.13,0.07
III,Nueva Ecija,Science City of Muñoz,2023-05-27,22.1,34.9,73.4,0.0,23.2,220.5,Seedling,0,0.04,0.0
III,Nueva Ecija,Science City of Muñoz,2023-05-28,22.9,34.5,78.8,8.3,24.5,220.8,Seedling,0,0.04,0.1
III,Nueva Ecija,Science City of Muñoz,2023-05-29,22.7,34.46666666666667,69.0,0.0,22.8,230.1,Seedling,0,0.05,0.14
III,Nueva Ecija,Science City of Muñoz,2023-05-30,22.4,34.43333333333333,67.1,0.0,22.2,231.1,Seedling,0,0.05,0.0
III,Nueva Ecija,Science City of Muñoz,2023-05-31,22.1,34.4,75.8,4.8,23.4,224.5,Seedling,0,0.2,0.06
III,Nueva Ecija,Science City of Muñoz,2023-06-01,22.3,33.7,68.7,0.0,21.7,220.625,Seedling,0,0.23,0.0
III,Nueva Ecija,Science City of Muñoz,2023-06-02,22.6,34.3,69.7,0.0,22.4,216.75,Seedling,0,0.14,0.09
III,Nueva Ecija,Science City of Muñoz,2023-06-03,22.1,35.1,73.2,0.0,23.2,212.875,Seedling,0,0.14,0.17
III,Nueva Ecija,Science City of Muñoz,2023-06-04,21.5,33.7,76.8,22.8,23.0,209.0,Seedling,0,0.19,0.09
III,Nueva Ecija,Science City of Muñoz,2023-06-05,21.8,34.9,73.0,0.0,23.0,226.9,Seedling,15,3.3,0.02
III,Nueva Ecija,Science City of Muñoz,2023-06-06,20.9,35.7,74.7,2.1,23.2,229.8,Seedling,6,4.76,0.03
III,Nueva Ecija,Science City of Muñoz,2023-06-07,21.0,33.6,72.8,0.0,21.9,222.3,Seedling,7,3.91,0.08
III,Nueva Ecija,Science City of Muñoz,2023-06-08,22.0,31.8,75.2,12.0,21.9,212.1,Seedling,10,3.66,0.08
III,Nueva Ecija,Science City of Muñoz,2023-06-09,22.9,32.7,71.4,0.0,22.1,215.4,Seedling,9,3.45,0.0
III,Nueva Ecija,Science City of Muñoz,2023-06-10,23.0,32.3,73.6,0.0,22.4,224.2,Seedling,9,2.61,0.14
III,Nueva Ecija,Science City of Muñoz,2023-06-11,22.7,33.4,72.8,0.0,22.6,233.0,Seedling,6,2.84,0.04
III,Nueva Ecija,Science City of Muñoz,2023-06-12,22.5,32.7,74.6,0.0,22.5,223.3,Seedling,10,2.42,0.13
III,Nueva Ecija,Science City of Muñoz,2023-06-13,22.5,33.6,77.1,0.0,23.5,225.5,Seedling,11,1.84,0.02
III,Nueva Ecija,Science City of Muñoz,2023-06-14,22.4,32.5,74.1,0.0,22.3,243.6,Seedling,9,1.59,0.12
III,Nueva Ecija,Science City of Muñoz,2023-06-15,22.7,33.0,74.2,0.0,22.7,230.3,Seedling,10,1.5,0.09
III,Nueva Ecija,Science City of Muñoz,2023-06-16,22.3,33.7,72.5,0.0,22.5,222.3,Seedling,16,0.72,0.01
III,Nueva Ecija,Science City of Muñoz,2023-06-17,21.7,31.2,71.4,0.0,20.7,223.8,Seedling,9,0.15,0.05
III,Nueva Ecija,Science City of Muñoz,2023-06-18,21.8,31.3,71.8,0.0,20.9,228.1,Seedling,4,1.31,0.02
III,Nueva Ecija,Science City of Muñoz,2023-06-19,21.5,32.4,72.2,0.0,21.4,227.2,Seedling,10,1.01,0.03
III,Nueva Ecija,Science City of Muñoz,2023-06-20,22.3,32.6,72.6,0.0,22.0,211.6,Seedling,12,0.31,0.03
III,Nueva Ecija,Science City of Muñoz,2023-06-21,21.6,34.2,72.4,0.4,22.4,218.6,Tillering,17,0.52,0.15
III,Nueva Ecija,Science City of Muñoz,2023-06-22,21.0,32.9,75.7,15.0,22.1,212.0,Tillering,12,0.89,0.12
III,Nueva Ecija,Science City of Muñoz,2023-06-23,21.6,35.2,68.2,0.0,22.0,229.9,Tillering,13,0.48,0.16
III,Nueva Ecija,Science City of Muñoz,2023-06-24,21.5,33.5,73.6,31.9,22.2,188.9,Tillering,11,0.11,0.24
III,Nueva Ecija,Science City of Muñoz,2023-06-25,21.8,34.7,72.6,1.6,22.8,217.9,Tillering,15,0.6,0.02
III,Nueva Ecija,Science City of Muñoz,2023-06-26,21.7,34.9,72.8,13.8,22.9,223.3,Tillering,9,0.0,0.01
III,Nueva Ecija,Science City of Muñoz,2023-06-27,22.9,34.8,72.3,0.0,23.3,216.4,Tillering,8,0.92,0.16
III,Nueva Ecija,Science City of Muñoz,2023-06-28,23.8,36.7,70.5,0.0,24.4,221.0,Tillering,6,1.04,0.09
III,Nueva Ecija,Science City of Muñoz,2023-06-29,22.8,35.3,71.2,0.0,23.3,226.4,Tillering,2,0.43,0.17
III,Nueva Ecija,Science City of Muñoz,2023-06-30,23.2,33.5,75.6,10.2,23.5,212.1,Tillering,3,0.42,0.01
III,Nueva Ecija,Science City of Muñoz,2023-07-01,24.3,33.2,68.1,0.0,22.4,222.3,Tillering,1,0.9,0.06
III,Nueva Ecija,Science City of Muñoz,2023-07-02,23.9,33.0,68.5,0.0,22.2,209.0,Tillering,1,0.99,0.03
III,Nueva Ecija,Science City of Muñoz,2023-07-03,23.1,33.4,75.7,3.5,23.4,233.3,Tillering,3,1.86,0.07
III,Nueva Ecija,Science City of Muñoz,2023-07-04,23.4,33.1,73.2,14.3,22.9,198.6,Tillering,2,2.4,0.12
III,Nueva Ecija,Science City of Muñoz,2023-07-05,23.2,32.3,74.0,6.2,22.6,214.0,Tillering,3,1.04,0.0
III,Nueva Ecija,Science City of Muñoz,2023-07-06,23.4,33.0,74.4,1.2,23.1,220.1,Tillering,5,2.63,0.07
III,Nueva Ecija,Science City of Muñoz,2023-07-07,23.1,34.7,70.0,0.0,22.9,216.8,Tillering,5,2.61,0.13
III,Nueva Ecija,Science City of Muñoz,2023-07-08,23.5,35.1,74.6,0.0,24.2,228.4,Tillering,5,2.58,0.04
III,Nueva Ecija,Science City of Muñoz,2023-07-09,24.0,35.2,73.9,0.0,24.4,228.2,Tillering,3,0.85,0.048
III,Nueva Ecija,Science City of Muñoz,2023-07-10,24.3,36.6,74.0,0.0,25.3,208.8,Tillering,2,2.09,0.056
III,Nueva Ecija,Science City of Muñoz,2023-07-11,24.2,34.1,78.4,13.3,24.8,199.9,Tillering,3,1.72,0.064
III,Nueva Ecija,Science City of Muñoz,2023-07-12,23.3,34.1,76.0,0.0,23.9,210.3,Tillering,4,0.73,0.07200000000000001
III,Nueva Ecija,Science City of Muñoz,2023-07-13,22.4,32.6,81.5,17.0,23.8,214.5,Tillering,7,0.49,0.08
III,Nueva Ecija,Science City of Muñoz,2023-07-14,22.9,33.6,81.9,11.3,24.6,220.2,Tillering,14,0.78,0.08
III,Nueva Ecija,Science City of Muñoz,2023-07-15,23.2,33.4,80.9,5.2,24.5,220.4,Tillering,23,1.7,0.09
III,Nueva Ecija,Science City of Muñoz,2023-07-16,23.2,32.6,79.6,12.2,23.8,206.5,Elongation,25,1.59,0.04
III,Nueva Ecija,Science City of Muñoz,2023-07-17,24.0,34.1,75.8,9.7,24.2,216.3,Elongation,15,1.9,0.02
III,Nueva Ecija,Science City of Muñoz,2023-07-18,24.4,34.3,75.2,5.9,24.4,214.2,Elongation,20,2.35,0.09
III,Nueva Ecija,Science City of Muñoz,2023-07-19,24.4,33.5,75.0,12.9,24.0,191.5,Elongation,17,2.05,0.16
III,Nueva Ecija,Science City of Muñoz,2023-07-20,24.6,34.3,75.07777777777778,0.0,24.0,219.9,Elongation,12,2.48,0.11
III,Nueva Ecija,Science City of Muñoz,2023-07-21,23.3,33.4,75.15555555555555,4.6,23.7,206.8,Elongation,23,1.78,0.02
III,Nueva Ecija,Science City of Muñoz,2023-07-22,22.8,35.1,75.23333333333333,0.0,23.9,225.4,Elongation,17,0.97,0.01
III,Nueva Ecija,Science City of Muñoz,2023-07-23,23.5,34.2,75.31111111111112,0.0,23.6,223.7,Elongation,29,0.86,0.0
III,Nueva Ecija,Science City of Muñoz,2023-07-24,22.6,33.7,75.38888888888889,11.4,23.8,211.6,Elongation,20,0.45,0.0
III,Nueva Ecija,Science City of Muñoz,2023-07-25,23.0,34.1,75.46666666666667,17.2,24.0,222.9,Elongation,18,0.44,0.08
III,Nueva Ecija,Science City of Muñoz,2023-07-26,22.7,35.3,75.54444444444445,0.0,23.7,218.2,Elongation,22,0.25,0.1
III,Nueva Ecija,Science City of Muñoz,2023-07-27,22.7,33.6,75.62222222222222,12.0,23.2,211.1,Elongation,18,0.99,0.01
III,Nueva Ecija,Science City of Muñoz,2023-07-28,21.7,33.2,75.7,10.0,22.6,206.0,Elongation,16,0.79,0.2
III,Nueva Ecija,Science City of Muñoz,2023-07-29,23.4,34.4,69.8,0.0,22.9,217.9,Elongation,7,0.92,0.07
III,Nueva Ecija,Science City of Muñoz,2023-07-30,23.2,34.4,71.3,0.0,23.1,220.4,Elongation,4,3.21,0.12
III,Nueva Ecija,Science City of Muñoz,2023-07-31,23.4,32.7,72.7,0.0,22.6,225.0,Elongation,2,1.36,0.0
III,Nueva Ecija,Science City of Muñoz,2023-08-01,23.8,32.9,71.7,0.0,22.7,222.3,Elongation,0,1.03,0.0
III,Nueva Ecija,Science City of Muñoz,2023-08-02,22.5,32.5,78.0,20.9,23.1,196.4,Elongation,4,0.95,0.17
III,Nueva Ecija,Science City of Muñoz,2023-08-03,23.7,33.2,76.2,0.0,23.7,207.3,Elongation,1,1.0,0.21
III,Nueva Ecija,Science City of Muñoz,2023-08-04,24.2,34.5,74.6,0.0,24.3,211.8,Elongation,5,1.33,0.14
III,Nueva Ecija,Science City of Muñoz,2023-08-05,25.1,36.6,72.7,0.0,25.4,213.3,Panicle,1,0.08,2.31
III,Nueva Ecija,Science City of Muñoz,2023-08-06,24.3,35.3,72.4,0.0,24.3,215.4,Panicle,3,0.07,2.67
III,Nueva Ecija,Science City of Muñoz,2023-08-07,23.7,34.7,72.8,0.0,23.8,221.9,Panicle,0,0.04,3.28
III,Nueva Ecija,Science City of Muñoz,2023-08-08,24.0,35.8,71.2,0.0,24.1,220.3,Panicle,2,0.12,4.37
III,Nueva Ecija,Science City of Muñoz,2023-08-09,24.6,35.2,73.4,0.0,24.6,202.4,Panicle,1,0.03,3.72
III,Nueva Ecija,Science City of Muñoz,2023-08-10,24.4,33.9,77.3,5.6,24.6,219.8,Panicle,1,0.02,3.12
III,Nueva Ecija,Science City of Muñoz,2023-08-11,24.8,33.6,78.0,0.0,24.8,207.5,Panicle,1,0.0,3.94
III,Nueva Ecija,Science City of Muñoz,2023-08-12,24.6,32.8,82.5,13.1,25.2,204.5,Panicle,2,0.21,2.41
III,Nueva Ecija,Science City of Muñoz,2023-08-13,24.3,33.3,79.1,0.0,24.6,206.7,Panicle,0,0.08,0.34
III,Nueva Ecija,Science City of Muñoz,2023-08-14,23.1,31.8,83.0,43.3,24.1,191.0,Panicle,3,0.01,2.17
III,Nueva Ecija,Science City of Muñoz,2023-08-15,23.5,33.9,82.3,6.1,25.2,215.6,Panicle,8,0.16,2.52
III,Nueva Ecija,Science City of Muñoz,2023-08-16,23.0,33.9,83.0,18.3,25.0,201.1,Panicle,10,0.0,2.65
III,Nueva Ecija,Science City of Muñoz,2023-08-17,24.2,34.3,81.4,6.6,25.5,200.6,Panicle,15,0.02,3.49
III,Nueva Ecija,Science City of Muñoz,2023-08-18,23.7,34.1,77.2,0.0,24.3,205.7,Panicle,11,0.08,2.23
III,Nueva Ecija,Science City of Muñoz,2023-08-19,23.1,34.0,77.2,0.0,24.0,219.0,Panicle,7,0.0,0.23
III,Nueva Ecija,Science City of Muñoz,2023-08-20,23.7,34.1,80.0,0.0,24.9,209.0,Panicle,22,0.18,0.88
III,Nueva Ecija,Science City of Muñoz,2023-08-21,24.3,34.5,74.3,0.0,24.3,222.8,Flowering,17,0.22,0.32
III,Nueva Ecija,Science City of Muñoz,2023-08-22,25.0,33.5,76.2,0.0,24.5,215.9,Flowering,16,0.09,0.59
III,Nueva Ecija,Science City of Muñoz,2023-08-23,24.5,32.7,80.3,4.6,24.7,202.6,Flowering,21,0.19,0.14
III,Nueva Ecija,Science City of Muñoz,2023-08-24,24.6,32.6,79.8,0.0,24.6,217.4,Flowering,15,0.14,1.3
III,Nueva Ecija,Science City of Muñoz,2023-08-25,23.5,33.6,81.0,9.4,24.8,205.5,Flowering,23,0.0,0.0
III,Nueva Ecija,Science City of Muñoz,2023-08-26,23.4,34.5,75.7,0.0,24.1,225.9,Flowering,19,0.14,0.96
III,Nueva Ecija,Science City of Muñoz,2023-08-27,22.8,34.1,74.6,0.0,23.4,204.4,Flowering,18,0.15,0.51
III,Nueva Ecija,Science City of Muñoz,2023-08-28,23.4,33.7,75.8,0.0,23.7,220.1,Flowering,14,0.05,0.41
III,Nueva Ecija,Science City of Muñoz,2023-08-29,23.6,31.7,78.1,10.6,23.3,211.7,Flowering,8,0.04,0.38
III,Nueva Ecija,Science City of Muñoz,2023-08-30,22.2,33.5,78.8,15.9,23.6,196.7,Flowering,7,0.0,0.03
III,Nueva Ecija,Science City of Muñoz,2023-08-31,22.8,34.6,78.4,7.4,24.4,199.7,Flowering,2,0.27,0.7
III,Nueva Ecija,Science City of Muñoz,2023-09-01,23.5,33.7,76.5,4.6,23.9,216.6,Flowering,6,0.1,0.0
III,Nueva Ecija,Science City of Muñoz,2023-09-02,23.8,34.0,78.0,0.0,24.5,206.6,Flowering,3,0.11,1.31
III,Nueva Ecija,Science City of Muñoz,2023-09-03,23.7,34.0,80.2,8.1,24.9,217.0,Flowering,7,0.16,0.0
III,Nueva Ecija,Science City of Muñoz,2023-09-04,23.8,35.5,76.9,0.0,25.0,214.2,Flowering,7,0.0,0.52
III,Nueva Ecija,Science City of Muñoz,2023-09-05,24.2,33.4,81.1,5.3,25.0,212.5,Ripening,3,0.07,0.98
III,Nueva Ecija,Science City of Muñoz,2023-09-06,24.1,33.1,76.4,0.0,23.9,208.6,Ripening,4,0.2,0.0
III,Nueva Ecija,Science City of Muñoz,2023-09-07,23.4,32.5,81.2,18.8,24.2,193.2,Ripening,1,0.07,0.15
III,Nueva Ecija,Science City of Muñoz,2023-09-08,22.9,32.6,75.1,0.0,22.8,224.1,Ripening,1,0.15,0.0
III,Nueva Ecija,Science City of Muñoz,2023-09-09,22.4,33.4,85.6,3.7,25.0,196.2,Ripening,2,0.1,1.25
III,Nueva Ecija,Science City of Muñoz,2023-09-10,23.0,34.7,84.56666666666666,0.0,24.1,213.2,Ripening,6,0.03,0.0
III,Nueva Ecija,Science City of Muñoz,2023-09-11,24.7,35.3,83.53333333333333,0.0,25.6,209.9,Ripening,2,0.0,0.38
III,Nueva Ecija,Science City of Muñoz,2023-09-12,24.2,33.8,82.5,4.1,25.5,212.6,Ripening,3,0.1,0.0
III,Nueva Ecija,Science City of Muñoz,2023-09-13,22.9,33.7,81.46666666666667,0.0,24.1,215.9,Ripening,4,0.15,0.0
III,Nueva Ecija,Science City of Muñoz,2023-09-14,23.3,34.1,80.43333333333334,0.0,24.6,223.5,Ripening,6,0.17,0.0
III,Nueva Ecija,Science City of Muñoz,2023-09-15,23.0,35.4,79.4,0.8,25.1,229.2,Ripening,8,0.2,0.0
III,Nueva Ecija,Science City of Muñoz,2023-09-16,23.3,33.1,77.7,0.0,23.7,214.7,Ripening,6,0.0,0.55
III,Nueva Ecija,Science City of Muñoz,2023-09-17,24.2,31.5,81.2,20.6,24.1,204.9,Ripening,10,0.07,1.19
III,Nueva Ecija,Science City of Muñoz,2023-09-18,24.3,32.6,82.3,8.2,24.9,209.0,Ripening,6,0.14,0.84
III,Nueva Ecija,Science City of Muñoz,2023-09-19,23.8,31.3,80.7,8.9,23.7,206.5,Ripening,5,0.08,0.21
III,Nueva Ecija,Science City of Muñoz,2023-09-20,22.8,32.1,78.8,15.5,23.2,200.1,Ripening,5,0.12,0.96
III,Nueva Ecija,Science City of Muñoz,2023-09-21,22.7,31.2,79.0,75.9,22.8,161.8,Ripening,4,0.1,1.53
III,Nueva Ecija,Science City of Muñoz,2023-09-22,22.2,31.8,80.6,24.9,23.1,179.4,Ripening,7,0.08,1.3
III,Nueva Ecija,Science City of Muñoz,2023-09-23,22.5,33.7,80.3,8.7,24.2,211.1,Ripening,8,0.09,1.62
III,Nueva Ecija,Science City of Muñoz,2023-09-24,23.3,34.0,74.1,0.4,23.5,213.4,Ripening,3,0.05,0.9
III,Nueva Ecija,Science City of Muñoz,2023-09-25,23.2,34.1,74.6,3.6,23.9,218.0,Ripening,7,0.1,1.01
III,Nueva Ecija,Science City of Muñoz,2023-09-26,23.1,33.9,75.1,5.8,23.8,212.3,Ripening,2,0.13,0.0
III,Nueva Ecija,Science City of Muñoz,2023-09-27,23.7,33.3,75.6,12.7,23.3,208.9,Ripening,3,0.1,0.0
III,Nueva Ecija,Science City of Muñoz,2023-09-28,23.6,34.2,76.1,5.4,24.4,210.9,Ripening,0,0.0,0.44
III,Nueva Ecija,Science City of Muñoz,2023-09-29,23.0,34.2,76.6,5.2,24.4,211.5,Ripening,0,0.05,0.5
III,Nueva Ecija,Science City of Muñoz,2023-09-30,24.6,34.4,77.1,0.0,24.9,197.4,Ripening,1,0.02,0.14
III,Nueva Ecija,Science City of Muñoz,2023-10-01,24.5,35.0,80.9,2.3,25.9,211.5,Ripening,0,0.09,0.15
III,Nueva Ecija,Science City of Muñoz,2023-10-02,25.4,32.9,78.6,11.2,24.9,212.0,Ripening,0,0.01,0.18
III,Nueva Ecija,Science City of Muñoz,2023-10-03,24.3,34.3,73.5,0.0,24.0,238.1,Ripening,0,0.1,0.03
III,Nueva Ecija,Science City of Muñoz,2023-10-04,24.0,33.7,74.5,0.0,23.8,219.1,Ripening,0,0.21,0.11
III,Nueva Ecija,Science City of Muñoz,2023-10-05,23.4,33.3,79.8,7.7,24.3,199.3,Ripening,0,0.1,0.0
III,Nueva Ecija,Science City of Muñoz,2023-10-06,23.8,33.1,75.7,0.0,23.6,212.3,Ripening,0,0.19,0.02
III,Nueva Ecija,Science City of Muñoz,2023-10-07,23.0,34.3,75.8,10.7,23.8,206.2,Ripening,0,0.13,0.0
III,Nueva Ecija,Science City of Muñoz,2023-10-08,24.1,32.6,78.0,2.6,24.0,215.4,Ripening,0,0.02,0.08
III,Nueva Ecija,Science City of Muñoz,2023-10-09,23.6,32.0,75.2,0.0,22.8,219.5,Ripening,0,0.01,0.0
III,Nueva Ecija,Science City of Muñoz,2023-10-10,22.8,31.5,77.9,38.5,22.7,178.6,Ripening,0,0.12,0.13
III,Nueva Ecija,Science City of Muñoz,2023-10-11,22.5,33.5,74.7,0.0,22.9,227.1,Ripening,0,0.15,0.11
III,Nueva Ecija,Science City of Muñoz,2023-10-12,23.2,34.3,74.0,0.0,23.6,234.8,Ripening,0,0.12,0.0
III,Nueva Ecija,Science City of Muñoz,2023-10-13,23.5,34.5,73.7,0.0,23.7,237.3,Ripening,0,0.06,0.14
III,Nueva Ecija,Science City of Muñoz,2023-10-14,23.8,35.4,78.6,4.4,25.3,206.7,Ripening,0,0.04,0.12
III,Nueva Ecija,Science City of Muñoz,2023-10-15,24.6,36.3,75.1,0.0,25.5,213.9,Ripening,0,0.01,0.08
III,Nueva Ecija,Science City of Muñoz,2023-10-16,24.3,35.0,70.6,0.0,23.8,227.0,Ripening,0,0.1,0.0
III,Nueva Ecija,Science City of Muñoz,2023-10-17,25.0,34.0,75.8,20.6,24.7,211.8,Ripening,0,0.0,0.14
III,Nueva Ecija,Science City of Muñoz,2023-10-18,24.9,34.4,71.4,0.0,23.9,215.7,Ripening,0,0.03,0.14
III,Nueva Ecija,Science City of Muñoz,2023-10-19,24.9,35.1,67.2,0.0,23.4,238.8,Ripening,0,0.13,0.11
III,Nueva Ecija,Science City of Muñoz,2023-10-20,25.4,37.0,69.9,0.0,25.2,222.0,Ripening,0,0.09,0.1
III,Nueva Ecija,Science City of Muñoz,2023-10-21,23.4,34.7,74.4,20.3,23.9,207.1,Ripening,0,0.06333333333333332,0.06
III,Nueva Ecija,Science City of Muñoz,2023-10-22,23.5,34.9,70.8,0.0,23.4,215.4,Ripening,0,0.03666666666666666,0.09
III,Nueva Ecija,Science City of Muñoz,2023-10-23,23.0,35.0,73.2,0.0,23.6,202.8,Ripening,0,0.01,0.15
III,Nueva Ecija,Science City of Muñoz,2023-10-24,22.8,35.7,77.9,0.0,24.8,224.7,Ripening,0,0.02,0.07
III,Nueva Ecija,Science City of Muñoz,2023-10-25,22.4,34.3,80.6,14.1,24.5,202.2,Ripening,0,0.16,0.23
III,Nueva Ecija,Science City of Muñoz,2023-10-26,24.6,35.5,74.1,0.0,24.9,202.9,Ripening,0,0.14,0.12
III,Nueva Ecija,Science City of Muñoz,2023-10-27,23.8,34.3,80.8,10.8,25.2,217.8,Ripening,0,0.13,0.16
III,Nueva Ecija,Science City of Muñoz,2023-10-28,23.3,33.9,77.3,9.4,24.1,218.9,Ripening,0,0.01,0.18
III,Nueva Ecija,Science City of Muñoz,2023-10-29,23.5,34.8,73.2,0.0,23.8,216.0,Ripening,0,0.06,0.16
III,Nueva Ecija,Science City of Muñoz,2023-10-30,22.9,33.1,71.0,0.0,22.2,235.5,Ripening,0,0.21,0.14
III,Nueva Ecija,Science City of Muñoz,2023-10-31,21.3,32.5,74.8,12.7,21.9,210.8,Ripening,0,0.11,0.0
III,Nueva Ecija,Science City of Muñoz,2023-11-01,21.8,34.2,73.9,1.7,22.8,216.1,Ripening,0,0.0,0.12
III,Nueva Ecija,Science City of Muñoz,2023-11-02,21.1,35.4,73.1,0.0,22.9,219.3,Ripening,0,0.0,0.07
III,Nueva Ecija,Science City of Muñoz,2023-11-03,20.7,33.7,79.6,40.7,23.1,176.8,Ripening,0,0.18,0.0
III,Nueva Ecija,Science City of Muñoz,2023-11-04,22.8,33.4,75.9,0.0,23.3,221.8,Ripening,0,0.0,0.11
III,Nueva Ecija,Science City of Muñoz,2023-11-05,22.9,32.5,74.4,0.0,22.6,223.3,Seedling,0,0.09,0.05
III,Nueva Ecija,Science City of Muñoz,2023-11-06,22.5,32.8,80.0,13.2,23.6,210.0,Seedling,0,0.16,0.04
III,Nueva Ecija,Science City of Muñoz,2023-11-07,22.9,33.6,77.9,7.9,23.8,217.2,Seedling,0,0.04,0.0
III,Nueva Ecija,Science City of Muñoz,2023-11-08,23.4,32.6,73.9,0.0,22.8,224.0,Seedling,0,0.14,0.0
III,Nueva Ecija,Science City of Muñoz,2023-11-09,23.7,32.4,71.0,0.0,22.2,226.2,Seedling,0,0.2,0.28
III,Nueva Ecija,Science City of Muñoz,2023-11-10,23.5,33.3,69.8,0.0,22.4,206.5,Seedling,0,0.12,0.11
III,Nueva Ecija,Science City of Muñoz,2023-11-11,24.0,34.1,71.8,0.0,23.4,217.2,Seedling,0,0.12,0.1
III,Nueva Ecija,Science City of Muñoz,2023-11-12,24.1,33.4,72.0,0.0,23.2,232.0,Seedling,0,0.18,0.15
III,Nueva Ecija,Science City of Muñoz,2023-11-13,23.7,32.9,75.3,9.1,23.4,234.0,Seedling,0,0.19,0.01
III,Nueva Ecija,Science City of Muñoz,2023-11-14,23.7,33.9,68.4,0.0,22.5,213.8,Seedling,0,0.06,0.02
III,Nueva Ecija,Science City of Muñoz,2023-11-15,22.1,34.4,68.2,0.0,21.9,226.6,Seedling,0,0.03,0.06
III,Nueva Ecija,Science City of Muñoz,2023-11-16,22.0,34.5,75.1,3.0,23.3,231.4,Seedling,0,0.06,0.09
III,Nueva Ecija,Science City of Muñoz,2023-11-17,23.4,33.9,68.3,0.0,22.3,237.0,Seedling,0,0.1,0.1
III,Nueva Ecija,Science City of Muñoz,2023-11-18,23.4,34.6,70.8,0.0,23.2,230.1,Seedling,0,0.05,0.02
III,Nueva Ecija,Science City of Muñoz,2023-11-19,22.6,35.0,75.4,7.8,23.9,220.9,Seedling,0,0.04,0.15
III,Nueva Ecija,Science City of Muñoz,2023-11-20,22.2,35.9,74.0,0.0,23.8,232.8,Seedling,0,0.16,0.11
III,Nueva Ecija,Science City of Muñoz,2023-11-21,21.6,33.5,79.4,29.7,23.4,188.3,Seedling,0,0.04,0.1
III,Nueva Ecija,Science City of Muñoz,2023-11-22,22.0,34.4,73.3,0.0,22.9,218.6,Seedling,0,0.07,0.1
III,Nueva Ecija,Science City of Muñoz,2023-11-23,22.7,34.1,77.2,5.4,23.8,217.8,Seedling,0,0.08,0.01
III,Nueva Ecija,Science City of Muñoz,2023-11-24,23.4,34.0,71.2,0.0,23.516666666666666,228.2,Seedling,0,0.15,0.09
III,Nueva Ecija,Science City of Muñoz,2023-11-25,23.1,33.1,74.1,0.0,23.233333333333334,216.1,Seedling,0,0.27,0.13
III,Nueva Ecija,Science City of Muñoz,2023-11-26,22.2,33.0,78.6,1.8,22.950000000000003,221.1,Seedling,0,0.17,0.1
III,Nueva Ecija,Science City of Muñoz,2023-11-27,23.2,30.9,73.7,0.0,22.666666666666668,227.3,Seedling,0,0.04,0.0
III,Nueva Ecija,Science City of Muñoz,2023-11-28,24.1,31.6,74.8,0.0,22.383333333333333,224.8,Seedling,0,0.0,0.1
III,Nueva Ecija,Science City of Muñoz,2023-11-29,22.8,32.9,71.2,0.0,22.1,236.5,Seedling,0,0.04,0.0
III,Nueva Ecija,Science City of Muñoz,2023-11-30,22.3,34.5,71.8,0.0,22.8,231.7,Seedling,0,0.12,0.24
III,Nueva Ecija,Science City of Muñoz,2023-12-01,22.0,31.6,80.8,36.3,23.0,187.3,Seedling,0,0.06,0.13
III,Nueva Ecija,Science City of Muñoz,2023-12-02,22.2,30.8,74.9,0.0,21.5,248.9,Seedling,0,0.04,0.17
III,Nueva Ecija,Science City of Muñoz,2023-12-03,22.1,31.9,75.3,0.0,22.1,226.5,Seedling,0,0.02,0.18
III,Nueva Ecija,Science City of Muñoz,2023-12-04,22.0,30.9,80.2,4.7,22.5,222.9,Seedling,1,0.1,0.0
III,Nueva Ecija,Science City of Muñoz,2023-12-05,22.7,30.8,74.0,0.0,21.6,217.2,Seedling,0,0.01,0.17
III,Nueva Ecija,Science City of Muñoz,2023-12-06,21.9,30.7,71.5,0.0,20.6,225.8,Seedling,0,0.02,0.17
III,Nueva Ecija,Science City of Muñoz,2023-12-07,22.1,32.6,71.8,0.0,21.7,231.5,Seedling,0,0.1,0.13
III,Nueva Ecija,Science City of Muñoz,2023-12-08,20.3,30.0,76.4,0.0,20.4,203.9,Seedling,0,0.11,0.07
III,Nueva Ecija,Science City of Muñoz,2023-12-09,21.8,33.6,76.7,0.0,23.0,234.4,Seedling,0,0.19,0.0
III,Nueva Ecija,Science City of Muñoz,2023-12-10,22.0,32.7,73.0,0.0,22.0,235.5,Seedling,0,0.0,0.04
III,Nueva Ecija,Science City of Muñoz,2023-12-11,22.7,33.3,73.9,0.0,22.8,223.7,Seedling,0,0.04,0.25
III,Nueva Ecija,Science City of Muñoz,2023-12-12,21.3,33.4,71.4,0.0,21.6,236.3,Seedling,3,0.0,0.12
III,Nueva Ecija,Science City of Muñoz,2023-12-13,21.1,34.1,75.9,3.2,22.8,212.9,Seedling,3,0.46,0.09
III,Nueva Ecija,Science City of Muñoz,2023-12-14,21.5,35.1,72.4,0.0,22.8,219.9,Seedling,1,0.0,0.21
III,Nueva Ecija,Science City of Muñoz,2023-12-15,22.5,34.5,71.6,0.0,22.8,209.2,Seedling,3,0.8,0.08
III,Nueva Ecija,Science City of Muñoz,2023-12-16,21.7,35.9,70.8,0.0,23.0,243.8,Seedling,0,1.07,0.15
III,Nueva Ecija,Science City of Muñoz,2023-12-17,22.0,33.9,71.0,11.8,22.2,219.7,Seedling,0,0.38,0.16
III,Nueva Ecija,Science City of Muñoz,2023-12-18,22.5,34.9,70.4,5.6,22.8,236.6,Seedling,1,0.26,0.03
III,Nueva Ecija,Science City of Muñoz,2023-12-19,22.9,35.1,72.0,0.0,23.4,224.3,Seedling,0,0.34,0.15
III,Nueva Ecija,Science City of Muñoz,2023-12-20,22.4,34.5,73.5,0.0,23.2,209.7,Seedling,2,0.33,0.0
III,Nueva Ecija,Science City of Muñoz,2023-12-21,21.8,35.3,73.2,0.0,23.2,228.7,Seedling,1,1.93,0.01
III,Nueva Ecija,Science City of Muñoz,2023-12-22,23.1,34.9,71.6,0.0,23.3,245.0,Seedling,2,2.52,0.15
III,Nueva Ecija,Science City of Muñoz,2023-12-23,23.1,34.4,73.0,0.0,23.4,222.4,Seedling,1,4.47,0.07
III,Nueva Ecija,Science City of Muñoz,2023-12-24,23.2,33.7,71.6,0.0,22.8,219.3,Seedling,0,3.74,0.0
III,Nueva Ecija,Science City of Muñoz,2023-12-25,23.7,33.8,68.8,0.0,22.5,235.3,Seedling,2,3.68,0.22
III,Nueva Ecija,Science City of Muñoz,2023-12-26,24.0,32.7,77.4,0.0,23.8,239.3,Seedling,0,2.51,0.03
III,Nueva Ecija,Science City of Muñoz,2023-12-27,24.3,31.4,71.9,0.0,22.2,233.0,Tillering,2,3.14,0.13
III,Nueva Ecija,Science City of Muñoz,2023-12-28,23.6,31.9,66.4,0.0,21.0,230.0,Tillering,4,2.32,0.05
III,Nueva Ecija,Science City of Muñoz,2023-12-29,24.3,31.8,68.7,0.0,21.8,245.4,Tillering,8,1.69,0.14
III,Nueva Ecija,Science City of Muñoz,2023-12-30,24.2,31.4,69.5,0.0,21.7,239.9,Tillering,0,0.68,0.0
III,Nueva Ecija,Science City of Muñoz,2023-12-31,24.2,32.6,69.1,0.0,22.2,240.8,Tillering,7,1.08,0.11
III,Nueva Ecija,Science City of Muñoz,2024-01-01,24.7,32.6,68.5,0.0,22.3,243.3,Tillering,3,0.65,0.09
III,Nueva Ecija,Science City of Muñoz,2024-01-02,24.7,33.9,67.3,0.0,22.8,236.6,Tillering,1,0.1,0.11
III,Nueva Ecija,Science City of Muñoz,2024-01-03,24.2,35.4,67.7,0.0,23.3,247.2,Tillering,0,0.66,0.14
III,Nueva Ecija,Science City of Muñoz,2024-01-04,25.0,35.8,68.8,4.4,24.2,233.0,Tillering,5,0.35,0.0
III,Nueva Ecija,Science City of Muñoz,2024-01-05,24.8,35.1,69.0,5.9,23.8,223.6,Tillering,3,1.26,0.14
III,Nueva Ecija,Science City of Muñoz,2024-01-06,23.8,35.9,65.8,0.0,23.0,235.4,Tillering,2,1.07,0.0
III,Nueva Ecija,Science City of Muñoz,2024-01-07,23.2,33.8,71.0,23.1,22.7,201.2,Tillering,3,1.0,0.02
III,Nueva Ecija,Science City of Muñoz,2024-01-08,23.8,31.6,63.9,0.0,20.5,235.0,Tillering,3,0.68,0.0
III,Nueva Ecija,Science City of Muñoz,2024-01-09,23.0,33.0,66.8,13.0,21.4,219.5,Tillering,2,0.21,0.0
III,Nueva Ecija,Science City of Muñoz,2024-01-10,24.0,34.9,65.6,0.0,22.6,230.4,Tillering,2,1.23,0.11
III,Nueva Ecija,Science City of Muñoz,2024-01-11,24.2,36.0,67.6,0.0,23.6,238.5,Tillering,4,1.72,0.19
III,Nueva Ecija,Science City of Muñoz,2024-01-12,23.9,35.8,70.0,0.0,23.8,230.5,Tillering,6,1.54,0.04
III,Nueva Ecija,Science City of Muñoz,2024-01-13,23.5,35.3,69.5,0.0,23.3,234.9,Tillering,1,2.41,0.02
III,Nueva Ecija,Science City of Muñoz,2024-01-14,21.6,34.9,67.8,0.6,21.8,242.3,Tillering,2,2.77,0.0
III,Nueva Ecija,Science City of Muñoz,2024-01-15,21.2,35.0,69.1,0.0,21.9,233.1,Tillering,1,3.4,0.0
III,Nueva Ecija,Science City of Muñoz,2024-01-16,21.9,33.9,68.6,0.0,21.6,237.5,Tillering,1,3.7,0.02
III,Nueva Ecija,Science City of Muñoz,2024-01-17,22.6,33.5,73.8,2.1,22.8,226.2,Tillering,2,3.15,0.21
III,Nueva Ecija,Science City of Muñoz,2024-01-18,22.8,33.3,70.5,0.0,22.2,232.2,Tillering,3,2.72,0.0
III,Nueva Ecija,Science City of Muñoz,2024-01-19,22.0,32.8,71.1,0.0,21.6,241.5,Tillering,2,3.34,0.16
III,Nueva Ecija,Science City of Muñoz,2024-01-20,21.8,33.3,73.8,5.1,22.3,227.4,Tillering,1,2.37,0.16
III,Nueva Ecija,Science City of Muñoz,2024-01-21,22.2,33.2,65.9,0.0,20.9,234.5,Elongation,3,2.87,0.0
III,Nueva Ecija,Science City of Muñoz,2024-01-22,23.3,33.5,67.3,0.0,21.9,235.1,Elongation,1,3.81,0.09
III,Nueva Ecija,Science City of Muñoz,2024-01-23,23.2,34.4,63.3,0.0,21.6,236.0,Elongation,2,4.17,0.08
III,Nueva Ecija,Science City of Muñoz,2024-01-24,23.1,32.8,68.4,0.0,22.1,225.5,Elongation,1,3.63,0.14
III,Nueva Ecija,Science City of Muñoz,2024-01-25,23.0,33.3,70.9,3.7,22.7,234.9,Elongation,0,2.76,0.09
III,Nueva Ecija,Science City of Muñoz,2024-01-26,22.9,33.3,66.0,0.0,21.2,227.3,Elongation,2,2.33,0.07
III,Nueva Ecija,Science City of Muñoz,2024-01-27,22.8,33.5,67.5,0.0,21.6,245.1,Elongation,0,1.09,0.08
III,Nueva Ecija,Science City of Muñoz,2024-01-28,22.7,34.5,69.7,0.0,22.5,230.5,Elongation,2,0.74,0.07
III,Nueva Ecija,Science City of Muñoz,2024-01-29,21.4,33.8,70.9,0.0,21.8,249.9,Elongation,1,0.8,0.34
III,Nueva Ecija,Science City of Muñoz,2024-01-30,21.9,34.0,71.3,0.0,22.2,240.8,Elongation,2,0.2,0.02
III,Nueva Ecija,Science City of Muñoz,2024-01-31,22.8,33.5,71.2,0.0,22.4,255.5,Elongation,1,0.79,0.05
III,Nueva Ecija,Science City of Muñoz,2024-02-01,22.5,31.7,72.7,0.0,21.6,243.8,Elongation,4,0.12,0.0
III,Nueva Ecija,Science City of Muñoz,2024-02-02,23.1,32.9,73.4,0.0,22.7,229.5,Elongation,2,1.25,0.14
III,Nueva Ecija,Science City of Muñoz,2024-02-03,23.2,30.8,69.7,0.0,20.9,252.0,Elongation,1,0.05,0.04
III,Nueva Ecija,Science City of Muñoz,2024-02-04,22.5,31.1,68.9,0.0,20.6,234.3,Elongation,0,0.63,0.07
III,Nueva Ecija,Science City of Muñoz,2024-02-05,22.9,29.9,65.9,0.0,19.6,252.5,Elongation,4,0.18,0.19
III,Nueva Ecija,Science City of Muñoz,2024-02-06,22.7,30.3,66.0,0.0,19.7,244.2,Elongation,3,0.83,0.2
III,Nueva Ecija,Science City of Muñoz,2024-02-07,22.9,31.9,66.1,0.0,20.6,240.3,Elongation,3,0.87,0.19
III,Nueva Ecija,Science City of Muñoz,2024-02-08,22.8,31.7,68.0,0.0,20.8,234.0,Elongation,1,1.43,0.09
III,Nueva Ecija,Science City of Muñoz,2024-02-09,22.9,32.9,66.5,0.0,21.2,225.9,Panicle,2,0.22,0.66
III,Nueva Ecija,Science City of Muñoz,2024-02-10,22.9,32.2,63.4,0.0,20.2,220.1,Panicle,0,0.0,0.3
III,Nueva Ecija,Science City of Muñoz,2024-02-11,22.1,30.8,61.2,0.0,18.7,240.7,Panicle,0,0.04,0.97
III,Nueva Ecija,Science City of Muñoz,2024-02-12,22.1,30.9,65.0,0.0,19.5,240.2,Panicle,1,0.02,0.44
III,Nueva Ecija,Science City of Muñoz,2024-02-13,21.7,32.4,69.2,0.0,20.9,232.3,Panicle,2,0.12,0.85
III,Nueva Ecija,Science City of Muñoz,2024-02-14,21.9,33.3,67.8,0.0,21.2,252.6,Panicle,2,0.04,0.74
III,Nueva Ecija,Science City of Muñoz,2024-02-15,22.3,32.3,66.9,0.0,20.7,239.8,Panicle,1,0.0,0.65
III,Nueva Ecija,Science City of Muñoz,2024-02-16,22.7,33.2,64.4,0.0,20.8,243.3,Panicle,1,0.04,1.7
III,Nueva Ecija,Science City of Muñoz,2024-02-17,21.7,35.3,67.7,0.0,22.0,241.0,Panicle,0,0.04,1.37
III,Nueva Ecija,Science City of Muñoz,2024-02-18,21.7,34.2,66.6,0.0,21.3,237.0,Panicle,4,0.27,0.0
III,Nueva Ecija,Science City of Muñoz,2024-02-19,21.8,32.6,69.3,0.0,21.1,241.9,Panicle,0,0.07,1.41
III,Nueva Ecija,Science City of Muñoz,2024-02-20,21.7,32.6,67.8,0.0,20.7,238.2,Panicle,1,0.0,0.63
III,Nueva Ecija,Science City of Muñoz,2024-02-21,22.5,33.4,67.1,0.0,21.4,242.7,Panicle,0,0.01,1.42
III,Nueva Ecija,Science City of Muñoz,2024-02-22,22.5,32.5,72.1,13.9,21.9,228.0,Panicle,3,0.17,0.14
III,Nueva Ecija,Science City of Muñoz,2024-02-23,22.3,32.4,64.3,0.0,20.2,238.6,Panicle,1,0.0,1.58
III,Nueva Ecija,Science City of Muñoz,2024-02-24,21.8,32.6,62.6,0.0,19.7,254.9,Flowering,0,0.17,0.22
III,Nueva Ecija,Science City of Muñoz,2024-02-25,21.2,32.8,65.0,0.0,20.0,239.8,Flowering,0,0.14,0.29
III,Nueva Ecija,Science City of Muñoz,2024-02-26,21.8,33.1,66.28,0.0,20.3,241.7,Flowering,3,0.13,0.722
III,Nueva Ecija,Science City of Muñoz,2024-02-27,22.1,33.5,67.56,0.0,20.7,241.2,Flowering,2,0.07,1.1540000000000001
III,Nueva Ecija,Science City of Muñoz,2024-02-28,21.6,33.6,68.84,0.0,20.8,229.4,Flowering,1,0.03,1.5860000000000003
III,Nueva Ecija,Science City of Muñoz,2024-02-29,22.7,32.0,70.12,0.0,21.5,234.6,Flowering,0,0.1,2.0180000000000002
III,Nueva Ecija,Science City of Muñoz,2024-03-01,23.4,31.7,71.4,0.0,21.8,230.7,Flowering,2,0.03,2.45
III,Nueva Ecija,Science City of Muñoz,2024-03-02,22.6,32.9,67.5,0.0,21.2,248.1,Flowering,1,0.01,0.82
III,Nueva Ecija,Science City of Muñoz,2024-03-03,21.6,32.6,66.8,0.0,20.5,233.7,Flowering,1,0.14,0.44
III,Nueva Ecija,Science City of Muñoz,2024-03-04,22.7,33.9,66.7,0.0,21.6,248.1,Flowering,2,0.11,1.77
III,Nueva Ecija,Science City of Muñoz,2024-03-05,22.4,34.0,66.6,0.0,21.5,244.5,Flowering,0,0.06,0.82
III,Nueva Ecija,Science City of Muñoz,2024-03-06,23.3,33.5,64.9,0.0,21.4,231.9,Flowering,0,0.0,0.0
III,Nueva Ecija,Science City of Muñoz,2024-03-07,23.1,33.5,66.0,0.0,21.5,235.4,Flowering,0,0.06,1.49
III,Nueva Ecija,Science City of Muñoz,2024-03-08,22.9,33.4,65.1,8.1,21.2,229.3,Flowering,0,0.12,1.76
III,Nueva Ecija,Science City of Muñoz,2024-03-09,23.3,34.2,63.0,0.0,21.4,228.6,Flowering,0,0.14,0.22
III,Nueva Ecija,Science City of Muñoz,2024-03-10,23.4,33.6,65.4,0.0,21.6,239.7,Ripening,1,0.08,1.56
III,Nueva Ecija,Science City of Muñoz,2024-03-11,23.2,34.2,68.5,0.0,22.4,246.5,Ripening,1,0.09,2.27
III,Nueva Ecija,Science City of Muñoz,2024-03-12,22.8,34.8,64.0,0.0,21.6,249.2,Ripening,2,0.12,2.28
III,Nueva Ecija,Science City of Muñoz,2024-03-13,22.2,34.2,67.0,0.0,21.6,237.6,Ripening,1,0.0,2.88
III,Nueva Ecija,Science City of Muñoz,2024-03-14,21.8,33.4,68.0,0.0,21.2,234.8,Ripening,2,0.0,1.03
III,Nueva Ecija,Science City of Muñoz,2024-03-15,22.0,32.2,71.4,3.7,21.4,243.2,Ripening,0,0.15,2.6
III,Nueva Ecija,Science City of Muñoz,2024-03-16,22.0,32.5,66.9,0.0,20.6,227.9,Ripening,0,0.0,2.87
III,Nueva Ecija,Science City of Muñoz,2024-03-17,21.8,34.2,67.6,0.0,21.5,245.6,Ripening,3,0.04,3.9
III,Nueva Ecija,Science City of Muñoz,2024-03-18,22.9,34.1,74.6,5.8,23.4,219.0,Ripening,1,0.04,4.51
III,Nueva Ecija,Science City of Muñoz,2024-03-19,23.0,34.7,68.0,0.0,22.5,229.8,Ripening,1,0.16,4.5875
III,Nueva Ecija,Science City of Muñoz,2024-03-20,23.1,33.7,69.9,0.0,22.4,241.9,Ripening,0,0.06,4.665
III,Nueva Ecija,Science City of Muñoz,2024-03-21,23.4,32.4,69.1,0.0,21.7,245.3,Ripening,1,0.08,4.7425
III,Nueva Ecija,Science City of Muñoz,2024-03-22,23.6,32.5,67.0,0.0,21.925,226.3,Ripening,3,0.0,4.82
III,Nueva Ecija,Science City of Muñoz,2024-03-23,24.2,31.9,69.0,0.0,22.15,237.8,Ripening,1,0.12,3.22
III,Nueva Ecija,Science City of Muñoz,2024-03-24,24.3,32.5,69.4,0.0,22.375,237.0,Ripening,1,0.06,2.79
III,Nueva Ecija,Science City of Muñoz,2024-03-25,23.2,34.7,68.0,0.0,22.6,238.8,Ripening,1,0.16,3.08
III,Nueva Ecija,Science City of Muñoz,2024-03-26,23.1,34.7,65.9,0.0,22.1,249.4,Ripening,6,0.04,1.6
III,Nueva Ecija,Science City of Muñoz,2024-03-27,22.3,36.3,72.3,0.0,23.8,230.8,Ripening,1,0.0,3.22
III,Nueva Ecija,Science City of Muñoz,2024-03-28,21.6,35.2,70.3,0.0,22.5,236.2,Ripening,2,0.06,2.57
III,Nueva Ecija,Science City of Muñoz,2024-03-29,21.3,35.8,74.0,0.0,23.3,241.5,Ripening,6,0.0,3.12
III,Nueva Ecija,Science City of Muñoz,2024-03-30,22.3,35.4,68.7,0.0,22.6,235.1,Ripening,3,0.05,6.21
III,Nueva Ecija,Science City of Muñoz,2024-03-31,21.7,34.0,68.9,0.0,21.6,243.9,Ripening,4,0.03,6.69
III,Nueva Ecija,Science City of Muñoz,2024-04-01,23.0,33.9,70.1,0.0,22.5,237.6,Ripening,3,0.09,4.66
III,Nueva Ecija,Science City of Muñoz,2024-04-02,23.9,34.4,66.8,0.0,22.5,250.7,Ripening,6,0.0,4.49
III,Nueva Ecija,Science City of Muñoz,2024-04-03,23.3,34.5,68.2,0.0,22.5,234.0,Ripening,0,0.0,0.11
III,Nueva Ecija,Science City of Muñoz,2024-04-04,22.5,34.5,66.6,0.0,21.8,234.2,Ripening,0,0.0,0.07
III,Nueva Ecija,Science City of Muñoz,2024-04-05,23.1,34.2,67.1,0.0,22.1,247.5,Ripening,0,0.1,0.05
III,Nueva Ecija,Science City of Muñoz,2024-04-06,22.7,31.7,66.1,0.0,20.4,233.8,Ripening,0,0.08,0.0
III,Nueva Ecija,Science City of Muñoz,2024-04-07,23.3,32.0,64.7,0.0,20.6,235.1,Ripening,0,0.2,0.12
III,Nueva Ecija,Science City of Muñoz,2024-04-08,22.4,32.5,63.4,0.0,20.1,239.9,Ripening,1,0.02,0.02
III,Nueva Ecija,Science City of Muñoz,2024-04-09,21.9,32.7,65.5,0.0,20.4,238.4,Ripening,0,0.2,0.05
III,Nueva Ecija,Science City of Muñoz,2024-04-10,22.8,35.1,64.7,0.0,21.9,237.5,Ripening,0,0.05,0.0
III,Nueva Ecija,Science City of Muñoz,2024-04-11,23.3,35.1,67.0,0.0,22.6,239.5,Ripening,0,0.05,0.07
III,Nueva Ecija,Science City of Muñoz,2024-04-12,23.5,35.7,70.3,0.0,23.7,252.1,Ripening,0,0.2,0.14
III,Nueva Ecija,Science City of Muñoz,2024-04-13,22.8,34.1,73.2,0.0,23.1,223.7,Ripening,0,0.02,0.06
III,Nueva Ecija,Science City of Muñoz,2024-04-14,21.9,33.3,74.6,0.0,22.5,244.5,Ripening,0,0.11,0.11
III,Nueva Ecija,Science City of Muñoz,2024-04-15,21.5,32.8,75.1,0.0,22.2,247.2,Ripening,0,0.08,0.09
III,Nueva Ecija,Science City of Muñoz,2024-04-16,21.7,32.2,70.5,0.0,21.1,236.4,Ripening,0,0.04,0.05
III,Nueva Ecija,Science City of Muñoz,2024-04-17,21.6,32.3,70.7,0.0,21.1,236.6,Ripening,0,0.1,0.02
III,Nueva Ecija,Science City of Muñoz,2024-04-18,22.3,33.1,68.2,0.0,21.3,240.1,Ripening,0,0.13,0.11
III,Nueva Ecija,Science City of Muñoz,2024-04-19,22.275,34.4,68.9,0.0,21.266666666666666,246.4,Ripening,0,0.11,0.07
III,Nueva Ecija,Science City of Muñoz,2024-04-20,22.25,33.2,67.6,0.0,21.233333333333334,233.6,Ripening,0,0.16,0.13
III,Nueva Ecija,Science City of Muñoz,2024-04-21,22.225,34.0,67.9,0.0,21.200000000000003,228.4,Ripening,0,0.16,0.1
III,Nueva Ecija,Science City of Muñoz,2024-04-22,22.2,32.5,68.3,1.8,21.166666666666668,236.0,Ripening,0,0.04,0.04
III,Nueva Ecija,Science City of Muñoz,2024-04-23,22.4,34.1,66.0,0.0,21.133333333333333,229.7,Ripening,0,0.15,0.14
III,Nueva Ecija,Science City of Muñoz,2024-04-24,22.7,33.5,65.0,0.0,21.1,234.3,Ripening,0,0.19,0.0
III,Nueva Ecija,Science City of Muñoz,2024-04-25,23.4,33.0,66.8,0.0,21.6,216.2,Ripening,0,0.14,0.06
III,Nueva Ecija,Science City of Muñoz,2024-04-26,22.9,33.5,66.9,7.2,21.6,233.9,Ripening,0,0.09,0.13
III,Nueva Ecija,Science City of Muñoz,2024-04-27,23.5,34.8,66.5,0.0,22.4,235.7,Ripening,0,0.1,0.21
III,Nueva Ecija,Science City of Muñoz,2024-04-28,22.9,33.2,67.7,0.0,21.6,242.0,Ripening,0,0.03,0.18
III,Nueva Ecija,Science City of Muñoz,2024-04-29,21.6,32.7,66.5,0.0,20.5,231.2,Ripening,0,0.17,0.15
III,Nueva Ecija,Science City of Muñoz,2024-04-30,22.2,32.3,65.8,0.0,20.4,233.1,Ripening,0,0.07,0.12
III,Nueva Ecija,Science City of Muñoz,2024-05-01,22.0,31.8,67.0,0.0,20.3,224.6,Ripening,0,0.14,0.09
III,Nueva Ecija,Science City of Muñoz,2024-05-02,20.9,34.2,70.9,0.0,21.7,239.9,Ripening,0,0.06,0.06
III,Nueva Ecija,Science City of Muñoz,2024-05-03,21.9,34.1,74.3,0.0,22.9,230.1,Seedling,0,0.06,0.0
III,Nueva Ecija,Science City of Muñoz,2024-05-04,21.6,33.1,73.8,0.0,22.1,234.7,Seedling,0,0.0,0.18
III,Nueva Ecija,Science City of Muñoz,2024-05-05,21.6,32.7,72.5,0.0,21.7,237.8,Seedling,0,0.22,0.14
III,Nueva Ecija,Science City of Muñoz,2024-05-06,21.2,32.1,71.8,0.0,21.0,222.6,Seedling,0,0.14,0.18
III,Nueva Ecija,Science City of Muñoz,2024-05-07,22.4,32.5,75.0,1.4,22.4,239.6,Seedling,0,0.14,0.0
III,Nueva Ecija,Science City of Muñoz,2024-05-08,22.8,32.7,72.1,0.0,22.2,239.5,Seedling,0,0.08,0.21
III,Nueva Ecija,Science City of Muñoz,2024-05-09,22.9,33.0,69.1,0.0,21.8,227.6,Seedling,0,0.06,0.0
III,Nueva Ecija,Science City of Muñoz,2024-05-10,22.7,32.0,73.9,13.4,22.1,197.9,Seedling,0,0.0,0.21
III,Nueva Ecija,Science City of Muñoz,2024-05-11,22.4,33.7,73.5,0.0,22.8,230.0,Seedling,0,0.04,0.16
III,Nueva Ecija,Science City of Muñoz,2024-05-12,22.6,33.4,66.5,0.0,21.3,244.0,Seedling,0,0.06,0.01
III,Nueva Ecija,Science City of Muñoz,2024-05-13,22.6,34.3,67.8,0.0,22.0,229.9,Seedling,0,0.12,0.19
III,Nueva Ecija,Science City of Muñoz,2024-05-14,23.1,34.1,69.0,0.0,22.4,233.9,Seedling,0,0.24,0.06
III,Nueva Ecija,Science City of Muñoz,2024-05-15,23.1,34.4,68.2,0.0,22.4,240.5,Seedling,0,0.0,0.06
III,Nueva Ecija,Science City of Muñoz,2024-05-16,23.2,33.0,71.4,24.3,22.4,219.2,Seedling,0,0.08,0.0
III,Nueva Ecija,Science City of Muñoz,2024-05-17,23.9,35.1,71.5,0.0,23.8,237.7,Seedling,0,0.18,0.08
III,Nueva Ecija,Science City of Muñoz,2024-05-18,22.9,33.9,70.3,0.0,22.5,240.1,Seedling,0,0.01,0.08
III,Nueva Ecija,Science City of Muñoz,2024-05-19,22.6,33.8,73.0,19.6,22.8,213.2,Seedling,0,0.01,0.14
III,Nueva Ecija,Science City of Muñoz,2024-05-20,23.2,35.8,69.5,0.0,23.4,233.8,Seedling,0,0.06,0.16
III,Nueva Ecija,Science City of Muñoz,2024-05-21,22.4,34.9,72.2,0.0,23.1,223.1,Seedling,0,0.11,0.01
III,Nueva Ecija,Science City of Muñoz,2024-05-22,22.6,34.9,71.2,0.0,23.0,214.1,Seedling,0,0.0,0.04
III,Nueva Ecija,Science City of Muñoz,2024-05-23,22.4,33.7,70.2,0.0,22.1,225.0,Seedling,0,0.0,0.14
III,Nueva Ecija,Science City of Muñoz,2024-05-24,23.2,31.6,76.4,10.5,22.7,220.6,Seedling,0,0.0,0.27
III,Nueva Ecija,Science City of Muñoz,2024-05-25,22.8,31.2,68.9,0.0,20.8,228.6,Seedling,0,0.04,0.25
III,Nueva Ecija,Science City of Muñoz,2024-05-26,22.8,32.4,73.3,3.6,22.3,233.2,Seedling,0,0.18,0.07
III,Nueva Ecija,Science City of Muñoz,2024-05-27,23.5,34.0,71.1,0.7,23.0,224.6,Seedling,0,0.0,0.14
III,Nueva Ecija,Science City of Muñoz,2024-05-28,22.8,34.3,72.6,0.0,23.1,229.5,Seedling,0,0.0,0.0
III,Nueva Ecija,Science City of Muñoz,2024-05-29,23.6,34.7,72.1,0.0,23.6,210.2,Seedling,0,0.12,0.04
III,Nueva Ecija,Science City of Muñoz,2024-05-30,23.0,33.5,75.0,14.5,23.2,202.9,Seedling,0,0.01,0.03
III,Nueva Ecija,Science City of Muñoz,2024-05-31,22.3,33.6,73.2,0.0,22.6,221.6,Seedling,0,0.08,0.1
III,Nueva Ecija,Science City of Muñoz,2024-06-01,22.5,34.8,73.2,0.0,23.3,222.3,Seedling,0,0.11,0.06
III,Nueva Ecija,Science City of Muñoz,2024-06-02,21.9,34.0,71.6,0.0,22.3,225.0,Seedling,10,1.25,0.0
III,Nueva Ecija,Science City of Muñoz,2024-06-03,22.3,33.1,76.1,11.6,22.9,224.9,Seedling,10,0.21,0.12
III,Nueva Ecija,Science City of Muñoz,2024-06-04,22.9,32.6,75.8,7.1,22.9,220.3,Seedling,11,0.67,0.04
III,Nueva Ecija,Science City of Muñoz,2024-06-05,23.0,32.9,75.6,7.5,23.1,221.6,Seedling,17,0.0,0.09
III,Nueva Ecija,Science City of Muñoz,2024-06-06,23.7,32.9,72.7,0.0,22.8,236.9,Seedling,7,0.73,0.19
III,Nueva Ecija,Science City of Muñoz,2024-06-07,23.5,33.5,69.2,0.0,22.3,236.2,Seedling,8,0.13,0.13
III,Nueva Ecija,Science City of Muñoz,2024-06-08,21.9,34.0,75.2,11.1,23.0,210.9,Seedling,10,1.54,0.12
III,Nueva Ecija,Science City of Muñoz,2024-06-09,22.5,33.6,74.2,0.0,22.9,234.1,Seedling,9,0.9,0.0
III,Nueva Ecija,Science City of Muñoz,2024-06-10,23.2,36.5,73.8,0.0,24.6,242.3,Seedling,8,1.26,0.18
III,Nueva Ecija,Science City of Muñoz,2024-06-11,21.8,32.8,78.4,19.2,23.0,205.6,Seedling,5,1.17,0.16
III,Nueva Ecija,Science City of Muñoz,2024-06-12,22.1,34.3,73.0,0.0,22.8,221.4,Seedling,11,1.66,0.19
III,Nueva Ecija,Science City of Muñoz,2024-06-13,22.3,33.1,75.7,9.4,22.8,214.9,Seedling,14,1.08,0.11
III,Nueva Ecija,Science City of Muñoz,2024-06-14,21.8,33.1,71.1,0.0,21.7,222.3,Seedling,9,0.45,0.21
III,Nueva Ecija,Science City of Muñoz,2024-06-15,22.4,33.0,75.6,2.6,22.8,209.5,Seedling,12,0.44,0.17
III,Nueva Ecija,Science City of Muñoz,2024-06-16,22.3,31.7,75.6,31.5,22.1,187.8,Seedling,12,0.0,0.0
III,Nueva Ecija,Science City of Muñoz,2024-06-17,22.5,32.7,71.6,0.0,21.9,221.5,Tillering,17,0.0,0.13
III,Nueva Ecija,Science City of Muñoz,2024-06-18,22.4,33.1,76.5,24.4,23.0,203.7,Tillering,28,0.17,0.13
III,Nueva Ecija,Science City of Muñoz,2024-06-19,22.9,33.34,70.8,0.0,22.2,230.4,Tillering,14,0.97,0.03
III,Nueva Ecija,Science City of Muñoz,2024-06-20,22.6,33.58,74.2,12.7,23.3,213.6,Tillering,19,0.0,0.06
III,Nueva Ecija,Science City of Muñoz,2024-06-21,23.2,33.82,77.4,5.7,24.2,212.8,Tillering,24,0.78,0.07
III,Nueva Ecija,Science City of Muñoz,2024-06-22,22.4,34.059999999999995,70.3,0.0,22.5,233.6,Tillering,21,0.53,0.04
III,Nueva Ecija,Science City of Muñoz,2024-06-23,22.4,34.3,70.2,0.0,22.4,230.7,Tillering,20,0.0,0.11
III,Nueva Ecija,Science City of Muñoz,2024-06-24,22.9,34.2,71.4,0.0,22.8,214.4,Tillering,12,0.81,0.23
III,Nueva Ecija,Science City of Muñoz,2024-06-25,23.0,32.6,78.1,84.5,23.4,178.6,Tillering,10,0.0,0.03
III,Nueva Ecija,Science City of Muñoz,2024-06-26,23.6,34.7,76.3,2.5,24.4,220.8,Tillering,13,0.32,0.14
III,Nueva Ecija,Science City of Muñoz,2024-06-27,23.1,34.5,70.8,0.0,23.0,216.5,Tillering,6,0.3,0.16
III,Nueva Ecija,Science City of Muñoz,2024-06-28,23.2,33.4,71.9,0.0,22.7,225.3,Tillering,6,0.26,0.17
III,Nueva Ecija,Science City of Muñoz,2024-06-29,23.2,31.1,77.1,19.1,22.6,203.1,Tillering,7,0.01,0.1
III,Nueva Ecija,Science City of Muñoz,2024-06-30,24.0,32.7,77.2,2.0,23.8,220.4,Tillering,12,0.0,0.09
III,Nueva Ecija,Science City of Muñoz,2024-07-01,24.4,33.1,72.7,0.0,23.3,224.0,Tillering,9,1.34,0.2
III,Nueva Ecija,Science City of Muñoz,2024-07-02,23.6,32.5,76.8,27.6,23.4,188.2,Tillering,12,0.54,0.03
III,Nueva Ecija,Science City of Muñoz,2024-07-03,23.5,33.0,70.6,0.0,22.4,223.2,Tillering,12,0.62,0.04
III,Nueva Ecija,Science City of Muñoz,2024-07-04,23.9,31.5,70.4,0.0,21.8,212.5,Tillering,4,0.0,0.0
III,Nueva Ecija,Science City of Muñoz,2024-07-05,23.4,33.9,72.80000000000001,0.0,23.5,213.5,Tillering,3,0.0,0.15
III,Nueva Ecija,Science City of Muñoz,2024-07-06,23.4,34.5,75.2,0.0,23.4,211.8,Tillering,5,0.0,0.0
III,Nueva Ecija,Science City of Muñoz,2024-07-07,22.8,31.5,77.6,2.6,23.4,212.2,Tillering,16,1.0,0.02
III,Nueva Ecija,Science City of Muñoz,2024-07-08,22.1,32.5,80.0,6.0,23.3,209.7,Tillering,15,0.54,0.16
III,Nueva Ecija,Science City of Muñoz,2024-07-09,21.6,33.9,74.4,0.0,22.6,218.8,Tillering,16,0.38,0.17
III,Nueva Ecija,Science City of Muñoz,2024-07-10,22.3,33.7,79.0,13.2,23.8,215.3,Tillering,13,0.05,0.03
III,Nueva Ecija,Science City of Muñoz,2024-07-11,21.5,32.2,79.5,36.0,22.8,187.9,Elongation,10,1.14,0.0
III,Nueva Ecija,Science City of Muñoz,2024-07-12,23.7,33.7,79.5,5.1,24.6,210.9,Elongation,14,0.62,0.06
III,Nueva Ecija,Science City of Muñoz,2024-07-13,22.7,31.3,78.4,125.8,22.7,167.3,Elongation,15,0.56,0.13
III,Nueva Ecija,Science City of Muñoz,2024-07-14,22.6,34.1,77.2,2.8,23.8,210.2,Elongation,17,0.63,0.08
III,Nueva Ecija,Science City of Muñoz,2024-07-15,21.5,34.1,73.8,22.0,22.6,197.7,Elongation,15,0.0,0.07
III,Nueva Ecija,Science City of Muñoz,2024-07-16,22.1,34.2,76.8,1.1,23.5,201.1,Elongation,13,0.34,0.01
III,Nueva Ecija,Science City of Muñoz,2024-07-17,22.3,33.5,67.7,0.0,21.4,214.0,Elongation,13,0.39,0.0
III,Nueva Ecija,Science City of Muñoz,2024-07-18,22.9,34.0,68.1,0.0,22.1,231.9,Elongation,16,0.55,0.05
III,Nueva Ecija,Science City of Muñoz,2024-07-19,21.7,34.6,75.9,1.7,23.3,208.9,Elongation,15,0.45,0.1
III,Nueva Ecija,Science City of Muñoz,2024-07-20,22.6,35.1,77.3,2.1,24.3,215.8,Elongation,15,1.02,0.11
III,Nueva Ecija,Science City of Muñoz,2024-07-21,22.8,34.7,72.9,0.0,23.3,216.3,Elongation,17,1.69,0.15
III,Nueva Ecija,Science City of Muñoz,2024-07-22,22.65,32.1,77.2,7.8,22.3,210.6,Elongation,6,1.75,0.0
III,Nueva Ecija,Science City of Muñoz,2024-07-23,22.5,31.8,78.0,7.0,22.6,205.1,Elongation,15,0.71,0.0
III,Nueva Ecija,Science City of Muñoz,2024-07-24,22.35,32.7,77.0,11.2,22.8,203.5,Elongation,6,0.0,0.19
III,Nueva Ecija,Science City of Muñoz,2024-07-25,22.2,34.7,74.1,0.0,23.5,225.0,Elongation,9,1.28,0.05
III,Nueva Ecija,Science City of Muñoz,2024-07-26,22.049999999999997,34.4,74.1,0.0,23.0,213.0,Elongation,3,1.87,0.09
III,Nueva Ecija,Science City of Muñoz,2024-07-27,21.9,35.9,75.3,3.3,24.0,206.5,Elongation,1,2.6,0.11
III,Nueva Ecija,Science City of Muñoz,2024-07-28,21.8,37.4,73.1,0.0,24.2,210.3,Elongation,2,4.15,0.09
III,Nueva Ecija,Science City of Muñoz,2024-07-29,21.6,36.8,76.5,3.2,24.5,218.3,Elongation,2,4.59,0.03
III,Nueva Ecija,Science City of Muñoz,2024-07-30,21.0,37.1,73.5,0.0,23.8,218.4,Panicle,2,0.03,7.18
III,Nueva Ecija,Science City of Muñoz,2024-07-31,20.9,36.6,80.5,19.2,24.8,210.2,Panicle,7,0.1,9.34
III,Nueva Ecija,Science City of Muñoz,2024-08-01,21.8,37.1,74.0,0.0,24.3,205.9,Panicle,6,0.0,12.37
III,Nueva Ecija,Science City of Muñoz,2024-08-02,23.1,35.3,78.1,2.5,24.8,207.6,Panicle,9,0.23,10.32
III,Nueva Ecija,Science City of Muñoz,2024-08-03,23.3,35.1,80.0,28.2,25.2,189.6,Panicle,5,0.0,11.65
III,Nueva Ecija,Science City of Muñoz,2024-08-04,24.4,34.4,81.7,2.3,25.7,207.0,Panicle,12,0.02,9.14
III,Nueva Ecija,Science City of Muñoz,2024-08-05,24.4,33.3,77.1,21.8,24.3,186.5,Panicle,4,0.15,11.71
III,Nueva Ecija,Science City of Muñoz,2024-08-06,24.3,34.1,73.7,9.8,23.9,214.3,Panicle,8,0.09,12.02
III,Nueva Ecija,Science City of Muñoz,2024-08-07,24.5,36.5,70.9,0.0,24.7,227.8,Panicle,7,0.07,13.13
III,Nueva Ecija,Science City of Muñoz,2024-08-08,23.8,35.3,77.2,3.5,25.0,214.5,Panicle,11,0.18,13.7
III,Nueva Ecija,Science City of Muñoz,2024-08-09,22.8,36.7,73.3,0.0,24.4,216.4,Panicle,2,0.01,15.79
III,Nueva Ecija,Science City of Muñoz,2024-08-10,22.4,36.6,77.3,8.2,25.0,208.6,Panicle,5,0.13,15.29
III,Nueva Ecija,Science City of Muñoz,2024-08-11,24.4,36.4,75.5,0.8,25.5,215.2,Panicle,8,0.1225,13.89
III,Nueva Ecija,Science City of Muñoz,2024-08-12,24.1,35.3,74.9,0.0,24.7,203.9,Panicle,9,0.115,13.89
III,Nueva Ecija,Science City of Muñoz,2024-08-13,23.4,34.9,74.4,0.0,24.0,211.8,Panicle,9,0.10750000000000001,12.13
III,Nueva Ecija,Science City of Muñoz,2024-08-14,24.1,33.1,81.0,17.0,24.8,202.6,Flowering,5,0.1,6.27
III,Nueva Ecija,Science City of Muñoz,2024-08-15,23.9,35.8,80.0,4.2,25.8,222.7,Flowering,3,0.13,6.0
III,Nueva Ecija,Science City of Muñoz,2024-08-16,24.0,35.5,80.2,3.3,25.8,229.0,Flowering,9,0.08,5.58
III,Nueva Ecija,Science City of Muñoz,2024-08-17,23.3,37.6,73.9,0.0,25.2,215.4,Flowering,5,0.09,5.45
III,Nueva Ecija,Science City of Muñoz,2024-08-18,23.1,34.3,79.3,49.9,24.6,172.2,Flowering,4,0.14,5.64
III,Nueva Ecija,Science City of Muñoz,2024-08-19,23.4,36.7,67.3,0.0,23.5,209.5,Flowering,2,0.03,6.21
III,Nueva Ecija,Science City of Muñoz,2024-08-20,23.0,34.7,72.3,17.8,23.3,189.6,Flowering,2,0.0,5.26
III,Nueva Ecija,Science City of Muñoz,2024-08-21,22.2,34.8,69.2,0.0,22.3,222.5,Flowering,0,0.05,5.99
III,Nueva Ecija,Science City of Muñoz,2024-08-22,23.1,34.3,78.8,18.9,24.5,182.8,Flowering,2,0.12,5.55
III,Nueva Ecija,Science City of Muñoz,2024-08-23,24.2,33.0,80.9,12.3,24.8,203.9,Flowering,2,0.15,4.3
III,Nueva Ecija,Science City of Muñoz,2024-08-24,23.4,33.5,84.3,22.8,25.3,192.9,Flowering,7,0.1,2.62
III,Nueva Ecija,Science City of Muñoz,2024-08-25,23.2,34.0,78.6,29.4,24.3,176.1,Flowering,6,0.0,3.28
III,Nueva Ecija,Science City of Muñoz,2024-08-26,24.1,34.2,79.1,21.8,25.0,204.0,Flowering,5,0.13,2.57
III,Nueva Ecija,Science City of Muñoz,2024-08-27,24.4,34.1,75.3,0.9,24.3,213.4,Flowering,5,0.0,1.14
III,Nueva Ecija,Science City of Muñoz,2024-08-28,23.9,34.9,79.8,13.5,25.4,206.8,Ripening,3,0.06,2.89
III,Nueva Ecija,Science City of Muñoz,2024-08-29,23.7,34.1,78.7,0.0,24.6,203.7,Ripening,3,0.0,3.03
III,Nueva Ecija,Science City of Muñoz,2024-08-30,23.0,34.3,80.8,3.0,24.8,208.5,Ripening,0,0.08,1.29
III,Nueva Ecija,Science City of Muñoz,2024-08-31,22.6,33.7,77.3,0.0,23.6,216.9,Ripening,4,0.14,0.0
III,Nueva Ecija,Science City of Muñoz,2024-09-01,22.1,34.0,74.4,0.0,22.9,229.0,Ripening,0,0.08,1.38
III,Nueva Ecija,Science City of Muñoz,2024-09-02,22.3,34.5,73.9,0.0,23.2,194.7,Ripening,1,0.08,0.27
III,Nueva Ecija,Science City of Muñoz,2024-09-03,22.6,33.9,79.1,17.0,24.1,208.9,Ripening,4,0.08,0.0
III,Nueva Ecija,Science City of Muñoz,2024-09-04,22.6,33.5,79.9,4.0,24.0,220.8,Ripening,2,0.19,0.13
III,Nueva Ecija,Science City of Muñoz,2024-09-05,22.4,33.1,78.4,21.9,23.4,196.9,Ripening,4,0.05,0.22
III,Nueva Ecija,Science City of Muñoz,2024-09-06,22.1,32.4,79.7,15.8,23.2,209.5,Ripening,7,0.09,2.26
III,Nueva Ecija,Science City of Muñoz,2024-09-07,22.1,30.7,77.4,14.6,21.9,211.4,Ripening,3,0.04,0.43
III,Nueva Ecija,Science City of Muñoz,2024-09-08,21.6,34.8,72.8,0.0,22.8,213.2,Ripening,4,0.06,0.3
III,Nueva Ecija,Science City of Muñoz,2024-09-09,22.4,33.0,78.4,10.3,23.4,206.9,Ripening,0,0.13,0.79
III,Nueva Ecija,Science City of Muñoz,2024-09-10,22.0,32.2,74.4,0.0,22.0,212.6,Ripening,7,0.05,0.0
III,Nueva Ecija,Science City of Muñoz,2024-09-11,22.0,32.4,76.3,0.0,22.5,230.0,Ripening,0,0.0,1.44
III,Nueva Ecija,Science City of Muñoz,2024-09-12,21.9,32.9,77.4,4.2,22.9,210.0,Ripening,2,0.05,0.0
III,Nueva Ecija,Science City of Muñoz,2024-09-13,21.8,32.6,74.4,0.0,22.1,217.2,Ripening,1,0.11,0.49
III,Nueva Ecija,Science City of Muñoz,2024-09-14,22.5,32.1,78.7,20.9,23.0,203.7,Ripening,1,0.13,1.11
III,Nueva Ecija,Science City of Muñoz,2024-09-15,22.8,31.8,79.6,31.4,23.2,193.7,Ripening,4,0.14,0.71
III,Nueva Ecija,Science City of Muñoz,2024-09-16,22.9,34.0,74.4,0.0,23.3,215.1,Ripening,1,0.0,1.1
III,Nueva Ecija,Science City of Muñoz,2024-09-17,22.7,34.4,75.5,0.0,23.6,213.4,Ripening,1,0.11,0.0
III,Nueva Ecija,Science City of Muñoz,2024-09-18,22.9,33.4,74.9,0.0,23.1,239.4,Ripening,0,0.01,0.0
III,Nueva Ecija,Science City of Muñoz,2024-09-19,23.0,35.1,77.2,8.2,24.5,217.4,Ripening,0,0.02,0.17
III,Nueva Ecija,Science City of Muñoz,2024-09-20,23.8,34.5,78.9,5.7,24.9,207.6,Ripening,1,0.06,0.58
III,Nueva Ecija,Science City of Muñoz,2024-09-21,24.0,35.3,79.8,0.0,25.6,218.2,Ripening,0,0.11,0.21
III,Nueva Ecija,Science City of Muñoz,2024-09-22,22.6,34.6,80.2,12.4,24.6,212.5,Ripening,1,0.08,0.17
III,Nueva Ecija,Science City of Muñoz,2024-09-23,22.9,35.2,76.1,5.9,24.3,195.2,Ripening,0,0.0,0.13
III,Nueva Ecija,Science City of Muñoz,2024-09-24,24.1,36.4,75.1,9.6,25.3,220.4,Ripening,0,0.13,0.18
III,Nueva Ecija,Science City of Muñoz,2024-09-25,24.3,35.6,77.6,5.1,25.5,226.9,Ripening,0,0.28,0.08
III,Nueva Ecija,Science City of Muñoz,2024-09-26,24.2,36.2,81.5,8.3,26.5,203.6,Ripening,0,0.08,0.15
III,Nueva Ecija,Science City of Muñoz,2024-09-27,24.1,35.9,80.22,2.6,26.0,206.7,Ripening,0,0.19,0.12
III,Nueva Ecija,Science City of Muñoz,2024-09-28,23.6,35.4,78.94,14.8,25.9,200.3,Ripening,1,0.19,0.18
III,Nueva Ecija,Science City of Muñoz,2024-09-29,24.0,37.4,77.66,0.0,26.2,215.6,Ripening,0,0.23,0.11
III,Nueva Ecija,Science City of Muñoz,2024-09-30,24.0,37.5,76.38,0.0,26.3,206.9,Ripening,0,0.06,0.03
III,Nueva Ecija,Science City of Muñoz,2024-10-01,23.6,35.1,75.1,0.0,24.4,213.5,Ripening,0,0.12,0.0
III,Nueva Ecija,Science City of Muñoz,2024-10-02,23.6,32.8,73.2,0.0,22.8,222.9,Ripening,0,0.13,0.02
III,Nueva Ecija,Science City of Muñoz,2024-10-03,24.2,34.8,74.6,0.0,24.4,219.9,Ripening,0,0.19,0.14
III,Nueva Ecija,Science City of Muñoz,2024-10-04,23.9,34.0,70.7,0.0,23.1,214.4,Ripening,0,0.08,0.0
III,Nueva Ecija,Science City of Muñoz,2024-10-05,23.9,35.8,70.2,0.0,23.9,218.1,Ripening,0,0.0,0.0
III,Nueva Ecija,Science City of Muñoz,2024-10-06,23.4,34.2,73.7,0.0,23.5,217.7,Ripening,0,0.0,0.2
III,Nueva Ecija,Science City of Muñoz,2024-10-07,23.6,33.1,76.4,12.2,23.6,203.6,Ripening,0,0.27,0.0
III,Nueva Ecija,Science City of Muñoz,2024-10-08,23.3,34.7,76.4,3.1,23.55,225.4,Ripening,0,0.03,0.17
III,Nueva Ecija,Science City of Muñoz,2024-10-09,23.1,33.6,72.7,14.8,23.5,215.8,Ripening,0,0.07,0.0
III,Nueva Ecija,Science City of Muñoz,2024-10-10,22.4,34.3,75.3,3.3,23.45,219.0,Ripening,0,0.0,0.15
III,Nueva Ecija,Science City of Muñoz,2024-10-11,23.3,34.5,72.3,0.0,23.4,209.6,Ripening,0,0.03,0.0
III,Nueva Ecija,Science City of Muñoz,2024-10-12,24.2,33.6,77.3,11.6,24.4,204.5,Ripening,0,0.09,0.02
III,Nueva Ecija,Science City of Muñoz,2024-10-13,24.2,35.2,71.9,0.0,24.1,209.2,Ripening,0,0.27,0.14
III,Nueva Ecija,Science City of Muñoz,2024-10-14,24.7,33.5,75.9,12.9,24.3,193.9,Ripening,0,0.03,0.16
III,Nueva Ecija,Science City of Muñoz,2024-10-15,24.3,35.6,73.0,0.0,24.6,218.1,Ripening,0,0.23,0.0
III,Nueva Ecija,Science City of Muñoz,2024-10-16,24.1,34.8,74.5,0.0,24.4,225.1,Ripening,1,0.06,0.04
III,Nueva Ecija,Science City of Muñoz,2024-10-17,24.2,34.5,78.6,7.9,25.1,210.9,Ripening,0,0.11,0.04
III,Nueva Ecija,Science City of Muñoz,2024-10-18,24.2,33.5,81.9,3.7,25.2,209.8,Ripening,1,0.25,0.12
III,Nueva Ecija,Science City of Muñoz,2024-10-19,24.8,35.1,82.7,1.5,26.5,220.3,Ripening,0,0.13,0.0
III,Nueva Ecija,Science City of Muñoz,2024-10-20,24.5,34.6,80.6,2.6,25.7,219.2,Ripening,0,0.09,0.0
III,Nueva Ecija,Science City of Muñoz,2024-10-21,24.6,35.1,77.9,0.0,25.4,218.0,Ripening,0,0.07,0.02
III,Nueva Ecija,Science City of Muñoz,2024-10-22,23.3,34.9,81.2,7.1,25.3,212.5,Ripening,0,0.05,0.04
III,Nueva Ecija,Science City of Muñoz,2024-10-23,23.240000000000002,36.2,82.1,4.3,25.7,211.4,Ripening,0,0.16,0.1
III,Nueva Ecija,Science City of Muñoz,2024-10-24,23.18,35.2,75.6,0.0,24.4,214.5,Ripening,0,0.15,0.0
III,Nueva Ecija,Science City of Muñoz,2024-10-25,23.12,36.8,74.9,0.0,25.1,227.0,Ripening,0,0.08,0.08
III,Nueva Ecija,Science City of Muñoz,2024-10-26,23.06,36.3,74.5,0.0,24.925,213.0,Ripening,0,0.03,0.0
III,Nueva Ecija,Science City of Muñoz,2024-10-27,23.0,33.8,79.3,2.3,24.75,229.8,Ripening,0,0.13,0.0
III,Nueva Ecija,Science City of Muñoz,2024-10-28,23.7,34.8,77.3,5.3,24.575,215.0,Ripening,0,0.15,0.0
III,Nueva Ecija,Science City of Muñoz,2024-10-29,23.4,34.3,77.9,0.0,24.4,218.9,Seedling,0,0.03,0.07
III,Nueva Ecija,Science City of Muñoz,2024-10-30,22.4,33.1,82.2,5.9,24.2,215.4,Seedling,0,0.09,0.0
III,Nueva Ecija,Science City of Muñoz,2024-10-31,22.3,33.1,77.2,0.0,23.1,224.7,Seedling,0,0.04,0.13
III,Nueva Ecija,Science City of Muñoz,2024-11-01,23.3,31.7,79.9,2.1,23.5,228.8,Seedling,0,0.16,0.15
III,Nueva Ecija,Science City of Muñoz,2024-11-02,22.0,32.7,81.4,36.3,23.6,183.9,Seedling,0,0.1,0.0
III,Nueva Ecija,Science City of Muñoz,2024-11-03,21.9,34.3,78.1,0.0,23.7,216.6,Seedling,1,0.01,0.05
III,Nueva Ecija,Science City of Muñoz,2024-11-04,22.0,34.6,77.3,0.0,23.8,237.0,Seedling,0,0.02,0.03
III,Nueva Ecija,Science City of Muñoz,2024-11-05,23.4,33.8,77.7,0.0,24.1,223.4,Seedling,1,0.11,0.0
III,Nueva Ecija,Science City of Muñoz,2024-11-06,23.0,33.4,79.2,0.0,24.0,207.2,Seedling,0,0.16,0.06
III,Nueva Ecija,Science City of Muñoz,2024-11-07,23.4,34.1,77.3,0.0,24.2,224.9,Seedling,1,0.03,0.08
III,Nueva Ecija,Science City of Muñoz,2024-11-08,23.9,34.0,75.2,0.0,24.0,228.7,Seedling,0,0.1,0.21
III,Nueva Ecija,Science City of Muñoz,2024-11-09,24.0,32.1,73.8,0.0,22.8,233.0,Seedling,0,0.05,0.25
III,Nueva Ecija,Science City of Muñoz,2024-11-10,23.8,32.0,77.2,0.0,23.3,220.4,Seedling,0,0.11,0.05
III,Nueva Ecija,Science City of Muñoz,2024-11-11,24.5,33.4,74.9,0.0,23.9,221.1,Seedling,0,0.12,0.32
III,Nueva Ecija,Science City of Muñoz,2024-11-12,24.7,32.2,76.7,17.6,23.8,204.0,Seedling,0,0.19,0.12
III,Nueva Ecija,Science City of Muñoz,2024-11-13,24.4,32.5,73.8,0.0,23.2,224.2,Seedling,0,0.16,0.0
III,Nueva Ecija,Science City of Muñoz,2024-11-14,23.8,33.8,77.1,10.9,24.2,224.58333333333331,Seedling,0,0.09,0.18
III,Nueva Ecija,Science City of Muñoz,2024-11-15,23.6,34.5,72.1,0.0,23.5,224.96666666666667,Seedling,0,0.08,0.17
III,Nueva Ecija,Science City of Muñoz,2024-11-16,23.5,34.1,73.2,0.0,23.4,225.35,Seedling,0,0.17,0.0
III,Nueva Ecija,Science City of Muñoz,2024-11-17,23.7,34.1,74.6,0.0,23.8,225.73333333333332,Seedling,0,0.05,0.28
III,Nueva Ecija,Science City of Muñoz,2024-11-18,24.3,33.1,76.6,0.0,24.0,226.11666666666667,Seedling,0,0.0,0.14
III,Nueva Ecija,Science City of Muñoz,2024-11-19,23.6,32.7,75.2,0.0,23.2,226.5,Seedling,0,0.17,0.07
III,Nueva Ecija,Science City of Muñoz,2024-11-20,23.4,33.0,81.0,4.5,24.4,218.0,Seedling,0,0.07,0.16
III,Nueva Ecija,Science City of Muñoz,2024-11-21,23.7,31.5,80.1,9.6,23.6,243.1,Seedling,0,0.1,0.0
III,Nueva Ecija,Science City of Muñoz,2024-11-22,23.4,31.8,78.8,20.8,23.4,204.4,Seedling,0,0.1,0.0
III,Nueva Ecija,Science City of Muñoz,2024-11-23,24.0,32.1,73.2,0.0,22.7,226.7,Seedling,0,0.23,0.0
III,Nueva Ecija,Science City of Muñoz,2024-11-24,24.1,32.8,74.7,0.0,23.4,223.0,Seedling,0,0.0,0.0
III,Nueva Ecija,Science City of Muñoz,2024-11-25,24.3,31.8,73.8,0.0,22.8,217.2,Seedling,0,0.0,0.11
III,Nueva Ecija,Science City of Muñoz,2024-11-26,25.0,33.1,80.3,5.2,25.1,237.2,Seedling,0,0.13,0.0
III,Nueva Ecija,Science City of Muñoz,2024-11-27,24.4,32.4,76.0,11.9,23.6,223.4,Seedling,0,0.15,0.02
III,Nueva Ecija,Science City of Muñoz,2024-11-28,24.4,32.6,70.6,0.0,22.6,228.0,Seedling,0,0.09,0.16
III,Nueva Ecija,Science City of Muñoz,2024-11-29,23.6,34.1,74.4,13.6,23.7,225.4,Seedling,0,0.11,0.0
III,Nueva Ecija,Science City of Muñoz,2024-11-30,23.4,34.0,74.8,11.8,23.7,216.6,Seedling,0,0.0,0.04
III,Nueva Ecija,Science City of Muñoz,2024-12-01,23.8,33.6,71.1,6.0,22.9,235.1,Seedling,0,0.01,0.34
III,Nueva Ecija,Science City of Muñoz,2024-12-02,24.2,32.9,65.9,0.0,21.7,232.5,Seedling,0,0.07,0.0
III,Nueva Ecija,Science City of Muñoz,2024-12-03,22.7,33.4,67.8,0.0,21.6,243.1,Seedling,0,0.2,0.0
III,Nueva Ecija,Science City of Muñoz,2024-12-04,22.3,34.5,67.6,0.0,21.9,233.8,Seedling,0,0.05,0.07
III,Nueva Ecija,Science City of Muñoz,2024-12-05,22.0,34.1,68.1,0.7,21.7,223.1,Seedling,0,0.04,0.16
III,Nueva Ecija,Science City of Muñoz,2024-12-06,22.3,33.6,67.3,0.0,21.4,232.1,Seedling,0,0.0,0.14
III,Nueva Ecija,Science City of Muñoz,2024-12-07,22.2,34.5,70.1,0.0,22.4,222.2,Seedling,1,0.0,0.01
III,Nueva Ecija,Science City of Muñoz,2024-12-08,21.9,32.8,73.2,26.3,22.0,198.2,Seedling,1,0.19,0.18
III,Nueva Ecija,Science City of Muñoz,2024-12-09,22.7,34.6,67.7,0.0,22.2,218.4,Seedling,1,0.0,0.21
III,Nueva Ecija,Science City of Muñoz,2024-12-10,22.8,34.9,66.7,0.0,22.2,226.8,Seedling,1,0.0,0.03
III,Nueva Ecija,Science City of Muñoz,2024-12-11,23.4,32.6,70.9,0.0,22.2,226.0,Seedling,1,1.28,0.08
III,Nueva Ecija,Science City of Muñoz,2024-12-12,22.0,33.1,74.1,9.6,22.4,214.5,Seedling,1,0.44,0.15
III,Nueva Ecija,Science City of Muñoz,2024-12-13,22.6,32.8,71.4,0.0,22.0,229.2,Seedling,1,0.19,0.06
III,Nueva Ecija,Science City of Muñoz,2024-12-14,22.7,32.2,71.7,0.0,21.8,246.8,Seedling,1,0.92,0.15
III,Nueva Ecija,Science City of Muñoz,2024-12-15,22.8,32.5,71.5,0.0,22.0,215.5,Seedling,1,0.47,0.14
III,Nueva Ecija,Science City of Muñoz,2024-12-16,23.6,32.6,73.7,0.0,22.8,235.4,Seedling,1,0.42,0.13
III,Nueva Ecija,Science City of Muñoz,2024-12-17,22.3,33.5,72.9,0.0,22.5,241.1,Seedling,0,0.38,0.06
III,Nueva Ecija,Science City of Muñoz,2024-12-18,23.3,32.7,71.1,0.0,22.2,226.0,Seedling,1,0.95,0.17
III,Nueva Ecija,Science City of Muñoz,2024-12-19,22.7,32.6,64.8,0.0,20.6,229.7,Seedling,2,0.14,0.14
III,Nueva Ecija,Science City of Muñoz,2024-12-20,22.2,33.1,70.6,3.1,21.8,228.6,Seedling,0,0.44,0.11
III,Nueva Ecija,Science City of Muñoz,2024-12-21,23.2,32.6,64.9,0.0,20.9,235.8,Seedling,3,0.0,0.08
III,Nueva Ecija,Science City of Muñoz,2024-12-22,23.2,32.3,69.8,0.0,21.7,235.8,Seedling,0,0.67,0.17
III,Nueva Ecija,Science City of Muñoz,2024-12-23,22.6,32.4,68.4,0.0,21.2,238.0,Tillering,2,0.97,0.0
III,Nueva Ecija,Science City of Muñoz,2024-12-24,21.9,32.2,71.7,0.0,21.4,226.7,Tillering,2,0.78,0.0
III,Nueva Ecija,Science City of Muñoz,2024-12-25,22.1,32.2,70.9,0.0,21.3,238.1,Tillering,5,0.04,0.06
III,Nueva Ecija,Science City of Muñoz,2024-12-26,21.8,31.7,68.1,0.0,20.4,229.4,Tillering,1,0.0,0.17
III,Nueva Ecija,Science City of Muñoz,2024-12-27,21.5,31.1,66.1,0.0,19.5,220.0,Tillering,3,0.71,0.05
III,Nueva Ecija,Science City of Muñoz,2024-12-28,21.3,31.4,72.3,3.6,20.8,225.7,Tillering,3,0.25,0.03
III,Nueva Ecija,Science City of Muñoz,2024-12-29,22.2,31.5,71.1,1.8,21.1,231.6,Tillering,0,0.0,0.18
III,Nueva Ecija,Science City of Muñoz,2024-12-30,22.6,32.2,68.3,0.0,21.1,226.7,Tillering,4,0.04,0.13
III,Nueva Ecija,Science City of Muñoz,2024-12-31,22.0,31.9,67.8,0.0,20.5,220.8,Tillering,2,0.24,0.0
