Region,Province,Municipality,Date,Rice_Growth_Stage,BPH_Hoppers_per_Hill,RSB_Dead_Hearts_Pct,RSB_White_Ears_Pct
III,Pampanga,Arayat,2019-01-01,Tillering,4.0,0.42,0.18
III,Pampanga,Arayat,2019-01-02,Tillering,3.0,0.51,0.13
III,Pampanga,Arayat,2019-01-03,Tillering,3.0,1.13,0.04
III,Pampanga,Arayat,2019-01-04,Tillering,0.0,0.0,0.06
III,Pampanga,Arayat,2019-01-05,Tillering,0.0,0.42,0.09
III,Pampanga,Arayat,2019-01-06,Tillering,1.0,0.1,0.12
III,Pampanga,Arayat,2019-01-07,Tillering,3.0,0.36,0.13
III,Pampanga,Arayat,2019-01-08,Tillering,5.0,0.0,0.13
III,Pampanga,Arayat,2019-01-09,Tillering,1.0,0.74,0.0
III,Pampanga,Arayat,2019-01-10,Tillering,2.0,0.2,0.11
III,Pampanga,Arayat,2019-01-11,Tillering,4.0,1.77,0.05
III,Pampanga,Arayat,2019-01-12,Tillering,1.0,1.51,0.16
III,Pampanga,Arayat,2019-01-13,Tillering,3.0,0.23,0.21
III,Pampanga,Arayat,2019-01-14,Tillering,4.0,0.48,0.1
III,Pampanga,Arayat,2019-01-15,Tillering,7.0,0.47,0.1
III,Pampanga,Arayat,2019-01-16,Tillering,3.0,0.11,0.01
III,Pampanga,Arayat,2019-01-17,Elongation,0.0,1.27,0.17
III,Pampanga,Arayat,2019-01-18,Elongation,2.0,0.45,0.01
III,Pampanga,Arayat,2019-01-19,Elongation,1.0,0.71,0.19
III,Pampanga,Arayat,2019-01-20,Elongation,5.0,0.68,0.09
III,Pampanga,Arayat,2019-01-21,Elongation,1.0,0.16,0.0
III,Pampanga,Arayat,2019-01-22,Elongation,3.0,0.0,0.13
III,Pampanga,Arayat,2019-01-23,Elongation,2.0,0.51,0.0
III,Pampanga,Arayat,2019-01-24,Elongation,4.0,3.1,0.04
III,Pampanga,Arayat,2019-01-25,Elongation,2.0,4.3,0.05
III,Pampanga,Arayat,2019-01-26,Elongation,1.0,,0.05
III,Pampanga,Arayat,2019-01-27,Elongation,3.0,,0.08
III,Pampanga,Arayat,2019-01-28,Elongation,2.0,4.85,0.15
III,Pampanga,Arayat,2019-01-29,Elongation,1.0,6.33,0.0
III,Pampanga,Arayat,2019-01-30,Elongation,0.0,5.16,0.14
III,Pampanga,Arayat,2019-01-31,Elongation,0.0,6.75,0.17
III,Pampanga,Arayat,2019-02-01,Elongation,2.0,5.18,0.05
III,Pampanga,Arayat,2019-02-02,Elongation,2.0,4.25,0.07
III,Pampanga,Arayat,2019-02-03,Elongation,2.0,,0.02
III,Pampanga,Arayat,2019-02-04,Elongation,2.0,,0.1
III,Pampanga,Arayat,2019-02-05,Elongation,6.0,,0.12
III,Pampanga,Arayat,2019-02-06,Panicle,2.0,,7.44
III,Pampanga,Arayat,2019-02-07,Panicle,2.0,0.11,
III,Pampanga,Arayat,2019-02-08,Panicle,2.0,0.18,
III,Pampanga,Arayat,2019-02-09,Panicle,2.0,0.05,
III,Pampanga,Arayat,2019-02-10,Panicle,1.0,0.22,5.1
III,Pampanga,Arayat,2019-02-11,Panicle,2.0,0.14,3.07
III,Pampanga,Arayat,2019-02-12,Panicle,1.0,0.1,2.64
III,Pampanga,Arayat,2019-02-13,Panicle,3.0,0.33,2.94
III,Pampanga,Arayat,2019-02-14,Panicle,2.0,0.11,4.27
III,Pampanga,Arayat,2019-02-15,Panicle,2.0,0.13,3.97
III,Pampanga,Arayat,2019-02-16,Panicle,2.0,0.18,5.11
III,Pampanga,Arayat,2019-02-17,Panicle,1.0,0.07,4.06
III,Pampanga,Arayat,2019-02-18,Panicle,0.0,0.09,4.49
III,Pampanga,Arayat,2019-02-19,Panicle,0.0,0.06,3.91
III,Pampanga,Arayat,2019-02-20,Panicle,0.0,0.1,1.13
III,Pampanga,Arayat,2019-02-21,Panicle,2.0,0.0,0.74
III,Pampanga,Arayat,2019-02-22,Flowering,0.0,0.12,0.91
III,Pampanga,Arayat,2019-02-23,Flowering,1.0,0.15,0.19
III,Pampanga,Arayat,2019-02-24,Flowering,0.0,0.04,0.45
III,Pampanga,Arayat,2019-02-25,Flowering,1.0,0.0,1.88
III,Pampanga,Arayat,2019-02-26,Flowering,1.0,0.04,1.87
III,Pampanga,Arayat,2019-02-27,Flowering,3.0,0.05,0.73
III,Pampanga,Arayat,2019-02-28,Flowering,2.0,0.1,0.58
III,Pampanga,Arayat,2019-03-01,Flowering,1.0,0.07,0.0
III,Pampanga,Arayat,2019-03-02,Flowering,1.0,0.06,0.36
III,Pampanga,Arayat,2019-03-03,Flowering,0.0,0.01,0.99
III,Pampanga,Arayat,2019-03-04,Flowering,1.0,0.08,0.47
III,Pampanga,Arayat,2019-03-05,Flowering,1.0,,0.35
III,Pampanga,Arayat,2019-03-06,Flowering,0.0,,2.19
III,Pampanga,Arayat,2019-03-07,Flowering,1.0,,1.07
III,Pampanga,Arayat,2019-03-08,Flowering,2.0,,0.0
III,Pampanga,Arayat,2019-03-09,Ripening,0.0,0.15,1.35
III,Pampanga,Arayat,2019-03-10,Ripening,2.0,0.11,0.0
III,Pampanga,Arayat,2019-03-11,Ripening,0.0,0.19,0.0
III,Pampanga,Arayat,2019-03-12,Ripening,0.0,0.05,0.0
III,Pampanga,Arayat,2019-03-13,Ripening,1.0,0.06,1.21
III,Pampanga,Arayat,2019-03-14,Ripening,0.0,0.0,0.31
III,Pampanga,Arayat,2019-03-15,Ripening,2.0,0.18,0.78
III,Pampanga,Arayat,2019-03-16,Ripening,0.0,0.13,0.0
III,Pampanga,Arayat,2019-03-17,Ripening,1.0,0.11,1.1
III,Pampanga,Arayat,2019-03-18,Ripening,1.0,0.1,0.0
III,Pampanga,Arayat,2019-03-19,Ripening,0.0,0.1,0.0
III,Pampanga,Arayat,2019-03-20,Ripening,0.0,0.09,0.0
III,Pampanga,Arayat,2019-03-21,Ripening,0.0,0.11,0.45
III,Pampanga,Arayat,2019-03-22,Ripening,0.0,0.09,1.34
III,Pampanga,Arayat,2019-03-23,Ripening,2.0,0.18,1.38
III,Pampanga,Arayat,2019-03-24,Ripening,4.0,0.0,1.93
III,Pampanga,Arayat,2019-03-25,Ripening,1.0,0.07,0.59
III,Pampanga,Arayat,2019-03-26,Ripening,8.0,0.08,1.51
III,Pampanga,Arayat,2019-03-27,Ripening,5.0,0.15,3.01
III,Pampanga,Arayat,2019-03-28,Ripening,2.0,0.08,3.93
III,Pampanga,Arayat,2019-03-29,Ripening,6.0,0.12,3.83
III,Pampanga,Arayat,2019-03-30,Ripening,8.0,0.15,3.68
III,Pampanga,Arayat,2019-03-31,Ripening,10.0,0.16,4.41
III,Pampanga,Arayat,2019-04-01,Ripening,8.0,0.09,2.86
III,Pampanga,Arayat,2019-04-02,Ripening,4.0,0.03,3.9
III,Pampanga,Arayat,2019-04-03,Ripening,11.0,0.06,4.68
III,Pampanga,Arayat,2019-04-04,Ripening,0.0,0.06,0.13
III,Pampanga,Arayat,2019-04-05,Ripening,0.0,0.1,0.0
III,Pampanga,Arayat,2019-04-06,Ripening,0.0,0.23,0.19
III,Pampanga,Arayat,2019-04-07,Ripening,0.0,0.05,0.01
III,Pampanga,Arayat,2019-04-08,Ripening,0.0,0.08,0.0
III,Pampanga,Arayat,2019-04-09,Ripening,0.0,0.0,0.03
III,Pampanga,Arayat,2019-04-10,Ripening,0.0,0.02,0.08
III,Pampanga,Arayat,2019-04-11,Ripening,0.0,0.0,0.07
III,Pampanga,Arayat,2019-04-12,Ripening,0.0,0.04,0.13
III,Pampanga,Arayat,2019-04-13,Ripening,0.0,0.0,0.04
III,Pampanga,Arayat,2019-04-14,Ripening,0.0,0.04,0.0
III,Pampanga,Arayat,2019-04-15,Ripening,0.0,0.16,0.14
III,Pampanga,Arayat,2019-04-16,Ripening,0.0,0.08,0.07
III,Pampanga,Arayat,2019-04-17,Ripening,0.0,0.11,0.01
III,Pampanga,Arayat,2019-04-18,Ripening,0.0,0.0,0.21
III,Pampanga,Arayat,2019-04-19,Ripening,0.0,0.15,0.09
III,Pampanga,Arayat,2019-04-20,Ripening,1.0,0.1,0.1
III,Pampanga,Arayat,2019-04-21,Ripening,0.0,0.02,0.09
III,Pampanga,Arayat,2019-04-22,Ripening,0.0,0.21,0.0
III,Pampanga,Arayat,2019-04-23,Ripening,0.0,0.17,0.08
III,Pampanga,Arayat,2019-04-24,Ripening,0.0,0.24,0.06
III,Pampanga,Arayat,2019-04-25,Ripening,0.0,0.15,0.1
III,Pampanga,Arayat,2019-04-26,Ripening,0.0,0.22,0.0
III,Pampanga,Arayat,2019-04-27,Ripening,0.0,0.03,0.14
III,Pampanga,Arayat,2019-04-28,Ripening,0.0,0.2,0.01
III,Pampanga,Arayat,2019-04-29,Ripening,0.0,0.05,0.09
III,Pampanga,Arayat,2019-04-30,Ripening,0.0,0.2,0.0
III,Pampanga,Arayat,2019-05-01,Ripening,0.0,0.11,0.0
III,Pampanga,Arayat,2019-05-02,Ripening,0.0,0.04,0.25
III,Pampanga,Arayat,2019-05-03,Ripening,1.0,0.03,0.0
III,Pampanga,Arayat,2019-05-04,Seedling,0.0,0.12,0.01
III,Pampanga,Arayat,2019-05-05,Seedling,0.0,0.0,0.11
III,Pampanga,Arayat,2019-05-06,seedling,0.0,0.0,
III,Pampanga,Arayat,2019-05-07,Seedling,0.0,0.01,
III,Pampanga,Arayat,2019-05-08,Seedling,0.0,0.0,
III,Pampanga,Arayat,2019-05-09,Seedling,0.0,0.15,0.07
III,Pampanga,Arayat,2019-05-10,Seedling,0.0,0.21,
III,Pampanga,Arayat,2019-05-11,Seedling,0.0,0.13,
III,Pampanga,Arayat,2019-05-12,Seedling,0.0,0.0,
III,Pampanga,Arayat,2019-05-13,Seedling,0.0,0.06,0.12
III,Pampanga,Arayat,2019-05-14,Seedling,0.0,0.0,0.04
III,Pampanga,Arayat,2019-05-15,Seedling,0.0,0.14,0.0
III,Pampanga,Arayat,2019-05-16,Seedling,0.0,0.04,0.02
III,Pampanga,Arayat,2019-05-17,Seedling,0.0,0.01,0.0
III,Pampanga,Arayat,2019-05-18,Seedling,0.0,0.01,0.17
III,Pampanga,Arayat,2019-05-19,Seedling,0.0,0.08,0.16
III,Pampanga,Arayat,2019-05-20,Seedling,0.0,0.04,0.16
III,Pampanga,Arayat,2019-05-21,Seedling,0.0,0.06,0.18
III,Pampanga,Arayat,2019-05-22,Seedling,0.0,0.12,0.11
III,Pampanga,Arayat,2019-05-23,Seedling,0.0,0.0,0.16
III,Pampanga,Arayat,2019-05-24,Seedling,0.0,0.09,0.23
III,Pampanga,Arayat,2019-05-25,Seedling,0.0,0.18,0.19
III,Pampanga,Arayat,2019-05-26,Seedling,0.0,0.18,0.08
III,Pampanga,Arayat,2019-05-27,Seedling,0.0,0.15,0.18
III,Pampanga,Arayat,2019-05-28,Seedling,0.0,0.11,0.0
III,Pampanga,Arayat,2019-05-29,Seedling,0.0,0.17,0.0
III,Pampanga,Arayat,2019-05-30,Seedling,0.0,0.0,0.0
III,Pampanga,Arayat,2019-05-31,Seedling,0.0,0.05,0.17
III,Pampanga,Arayat,2019-06-01,Seedling,0.0,0.1,0.14
III,Pampanga,Arayat,2019-06-02,Seedling,0.0,0.11,0.2
III,Pampanga,Arayat,2019-06-03,Seedling,10.0,2.08,0.09
III,Pampanga,Arayat,2019-06-04,Seedling,3.0,1.96,0.14
III,Pampanga,Arayat,2019-06-05,Seedling,9.0,0.0,0.12
III,Pampanga,Arayat,2019-06-06,Seedling,6.0,0.03,0.04
III,Pampanga,Arayat,2019-06-07,Seedling,11.0,0.89,0.19
III,Pampanga,Arayat,2019-06-08,Seedling,11.0,0.0,0.08
III,Pampanga,Arayat,2019-06-09,Seedling,14.0,0.79,0.01
III,Pampanga,Arayat,2019-06-10,Seedling,15.0,0.67,0.0
III,Pampanga,Arayat,2019-06-11,Seedling,12.0,1.02,0.2
III,Pampanga,Arayat,2019-06-12,Seedling,13.0,0.5,0.2
III,Pampanga,Arayat,2019-06-13,Seedling,25.0,0.21,0.1
III,Pampanga,Arayat,2019-06-14,Seedling,23.0,0.23,0.02
III,Pampanga,Arayat,2019-06-15,Seedling,23.0,0.68,0.1
III,Pampanga,Arayat,2019-06-16,Seedling,18.0,0.0,0.05
III,Pampanga,Arayat,2019-06-17,Seedling,15.0,0.69,0.01
III,Pampanga,Arayat,2019-06-18,Tillering,37.0,0.69,0.09
III,Pampanga,Arayat,2019-06-19,Tillering,31.0,0.28,0.28
III,Pampanga,Arayat,2019-06-20,Tillering,30.0,0.39,0.05
III,Pampanga,Arayat,2019-06-21,Tillering,22.0,0.51,0.13
III,Pampanga,Arayat,2019-06-22,Tillering,27.0,0.41,0.14
III,Pampanga,Arayat,2019-06-23,Tillering,19.0,0.51,0.06
III,Pampanga,Arayat,2019-06-24,Tillering,16.0,0.81,0.08
III,Pampanga,Arayat,2019-06-25,Tillering,21.0,0.32,0.04
III,Pampanga,Arayat,2019-06-26,Tillering,7.0,0.0,0.0
III,Pampanga,Arayat,2019-06-27,Tillering,8.0,0.82,0.15
III,Pampanga,Arayat,2019-06-28,Tillering,4.0,0.04,0.15
III,Pampanga,Arayat,2019-06-29,Tillering,4.0,0.35,0.0
III,Pampanga,Arayat,2019-06-30,Tillering,3.0,0.35,
III,Pampanga,Arayat,2019-07-01,Tillering,1.0,0.58,
III,Pampanga,Arayat,2019-07-02,Tillering,2.0,0.0,
III,Pampanga,Arayat,2019-07-03,Tillering,3.0,1.45,
III,Pampanga,Arayat,2019-07-04,Tillering,4.0,0.21,
III,Pampanga,Arayat,2019-07-05,Tillering,2.0,0.6,0.01
III,Pampanga,Arayat,2019-07-06,Tillering,2.0,0.27,0.0
III,Pampanga,Arayat,2019-07-07,Tillering,1.0,0.26,0.16
III,Pampanga,Arayat,2019-07-08,Tillering,2.0,0.62,0.11
III,Pampanga,Arayat,2019-07-09,Tillering,2.0,1.37,0.03
III,Pampanga,Arayat,2019-07-10,Tillering,4.0,1.47,
III,Pampanga,Arayat,2019-07-11,Tillering,1.0,0.51,
III,Pampanga,Arayat,2019-07-12,Elongation,2.0,3.71,
III,Pampanga,Arayat,2019-07-13,Elongation,3.0,3.28,
III,Pampanga,Arayat,2019-07-14,Elongation,4.0,4.39,
III,Pampanga,Arayat,2019-07-15,Elongation,4.0,3.99,0.13
III,Pampanga,Arayat,2019-07-16,Elongation,5.0,3.51,0.1
III,Pampanga,Arayat,2019-07-17,Elongation,0.0,3.04,0.0
III,Pampanga,Arayat,2019-07-18,Elongation,2.0,1.61,0.0
III,Pampanga,Arayat,2019-07-19,Elongation,3.0,0.69,0.06
III,Pampanga,Arayat,2019-07-20,Elongation,1.0,1.1,0.04
III,Pampanga,Arayat,2019-07-21,Elongation,1.0,0.29,0.06
III,Pampanga,Arayat,2019-07-22,Elongation,3.0,0.0,0.22
III,Pampanga,Arayat,2019-07-23,Elongation,2.0,0.94,0.09
III,Pampanga,Arayat,2019-07-24,Elongation,5.0,0.36,0.1
III,Pampanga,Arayat,2019-07-25,Elongation,4.0,0.75,0.08
III,Pampanga,Arayat,2019-07-26,Elongation,6.0,1.3,0.13
III,Pampanga,Arayat,2019-07-27,Elongation,10.0,0.16,0.04
III,Pampanga,Arayat,2019-07-28,Elongation,9.0,0.77,0.06
III,Pampanga,Arayat,2019-07-29,Elongation,9.0,0.0,0.15
III,Pampanga,Arayat,2019-07-30,Elongation,7.0,0.13,0.16
III,Pampanga,Arayat,2019-07-31,Panicle,5.0,0.17,1.55
III,Pampanga,Arayat,2019-08-01,Panicle,6.0,0.18,3.18
III,Pampanga,Arayat,2019-08-02,Panicle,4.0,0.1,2.82
III,Pampanga,Arayat,2019-08-03,Panicle,7.0,0.19,5.37
III,Pampanga,Arayat,2019-08-04,Panicle,15.0,0.12,4.24
III,Pampanga,Arayat,2019-08-05,Panicle,16.0,0.07,5.63
III,Pampanga,Arayat,2019-08-06,Panicle,15.0,0.01,7.18
III,Pampanga,Arayat,2019-08-07,Panicle,21.0,0.0,9.6
III,Pampanga,Arayat,2019-08-08,Panicle,15.0,0.11,10.39
III,Pampanga,Arayat,2019-08-09,Panicle,21.0,0.0,12.47
III,Pampanga,Arayat,2019-08-10,Panicle,6.0,0.0,12.48
III,Pampanga,Arayat,2019-08-11,Panicle,13.0,0.09,12.25
III,Pampanga,Arayat,2019-08-12,Panicle,16.0,0.0,12.59
III,Pampanga,Arayat,2019-08-13,Panicle,8.0,0.1,12.58
III,Pampanga,Arayat,2019-08-14,Panicle,13.0,0.06,14.42
III,Pampanga,Arayat,2019-08-15,Flowering,10.0,0.22,6.73
III,Pampanga,Arayat,2019-08-16,Flowering,18.0,0.06,6.93
III,Pampanga,Arayat,2019-08-17,Flowering,15.0,0.12,5.29
III,Pampanga,Arayat,2019-08-18,Flowering,19.0,0.07,5.45
III,Pampanga,Arayat,2019-08-19,Flowering,18.0,0.11,5.27
III,Pampanga,Arayat,2019-08-20,Flowering,25.0,0.0,3.39
III,Pampanga,Arayat,2019-08-21,Flowering,11.0,0.06,3.7
III,Pampanga,Arayat,2019-08-22,Flowering,9.0,0.12,2.89
III,Pampanga,Arayat,2019-08-23,Flowering,5.0,0.15,2.82
III,Pampanga,Arayat,2019-08-24,Flowering,6.0,0.21,2.43
III,Pampanga,Arayat,2019-08-25,Flowering,15.0,0.09,1.23
III,Pampanga,Arayat,2019-08-26,Flowering,15.0,0.22,1.63
III,Pampanga,Arayat,2019-08-27,Flowering,11.0,0.04,0.42
III,Pampanga,Arayat,2019-08-28,Flowering,10.0,0.11,1.11
III,Pampanga,Arayat,2019-08-29,Ripening,5.0,0.15,0.02
III,Pampanga,Arayat,2019-08-30,Ripening,4.0,0.03,0.0
III,Pampanga,Arayat,2019-08-31,Ripening,4.0,0.02,0.0
III,Pampanga,Arayat,2019-09-01,Ripening,4.0,0.14,0.0
III,Pampanga,Arayat,2019-09-02,Ripening,1.0,0.16,0.81
III,Pampanga,Arayat,2019-09-03,Ripening,2.0,0.1,0.0
III,Pampanga,Arayat,2019-09-04,Ripening,1.0,0.06,2.01
III,Pampanga,Arayat,2019-09-05,Ripening,0.0,0.09,0.77
III,Pampanga,Arayat,2019-09-06,Ripening,7.0,0.01,0.0
III,Pampanga,Arayat,2019-09-07,Ripening,2.0,0.0,0.34
III,Pampanga,Arayat,2019-09-08,Ripening,0.0,0.1,0.83
III,Pampanga,Arayat,2019-09-09,Ripening,1.0,0.18,0.53
III,Pampanga,Arayat,2019-09-10,Ripening,0.0,0.18,1.01
III,Pampanga,Arayat,2019-09-11,Ripening,5.0,0.2,0.43
III,Pampanga,Arayat,2019-09-12,Ripening,1.0,0.21,0.54
III,Pampanga,Arayat,2019-09-13,Ripening,7.0,0.09,0.04
III,Pampanga,Arayat,2019-09-14,Ripening,3.0,0.0,0.0
III,Pampanga,Arayat,2019-09-15,Ripening,4.0,0.01,0.0
III,Pampanga,Arayat,2019-09-16,Ripening,7.0,0.01,0.7
III,Pampanga,Arayat,2019-09-17,Ripening,7.0,0.09,1.18
III,Pampanga,Arayat,2019-09-18,Ripening,5.0,0.04,0.85
III,Pampanga,Arayat,2019-09-19,Ripening,4.0,0.01,2.86
III,Pampanga,Arayat,2019-09-20,Ripening,4.0,0.1,0.32
III,Pampanga,Arayat,2019-09-21,Ripening,3.0,0.01,0.44
III,Pampanga,Arayat,2019-09-22,Ripening,0.0,0.04,0.1
III,Pampanga,Arayat,2019-09-23,Ripening,0.0,0.27,0.11
III,Pampanga,Arayat,2019-09-24,Ripening,0.0,0.04,0.0
III,Pampanga,Arayat,2019-09-25,Ripening,0.0,0.15,0.15
III,Pampanga,Arayat,2019-09-26,Ripening,0.0,0.01,0.17
III,Pampanga,Arayat,2019-09-27,Ripening,0.0,0.38,0.07
III,Pampanga,Arayat,2019-09-28,Ripening,0.0,0.13,0.0
III,Pampanga,Arayat,2019-09-29,Ripening,0.0,0.17,0.11
III,Pampanga,Arayat,2019-09-30,Ripening,0.0,0.12,0.0
III,Pampanga,Arayat,2019-10-01,Ripening,0.0,0.02,0.15
III,Pampanga,Arayat,2019-10-02,Ripening,0.0,0.13,0.1
III,Pampanga,Arayat,2019-10-03,Ripening,0.0,0.24,0.15
III,Pampanga,Arayat,2019-10-04,Ripening,0.0,0.06,0.0
III,Pampanga,Arayat,2019-10-05,Ripening,0.0,0.07,0.0
III,Pampanga,Arayat,2019-10-06,Ripening,0.0,0.31,0.09
III,Pampanga,Arayat,2019-10-07,Ripening,0.0,0.15,0.06
III,Pampanga,Arayat,2019-10-08,Ripening,0.0,0.04,0.1
III,Pampanga,Arayat,2019-10-09,Ripening,0.0,0.09,0.14
III,Pampanga,Arayat,2019-10-10,Ripening,0.0,0.0,0.08
III,Pampanga,Arayat,2019-10-11,Ripening,0.0,0.09,0.0
III,Pampanga,Arayat,2019-10-12,Ripening,0.0,0.13,0.14
III,Pampanga,Arayat,2019-10-13,Ripening,0.0,0.13,0.25
III,Pampanga,Arayat,2019-10-14,Ripening,0.0,0.23,0.11
III,Pampanga,Arayat,2019-10-15,Ripening,0.0,0.06,0.15
III,Pampanga,Arayat,2019-10-16,Ripening,0.0,0.13,0.0
III,Pampanga,Arayat,2019-10-17,Ripening,0.0,0.0,0.1
III,Pampanga,Arayat,2019-10-18,Ripening,0.0,0.06,0.06
III,Pampanga,Arayat,2019-10-19,Ripening,0.0,0.0,0.23
III,Pampanga,Arayat,2019-10-20,Ripening,0.0,0.0,0.03
III,Pampanga,Arayat,2019-10-21,Ripening,0.0,0.09,0.0
III,Pampanga,Arayat,2019-10-22,Ripening,0.0,0.1,0.08
III,Pampanga,Arayat,2019-10-23,Ripening,0.0,0.11,0.06
III,Pampanga,Arayat,2019-10-24,Ripening,0.0,0.0,0.15
III,Pampanga,Arayat,2019-10-25,Ripening,0.0,0.04,0.11
III,Pampanga,Arayat,2019-10-26,Ripening,0.0,0.26,0.03
III,Pampanga,Arayat,2019-10-27,Ripening,0.0,0.0,0.17
III,Pampanga,Arayat,2019-10-28,Ripening,0.0,0.15,0.22
III,Pampanga,Arayat,2019-10-29,Ripening,0.0,0.0,0.12
III,Pampanga,Arayat,2019-10-30,Seedling,0.0,0.03,0.07
III,Pampanga,Arayat,2019-10-31,Seedling,0.0,0.05,0.07
III,Pampanga,Arayat,2019-11-01,Seedling,0.0,0.01,0.09
III,Pampanga,Arayat,2019-11-02,Seedling,0.0,0.03,0.02
III,Pampanga,Arayat,2019-11-03,Seedling,0.0,0.03,0.06
III,Pampanga,Arayat,2019-11-04,Seedling,0.0,0.15,0.13
III,Pampanga,Arayat,2019-11-05,Seedling,0.0,0.16,0.09
III,Pampanga,Arayat,2019-11-06,Seedling,0.0,0.05,0.0
III,Pampanga,Arayat,2019-11-07,Seedling,0.0,0.13,0.06
III,Pampanga,Arayat,2019-11-08,Seedling,0.0,0.01,0.18
III,Pampanga,Arayat,2019-11-09,Seedling,0.0,0.08,0.02
III,Pampanga,Arayat,2019-11-10,Seedling,0.0,0.08,0.17
III,Pampanga,Arayat,2019-11-11,Seedling,0.0,0.1,0.02
III,Pampanga,Arayat,2019-11-12,Seedling,0.0,0.09,0.0
III,Pampanga,Arayat,2019-11-13,Seedling,0.0,0.07,0.04
III,Pampanga,Arayat,2019-11-14,Seedling,0.0,0.03,0.11
III,Pampanga,Arayat,2019-11-15,Seedling,1.0,0.25,0.07
III,Pampanga,Arayat,2019-11-16,Seedling,0.0,0.03,0.07
III,Pampanga,Arayat,2019-11-17,Seedling,0.0,0.0,0.19
III,Pampanga,Arayat,2019-11-18,Seedling,0.0,0.07,0.11
III,Pampanga,Arayat,2019-11-19,Seedling,0.0,0.08,0.02
III,Pampanga,Arayat,2019-11-20,Seedling,0.0,0.0,0.07
III,Pampanga,Arayat,2019-11-21,Seedling,0.0,0.06,0.07
III,Pampanga,Arayat,2019-11-22,Seedling,0.0,0.11,0.09
III,Pampanga,Arayat,2019-11-23,Seedling,0.0,0.02,0.0
III,Pampanga,Arayat,2019-11-24,Seedling,0.0,0.18,0.1
III,Pampanga,Arayat,2019-11-25,Seedling,0.0,0.0,0.15
III,Pampanga,Arayat,2019-11-26,Seedling,0.0,0.13,0.0
III,Pampanga,Arayat,2019-11-27,Seedling,0.0,0.07,0.09
III,Pampanga,Arayat,2019-11-28,Seedling,0.0,0.16,0.04
III,Pampanga,Arayat,2019-11-29,Seedling,0.0,0.06,0.0
III,Pampanga,Arayat,2019-11-30,Seedling,0.0,0.12,0.1
III,Pampanga,Arayat,2019-12-01,Seedling,0.0,0.05,0.09
III,Pampanga,Arayat,2019-12-02,Seedling,0.0,0.15,0.0
III,Pampanga,Arayat,2019-12-03,Seedling,0.0,0.0,0.12
III,Pampanga,Arayat,2019-12-04,Seedling,0.0,0.07,0.06
III,Pampanga,Arayat,2019-12-05,Seedling,0.0,0.13,0.0
III,Pampanga,Arayat,2019-12-06,Seedling,0.0,0.0,0.09
III,Pampanga,Arayat,2019-12-07,Seedling,1.0,0.22,0.08
III,Pampanga,Arayat,2019-12-08,Seedling,1.0,0.0,0.07
III,Pampanga,Arayat,2019-12-09,Seedling,1.0,0.55,0.17
III,Pampanga,Arayat,2019-12-10,Seedling,1.0,0.08,0.12
III,Pampanga,Arayat,2019-12-11,Seedling,1.0,0.05,0.06
III,Pampanga,Arayat,2019-12-12,Seedling,0.0,0.63,0.0
III,Pampanga,Arayat,2019-12-13,Seedling,2.0,0.36,0.15
III,Pampanga,Arayat,2019-12-14,Seedling,2.0,0.46,0.2
III,Pampanga,Arayat,2019-12-15,Seedling,1.0,0.0,0.08
III,Pampanga,Arayat,2019-12-16,Seedling,0.0,0.23,0.01
III,Pampanga,Arayat,2019-12-17,Seedling,0.0,0.85,0.17
III,Pampanga,Arayat,2019-12-18,Seedling,0.0,1.16,0.03
III,Pampanga,Arayat,2019-12-19,Seedling,2.0,0.67,0.18
III,Pampanga,Arayat,2019-12-20,Seedling,0.0,0.64,0.16
III,Pampanga,Arayat,2019-12-21,Seedling,4.0,0.0,0.0
III,Pampanga,Arayat,2019-12-22,Tillering,1.0,1.28,0.1
III,Pampanga,Arayat,2019-12-23,Tillering,0.0,0.66,0.03
III,Pampanga,Arayat,2019-12-24,Tillering,0.0,0.49,0.07
III,Pampanga,Arayat,2019-12-25,Tillering,4.0,0.29,0.11
III,Pampanga,Arayat,2019-12-26,Tillering,5.0,1.16,0.14
III,Pampanga,Arayat,2019-12-27,Tillering,0.0,0.0,0.09
III,Pampanga,Arayat,2019-12-28,Tillering,0.0,0.96,0.05
III,Pampanga,Arayat,2019-12-29,Tillering,1.0,0.87,0.04
III,Pampanga,Arayat,2019-12-30,Tillering,0.0,1.79,0.07
III,Pampanga,Arayat,2019-12-31,Tillering,1.0,1.84,0.06
III,Pampanga,Arayat,2020-01-01,Tillering,3.0,2.97,0.16
III,Pampanga,Arayat,2020-01-02,Tillering,3.0,3.17,0.15
III,Pampanga,Arayat,2020-01-03,Tillering,2.0,2.46,0.0
III,Pampanga,Arayat,2020-01-04,Tillering,4.0,3.21,0.13
III,Pampanga,Arayat,2020-01-05,Tillering,0.0,3.08,0.17
III,Pampanga,Arayat,2020-01-06,Tillering,2.0,2.44,0.16
III,Pampanga,Arayat,2020-01-07,Tillering,2.0,3.81,0.0
III,Pampanga,Arayat,2020-01-08,Tillering,1.0,2.06,0.11
III,Pampanga,Arayat,2020-01-09,Tillering,0.0,1.87,0.24
III,Pampanga,Arayat,2020-01-10,Tillering,1.0,2.16,0.21
III,Pampanga,Arayat,2020-01-11,Tillering,3.0,0.47,0.16
III,Pampanga,Arayat,2020-01-12,Tillering,2.0,0.55,0.14
III,Pampanga,Arayat,2020-01-13,Tillering,4.0,0.6,0.14
III,Pampanga,Arayat,2020-01-14,Tillering,0.0,0.99,0.16
III,Pampanga,Arayat,2020-01-15,Tillering,1.0,1.17,0.16
III,Pampanga,Arayat,2020-01-16,Elongation,0.0,0.03,0.08
III,Pampanga,Arayat,2020-01-17,Elongation,1.0,0.65,0.03
III,Pampanga,Arayat,2020-01-18,Elongation,5.0,0.42,0.22
III,Pampanga,Arayat,2020-01-19,Elongation,2.0,0.88,0.16
III,Pampanga,Arayat,2020-01-20,Elongation,1.0,,0.03
III,Pampanga,Arayat,2020-01-21,Elongation,3.0,,0.07
III,Pampanga,Arayat,2020-01-22,Elongation,2.0,,0.07
III,Pampanga,Arayat,2020-01-23,Elongation,2.0,,0.12
III,Pampanga,Arayat,2020-01-24,Elongation,0.0,1.39,0.09
III,Pampanga,Arayat,2020-01-25,Elongation,4.0,,0.08
III,Pampanga,Arayat,2020-01-26,Elongation,5.0,,0.11
III,Pampanga,Arayat,2020-01-27,Elongation,3.0,,0.13
III,Pampanga,Arayat,2020-01-28,Elongation,5.0,,0.03
III,Pampanga,Arayat,2020-01-29,Elongation,1.0,,0.12
III,Pampanga,Arayat,2020-01-30,Elongation,3.0,2.07,0.12
III,Pampanga,Arayat,2020-01-31,Elongation,0.0,3.43,0.11
III,Pampanga,Arayat,2020-02-01,Elongation,3.0,2.3,0.21
III,Pampanga,Arayat,2020-02-02,Elongation,2.0,2.6,0.08
III,Pampanga,Arayat,2020-02-03,Elongation,1.0,1.64,0.23
III,Pampanga,Arayat,2020-02-04,Elongation,1.0,1.06,0.3
III,Pampanga,Arayat,2020-02-05,Panicle,2.0,0.15,2.06
III,Pampanga,Arayat,2020-02-06,Panicle,0.0,0.04,1.38
III,Pampanga,Arayat,2020-02-07,Panicle,1.0,0.03,1.29
III,Pampanga,Arayat,2020-02-08,Panicle,1.0,0.05,0.0
III,Pampanga,Arayat,2020-02-09,Panicle,3.0,0.08,1.56
III,Pampanga,Arayat,2020-02-10,Panicle,2.0,0.07,1.4
III,Pampanga,Arayat,2020-02-11,Panicle,2.0,0.0,1.44
III,Pampanga,Arayat,2020-02-12,Panicle,1.0,0.0,1.09
III,Pampanga,Arayat,2020-02-13,Panicle,1.0,0.0,1.32
III,Pampanga,Arayat,2020-02-14,Panicle,1.0,0.16,1.66
III,Pampanga,Arayat,2020-02-15,Panicle,1.0,0.12,1.03
III,Pampanga,Arayat,2020-02-16,Panicle,0.0,0.14,0.4
III,Pampanga,Arayat,2020-02-17,Panicle,2.0,0.12,0.0
III,Pampanga,Arayat,2020-02-18,Panicle,1.0,0.03,1.2
III,Pampanga,Arayat,2020-02-19,Panicle,0.0,0.0,0.09
III,Pampanga,Arayat,2020-02-20,Flowering,2.0,0.02,0.19
III,Pampanga,Arayat,2020-02-21,Flowering,1.0,0.07,0.73
III,Pampanga,Arayat,2020-02-22,Flowering,0.0,0.13,0.28
III,Pampanga,Arayat,2020-02-23,Flowering,3.0,0.1,0.6
III,Pampanga,Arayat,2020-02-24,Flowering,2.0,0.06,1.61
III,Pampanga,Arayat,2020-02-25,Flowering,0.0,0.0,0.0
III,Pampanga,Arayat,2020-02-26,Flowering,2.0,0.05,0.38
III,Pampanga,Arayat,2020-02-27,Flowering,0.0,0.11,1.45
III,Pampanga,Arayat,2020-02-28,Flowering,4.0,0.14,1.2
III,Pampanga,Arayat,2020-02-29,Flowering,1.0,0.02,0.68
III,Pampanga,Arayat,2020-03-01,Flowering,2.0,0.07,0.0
III,Pampanga,Arayat,2020-03-02,Flowering,3.0,0.15,2.03
III,Pampanga,Arayat,2020-03-03,Flowering,1.0,0.15,0.36
III,Pampanga,Arayat,2020-03-04,Flowering,3.0,0.13,0.0
III,Pampanga,Arayat,2020-03-05,Ripening,1.0,0.15,0.0
III,Pampanga,Arayat,2020-03-06,Ripening,1.0,0.17,0.05
III,Pampanga,Arayat,2020-03-07,Ripening,1.0,0.19,0.0
III,Pampanga,Arayat,2020-03-08,Ripening,0.0,0.04,0.67
III,Pampanga,Arayat,2020-03-09,Ripening,0.0,0.15,0.43
III,Pampanga,Arayat,2020-03-10,Ripening,0.0,0.15,0.0
III,Pampanga,Arayat,2020-03-11,Ripening,0.0,0.02,0.28
III,Pampanga,Arayat,2020-03-12,Ripening,1.0,0.17,1.01
III,Pampanga,Arayat,2020-03-13,Ripening,3.0,0.24,1.59
III,Pampanga,Arayat,2020-03-14,Ripening,3.0,0.0,0.39
III,Pampanga,Arayat,2020-03-15,Ripening,6.0,0.16,0.5
III,Pampanga,Arayat,2020-03-16,Ripening,2.0,0.1,0.57
III,Pampanga,Arayat,2020-03-17,Ripening,10.0,0.09,0.88
III,Pampanga,Arayat,2020-03-18,Ripening,5.0,0.0,0.35
III,Pampanga,Arayat,2020-03-19,Ripening,4.0,0.03,0.01
III,Pampanga,Arayat,2020-03-20,Ripening,4.0,0.16,0.04
III,Pampanga,Arayat,2020-03-21,Ripening,5.0,0.14,0.0
III,Pampanga,Arayat,2020-03-22,Ripening,3.0,0.21,0.0
III,Pampanga,Arayat,2020-03-23,Ripening,2.0,0.06,0.0
III,Pampanga,Arayat,2020-03-24,Ripening,3.0,0.17,1.43
III,Pampanga,Arayat,2020-03-25,Ripening,3.0,0.0,0.0
III,Pampanga,Arayat,2020-03-26,Ripening,5.0,0.13,1.4
III,Pampanga,Arayat,2020-03-27,Ripening,3.0,0.07,0.0
III,Pampanga,Arayat,2020-03-28,Ripening,0.0,0.0,0.0
III,Pampanga,Arayat,2020-03-29,Ripening,7.0,0.2,1.82
III,Pampanga,Arayat,2020-03-30,Ripening,0.0,0.04,0.0
III,Pampanga,Arayat,2020-03-31,Ripening,0.0,0.02,0.05
III,Pampanga,Arayat,2020-04-01,Ripening,1.0,0.08,0.16
III,Pampanga,Arayat,2020-04-02,Ripening,0.0,0.18,0.15
III,Pampanga,Arayat,2020-04-03,Ripening,0.0,0.09,0.14
III,Pampanga,Arayat,2020-04-04,Ripening,0.0,0.17,0.07
III,Pampanga,Arayat,2020-04-05,Ripening,0.0,0.13,0.0
III,Pampanga,Arayat,2020-04-06,Ripening,0.0,0.16,0.0
III,Pampanga,Arayat,2020-04-07,Ripening,0.0,0.12,0.28
III,Pampanga,Arayat,2020-04-08,Ripening,0.0,0.04,0.09
III,Pampanga,Arayat,2020-04-09,Ripening,0.0,0.04,0.1
III,Pampanga,Arayat,2020-04-10,Ripening,0.0,0.17,0.13
III,Pampanga,Arayat,2020-04-11,Ripening,0.0,0.07,0.13
III,Pampanga,Arayat,2020-04-12,Ripening,0.0,0.0,0.11
III,Pampanga,Arayat,2020-04-13,Ripening,0.0,0.0,0.0
III,Pampanga,Arayat,2020-04-14,Ripening,0.0,0.13,0.0
III,Pampanga,Arayat,2020-04-15,Ripening,0.0,0.15,0.0
III,Pampanga,Arayat,2020-04-16,Ripening,0.0,0.11,0.03
III,Pampanga,Arayat,2020-04-17,Ripening,0.0,0.12,0.0
III,Pampanga,Arayat,2020-04-18,Ripening,0.0,0.13,0.1
III,Pampanga,Arayat,2020-04-19,Ripening,0.0,0.12,0.06
III,Pampanga,Arayat,2020-04-20,Ripening,0.0,0.2,0.12
III,Pampanga,Arayat,2020-04-21,Ripening,0.0,0.14,0.14
III,Pampanga,Arayat,2020-04-22,Ripening,0.0,0.0,0.09
III,Pampanga,Arayat,2020-04-23,Ripening,0.0,0.14,0.03
III,Pampanga,Arayat,2020-04-24,Ripening,0.0,0.02,0.19
III,Pampanga,Arayat,2020-04-25,Ripening,0.0,0.02,0.03
III,Pampanga,Arayat,2020-04-26,Ripening,0.0,0.07,0.25
III,Pampanga,Arayat,2020-04-27,Ripening,0.0,0.0,0.0
III,Pampanga,Arayat,2020-04-28,Ripening,1.0,0.08,0.22
III,Pampanga,Arayat,2020-04-29,Ripening,0.0,0.1,0.03
III,Pampanga,Arayat,2020-04-30,Seedling,0.0,0.1,0.04
III,Pampanga,Arayat,2020-05-01,Seedling,0.0,0.05,0.13
III,Pampanga,Arayat,2020-05-02,Seedling,0.0,0.12,0.16
III,Pampanga,Arayat,2020-05-03,Seedling,0.0,0.09,0.09
III,Pampanga,Arayat,2020-05-04,Seedling,0.0,0.15,0.12
III,Pampanga,Arayat,2020-05-05,Seedling,0.0,0.08,0.04
III,Pampanga,Arayat,2020-05-06,Seedling,0.0,0.07,0.0
III,Pampanga,Arayat,2020-05-07,Seedling,0.0,0.08,0.26
III,Pampanga,Arayat,2020-05-08,Seedling,1.0,0.11,0.03
III,Pampanga,Arayat,2020-05-09,Seedling,0.0,0.15,0.14
III,Pampanga,Arayat,2020-05-10,Seedling,1.0,0.24,0.04
III,Pampanga,Arayat,2020-05-11,Seedling,,0.0,0.06
III,Pampanga,Arayat,2020-05-12,Seedling,,0.08,0.03
III,Pampanga,Arayat,2020-05-13,Seedling,0.0,0.07,0.12
III,Pampanga,Arayat,2020-05-14,Seedling,0.0,0.0,0.03
III,Pampanga,Arayat,2020-05-15,Seedling,0.0,0.2,0.03
III,Pampanga,Arayat,2020-05-16,Seedling,0.0,0.08,0.12
III,Pampanga,Arayat,2020-05-17,Seedling,0.0,0.04,0.16
III,Pampanga,Arayat,2020-05-18,Seedling,0.0,0.08,0.13
III,Pampanga,Arayat,2020-05-19,Seedling,0.0,0.03,0.17
III,Pampanga,Arayat,2020-05-20,Seedling,0.0,0.12,0.27
III,Pampanga,Arayat,2020-05-21,Seedling,0.0,0.01,0.19
III,Pampanga,Arayat,2020-05-22,Seedling,0.0,0.03,0.0
III,Pampanga,Arayat,2020-05-23,Seedling,0.0,0.0,0.0
III,Pampanga,Arayat,2020-05-24,Seedling,0.0,0.14,0.06
III,Pampanga,Arayat,2020-05-25,Seedling,0.0,0.18,0.21
III,Pampanga,Arayat,2020-05-26,Seedling,0.0,0.07,0.09
III,Pampanga,Arayat,2020-05-27,Seedling,0.0,0.0,0.12
III,Pampanga,Arayat,2020-05-28,Seedling,0.0,0.07,0.0
III,Pampanga,Arayat,2020-05-29,Seedling,0.0,0.0,0.07
III,Pampanga,Arayat,2020-05-30,Seedling,0.0,0.01,0.0
III,Pampanga,Arayat,2020-05-31,Seedling,0.0,0.21,0.16
III,Pampanga,Arayat,2020-06-01,Seedling,0.0,0.98,0.09
III,Pampanga,Arayat,2020-06-02,Seedling,2.0,0.09,0.01
III,Pampanga,Arayat,2020-06-03,Seedling,2.0,0.19,0.09
III,Pampanga,Arayat,2020-06-04,Seedling,2.0,1.03,0.03
III,Pampanga,Arayat,2020-06-05,Seedling,4.0,0.53,0.21
III,Pampanga,Arayat,2020-06-06,Seedling,5.0,0.21,0.0
III,Pampanga,Arayat,2020-06-07,Seedling,3.0,1.06,0.0
III,Pampanga,Arayat,2020-06-08,Seedling,7.0,1.05,0.04
III,Pampanga,Arayat,2020-06-09,Seedling,9.0,0.58,0.08
III,Pampanga,Arayat,2020-06-10,Seedling,13.0,1.65,0.15
III,Pampanga,Arayat,2020-06-11,Seedling,4.0,1.64,0.16
III,Pampanga,Arayat,2020-06-12,Seedling,9.0,2.84,0.02
III,Pampanga,Arayat,2020-06-13,Seedling,11.0,1.45,0.1
III,Pampanga,Arayat,2020-06-14,Seedling,13.0,1.01,0.02
III,Pampanga,Arayat,2020-06-15,Seedling,15.0,0.56,0.09
III,Pampanga,Arayat,2020-06-16,Tillering,44.0,1.53,0.11
III,Pampanga,Arayat,2020-06-17,Tillering,,1.44,0.09
III,Pampanga,Arayat,2020-06-18,Tillering,,0.59,0.01
III,Pampanga,Arayat,2020-06-19,Tillering,,0.98,0.11
III,Pampanga,Arayat,2020-06-20,Tillering,,0.14,0.07
III,Pampanga,Arayat,2020-06-21,Tillering,,0.0,0.22
III,Pampanga,Arayat,2020-06-22,Tillering,35.0,0.23,0.2
III,Pampanga,Arayat,2020-06-23,Tillering,33.0,0.17,0.0
III,Pampanga,Arayat,2020-06-24,Tillering,32.0,0.9,0.0
III,Pampanga,Arayat,2020-06-25,Tillering,32.0,0.08,0.0
III,Pampanga,Arayat,2020-06-26,Tillering,37.0,0.72,0.04
III,Pampanga,Arayat,2020-06-27,Tillering,33.0,0.0,0.0
III,Pampanga,Arayat,2020-06-28,Tillering,35.0,0.0,0.09
III,Pampanga,Arayat,2020-06-29,Tillering,35.0,0.74,0.08
III,Pampanga,Arayat,2020-06-30,Tillering,38.0,0.25,0.01
III,Pampanga,Arayat,2020-07-01,Tillering,26.0,,0.08
III,Pampanga,Arayat,2020-07-02,Tillering,38.0,,0.02
III,Pampanga,Arayat,2020-07-03,Tillering,38.0,,0.2
III,Pampanga,Arayat,2020-07-04,Tillering,33.0,,0.12
III,Pampanga,Arayat,2020-07-05,Tillering,24.0,0.39,0.07
III,Pampanga,Arayat,2020-07-06,Tillering,34.0,0.34,0.11
III,Pampanga,Arayat,2020-07-07,Tillering,32.0,0.0,0.0
III,Pampanga,Arayat,2020-07-08,Tillering,41.0,0.1,0.16
III,Pampanga,Arayat,2020-07-09,Tillering,51.0,0.39,0.25
III,Pampanga,Arayat,2020-07-10,Tillering,65.0,0.59,0.12
III,Pampanga,Arayat,2020-07-11,Tillering,53.0,0.54,0.19
III,Pampanga,Arayat,2020-07-12,Elongation,48.0,0.98,0.0
III,Pampanga,Arayat,2020-07-13,Elongation,38.0,0.72,0.1
III,Pampanga,Arayat,2020-07-14,Elongation,43.0,0.52,0.1
III,Pampanga,Arayat,2020-07-15,Elongation,45.0,0.95,0.06
III,Pampanga,Arayat,2020-07-16,Elongation,38.0,0.52,0.13
III,Pampanga,Arayat,2020-07-17,Elongation,56.0,1.42,0.11
III,Pampanga,Arayat,2020-07-18,Elongation,45.0,1.26,0.11
III,Pampanga,Arayat,2020-07-19,Elongation,38.0,0.97,0.15
III,Pampanga,Arayat,2020-07-20,Elongation,38.0,0.65,0.2
III,Pampanga,Arayat,2020-07-21,Elongation,38.0,2.03,0.09
III,Pampanga,Arayat,2020-07-22,Elongation,33.0,2.65,0.06
III,Pampanga,Arayat,2020-07-23,Elongation,27.0,4.01,0.08
III,Pampanga,Arayat,2020-07-24,Elongation,25.0,2.55,0.11
III,Pampanga,Arayat,2020-07-25,Elongation,19.0,2.89,0.0
III,Pampanga,Arayat,2020-07-26,Elongation,24.0,2.44,0.03
III,Pampanga,Arayat,2020-07-27,Elongation,23.0,3.95,0.14
III,Pampanga,Arayat,2020-07-28,Elongation,9.0,3.23,0.02
III,Pampanga,Arayat,2020-07-29,Elongation,11.0,4.5,0.19
III,Pampanga,Arayat,2020-07-30,Elongation,10.0,3.87,0.0
III,Pampanga,Arayat,2020-07-31,Elongation,6.0,4.41,0.15
III,Pampanga,Arayat,2020-08-01,Elongation,3.0,4.73,0.22
III,Pampanga,Arayat,2020-08-02,Panicle,4.0,0.06,8.0
III,Pampanga,Arayat,2020-08-03,Panicle,4.0,0.07,7.61
III,Pampanga,Arayat,2020-08-04,Panicle,4.0,0.07,5.71
III,Pampanga,Arayat,2020-08-05,Panicle,6.0,0.0,5.46
III,Pampanga,Arayat,2020-08-06,Panicle,8.0,0.13,4.72
III,Pampanga,Arayat,2020-08-07,Panicle,6.0,0.15,3.4
III,Pampanga,Arayat,2020-08-08,Panicle,9.0,0.0,3.1
III,Pampanga,Arayat,2020-08-09,Panicle,4.0,0.0,2.78
III,Pampanga,Arayat,2020-08-10,Panicle,3.0,0.16,1.38
III,Pampanga,Arayat,2020-08-11,Panicle,7.0,0.07,2.41
III,Pampanga,Arayat,2020-08-12,Panicle,6.0,0.0,1.74
III,Pampanga,Arayat,2020-08-13,Panicle,3.0,0.03,3.26
III,Pampanga,Arayat,2020-08-14,Panicle,3.0,0.14,1.75
III,Pampanga,Arayat,2020-08-15,Panicle,2.0,0.13,1.78
III,Pampanga,Arayat,2020-08-16,Panicle,3.0,0.18,0.38
III,Pampanga,Arayat,2020-08-17,Flowering,1.0,0.07,0.11
III,Pampanga,Arayat,2020-08-18,Flowering,0.0,0.32,0.73
III,Pampanga,Arayat,2020-08-19,Flowering,2.0,0.12,0.82
III,Pampanga,Arayat,2020-08-20,Flowering,3.0,0.2,0.79
III,Pampanga,Arayat,2020-08-21,Flowering,2.0,0.0,0.79
III,Pampanga,Arayat,2020-08-22,Flowering,3.0,0.06,1.88
III,Pampanga,Arayat,2020-08-23,Flowering,0.0,0.15,2.34
III,Pampanga,Arayat,2020-08-24,Flowering,2.0,0.06,0.87
III,Pampanga,Arayat,2020-08-25,Flowering,1.0,0.17,1.83
III,Pampanga,Arayat,2020-08-26,Flowering,1.0,0.13,0.29
III,Pampanga,Arayat,2020-08-27,Flowering,5.0,0.07,1.62
III,Pampanga,Arayat,2020-08-28,Flowering,1.0,0.14,1.07
III,Pampanga,Arayat,2020-08-29,Flowering,0.0,0.12,1.84
III,Pampanga,Arayat,2020-08-30,Flowering,2.0,0.03,1.84
III,Pampanga,Arayat,2020-08-31,Flowering,2.0,0.19,2.76
III,Pampanga,Arayat,2020-09-01,Flowering,1.0,0.11,2.02
III,Pampanga,Arayat,2020-09-02,Ripening,0.0,0.05,0.33
III,Pampanga,Arayat,2020-09-03,Ripening,1.0,0.0,0.43
III,Pampanga,Arayat,2020-09-04,Ripening,2.0,0.06,2.55
III,Pampanga,Arayat,2020-09-05,Ripening,1.0,0.04,0.12
III,Pampanga,Arayat,2020-09-06,Ripening,1.0,0.04,0.8
III,Pampanga,Arayat,2020-09-07,Ripening,0.0,0.0,1.52
III,Pampanga,Arayat,2020-09-08,Ripening,0.0,0.0,1.05
III,Pampanga,Arayat,2020-09-09,Ripening,0.0,0.11,2.78
III,Pampanga,Arayat,2020-09-10,Ripening,2.0,0.11,
III,Pampanga,Arayat,2020-09-11,Ripening,0.0,0.0,
III,Pampanga,Arayat,2020-09-12,Ripening,2.0,0.25,
III,Pampanga,Arayat,2020-09-13,Ripening,0.0,0.0,
III,Pampanga,Arayat,2020-09-14,Ripening,0.0,0.12,2.2
III,Pampanga,Arayat,2020-09-15,Ripening,1.0,0.11,
III,Pampanga,Arayat,2020-09-16,Ripening,1.0,0.08,
III,Pampanga,Arayat,2020-09-17,Ripening,1.0,0.0,0.8
III,Pampanga,Arayat,2020-09-18,Ripening,1.0,0.01,1.16
III,Pampanga,Arayat,2020-09-19,Ripening,0.0,0.18,0.88
III,Pampanga,Arayat,2020-09-20,Ripening,,0.0,1.2
III,Pampanga,Arayat,2020-09-21,Ripening,,0.08,1.03
III,Pampanga,Arayat,2020-09-22,Ripening,,0.24,0.0
III,Pampanga,Arayat,2020-09-23,Ripening,,0.23,1.45
III,Pampanga,Arayat,2020-09-24,Ripening,0.0,0.11,0.49
III,Pampanga,Arayat,2020-09-25,Ripening,1.0,0.12,1.7
III,Pampanga,Arayat,2020-09-26,Ripening,2.0,0.01,2.42
III,Pampanga,Arayat,2020-09-27,Ripening,0.0,0.16,1.06
III,Pampanga,Arayat,2020-09-28,Ripening,0.0,0.16,0.03
III,Pampanga,Arayat,2020-09-29,Ripening,0.0,0.07,0.11
III,Pampanga,Arayat,2020-09-30,Ripening,0.0,0.16,0.23
III,Pampanga,Arayat,2020-10-01,Ripening,0.0,0.0,0.26
III,Pampanga,Arayat,2020-10-02,Ripening,0.0,0.12,0.07
III,Pampanga,Arayat,2020-10-03,Ripening,0.0,0.0,0.11
III,Pampanga,Arayat,2020-10-04,Ripening,0.0,0.2,0.06
III,Pampanga,Arayat,2020-10-05,Ripening,1.0,0.11,0.05
III,Pampanga,Arayat,2020-10-06,Ripening,0.0,0.12,0.08
III,Pampanga,Arayat,2020-10-07,Ripening,0.0,0.25,0.2
III,Pampanga,Arayat,2020-10-08,Ripening,0.0,0.03,0.17
III,Pampanga,Arayat,2020-10-09,Ripening,0.0,0.09,0.0
III,Pampanga,Arayat,2020-10-10,Ripening,1.0,0.01,0.01
III,Pampanga,Arayat,2020-10-11,Ripening,0.0,0.08,0.17
III,Pampanga,Arayat,2020-10-12,Ripening,0.0,0.04,
III,Pampanga,Arayat,2020-10-13,Ripening,0.0,0.15,
III,Pampanga,Arayat,2020-10-14,Ripening,0.0,0.11,
III,Pampanga,Arayat,2020-10-15,Ripening,0.0,0.16,
III,Pampanga,Arayat,2020-10-16,Ripening,0.0,0.09,
III,Pampanga,Arayat,2020-10-17,Ripening,0.0,0.08,0.0
III,Pampanga,Arayat,2020-10-18,Ripening,0.0,0.24,0.08
III,Pampanga,Arayat,2020-10-19,Ripening,0.0,0.0,0.13
III,Pampanga,Arayat,2020-10-20,Ripening,0.0,0.0,0.12
III,Pampanga,Arayat,2020-10-21,Ripening,0.0,0.22,
III,Pampanga,Arayat,2020-10-22,Ripening,0.0,0.17,
III,Pampanga,Arayat,2020-10-23,Ripening,0.0,0.12,
III,Pampanga,Arayat,2020-10-24,Ripening,0.0,0.0,0.0
III,Pampanga,Arayat,2020-10-25,Ripening,0.0,0.08,
III,Pampanga,Arayat,2020-10-26,Ripening,0.0,0.09,
III,Pampanga,Arayat,2020-10-27,Ripening,0.0,0.03,
III,Pampanga,Arayat,2020-10-28,Ripening,0.0,0.03,0.11
III,Pampanga,Arayat,2020-10-29,Ripening,0.0,,0.0
III,Pampanga,Arayat,2020-10-30,Ripening,0.0,,0.13
III,Pampanga,Arayat,2020-10-31,Ripening,0.0,,0.16
III,Pampanga,Arayat,2020-11-01,Seedling,0.0,0.0,0.29
III,Pampanga,Arayat,2020-11-02,Seedling,0.0,0.09,0.05
III,Pampanga,Arayat,2020-11-03,Seedling,0.0,0.12,0.09
III,Pampanga,Arayat,2020-11-04,Seedling,0.0,0.13,0.19
III,Pampanga,Arayat,2020-11-05,Seedling,1.0,0.1,0.05
III,Pampanga,Arayat,2020-11-06,Seedling,0.0,0.05,0.19
III,Pampanga,Arayat,2020-11-07,Seedling,0.0,0.07,0.17
III,Pampanga,Arayat,2020-11-08,Seedling,0.0,0.04,0.06
III,Pampanga,Arayat,2020-11-09,Seedling,0.0,0.06,0.07
III,Pampanga,Arayat,2020-11-10,Seedling,,0.1,0.07
III,Pampanga,Arayat,2020-11-11,Seedling,,0.06,0.06
III,Pampanga,Arayat,2020-11-12,Seedling,0.0,0.07,0.06
III,Pampanga,Arayat,2020-11-13,Seedling,0.0,0.12,0.1
III,Pampanga,Arayat,2020-11-14,Seedling,0.0,0.17,0.0
III,Pampanga,Arayat,2020-11-15,Seedling,0.0,0.02,0.08
III,Pampanga,Arayat,2020-11-16,Seedling,0.0,0.11,0.04
III,Pampanga,Arayat,2020-11-17,Seedling,0.0,0.1,0.2
III,Pampanga,Arayat,2020-11-18,Seedling,0.0,0.01,0.32
III,Pampanga,Arayat,2020-11-19,Seedling,0.0,0.21,0.12
III,Pampanga,Arayat,2020-11-20,Seedling,0.0,0.11,0.03
III,Pampanga,Arayat,2020-11-21,Seedling,0.0,0.02,0.02
III,Pampanga,Arayat,2020-11-22,Seedling,0.0,0.09,0.14
III,Pampanga,Arayat,2020-11-23,Seedling,,0.0,0.08
III,Pampanga,Arayat,2020-11-24,Seedling,,0.17,0.26
III,Pampanga,Arayat,2020-11-25,Seedling,,0.04,0.13
III,Pampanga,Arayat,2020-11-26,Seedling,,0.15,0.01
III,Pampanga,Arayat,2020-11-27,Seedling,,0.17,0.0
III,Pampanga,Arayat,2020-11-28,Seedling,0.0,0.09,0.09
III,Pampanga,Arayat,2020-11-29,Seedling,0.0,0.1,0.08
III,Pampanga,Arayat,2020-11-30,Seedling,0.0,0.07,0.01
III,Pampanga,Arayat,2020-12-01,Seedling,0.0,0.19,0.2
III,Pampanga,Arayat,2020-12-02,Seedling,0.0,0.12,0.04
III,Pampanga,Arayat,2020-12-03,Seedling,0.0,0.02,0.1
III,Pampanga,Arayat,2020-12-04,Seedling,0.0,0.09,0.03
III,Pampanga,Arayat,2020-12-05,Seedling,0.0,0.0,0.04
III,Pampanga,Arayat,2020-12-06,Seedling,0.0,0.3,0.17
III,Pampanga,Arayat,2020-12-07,Seedling,1.0,0.0,0.0
III,Pampanga,Arayat,2020-12-08,Seedling,1.0,0.0,0.09
III,Pampanga,Arayat,2020-12-09,Seedling,0.0,0.0,0.06
III,Pampanga,Arayat,2020-12-10,Seedling,0.0,0.77,0.0
III,Pampanga,Arayat,2020-12-11,Seedling,1.0,1.05,0.07
III,Pampanga,Arayat,2020-12-12,Seedling,0.0,0.0,0.05
III,Pampanga,Arayat,2020-12-13,Seedling,0.0,0.94,0.13
III,Pampanga,Arayat,2020-12-14,Seedling,2.0,0.0,0.16
III,Pampanga,Arayat,2020-12-15,Seedling,1.0,0.54,0.07
III,Pampanga,Arayat,2020-12-16,Seedling,0.0,0.56,0.0
III,Pampanga,Arayat,2020-12-17,Seedling,0.0,0.22,0.08
III,Pampanga,Arayat,2020-12-18,Seedling,5.0,0.41,0.24
III,Pampanga,Arayat,2020-12-19,Seedling,2.0,1.14,0.23
III,Pampanga,Arayat,2020-12-20,Seedling,2.0,0.0,
III,Pampanga,Arayat,2020-12-21,Tillering,2.0,0.82,
III,Pampanga,Arayat,2020-12-22,Tillering,2.0,0.24,
III,Pampanga,Arayat,2020-12-23,Tillering,3.0,1.41,
III,Pampanga,Arayat,2020-12-24,Tillering,1.0,0.0,
III,Pampanga,Arayat,2020-12-25,Tillering,5.0,0.0,0.19
III,Pampanga,Arayat,2020-12-26,Tillering,1.0,0.55,0.01
III,Pampanga,Arayat,2020-12-27,Tillering,1.0,0.22,0.22
III,Pampanga,Arayat,2020-12-28,Tillering,2.0,0.0,0.15
III,Pampanga,Arayat,2020-12-29,Tillering,8.0,0.25,0.16
III,Pampanga,Arayat,2020-12-30,Tillering,3.0,0.22,0.13
III,Pampanga,Arayat,2020-12-31,Tillering,2.0,0.0,0.16
III,Pampanga,Arayat,2021-01-01,Tillering,3.0,0.12,0.0
III,Pampanga,Arayat,2021-01-02,Tillering,2.0,0.1,0.1
III,Pampanga,Arayat,2021-01-03,Tillering,0.0,0.19,0.01
III,Pampanga,Arayat,2021-01-04,Tillering,2.0,0.32,0.09
III,Pampanga,Arayat,2021-01-05,Tillering,2.0,1.06,0.14
III,Pampanga,Arayat,2021-01-06,Tillering,2.0,0.59,0.27
III,Pampanga,Arayat,2021-01-07,Tillering,5.0,0.0,0.03
III,Pampanga,Arayat,2021-01-08,Tillering,4.0,0.5,0.04
III,Pampanga,Arayat,2021-01-09,Tillering,13.0,0.13,
III,Pampanga,Arayat,2021-01-10,Tillering,11.0,0.12,
III,Pampanga,Arayat,2021-01-11,Tillering,13.0,0.46,
III,Pampanga,Arayat,2021-01-12,Tillering,11.0,0.0,
III,Pampanga,Arayat,2021-01-13,Tillering,10.0,0.24,0.06
III,Pampanga,Arayat,2021-01-14,Tillering,3.0,1.17,0.01
III,Pampanga,Arayat,2021-01-15,Tillering,5.0,0.17,0.0
III,Pampanga,Arayat,2021-01-16,Elongation,9.0,0.86,0.05
III,Pampanga,Arayat,2021-01-17,Elongation,2.0,0.17,
III,Pampanga,Arayat,2021-01-18,Elongation,1.0,0.36,
III,Pampanga,Arayat,2021-01-19,Elongation,3.0,1.05,
III,Pampanga,Arayat,2021-01-20,Elongation,4.0,1.19,
III,Pampanga,Arayat,2021-01-21,Elongation,1.0,0.0,
III,Pampanga,Arayat,2021-01-22,Elongation,5.0,0.78,0.06
III,Pampanga,Arayat,2021-01-23,Elongation,2.0,0.0,0.0
III,Pampanga,Arayat,2021-01-24,Elongation,1.0,0.46,0.12
III,Pampanga,Arayat,2021-01-25,Elongation,2.0,0.0,0.06
III,Pampanga,Arayat,2021-01-26,Elongation,0.0,0.79,0.02
III,Pampanga,Arayat,2021-01-27,Elongation,1.0,0.21,0.06
III,Pampanga,Arayat,2021-01-28,Elongation,2.0,1.04,0.21
III,Pampanga,Arayat,2021-01-29,Elongation,2.0,0.64,0.15
III,Pampanga,Arayat,2021-01-30,Elongation,1.0,0.37,0.0
III,Pampanga,Arayat,2021-01-31,Elongation,3.0,0.45,0.17
III,Pampanga,Arayat,2021-02-01,Elongation,2.0,1.55,0.0
III,Pampanga,Arayat,2021-02-02,Elongation,1.0,0.0,0.04
III,Pampanga,Arayat,2021-02-03,Elongation,0.0,0.71,0.02
III,Pampanga,Arayat,2021-02-04,Elongation,0.0,0.79,0.15
III,Pampanga,Arayat,2021-02-05,Panicle,1.0,0.0,0.0
III,Pampanga,Arayat,2021-02-06,Panicle,1.0,0.03,1.04
III,Pampanga,Arayat,2021-02-07,Panicle,0.0,0.21,1.49
III,Pampanga,Arayat,2021-02-08,Panicle,2.0,0.11,0.0
III,Pampanga,Arayat,2021-02-09,Panicle,2.0,0.09,0.52
III,Pampanga,Arayat,2021-02-10,Panicle,0.0,0.11,0.0
III,Pampanga,Arayat,2021-02-11,Panicle,1.0,0.18,1.03
III,Pampanga,Arayat,2021-02-12,Panicle,1.0,0.13,0.07
III,Pampanga,Arayat,2021-02-13,Panicle,3.0,0.0,1.21
III,Pampanga,Arayat,2021-02-14,Panicle,2.0,0.04,0.29
III,Pampanga,Arayat,2021-02-15,Panicle,0.0,0.0,0.69
III,Pampanga,Arayat,2021-02-16,Panicle,1.0,0.04,1.76
III,Pampanga,Arayat,2021-02-17,Panicle,0.0,0.07,2.1
III,Pampanga,Arayat,2021-02-18,Panicle,0.0,0.08,0.79
III,Pampanga,Arayat,2021-02-19,Panicle,2.0,0.15,1.2
III,Pampanga,Arayat,2021-02-20,Panicle,0.0,0.12,0.26
III,Pampanga,Arayat,2021-02-21,Flowering,1.0,0.21,0.0
III,Pampanga,Arayat,2021-02-22,Flowering,0.0,0.01,1.41
III,Pampanga,Arayat,2021-02-23,Flowering,2.0,0.06,0.86
III,Pampanga,Arayat,2021-02-24,Flowering,1.0,0.2,0.0
III,Pampanga,Arayat,2021-02-25,Flowering,1.0,0.02,0.46
III,Pampanga,Arayat,2021-02-26,Flowering,4.0,0.15,0.71
III,Pampanga,Arayat,2021-02-27,Flowering,1.0,0.17,2.89
III,Pampanga,Arayat,2021-02-28,Flowering,1.0,0.12,3.54
III,Pampanga,Arayat,2021-03-01,Flowering,3.0,0.0,3.06
III,Pampanga,Arayat,2021-03-02,Flowering,3.0,0.14,3.31
III,Pampanga,Arayat,2021-03-03,Flowering,1.0,0.07,1.91
III,Pampanga,Arayat,2021-03-04,Flowering,0.0,0.18,1.34
III,Pampanga,Arayat,2021-03-05,Flowering,1.0,0.11,0.49
III,Pampanga,Arayat,2021-03-06,Flowering,2.0,0.12,0.73
III,Pampanga,Arayat,2021-03-07,Flowering,4.0,0.01,1.2
III,Pampanga,Arayat,2021-03-08,Ripening,5.0,0.09,0.0
III,Pampanga,Arayat,2021-03-09,Ripening,3.0,0.1,0.01
III,Pampanga,Arayat,2021-03-10,Ripening,5.0,0.02,1.29
III,Pampanga,Arayat,2021-03-11,Ripening,8.0,0.01,0.8
III,Pampanga,Arayat,2021-03-12,Ripening,12.0,0.0,0.0
III,Pampanga,Arayat,2021-03-13,Ripening,12.0,0.01,0.0
III,Pampanga,Arayat,2021-03-14,Ripening,12.0,0.06,0.35
III,Pampanga,Arayat,2021-03-15,Ripening,15.0,0.0,1.35
III,Pampanga,Arayat,2021-03-16,Ripening,4.0,0.13,0.71
III,Pampanga,Arayat,2021-03-17,Ripening,12.0,0.06,0.44
III,Pampanga,Arayat,2021-03-18,Ripening,5.0,0.13,1.36
III,Pampanga,Arayat,2021-03-19,Ripening,9.0,0.0,0.66
III,Pampanga,Arayat,2021-03-20,Ripening,5.0,0.14,0.76
III,Pampanga,Arayat,2021-03-21,Ripening,8.0,0.01,1.73
III,Pampanga,Arayat,2021-03-22,Ripening,3.0,0.02,2.33
III,Pampanga,Arayat,2021-03-23,Ripening,8.0,0.14,4.49
III,Pampanga,Arayat,2021-03-24,Ripening,9.0,0.06,4.14
III,Pampanga,Arayat,2021-03-25,Ripening,6.0,0.03,7.08
III,Pampanga,Arayat,2021-03-26,Ripening,3.0,0.03,7.85
III,Pampanga,Arayat,2021-03-27,Ripening,4.0,0.14,8.41
III,Pampanga,Arayat,2021-03-28,Ripening,5.0,0.16,9.0
III,Pampanga,Arayat,2021-03-29,Ripening,3.0,0.02,
III,Pampanga,Arayat,2021-03-30,Ripening,2.0,0.11,
III,Pampanga,Arayat,2021-03-31,Ripening,5.0,0.05,
III,Pampanga,Arayat,2021-04-01,Ripening,3.0,0.09,
III,Pampanga,Arayat,2021-04-02,Ripening,3.0,0.21,10.21
III,Pampanga,Arayat,2021-04-03,Ripening,0.0,0.1,0.15
III,Pampanga,Arayat,2021-04-04,Ripening,0.0,0.1,0.14
III,Pampanga,Arayat,2021-04-05,Ripening,0.0,0.1,0.14
III,Pampanga,Arayat,2021-04-06,Ripening,0.0,0.16,0.22
III,Pampanga,Arayat,2021-04-07,Ripening,0.0,0.18,0.1
III,Pampanga,Arayat,2021-04-08,Ripening,0.0,0.0,0.04
III,Pampanga,Arayat,2021-04-09,Ripening,0.0,0.0,0.1
III,Pampanga,Arayat,2021-04-10,Ripening,0.0,0.1,0.0
III,Pampanga,Arayat,2021-04-11,Ripening,0.0,0.2,0.14
III,Pampanga,Arayat,2021-04-12,Ripening,0.0,0.12,0.0
III,Pampanga,Arayat,2021-04-13,Ripening,0.0,0.06,0.09
III,Pampanga,Arayat,2021-04-14,Ripening,0.0,0.07,0.07
III,Pampanga,Arayat,2021-04-15,Ripening,0.0,0.13,0.13
III,Pampanga,Arayat,2021-04-16,Ripening,0.0,0.06,0.02
III,Pampanga,Arayat,2021-04-17,Ripening,0.0,0.09,0.01
III,Pampanga,Arayat,2021-04-18,Ripening,0.0,0.09,0.19
III,Pampanga,Arayat,2021-04-19,Ripening,0.0,0.13,0.05
III,Pampanga,Arayat,2021-04-20,Ripening,0.0,0.07,0.12
III,Pampanga,Arayat,2021-04-21,Ripening,0.0,0.14,0.02
III,Pampanga,Arayat,2021-04-22,Ripening,0.0,0.0,0.2
III,Pampanga,Arayat,2021-04-23,Ripening,0.0,0.02,0.1
III,Pampanga,Arayat,2021-04-24,Ripening,0.0,,0.01
III,Pampanga,Arayat,2021-04-25,Ripening,0.0,,0.15
III,Pampanga,Arayat,2021-04-26,Ripening,0.0,,0.18
III,Pampanga,Arayat,2021-04-27,Ripening,0.0,,0.0
III,Pampanga,Arayat,2021-04-28,Ripening,0.0,0.08,0.01
III,Pampanga,Arayat,2021-04-29,Ripening,0.0,0.16,0.02
III,Pampanga,Arayat,2021-04-30,Ripening,0.0,0.09,0.13
III,Pampanga,Arayat,2021-05-01,Seedling,0.0,0.03,0.04
III,Pampanga,Arayat,2021-05-02,Seedling,0.0,0.09,0.09
III,Pampanga,Arayat,2021-05-03,Seedling,0.0,0.02,0.0
III,Pampanga,Arayat,2021-05-04,Seedling,0.0,0.02,0.13
III,Pampanga,Arayat,2021-05-05,Seedling,0.0,0.03,0.14
III,Pampanga,Arayat,2021-05-06,Seedling,0.0,0.23,0.15
III,Pampanga,Arayat,2021-05-07,Seedling,0.0,0.01,0.13
III,Pampanga,Arayat,2021-05-08,Seedling,0.0,0.06,0.02
III,Pampanga,Arayat,2021-05-09,Seedling,0.0,0.1,0.1
III,Pampanga,Arayat,2021-05-10,Seedling,0.0,0.07,0.06
III,Pampanga,Arayat,2021-05-11,Seedling,0.0,0.05,0.13
III,Pampanga,Arayat,2021-05-12,Seedling,0.0,0.26,0.16
III,Pampanga,Arayat,2021-05-13,Seedling,0.0,0.03,0.05
III,Pampanga,Arayat,2021-05-14,Seedling,0.0,0.1,0.13
III,Pampanga,Arayat,2021-05-15,Seedling,0.0,0.0,0.11
III,Pampanga,Arayat,2021-05-16,Seedling,0.0,0.09,0.08
III,Pampanga,Arayat,2021-05-17,Seedling,0.0,0.2,0.02
III,Pampanga,Arayat,2021-05-18,Seedling,0.0,0.16,0.11
III,Pampanga,Arayat,2021-05-19,Seedling,0.0,0.01,0.04
III,Pampanga,Arayat,2021-05-20,Seedling,0.0,0.05,0.11
III,Pampanga,Arayat,2021-05-21,Seedling,0.0,0.04,0.0
III,Pampanga,Arayat,2021-05-22,Seedling,0.0,0.04,0.13
III,Pampanga,Arayat,2021-05-23,Seedling,0.0,0.14,
III,Pampanga,Arayat,2021-05-24,Seedling,0.0,0.06,
III,Pampanga,Arayat,2021-05-25,Seedling,0.0,0.1,0.14
III,Pampanga,Arayat,2021-05-26,Seedling,0.0,0.09,0.09
III,Pampanga,Arayat,2021-05-27,Seedling,0.0,0.08,0.15
III,Pampanga,Arayat,2021-05-28,Seedling,0.0,0.15,0.15
III,Pampanga,Arayat,2021-05-29,Seedling,4.0,0.0,0.19
III,Pampanga,Arayat,2021-05-30,Seedling,7.0,0.79,0.14
III,Pampanga,Arayat,2021-05-31,Seedling,5.0,0.76,0.05
III,Pampanga,Arayat,2021-06-01,Seedling,5.0,0.9,0.03
III,Pampanga,Arayat,2021-06-02,Seedling,6.0,0.23,0.15
III,Pampanga,Arayat,2021-06-03,Seedling,7.0,0.54,0.12
III,Pampanga,Arayat,2021-06-04,Seedling,7.0,0.96,0.0
III,Pampanga,Arayat,2021-06-05,Seedling,3.0,0.74,0.11
III,Pampanga,Arayat,2021-06-06,Seedling,2.0,1.56,0.16
III,Pampanga,Arayat,2021-06-07,Seedling,1.0,0.36,0.03
III,Pampanga,Arayat,2021-06-08,Seedling,5.0,0.19,0.1
III,Pampanga,Arayat,2021-06-09,Seedling,2.0,0.09,0.26
III,Pampanga,Arayat,2021-06-10,Seedling,0.0,0.17,0.0
III,Pampanga,Arayat,2021-06-11,Seedling,0.0,1.2,0.03
III,Pampanga,Arayat,2021-06-12,Seedling,3.0,0.44,0.11
III,Pampanga,Arayat,2021-06-13,Seedling,1.0,0.42,0.09
III,Pampanga,Arayat,2021-06-14,Tillering,10.0,0.0,0.0
III,Pampanga,Arayat,2021-06-15,Tillering,14.0,0.86,0.27
III,Pampanga,Arayat,2021-06-16,Tillering,16.0,0.0,0.04
III,Pampanga,Arayat,2021-06-17,Tillering,22.0,0.07,0.0
III,Pampanga,Arayat,2021-06-18,Tillering,21.0,0.0,0.05
III,Pampanga,Arayat,2021-06-19,Tillering,20.0,0.58,0.0
III,Pampanga,Arayat,2021-06-20,Tillering,21.0,0.53,0.22
III,Pampanga,Arayat,2021-06-21,Tillering,16.0,0.0,0.0
III,Pampanga,Arayat,2021-06-22,Tillering,25.0,0.65,0.0
III,Pampanga,Arayat,2021-06-23,Tillering,29.0,0.0,0.03
III,Pampanga,Arayat,2021-06-24,Tillering,29.0,2.28,0.06
III,Pampanga,Arayat,2021-06-25,Tillering,35.0,0.46,0.05
III,Pampanga,Arayat,2021-06-26,Tillering,23.0,0.12,0.0
III,Pampanga,Arayat,2021-06-27,Tillering,13.0,0.48,0.06
III,Pampanga,Arayat,2021-06-28,Tillering,13.0,0.59,0.0
III,Pampanga,Arayat,2021-06-29,Tillering,11.0,0.81,0.17
III,Pampanga,Arayat,2021-06-30,Tillering,14.0,0.39,0.15
III,Pampanga,Arayat,2021-07-01,Tillering,14.0,0.46,0.09
III,Pampanga,Arayat,2021-07-02,Tillering,12.0,1.92,0.0
III,Pampanga,Arayat,2021-07-03,Tillering,19.0,2.13,0.19
III,Pampanga,Arayat,2021-07-04,Tillering,7.0,3.21,0.02
III,Pampanga,Arayat,2021-07-05,Tillering,14.0,3.75,0.24
III,Pampanga,Arayat,2021-07-06,Tillering,14.0,4.21,0.0
III,Pampanga,Arayat,2021-07-07,Tillering,12.0,4.27,0.01
III,Pampanga,Arayat,2021-07-08,Tillering,13.0,5.87,0.1
III,Pampanga,Arayat,2021-07-09,Elongation,11.0,9.59,0.06
III,Pampanga,Arayat,2021-07-10,Elongation,17.0,9.09,0.27
III,Pampanga,Arayat,2021-07-11,Elongation,24.0,9.56,0.21
III,Pampanga,Arayat,2021-07-12,Elongation,8.0,8.62,0.16
III,Pampanga,Arayat,2021-07-13,Elongation,15.0,8.48,0.1
III,Pampanga,Arayat,2021-07-14,Elongation,22.0,7.48,0.0
III,Pampanga,Arayat,2021-07-15,Elongation,22.0,8.03,0.06
III,Pampanga,Arayat,2021-07-16,Elongation,13.0,7.44,0.04
III,Pampanga,Arayat,2021-07-17,Elongation,15.0,6.49,0.17
III,Pampanga,Arayat,2021-07-18,Elongation,6.0,6.61,0.21
III,Pampanga,Arayat,2021-07-19,Elongation,1.0,5.7,0.1
III,Pampanga,Arayat,2021-07-20,Elongation,1.0,5.37,0.24
III,Pampanga,Arayat,2021-07-21,Elongation,2.0,4.96,0.0
III,Pampanga,Arayat,2021-07-22,Elongation,5.0,4.41,0.19
III,Pampanga,Arayat,2021-07-23,Elongation,3.0,4.85,0.08
III,Pampanga,Arayat,2021-07-24,Elongation,3.0,3.87,0.09
III,Pampanga,Arayat,2021-07-25,Elongation,5.0,3.19,0.28
III,Pampanga,Arayat,2021-07-26,Elongation,7.0,3.0,0.08
III,Pampanga,Arayat,2021-07-27,Elongation,9.0,3.0,0.04
III,Pampanga,Arayat,2021-07-28,Elongation,8.0,3.01,0.1
III,Pampanga,Arayat,2021-07-29,Panicle,7.0,0.12,4.94
III,Pampanga,Arayat,2021-07-30,Panicle,9.0,0.0,7.16
III,Pampanga,Arayat,2021-07-31,Panicle,8.0,0.0,5.89
III,Pampanga,Arayat,2021-08-01,Panicle,3.0,0.04,5.78
III,Pampanga,Arayat,2021-08-02,Panicle,14.0,0.11,4.77
III,Pampanga,Arayat,2021-08-03,Panicle,9.0,0.0,4.38
III,Pampanga,Arayat,2021-08-04,Panicle,10.0,0.0,4.89
III,Pampanga,Arayat,2021-08-05,Panicle,15.0,0.17,3.9
III,Pampanga,Arayat,2021-08-06,Panicle,23.0,,4.25
III,Pampanga,Arayat,2021-08-07,Panicle,11.0,,2.94
III,Pampanga,Arayat,2021-08-08,Panicle,21.0,0.01,2.83
III,Pampanga,Arayat,2021-08-09,Panicle,18.0,0.1,4.29
III,Pampanga,Arayat,2021-08-10,Panicle,8.0,0.09,2.94
III,Pampanga,Arayat,2021-08-11,Panicle,8.0,0.0,4.23
III,Pampanga,Arayat,2021-08-12,Panicle,11.0,0.0,3.96
III,Pampanga,Arayat,2021-08-13,Panicle,14.0,0.23,4.03
III,Pampanga,Arayat,2021-08-14,Flowering,8.0,0.08,0.65
III,Pampanga,Arayat,2021-08-15,Flowering,10.0,0.14,1.9
III,Pampanga,Arayat,2021-08-16,Flowering,5.0,0.07,2.15
III,Pampanga,Arayat,2021-08-17,Flowering,9.0,0.12,1.2
III,Pampanga,Arayat,2021-08-18,Flowering,9.0,0.2,1.74
III,Pampanga,Arayat,2021-08-19,Flowering,3.0,0.01,0.26
III,Pampanga,Arayat,2021-08-20,Flowering,5.0,0.08,1.19
III,Pampanga,Arayat,2021-08-21,Flowering,6.0,0.09,0.78
III,Pampanga,Arayat,2021-08-22,Flowering,6.0,0.0,0.25
III,Pampanga,Arayat,2021-08-23,Flowering,3.0,0.11,0.0
III,Pampanga,Arayat,2021-08-24,Flowering,1.0,0.23,0.5
III,Pampanga,Arayat,2021-08-25,Flowering,2.0,0.0,1.13
III,Pampanga,Arayat,2021-08-26,Flowering,1.0,0.01,2.0
III,Pampanga,Arayat,2021-08-26,Flowering,1.0,0.01,2.0
III,Pampanga,Arayat,2021-08-27,Flowering,1.0,0.09,0.0
III,Pampanga,Arayat,2021-08-28,Flowering,0.0,0.1,0.88
III,Pampanga,Arayat,2021-08-29,Ripening,2.0,0.0,1.42
III,Pampanga,Arayat,2021-08-30,Ripening,2.0,0.05,1.57
III,Pampanga,Arayat,2021-08-31,Ripening,0.0,0.15,0.0
III,Pampanga,Arayat,2021-09-01,Ripening,1.0,0.09,0.24
III,Pampanga,Arayat,2021-09-02,Ripening,0.0,0.15,0.79
III,Pampanga,Arayat,2021-09-03,Ripening,0.0,0.11,0.38
III,Pampanga,Arayat,2021-09-04,Ripening,1.0,0.03,0.0
III,Pampanga,Arayat,2021-09-05,Ripening,1.0,0.15,0.87
III,Pampanga,Arayat,2021-09-06,Ripening,0.0,0.04,0.46
III,Pampanga,Arayat,2021-09-07,Ripening,0.0,0.13,0.0
III,Pampanga,Arayat,2021-09-08,Ripening,0.0,0.0,0.02
III,Pampanga,Arayat,2021-09-09,Ripening,1.0,0.04,0.36
III,Pampanga,Arayat,2021-09-10,Ripening,0.0,0.07,1.03
III,Pampanga,Arayat,2021-09-11,Ripening,1.0,0.12,0.83
III,Pampanga,Arayat,2021-09-12,Ripening,0.0,0.07,1.15
III,Pampanga,Arayat,2021-09-13,Ripening,2.0,0.05,0.0
III,Pampanga,Arayat,2021-09-14,Ripening,6.0,0.02,1.02
III,Pampanga,Arayat,2021-09-15,Ripening,1.0,0.08,0.7
III,Pampanga,Arayat,2021-09-16,Ripening,3.0,0.03,0.91
III,Pampanga,Arayat,2021-09-17,Ripening,9.0,0.16,0.0
III,Pampanga,Arayat,2021-09-17,Ripening,9.0,0.16,0.0
III,Pampanga,Arayat,2021-09-18,Ripening,6.0,0.11,1.05
III,Pampanga,Arayat,2021-09-19,Ripening,8.0,0.18,0.22
III,Pampanga,Arayat,2021-09-20,Ripening,11.0,0.17,1.67
III,Pampanga,Arayat,2021-09-21,Ripening,7.0,0.02,1.2
III,Pampanga,Arayat,2021-09-22,Ripening,7.0,0.13,0.6
III,Pampanga,Arayat,2021-09-23,Ripening,0.0,0.15,0.04
III,Pampanga,Arayat,2021-09-24,Ripening,0.0,0.05,0.09
III,Pampanga,Arayat,2021-09-25,Ripening,0.0,0.17,0.12
III,Pampanga,Arayat,2021-09-26,Ripening,0.0,0.03,0.03
III,Pampanga,Arayat,2021-09-27,Ripening,0.0,0.11,0.07
III,Pampanga,Arayat,2021-09-28,Ripening,0.0,0.03,0.1
III,Pampanga,Arayat,2021-09-29,Ripening,0.0,0.28,0.24
III,Pampanga,Arayat,2021-09-30,Ripening,0.0,0.08,0.0
III,Pampanga,Arayat,2021-10-01,Ripening,1.0,0.19,0.15
III,Pampanga,Arayat,2021-10-02,Ripening,0.0,0.07,0.03
III,Pampanga,Arayat,2021-10-03,Ripening,0.0,0.05,0.11
III,Pampanga,Arayat,2021-10-04,Ripening,0.0,0.18,0.26
III,Pampanga,Arayat,2021-10-05,Ripening,0.0,0.14,0.06
III,Pampanga,Arayat,2021-10-06,Ripening,1.0,0.15,0.14
III,Pampanga,Arayat,2021-10-07,Ripening,0.0,0.19,0.11
III,Pampanga,Arayat,2021-10-08,Ripening,0.0,0.04,0.05
III,Pampanga,Arayat,2021-10-09,Ripening,0.0,0.1,0.15
III,Pampanga,Arayat,2021-10-10,Ripening,0.0,0.03,0.1
III,Pampanga,Arayat,2021-10-11,Ripening,0.0,0.05,0.21
III,Pampanga,Arayat,2021-10-12,Ripening,0.0,0.11,0.0
III,Pampanga,Arayat,2021-10-13,Ripening,0.0,0.09,0.08
III,Pampanga,Arayat,2021-10-14,Ripening,0.0,0.13,0.2
III,Pampanga,Arayat,2021-10-15,Ripening,0.0,0.1,0.18
III,Pampanga,Arayat,2021-10-16,Ripening,0.0,0.02,0.1
III,Pampanga,Arayat,2021-10-17,Ripening,0.0,0.15,0.01
III,Pampanga,Arayat,2021-10-18,Ripening,0.0,0.06,0.18
III,Pampanga,Arayat,2021-10-19,Ripening,0.0,0.15,0.04
III,Pampanga,Arayat,2021-10-20,Ripening,0.0,0.0,0.2
III,Pampanga,Arayat,2021-10-21,Ripening,0.0,0.09,0.06
III,Pampanga,Arayat,2021-10-22,Ripening,1.0,,0.15
III,Pampanga,Arayat,2021-10-23,Ripening,0.0,,0.22
III,Pampanga,Arayat,2021-10-24,Ripening,0.0,,0.0
III,Pampanga,Arayat,2021-10-25,Ripening,0.0,,0.06
III,Pampanga,Arayat,2021-10-26,Ripening,0.0,0.0,0.13
III,Pampanga,Arayat,2021-10-27,Ripening,0.0,0.27,0.08
III,Pampanga,Arayat,2021-10-28,Seedling,0.0,0.0,0.06
III,Pampanga,Arayat,2021-10-29,Seedling,1.0,0.14,0.1
III,Pampanga,Arayat,2021-10-30,Seedling,0.0,0.13,0.24
III,Pampanga,Arayat,2021-10-31,Seedling,0.0,0.0,0.06
III,Pampanga,Arayat,2021-11-01,Seedling,0.0,0.0,0.06
III,Pampanga,Arayat,2021-11-02,Seedling,0.0,0.0,0.23
III,Pampanga,Arayat,2021-11-03,Seedling,0.0,0.15,0.02
III,Pampanga,Arayat,2021-11-04,Seedling,1.0,0.0,0.08
III,Pampanga,Arayat,2021-11-05,Seedling,0.0,0.2,0.17
III,Pampanga,Arayat,2021-11-06,Seedling,0.0,0.21,0.03
III,Pampanga,Arayat,2021-11-07,Seedling,0.0,0.05,0.0
III,Pampanga,Arayat,2021-11-08,Seedling,0.0,0.08,0.01
III,Pampanga,Arayat,2021-11-09,Seedling,0.0,0.16,0.16
III,Pampanga,Arayat,2021-11-10,Seedling,0.0,0.08,0.0
III,Pampanga,Arayat,2021-11-11,Seedling,0.0,0.21,0.27
III,Pampanga,Arayat,2021-11-12,Seedling,0.0,0.0,0.0
III,Pampanga,Arayat,2021-11-13,Seedling,0.0,0.08,0.17
III,Pampanga,Arayat,2021-11-14,Seedling,0.0,0.03,0.1
III,Pampanga,Arayat,2021-11-15,Seedling,1.0,0.09,
III,Pampanga,Arayat,2021-11-16,Seedling,0.0,0.03,
III,Pampanga,Arayat,2021-11-17,Seedling,0.0,0.04,
III,Pampanga,Arayat,2021-11-18,Seedling,0.0,0.03,
III,Pampanga,Arayat,2021-11-19,Seedling,0.0,0.14,0.0
III,Pampanga,Arayat,2021-11-20,Seedling,0.0,0.05,0.09
III,Pampanga,Arayat,2021-11-21,Seedling,0.0,0.1,0.16
III,Pampanga,Arayat,2021-11-22,Seedling,0.0,0.08,0.0
III,Pampanga,Arayat,2021-11-23,Seedling,0.0,0.17,0.0
III,Pampanga,Arayat,2021-11-24,Seedling,0.0,0.14,0.11
III,Pampanga,Arayat,2021-11-25,Seedling,0.0,0.01,0.1
III,Pampanga,Arayat,2021-11-26,Seedling,0.0,0.0,0.01
III,Pampanga,Arayat,2021-11-27,Seedling,0.0,0.0,0.06
III,Pampanga,Arayat,2021-11-28,Seedling,0.0,0.08,0.22
III,Pampanga,Arayat,2021-11-29,Seedling,0.0,0.11,0.02
III,Pampanga,Arayat,2021-11-30,Seedling,0.0,0.02,0.08
III,Pampanga,Arayat,2021-12-01,Seedling,0.0,0.13,0.1
III,Pampanga,Arayat,2021-12-02,Seedling,1.0,0.61,0.12
III,Pampanga,Arayat,2021-12-03,Seedling,0.0,0.0,0.09
III,Pampanga,Arayat,2021-12-04,Seedling,0.0,0.88,0.1
III,Pampanga,Arayat,2021-12-05,Seedling,0.0,1.36,0.09
III,Pampanga,Arayat,2021-12-06,Seedling,1.0,0.4,0.0
III,Pampanga,Arayat,2021-12-07,Seedling,1.0,0.56,0.16
III,Pampanga,Arayat,2021-12-08,Seedling,0.0,1.22,0.12
III,Pampanga,Arayat,2021-12-09,Seedling,2.0,1.0,0.05
III,Pampanga,Arayat,2021-12-10,Seedling,2.0,0.6,0.09
III,Pampanga,Arayat,2021-12-11,Seedling,1.0,0.17,0.07
III,Pampanga,Arayat,2021-12-12,Seedling,0.0,0.45,0.1
III,Pampanga,Arayat,2021-12-13,Seedling,2.0,0.47,0.05
III,Pampanga,Arayat,2021-12-14,Seedling,3.0,0.09,0.11
III,Pampanga,Arayat,2021-12-15,Seedling,1.0,0.16,0.17
III,Pampanga,Arayat,2021-12-16,Seedling,1.0,0.71,0.01
III,Pampanga,Arayat,2021-12-17,Seedling,4.0,0.33,0.19
III,Pampanga,Arayat,2021-12-18,Tillering,6.0,0.0,0.04
III,Pampanga,Arayat,2021-12-19,Tillering,8.0,0.86,0.03
III,Pampanga,Arayat,2021-12-20,Tillering,5.0,0.63,
III,Pampanga,Arayat,2021-12-21,Tillering,11.0,0.49,
III,Pampanga,Arayat,2021-12-22,Tillering,8.0,0.61,
III,Pampanga,Arayat,2021-12-23,Tillering,11.0,0.49,
III,Pampanga,Arayat,2021-12-24,Tillering,14.0,0.93,
III,Pampanga,Arayat,2021-12-25,Tillering,18.0,0.0,0.07
III,Pampanga,Arayat,2021-12-26,Tillering,12.0,0.0,0.0
III,Pampanga,Arayat,2021-12-27,Tillering,11.0,0.0,0.02
III,Pampanga,Arayat,2021-12-28,Tillering,4.0,0.77,0.04
III,Pampanga,Arayat,2021-12-29,Tillering,1.0,0.81,0.09
III,Pampanga,Arayat,2021-12-30,Tillering,1.0,1.53,0.26
III,Pampanga,Arayat,2021-12-31,Tillering,1.0,0.19,0.12
III,Pampanga,Arayat,2022-01-01,Tillering,1.0,0.25,0.0
III,Pampanga,Arayat,2022-01-02,Tillering,3.0,0.0,0.11
III,Pampanga,Arayat,2022-01-03,Tillering,3.0,0.14,0.24
III,Pampanga,Arayat,2022-01-04,Tillering,0.0,0.11,0.15
III,Pampanga,Arayat,2022-01-05,Tillering,3.0,0.0,0.05
III,Pampanga,Arayat,2022-01-06,Tillering,2.0,0.04,0.0
III,Pampanga,Arayat,2022-01-07,Tillering,3.0,0.25,0.18
III,Pampanga,Arayat,2022-01-08,Tillering,,0.83,0.12
III,Pampanga,Arayat,2022-01-09,Tillering,,0.22,0.2
III,Pampanga,Arayat,2022-01-10,Tillering,,1.35,0.0
III,Pampanga,Arayat,2022-01-11,Tillering,3.0,1.01,0.13
III,Pampanga,Arayat,2022-01-12,Tillering,0.0,0.98,0.1
III,Pampanga,Arayat,2022-01-13,Elongation,0.0,0.14,0.15
III,Pampanga,Arayat,2022-01-14,Elongation,0.0,0.0,0.04
III,Pampanga,Arayat,2022-01-15,Elongation,3.0,0.39,0.17
III,Pampanga,Arayat,2022-01-16,Elongation,3.0,0.5,0.04
III,Pampanga,Arayat,2022-01-17,Elongation,2.0,0.21,0.03
III,Pampanga,Arayat,2022-01-18,Elongation,2.0,0.0,0.04
III,Pampanga,Arayat,2022-01-19,Elongation,2.0,0.59,0.13
III,Pampanga,Arayat,2022-01-20,Elongation,0.0,0.89,0.06
III,Pampanga,Arayat,2022-01-21,Elongation,1.0,0.44,0.15
III,Pampanga,Arayat,2022-01-22,Elongation,3.0,0.61,0.1
III,Pampanga,Arayat,2022-01-23,Elongation,2.0,0.58,0.22
III,Pampanga,Arayat,2022-01-24,Elongation,2.0,1.18,0.15
III,Pampanga,Arayat,2022-01-25,Elongation,0.0,0.46,0.0
III,Pampanga,Arayat,2022-01-26,Elongation,2.0,0.0,0.04
III,Pampanga,Arayat,2022-01-27,Elongation,1.0,0.01,0.12
III,Pampanga,Arayat,2022-01-28,Elongation,3.0,0.48,0.05
III,Pampanga,Arayat,2022-01-29,Elongation,,1.11,0.13
III,Pampanga,Arayat,2022-01-30,Elongation,,0.84,0.13
III,Pampanga,Arayat,2022-01-31,Elongation,0.0,0.37,0.21
III,Pampanga,Arayat,2022-02-01,Elongation,2.0,0.17,0.15
III,Pampanga,Arayat,2022-02-02,Panicle,2.0,0.02,1.09
III,Pampanga,Arayat,2022-02-03,Panicle,0.0,0.0,1.06
III,Pampanga,Arayat,2022-02-04,Panicle,0.0,0.03,0.53
III,Pampanga,Arayat,2022-02-05,Panicle,1.0,0.17,0.0
III,Pampanga,Arayat,2022-02-06,Panicle,1.0,0.02,0.79
III,Pampanga,Arayat,2022-02-07,Panicle,1.0,0.03,2.19
III,Pampanga,Arayat,2022-02-08,Panicle,1.0,0.05,5.22
III,Pampanga,Arayat,2022-02-09,Panicle,3.0,0.26,5.36
III,Pampanga,Arayat,2022-02-10,Panicle,0.0,0.11,6.89
III,Pampanga,Arayat,2022-02-11,Panicle,0.0,0.08,4.63
III,Pampanga,Arayat,2022-02-12,Panicle,1.0,0.11,6.64
III,Pampanga,Arayat,2022-02-13,Panicle,1.0,0.0,5.77
III,Pampanga,Arayat,2022-02-14,Panicle,1.0,0.0,6.76
III,Pampanga,Arayat,2022-02-15,Panicle,1.0,0.15,6.31
III,Pampanga,Arayat,2022-02-16,Panicle,1.0,0.04,3.76
III,Pampanga,Arayat,2022-02-17,Flowering,0.0,0.01,2.31
III,Pampanga,Arayat,2022-02-18,Flowering,2.0,0.21,1.66
III,Pampanga,Arayat,2022-02-19,Flowering,1.0,0.17,2.93
III,Pampanga,Arayat,2022-02-20,Flowering,3.0,0.06,2.46
III,Pampanga,Arayat,2022-02-21,Flowering,0.0,0.11,0.94
III,Pampanga,Arayat,2022-02-22,Flowering,1.0,0.06,0.91
III,Pampanga,Arayat,2022-02-23,Flowering,1.0,0.0,1.32
III,Pampanga,Arayat,2022-02-24,Flowering,0.0,0.0,2.06
III,Pampanga,Arayat,2022-02-25,Flowering,0.0,0.0,1.23
III,Pampanga,Arayat,2022-02-26,Flowering,1.0,0.1,2.54
III,Pampanga,Arayat,2022-02-27,Flowering,0.0,0.0,1.5
III,Pampanga,Arayat,2022-02-28,Flowering,0.0,0.0,2.66
III,Pampanga,Arayat,2022-03-01,Flowering,1.0,0.0,2.94
III,Pampanga,Arayat,2022-03-02,Flowering,0.0,0.1,3.44
III,Pampanga,Arayat,2022-03-03,Flowering,1.0,0.03,2.49
III,Pampanga,Arayat,2022-03-04,Flowering,2.0,0.01,2.63
III,Pampanga,Arayat,2022-03-05,Ripening,0.0,0.19,1.5
III,Pampanga,Arayat,2022-03-06,Ripening,0.0,0.07,1.05
III,Pampanga,Arayat,2022-03-07,Ripening,0.0,0.08,0.08
III,Pampanga,Arayat,2022-03-08,Ripening,1.0,0.27,1.18
III,Pampanga,Arayat,2022-03-09,Ripening,0.0,0.22,0.46
III,Pampanga,Arayat,2022-03-10,Ripening,1.0,0.05,0.0
III,Pampanga,Arayat,2022-03-11,Ripening,0.0,0.03,2.16
III,Pampanga,Arayat,2022-03-12,Ripening,0.0,0.06,0.0
III,Pampanga,Arayat,2022-03-13,Ripening,0.0,0.1,0.0
III,Pampanga,Arayat,2022-03-14,Ripening,,0.09,0.31
III,Pampanga,Arayat,2022-03-15,Ripening,,0.09,0.17
III,Pampanga,Arayat,2022-03-16,Ripening,0.0,0.0,0.71
III,Pampanga,Arayat,2022-03-17,Ripening,0.0,0.18,0.0
III,Pampanga,Arayat,2022-03-18,Ripening,0.0,0.17,0.0
III,Pampanga,Arayat,2022-03-19,Ripening,1.0,0.07,0.0
III,Pampanga,Arayat,2022-03-20,Ripening,0.0,0.0,1.58
III,Pampanga,Arayat,2022-03-21,Ripening,0.0,0.07,0.39
III,Pampanga,Arayat,2022-03-22,Ripening,1.0,0.13,0.87
III,Pampanga,Arayat,2022-03-23,Ripening,0.0,0.16,0.0
III,Pampanga,Arayat,2022-03-24,Ripening,1.0,0.0,0.85
III,Pampanga,Arayat,2022-03-25,Ripening,1.0,0.13,1.02
III,Pampanga,Arayat,2022-03-26,Ripening,1.0,0.0,0.4
III,Pampanga,Arayat,2022-03-27,Ripening,0.0,0.05,0.0
III,Pampanga,Arayat,2022-03-28,Ripening,0.0,0.21,0.48
III,Pampanga,Arayat,2022-03-29,Ripening,1.0,0.18,1.05
III,Pampanga,Arayat,2022-03-30,Ripening,0.0,0.12,0.16
III,Pampanga,Arayat,2022-03-31,Ripening,0.0,0.0,0.04
III,Pampanga,Arayat,2022-04-01,Ripening,0.0,0.07,0.24
III,Pampanga,Arayat,2022-04-02,Ripening,0.0,0.07,0.0
III,Pampanga,Arayat,2022-04-03,Ripening,0.0,0.0,0.19
III,Pampanga,Arayat,2022-04-04,Ripening,0.0,0.02,0.07
III,Pampanga,Arayat,2022-04-05,Ripening,0.0,0.04,0.11
III,Pampanga,Arayat,2022-04-06,Ripening,0.0,0.02,0.13
III,Pampanga,Arayat,2022-04-07,Ripening,0.0,0.26,0.07
III,Pampanga,Arayat,2022-04-08,Ripening,0.0,0.08,0.18
III,Pampanga,Arayat,2022-04-09,Ripening,0.0,0.16,0.15
III,Pampanga,Arayat,2022-04-10,Ripening,0.0,0.01,0.07
III,Pampanga,Arayat,2022-04-11,Ripening,0.0,0.06,0.11
III,Pampanga,Arayat,2022-04-12,Ripening,0.0,0.08,0.06
III,Pampanga,Arayat,2022-04-13,Ripening,0.0,0.02,0.06
III,Pampanga,Arayat,2022-04-14,Ripening,0.0,0.17,0.0
III,Pampanga,Arayat,2022-04-15,Ripening,0.0,0.09,0.0
III,Pampanga,Arayat,2022-04-16,Ripening,0.0,0.04,0.04
III,Pampanga,Arayat,2022-04-17,Ripening,0.0,0.25,0.0
III,Pampanga,Arayat,2022-04-18,Ripening,0.0,0.12,
III,Pampanga,Arayat,2022-04-19,Ripening,0.0,0.0,
III,Pampanga,Arayat,2022-04-20,Ripening,0.0,0.0,
III,Pampanga,Arayat,2022-04-21,Ripening,0.0,0.2,0.18
III,Pampanga,Arayat,2022-04-22,Ripening,0.0,0.07,0.05
III,Pampanga,Arayat,2022-04-23,Ripening,0.0,0.12,0.0
III,Pampanga,Arayat,2022-04-24,Ripening,0.0,0.1,0.15
III,Pampanga,Arayat,2022-04-25,Ripening,0.0,0.02,0.11
III,Pampanga,Arayat,2022-04-26,Ripening,0.0,0.01,0.0
III,Pampanga,Arayat,2022-04-27,Ripening,0.0,0.08,0.15
III,Pampanga,Arayat,2022-04-28,Ripening,1.0,0.0,0.13
III,Pampanga,Arayat,2022-04-29,Ripening,0.0,0.08,0.16
III,Pampanga,Arayat,2022-04-30,Ripening,0.0,0.0,0.16
III,Pampanga,Arayat,2022-05-01,Ripening,0.0,0.09,0.03
III,Pampanga,Arayat,2022-05-02,Ripening,0.0,0.02,0.04
III,Pampanga,Arayat,2022-05-03,Ripening,0.0,0.08,0.03
III,Pampanga,Arayat,2022-05-04,Seedling,0.0,0.05,0.0
III,Pampanga,Arayat,2022-05-05,Seedling,0.0,0.01,0.06
III,Pampanga,Arayat,2022-05-06,Seedling,0.0,0.07,0.08
III,Pampanga,Arayat,2022-05-07,Seedling,0.0,0.02,0.16
III,Pampanga,Arayat,2022-05-08,Seedling,0.0,0.08,0.24
III,Pampanga,Arayat,2022-05-09,Seedling,0.0,0.0,0.18
III,Pampanga,Arayat,2022-05-10,Seedling,0.0,0.06,0.02
III,Pampanga,Arayat,2022-05-11,Seedling,0.0,0.11,0.0
III,Pampanga,Arayat,2022-05-12,Seedling,1.0,0.03,0.29
III,Pampanga,Arayat,2022-05-13,Seedling,0.0,0.0,0.09
III,Pampanga,Arayat,2022-05-14,Seedling,0.0,0.04,0.05
III,Pampanga,Arayat,2022-05-15,Seedling,1.0,0.14,0.0
III,Pampanga,Arayat,2022-05-16,Seedling,0.0,0.05,0.15
III,Pampanga,Arayat,2022-05-17,Seedling,1.0,0.13,0.0
III,Pampanga,Arayat,2022-05-18,Seedling,0.0,0.0,0.03
III,Pampanga,Arayat,2022-05-19,Seedling,0.0,0.07,0.0
III,Pampanga,Arayat,2022-05-20,Seedling,0.0,0.04,0.17
III,Pampanga,Arayat,2022-05-21,Seedling,0.0,0.12,0.02
III,Pampanga,Arayat,2022-05-22,Seedling,0.0,0.0,0.07
III,Pampanga,Arayat,2022-05-23,Seedling,0.0,0.07,0.03
III,Pampanga,Arayat,2022-05-24,Seedling,0.0,0.0,0.11
III,Pampanga,Arayat,2022-05-25,Seedling,0.0,0.22,0.0
III,Pampanga,Arayat,2022-05-26,Seedling,0.0,0.1,0.05
III,Pampanga,Arayat,2022-05-27,Seedling,0.0,0.16,0.02
III,Pampanga,Arayat,2022-05-28,Seedling,0.0,0.0,0.08
III,Pampanga,Arayat,2022-05-29,Seedling,0.0,0.09,0.23
III,Pampanga,Arayat,2022-05-30,Seedling,0.0,0.13,0.08
III,Pampanga,Arayat,2022-05-31,Seedling,0.0,0.09,0.13
III,Pampanga,Arayat,2022-06-01,Seedling,0.0,0.15,0.26
III,Pampanga,Arayat,2022-06-02,Seedling,0.0,0.2,0.06
III,Pampanga,Arayat,2022-06-03,Seedling,0.0,0.09,0.0
III,Pampanga,Arayat,2022-06-04,Seedling,0.0,0.0,0.23
III,Pampanga,Arayat,2022-06-05,Seedling,0.0,0.13,0.08
III,Pampanga,Arayat,2022-06-06,Seedling,0.0,0.01,0.04
III,Pampanga,Arayat,2022-06-07,Seedling,0.0,0.11,0.13
III,Pampanga,Arayat,2022-06-08,Seedling,0.0,0.04,0.01
III,Pampanga,Arayat,2022-06-09,Seedling,10.0,1.56,0.16
III,Pampanga,Arayat,2022-06-10,Seedling,12.0,1.46,0.0
III,Pampanga,Arayat,2022-06-11,Seedling,8.0,2.69,0.0
III,Pampanga,Arayat,2022-06-12,Seedling,9.0,2.32,0.0
III,Pampanga,Arayat,2022-06-13,Seedling,9.0,3.34,0.06
III,Pampanga,Arayat,2022-06-14,Seedling,12.0,2.21,0.04
III,Pampanga,Arayat,2022-06-15,Seedling,11.0,1.96,0.14
III,Pampanga,Arayat,2022-06-16,Seedling,15.0,1.65,0.14
III,Pampanga,Arayat,2022-06-17,Seedling,16.0,2.54,0.0
III,Pampanga,Arayat,2022-06-18,Seedling,25.0,2.61,0.04
III,Pampanga,Arayat,2022-06-19,Seedling,20.0,2.08,0.05
III,Pampanga,Arayat,2022-06-20,Seedling,23.0,2.35,0.09
III,Pampanga,Arayat,2022-06-21,Seedling,8.0,2.02,0.0
III,Pampanga,Arayat,2022-06-22,Seedling,19.0,1.37,0.03
III,Pampanga,Arayat,2022-06-23,Seedling,10.0,0.68,0.03
III,Pampanga,Arayat,2022-06-24,Tillering,30.0,1.51,0.0
III,Pampanga,Arayat,2022-06-25,Tillering,36.0,1.32,0.06
III,Pampanga,Arayat,2022-06-26,Tillering,30.0,1.04,0.15
III,Pampanga,Arayat,2022-06-27,Tillering,16.0,0.8,0.0
III,Pampanga,Arayat,2022-06-28,Tillering,11.0,0.08,0.17
III,Pampanga,Arayat,2022-06-29,Tillering,16.0,0.0,0.0
III,Pampanga,Arayat,2022-06-30,Tillering,14.0,0.0,0.04
III,Pampanga,Arayat,2022-07-01,Tillering,8.0,0.0,0.0
III,Pampanga,Arayat,2022-07-02,Tillering,8.0,0.0,0.12
III,Pampanga,Arayat,2022-07-03,Tillering,14.0,0.0,0.0
III,Pampanga,Arayat,2022-07-04,Tillering,11.0,0.91,0.04
III,Pampanga,Arayat,2022-07-05,Tillering,8.0,0.45,0.0
III,Pampanga,Arayat,2022-07-06,Tillering,14.0,0.19,0.06
III,Pampanga,Arayat,2022-07-07,Tillering,23.0,0.16,0.23
III,Pampanga,Arayat,2022-07-08,Tillering,17.0,0.4,0.03
III,Pampanga,Arayat,2022-07-09,Tillering,26.0,0.0,0.12
III,Pampanga,Arayat,2022-07-10,Tillering,26.0,0.58,0.0
III,Pampanga,Arayat,2022-07-11,Tillering,26.0,0.0,0.05
III,Pampanga,Arayat,2022-07-12,Tillering,46.0,0.0,0.18
III,Pampanga,Arayat,2022-07-13,Tillering,37.0,0.0,0.19
III,Pampanga,Arayat,2022-07-14,Tillering,39.0,0.33,0.0
III,Pampanga,Arayat,2022-07-15,Tillering,38.0,0.0,0.1
III,Pampanga,Arayat,2022-07-16,Tillering,39.0,1.67,0.26
III,Pampanga,Arayat,2022-07-17,Tillering,39.0,1.21,0.15
III,Pampanga,Arayat,2022-07-18,Elongation,24.0,1.06,0.15
III,Pampanga,Arayat,2022-07-19,Elongation,18.0,1.17,0.11
III,Pampanga,Arayat,2022-07-20,Elongation,20.0,1.92,0.2
III,Pampanga,Arayat,2022-07-21,Elongation,18.0,3.2,0.0
III,Pampanga,Arayat,2022-07-22,Elongation,21.0,3.73,0.11
III,Pampanga,Arayat,2022-07-23,Elongation,15.0,4.22,0.05
III,Pampanga,Arayat,2022-07-24,Elongation,9.0,3.04,0.15
III,Pampanga,Arayat,2022-07-25,Elongation,10.0,3.3,0.11
III,Pampanga,Arayat,2022-07-26,Elongation,11.0,3.7,0.14
III,Pampanga,Arayat,2022-07-27,Elongation,16.0,3.44,0.0
III,Pampanga,Arayat,2022-07-28,Elongation,15.0,1.98,0.09
III,Pampanga,Arayat,2022-07-29,Elongation,22.0,2.42,0.09
III,Pampanga,Arayat,2022-07-30,Elongation,13.0,1.76,0.11
III,Pampanga,Arayat,2022-07-31,Elongation,23.0,3.03,0.0
III,Pampanga,Arayat,2022-08-01,Elongation,22.0,2.13,0.12
III,Pampanga,Arayat,2022-08-02,Elongation,24.0,2.63,0.0
III,Pampanga,Arayat,2022-08-03,Elongation,21.0,2.93,0.0
III,Pampanga,Arayat,2022-08-04,Elongation,28.0,3.56,0.0
III,Pampanga,Arayat,2022-08-05,Elongation,24.0,4.68,0.04
III,Pampanga,Arayat,2022-08-06,Panicle,14.0,0.06,8.86
III,Pampanga,Arayat,2022-08-07,Panicle,22.0,0.02,10.86
III,Pampanga,Arayat,2022-08-08,Panicle,20.0,0.0,8.03
III,Pampanga,Arayat,2022-08-09,Panicle,14.0,0.06,7.57
III,Pampanga,Arayat,2022-08-10,Panicle,17.0,0.02,6.58
III,Pampanga,Arayat,2022-08-11,Panicle,7.0,0.0,6.55
III,Pampanga,Arayat,2022-08-12,Panicle,10.0,0.0,8.12
III,Pampanga,Arayat,2022-08-13,Panicle,5.0,0.16,8.7
III,Pampanga,Arayat,2022-08-14,Panicle,3.0,0.17,7.9
III,Pampanga,Arayat,2022-08-15,Panicle,3.0,0.07,7.24
III,Pampanga,Arayat,2022-08-16,Panicle,0.0,0.16,6.43
III,Pampanga,Arayat,2022-08-17,Panicle,,0.08,5.31
III,Pampanga,Arayat,2022-08-18,Panicle,,0.0,3.97
III,Pampanga,Arayat,2022-08-19,Panicle,,0.05,2.81
III,Pampanga,Arayat,2022-08-20,Panicle,,0.02,1.23
III,Pampanga,Arayat,2022-08-21,Flowering,4.0,0.09,0.65
III,Pampanga,Arayat,2022-08-22,Flowering,3.0,0.16,0.47
III,Pampanga,Arayat,2022-08-23,Flowering,0.0,0.17,2.76
III,Pampanga,Arayat,2022-08-24,Flowering,0.0,0.01,1.58
III,Pampanga,Arayat,2022-08-25,Flowering,2.0,0.11,2.15
III,Pampanga,Arayat,2022-08-26,Flowering,3.0,0.0,0.58
III,Pampanga,Arayat,2022-08-27,Flowering,3.0,0.12,0.0
III,Pampanga,Arayat,2022-08-28,Flowering,5.0,0.0,0.81
III,Pampanga,Arayat,2022-08-29,Flowering,7.0,0.0,0.91
III,Pampanga,Arayat,2022-08-30,Flowering,5.0,0.05,0.0
III,Pampanga,Arayat,2022-08-31,Flowering,8.0,0.22,1.72
III,Pampanga,Arayat,2022-09-01,Flowering,6.0,0.01,0.91
III,Pampanga,Arayat,2022-09-02,Flowering,12.0,0.04,0.96
III,Pampanga,Arayat,2022-09-03,Flowering,5.0,0.24,0.25
III,Pampanga,Arayat,2022-09-04,Ripening,1.0,0.22,0.82
III,Pampanga,Arayat,2022-09-05,Ripening,2.0,0.15,1.57
III,Pampanga,Arayat,2022-09-06,Ripening,0.0,0.03,0.0
III,Pampanga,Arayat,2022-09-07,Ripening,2.0,0.0,1.51
III,Pampanga,Arayat,2022-09-08,Ripening,6.0,0.14,0.49
III,Pampanga,Arayat,2022-09-09,Ripening,4.0,0.14,0.28
III,Pampanga,Arayat,2022-09-10,Ripening,2.0,0.11,1.3
III,Pampanga,Arayat,2022-09-11,Ripening,1.0,0.04,0.05
III,Pampanga,Arayat,2022-09-12,Ripening,3.0,0.09,0.83
III,Pampanga,Arayat,2022-09-13,Ripening,5.0,0.25,0.5
III,Pampanga,Arayat,2022-09-14,Ripening,3.0,0.0,0.82
III,Pampanga,Arayat,2022-09-15,Ripening,1.0,0.0,0.47
III,Pampanga,Arayat,2022-09-16,Ripening,2.0,0.0,0.0
III,Pampanga,Arayat,2022-09-17,Ripening,2.0,0.17,0.95
III,Pampanga,Arayat,2022-09-18,Ripening,1.0,0.11,0.46
III,Pampanga,Arayat,2022-09-19,Ripening,0.0,0.04,0.36
III,Pampanga,Arayat,2022-09-20,Ripening,3.0,0.1,1.65
III,Pampanga,Arayat,2022-09-21,Ripening,0.0,0.03,1.3
III,Pampanga,Arayat,2022-09-22,Ripening,1.0,0.04,0.91
III,Pampanga,Arayat,2022-09-23,Ripening,0.0,0.1,0.18
III,Pampanga,Arayat,2022-09-24,Ripening,0.0,0.13,1.59
III,Pampanga,Arayat,2022-09-25,Ripening,1.0,0.03,2.35
III,Pampanga,Arayat,2022-09-26,Ripening,,0.05,1.23
III,Pampanga,Arayat,2022-09-27,Ripening,,0.08,0.56
III,Pampanga,Arayat,2022-09-28,Ripening,,0.0,0.08
III,Pampanga,Arayat,2022-09-29,Ripening,,0.15,0.03
III,Pampanga,Arayat,2022-09-30,Ripening,,0.0,0.03
III,Pampanga,Arayat,2022-10-01,Ripening,0.0,0.14,0.0
III,Pampanga,Arayat,2022-10-02,Ripening,0.0,0.1,0.08
III,Pampanga,Arayat,2022-10-03,Ripening,0.0,0.15,0.0
III,Pampanga,Arayat,2022-10-04,Ripening,0.0,0.06,0.01
III,Pampanga,Arayat,2022-10-05,Ripening,1.0,0.0,0.02
III,Pampanga,Arayat,2022-10-06,Ripening,0.0,0.15,0.07
III,Pampanga,Arayat,2022-10-07,Ripening,0.0,0.0,0.16
III,Pampanga,Arayat,2022-10-08,Ripening,0.0,0.08,0.23
III,Pampanga,Arayat,2022-10-09,RIPENING,0.0,0.08,0.22
III,Pampanga,Arayat,2022-10-10,Ripening,0.0,0.12,0.11
III,Pampanga,Arayat,2022-10-11,Ripening,0.0,0.0,0.1
III,Pampanga,Arayat,2022-10-12,Ripening,0.0,0.18,0.0
III,Pampanga,Arayat,2022-10-13,Ripening,0.0,0.07,0.15
III,Pampanga,Arayat,2022-10-14,Ripening,0.0,0.0,0.12
III,Pampanga,Arayat,2022-10-15,Ripening,1.0,0.2,0.12
III,Pampanga,Arayat,2022-10-16,Ripening,0.0,0.05,0.05
III,Pampanga,Arayat,2022-10-17,Ripening,0.0,0.09,0.1
III,Pampanga,Arayat,2022-10-18,Ripening,0.0,0.01,0.12
III,Pampanga,Arayat,2022-10-19,Ripening,0.0,0.1,0.08
III,Pampanga,Arayat,2022-10-20,Ripening,0.0,0.09,0.09
III,Pampanga,Arayat,2022-10-21,Ripening,1.0,0.07,0.0
III,Pampanga,Arayat,2022-10-22,Ripening,0.0,0.07,0.02
III,Pampanga,Arayat,2022-10-23,Ripening,0.0,0.03,0.09
III,Pampanga,Arayat,2022-10-24,Ripening,1.0,0.1,0.11
III,Pampanga,Arayat,2022-10-25,Ripening,0.0,0.05,0.04
III,Pampanga,Arayat,2022-10-26,Ripening,0.0,0.09,0.19
III,Pampanga,Arayat,2022-10-27,Ripening,0.0,0.22,0.05
III,Pampanga,Arayat,2022-10-28,Ripening,0.0,0.0,0.18
III,Pampanga,Arayat,2022-10-29,Ripening,0.0,0.17,0.05
III,Pampanga,Arayat,2022-10-30,Ripening,0.0,0.15,0.14
III,Pampanga,Arayat,2022-10-31,Seedling,0.0,0.1,0.0
III,Pampanga,Arayat,2022-11-01,Seedling,0.0,0.03,0.01
III,Pampanga,Arayat,2022-11-02,Seedling,0.0,0.04,0.09
III,Pampanga,Arayat,2022-11-03,Seedling,0.0,0.26,0.04
III,Pampanga,Arayat,2022-11-04,Seedling,0.0,0.09,0.11
III,Pampanga,Arayat,2022-11-05,Seedling,0.0,0.08,0.05
III,Pampanga,Arayat,2022-11-06,Seedling,0.0,0.07,0.06
III,Pampanga,Arayat,2022-11-07,Seedling,0.0,0.04,0.02
III,Pampanga,Arayat,2022-11-08,Seedling,0.0,0.05,0.11
III,Pampanga,Arayat,2022-11-09,Seedling,0.0,0.02,0.1
III,Pampanga,Arayat,2022-11-10,Seedling,0.0,0.12,0.0
III,Pampanga,Arayat,2022-11-11,Seedling,1.0,0.0,0.14
III,Pampanga,Arayat,2022-11-12,Seedling,0.0,0.2,0.12
III,Pampanga,Arayat,2022-11-13,Seedling,0.0,0.12,0.03
III,Pampanga,Arayat,2022-11-14,Seedling,0.0,0.1,0.15
III,Pampanga,Arayat,2022-11-15,Seedling,0.0,0.1,0.13
III,Pampanga,Arayat,2022-11-16,Seedling,0.0,0.15,0.08
III,Pampanga,Arayat,2022-11-17,Seedling,0.0,0.02,0.13
III,Pampanga,Arayat,2022-11-18,Seedling,0.0,0.0,0.14
III,Pampanga,Arayat,2022-11-19,Seedling,0.0,0.16,0.09
III,Pampanga,Arayat,2022-11-20,Seedling,0.0,0.0,0.1
III,Pampanga,Arayat,2022-11-21,Seedling,0.0,0.0,0.02
III,Pampanga,Arayat,2022-11-22,Seedling,0.0,0.0,0.09
III,Pampanga,Arayat,2022-11-23,Seedling,0.0,0.0,0.0
III,Pampanga,Arayat,2022-11-24,Seedling,0.0,0.01,
III,Pampanga,Arayat,2022-11-25,Seedling,0.0,0.1,
III,Pampanga,Arayat,2022-11-26,Seedling,0.0,0.08,
III,Pampanga,Arayat,2022-11-27,Seedling,0.0,0.05,0.0
III,Pampanga,Arayat,2022-11-28,Seedling,0.0,0.18,0.12
III,Pampanga,Arayat,2022-11-29,Seedling,0.0,0.15,0.17
III,Pampanga,Arayat,2022-11-30,Seedling,1.0,0.05,0.11
III,Pampanga,Arayat,2022-12-01,Seedling,0.0,0.0,0.1
III,Pampanga,Arayat,2022-12-02,Seedling,0.0,0.14,0.04
III,Pampanga,Arayat,2022-12-03,Seedling,1.0,0.04,0.2
III,Pampanga,Arayat,2022-12-04,Seedling,1.0,0.0,0.21
III,Pampanga,Arayat,2022-12-05,Seedling,0.0,0.0,0.1
III,Pampanga,Arayat,2022-12-06,Seedling,1.0,0.0,0.0
III,Pampanga,Arayat,2022-12-07,Seedling,1.0,0.58,0.21
III,Pampanga,Arayat,2022-12-08,Seedling,2.0,0.37,0.0
III,Pampanga,Arayat,2022-12-09,Seedling,1.0,0.31,0.0
III,Pampanga,Arayat,2022-12-10,Seedling,0.0,1.13,0.09
III,Pampanga,Arayat,2022-12-11,Seedling,2.0,0.47,0.0
III,Pampanga,Arayat,2022-12-12,Seedling,1.0,0.6,0.07
III,Pampanga,Arayat,2022-12-13,Seedling,2.0,1.24,0.0
III,Pampanga,Arayat,2022-12-14,Seedling,0.0,1.76,0.19
III,Pampanga,Arayat,2022-12-15,Seedling,1.0,2.58,0.15
III,Pampanga,Arayat,2022-12-16,Seedling,0.0,2.09,0.13
III,Pampanga,Arayat,2022-12-17,Seedling,1.0,1.68,0.22
III,Pampanga,Arayat,2022-12-18,Seedling,0.0,2.43,0.15
III,Pampanga,Arayat,2022-12-19,Tillering,1.0,1.72,0.11
III,Pampanga,Arayat,2022-12-20,Tillering,2.0,2.09,0.07
III,Pampanga,Arayat,2022-12-21,Tillering,2.0,2.71,0.01
III,Pampanga,Arayat,2022-12-22,Tillering,3.0,2.9,0.09
III,Pampanga,Arayat,2022-12-23,Tillering,4.0,3.07,0.2
III,Pampanga,Arayat,2022-12-24,Tillering,5.0,2.38,0.19
III,Pampanga,Arayat,2022-12-25,Tillering,9.0,3.73,0.02
III,Pampanga,Arayat,2022-12-26,Tillering,13.0,3.66,0.2
III,Pampanga,Arayat,2022-12-27,Tillering,11.0,3.35,0.21
III,Pampanga,Arayat,2022-12-28,Tillering,17.0,3.88,0.19
III,Pampanga,Arayat,2022-12-29,Tillering,12.0,2.75,0.24
III,Pampanga,Arayat,2022-12-30,Tillering,12.0,3.07,0.02
III,Pampanga,Arayat,2022-12-31,Tillering,16.0,3.29,0.01
III,Pampanga,Arayat,2023-01-01,Tillering,13.0,2.04,0.12
III,Pampanga,Arayat,2023-01-02,Tillering,12.0,2.41,0.0
III,Pampanga,Arayat,2023-01-03,Tillering,8.0,2.37,0.0
III,Pampanga,Arayat,2023-01-04,Tillering,9.0,0.83,0.16
III,Pampanga,Arayat,2023-01-05,Tillering,2.0,0.82,0.07
III,Pampanga,Arayat,2023-01-06,Tillering,1.0,0.75,0.17
III,Pampanga,Arayat,2023-01-07,Tillering,1.0,0.85,0.07
III,Pampanga,Arayat,2023-01-08,Tillering,1.0,0.62,0.25
III,Pampanga,Arayat,2023-01-09,Tillering,2.0,0.3,0.05
III,Pampanga,Arayat,2023-01-10,Tillering,2.0,0.0,0.0
III,Pampanga,Arayat,2023-01-11,Tillering,2.0,1.4,0.07
III,Pampanga,Arayat,2023-01-12,Tillering,3.0,0.0,0.12
III,Pampanga,Arayat,2023-01-13,Elongation,1.0,0.66,0.02
III,Pampanga,Arayat,2023-01-14,Elongation,1.0,0.14,0.19
III,Pampanga,Arayat,2023-01-15,Elongation,1.0,1.04,0.06
III,Pampanga,Arayat,2023-01-16,Elongation,1.0,0.0,0.09
III,Pampanga,Arayat,2023-01-17,Elongation,3.0,0.02,0.05
III,Pampanga,Arayat,2023-01-18,Elongation,2.0,0.11,0.01
III,Pampanga,Arayat,2023-01-19,Elongation,2.0,0.25,0.2
III,Pampanga,Arayat,2023-01-20,Elongation,1.0,1.05,0.13
III,Pampanga,Arayat,2023-01-21,Elongation,1.0,0.35,0.12
III,Pampanga,Arayat,2023-01-22,Elongation,0.0,0.0,0.05
III,Pampanga,Arayat,2023-01-23,Elongation,1.0,0.16,0.04
III,Pampanga,Arayat,2023-01-24,Elongation,4.0,0.64,0.07
III,Pampanga,Arayat,2023-01-25,Elongation,1.0,0.26,0.14
III,Pampanga,Arayat,2023-01-26,Elongation,0.0,1.1,0.03
III,Pampanga,Arayat,2023-01-27,Elongation,2.0,0.45,0.15
III,Pampanga,Arayat,2023-01-28,Elongation,2.0,0.0,0.14
III,Pampanga,Arayat,2023-01-29,Elongation,1.0,0.37,0.11
III,Pampanga,Arayat,2023-01-30,Elongation,3.0,0.93,0.1
III,Pampanga,Arayat,2023-01-31,Elongation,0.0,0.77,0.08
III,Pampanga,Arayat,2023-02-01,Panicle,2.0,0.25,0.25
III,Pampanga,Arayat,2023-02-02,Panicle,2.0,0.0,0.86
III,Pampanga,Arayat,2023-02-03,Panicle,2.0,0.12,0.26
III,Pampanga,Arayat,2023-02-04,Panicle,1.0,0.05,0.59
III,Pampanga,Arayat,2023-02-05,Panicle,0.0,0.0,0.53
III,Pampanga,Arayat,2023-02-06,Panicle,0.0,0.04,1.44
III,Pampanga,Arayat,2023-02-07,Panicle,1.0,0.12,0.97
III,Pampanga,Arayat,2023-02-08,Panicle,3.0,0.09,0.22
III,Pampanga,Arayat,2023-02-09,Panicle,1.0,0.03,1.27
III,Pampanga,Arayat,2023-02-10,Panicle,2.0,0.03,0.73
III,Pampanga,Arayat,2023-02-11,Panicle,4.0,0.04,0.0
III,Pampanga,Arayat,2023-02-12,Panicle,2.0,0.0,0.46
III,Pampanga,Arayat,2023-02-13,Panicle,1.0,0.26,0.83
III,Pampanga,Arayat,2023-02-14,Panicle,1.0,0.08,1.62
III,Pampanga,Arayat,2023-02-15,Flowering,0.0,0.13,0.65
III,Pampanga,Arayat,2023-02-16,Flowering,0.0,0.11,1.34
III,Pampanga,Arayat,2023-02-17,flowering,0.0,0.08,0.63
III,Pampanga,Arayat,2023-02-18,Flowering,0.0,0.21,0.58
III,Pampanga,Arayat,2023-02-19,Flowering,4.0,0.16,0.69
III,Pampanga,Arayat,2023-02-20,Flowering,0.0,0.01,2.61
III,Pampanga,Arayat,2023-02-21,Flowering,1.0,0.08,0.6
III,Pampanga,Arayat,2023-02-22,Flowering,1.0,0.06,0.15
III,Pampanga,Arayat,2023-02-23,Flowering,1.0,0.12,0.76
III,Pampanga,Arayat,2023-02-24,Flowering,2.0,0.0,1.52
III,Pampanga,Arayat,2023-02-25,Flowering,1.0,0.0,0.0
III,Pampanga,Arayat,2023-02-26,Flowering,3.0,0.0,1.46
III,Pampanga,Arayat,2023-02-27,Flowering,1.0,0.07,0.49
III,Pampanga,Arayat,2023-02-28,Flowering,0.0,0.0,1.24
III,Pampanga,Arayat,2023-03-01,Flowering,2.0,0.19,0.6
III,Pampanga,Arayat,2023-03-02,Ripening,0.0,0.06,2.27
III,Pampanga,Arayat,2023-03-03,Ripening,3.0,0.06,3.32
III,Pampanga,Arayat,2023-03-04,Ripening,0.0,0.14,2.95
III,Pampanga,Arayat,2023-03-05,Ripening,0.0,0.2,2.91
III,Pampanga,Arayat,2023-03-06,Ripening,0.0,0.05,3.26
III,Pampanga,Arayat,2023-03-07,Ripening,0.0,0.04,2.25
III,Pampanga,Arayat,2023-03-08,Ripening,0.0,0.06,1.87
III,Pampanga,Arayat,2023-03-09,Ripening,0.0,0.11,1.72
III,Pampanga,Arayat,2023-03-10,Ripening,0.0,0.0,1.67
III,Pampanga,Arayat,2023-03-11,Ripening,0.0,0.06,1.14
III,Pampanga,Arayat,2023-03-12,Ripening,0.0,0.09,1.86
III,Pampanga,Arayat,2023-03-13,Ripening,1.0,0.12,1.63
III,Pampanga,Arayat,2023-03-14,Ripening,0.0,0.12,0.85
III,Pampanga,Arayat,2023-03-15,Ripening,1.0,0.08,0.87
III,Pampanga,Arayat,2023-03-16,Ripening,1.0,0.0,1.14
III,Pampanga,Arayat,2023-03-17,Ripening,0.0,0.11,0.0
III,Pampanga,Arayat,2023-03-18,Ripening,1.0,0.07,0.56
III,Pampanga,Arayat,2023-03-19,Ripening,1.0,0.12,0.0
III,Pampanga,Arayat,2023-03-20,Ripening,1.0,0.03,0.0
III,Pampanga,Arayat,2023-03-21,Ripening,0.0,0.05,0.0
III,Pampanga,Arayat,2023-03-22,Ripening,5.0,0.02,0.67
III,Pampanga,Arayat,2023-03-23,Ripening,3.0,0.09,0.49
III,Pampanga,Arayat,2023-03-24,Ripening,0.0,0.13,0.0
III,Pampanga,Arayat,2023-03-25,Ripening,3.0,0.02,0.98
III,Pampanga,Arayat,2023-03-26,Ripening,0.0,0.15,0.1
III,Pampanga,Arayat,2023-03-27,Ripening,0.0,0.04,0.19
III,Pampanga,Arayat,2023-03-28,Ripening,0.0,0.06,0.05
III,Pampanga,Arayat,2023-03-29,Ripening,0.0,0.19,0.09
III,Pampanga,Arayat,2023-03-30,Ripening,0.0,0.09,0.09
III,Pampanga,Arayat,2023-03-31,Ripening,0.0,0.03,0.03
III,Pampanga,Arayat,2023-04-01,Ripening,0.0,0.04,0.0
III,Pampanga,Arayat,2023-04-02,Ripening,2.0,0.06,0.12
III,Pampanga,Arayat,2023-04-03,Ripening,0.0,0.16,0.11
III,Pampanga,Arayat,2023-04-04,Ripening,0.0,0.1,0.13
III,Pampanga,Arayat,2023-04-05,Ripening,0.0,0.0,0.0
III,Pampanga,Arayat,2023-04-06,Ripening,0.0,0.06,0.02
III,Pampanga,Arayat,2023-04-07,Ripening,0.0,0.05,0.04
III,Pampanga,Arayat,2023-04-08,Ripening,0.0,0.0,0.04
III,Pampanga,Arayat,2023-04-09,Ripening,1.0,0.22,0.15
III,Pampanga,Arayat,2023-04-10,Ripening,0.0,0.08,0.09
III,Pampanga,Arayat,2023-04-11,RIPENING,0.0,0.19,0.14
III,Pampanga,Arayat,2023-04-12,Ripening,0.0,0.06,0.16
III,Pampanga,Arayat,2023-04-13,Ripening,0.0,0.01,0.15
III,Pampanga,Arayat,2023-04-14,Ripening,0.0,0.01,0.14
III,Pampanga,Arayat,2023-04-15,Ripening,0.0,0.09,0.17
III,Pampanga,Arayat,2023-04-16,Ripening,0.0,0.22,0.15
III,Pampanga,Arayat,2023-04-17,Ripening,0.0,0.03,0.08
III,Pampanga,Arayat,2023-04-18,Ripening,1.0,0.06,0.17
III,Pampanga,Arayat,2023-04-19,Ripening,0.0,0.03,0.02
III,Pampanga,Arayat,2023-04-20,Ripening,0.0,0.01,0.06
III,Pampanga,Arayat,2023-04-21,Ripening,0.0,0.04,0.06
III,Pampanga,Arayat,2023-04-22,Ripening,0.0,0.1,0.05
III,Pampanga,Arayat,2023-04-23,Ripening,1.0,0.07,0.01
III,Pampanga,Arayat,2023-04-24,Ripening,0.0,0.11,0.17
III,Pampanga,Arayat,2023-04-25,Ripening,0.0,,0.09
III,Pampanga,Arayat,2023-04-26,Ripening,0.0,,0.04
III,Pampanga,Arayat,2023-04-27,Ripening,0.0,,0.0
III,Pampanga,Arayat,2023-04-28,Ripening,0.0,,0.18
III,Pampanga,Arayat,2023-04-29,Ripening,0.0,0.11,0.1
III,Pampanga,Arayat,2023-04-30,Seedling,0.0,0.2,0.21
III,Pampanga,Arayat,2023-05-01,Seedling,0.0,0.07,0.21
III,Pampanga,Arayat,2023-05-02,Seedling,0.0,0.11,0.13
III,Pampanga,Arayat,2023-05-03,Seedling,0.0,0.13,0.05
III,Pampanga,Arayat,2023-05-04,Seedling,0.0,0.04,0.14
III,Pampanga,Arayat,2023-05-05,Seedling,0.0,0.1,0.2
III,Pampanga,Arayat,2023-05-06,Seedling,0.0,0.0,0.11
III,Pampanga,Arayat,2023-05-07,Seedling,0.0,0.05,0.02
III,Pampanga,Arayat,2023-05-08,Seedling,0.0,0.03,0.0
III,Pampanga,Arayat,2023-05-09,Seedling,0.0,0.06,0.07
III,Pampanga,Arayat,2023-05-10,Seedling,0.0,0.0,0.0
III,Pampanga,Arayat,2023-05-11,Seedling,0.0,0.06,0.31
III,Pampanga,Arayat,2023-05-12,Seedling,0.0,0.08,0.02
III,Pampanga,Arayat,2023-05-13,Seedling,0.0,0.08,0.09
III,Pampanga,Arayat,2023-05-14,Seedling,,0.22,0.07
III,Pampanga,Arayat,2023-05-15,Seedling,,,0.16
III,Pampanga,Arayat,2023-05-16,Seedling,,,0.07
III,Pampanga,Arayat,2023-05-17,Seedling,0.0,,0.17
III,Pampanga,Arayat,2023-05-18,Seedling,0.0,,0.06
III,Pampanga,Arayat,2023-05-19,Seedling,0.0,,0.13
III,Pampanga,Arayat,2023-05-20,Seedling,0.0,0.0,0.08
III,Pampanga,Arayat,2023-05-21,Seedling,0.0,0.13,0.12
III,Pampanga,Arayat,2023-05-22,Seedling,0.0,0.05,0.21
III,Pampanga,Arayat,2023-05-23,Seedling,0.0,0.1,0.17
III,Pampanga,Arayat,2023-05-24,Seedling,0.0,0.05,0.1
III,Pampanga,Arayat,2023-05-25,Seedling,0.0,0.0,0.11
III,Pampanga,Arayat,2023-05-26,Seedling,0.0,0.01,0.2
III,Pampanga,Arayat,2023-05-27,Seedling,0.0,0.1,0.0
III,Pampanga,Arayat,2023-05-28,Seedling,0.0,0.07,0.0
III,Pampanga,Arayat,2023-05-29,Seedling,0.0,0.12,0.02
III,Pampanga,Arayat,2023-05-30,Seedling,0.0,0.1,0.0
III,Pampanga,Arayat,2023-05-31,Seedling,0.0,0.07,0.06
III,Pampanga,Arayat,2023-06-01,Seedling,0.0,0.01,0.0
III,Pampanga,Arayat,2023-06-02,Seedling,0.0,0.07,0.1
III,Pampanga,Arayat,2023-06-03,Seedling,0.0,0.13,0.03
III,Pampanga,Arayat,2023-06-04,Seedling,0.0,0.07,0.04
III,Pampanga,Arayat,2023-06-05,Seedling,14.0,1.84,0.0
III,Pampanga,Arayat,2023-06-06,Seedling,13.0,1.73,0.0
III,Pampanga,Arayat,2023-06-07,Seedling,11.0,1.95,0.02
III,Pampanga,Arayat,2023-06-08,Seedling,18.0,2.45,0.0
III,Pampanga,Arayat,2023-06-09,Seedling,20.0,3.02,0.06
III,Pampanga,Arayat,2023-06-10,Seedling,9.0,2.11,0.16
III,Pampanga,Arayat,2023-06-11,Seedling,11.0,2.83,0.18
III,Pampanga,Arayat,2023-06-12,Seedling,12.0,3.28,0.17
III,Pampanga,Arayat,2023-06-13,Seedling,10.0,1.81,0.17
III,Pampanga,Arayat,2023-06-14,Seedling,12.0,2.97,0.09
III,Pampanga,Arayat,2023-06-15,Seedling,7.0,3.95,0.07
III,Pampanga,Arayat,2023-06-16,Seedling,3.0,3.98,0.0
III,Pampanga,Arayat,2023-06-17,Seedling,6.0,4.61,0.07
III,Pampanga,Arayat,2023-06-18,Seedling,4.0,3.09,0.12
III,Pampanga,Arayat,2023-06-19,Seedling,5.0,3.84,0.14
III,Pampanga,Arayat,2023-06-20,Tillering,3.0,4.57,0.02
III,Pampanga,Arayat,2023-06-21,Tillering,6.0,3.49,0.21
III,Pampanga,Arayat,2023-06-22,Tillering,6.0,4.8,0.08
III,Pampanga,Arayat,2023-06-23,Tillering,6.0,3.59,0.09
III,Pampanga,Arayat,2023-06-24,Tillering,8.0,4.17,0.02
III,Pampanga,Arayat,2023-06-25,Tillering,9.0,4.84,0.03
III,Pampanga,Arayat,2023-06-26,Tillering,6.0,3.71,0.0
III,Pampanga,Arayat,2023-06-27,Tillering,14.0,3.35,0.18
III,Pampanga,Arayat,2023-06-28,Tillering,4.0,3.69,0.0
III,Pampanga,Arayat,2023-06-29,Tillering,2.0,2.85,0.0
III,Pampanga,Arayat,2023-06-30,Tillering,8.0,3.66,0.17
III,Pampanga,Arayat,2023-07-01,Tillering,4.0,2.24,0.06
III,Pampanga,Arayat,2023-07-02,Tillering,5.0,2.92,0.06
III,Pampanga,Arayat,2023-07-03,Tillering,5.0,2.73,0.16
III,Pampanga,Arayat,2023-07-04,Tillering,7.0,3.1,0.0
III,Pampanga,Arayat,2023-07-05,Tillering,2.0,2.52,0.01
III,Pampanga,Arayat,2023-07-06,Tillering,3.0,2.49,0.16
III,Pampanga,Arayat,2023-07-07,Tillering,2.0,3.57,0.15
III,Pampanga,Arayat,2023-07-08,Tillering,6.0,2.89,0.06
III,Pampanga,Arayat,2023-07-09,Tillering,1.0,2.69,0.11
III,Pampanga,Arayat,2023-07-10,Tillering,1.0,2.55,0.2
III,Pampanga,Arayat,2023-07-11,Tillering,3.0,2.36,0.14
III,Pampanga,Arayat,2023-07-12,Tillering,2.0,2.56,0.11
III,Pampanga,Arayat,2023-07-13,Tillering,5.0,2.36,0.06
III,Pampanga,Arayat,2023-07-14,Tillering,6.0,2.13,0.0
III,Pampanga,Arayat,2023-07-15,Elongation,4.0,3.83,0.12
III,Pampanga,Arayat,2023-07-16,Elongation,7.0,2.94,0.15
III,Pampanga,Arayat,2023-07-17,Elongation,7.0,1.23,0.0
III,Pampanga,Arayat,2023-07-18,Elongation,2.0,1.89,0.11
III,Pampanga,Arayat,2023-07-19,Elongation,3.0,1.61,0.19
III,Pampanga,Arayat,2023-07-20,Elongation,0.0,1.15,0.12
III,Pampanga,Arayat,2023-07-21,Elongation,2.0,0.25,0.2
III,Pampanga,Arayat,2023-07-22,Elongation,2.0,1.2,0.13
III,Pampanga,Arayat,2023-07-23,Elongation,2.0,0.12,0.16
III,Pampanga,Arayat,2023-07-24,Elongation,4.0,0.74,0.19
III,Pampanga,Arayat,2023-07-25,Elongation,1.0,0.63,0.29
III,Pampanga,Arayat,2023-07-26,Elongation,2.0,0.0,0.12
III,Pampanga,Arayat,2023-07-27,Elongation,2.0,0.63,0.0
III,Pampanga,Arayat,2023-07-28,Elongation,7.0,1.97,0.01
III,Pampanga,Arayat,2023-07-29,Elongation,3.0,2.06,0.0
III,Pampanga,Arayat,2023-07-30,Elongation,9.0,0.8,0.06
III,Pampanga,Arayat,2023-07-31,Elongation,6.0,1.38,0.0
III,Pampanga,Arayat,2023-08-01,Elongation,17.0,0.37,0.11
III,Pampanga,Arayat,2023-08-02,Elongation,21.0,1.61,0.05
III,Pampanga,Arayat,2023-08-03,Panicle,16.0,0.09,1.65
III,Pampanga,Arayat,2023-08-04,Panicle,15.0,0.15,1.79
III,Pampanga,Arayat,2023-08-05,Panicle,23.0,0.1,3.98
III,Pampanga,Arayat,2023-08-06,Panicle,21.0,0.11,
III,Pampanga,Arayat,2023-08-07,Panicle,26.0,0.16,
III,Pampanga,Arayat,2023-08-08,Panicle,16.0,0.15,
III,Pampanga,Arayat,2023-08-09,Panicle,24.0,0.22,
III,Pampanga,Arayat,2023-08-10,Panicle,33.0,0.09,
III,Pampanga,Arayat,2023-08-11,Panicle,33.0,0.19,0.0
III,Pampanga,Arayat,2023-08-12,Panicle,26.0,0.01,0.65
III,Pampanga,Arayat,2023-08-13,Panicle,32.0,0.09,0.0
III,Pampanga,Arayat,2023-08-14,Panicle,26.0,0.19,2.21
III,Pampanga,Arayat,2023-08-15,Panicle,19.0,0.09,0.6
III,Pampanga,Arayat,2023-08-16,Panicle,21.0,0.04,1.28
III,Pampanga,Arayat,2023-08-17,Panicle,18.0,0.17,0.37
III,Pampanga,Arayat,2023-08-18,Flowering,16.0,0.09,0.0
III,Pampanga,Arayat,2023-08-19,Flowering,7.0,0.07,0.79
III,Pampanga,Arayat,2023-08-20,Flowering,16.0,0.17,0.78
III,Pampanga,Arayat,2023-08-21,Flowering,10.0,0.17,1.01
III,Pampanga,Arayat,2023-08-22,Flowering,10.0,0.0,1.19
III,Pampanga,Arayat,2023-08-23,Flowering,8.0,0.08,1.68
III,Pampanga,Arayat,2023-08-24,Flowering,11.0,0.18,2.06
III,Pampanga,Arayat,2023-08-25,Flowering,5.0,0.07,2.62
III,Pampanga,Arayat,2023-08-26,Flowering,3.0,0.09,1.34
III,Pampanga,Arayat,2023-08-27,Flowering,3.0,0.12,1.43
III,Pampanga,Arayat,2023-08-28,Flowering,10.0,0.09,1.91
III,Pampanga,Arayat,2023-08-29,Flowering,1.0,0.11,2.07
III,Pampanga,Arayat,2023-08-30,Flowering,1.0,0.15,0.0
III,Pampanga,Arayat,2023-08-31,Flowering,5.0,0.12,0.82
III,Pampanga,Arayat,2023-09-01,Flowering,3.0,0.09,0.3
III,Pampanga,Arayat,2023-09-02,Ripening,0.0,0.02,0.42
III,Pampanga,Arayat,2023-09-03,Ripening,3.0,0.0,1.12
III,Pampanga,Arayat,2023-09-04,Ripening,1.0,0.23,0.0
III,Pampanga,Arayat,2023-09-05,Ripening,2.0,0.2,0.0
III,Pampanga,Arayat,2023-09-06,Ripening,1.0,0.22,0.0
III,Pampanga,Arayat,2023-09-07,Ripening,1.0,0.11,1.16
III,Pampanga,Arayat,2023-09-08,Ripening,0.0,0.14,1.43
III,Pampanga,Arayat,2023-09-09,Ripening,2.0,0.07,0.99
III,Pampanga,Arayat,2023-09-10,Ripening,0.0,0.08,0.0
III,Pampanga,Arayat,2023-09-11,Ripening,0.0,0.0,0.7
III,Pampanga,Arayat,2023-09-12,Ripening,2.0,0.11,0.79
III,Pampanga,Arayat,2023-09-13,Ripening,2.0,0.0,1.05
III,Pampanga,Arayat,2023-09-14,Ripening,0.0,0.08,0.41
III,Pampanga,Arayat,2023-09-15,Ripening,1.0,0.17,0.0
III,Pampanga,Arayat,2023-09-16,Ripening,0.0,0.2,0.39
III,Pampanga,Arayat,2023-09-17,Ripening,,0.0,0.83
III,Pampanga,Arayat,2023-09-18,Ripening,,0.0,0.98
III,Pampanga,Arayat,2023-09-19,Ripening,,0.0,1.13
III,Pampanga,Arayat,2023-09-20,Ripening,,0.06,0.82
III,Pampanga,Arayat,2023-09-21,Ripening,,0.0,0.0
III,Pampanga,Arayat,2023-09-22,Ripening,0.0,0.03,0.53
III,Pampanga,Arayat,2023-09-23,Ripening,0.0,0.04,0.24
III,Pampanga,Arayat,2023-09-24,Ripening,0.0,0.04,1.83
III,Pampanga,Arayat,2023-09-25,Ripening,0.0,0.0,0.0
III,Pampanga,Arayat,2023-09-26,Ripening,1.0,0.05,0.0
III,Pampanga,Arayat,2023-09-27,Ripening,0.0,0.02,0.14
III,Pampanga,Arayat,2023-09-28,Ripening,0.0,0.29,0.25
III,Pampanga,Arayat,2023-09-29,Ripening,0.0,0.03,0.08
III,Pampanga,Arayat,2023-09-30,Ripening,0.0,0.0,0.12
III,Pampanga,Arayat,2023-10-01,Ripening,0.0,0.16,0.22
III,Pampanga,Arayat,2023-10-02,Ripening,0.0,0.12,0.15
III,Pampanga,Arayat,2023-10-03,Ripening,0.0,0.0,0.0
III,Pampanga,Arayat,2023-10-04,Ripening,0.0,0.01,0.0
III,Pampanga,Arayat,2023-10-05,Ripening,0.0,0.26,0.0
III,Pampanga,Arayat,2023-10-06,Ripening,0.0,,0.06
III,Pampanga,Arayat,2023-10-07,Ripening,0.0,,0.0
III,Pampanga,Arayat,2023-10-08,Ripening,1.0,,0.08
III,Pampanga,Arayat,2023-10-09,Ripening,0.0,0.23,0.16
III,Pampanga,Arayat,2023-10-10,Ripening,0.0,0.17,0.27
III,Pampanga,Arayat,2023-10-11,Ripening,0.0,0.08,0.0
III,Pampanga,Arayat,2023-10-12,Ripening,0.0,0.09,0.0
III,Pampanga,Arayat,2023-10-13,Ripening,0.0,0.12,0.11
III,Pampanga,Arayat,2023-10-14,Ripening,0.0,0.0,0.12
III,Pampanga,Arayat,2023-10-15,Ripening,0.0,0.15,0.0
III,Pampanga,Arayat,2023-10-16,Ripening,0.0,0.13,0.19
III,Pampanga,Arayat,2023-10-17,Ripening,0.0,0.0,0.14
III,Pampanga,Arayat,2023-10-18,Ripening,0.0,0.29,0.06
III,Pampanga,Arayat,2023-10-19,Ripening,0.0,0.09,0.13
III,Pampanga,Arayat,2023-10-20,Ripening,0.0,0.0,0.05
III,Pampanga,Arayat,2023-10-21,Ripening,0.0,0.08,0.05
III,Pampanga,Arayat,2023-10-22,Ripening,0.0,0.01,0.05
III,Pampanga,Arayat,2023-10-23,Ripening,0.0,0.15,0.17
III,Pampanga,Arayat,2023-10-24,Ripening,1.0,0.04,0.0
III,Pampanga,Arayat,2023-10-25,Ripening,0.0,0.01,0.09
III,Pampanga,Arayat,2023-10-26,Ripening,1.0,0.04,0.03
III,Pampanga,Arayat,2023-10-27,Ripening,0.0,,0.07
III,Pampanga,Arayat,2023-10-28,Ripening,0.0,,0.15
III,Pampanga,Arayat,2023-10-29,Ripening,0.0,,0.03
III,Pampanga,Arayat,2023-10-30,Seedling,0.0,,0.14
III,Pampanga,Arayat,2023-10-31,Seedling,0.0,0.14,0.08
III,Pampanga,Arayat,2023-11-01,Seedling,0.0,0.1,0.15
III,Pampanga,Arayat,2023-11-02,Seedling,0.0,0.01,0.06
III,Pampanga,Arayat,2023-11-03,Seedling,0.0,0.15,0.1
III,Pampanga,Arayat,2023-11-04,Seedling,0.0,0.09,0.26
III,Pampanga,Arayat,2023-11-05,Seedling,0.0,0.0,0.22
III,Pampanga,Arayat,2023-11-06,Seedling,0.0,0.03,0.18
III,Pampanga,Arayat,2023-11-07,Seedling,0.0,0.0,0.04
III,Pampanga,Arayat,2023-11-08,Seedling,0.0,0.15,0.06
III,Pampanga,Arayat,2023-11-09,Seedling,0.0,,0.06
III,Pampanga,Arayat,2023-11-10,Seedling,0.0,,0.04
III,Pampanga,Arayat,2023-11-11,Seedling,0.0,,0.02
III,Pampanga,Arayat,2023-11-12,Seedling,0.0,0.07,0.06
III,Pampanga,Arayat,2023-11-13,Seedling,0.0,0.03,0.18
III,Pampanga,Arayat,2023-11-14,Seedling,1.0,0.11,0.0
III,Pampanga,Arayat,2023-11-15,Seedling,0.0,0.02,0.0
III,Pampanga,Arayat,2023-11-16,Seedling,0.0,0.09,0.03
III,Pampanga,Arayat,2023-11-17,Seedling,0.0,0.1,0.17
III,Pampanga,Arayat,2023-11-18,Seedling,0.0,0.04,0.21
III,Pampanga,Arayat,2023-11-19,Seedling,0.0,0.09,0.09
III,Pampanga,Arayat,2023-11-20,Seedling,0.0,0.05,0.05
III,Pampanga,Arayat,2023-11-21,Seedling,0.0,0.24,0.11
III,Pampanga,Arayat,2023-11-22,Seedling,0.0,0.15,0.01
III,Pampanga,Arayat,2023-11-23,Seedling,,0.12,0.14
III,Pampanga,Arayat,2023-11-24,Seedling,,0.19,0.16
III,Pampanga,Arayat,2023-11-25,Seedling,,0.01,0.01
III,Pampanga,Arayat,2023-11-26,Seedling,,0.19,0.0
III,Pampanga,Arayat,2023-11-27,Seedling,0.0,0.21,0.15
III,Pampanga,Arayat,2023-11-28,Seedling,0.0,0.12,0.22
III,Pampanga,Arayat,2023-11-29,Seedling,0.0,0.1,0.17
III,Pampanga,Arayat,2023-11-30,Seedling,0.0,0.01,0.13
III,Pampanga,Arayat,2023-12-01,Seedling,0.0,0.06,0.2
III,Pampanga,Arayat,2023-12-02,Seedling,0.0,0.1,0.12
III,Pampanga,Arayat,2023-12-03,Seedling,0.0,0.11,0.28
III,Pampanga,Arayat,2023-12-04,Seedling,0.0,0.61,0.02
III,Pampanga,Arayat,2023-12-05,Seedling,2.0,0.61,0.0
III,Pampanga,Arayat,2023-12-06,Seedling,0.0,0.87,0.0
III,Pampanga,Arayat,2023-12-07,Seedling,3.0,0.18,0.06
III,Pampanga,Arayat,2023-12-08,Seedling,2.0,1.59,0.04
III,Pampanga,Arayat,2023-12-09,Seedling,0.0,1.24,0.15
III,Pampanga,Arayat,2023-12-10,Seedling,0.0,1.11,0.06
III,Pampanga,Arayat,2023-12-11,Seedling,2.0,2.81,0.0
III,Pampanga,Arayat,2023-12-12,Seedling,2.0,1.94,0.11
III,Pampanga,Arayat,2023-12-13,Seedling,1.0,1.92,0.07
III,Pampanga,Arayat,2023-12-14,Seedling,1.0,1.71,0.01
III,Pampanga,Arayat,2023-12-15,Seedling,2.0,1.2,0.15
III,Pampanga,Arayat,2023-12-16,Seedling,0.0,0.0,0.1
III,Pampanga,Arayat,2023-12-17,Seedling,3.0,0.54,0.02
III,Pampanga,Arayat,2023-12-18,Seedling,1.0,0.43,0.0
III,Pampanga,Arayat,2023-12-19,Seedling,2.0,0.23,0.14
III,Pampanga,Arayat,2023-12-20,Tillering,0.0,0.84,0.14
III,Pampanga,Arayat,2023-12-21,Tillering,0.0,0.9,0.1
III,Pampanga,Arayat,2023-12-22,Tillering,1.0,0.0,0.22
III,Pampanga,Arayat,2023-12-23,Tillering,1.0,0.02,0.19
III,Pampanga,Arayat,2023-12-24,Tillering,2.0,0.56,0.0
III,Pampanga,Arayat,2023-12-25,Tillering,2.0,0.0,0.05
III,Pampanga,Arayat,2023-12-26,Tillering,1.0,0.0,0.0
III,Pampanga,Arayat,2023-12-27,Tillering,1.0,0.0,0.13
III,Pampanga,Arayat,2023-12-28,Tillering,1.0,0.89,0.11
III,Pampanga,Arayat,2023-12-29,Tillering,3.0,0.31,0.01
III,Pampanga,Arayat,2023-12-30,Tillering,2.0,0.63,0.06
III,Pampanga,Arayat,2023-12-31,Tillering,2.0,0.0,0.06
III,Pampanga,Arayat,2024-01-01,Tillering,3.0,0.04,0.0
III,Pampanga,Arayat,2024-01-02,Tillering,2.0,0.56,0.14
III,Pampanga,Arayat,2024-01-03,Tillering,2.0,0.36,0.19
III,Pampanga,Arayat,2024-01-04,Tillering,3.0,1.27,0.11
III,Pampanga,Arayat,2024-01-05,Tillering,2.0,0.83,0.01
III,Pampanga,Arayat,2024-01-06,Tillering,2.0,0.27,0.1
III,Pampanga,Arayat,2024-01-07,Tillering,2.0,1.14,0.04
III,Pampanga,Arayat,2024-01-08,Tillering,1.0,0.24,0.25
III,Pampanga,Arayat,2024-01-09,Tillering,1.0,0.49,0.11
III,Pampanga,Arayat,2024-01-10,Tillering,1.0,0.66,0.05
III,Pampanga,Arayat,2024-01-11,Tillering,3.0,0.0,0.11
III,Pampanga,Arayat,2024-01-12,Tillering,5.0,0.57,0.06
III,Pampanga,Arayat,2024-01-13,Tillering,2.0,0.0,0.24
III,Pampanga,Arayat,2024-01-14,Tillering,0.0,1.33,0.1
III,Pampanga,Arayat,2024-01-15,Elongation,2.0,0.71,
III,Pampanga,Arayat,2024-01-16,Elongation,2.0,0.23,
III,Pampanga,Arayat,2024-01-17,Elongation,3.0,0.8,
III,Pampanga,Arayat,2024-01-18,Elongation,1.0,0.9,
III,Pampanga,Arayat,2024-01-19,Elongation,0.0,0.92,
III,Pampanga,Arayat,2024-01-20,Elongation,2.0,0.7,0.18
III,Pampanga,Arayat,2024-01-21,Elongation,4.0,0.8,0.18
III,Pampanga,Arayat,2024-01-22,Elongation,1.0,1.06,0.0
III,Pampanga,Arayat,2024-01-23,Elongation,2.0,0.82,0.12
III,Pampanga,Arayat,2024-01-24,Elongation,1.0,2.29,0.06
III,Pampanga,Arayat,2024-01-25,Elongation,2.0,1.4,0.2
III,Pampanga,Arayat,2024-01-26,Elongation,1.0,2.88,0.01
III,Pampanga,Arayat,2024-01-27,Elongation,2.0,3.26,0.15
III,Pampanga,Arayat,2024-01-28,Elongation,1.0,2.71,0.16
III,Pampanga,Arayat,2024-01-29,Elongation,5.0,2.58,0.25
III,Pampanga,Arayat,2024-01-30,Elongation,0.0,2.39,0.12
III,Pampanga,Arayat,2024-01-31,Elongation,1.0,4.19,0.06
III,Pampanga,Arayat,2024-02-01,Elongation,0.0,2.45,0.14
III,Pampanga,Arayat,2024-02-02,Elongation,5.0,2.09,0.2
III,Pampanga,Arayat,2024-02-03,Elongation,1.0,0.0,0.1
III,Pampanga,Arayat,2024-02-04,Panicle,1.0,0.02,0.84
III,Pampanga,Arayat,2024-02-05,Panicle,2.0,0.2,2.17
III,Pampanga,Arayat,2024-02-06,Panicle,1.0,0.16,0.96
III,Pampanga,Arayat,2024-02-07,Panicle,0.0,0.04,0.16
III,Pampanga,Arayat,2024-02-08,Panicle,0.0,0.0,0.01
III,Pampanga,Arayat,2024-02-09,Panicle,1.0,0.08,0.58
III,Pampanga,Arayat,2024-02-10,Panicle,4.0,0.1,1.17
III,Pampanga,Arayat,2024-02-11,Panicle,2.0,0.21,0.72
III,Pampanga,Arayat,2024-02-12,Panicle,2.0,0.04,1.06
III,Pampanga,Arayat,2024-02-13,Panicle,2.0,0.0,0.52
III,Pampanga,Arayat,2024-02-14,Panicle,2.0,0.01,1.58
III,Pampanga,Arayat,2024-02-15,Panicle,2.0,0.19,1.53
III,Pampanga,Arayat,2024-02-16,Panicle,0.0,0.12,2.56
III,Pampanga,Arayat,2024-02-17,Panicle,0.0,0.02,1.84
III,Pampanga,Arayat,2024-02-18,Panicle,2.0,0.15,5.91
III,Pampanga,Arayat,2024-02-19,Panicle,1.0,0.13,3.45
III,Pampanga,Arayat,2024-02-20,Flowering,1.0,0.0,2.78
III,Pampanga,Arayat,2024-02-21,Flowering,0.0,0.18,3.22
III,Pampanga,Arayat,2024-02-22,Flowering,2.0,0.11,2.41
III,Pampanga,Arayat,2024-02-23,Flowering,0.0,0.11,0.88
III,Pampanga,Arayat,2024-02-24,Flowering,1.0,0.02,2.03
III,Pampanga,Arayat,2024-02-25,Flowering,1.0,0.09,2.31
III,Pampanga,Arayat,2024-02-26,Flowering,0.0,0.11,1.16
III,Pampanga,Arayat,2024-02-27,Flowering,3.0,0.31,2.34
III,Pampanga,Arayat,2024-02-28,Flowering,0.0,0.01,2.3
III,Pampanga,Arayat,2024-02-29,Flowering,2.0,0.05,2.04
III,Pampanga,Arayat,2024-03-01,Flowering,2.0,0.19,2.49
III,Pampanga,Arayat,2024-03-02,Flowering,0.0,0.0,3.09
III,Pampanga,Arayat,2024-03-03,flowering,0.0,0.03,2.41
III,Pampanga,Arayat,2024-03-04,Flowering,2.0,0.0,2.44
III,Pampanga,Arayat,2024-03-05,Flowering,1.0,0.22,0.85
III,Pampanga,Arayat,2024-03-06,Ripening,0.0,0.0,2.37
III,Pampanga,Arayat,2024-03-07,Ripening,0.0,0.28,0.72
III,Pampanga,Arayat,2024-03-08,Ripening,1.0,0.14,0.91
III,Pampanga,Arayat,2024-03-09,Ripening,0.0,0.0,0.7
III,Pampanga,Arayat,2024-03-10,Ripening,0.0,0.04,1.47
III,Pampanga,Arayat,2024-03-11,Ripening,0.0,0.15,0.0
III,Pampanga,Arayat,2024-03-12,Ripening,0.0,0.02,0.46
III,Pampanga,Arayat,2024-03-13,Ripening,0.0,0.0,1.75
III,Pampanga,Arayat,2024-03-14,Ripening,0.0,0.0,0.0
III,Pampanga,Arayat,2024-03-15,Ripening,0.0,0.06,0.78
III,Pampanga,Arayat,2024-03-16,Ripening,3.0,0.14,1.0
III,Pampanga,Arayat,2024-03-17,Ripening,2.0,0.1,2.35
III,Pampanga,Arayat,2024-03-18,Ripening,1.0,0.15,0.34
III,Pampanga,Arayat,2024-03-19,Ripening,1.0,0.0,0.88
III,Pampanga,Arayat,2024-03-20,Ripening,1.0,0.04,0.0
III,Pampanga,Arayat,2024-03-21,Ripening,1.0,0.22,0.2
III,Pampanga,Arayat,2024-03-22,Ripening,1.0,0.16,0.0
III,Pampanga,Arayat,2024-03-23,Ripening,3.0,0.1,1.06
III,Pampanga,Arayat,2024-03-24,Ripening,1.0,0.18,0.82
III,Pampanga,Arayat,2024-03-25,Ripening,0.0,0.0,0.14
III,Pampanga,Arayat,2024-03-26,Ripening,0.0,0.09,0.0
III,Pampanga,Arayat,2024-03-27,Ripening,,0.16,0.0
III,Pampanga,Arayat,2024-03-28,Ripening,,0.15,0.0
III,Pampanga,Arayat,2024-03-29,Ripening,,0.2,1.24
III,Pampanga,Arayat,2024-03-30,Ripening,,0.18,0.89
III,Pampanga,Arayat,2024-03-31,Ripening,2.0,0.05,0.22
III,Pampanga,Arayat,2024-04-01,Ripening,1.0,0.22,0.16
III,Pampanga,Arayat,2024-04-02,Ripening,0.0,0.0,0.01
III,Pampanga,Arayat,2024-04-03,Ripening,0.0,0.08,0.25
III,Pampanga,Arayat,2024-04-04,Ripening,0.0,0.24,0.2
III,Pampanga,Arayat,2024-04-05,Ripening,0.0,0.0,0.0
III,Pampanga,Arayat,2024-04-06,Ripening,0.0,0.0,0.06
III,Pampanga,Arayat,2024-04-07,Ripening,0.0,0.06,0.03
III,Pampanga,Arayat,2024-04-08,Ripening,0.0,0.01,0.1
III,Pampanga,Arayat,2024-04-09,Ripening,0.0,0.0,0.0
III,Pampanga,Arayat,2024-04-10,Ripening,0.0,0.15,0.15
III,Pampanga,Arayat,2024-04-11,Ripening,0.0,0.0,0.12
III,Pampanga,Arayat,2024-04-12,Ripening,0.0,0.15,0.17
III,Pampanga,Arayat,2024-04-13,Ripening,0.0,0.09,0.04
III,Pampanga,Arayat,2024-04-14,Ripening,0.0,0.05,0.07
III,Pampanga,Arayat,2024-04-15,Ripening,0.0,0.09,0.17
III,Pampanga,Arayat,2024-04-16,Ripening,0.0,0.02,0.1
III,Pampanga,Arayat,2024-04-17,Ripening,0.0,0.09,0.1
III,Pampanga,Arayat,2024-04-18,Ripening,0.0,0.13,0.08
III,Pampanga,Arayat,2024-04-19,Ripening,0.0,0.01,0.06
III,Pampanga,Arayat,2024-04-20,Ripening,0.0,0.08,0.12
III,Pampanga,Arayat,2024-04-21,Ripening,0.0,0.11,0.02
III,Pampanga,Arayat,2024-04-22,Ripening,0.0,0.1,0.1
III,Pampanga,Arayat,2024-04-23,Ripening,0.0,0.08,0.0
III,Pampanga,Arayat,2024-04-24,Ripening,0.0,0.11,0.01
III,Pampanga,Arayat,2024-04-25,Ripening,0.0,0.02,0.08
III,Pampanga,Arayat,2024-04-26,Ripening,0.0,0.07,0.04
III,Pampanga,Arayat,2024-04-27,Ripening,0.0,0.02,0.12
III,Pampanga,Arayat,2024-04-28,Ripening,0.0,0.0,0.12
III,Pampanga,Arayat,2024-04-29,Ripening,1.0,0.07,0.06
III,Pampanga,Arayat,2024-04-30,Ripening,0.0,0.07,0.09
III,Pampanga,Arayat,2024-05-01,Seedling,0.0,0.16,0.16
III,Pampanga,Arayat,2024-05-02,Seedling,0.0,0.05,0.14
III,Pampanga,Arayat,2024-05-03,Seedling,0.0,0.14,0.0
III,Pampanga,Arayat,2024-05-04,Seedling,0.0,0.1,0.0
III,Pampanga,Arayat,2024-05-05,Seedling,0.0,0.0,0.21
III,Pampanga,Arayat,2024-05-06,Seedling,0.0,0.03,0.02
III,Pampanga,Arayat,2024-05-07,Seedling,0.0,0.15,0.09
III,Pampanga,Arayat,2024-05-08,Seedling,0.0,0.0,0.1
III,Pampanga,Arayat,2024-05-09,Seedling,0.0,0.12,0.02
III,Pampanga,Arayat,2024-05-10,Seedling,0.0,0.0,0.21
III,Pampanga,Arayat,2024-05-11,Seedling,0.0,0.0,0.14
III,Pampanga,Arayat,2024-05-12,Seedling,0.0,0.2,0.0
III,Pampanga,Arayat,2024-05-13,Seedling,0.0,0.06,0.11
III,Pampanga,Arayat,2024-05-14,Seedling,0.0,0.31,0.11
III,Pampanga,Arayat,2024-05-15,Seedling,0.0,0.02,0.1
III,Pampanga,Arayat,2024-05-16,Seedling,0.0,0.05,0.06
III,Pampanga,Arayat,2024-05-17,Seedling,0.0,0.0,0.01
III,Pampanga,Arayat,2024-05-18,Seedling,0.0,0.12,0.02
III,Pampanga,Arayat,2024-05-19,Seedling,0.0,0.02,0.2
III,Pampanga,Arayat,2024-05-20,Seedling,0.0,0.09,0.12
III,Pampanga,Arayat,2024-05-21,Seedling,0.0,0.2,0.0
III,Pampanga,Arayat,2024-05-22,Seedling,0.0,0.05,0.26
III,Pampanga,Arayat,2024-05-23,Seedling,1.0,0.17,0.13
III,Pampanga,Arayat,2024-05-24,Seedling,0.0,0.0,0.1
III,Pampanga,Arayat,2024-05-25,Seedling,0.0,0.08,0.0
III,Pampanga,Arayat,2024-05-26,Seedling,0.0,0.0,0.08
III,Pampanga,Arayat,2024-05-27,Seedling,0.0,0.02,0.13
III,Pampanga,Arayat,2024-05-28,Seedling,1.0,0.04,0.1
III,Pampanga,Arayat,2024-05-29,Seedling,0.0,0.06,0.11
III,Pampanga,Arayat,2024-05-30,Seedling,0.0,0.06,0.12
III,Pampanga,Arayat,2024-05-31,Seedling,10.0,3.31,0.15
III,Pampanga,Arayat,2024-06-01,Seedling,11.0,1.96,0.03
III,Pampanga,Arayat,2024-06-02,Seedling,12.0,2.88,0.03
III,Pampanga,Arayat,2024-06-03,Seedling,13.0,2.05,0.0
III,Pampanga,Arayat,2024-06-04,Seedling,20.0,2.35,0.11
III,Pampanga,Arayat,2024-06-05,Seedling,15.0,2.1,0.19
III,Pampanga,Arayat,2024-06-06,Seedling,16.0,2.39,0.2
III,Pampanga,Arayat,2024-06-07,Seedling,18.0,1.36,0.05
III,Pampanga,Arayat,2024-06-08,Seedling,23.0,1.26,0.07
III,Pampanga,Arayat,2024-06-09,Seedling,17.0,2.39,0.0
III,Pampanga,Arayat,2024-06-10,Seedling,31.0,1.22,0.12
III,Pampanga,Arayat,2024-06-11,Seedling,21.0,0.5,0.03
III,Pampanga,Arayat,2024-06-12,Seedling,17.0,0.27,0.18
III,Pampanga,Arayat,2024-06-13,Seedling,16.0,0.61,0.11
III,Pampanga,Arayat,2024-06-14,Seedling,28.0,0.5,0.0
III,Pampanga,Arayat,2024-06-15,Seedling,18.0,0.35,0.21
III,Pampanga,Arayat,2024-06-16,Tillering,48.0,0.0,0.0
III,Pampanga,Arayat,2024-06-17,Tillering,42.0,0.1,
III,Pampanga,Arayat,2024-06-18,Tillering,42.0,0.81,
III,Pampanga,Arayat,2024-06-19,Tillering,32.0,0.0,
III,Pampanga,Arayat,2024-06-20,Tillering,18.0,0.0,
III,Pampanga,Arayat,2024-06-21,Tillering,29.0,0.27,
III,Pampanga,Arayat,2024-06-22,TILLERING,29.0,0.91,0.0
III,Pampanga,Arayat,2024-06-23,Tillering,35.0,0.0,0.01
III,Pampanga,Arayat,2024-06-24,Tillering,27.0,0.4,0.07
III,Pampanga,Arayat,2024-06-25,Tillering,25.0,0.35,0.13
III,Pampanga,Arayat,2024-06-26,Tillering,21.0,0.0,0.19
III,Pampanga,Arayat,2024-06-27,Tillering,18.0,1.31,0.13
III,Pampanga,Arayat,2024-06-28,Tillering,18.0,2.07,0.14
III,Pampanga,Arayat,2024-06-29,Tillering,17.0,0.98,0.14
III,Pampanga,Arayat,2024-06-30,Tillering,9.0,1.39,0.1
III,Pampanga,Arayat,2024-07-01,Tillering,5.0,0.0,0.03
III,Pampanga,Arayat,2024-07-02,Tillering,14.0,0.62,0.0
III,Pampanga,Arayat,2024-07-03,Tillering,13.0,0.04,0.0
III,Pampanga,Arayat,2024-07-04,Tillering,22.0,0.77,0.0
III,Pampanga,Arayat,2024-07-05,Tillering,16.0,1.76,0.15
III,Pampanga,Arayat,2024-07-06,Tillering,18.0,1.41,0.24
III,Pampanga,Arayat,2024-07-07,Tillering,24.0,2.06,0.01
III,Pampanga,Arayat,2024-07-08,Tillering,18.0,1.65,0.13
III,Pampanga,Arayat,2024-07-09,Tillering,19.0,1.01,0.05
III,Pampanga,Arayat,2024-07-10,Tillering,23.0,0.13,0.1
III,Pampanga,Arayat,2024-07-11,Elongation,24.0,2.39,0.02
III,Pampanga,Arayat,2024-07-12,Elongation,26.0,2.98,0.2
III,Pampanga,Arayat,2024-07-13,Elongation,33.0,2.82,0.09
III,Pampanga,Arayat,2024-07-14,Elongation,19.0,3.8,0.05
III,Pampanga,Arayat,2024-07-15,Elongation,27.0,4.12,0.04
III,Pampanga,Arayat,2024-07-16,Elongation,29.0,4.44,0.16
III,Pampanga,Arayat,2024-07-17,Elongation,23.0,4.08,0.0
III,Pampanga,Arayat,2024-07-18,Elongation,29.0,3.21,0.17
III,Pampanga,Arayat,2024-07-19,Elongation,27.0,3.67,0.04
III,Pampanga,Arayat,2024-07-20,Elongation,22.0,4.74,0.0
III,Pampanga,Arayat,2024-07-21,Elongation,18.0,4.73,0.11
III,Pampanga,Arayat,2024-07-22,Elongation,15.0,6.0,0.09
III,Pampanga,Arayat,2024-07-23,Elongation,13.0,4.7,0.1
III,Pampanga,Arayat,2024-07-24,Elongation,17.0,5.35,0.14
III,Pampanga,Arayat,2024-07-25,Elongation,13.0,4.96,0.26
III,Pampanga,Arayat,2024-07-26,Elongation,14.0,4.44,0.0
III,Pampanga,Arayat,2024-07-27,Elongation,17.0,3.73,0.07
III,Pampanga,Arayat,2024-07-28,Elongation,16.0,3.69,0.07
III,Pampanga,Arayat,2024-07-29,Elongation,19.0,2.55,0.15
III,Pampanga,Arayat,2024-07-30,Elongation,9.0,2.74,0.09
III,Pampanga,Arayat,2024-07-31,Panicle,4.0,0.04,3.98
III,Pampanga,Arayat,2024-08-01,Panicle,3.0,0.12,4.32
III,Pampanga,Arayat,2024-08-02,Panicle,5.0,0.01,4.6
III,Pampanga,Arayat,2024-08-03,Panicle,6.0,0.11,5.29
III,Pampanga,Arayat,2024-08-04,Panicle,20.0,0.04,5.0
III,Pampanga,Arayat,2024-08-05,Panicle,17.0,0.0,4.48
III,Pampanga,Arayat,2024-08-06,Panicle,9.0,0.0,3.74
III,Pampanga,Arayat,2024-08-07,Panicle,13.0,0.0,4.95
III,Pampanga,Arayat,2024-08-08,Panicle,22.0,0.07,
III,Pampanga,Arayat,2024-08-09,Panicle,17.0,0.1,
III,Pampanga,Arayat,2024-08-10,Panicle,16.0,0.09,
III,Pampanga,Arayat,2024-08-11,Panicle,17.0,0.07,
III,Pampanga,Arayat,2024-08-12,Panicle,20.0,0.03,
III,Pampanga,Arayat,2024-08-13,Panicle,23.0,0.06,
III,Pampanga,Arayat,2024-08-14,Panicle,28.0,0.0,2.31
III,Pampanga,Arayat,2024-08-15,Flowering,20.0,0.03,1.92
III,Pampanga,Arayat,2024-08-16,Flowering,21.0,0.08,0.38
III,Pampanga,Arayat,2024-08-17,Flowering,12.0,0.0,0.89
III,Pampanga,Arayat,2024-08-18,Flowering,28.0,0.01,0.22
III,Pampanga,Arayat,2024-08-19,Flowering,24.0,0.11,0.04
III,Pampanga,Arayat,2024-08-20,Flowering,11.0,0.14,0.89
III,Pampanga,Arayat,2024-08-21,Flowering,15.0,0.09,0.0
III,Pampanga,Arayat,2024-08-22,Flowering,21.0,0.16,1.05
III,Pampanga,Arayat,2024-08-23,Flowering,3.0,0.13,0.78
III,Pampanga,Arayat,2024-08-24,Flowering,9.0,0.01,0.0
III,Pampanga,Arayat,2024-08-25,Flowering,4.0,0.19,0.87
III,Pampanga,Arayat,2024-08-26,Flowering,3.0,0.0,0.35
III,Pampanga,Arayat,2024-08-27,Flowering,4.0,0.16,1.24
III,Pampanga,Arayat,2024-08-28,Flowering,3.0,0.03,0.18
III,Pampanga,Arayat,2024-08-29,Flowering,5.0,0.21,1.21
III,Pampanga,Arayat,2024-08-30,Ripening,0.0,0.02,0.84
III,Pampanga,Arayat,2024-08-31,Ripening,1.0,0.02,0.25
III,Pampanga,Arayat,2024-09-01,Ripening,1.0,0.09,0.54
III,Pampanga,Arayat,2024-09-02,Ripening,1.0,0.03,0.96
III,Pampanga,Arayat,2024-09-03,Ripening,2.0,0.09,0.0
III,Pampanga,Arayat,2024-09-04,Ripening,0.0,0.09,0.76
III,Pampanga,Arayat,2024-09-05,Ripening,1.0,0.06,0.82
III,Pampanga,Arayat,2024-09-06,Ripening,2.0,0.08,0.81
III,Pampanga,Arayat,2024-09-07,Ripening,2.0,0.16,0.01
III,Pampanga,Arayat,2024-09-08,Ripening,2.0,0.0,0.36
III,Pampanga,Arayat,2024-09-09,Ripening,3.0,0.14,1.14
III,Pampanga,Arayat,2024-09-10,Ripening,2.0,0.03,0.57
III,Pampanga,Arayat,2024-09-11,Ripening,0.0,0.0,0.47
III,Pampanga,Arayat,2024-09-12,Ripening,1.0,0.0,1.55
III,Pampanga,Arayat,2024-09-13,Ripening,4.0,0.05,0.03
III,Pampanga,Arayat,2024-09-14,Ripening,2.0,0.11,0.84
III,Pampanga,Arayat,2024-09-15,Ripening,1.0,0.2,0.64
III,Pampanga,Arayat,2024-09-16,Ripening,0.0,0.11,0.61
III,Pampanga,Arayat,2024-09-17,Ripening,0.0,0.19,1.24
III,Pampanga,Arayat,2024-09-18,Ripening,2.0,0.06,1.16
III,Pampanga,Arayat,2024-09-19,Ripening,0.0,0.0,1.64
III,Pampanga,Arayat,2024-09-20,Ripening,1.0,0.02,1.61
III,Pampanga,Arayat,2024-09-21,Ripening,0.0,0.0,4.31
III,Pampanga,Arayat,2024-09-22,Ripening,0.0,0.23,6.22
III,Pampanga,Arayat,2024-09-23,Ripening,0.0,0.0,8.25
III,Pampanga,Arayat,2024-09-24,Ripening,0.0,0.06,0.03
III,Pampanga,Arayat,2024-09-25,Ripening,0.0,0.0,0.15
III,Pampanga,Arayat,2024-09-26,Ripening,0.0,0.09,0.12
III,Pampanga,Arayat,2024-09-27,Ripening,0.0,0.0,0.18
III,Pampanga,Arayat,2024-09-28,Ripening,0.0,0.0,0.0
III,Pampanga,Arayat,2024-09-29,Ripening,1.0,0.0,0.17
III,Pampanga,Arayat,2024-09-30,Ripening,0.0,0.0,0.01
III,Pampanga,Arayat,2024-10-01,Ripening,0.0,0.07,0.16
III,Pampanga,Arayat,2024-10-02,Ripening,1.0,0.03,0.17
III,Pampanga,Arayat,2024-10-03,Ripening,,0.0,0.04
III,Pampanga,Arayat,2024-10-04,Ripening,,0.07,0.11
III,Pampanga,Arayat,2024-10-05,Ripening,0.0,0.08,0.23
III,Pampanga,Arayat,2024-10-06,Ripening,0.0,0.08,0.02
III,Pampanga,Arayat,2024-10-07,Ripening,0.0,0.08,0.15
III,Pampanga,Arayat,2024-10-08,Ripening,0.0,0.15,0.13
III,Pampanga,Arayat,2024-10-09,Ripening,0.0,0.0,0.0
III,Pampanga,Arayat,2024-10-10,Ripening,0.0,0.17,0.05
III,Pampanga,Arayat,2024-10-11,Ripening,0.0,0.1,0.11
III,Pampanga,Arayat,2024-10-12,Ripening,0.0,0.0,0.0
III,Pampanga,Arayat,2024-10-13,Ripening,0.0,0.08,0.14
III,Pampanga,Arayat,2024-10-14,Ripening,0.0,0.08,0.08
III,Pampanga,Arayat,2024-10-15,Ripening,0.0,0.17,0.12
III,Pampanga,Arayat,2024-10-16,Ripening,0.0,0.02,0.06
III,Pampanga,Arayat,2024-10-17,Ripening,0.0,0.12,0.26
III,Pampanga,Arayat,2024-10-18,Ripening,0.0,0.02,
III,Pampanga,Arayat,2024-10-19,Ripening,0.0,0.11,
III,Pampanga,Arayat,2024-10-20,Ripening,0.0,0.0,
III,Pampanga,Arayat,2024-10-21,Ripening,0.0,0.03,
III,Pampanga,Arayat,2024-10-22,Ripening,0.0,0.17,0.03
III,Pampanga,Arayat,2024-10-23,Ripening,0.0,0.0,0.06
III,Pampanga,Arayat,2024-10-24,Ripening,0.0,0.09,0.14
III,Pampanga,Arayat,2024-10-25,Ripening,0.0,0.01,0.02
III,Pampanga,Arayat,2024-10-26,Ripening,0.0,0.0,0.0
III,Pampanga,Arayat,2024-10-27,Ripening,0.0,0.26,0.0
III,Pampanga,Arayat,2024-10-28,Ripening,0.0,0.12,0.06
III,Pampanga,Arayat,2024-10-29,Ripening,0.0,0.14,0.03
III,Pampanga,Arayat,2024-10-30,Seedling,0.0,0.15,0.14
III,Pampanga,Arayat,2024-10-31,Seedling,0.0,0.17,0.0
III,Pampanga,Arayat,2024-11-01,Seedling,0.0,0.17,0.0
III,Pampanga,Arayat,2024-11-02,Seedling,0.0,0.0,0.07
III,Pampanga,Arayat,2024-11-03,Seedling,0.0,0.15,0.0
III,Pampanga,Arayat,2024-11-04,Seedling,0.0,0.14,0.06
III,Pampanga,Arayat,2024-11-05,Seedling,0.0,0.08,0.02
III,Pampanga,Arayat,2024-11-06,Seedling,0.0,0.11,0.06
III,Pampanga,Arayat,2024-11-07,Seedling,0.0,0.11,0.19
III,Pampanga,Arayat,2024-11-08,Seedling,0.0,0.05,0.08
III,Pampanga,Arayat,2024-11-09,Seedling,0.0,0.05,0.0
III,Pampanga,Arayat,2024-11-10,Seedling,0.0,0.0,0.16
III,Pampanga,Arayat,2024-11-11,Seedling,0.0,0.05,0.1
III,Pampanga,Arayat,2024-11-12,Seedling,0.0,0.05,0.14
III,Pampanga,Arayat,2024-11-13,Seedling,0.0,0.06,0.03
III,Pampanga,Arayat,2024-11-14,Seedling,0.0,0.0,0.31
III,Pampanga,Arayat,2024-11-15,Seedling,0.0,0.0,0.13
III,Pampanga,Arayat,2024-11-16,Seedling,0.0,,0.0
III,Pampanga,Arayat,2024-11-17,Seedling,0.0,,0.12
III,Pampanga,Arayat,2024-11-18,Seedling,0.0,,0.14
III,Pampanga,Arayat,2024-11-19,Seedling,,0.11,0.12
III,Pampanga,Arayat,2024-11-20,Seedling,,0.14,0.11
III,Pampanga,Arayat,2024-11-21,Seedling,,0.17,0.02
III,Pampanga,Arayat,2024-11-22,Seedling,,0.06,0.07
III,Pampanga,Arayat,2024-11-23,Seedling,,0.08,0.15
III,Pampanga,Arayat,2024-11-24,Seedling,0.0,0.13,0.17
III,Pampanga,Arayat,2024-11-25,Seedling,0.0,0.03,0.14
III,Pampanga,Arayat,2024-11-26,Seedling,0.0,0.12,0.15
III,Pampanga,Arayat,2024-11-27,Seedling,0.0,0.19,0.19
III,Pampanga,Arayat,2024-11-28,Seedling,0.0,0.01,0.07
III,Pampanga,Arayat,2024-11-29,Seedling,0.0,0.04,0.05
III,Pampanga,Arayat,2024-11-30,Seedling,0.0,0.06,
III,Pampanga,Arayat,2024-12-01,Seedling,0.0,0.15,
III,Pampanga,Arayat,2024-12-02,Seedling,0.0,0.07,0.0
III,Pampanga,Arayat,2024-12-03,Seedling,0.0,0.14,0.09
III,Pampanga,Arayat,2024-12-04,Seedling,0.0,0.0,0.16
III,Pampanga,Arayat,2024-12-05,Seedling,0.0,0.02,0.11
III,Pampanga,Arayat,2024-12-06,Seedling,1.0,0.59,0.1
III,Pampanga,Arayat,2024-12-07,Seedling,1.0,0.06,0.0
III,Pampanga,Arayat,2024-12-08,Seedling,0.0,0.79,0.0
III,Pampanga,Arayat,2024-12-09,Seedling,1.0,0.0,0.03
III,Pampanga,Arayat,2024-12-10,Seedling,0.0,0.0,0.04
III,Pampanga,Arayat,2024-12-11,Seedling,3.0,0.84,0.11
III,Pampanga,Arayat,2024-12-12,Seedling,0.0,0.08,0.03
III,Pampanga,Arayat,2024-12-13,Seedling,1.0,0.53,
III,Pampanga,Arayat,2024-12-14,Seedling,0.0,0.53,
III,Pampanga,Arayat,2024-12-15,Seedling,1.0,0.75,
III,Pampanga,Arayat,2024-12-16,Seedling,1.0,0.89,0.07
III,Pampanga,Arayat,2024-12-17,Seedling,0.0,0.75,0.0
III,Pampanga,Arayat,2024-12-18,Seedling,0.0,0.17,0.06
III,Pampanga,Arayat,2024-12-19,Seedling,0.0,0.2,0.12
III,Pampanga,Arayat,2024-12-20,Seedling,1.0,0.89,0.05
III,Pampanga,Arayat,2024-12-21,Tillering,3.0,0.28,0.19
III,Pampanga,Arayat,2024-12-22,Tillering,,1.22,0.28
III,Pampanga,Arayat,2024-12-23,Tillering,,0.42,0.0
III,Pampanga,Arayat,2024-12-24,Tillering,,0.46,0.06
III,Pampanga,Arayat,2024-12-25,Tillering,,0.23,0.02
III,Pampanga,Arayat,2024-12-26,Tillering,4.0,0.49,0.0
III,Pampanga,Arayat,2024-12-27,Tillering,0.0,1.08,0.0
III,Pampanga,Arayat,2024-12-28,Tillering,3.0,0.2,0.02
III,Pampanga,Arayat,2024-12-29,Tillering,3.0,0.78,0.14
III,Pampanga,Arayat,2024-12-30,Tillering,0.0,0.53,0.12
III,Pampanga,Arayat,2024-12-31,Tillering,5.0,0.86,0.06
III,Nueva Ecija,Cabanatuan City,2019-01-01,Tillering,1.0,0.56,0.04
III,Nueva Ecija,Cabanatuan City,2019-01-02,Tillering,2.0,0.0,0.07
III,Nueva Ecija,Cabanatuan City,2019-01-03,Tillering,1.0,1.01,0.09
III,Nueva Ecija,Cabanatuan City,2019-01-04,Tillering,0.0,1.05,0.07
III,Nueva Ecija,Cabanatuan City,2019-01-05,Tillering,0.0,0.44,0.0
III,Nueva Ecija,Cabanatuan City,2019-01-06,Tillering,0.0,0.48,0.12
III,Nueva Ecija,Cabanatuan City,2019-01-07,Tillering,1.0,0.46,0.07
III,Nueva Ecija,Cabanatuan City,2019-01-08,Tillering,1.0,0.31,0.07
III,Nueva Ecija,Cabanatuan City,2019-01-09,Tillering,2.0,0.0,0.16
III,Nueva Ecija,Cabanatuan City,2019-01-10,Tillering,2.0,0.29,0.06
III,Nueva Ecija,Cabanatuan City,2019-01-11,Tillering,3.0,0.02,0.0
III,Nueva Ecija,Cabanatuan City,2019-01-12,Tillering,2.0,0.0,0.0
III,Nueva Ecija,Cabanatuan City,2019-01-13,Tillering,2.0,0.08,0.03
III,Nueva Ecija,Cabanatuan City,2019-01-14,Tillering,4.0,0.69,0.07
III,Nueva Ecija,Cabanatuan City,2019-01-15,Tillering,3.0,0.36,0.17
III,Nueva Ecija,Cabanatuan City,2019-01-16,Tillering,1.0,0.0,0.11
III,Nueva Ecija,Cabanatuan City,2019-01-17,Elongation,1.0,1.11,0.0
III,Nueva Ecija,Cabanatuan City,2019-01-18,Elongation,1.0,1.94,0.15
III,Nueva Ecija,Cabanatuan City,2019-01-19,Elongation,2.0,1.26,0.07
III,Nueva Ecija,Cabanatuan City,2019-01-20,Elongation,1.0,1.19,0.21
III,Nueva Ecija,Cabanatuan City,2019-01-21,Elongation,1.0,1.21,0.1
III,Nueva Ecija,Cabanatuan City,2019-01-22,Elongation,1.0,0.2,0.06
III,Nueva Ecija,Cabanatuan City,2019-01-23,Elongation,1.0,1.29,0.11
III,Nueva Ecija,Cabanatuan City,2019-01-24,Elongation,1.0,0.54,0.05
III,Nueva Ecija,Cabanatuan City,2019-01-25,Elongation,0.0,0.0,0.11
III,Nueva Ecija,Cabanatuan City,2019-01-26,Elongation,2.0,1.85,0.06
III,Nueva Ecija,Cabanatuan City,2019-01-27,Elongation,0.0,1.13,0.03
III,Nueva Ecija,Cabanatuan City,2019-01-28,Elongation,0.0,0.28,0.02
III,Nueva Ecija,Cabanatuan City,2019-01-29,Elongation,1.0,0.31,0.0
III,Nueva Ecija,Cabanatuan City,2019-01-30,Elongation,2.0,0.55,0.11
III,Nueva Ecija,Cabanatuan City,2019-01-31,Elongation,4.0,0.52,0.18
III,Nueva Ecija,Cabanatuan City,2019-02-01,Elongation,0.0,0.36,0.16
III,Nueva Ecija,Cabanatuan City,2019-02-02,Elongation,2.0,1.16,0.11
III,Nueva Ecija,Cabanatuan City,2019-02-03,Elongation,1.0,0.05,0.16
III,Nueva Ecija,Cabanatuan City,2019-02-04,Elongation,6.0,0.09,0.14
III,Nueva Ecija,Cabanatuan City,2019-02-05,Elongation,0.0,0.0,0.04
III,Nueva Ecija,Cabanatuan City,2019-02-06,Panicle,1.0,0.06,1.11
III,Nueva Ecija,Cabanatuan City,2019-02-07,Panicle,2.0,0.08,0.65
III,Nueva Ecija,Cabanatuan City,2019-02-08,Panicle,3.0,0.11,0.82
III,Nueva Ecija,Cabanatuan City,2019-02-09,Panicle,2.0,0.16,0.97
III,Nueva Ecija,Cabanatuan City,2019-02-10,Panicle,1.0,0.05,1.81
III,Nueva Ecija,Cabanatuan City,2019-02-11,Panicle,1.0,0.06,0.96
III,Nueva Ecija,Cabanatuan City,2019-02-12,Panicle,0.0,0.1,0.91
III,Nueva Ecija,Cabanatuan City,2019-02-13,Panicle,1.0,0.14,0.0
III,Nueva Ecija,Cabanatuan City,2019-02-14,Panicle,3.0,0.04,1.56
III,Nueva Ecija,Cabanatuan City,2019-02-15,Panicle,2.0,0.03,0.77
III,Nueva Ecija,Cabanatuan City,2019-02-16,Panicle,0.0,0.14,1.86
III,Nueva Ecija,Cabanatuan City,2019-02-17,Panicle  ,0.0,0.12,0.16
III,Nueva Ecija,Cabanatuan City,2019-02-18,Panicle,1.0,0.08,0.11
III,Nueva Ecija,Cabanatuan City,2019-02-19,Panicle,1.0,0.07,1.75
III,Nueva Ecija,Cabanatuan City,2019-02-20,Panicle,0.0,0.0,1.32
III,Nueva Ecija,Cabanatuan City,2019-02-21,Panicle,2.0,0.0,1.79
III,Nueva Ecija,Cabanatuan City,2019-02-22,Flowering,2.0,0.18,2.05
III,Nueva Ecija,Cabanatuan City,2019-02-23,Flowering,4.0,0.14,2.26
III,Nueva Ecija,Cabanatuan City,2019-02-24,Flowering,2.0,0.11,3.2
III,Nueva Ecija,Cabanatuan City,2019-02-25,Flowering,7.0,0.08,3.41
III,Nueva Ecija,Cabanatuan City,2019-02-26,Flowering,4.0,0.07,5.59
III,Nueva Ecija,Cabanatuan City,2019-02-27,Flowering,9.0,0.09,5.02
III,Nueva Ecija,Cabanatuan City,2019-02-28,Flowering,0.0,0.01,4.48
III,Nueva Ecija,Cabanatuan City,2019-03-01,Flowering,1.0,0.0,5.11
III,Nueva Ecija,Cabanatuan City,2019-03-02,Flowering,2.0,0.0,
III,Nueva Ecija,Cabanatuan City,2019-03-03,Flowering,0.0,0.0,
III,Nueva Ecija,Cabanatuan City,2019-03-04,Flowering,1.0,0.04,
III,Nueva Ecija,Cabanatuan City,2019-03-05,Flowering,1.0,0.09,
III,Nueva Ecija,Cabanatuan City,2019-03-06,Flowering,3.0,0.14,6.22
III,Nueva Ecija,Cabanatuan City,2019-03-07,Flowering,0.0,0.19,8.03
III,Nueva Ecija,Cabanatuan City,2019-03-08,Flowering,1.0,0.0,6.23
III,Nueva Ecija,Cabanatuan City,2019-03-09,Ripening,2.0,0.12,6.48
III,Nueva Ecija,Cabanatuan City,2019-03-10,Ripening,1.0,0.09,6.01
III,Nueva Ecija,Cabanatuan City,2019-03-11,Ripening,0.0,0.0,6.5
III,Nueva Ecija,Cabanatuan City,2019-03-12,Ripening,0.0,0.18,5.88
III,Nueva Ecija,Cabanatuan City,2019-03-13,Ripening,1.0,0.1,6.52
III,Nueva Ecija,Cabanatuan City,2019-03-14,Ripening,0.0,0.0,7.33
III,Nueva Ecija,Cabanatuan City,2019-03-15,Ripening,0.0,0.05,7.56
III,Nueva Ecija,Cabanatuan City,2019-03-16,Ripening,0.0,0.15,6.65
III,Nueva Ecija,Cabanatuan City,2019-03-17,Ripening,2.0,0.08,5.32
III,Nueva Ecija,Cabanatuan City,2019-03-18,Ripening,1.0,0.2,6.07
III,Nueva Ecija,Cabanatuan City,2019-03-19,Ripening,1.0,0.0,5.63
III,Nueva Ecija,Cabanatuan City,2019-03-20,Ripening,2.0,0.11,4.39
III,Nueva Ecija,Cabanatuan City,2019-03-21,Ripening,5.0,0.05,4.12
III,Nueva Ecija,Cabanatuan City,2019-03-22,Ripening,0.0,0.02,2.84
III,Nueva Ecija,Cabanatuan City,2019-03-23,Ripening,3.0,0.0,3.72
III,Nueva Ecija,Cabanatuan City,2019-03-24,Ripening,4.0,0.05,2.32
III,Nueva Ecija,Cabanatuan City,2019-03-25,Ripening,4.0,0.12,0.46
III,Nueva Ecija,Cabanatuan City,2019-03-26,Ripening,2.0,0.07,0.0
III,Nueva Ecija,Cabanatuan City,2019-03-27,Ripening,6.0,0.19,0.0
III,Nueva Ecija,Cabanatuan City,2019-03-28,Ripening,4.0,0.09,0.0
III,Nueva Ecija,Cabanatuan City,2019-03-29,Ripening,4.0,0.06,0.0
III,Nueva Ecija,Cabanatuan City,2019-03-30,Ripening,4.0,0.16,1.57
III,Nueva Ecija,Cabanatuan City,2019-03-31,Ripening,4.0,0.15,0.0
III,Nueva Ecija,Cabanatuan City,2019-04-01,Ripening,7.0,0.0,1.34
III,Nueva Ecija,Cabanatuan City,2019-04-02,Ripening,2.0,0.06,0.0
III,Nueva Ecija,Cabanatuan City,2019-04-03,Ripening,0.0,0.0,0.03
III,Nueva Ecija,Cabanatuan City,2019-04-04,Ripening,0.0,0.22,0.0
III,Nueva Ecija,Cabanatuan City,2019-04-05,Ripening,0.0,0.04,0.02
III,Nueva Ecija,Cabanatuan City,2019-04-06,Ripening,0.0,0.03,0.0
III,Nueva Ecija,Cabanatuan City,2019-04-07,Ripening,0.0,0.0,0.0
III,Nueva Ecija,Cabanatuan City,2019-04-08,Ripening,0.0,0.11,0.01
III,Nueva Ecija,Cabanatuan City,2019-04-09,Ripening,0.0,0.0,0.13
III,Nueva Ecija,Cabanatuan City,2019-04-10,Ripening,0.0,0.0,0.0
III,Nueva Ecija,Cabanatuan City,2019-04-11,Ripening,0.0,0.1,0.16
III,Nueva Ecija,Cabanatuan City,2019-04-12,Ripening,1.0,0.14,0.12
III,Nueva Ecija,Cabanatuan City,2019-04-13,Ripening,0.0,0.11,0.0
III,Nueva Ecija,Cabanatuan City,2019-04-14,Ripening,0.0,0.0,0.15
III,Nueva Ecija,Cabanatuan City,2019-04-15,Ripening,0.0,0.11,0.08
III,Nueva Ecija,Cabanatuan City,2019-04-16,Ripening,0.0,0.18,0.03
III,Nueva Ecija,Cabanatuan City,2019-04-17,Ripening,0.0,0.1,0.06
III,Nueva Ecija,Cabanatuan City,2019-04-18,Ripening,0.0,0.0,0.14
III,Nueva Ecija,Cabanatuan City,2019-04-19,Ripening,0.0,0.02,0.19
III,Nueva Ecija,Cabanatuan City,2019-04-20,Ripening,0.0,0.05,0.06
III,Nueva Ecija,Cabanatuan City,2019-04-21,Ripening,0.0,0.13,0.0
III,Nueva Ecija,Cabanatuan City,2019-04-22,Ripening,0.0,0.15,0.04
III,Nueva Ecija,Cabanatuan City,2019-04-23,Ripening,0.0,0.0,0.02
III,Nueva Ecija,Cabanatuan City,2019-04-24,Ripening,0.0,0.05,0.0
III,Nueva Ecija,Cabanatuan City,2019-04-25,Ripening,0.0,0.04,0.01
III,Nueva Ecija,Cabanatuan City,2019-04-26,Ripening,1.0,0.0,0.08
III,Nueva Ecija,Cabanatuan City,2019-04-27,Ripening,0.0,0.13,0.0
III,Nueva Ecija,Cabanatuan City,2019-04-28,Ripening,0.0,0.0,0.09
III,Nueva Ecija,Cabanatuan City,2019-04-29,Ripening,0.0,0.12,0.13
III,Nueva Ecija,Cabanatuan City,2019-04-30,Ripening,0.0,0.09,0.09
III,Nueva Ecija,Cabanatuan City,2019-05-01,Ripening,0.0,0.03,0.07
III,Nueva Ecija,Cabanatuan City,2019-05-02,Ripening,0.0,0.21,0.17
III,Nueva Ecija,Cabanatuan City,2019-05-03,Seedling,0.0,0.12,0.08
III,Nueva Ecija,Cabanatuan City,2019-05-04,Seedling,0.0,0.12,0.0
III,Nueva Ecija,Cabanatuan City,2019-05-05,Seedling,0.0,0.11,0.19
III,Nueva Ecija,Cabanatuan City,2019-05-06,Seedling,0.0,0.14,0.01
III,Nueva Ecija,Cabanatuan City,2019-05-07,Seedling,0.0,0.1,0.06
III,Nueva Ecija,Cabanatuan City,2019-05-08,Seedling,0.0,0.05,0.0
III,Nueva Ecija,Cabanatuan City,2019-05-09,Seedling,0.0,0.0,0.0
III,Nueva Ecija,Cabanatuan City,2019-05-10,Seedling,1.0,0.0,0.19
III,Nueva Ecija,Cabanatuan City,2019-05-11,Seedling,0.0,0.12,0.2
III,Nueva Ecija,Cabanatuan City,2019-05-12,Seedling  ,0.0,0.04,0.06
III,Nueva Ecija,Cabanatuan City,2019-05-13,Seedling,0.0,0.0,0.12
III,Nueva Ecija,Cabanatuan City,2019-05-14,Seedling,0.0,0.14,0.05
III,Nueva Ecija,Cabanatuan City,2019-05-15,Seedling,0.0,0.07,0.0
III,Nueva Ecija,Cabanatuan City,2019-05-16,Seedling,0.0,0.1,0.07
III,Nueva Ecija,Cabanatuan City,2019-05-17,Seedling,0.0,0.0,0.12
III,Nueva Ecija,Cabanatuan City,2019-05-18,Seedling,0.0,0.21,0.14
III,Nueva Ecija,Cabanatuan City,2019-05-19,Seedling,0.0,0.12,0.05
III,Nueva Ecija,Cabanatuan City,2019-05-20,Seedling,0.0,0.24,0.13
III,Nueva Ecija,Cabanatuan City,2019-05-21,Seedling,0.0,,0.12
III,Nueva Ecija,Cabanatuan City,2019-05-22,Seedling,0.0,,0.03
III,Nueva Ecija,Cabanatuan City,2019-05-23,Seedling,0.0,,0.22
III,Nueva Ecija,Cabanatuan City,2019-05-24,Seedling,0.0,,0.1
III,Nueva Ecija,Cabanatuan City,2019-05-25,Seedling,0.0,,0.07
III,Nueva Ecija,Cabanatuan City,2019-05-26,Seedling,0.0,0.15,0.13
III,Nueva Ecija,Cabanatuan City,2019-05-27,Seedling,0.0,0.04,0.16
III,Nueva Ecija,Cabanatuan City,2019-05-28,Seedling,0.0,0.0,0.0
III,Nueva Ecija,Cabanatuan City,2019-05-29,Seedling,0.0,0.19,0.07
III,Nueva Ecija,Cabanatuan City,2019-05-30,Seedling,0.0,0.05,0.05
III,Nueva Ecija,Cabanatuan City,2019-05-31,Seedling,0.0,0.16,0.06
III,Nueva Ecija,Cabanatuan City,2019-06-01,Seedling,1.0,0.0,0.13
III,Nueva Ecija,Cabanatuan City,2019-06-02,Seedling,0.0,0.05,0.14
III,Nueva Ecija,Cabanatuan City,2019-06-03,Seedling,9.0,0.38,0.03
III,Nueva Ecija,Cabanatuan City,2019-06-04,Seedling,15.0,0.37,0.0
III,Nueva Ecija,Cabanatuan City,2019-06-05,Seedling,12.0,0.17,0.06
III,Nueva Ecija,Cabanatuan City,2019-06-06,Seedling,12.0,1.19,0.01
III,Nueva Ecija,Cabanatuan City,2019-06-07,Seedling,13.0,1.85,0.0
III,Nueva Ecija,Cabanatuan City,2019-06-08,Seedling,10.0,2.03,0.09
III,Nueva Ecija,Cabanatuan City,2019-06-09,Seedling,14.0,2.26,0.27
III,Nueva Ecija,Cabanatuan City,2019-06-10,Seedling,12.0,2.95,0.21
III,Nueva Ecija,Cabanatuan City,2019-06-11,Seedling,18.0,2.22,0.07
III,Nueva Ecija,Cabanatuan City,2019-06-12,Seedling,13.0,1.5,0.08
III,Nueva Ecija,Cabanatuan City,2019-06-13,Seedling,17.0,1.65,0.09
III,Nueva Ecija,Cabanatuan City,2019-06-14,Seedling,13.0,0.43,
III,Nueva Ecija,Cabanatuan City,2019-06-15,Seedling,16.0,0.22,
III,Nueva Ecija,Cabanatuan City,2019-06-16,Seedling,11.0,0.12,
III,Nueva Ecija,Cabanatuan City,2019-06-17,Seedling,10.0,0.0,
III,Nueva Ecija,Cabanatuan City,2019-06-18,Tillering,19.0,0.0,
III,Nueva Ecija,Cabanatuan City,2019-06-19,Tillering,24.0,1.24,0.12
III,Nueva Ecija,Cabanatuan City,2019-06-20,Tillering,23.0,0.0,0.07
III,Nueva Ecija,Cabanatuan City,2019-06-21,Tillering,33.0,1.23,0.01
III,Nueva Ecija,Cabanatuan City,2019-06-22,Tillering,22.0,0.0,0.19
III,Nueva Ecija,Cabanatuan City,2019-06-23,Tillering,24.0,0.41,0.04
III,Nueva Ecija,Cabanatuan City,2019-06-24,Tillering,24.0,0.0,0.12
III,Nueva Ecija,Cabanatuan City,2019-06-25,Tillering,13.0,0.48,0.18
III,Nueva Ecija,Cabanatuan City,2019-06-26,Tillering,16.0,0.0,0.0
III,Nueva Ecija,Cabanatuan City,2019-06-27,Tillering,10.0,0.73,0.17
III,Nueva Ecija,Cabanatuan City,2019-06-28,Tillering,9.0,0.51,0.13
III,Nueva Ecija,Cabanatuan City,2019-06-29,Tillering,15.0,0.44,0.01
III,Nueva Ecija,Cabanatuan City,2019-06-30,Tillering,6.0,0.62,0.0
III,Nueva Ecija,Cabanatuan City,2019-07-01,Tillering,5.0,0.88,0.0
III,Nueva Ecija,Cabanatuan City,2019-07-02,Tillering,9.0,0.0,0.12
III,Nueva Ecija,Cabanatuan City,2019-07-03,Tillering,6.0,1.31,0.17
III,Nueva Ecija,Cabanatuan City,2019-07-04,Tillering,5.0,1.58,0.02
III,Nueva Ecija,Cabanatuan City,2019-07-05,Tillering,7.0,1.64,0.12
III,Nueva Ecija,Cabanatuan City,2019-07-06,Tillering,9.0,1.49,0.13
III,Nueva Ecija,Cabanatuan City,2019-07-07,Tillering,12.0,2.05,0.0
III,Nueva Ecija,Cabanatuan City,2019-07-08,Tillering,8.0,,0.14
III,Nueva Ecija,Cabanatuan City,2019-07-09,Tillering,11.0,,0.03
III,Nueva Ecija,Cabanatuan City,2019-07-10,Tillering,22.0,,0.03
III,Nueva Ecija,Cabanatuan City,2019-07-11,Tillering,22.0,,0.16
III,Nueva Ecija,Cabanatuan City,2019-07-12,Tillering,19.0,,0.05
III,Nueva Ecija,Cabanatuan City,2019-07-13,Tillering,29.0,2.99,0.35
III,Nueva Ecija,Cabanatuan City,2019-07-14,Elongation,26.0,6.78,0.0
III,Nueva Ecija,Cabanatuan City,2019-07-15,Elongation,18.0,7.03,0.17
III,Nueva Ecija,Cabanatuan City,2019-07-16,Elongation,21.0,6.0,0.15
III,Nueva Ecija,Cabanatuan City,2019-07-17,Elongation,17.0,5.42,0.03
III,Nueva Ecija,Cabanatuan City,2019-07-18,Elongation,12.0,5.7,0.2
III,Nueva Ecija,Cabanatuan City,2019-07-19,Elongation,11.0,4.26,0.0
III,Nueva Ecija,Cabanatuan City,2019-07-20,Elongation,10.0,3.68,0.04
III,Nueva Ecija,Cabanatuan City,2019-07-21,Elongation,9.0,2.27,0.09
III,Nueva Ecija,Cabanatuan City,2019-07-22,Elongation,8.0,2.42,0.09
III,Nueva Ecija,Cabanatuan City,2019-07-23,Elongation,1.0,0.5,0.16
III,Nueva Ecija,Cabanatuan City,2019-07-24,Elongation,2.0,0.45,0.13
III,Nueva Ecija,Cabanatuan City,2019-07-25,Elongation,3.0,0.73,0.07
III,Nueva Ecija,Cabanatuan City,2019-07-26,Elongation,2.0,1.08,0.0
III,Nueva Ecija,Cabanatuan City,2019-07-27,Elongation,2.0,1.36,0.22
III,Nueva Ecija,Cabanatuan City,2019-07-28,Elongation,2.0,2.87,0.0
III,Nueva Ecija,Cabanatuan City,2019-07-29,Elongation,2.0,3.96,0.0
III,Nueva Ecija,Cabanatuan City,2019-07-30,Elongation,6.0,5.98,0.12
III,Nueva Ecija,Cabanatuan City,2019-07-31,Elongation,3.0,6.67,0.24
III,Nueva Ecija,Cabanatuan City,2019-08-01,Elongation,4.0,6.33,0.03
III,Nueva Ecija,Cabanatuan City,2019-08-02,Panicle,7.0,0.0,11.46
III,Nueva Ecija,Cabanatuan City,2019-08-03,Panicle,12.0,0.16,11.96
III,Nueva Ecija,Cabanatuan City,2019-08-04,Panicle,6.0,0.07,11.0
III,Nueva Ecija,Cabanatuan City,2019-08-05,Panicle,10.0,0.17,13.31
III,Nueva Ecija,Cabanatuan City,2019-08-06,Panicle,11.0,0.14,13.63
III,Nueva Ecija,Cabanatuan City,2019-08-07,Panicle,10.0,0.1,13.4
III,Nueva Ecija,Cabanatuan City,2019-08-08,Panicle,8.0,0.06,13.52
III,Nueva Ecija,Cabanatuan City,2019-08-09,Panicle,14.0,0.04,
III,Nueva Ecija,Cabanatuan City,2019-08-10,Panicle,12.0,0.11,
III,Nueva Ecija,Cabanatuan City,2019-08-11,Panicle,14.0,0.06,
III,Nueva Ecija,Cabanatuan City,2019-08-12,Panicle,11.0,0.14,
III,Nueva Ecija,Cabanatuan City,2019-08-13,Panicle,11.0,0.2,
III,Nueva Ecija,Cabanatuan City,2019-08-14,Panicle,12.0,0.0,4.57
III,Nueva Ecija,Cabanatuan City,2019-08-15,Panicle,17.0,0.0,3.57
III,Nueva Ecija,Cabanatuan City,2019-08-16,Panicle,13.0,0.02,1.97
III,Nueva Ecija,Cabanatuan City,2019-08-17,Flowering,5.0,0.11,0.79
III,Nueva Ecija,Cabanatuan City,2019-08-18,FLOWERING,11.0,0.13,1.73
III,Nueva Ecija,Cabanatuan City,2019-08-19,Flowering,14.0,0.15,0.0
III,Nueva Ecija,Cabanatuan City,2019-08-20,Flowering,13.0,0.0,0.0
III,Nueva Ecija,Cabanatuan City,2019-08-21,Flowering,10.0,0.16,1.4
III,Nueva Ecija,Cabanatuan City,2019-08-22,Flowering,16.0,0.0,0.44
III,Nueva Ecija,Cabanatuan City,2019-08-23,Flowering,14.0,0.06,0.58
III,Nueva Ecija,Cabanatuan City,2019-08-24,Flowering,14.0,0.17,
III,Nueva Ecija,Cabanatuan City,2019-08-25,Flowering,10.0,0.15,
III,Nueva Ecija,Cabanatuan City,2019-08-26,Flowering,15.0,0.01,
III,Nueva Ecija,Cabanatuan City,2019-08-27,Flowering,15.0,0.14,
III,Nueva Ecija,Cabanatuan City,2019-08-28,Flowering,24.0,0.14,0.32
III,Nueva Ecija,Cabanatuan City,2019-08-29,Flowering,15.0,0.15,0.24
III,Nueva Ecija,Cabanatuan City,2019-08-30,Flowering,12.0,0.02,0.3
III,Nueva Ecija,Cabanatuan City,2019-08-31,Flowering,16.0,0.03,0.97
III,Nueva Ecija,Cabanatuan City,2019-09-01,Ripening,11.0,0.15,0.41
III,Nueva Ecija,Cabanatuan City,2019-09-02,Ripening,16.0,0.05,0.41
III,Nueva Ecija,Cabanatuan City,2019-09-03,Ripening,9.0,0.1,1.78
III,Nueva Ecija,Cabanatuan City,2019-09-04,Ripening,11.0,0.07,0.44
III,Nueva Ecija,Cabanatuan City,2019-09-05,Ripening,9.0,0.0,0.49
III,Nueva Ecija,Cabanatuan City,2019-09-06,Ripening,5.0,0.1,0.16
III,Nueva Ecija,Cabanatuan City,2019-09-07,Ripening,7.0,0.0,1.19
III,Nueva Ecija,Cabanatuan City,2019-09-08,Ripening,7.0,0.05,0.38
III,Nueva Ecija,Cabanatuan City,2019-09-09,Ripening,7.0,0.16,1.77
III,Nueva Ecija,Cabanatuan City,2019-09-10,Ripening,14.0,0.17,1.62
III,Nueva Ecija,Cabanatuan City,2019-09-11,Ripening,13.0,0.08,2.32
III,Nueva Ecija,Cabanatuan City,2019-09-12,Ripening,9.0,0.0,2.0
III,Nueva Ecija,Cabanatuan City,2019-09-13,Ripening,2.0,0.09,3.63
III,Nueva Ecija,Cabanatuan City,2019-09-14,Ripening,6.0,0.04,1.55
III,Nueva Ecija,Cabanatuan City,2019-09-15,Ripening,1.0,0.0,3.56
III,Nueva Ecija,Cabanatuan City,2019-09-16,Ripening,1.0,0.09,2.06
III,Nueva Ecija,Cabanatuan City,2019-09-17,Ripening,0.0,0.1,4.49
III,Nueva Ecija,Cabanatuan City,2019-09-18,Ripening,0.0,0.11,4.61
III,Nueva Ecija,Cabanatuan City,2019-09-19,Ripening,0.0,0.26,4.75
III,Nueva Ecija,Cabanatuan City,2019-09-20,Ripening,0.0,0.22,4.53
III,Nueva Ecija,Cabanatuan City,2019-09-21,Ripening,2.0,0.19,2.96
III,Nueva Ecija,Cabanatuan City,2019-09-22,Ripening,2.0,0.09,1.4
III,Nueva Ecija,Cabanatuan City,2019-09-23,Ripening,1.0,0.0,0.95
III,Nueva Ecija,Cabanatuan City,2019-09-24,Ripening,1.0,0.09,0.0
III,Nueva Ecija,Cabanatuan City,2019-09-25,Ripening,1.0,0.04,0.0
III,Nueva Ecija,Cabanatuan City,2019-09-26,Ripening,0.0,0.14,0.02
III,Nueva Ecija,Cabanatuan City,2019-09-27,Ripening,0.0,0.02,0.18
III,Nueva Ecija,Cabanatuan City,2019-09-28,Ripening,0.0,0.01,0.02
III,Nueva Ecija,Cabanatuan City,2019-09-29,Ripening,0.0,0.04,0.08
III,Nueva Ecija,Cabanatuan City,2019-09-30,ripening,0.0,0.08,0.08
III,Nueva Ecija,Cabanatuan City,2019-10-01,Ripening,0.0,0.05,0.0
III,Nueva Ecija,Cabanatuan City,2019-10-02,Ripening,0.0,0.13,0.0
III,Nueva Ecija,Cabanatuan City,2019-10-03,Ripening,0.0,0.0,0.06
III,Nueva Ecija,Cabanatuan City,2019-10-04,Ripening,1.0,0.11,
III,Nueva Ecija,Cabanatuan City,2019-10-05,Ripening,0.0,0.06,
III,Nueva Ecija,Cabanatuan City,2019-10-06,Ripening,0.0,0.0,
III,Nueva Ecija,Cabanatuan City,2019-10-07,Ripening,1.0,0.0,
III,Nueva Ecija,Cabanatuan City,2019-10-08,Ripening,0.0,0.07,
III,Nueva Ecija,Cabanatuan City,2019-10-09,Ripening,0.0,0.05,0.07
III,Nueva Ecija,Cabanatuan City,2019-10-10,Ripening,0.0,0.06,0.13
III,Nueva Ecija,Cabanatuan City,2019-10-11,Ripening,0.0,0.0,0.14
III,Nueva Ecija,Cabanatuan City,2019-10-12,Ripening,0.0,0.18,0.03
III,Nueva Ecija,Cabanatuan City,2019-10-13,Ripening,0.0,0.04,0.0
III,Nueva Ecija,Cabanatuan City,2019-10-14,Ripening,0.0,0.0,0.11
III,Nueva Ecija,Cabanatuan City,2019-10-15,Ripening,0.0,0.08,0.0
III,Nueva Ecija,Cabanatuan City,2019-10-16,Ripening,0.0,0.07,0.19
III,Nueva Ecija,Cabanatuan City,2019-10-17,Ripening,0.0,0.12,0.04
III,Nueva Ecija,Cabanatuan City,2019-10-18,Ripening,0.0,0.19,0.34
III,Nueva Ecija,Cabanatuan City,2019-10-19,Ripening,0.0,0.03,0.16
III,Nueva Ecija,Cabanatuan City,2019-10-20,Ripening,0.0,0.0,0.14
III,Nueva Ecija,Cabanatuan City,2019-10-21,Ripening,0.0,0.0,0.13
III,Nueva Ecija,Cabanatuan City,2019-10-22,Ripening,0.0,0.1,0.02
III,Nueva Ecija,Cabanatuan City,2019-10-23,Ripening,0.0,0.0,0.0
III,Nueva Ecija,Cabanatuan City,2019-10-24,Ripening,0.0,0.03,0.1
III,Nueva Ecija,Cabanatuan City,2019-10-25,Ripening,0.0,0.06,0.06
III,Nueva Ecija,Cabanatuan City,2019-10-26,Ripening,0.0,0.16,0.15
III,Nueva Ecija,Cabanatuan City,2019-10-27,Seedling,0.0,0.04,0.01
III,Nueva Ecija,Cabanatuan City,2019-10-28,Seedling,0.0,0.1,0.13
III,Nueva Ecija,Cabanatuan City,2019-10-29,Seedling,0.0,0.07,0.12
III,Nueva Ecija,Cabanatuan City,2019-10-30,Seedling,0.0,0.11,0.0
III,Nueva Ecija,Cabanatuan City,2019-10-31,Seedling,0.0,0.13,0.13
III,Nueva Ecija,Cabanatuan City,2019-11-01,Seedling,0.0,0.17,0.07
III,Nueva Ecija,Cabanatuan City,2019-11-02,Seedling,0.0,0.11,0.0
III,Nueva Ecija,Cabanatuan City,2019-11-03,Seedling,0.0,0.19,0.0
III,Nueva Ecija,Cabanatuan City,2019-11-04,Seedling,0.0,0.14,0.06
III,Nueva Ecija,Cabanatuan City,2019-11-05,Seedling,0.0,0.22,0.04
III,Nueva Ecija,Cabanatuan City,2019-11-06,Seedling,0.0,0.07,0.01
III,Nueva Ecija,Cabanatuan City,2019-11-07,Seedling,0.0,0.12,0.06
III,Nueva Ecija,Cabanatuan City,2019-11-08,Seedling,0.0,0.2,0.07
III,Nueva Ecija,Cabanatuan City,2019-11-09,Seedling,0.0,0.02,0.1
III,Nueva Ecija,Cabanatuan City,2019-11-10,Seedling,0.0,0.08,0.18
III,Nueva Ecija,Cabanatuan City,2019-11-11,Seedling,0.0,0.11,0.06
III,Nueva Ecija,Cabanatuan City,2019-11-12,Seedling,0.0,0.09,0.04
III,Nueva Ecija,Cabanatuan City,2019-11-13,Seedling,0.0,0.0,0.25
III,Nueva Ecija,Cabanatuan City,2019-11-14,Seedling,0.0,0.0,0.04
III,Nueva Ecija,Cabanatuan City,2019-11-15,Seedling,0.0,0.02,0.13
III,Nueva Ecija,Cabanatuan City,2019-11-16,Seedling,0.0,0.14,0.08
III,Nueva Ecija,Cabanatuan City,2019-11-17,Seedling,0.0,0.0,0.12
III,Nueva Ecija,Cabanatuan City,2019-11-18,Seedling,0.0,0.08,0.0
III,Nueva Ecija,Cabanatuan City,2019-11-19,Seedling,0.0,0.04,0.08
III,Nueva Ecija,Cabanatuan City,2019-11-20,Seedling,0.0,0.0,0.05
III,Nueva Ecija,Cabanatuan City,2019-11-21,Seedling,0.0,0.11,0.03
III,Nueva Ecija,Cabanatuan City,2019-11-22,Seedling,0.0,0.0,0.11
III,Nueva Ecija,Cabanatuan City,2019-11-23,Seedling,0.0,0.07,0.05
III,Nueva Ecija,Cabanatuan City,2019-11-24,Seedling,0.0,0.19,0.2
III,Nueva Ecija,Cabanatuan City,2019-11-25,Seedling,0.0,0.15,0.13
III,Nueva Ecija,Cabanatuan City,2019-11-26,Seedling,0.0,0.13,0.11
III,Nueva Ecija,Cabanatuan City,2019-11-27,Seedling,0.0,0.0,0.04
III,Nueva Ecija,Cabanatuan City,2019-11-28,Seedling,1.0,0.91,0.12
III,Nueva Ecija,Cabanatuan City,2019-11-29,Seedling,2.0,0.65,0.0
III,Nueva Ecija,Cabanatuan City,2019-11-30,Seedling,1.0,0.24,0.09
III,Nueva Ecija,Cabanatuan City,2019-12-01,Seedling,1.0,0.56,0.13
III,Nueva Ecija,Cabanatuan City,2019-12-02,Seedling,1.0,0.0,0.18
III,Nueva Ecija,Cabanatuan City,2019-12-03,Seedling,1.0,0.46,0.17
III,Nueva Ecija,Cabanatuan City,2019-12-04,Seedling,0.0,0.68,0.09
III,Nueva Ecija,Cabanatuan City,2019-12-05,Seedling,0.0,0.4,0.06
III,Nueva Ecija,Cabanatuan City,2019-12-06,Seedling,2.0,0.5,0.02
III,Nueva Ecija,Cabanatuan City,2019-12-07,Seedling,2.0,1.01,0.21
III,Nueva Ecija,Cabanatuan City,2019-12-08,Seedling,1.0,0.43,0.05
III,Nueva Ecija,Cabanatuan City,2019-12-09,Seedling,1.0,0.62,0.19
III,Nueva Ecija,Cabanatuan City,2019-12-10,Seedling,1.0,0.57,0.0
III,Nueva Ecija,Cabanatuan City,2019-12-11,Seedling,0.0,0.7,0.15
III,Nueva Ecija,Cabanatuan City,2019-12-12,Seedling,0.0,0.0,0.05
III,Nueva Ecija,Cabanatuan City,2019-12-13,Tillering,5.0,0.0,0.04
III,Nueva Ecija,Cabanatuan City,2019-12-14,Tillering,3.0,0.41,0.0
III,Nueva Ecija,Cabanatuan City,2019-12-15,Tillering,3.0,0.48,0.17
III,Nueva Ecija,Cabanatuan City,2019-12-16,Tillering,2.0,0.25,0.07
III,Nueva Ecija,Cabanatuan City,2019-12-17,Tillering,0.0,0.0,0.17
III,Nueva Ecija,Cabanatuan City,2019-12-18,Tillering,4.0,0.64,0.0
III,Nueva Ecija,Cabanatuan City,2019-12-19,Tillering,3.0,0.3,0.18
III,Nueva Ecija,Cabanatuan City,2019-12-20,Tillering,3.0,0.51,0.07
III,Nueva Ecija,Cabanatuan City,2019-12-21,Tillering,1.0,0.0,0.02
III,Nueva Ecija,Cabanatuan City,2019-12-22,Tillering,4.0,1.17,0.18
III,Nueva Ecija,Cabanatuan City,2019-12-23,Tillering,1.0,0.01,0.06
III,Nueva Ecija,Cabanatuan City,2019-12-24,Tillering,1.0,0.03,0.0
III,Nueva Ecija,Cabanatuan City,2019-12-25,Tillering,2.0,0.73,0.01
III,Nueva Ecija,Cabanatuan City,2019-12-26,Tillering,4.0,0.24,0.08
III,Nueva Ecija,Cabanatuan City,2019-12-27,Tillering,1.0,0.83,0.07
III,Nueva Ecija,Cabanatuan City,2019-12-28,Tillering,1.0,0.84,0.03
III,Nueva Ecija,Cabanatuan City,2019-12-29,Tillering,2.0,1.67,0.11
III,Nueva Ecija,Cabanatuan City,2019-12-30,Tillering,2.0,2.02,0.05
III,Nueva Ecija,Cabanatuan City,2019-12-31,Tillering,4.0,2.25,0.06
III,Nueva Ecija,Cabanatuan City,2020-01-01,Tillering,3.0,3.13,0.02
III,Nueva Ecija,Cabanatuan City,2020-01-02,Tillering,1.0,3.22,0.08
III,Nueva Ecija,Cabanatuan City,2020-01-03,Tillering,2.0,2.95,0.02
III,Nueva Ecija,Cabanatuan City,2020-01-04,Tillering,4.0,1.21,0.12
III,Nueva Ecija,Cabanatuan City,2020-01-05,Tillering,2.0,2.45,0.07
III,Nueva Ecija,Cabanatuan City,2020-01-06,ELONGATION,0.0,3.14,0.0
III,Nueva Ecija,Cabanatuan City,2020-01-07,Elongation,0.0,3.7,0.0
III,Nueva Ecija,Cabanatuan City,2020-01-08,Elongation,0.0,2.98,0.14
III,Nueva Ecija,Cabanatuan City,2020-01-09,Elongation,2.0,3.21,0.16
III,Nueva Ecija,Cabanatuan City,2020-01-10,Elongation,0.0,2.91,0.09
III,Nueva Ecija,Cabanatuan City,2020-01-11,Elongation,0.0,2.72,0.18
III,Nueva Ecija,Cabanatuan City,2020-01-12,Elongation,2.0,0.61,0.0
III,Nueva Ecija,Cabanatuan City,2020-01-13,Elongation,1.0,0.39,0.0
III,Nueva Ecija,Cabanatuan City,2020-01-14,Elongation,5.0,0.48,0.0
III,Nueva Ecija,Cabanatuan City,2020-01-15,Elongation,0.0,0.55,0.05
III,Nueva Ecija,Cabanatuan City,2020-01-16,Elongation,1.0,0.3,0.07
III,Nueva Ecija,Cabanatuan City,2020-01-17,Elongation,3.0,0.52,0.28
III,Nueva Ecija,Cabanatuan City,2020-01-18,Elongation,1.0,0.58,0.0
III,Nueva Ecija,Cabanatuan City,2020-01-19,Elongation,4.0,1.13,0.07
III,Nueva Ecija,Cabanatuan City,2020-01-20,Elongation,3.0,0.01,0.06
III,Nueva Ecija,Cabanatuan City,2020-01-21,Elongation,2.0,0.0,0.14
III,Nueva Ecija,Cabanatuan City,2020-01-22,Elongation,2.0,0.82,0.03
III,Nueva Ecija,Cabanatuan City,2020-01-23,Elongation,0.0,0.8,0.06
III,Nueva Ecija,Cabanatuan City,2020-01-24,Elongation,3.0,0.72,0.1
III,Nueva Ecija,Cabanatuan City,2020-01-25,Panicle,1.0,0.16,1.2
III,Nueva Ecija,Cabanatuan City,2020-01-26,Panicle,0.0,0.0,0.94
III,Nueva Ecija,Cabanatuan City,2020-01-27,Panicle,2.0,0.08,0.0
III,Nueva Ecija,Cabanatuan City,2020-01-28,Panicle,1.0,0.08,1.27
III,Nueva Ecija,Cabanatuan City,2020-01-29,Panicle,2.0,0.14,1.4
III,Nueva Ecija,Cabanatuan City,2020-01-30,Panicle,1.0,0.21,0.4
III,Nueva Ecija,Cabanatuan City,2020-01-31,Panicle,3.0,0.13,0.23
III,Nueva Ecija,Cabanatuan City,2020-02-01,Panicle,5.0,0.09,0.79
III,Nueva Ecija,Cabanatuan City,2020-02-02,Panicle,1.0,0.11,0.69
III,Nueva Ecija,Cabanatuan City,2020-02-03,Panicle,0.0,0.15,0.98
III,Nueva Ecija,Cabanatuan City,2020-02-04,Panicle,1.0,0.0,0.31
III,Nueva Ecija,Cabanatuan City,2020-02-05,Panicle,0.0,0.02,2.22
III,Nueva Ecija,Cabanatuan City,2020-02-06,Panicle,2.0,0.1,0.87
III,Nueva Ecija,Cabanatuan City,2020-02-07,Panicle,2.0,0.3,0.0
III,Nueva Ecija,Cabanatuan City,2020-02-08,Panicle,1.0,0.17,0.0
III,Nueva Ecija,Cabanatuan City,2020-02-09,Flowering,2.0,0.05,1.46
III,Nueva Ecija,Cabanatuan City,2020-02-10,Flowering,0.0,0.22,0.43
III,Nueva Ecija,Cabanatuan City,2020-02-11,Flowering,2.0,0.04,0.53
III,Nueva Ecija,Cabanatuan City,2020-02-12,Flowering,1.0,0.21,0.55
III,Nueva Ecija,Cabanatuan City,2020-02-13,Flowering,0.0,0.13,0.0
III,Nueva Ecija,Cabanatuan City,2020-02-14,Flowering,2.0,0.1,0.01
III,Nueva Ecija,Cabanatuan City,2020-02-15,Flowering,0.0,0.1,0.94
III,Nueva Ecija,Cabanatuan City,2020-02-16,Flowering,1.0,0.21,0.47
III,Nueva Ecija,Cabanatuan City,2020-02-17,Flowering,1.0,0.09,0.0
III,Nueva Ecija,Cabanatuan City,2020-02-18,Flowering,0.0,0.0,1.88
III,Nueva Ecija,Cabanatuan City,2020-02-19,Flowering,2.0,0.22,0.92
III,Nueva Ecija,Cabanatuan City,2020-02-20,Flowering,1.0,0.08,0.6
III,Nueva Ecija,Cabanatuan City,2020-02-21,Flowering,1.0,0.13,0.41
III,Nueva Ecija,Cabanatuan City,2020-02-22,Flowering,0.0,0.15,0.0
III,Nueva Ecija,Cabanatuan City,2020-02-23,Ripening,0.0,0.15,0.0
III,Nueva Ecija,Cabanatuan City,2020-02-24,Ripening,1.0,0.05,0.32
III,Nueva Ecija,Cabanatuan City,2020-02-25,Ripening,0.0,0.05,0.03
III,Nueva Ecija,Cabanatuan City,2020-02-26,Ripening,0.0,0.1,0.0
III,Nueva Ecija,Cabanatuan City,2020-02-27,Ripening,0.0,0.0,1.8
III,Nueva Ecija,Cabanatuan City,2020-02-28,Ripening,0.0,0.04,1.81
III,Nueva Ecija,Cabanatuan City,2020-02-29,Ripening,0.0,0.12,0.03
III,Nueva Ecija,Cabanatuan City,2020-03-01,Ripening,1.0,0.06,0.13
III,Nueva Ecija,Cabanatuan City,2020-03-02,Ripening,0.0,0.08,0.46
III,Nueva Ecija,Cabanatuan City,2020-03-03,Ripening,0.0,0.09,0.0
III,Nueva Ecija,Cabanatuan City,2020-03-04,Ripening,1.0,0.0,1.08
III,Nueva Ecija,Cabanatuan City,2020-03-05,Ripening,0.0,0.21,0.52
III,Nueva Ecija,Cabanatuan City,2020-03-06,Ripening,2.0,0.2,0.12
III,Nueva Ecija,Cabanatuan City,2020-03-07,Ripening,1.0,0.1,1.06
III,Nueva Ecija,Cabanatuan City,2020-03-08,Ripening,0.0,0.2,0.69
III,Nueva Ecija,Cabanatuan City,2020-03-09,Ripening,0.0,0.21,0.46
III,Nueva Ecija,Cabanatuan City,2020-03-10,Ripening,0.0,0.0,0.0
III,Nueva Ecija,Cabanatuan City,2020-03-11,Ripening,0.0,0.13,0.35
III,Nueva Ecija,Cabanatuan City,2020-03-12,Ripening,0.0,0.07,1.03
III,Nueva Ecija,Cabanatuan City,2020-03-13,Ripening,1.0,0.08,0.0
III,Nueva Ecija,Cabanatuan City,2020-03-14,Ripening,1.0,0.06,0.53
III,Nueva Ecija,Cabanatuan City,2020-03-15,Ripening,1.0,0.26,1.71
III,Nueva Ecija,Cabanatuan City,2020-03-16,Ripening,0.0,0.2,0.19
III,Nueva Ecija,Cabanatuan City,2020-03-17,Ripening,0.0,0.03,0.0
III,Nueva Ecija,Cabanatuan City,2020-03-18,Ripening,0.0,0.18,0.06
III,Nueva Ecija,Cabanatuan City,2020-03-19,Ripening,0.0,0.06,0.1
III,Nueva Ecija,Cabanatuan City,2020-03-20,Ripening,0.0,0.0,0.02
III,Nueva Ecija,Cabanatuan City,2020-03-21,Ripening,0.0,0.1,0.0
III,Nueva Ecija,Cabanatuan City,2020-03-22,Ripening,0.0,0.21,0.07
III,Nueva Ecija,Cabanatuan City,2020-03-23,Ripening,0.0,0.14,0.19
III,Nueva Ecija,Cabanatuan City,2020-03-24,Ripening,0.0,0.0,0.04
III,Nueva Ecija,Cabanatuan City,2020-03-25,Ripening,0.0,0.03,0.19
III,Nueva Ecija,Cabanatuan City,2020-03-26,Ripening,0.0,0.05,0.25
III,Nueva Ecija,Cabanatuan City,2020-03-27,Ripening,0.0,0.1,0.04
III,Nueva Ecija,Cabanatuan City,2020-03-28,Ripening,0.0,0.0,0.15
III,Nueva Ecija,Cabanatuan City,2020-03-29,Ripening,0.0,0.0,0.06
III,Nueva Ecija,Cabanatuan City,2020-03-30,Ripening,0.0,0.24,0.03
III,Nueva Ecija,Cabanatuan City,2020-03-31,Ripening,0.0,0.24,0.24
III,Nueva Ecija,Cabanatuan City,2020-04-01,Ripening,0.0,0.01,0.0
III,Nueva Ecija,Cabanatuan City,2020-04-02,Ripening,0.0,0.09,0.06
III,Nueva Ecija,Cabanatuan City,2020-04-03,Ripening,0.0,0.1,0.13
III,Nueva Ecija,Cabanatuan City,2020-04-04,Ripening,0.0,0.0,0.01
III,Nueva Ecija,Cabanatuan City,2020-04-05,Ripening,0.0,0.07,0.0
III,Nueva Ecija,Cabanatuan City,2020-04-06,Ripening,0.0,0.0,0.0
III,Nueva Ecija,Cabanatuan City,2020-04-07,Ripening,0.0,0.09,0.19
III,Nueva Ecija,Cabanatuan City,2020-04-08,Ripening,0.0,0.0,0.1
III,Nueva Ecija,Cabanatuan City,2020-04-09,Ripening,2.0,0.13,0.01
III,Nueva Ecija,Cabanatuan City,2020-04-10,Ripening,0.0,0.12,0.08
III,Nueva Ecija,Cabanatuan City,2020-04-11,Ripening,0.0,0.0,0.17
III,Nueva Ecija,Cabanatuan City,2020-04-12,Ripening,0.0,0.22,0.07
III,Nueva Ecija,Cabanatuan City,2020-04-13,Ripening,0.0,0.06,0.02
III,Nueva Ecija,Cabanatuan City,2020-04-14,Ripening,0.0,0.0,0.15
III,Nueva Ecija,Cabanatuan City,2020-04-15,Ripening,0.0,0.12,0.14
III,Nueva Ecija,Cabanatuan City,2020-04-16,Ripening,0.0,0.13,0.16
III,Nueva Ecija,Cabanatuan City,2020-04-17,Ripening,0.0,0.0,0.08
III,Nueva Ecija,Cabanatuan City,2020-04-18,Ripening,0.0,0.03,0.06
III,Nueva Ecija,Cabanatuan City,2020-04-19,Ripening,0.0,0.09,0.04
III,Nueva Ecija,Cabanatuan City,2020-04-20,Ripening,0.0,0.0,0.13
III,Nueva Ecija,Cabanatuan City,2020-04-21,Ripening,0.0,0.17,0.14
III,Nueva Ecija,Cabanatuan City,2020-04-22,Ripening,0.0,0.14,0.09
III,Nueva Ecija,Cabanatuan City,2020-04-23,Ripening,0.0,0.11,0.12
III,Nueva Ecija,Cabanatuan City,2020-04-24,Ripening,0.0,0.26,0.1
III,Nueva Ecija,Cabanatuan City,2020-04-25,Ripening,1.0,0.12,0.17
III,Nueva Ecija,Cabanatuan City,2020-04-26,Ripening,0.0,0.05,0.11
III,Nueva Ecija,Cabanatuan City,2020-04-27,Ripening,0.0,0.19,0.06
III,Nueva Ecija,Cabanatuan City,2020-04-28,Ripening,0.0,0.1,0.02
III,Nueva Ecija,Cabanatuan City,2020-04-29,Seedling,0.0,0.17,0.0
III,Nueva Ecija,Cabanatuan City,2020-04-30,Seedling,0.0,0.09,0.19
III,Nueva Ecija,Cabanatuan City,2020-05-01,Seedling,0.0,0.03,0.25
III,Nueva Ecija,Cabanatuan City,2020-05-02,Seedling,0.0,0.04,0.1
III,Nueva Ecija,Cabanatuan City,2020-05-03,Seedling,0.0,0.0,0.08
III,Nueva Ecija,Cabanatuan City,2020-05-04,Seedling,0.0,0.14,0.07
III,Nueva Ecija,Cabanatuan City,2020-05-05,Seedling,0.0,0.15,0.1
III,Nueva Ecija,Cabanatuan City,2020-05-06,Seedling,0.0,0.05,0.14
III,Nueva Ecija,Cabanatuan City,2020-05-07,Seedling,0.0,0.0,0.01
III,Nueva Ecija,Cabanatuan City,2020-05-08,Seedling,0.0,0.17,0.11
III,Nueva Ecija,Cabanatuan City,2020-05-09,Seedling,0.0,0.12,0.01
III,Nueva Ecija,Cabanatuan City,2020-05-10,Seedling,0.0,0.07,0.05
III,Nueva Ecija,Cabanatuan City,2020-05-11,Seedling,0.0,0.0,0.18
III,Nueva Ecija,Cabanatuan City,2020-05-12,Seedling,0.0,0.07,0.11
III,Nueva Ecija,Cabanatuan City,2020-05-13,Seedling,0.0,0.12,0.11
III,Nueva Ecija,Cabanatuan City,2020-05-14,Seedling,0.0,0.16,0.0
III,Nueva Ecija,Cabanatuan City,2020-05-15,Seedling,0.0,0.11,0.17
III,Nueva Ecija,Cabanatuan City,2020-05-16,Seedling,0.0,0.06,0.0
III,Nueva Ecija,Cabanatuan City,2020-05-17,Seedling,0.0,0.07,0.14
III,Nueva Ecija,Cabanatuan City,2020-05-18,Seedling,0.0,0.0,0.12
III,Nueva Ecija,Cabanatuan City,2020-05-19,Seedling,0.0,0.0,0.05
III,Nueva Ecija,Cabanatuan City,2020-05-20,Seedling,0.0,0.03,0.09
III,Nueva Ecija,Cabanatuan City,2020-05-21,Seedling,0.0,0.14,0.18
III,Nueva Ecija,Cabanatuan City,2020-05-22,Seedling,0.0,0.0,0.1
III,Nueva Ecija,Cabanatuan City,2020-05-23,Seedling,0.0,0.0,0.07
III,Nueva Ecija,Cabanatuan City,2020-05-24,Seedling,0.0,0.06,0.0
III,Nueva Ecija,Cabanatuan City,2020-05-25,Seedling,0.0,0.06,0.07
III,Nueva Ecija,Cabanatuan City,2020-05-26,Seedling,0.0,0.06,0.06
III,Nueva Ecija,Cabanatuan City,2020-05-27,Seedling,0.0,0.07,0.13
III,Nueva Ecija,Cabanatuan City,2020-05-28,Seedling,0.0,0.13,0.11
III,Nueva Ecija,Cabanatuan City,2020-05-29,Seedling,0.0,0.18,0.0
III,Nueva Ecija,Cabanatuan City,2020-05-30,Seedling,0.0,0.12,0.12
III,Nueva Ecija,Cabanatuan City,2020-05-31,Seedling,0.0,0.18,0.25
III,Nueva Ecija,Cabanatuan City,2020-06-01,Seedling,0.0,0.0,0.09
III,Nueva Ecija,Cabanatuan City,2020-06-02,Seedling,0.0,0.06,0.03
III,Nueva Ecija,Cabanatuan City,2020-06-03,Seedling,1.0,0.04,0.0
III,Nueva Ecija,Cabanatuan City,2020-06-04,Seedling,0.0,0.08,0.0
III,Nueva Ecija,Cabanatuan City,2020-06-05,Seedling,0.0,0.19,0.21
III,Nueva Ecija,Cabanatuan City,2020-06-06,Seedling,0.0,0.07,0.0
III,Nueva Ecija,Cabanatuan City,2020-06-07,Seedling,0.0,0.02,0.12
III,Nueva Ecija,Cabanatuan City,2020-06-08,Seedling,0.0,0.15,0.12
III,Nueva Ecija,Cabanatuan City,2020-06-09,Seedling,0.0,0.07,0.05
III,Nueva Ecija,Cabanatuan City,2020-06-10,Seedling,0.0,0.07,0.08
III,Nueva Ecija,Cabanatuan City,2020-06-11,Seedling,9.0,3.26,0.0
III,Nueva Ecija,Cabanatuan City,2020-06-12,Seedling,15.0,2.97,0.15
III,Nueva Ecija,Cabanatuan City,2020-06-13,Seedling,14.0,1.76,0.07
III,Nueva Ecija,Cabanatuan City,2020-06-14,Seedling,8.0,0.74,0.13
III,Nueva Ecija,Cabanatuan City,2020-06-15,Seedling,,0.64,0.2
III,Nueva Ecija,Cabanatuan City,2020-06-16,Seedling,,0.0,0.0
III,Nueva Ecija,Cabanatuan City,2020-06-17,Seedling,,0.0,0.08
III,Nueva Ecija,Cabanatuan City,2020-06-18,Seedling,,0.44,0.16
III,Nueva Ecija,Cabanatuan City,2020-06-19,Seedling,,0.0,0.13
III,Nueva Ecija,Cabanatuan City,2020-06-20,Seedling,6.0,0.09,0.1
III,Nueva Ecija,Cabanatuan City,2020-06-21,Seedling,6.0,0.0,0.14
III,Nueva Ecija,Cabanatuan City,2020-06-22,Seedling,8.0,0.21,0.06
III,Nueva Ecija,Cabanatuan City,2020-06-23,Seedling,6.0,0.36,0.0
III,Nueva Ecija,Cabanatuan City,2020-06-24,Seedling,6.0,0.21,0.12
III,Nueva Ecija,Cabanatuan City,2020-06-25,Seedling,11.0,0.79,0.11
III,Nueva Ecija,Cabanatuan City,2020-06-26,Tillering,25.0,2.03,0.03
III,Nueva Ecija,Cabanatuan City,2020-06-27,Tillering,31.0,1.21,0.18
III,Nueva Ecija,Cabanatuan City,2020-06-28,Tillering,36.0,1.78,0.0
III,Nueva Ecija,Cabanatuan City,2020-06-29,Tillering,29.0,1.95,0.13
III,Nueva Ecija,Cabanatuan City,2020-06-30,Tillering,37.0,1.98,0.07
III,Nueva Ecija,Cabanatuan City,2020-07-01,Tillering,40.0,2.34,0.0
III,Nueva Ecija,Cabanatuan City,2020-07-02,Tillering,45.0,1.03,0.15
III,Nueva Ecija,Cabanatuan City,2020-07-03,Tillering,50.0,2.1,0.04
III,Nueva Ecija,Cabanatuan City,2020-07-04,Tillering,,1.96,0.07
III,Nueva Ecija,Cabanatuan City,2020-07-05,Tillering,,1.04,0.19
III,Nueva Ecija,Cabanatuan City,2020-07-06,Tillering,,2.22,0.0
III,Nueva Ecija,Cabanatuan City,2020-07-07,Tillering,,2.19,0.1
III,Nueva Ecija,Cabanatuan City,2020-07-08,Tillering,35.0,1.36,0.11
III,Nueva Ecija,Cabanatuan City,2020-07-09,Tillering,48.0,1.41,0.13
III,Nueva Ecija,Cabanatuan City,2020-07-10,Tillering,21.0,1.47,0.05
III,Nueva Ecija,Cabanatuan City,2020-07-11,Tillering,15.0,0.68,0.12
III,Nueva Ecija,Cabanatuan City,2020-07-12,Tillering,15.0,1.45,0.0
III,Nueva Ecija,Cabanatuan City,2020-07-13,Tillering,13.0,1.0,0.07
III,Nueva Ecija,Cabanatuan City,2020-07-14,Tillering,7.0,1.8,0.03
III,Nueva Ecija,Cabanatuan City,2020-07-15,Tillering,12.0,0.91,0.06
III,Nueva Ecija,Cabanatuan City,2020-07-16,Tillering,14.0,1.22,0.07
III,Nueva Ecija,Cabanatuan City,2020-07-17,Tillering,10.0,0.47,0.04
III,Nueva Ecija,Cabanatuan City,2020-07-18,Tillering,12.0,0.0,0.1
III,Nueva Ecija,Cabanatuan City,2020-07-19,Tillering,15.0,1.15,0.08
III,Nueva Ecija,Cabanatuan City,2020-07-20,Tillering,9.0,0.98,0.07
III,Nueva Ecija,Cabanatuan City,2020-07-21,Elongation,6.0,1.57,0.02
III,Nueva Ecija,Cabanatuan City,2020-07-22,Elongation,5.0,0.08,0.09
III,Nueva Ecija,Cabanatuan City,2020-07-23,Elongation,3.0,1.64,0.11
III,Nueva Ecija,Cabanatuan City,2020-07-24,Elongation,7.0,2.56,0.0
III,Nueva Ecija,Cabanatuan City,2020-07-25,Elongation,8.0,3.74,0.03
III,Nueva Ecija,Cabanatuan City,2020-07-26,Elongation,8.0,3.35,0.15
III,Nueva Ecija,Cabanatuan City,2020-07-27,Elongation,3.0,4.56,
III,Nueva Ecija,Cabanatuan City,2020-07-28,Elongation,9.0,4.69,
III,Nueva Ecija,Cabanatuan City,2020-07-29,Elongation,7.0,4.37,
III,Nueva Ecija,Cabanatuan City,2020-07-30,Elongation,10.0,6.17,
III,Nueva Ecija,Cabanatuan City,2020-07-31,Elongation,10.0,6.85,
III,Nueva Ecija,Cabanatuan City,2020-08-01,Elongation,11.0,7.02,0.03
III,Nueva Ecija,Cabanatuan City,2020-08-02,Elongation,10.0,7.58,0.08
III,Nueva Ecija,Cabanatuan City,2020-08-03,Elongation,14.0,7.54,0.0
III,Nueva Ecija,Cabanatuan City,2020-08-04,Elongation,11.0,9.46,0.14
III,Nueva Ecija,Cabanatuan City,2020-08-05,Elongation,18.0,7.43,0.02
III,Nueva Ecija,Cabanatuan City,2020-08-06,Elongation,9.0,7.72,0.16
III,Nueva Ecija,Cabanatuan City,2020-08-07,Elongation,18.0,6.75,0.1
III,Nueva Ecija,Cabanatuan City,2020-08-08,Elongation,13.0,6.31,0.22
III,Nueva Ecija,Cabanatuan City,2020-08-09,Elongation,15.0,5.96,0.31
III,Nueva Ecija,Cabanatuan City,2020-08-10,Panicle,12.0,0.06,8.21
III,Nueva Ecija,Cabanatuan City,2020-08-11,Panicle,9.0,0.06,8.42
III,Nueva Ecija,Cabanatuan City,2020-08-12,Panicle,13.0,0.06,5.95
III,Nueva Ecija,Cabanatuan City,2020-08-13,Panicle,7.0,0.12,3.64
III,Nueva Ecija,Cabanatuan City,2020-08-14,Panicle,6.0,0.08,4.01
III,Nueva Ecija,Cabanatuan City,2020-08-15,Panicle,8.0,0.1,1.82
III,Nueva Ecija,Cabanatuan City,2020-08-16,Panicle,4.0,0.13,0.53
III,Nueva Ecija,Cabanatuan City,2020-08-17,Panicle,9.0,0.1,1.45
III,Nueva Ecija,Cabanatuan City,2020-08-18,Panicle,10.0,0.07,0.39
III,Nueva Ecija,Cabanatuan City,2020-08-19,Panicle,9.0,0.1,0.28
III,Nueva Ecija,Cabanatuan City,2020-08-20,Panicle,11.0,0.13,1.11
III,Nueva Ecija,Cabanatuan City,2020-08-21,Panicle,8.0,0.0,2.72
III,Nueva Ecija,Cabanatuan City,2020-08-22,Panicle,6.0,0.2,1.62
III,Nueva Ecija,Cabanatuan City,2020-08-23,Panicle,2.0,0.07,3.45
III,Nueva Ecija,Cabanatuan City,2020-08-24,Panicle,2.0,0.06,3.69
III,Nueva Ecija,Cabanatuan City,2020-08-25,Flowering,0.0,0.03,1.69
III,Nueva Ecija,Cabanatuan City,2020-08-26,Flowering,1.0,0.04,2.36
III,Nueva Ecija,Cabanatuan City,2020-08-27,Flowering,0.0,0.13,3.32
III,Nueva Ecija,Cabanatuan City,2020-08-28,Flowering,2.0,0.23,2.57
III,Nueva Ecija,Cabanatuan City,2020-08-29,Flowering,3.0,0.13,2.1
III,Nueva Ecija,Cabanatuan City,2020-08-30,Flowering,1.0,0.05,2.45
III,Nueva Ecija,Cabanatuan City,2020-08-31,Flowering,5.0,0.03,1.45
III,Nueva Ecija,Cabanatuan City,2020-09-01,Flowering,5.0,0.09,0.39
III,Nueva Ecija,Cabanatuan City,2020-09-02,Flowering,3.0,0.07,0.99
III,Nueva Ecija,Cabanatuan City,2020-09-03,Flowering,2.0,0.09,1.2
III,Nueva Ecija,Cabanatuan City,2020-09-04,Flowering,3.0,0.1,1.01
III,Nueva Ecija,Cabanatuan City,2020-09-05,Flowering,3.0,0.05,0.47
III,Nueva Ecija,Cabanatuan City,2020-09-06,Flowering,7.0,0.12,0.36
III,Nueva Ecija,Cabanatuan City,2020-09-07,Flowering,2.0,0.27,0.65
III,Nueva Ecija,Cabanatuan City,2020-09-08,Ripening,2.0,0.26,1.24
III,Nueva Ecija,Cabanatuan City,2020-09-09,Ripening,4.0,0.14,0.91
III,Nueva Ecija,Cabanatuan City,2020-09-10,Ripening,0.0,0.1,0.83
III,Nueva Ecija,Cabanatuan City,2020-09-11,Ripening,0.0,0.08,0.48
III,Nueva Ecija,Cabanatuan City,2020-09-12,Ripening,1.0,0.01,1.26
III,Nueva Ecija,Cabanatuan City,2020-09-13,Ripening,1.0,0.09,0.83
III,Nueva Ecija,Cabanatuan City,2020-09-14,Ripening,0.0,0.17,0.0
III,Nueva Ecija,Cabanatuan City,2020-09-15,Ripening,0.0,0.01,0.0
III,Nueva Ecija,Cabanatuan City,2020-09-16,Ripening,0.0,0.05,0.87
III,Nueva Ecija,Cabanatuan City,2020-09-17,Ripening,1.0,0.12,0.0
III,Nueva Ecija,Cabanatuan City,2020-09-18,Ripening,1.0,0.0,0.16
III,Nueva Ecija,Cabanatuan City,2020-09-19,Ripening,0.0,0.09,1.83
III,Nueva Ecija,Cabanatuan City,2020-09-20,Ripening,1.0,0.11,0.05
III,Nueva Ecija,Cabanatuan City,2020-09-21,Ripening,0.0,0.2,0.12
III,Nueva Ecija,Cabanatuan City,2020-09-22,Ripening,0.0,0.0,0.63
III,Nueva Ecija,Cabanatuan City,2020-09-23,Ripening,0.0,0.12,0.36
III,Nueva Ecija,Cabanatuan City,2020-09-24,Ripening,0.0,0.14,0.64
III,Nueva Ecija,Cabanatuan City,2020-09-25,Ripening,0.0,0.09,0.7
III,Nueva Ecija,Cabanatuan City,2020-09-26,Ripening,1.0,0.0,0.0
III,Nueva Ecija,Cabanatuan City,2020-09-27,Ripening,0.0,0.0,0.66
III,Nueva Ecija,Cabanatuan City,2020-09-28,Ripening,0.0,0.0,1.34
III,Nueva Ecija,Cabanatuan City,2020-09-29,Ripening,0.0,0.09,0.0
III,Nueva Ecija,Cabanatuan City,2020-09-30,Ripening,1.0,0.1,1.04
III,Nueva Ecija,Cabanatuan City,2020-10-01,Ripening,1.0,0.12,1.22
III,Nueva Ecija,Cabanatuan City,2020-10-02,Ripening,0.0,0.07,0.0
III,Nueva Ecija,Cabanatuan City,2020-10-03,Ripening,0.0,0.08,0.05
III,Nueva Ecija,Cabanatuan City,2020-10-04,Ripening,0.0,0.16,0.0
III,Nueva Ecija,Cabanatuan City,2020-10-05,Ripening,2.0,0.1,0.08
III,Nueva Ecija,Cabanatuan City,2020-10-06,Ripening,0.0,0.1,0.05
III,Nueva Ecija,Cabanatuan City,2020-10-07,Ripening,1.0,0.07,0.13
III,Nueva Ecija,Cabanatuan City,2020-10-08,Ripening,0.0,0.24,0.16
III,Nueva Ecija,Cabanatuan City,2020-10-09,Ripening,0.0,0.1,0.03
III,Nueva Ecija,Cabanatuan City,2020-10-10,Ripening,0.0,0.18,0.14
III,Nueva Ecija,Cabanatuan City,2020-10-11,Ripening,0.0,0.15,0.12
III,Nueva Ecija,Cabanatuan City,2020-10-12,Ripening,0.0,0.23,0.0
III,Nueva Ecija,Cabanatuan City,2020-10-13,Ripening,0.0,0.05,0.01
III,Nueva Ecija,Cabanatuan City,2020-10-14,Ripening,0.0,0.0,0.18
III,Nueva Ecija,Cabanatuan City,2020-10-15,Ripening,0.0,0.11,0.1
III,Nueva Ecija,Cabanatuan City,2020-10-16,Ripening,0.0,0.0,0.12
III,Nueva Ecija,Cabanatuan City,2020-10-17,Ripening,0.0,0.19,0.14
III,Nueva Ecija,Cabanatuan City,2020-10-18,Ripening,0.0,0.04,0.23
III,Nueva Ecija,Cabanatuan City,2020-10-19,Ripening,0.0,0.18,0.09
III,Nueva Ecija,Cabanatuan City,2020-10-20,Ripening,0.0,0.0,0.05
III,Nueva Ecija,Cabanatuan City,2020-10-21,Ripening,0.0,0.06,0.05
III,Nueva Ecija,Cabanatuan City,2020-10-22,Ripening,0.0,0.06,0.0
III,Nueva Ecija,Cabanatuan City,2020-10-23,Ripening,0.0,0.17,0.13
III,Nueva Ecija,Cabanatuan City,2020-10-24,Ripening,0.0,0.16,0.07
III,Nueva Ecija,Cabanatuan City,2020-10-25,Ripening,0.0,0.13,0.0
III,Nueva Ecija,Cabanatuan City,2020-10-26,Ripening,0.0,0.02,0.0
III,Nueva Ecija,Cabanatuan City,2020-10-27,Ripening,0.0,0.12,0.3
III,Nueva Ecija,Cabanatuan City,2020-10-28,Ripening,0.0,,0.1
III,Nueva Ecija,Cabanatuan City,2020-10-29,Ripening,0.0,,0.12
III,Nueva Ecija,Cabanatuan City,2020-10-30,Ripening,0.0,,0.09
III,Nueva Ecija,Cabanatuan City,2020-10-31,Ripening,0.0,,0.16
III,Nueva Ecija,Cabanatuan City,2020-11-01,Ripening,0.0,0.06,0.07
III,Nueva Ecija,Cabanatuan City,2020-11-02,RIPENING,0.0,0.07,0.0
III,Nueva Ecija,Cabanatuan City,2020-11-03,Ripening,0.0,0.17,0.0
III,Nueva Ecija,Cabanatuan City,2020-11-04,Seedling,1.0,0.22,0.09
III,Nueva Ecija,Cabanatuan City,2020-11-05,Seedling,0.0,0.21,0.11
III,Nueva Ecija,Cabanatuan City,2020-11-06,Seedling,0.0,0.15,0.1
III,Nueva Ecija,Cabanatuan City,2020-11-07,Seedling,0.0,0.06,0.0
III,Nueva Ecija,Cabanatuan City,2020-11-08,Seedling,0.0,0.08,0.01
III,Nueva Ecija,Cabanatuan City,2020-11-09,Seedling,0.0,0.0,0.0
III,Nueva Ecija,Cabanatuan City,2020-11-10,Seedling,0.0,0.16,0.04
III,Nueva Ecija,Cabanatuan City,2020-11-11,Seedling,0.0,0.19,0.09
III,Nueva Ecija,Cabanatuan City,2020-11-12,Seedling,0.0,0.08,0.04
III,Nueva Ecija,Cabanatuan City,2020-11-13,Seedling,0.0,0.03,0.02
III,Nueva Ecija,Cabanatuan City,2020-11-14,Seedling,0.0,0.16,0.04
III,Nueva Ecija,Cabanatuan City,2020-11-15,Seedling,0.0,0.07,0.17
III,Nueva Ecija,Cabanatuan City,2020-11-16,Seedling,0.0,0.15,0.02
III,Nueva Ecija,Cabanatuan City,2020-11-17,Seedling,0.0,0.08,0.11
III,Nueva Ecija,Cabanatuan City,2020-11-18,Seedling,0.0,0.12,0.01
III,Nueva Ecija,Cabanatuan City,2020-11-19,Seedling,0.0,0.25,0.0
III,Nueva Ecija,Cabanatuan City,2020-11-20,Seedling,0.0,0.05,0.14
III,Nueva Ecija,Cabanatuan City,2020-11-21,Seedling,1.0,0.09,0.04
III,Nueva Ecija,Cabanatuan City,2020-11-22,Seedling,0.0,0.17,0.14
III,Nueva Ecija,Cabanatuan City,2020-11-23,Seedling,0.0,0.03,0.15
III,Nueva Ecija,Cabanatuan City,2020-11-24,Seedling,0.0,0.0,0.0
III,Nueva Ecija,Cabanatuan City,2020-11-25,Seedling,0.0,0.13,0.09
III,Nueva Ecija,Cabanatuan City,2020-11-26,Seedling,0.0,0.01,0.01
III,Nueva Ecija,Cabanatuan City,2020-11-27,Seedling,0.0,0.04,0.09
III,Nueva Ecija,Cabanatuan City,2020-11-28,Seedling,,0.0,0.12
III,Nueva Ecija,Cabanatuan City,2020-11-29,Seedling,,0.0,0.05
III,Nueva Ecija,Cabanatuan City,2020-11-30,Seedling,,0.14,0.15
III,Nueva Ecija,Cabanatuan City,2020-12-01,Seedling,,0.0,0.01
III,Nueva Ecija,Cabanatuan City,2020-12-02,Seedling,,0.14,0.01
III,Nueva Ecija,Cabanatuan City,2020-12-03,Seedling,0.0,0.05,0.04
III,Nueva Ecija,Cabanatuan City,2020-12-04,Seedling,0.0,0.02,0.05
III,Nueva Ecija,Cabanatuan City,2020-12-05,Seedling,0.0,0.23,0.17
III,Nueva Ecija,Cabanatuan City,2020-12-06,Seedling,0.0,0.99,0.17
III,Nueva Ecija,Cabanatuan City,2020-12-07,Seedling,2.0,0.27,0.0
III,Nueva Ecija,Cabanatuan City,2020-12-08,Seedling,1.0,0.59,0.01
III,Nueva Ecija,Cabanatuan City,2020-12-09,Seedling,1.0,1.1,0.11
III,Nueva Ecija,Cabanatuan City,2020-12-10,Seedling,0.0,0.22,0.03
III,Nueva Ecija,Cabanatuan City,2020-12-11,Seedling,2.0,0.0,0.02
III,Nueva Ecija,Cabanatuan City,2020-12-12,Seedling,0.0,0.72,0.13
III,Nueva Ecija,Cabanatuan City,2020-12-13,Seedling,0.0,0.26,0.05
III,Nueva Ecija,Cabanatuan City,2020-12-14,Seedling,1.0,0.46,0.22
III,Nueva Ecija,Cabanatuan City,2020-12-15,Seedling,1.0,0.8,0.07
III,Nueva Ecija,Cabanatuan City,2020-12-16,Seedling,2.0,0.45,0.0
III,Nueva Ecija,Cabanatuan City,2020-12-17,Seedling,0.0,1.5,0.12
III,Nueva Ecija,Cabanatuan City,2020-12-18,Seedling,5.0,1.8,0.09
III,Nueva Ecija,Cabanatuan City,2020-12-19,Seedling,1.0,2.11,0.18
III,Nueva Ecija,Cabanatuan City,2020-12-20,Seedling,1.0,2.59,0.11
III,Nueva Ecija,Cabanatuan City,2020-12-21,Seedling,0.0,1.94,0.12
III,Nueva Ecija,Cabanatuan City,2020-12-22,Tillering,1.0,2.24,0.06
III,Nueva Ecija,Cabanatuan City,2020-12-23,Tillering,2.0,2.28,0.12
III,Nueva Ecija,Cabanatuan City,2020-12-24,Tillering,0.0,1.35,0.02
III,Nueva Ecija,Cabanatuan City,2020-12-25,Tillering,1.0,0.69,0.1
III,Nueva Ecija,Cabanatuan City,2020-12-26,Tillering,1.0,0.99,0.12
III,Nueva Ecija,Cabanatuan City,2020-12-27,Tillering,0.0,0.95,0.07
III,Nueva Ecija,Cabanatuan City,2020-12-28,Tillering,3.0,1.22,0.08
III,Nueva Ecija,Cabanatuan City,2020-12-29,Tillering,3.0,0.13,0.18
III,Nueva Ecija,Cabanatuan City,2020-12-30,Tillering,3.0,0.0,0.2
III,Nueva Ecija,Cabanatuan City,2020-12-31,Tillering,3.0,0.2,0.25
III,Nueva Ecija,Cabanatuan City,2021-01-01,Tillering,3.0,0.71,0.02
III,Nueva Ecija,Cabanatuan City,2021-01-02,Tillering,2.0,0.21,0.02
III,Nueva Ecija,Cabanatuan City,2021-01-03,Tillering,3.0,0.0,0.08
III,Nueva Ecija,Cabanatuan City,2021-01-04,Tillering,4.0,0.0,0.01
III,Nueva Ecija,Cabanatuan City,2021-01-05,Tillering,0.0,0.01,0.04
III,Nueva Ecija,Cabanatuan City,2021-01-06,Tillering,1.0,0.95,0.03
III,Nueva Ecija,Cabanatuan City,2021-01-07,Tillering,1.0,0.41,0.05
III,Nueva Ecija,Cabanatuan City,2021-01-08,Tillering,2.0,0.92,0.02
III,Nueva Ecija,Cabanatuan City,2021-01-09,Tillering,3.0,1.38,0.06
III,Nueva Ecija,Cabanatuan City,2021-01-10,Tillering,1.0,1.03,0.03
III,Nueva Ecija,Cabanatuan City,2021-01-11,Tillering,1.0,0.26,0.16
III,Nueva Ecija,Cabanatuan City,2021-01-12,Tillering,2.0,1.48,0.12
III,Nueva Ecija,Cabanatuan City,2021-01-13,Tillering,1.0,0.54,0.16
III,Nueva Ecija,Cabanatuan City,2021-01-14,Tillering,1.0,0.0,0.11
III,Nueva Ecija,Cabanatuan City,2021-01-15,Tillering,0.0,0.0,0.0
III,Nueva Ecija,Cabanatuan City,2021-01-16,Elongation,1.0,0.66,0.04
III,Nueva Ecija,Cabanatuan City,2021-01-17,Elongation,2.0,0.85,0.05
III,Nueva Ecija,Cabanatuan City,2021-01-18,Elongation,1.0,0.16,0.15
III,Nueva Ecija,Cabanatuan City,2021-01-19,Elongation,2.0,0.85,0.02
III,Nueva Ecija,Cabanatuan City,2021-01-20,Elongation,4.0,0.43,0.0
III,Nueva Ecija,Cabanatuan City,2021-01-21,Elongation,3.0,0.84,0.03
III,Nueva Ecija,Cabanatuan City,2021-01-22,Elongation,3.0,0.91,0.0
III,Nueva Ecija,Cabanatuan City,2021-01-23,Elongation,3.0,0.37,0.1
III,Nueva Ecija,Cabanatuan City,2021-01-24,Elongation,2.0,0.04,0.12
III,Nueva Ecija,Cabanatuan City,2021-01-25,Elongation,3.0,0.68,0.19
III,Nueva Ecija,Cabanatuan City,2021-01-26,Elongation,2.0,0.72,0.07
III,Nueva Ecija,Cabanatuan City,2021-01-27,Elongation,0.0,1.22,0.03
III,Nueva Ecija,Cabanatuan City,2021-01-28,Elongation,4.0,1.56,0.0
III,Nueva Ecija,Cabanatuan City,2021-01-29,Elongation,2.0,1.77,0.1
III,Nueva Ecija,Cabanatuan City,2021-01-30,Elongation,2.0,1.6,0.2
III,Nueva Ecija,Cabanatuan City,2021-01-31,Elongation,0.0,2.56,0.06
III,Nueva Ecija,Cabanatuan City,2021-02-01,Elongation,2.0,1.12,0.08
III,Nueva Ecija,Cabanatuan City,2021-02-02,Elongation,3.0,0.44,0.11
III,Nueva Ecija,Cabanatuan City,2021-02-03,Elongation,2.0,1.35,0.07
III,Nueva Ecija,Cabanatuan City,2021-02-04,Elongation,4.0,0.75,0.16
III,Nueva Ecija,Cabanatuan City,2021-02-05,Panicle,,0.09,0.31
III,Nueva Ecija,Cabanatuan City,2021-02-06,Panicle,,0.0,0.16
III,Nueva Ecija,Cabanatuan City,2021-02-07,Panicle,,0.22,1.86
III,Nueva Ecija,Cabanatuan City,2021-02-08,Panicle,,0.25,1.06
III,Nueva Ecija,Cabanatuan City,2021-02-09,Panicle,,0.0,0.42
III,Nueva Ecija,Cabanatuan City,2021-02-10,Panicle,1.0,0.26,0.27
III,Nueva Ecija,Cabanatuan City,2021-02-11,Panicle,0.0,0.05,0.0
III,Nueva Ecija,Cabanatuan City,2021-02-12,Panicle,0.0,0.1,1.13
III,Nueva Ecija,Cabanatuan City,2021-02-13,Panicle,0.0,0.19,1.51
III,Nueva Ecija,Cabanatuan City,2021-02-14,Panicle,2.0,0.13,1.55
III,Nueva Ecija,Cabanatuan City,2021-02-15,Panicle,1.0,0.09,0.97
III,Nueva Ecija,Cabanatuan City,2021-02-16,Panicle,0.0,0.0,0.6
III,Nueva Ecija,Cabanatuan City,2021-02-17,Panicle,0.0,0.04,0.85
III,Nueva Ecija,Cabanatuan City,2021-02-18,Panicle,0.0,0.08,0.0
III,Nueva Ecija,Cabanatuan City,2021-02-18,Panicle,0.0,0.08,0.0
III,Nueva Ecija,Cabanatuan City,2021-02-19,Panicle,1.0,0.08,1.04
III,Nueva Ecija,Cabanatuan City,2021-02-20,Flowering,2.0,0.01,0.91
III,Nueva Ecija,Cabanatuan City,2021-02-21,Flowering,3.0,0.02,0.0
III,Nueva Ecija,Cabanatuan City,2021-02-22,Flowering,3.0,0.0,0.0
III,Nueva Ecija,Cabanatuan City,2021-02-23,Flowering,5.0,0.05,
III,Nueva Ecija,Cabanatuan City,2021-02-24,Flowering,2.0,0.0,
III,Nueva Ecija,Cabanatuan City,2021-02-25,Flowering,4.0,0.1,0.82
III,Nueva Ecija,Cabanatuan City,2021-02-26,Flowering,2.0,0.0,0.55
III,Nueva Ecija,Cabanatuan City,2021-02-27,Flowering,4.0,0.1,0.0
III,Nueva Ecija,Cabanatuan City,2021-02-28,Flowering,1.0,0.0,1.01
III,Nueva Ecija,Cabanatuan City,2021-03-01,Flowering,,0.14,0.82
III,Nueva Ecija,Cabanatuan City,2021-03-02,Flowering,,0.18,0.34
III,Nueva Ecija,Cabanatuan City,2021-03-03,Flowering,,0.2,1.09
III,Nueva Ecija,Cabanatuan City,2021-03-04,Flowering,,0.11,1.04
III,Nueva Ecija,Cabanatuan City,2021-03-05,Flowering,1.0,0.06,1.13
III,Nueva Ecija,Cabanatuan City,2021-03-06,Flowering,0.0,0.15,0.43
III,Nueva Ecija,Cabanatuan City,2021-03-07,Ripening,1.0,0.04,1.32
III,Nueva Ecija,Cabanatuan City,2021-03-08,Ripening,4.0,0.15,1.45
III,Nueva Ecija,Cabanatuan City,2021-03-09,Ripening,1.0,0.0,1.39
III,Nueva Ecija,Cabanatuan City,2021-03-10,Ripening,0.0,0.03,2.17
III,Nueva Ecija,Cabanatuan City,2021-03-11,Ripening,0.0,0.1,1.36
III,Nueva Ecija,Cabanatuan City,2021-03-12,Ripening,2.0,0.13,1.7
III,Nueva Ecija,Cabanatuan City,2021-03-13,Ripening,0.0,0.01,1.07
III,Nueva Ecija,Cabanatuan City,2021-03-14,Ripening,1.0,0.02,0.19
III,Nueva Ecija,Cabanatuan City,2021-03-15,Ripening,1.0,0.0,0.18
III,Nueva Ecija,Cabanatuan City,2021-03-16,Ripening,0.0,0.03,0.0
III,Nueva Ecija,Cabanatuan City,2021-03-17,Ripening,0.0,0.07,0.8
III,Nueva Ecija,Cabanatuan City,2021-03-18,Ripening,0.0,0.14,1.51
III,Nueva Ecija,Cabanatuan City,2021-03-19,Ripening,0.0,0.26,2.25
III,Nueva Ecija,Cabanatuan City,2021-03-20,Ripening,0.0,0.03,0.52
III,Nueva Ecija,Cabanatuan City,2021-03-21,Ripening,0.0,0.04,0.42
III,Nueva Ecija,Cabanatuan City,2021-03-22,Ripening,2.0,0.08,0.84
III,Nueva Ecija,Cabanatuan City,2021-03-23,Ripening,2.0,0.02,0.55
III,Nueva Ecija,Cabanatuan City,2021-03-24,Ripening,1.0,0.12,0.0
III,Nueva Ecija,Cabanatuan City,2021-03-25,Ripening,0.0,0.07,0.3
III,Nueva Ecija,Cabanatuan City,2021-03-26,Ripening,1.0,0.12,0.0
III,Nueva Ecija,Cabanatuan City,2021-03-27,Ripening,0.0,0.23,0.0
III,Nueva Ecija,Cabanatuan City,2021-03-28,Ripening,0.0,0.14,0.0
III,Nueva Ecija,Cabanatuan City,2021-03-29,Ripening,0.0,0.1,0.53
III,Nueva Ecija,Cabanatuan City,2021-03-30,Ripening,0.0,0.14,1.2
III,Nueva Ecija,Cabanatuan City,2021-03-31,Ripening,1.0,0.16,0.54
III,Nueva Ecija,Cabanatuan City,2021-04-01,Ripening,0.0,0.0,0.05
III,Nueva Ecija,Cabanatuan City,2021-04-02,Ripening,0.0,0.09,0.09
III,Nueva Ecija,Cabanatuan City,2021-04-03,Ripening,0.0,0.04,0.0
III,Nueva Ecija,Cabanatuan City,2021-04-04,Ripening,0.0,0.0,0.08
III,Nueva Ecija,Cabanatuan City,2021-04-05,Ripening,0.0,0.23,0.17
III,Nueva Ecija,Cabanatuan City,2021-04-06,Ripening,0.0,0.11,0.02
III,Nueva Ecija,Cabanatuan City,2021-04-07,Ripening,0.0,0.12,0.02
III,Nueva Ecija,Cabanatuan City,2021-04-08,Ripening,0.0,0.18,0.0
III,Nueva Ecija,Cabanatuan City,2021-04-08,Ripening,0.0,0.18,0.0
III,Nueva Ecija,Cabanatuan City,2021-04-09,Ripening,0.0,0.2,0.01
III,Nueva Ecija,Cabanatuan City,2021-04-10,Ripening,0.0,0.0,0.15
III,Nueva Ecija,Cabanatuan City,2021-04-11,Ripening,1.0,0.0,0.0
III,Nueva Ecija,Cabanatuan City,2021-04-12,Ripening,1.0,0.03,0.1
III,Nueva Ecija,Cabanatuan City,2021-04-13,Ripening,0.0,0.14,0.14
III,Nueva Ecija,Cabanatuan City,2021-04-14,Ripening,0.0,0.03,0.12
III,Nueva Ecija,Cabanatuan City,2021-04-15,Ripening,0.0,0.21,0.19
III,Nueva Ecija,Cabanatuan City,2021-04-16,Ripening,0.0,0.0,0.08
III,Nueva Ecija,Cabanatuan City,2021-04-17,Ripening,0.0,0.09,0.0
III,Nueva Ecija,Cabanatuan City,2021-04-18,Ripening,0.0,0.14,0.11
III,Nueva Ecija,Cabanatuan City,2021-04-19,Ripening,0.0,0.05,0.07
III,Nueva Ecija,Cabanatuan City,2021-04-20,Ripening,1.0,0.0,0.02
III,Nueva Ecija,Cabanatuan City,2021-04-21,Ripening,0.0,0.03,0.08
III,Nueva Ecija,Cabanatuan City,2021-04-22,Ripening,0.0,0.2,0.08
III,Nueva Ecija,Cabanatuan City,2021-04-23,Ripening,0.0,0.0,0.01
III,Nueva Ecija,Cabanatuan City,2021-04-24,Ripening,0.0,0.0,0.0
III,Nueva Ecija,Cabanatuan City,2021-04-25,Ripening,0.0,0.07,0.0
III,Nueva Ecija,Cabanatuan City,2021-04-26,Ripening,0.0,0.0,0.0
III,Nueva Ecija,Cabanatuan City,2021-04-27,Ripening,0.0,0.07,0.18
III,Nueva Ecija,Cabanatuan City,2021-04-28,Ripening,0.0,0.09,0.05
III,Nueva Ecija,Cabanatuan City,2021-04-29,Ripening,0.0,0.01,0.0
III,Nueva Ecija,Cabanatuan City,2021-04-30,Ripening,0.0,0.05,0.23
III,Nueva Ecija,Cabanatuan City,2021-05-01,Ripening,0.0,0.15,0.06
III,Nueva Ecija,Cabanatuan City,2021-05-02,Ripening,0.0,0.07,0.0
III,Nueva Ecija,Cabanatuan City,2021-05-03,Seedling,0.0,0.1,0.0
III,Nueva Ecija,Cabanatuan City,2021-05-04,Seedling,0.0,0.0,0.19
III,Nueva Ecija,Cabanatuan City,2021-05-05,Seedling,0.0,0.19,0.15
III,Nueva Ecija,Cabanatuan City,2021-05-06,Seedling,0.0,0.15,0.2
III,Nueva Ecija,Cabanatuan City,2021-05-07,Seedling,0.0,0.0,0.0
III,Nueva Ecija,Cabanatuan City,2021-05-08,Seedling,0.0,0.12,0.02
III,Nueva Ecija,Cabanatuan City,2021-05-09,Seedling,0.0,0.13,0.22
III,Nueva Ecija,Cabanatuan City,2021-05-10,Seedling,0.0,0.14,0.0
III,Nueva Ecija,Cabanatuan City,2021-05-11,Seedling,0.0,0.1,0.04
III,Nueva Ecija,Cabanatuan City,2021-05-12,Seedling,0.0,0.02,0.02
III,Nueva Ecija,Cabanatuan City,2021-05-13,Seedling,0.0,0.05,0.0
III,Nueva Ecija,Cabanatuan City,2021-05-14,Seedling,0.0,0.09,0.26
III,Nueva Ecija,Cabanatuan City,2021-05-15,Seedling,0.0,0.06,0.02
III,Nueva Ecija,Cabanatuan City,2021-05-16,Seedling,0.0,0.16,0.15
III,Nueva Ecija,Cabanatuan City,2021-05-17,Seedling,0.0,0.17,0.16
III,Nueva Ecija,Cabanatuan City,2021-05-18,Seedling,0.0,0.05,0.19
III,Nueva Ecija,Cabanatuan City,2021-05-19,Seedling,0.0,0.12,0.07
III,Nueva Ecija,Cabanatuan City,2021-05-20,Seedling,0.0,0.03,0.12
III,Nueva Ecija,Cabanatuan City,2021-05-21,Seedling,0.0,0.18,0.04
III,Nueva Ecija,Cabanatuan City,2021-05-22,Seedling,0.0,0.16,0.0
III,Nueva Ecija,Cabanatuan City,2021-05-23,Seedling,0.0,0.0,0.09
III,Nueva Ecija,Cabanatuan City,2021-05-24,Seedling,0.0,0.05,0.05
III,Nueva Ecija,Cabanatuan City,2021-05-25,Seedling,0.0,0.0,0.0
III,Nueva Ecija,Cabanatuan City,2021-05-26,Seedling,0.0,0.01,0.03
III,Nueva Ecija,Cabanatuan City,2021-05-27,Seedling,0.0,0.03,0.05
III,Nueva Ecija,Cabanatuan City,2021-05-28,Seedling,0.0,0.0,0.13
III,Nueva Ecija,Cabanatuan City,2021-05-29,Seedling,0.0,0.05,0.03
III,Nueva Ecija,Cabanatuan City,2021-05-30,Seedling,0.0,0.11,0.13
III,Nueva Ecija,Cabanatuan City,2021-05-31,Seedling,0.0,0.11,0.07
III,Nueva Ecija,Cabanatuan City,2021-06-01,Seedling,0.0,0.17,0.11
III,Nueva Ecija,Cabanatuan City,2021-06-02,Seedling,0.0,0.07,0.0
III,Nueva Ecija,Cabanatuan City,2021-06-03,Seedling,0.0,0.0,0.07
III,Nueva Ecija,Cabanatuan City,2021-06-04,Seedling,0.0,0.27,0.07
III,Nueva Ecija,Cabanatuan City,2021-06-05,Seedling,17.0,2.25,0.14
III,Nueva Ecija,Cabanatuan City,2021-06-06,Seedling,13.0,2.38,0.1
III,Nueva Ecija,Cabanatuan City,2021-06-07,Seedling,12.0,1.4,0.01
III,Nueva Ecija,Cabanatuan City,2021-06-08,Seedling,15.0,1.59,0.08
III,Nueva Ecija,Cabanatuan City,2021-06-09,Seedling,18.0,1.4,0.12
III,Nueva Ecija,Cabanatuan City,2021-06-10,Seedling,6.0,0.41,0.0
III,Nueva Ecija,Cabanatuan City,2021-06-11,Seedling,10.0,0.0,0.09
III,Nueva Ecija,Cabanatuan City,2021-06-12,Seedling,5.0,0.71,0.1
III,Nueva Ecija,Cabanatuan City,2021-06-13,Seedling,7.0,0.53,0.02
III,Nueva Ecija,Cabanatuan City,2021-06-14,Seedling,9.0,1.22,0.0
III,Nueva Ecija,Cabanatuan City,2021-06-15,Seedling,15.0,0.42,0.01
III,Nueva Ecija,Cabanatuan City,2021-06-16,Seedling,15.0,1.62,0.0
III,Nueva Ecija,Cabanatuan City,2021-06-17,Seedling,7.0,1.15,0.16
III,Nueva Ecija,Cabanatuan City,2021-06-18,Seedling,9.0,1.46,0.12
III,Nueva Ecija,Cabanatuan City,2021-06-19,Seedling,13.0,1.67,0.25
III,Nueva Ecija,Cabanatuan City,2021-06-20,Tillering,22.0,3.29,0.05
III,Nueva Ecija,Cabanatuan City,2021-06-21,Tillering,23.0,2.63,0.0
III,Nueva Ecija,Cabanatuan City,2021-06-22,Tillering,35.0,3.31,0.07
III,Nueva Ecija,Cabanatuan City,2021-06-23,Tillering,24.0,3.06,0.2
III,Nueva Ecija,Cabanatuan City,2021-06-24,Tillering,28.0,1.3,0.07
III,Nueva Ecija,Cabanatuan City,2021-06-25,Tillering,32.0,3.73,0.27
III,Nueva Ecija,Cabanatuan City,2021-06-26,Tillering,31.0,3.15,0.15
III,Nueva Ecija,Cabanatuan City,2021-06-27,Tillering,30.0,2.55,0.02
III,Nueva Ecija,Cabanatuan City,2021-06-28,Tillering,28.0,1.58,0.13
III,Nueva Ecija,Cabanatuan City,2021-06-29,Tillering,22.0,1.61,0.08
III,Nueva Ecija,Cabanatuan City,2021-06-30,Tillering,23.0,0.16,0.17
III,Nueva Ecija,Cabanatuan City,2021-07-01,Tillering,19.0,0.12,0.02
III,Nueva Ecija,Cabanatuan City,2021-07-02,Tillering,25.0,0.79,0.08
III,Nueva Ecija,Cabanatuan City,2021-07-03,Tillering,9.0,0.55,0.08
III,Nueva Ecija,Cabanatuan City,2021-07-04,tillering,8.0,0.18,0.06
III,Nueva Ecija,Cabanatuan City,2021-07-05,Tillering,7.0,0.3,0.09
III,Nueva Ecija,Cabanatuan City,2021-07-06,Tillering,10.0,0.0,0.14
III,Nueva Ecija,Cabanatuan City,2021-07-07,Tillering,5.0,0.22,0.15
III,Nueva Ecija,Cabanatuan City,2021-07-08,Tillering,9.0,0.12,0.13
III,Nueva Ecija,Cabanatuan City,2021-07-09,Tillering,8.0,0.0,0.01
III,Nueva Ecija,Cabanatuan City,2021-07-10,Tillering,10.0,0.23,0.02
III,Nueva Ecija,Cabanatuan City,2021-07-11,Tillering,11.0,1.33,0.03
III,Nueva Ecija,Cabanatuan City,2021-07-12,Tillering,13.0,1.39,0.15
III,Nueva Ecija,Cabanatuan City,2021-07-13,Tillering,21.0,1.87,0.19
III,Nueva Ecija,Cabanatuan City,2021-07-14,Tillering,20.0,1.15,0.21
III,Nueva Ecija,Cabanatuan City,2021-07-15,Tillering,23.0,2.54,0.07
III,Nueva Ecija,Cabanatuan City,2021-07-16,Elongation,25.0,3.75,0.24
III,Nueva Ecija,Cabanatuan City,2021-07-17,Elongation,23.0,5.39,0.07
III,Nueva Ecija,Cabanatuan City,2021-07-18,Elongation,29.0,4.87,0.13
III,Nueva Ecija,Cabanatuan City,2021-07-19,Elongation,38.0,4.83,0.31
III,Nueva Ecija,Cabanatuan City,2021-07-20,Elongation,29.0,5.14,0.11
III,Nueva Ecija,Cabanatuan City,2021-07-21,Elongation,25.0,4.76,0.07
III,Nueva Ecija,Cabanatuan City,2021-07-22,Elongation,26.0,5.82,0.1
III,Nueva Ecija,Cabanatuan City,2021-07-23,Elongation,17.0,6.63,0.21
III,Nueva Ecija,Cabanatuan City,2021-07-24,Elongation,22.0,5.01,0.05
III,Nueva Ecija,Cabanatuan City,2021-07-25,Elongation,19.0,4.79,0.05
III,Nueva Ecija,Cabanatuan City,2021-07-26,Elongation,19.0,4.15,0.0
III,Nueva Ecija,Cabanatuan City,2021-07-27,Elongation,13.0,3.56,0.06
III,Nueva Ecija,Cabanatuan City,2021-07-28,Elongation,19.0,1.74,0.08
III,Nueva Ecija,Cabanatuan City,2021-07-29,Elongation,11.0,2.06,0.14
III,Nueva Ecija,Cabanatuan City,2021-07-30,Elongation,24.0,0.37,0.15
III,Nueva Ecija,Cabanatuan City,2021-07-31,Elongation,5.0,0.29,0.02
III,Nueva Ecija,Cabanatuan City,2021-08-01,Elongation,16.0,0.43,0.07
III,Nueva Ecija,Cabanatuan City,2021-08-02,Elongation,9.0,0.18,0.0
III,Nueva Ecija,Cabanatuan City,2021-08-03,Elongation,10.0,1.68,0.0
III,Nueva Ecija,Cabanatuan City,2021-08-04,Panicle,13.0,0.06,0.97
III,Nueva Ecija,Cabanatuan City,2021-08-05,Panicle,19.0,0.06,0.28
III,Nueva Ecija,Cabanatuan City,2021-08-06,Panicle,17.0,0.18,1.76
III,Nueva Ecija,Cabanatuan City,2021-08-07,Panicle,9.0,0.12,1.67
III,Nueva Ecija,Cabanatuan City,2021-08-08,Panicle,12.0,0.05,1.29
III,Nueva Ecija,Cabanatuan City,2021-08-09,Panicle,15.0,0.17,1.38
III,Nueva Ecija,Cabanatuan City,2021-08-10,Panicle,14.0,0.09,1.04
III,Nueva Ecija,Cabanatuan City,2021-08-11,Panicle,18.0,0.12,0.0
III,Nueva Ecija,Cabanatuan City,2021-08-12,Panicle,14.0,0.02,1.67
III,Nueva Ecija,Cabanatuan City,2021-08-13,Panicle,7.0,0.03,0.75
III,Nueva Ecija,Cabanatuan City,2021-08-14,Panicle,13.0,0.03,0.79
III,Nueva Ecija,Cabanatuan City,2021-08-15,Panicle,11.0,0.06,0.95
III,Nueva Ecija,Cabanatuan City,2021-08-16,Panicle,6.0,0.03,0.0
III,Nueva Ecija,Cabanatuan City,2021-08-17,Panicle,10.0,0.12,1.1
III,Nueva Ecija,Cabanatuan City,2021-08-18,Panicle,16.0,0.1,3.59
III,Nueva Ecija,Cabanatuan City,2021-08-19,Flowering,9.0,0.07,3.55
III,Nueva Ecija,Cabanatuan City,2021-08-20,Flowering,13.0,0.07,4.42
III,Nueva Ecija,Cabanatuan City,2021-08-21,Flowering,8.0,0.21,5.39
III,Nueva Ecija,Cabanatuan City,2021-08-22,Flowering,11.0,0.2,5.92
III,Nueva Ecija,Cabanatuan City,2021-08-23,Flowering,8.0,0.0,4.39
III,Nueva Ecija,Cabanatuan City,2021-08-24,Flowering,8.0,0.06,4.73
III,Nueva Ecija,Cabanatuan City,2021-08-25,Flowering,7.0,0.03,4.52
III,Nueva Ecija,Cabanatuan City,2021-08-26,Flowering,16.0,0.02,4.68
III,Nueva Ecija,Cabanatuan City,2021-08-27,Flowering,13.0,0.23,3.32
III,Nueva Ecija,Cabanatuan City,2021-08-28,Flowering,11.0,0.04,3.04
III,Nueva Ecija,Cabanatuan City,2021-08-29,Flowering,14.0,0.06,0.68
III,Nueva Ecija,Cabanatuan City,2021-08-30,Flowering,21.0,0.15,0.99
III,Nueva Ecija,Cabanatuan City,2021-08-31,Flowering,22.0,0.09,1.29
III,Nueva Ecija,Cabanatuan City,2021-09-01,Flowering,18.0,0.0,0.0
III,Nueva Ecija,Cabanatuan City,2021-09-02,Flowering,9.0,0.16,0.8
III,Nueva Ecija,Cabanatuan City,2021-09-03,Ripening,4.0,0.12,0.0
III,Nueva Ecija,Cabanatuan City,2021-09-04,Ripening,7.0,0.18,1.91
III,Nueva Ecija,Cabanatuan City,2021-09-05,Ripening,6.0,0.01,0.85
III,Nueva Ecija,Cabanatuan City,2021-09-06,Ripening,3.0,0.19,1.56
III,Nueva Ecija,Cabanatuan City,2021-09-07,Ripening,3.0,0.02,0.0
III,Nueva Ecija,Cabanatuan City,2021-09-08,Ripening,3.0,0.0,1.19
III,Nueva Ecija,Cabanatuan City,2021-09-09,Ripening,1.0,0.0,1.09
III,Nueva Ecija,Cabanatuan City,2021-09-10,Ripening,1.0,0.14,0.16
III,Nueva Ecija,Cabanatuan City,2021-09-11,Ripening,5.0,0.11,0.0
III,Nueva Ecija,Cabanatuan City,2021-09-12,Ripening,1.0,0.08,0.45
III,Nueva Ecija,Cabanatuan City,2021-09-13,Ripening,0.0,0.21,1.1
III,Nueva Ecija,Cabanatuan City,2021-09-14,Ripening,1.0,0.12,0.55
III,Nueva Ecija,Cabanatuan City,2021-09-15,Ripening,0.0,0.0,1.24
III,Nueva Ecija,Cabanatuan City,2021-09-16,Ripening,1.0,0.16,0.0
III,Nueva Ecija,Cabanatuan City,2021-09-17,Ripening,0.0,0.06,0.69
III,Nueva Ecija,Cabanatuan City,2021-09-18,Ripening,3.0,0.1,1.66
III,Nueva Ecija,Cabanatuan City,2021-09-19,Ripening,1.0,0.17,1.23
III,Nueva Ecija,Cabanatuan City,2021-09-20,Ripening,1.0,0.04,1.29
III,Nueva Ecija,Cabanatuan City,2021-09-21,Ripening,2.0,0.0,1.96
III,Nueva Ecija,Cabanatuan City,2021-09-22,Ripening,0.0,0.07,0.66
III,Nueva Ecija,Cabanatuan City,2021-09-23,Ripening,0.0,0.18,0.89
III,Nueva Ecija,Cabanatuan City,2021-09-24,Ripening,0.0,0.05,3.6
III,Nueva Ecija,Cabanatuan City,2021-09-25,Ripening,1.0,0.17,1.84
III,Nueva Ecija,Cabanatuan City,2021-09-26,Ripening,0.0,0.09,3.15
III,Nueva Ecija,Cabanatuan City,2021-09-27,Ripening,0.0,0.04,2.7
III,Nueva Ecija,Cabanatuan City,2021-09-28,Ripening,0.0,0.09,0.16
III,Nueva Ecija,Cabanatuan City,2021-09-29,Ripening,0.0,0.09,0.05
III,Nueva Ecija,Cabanatuan City,2021-09-30,Ripening,0.0,0.01,0.09
III,Nueva Ecija,Cabanatuan City,2021-10-01,Ripening,0.0,0.06,0.04
III,Nueva Ecija,Cabanatuan City,2021-10-02,Ripening,0.0,0.09,0.26
III,Nueva Ecija,Cabanatuan City,2021-10-03,Ripening,0.0,0.05,0.0
III,Nueva Ecija,Cabanatuan City,2021-10-04,Ripening,0.0,0.0,0.0
III,Nueva Ecija,Cabanatuan City,2021-10-05,Ripening,0.0,0.02,0.12
III,Nueva Ecija,Cabanatuan City,2021-10-06,Ripening,0.0,0.15,0.06
III,Nueva Ecija,Cabanatuan City,2021-10-07,Ripening,0.0,0.05,0.12
III,Nueva Ecija,Cabanatuan City,2021-10-08,Ripening,0.0,0.09,0.07
III,Nueva Ecija,Cabanatuan City,2021-10-09,Ripening,0.0,0.03,0.0
III,Nueva Ecija,Cabanatuan City,2021-10-10,Ripening,0.0,0.0,0.04
III,Nueva Ecija,Cabanatuan City,2021-10-11,Ripening,0.0,0.05,0.0
III,Nueva Ecija,Cabanatuan City,2021-10-12,Ripening,0.0,0.0,0.01
III,Nueva Ecija,Cabanatuan City,2021-10-13,Ripening,0.0,0.05,0.02
III,Nueva Ecija,Cabanatuan City,2021-10-14,Ripening,0.0,0.13,0.15
III,Nueva Ecija,Cabanatuan City,2021-10-15,Ripening,0.0,0.19,0.22
III,Nueva Ecija,Cabanatuan City,2021-10-16,Ripening,0.0,0.07,0.15
III,Nueva Ecija,Cabanatuan City,2021-10-17,Ripening,1.0,0.0,0.0
III,Nueva Ecija,Cabanatuan City,2021-10-18,Ripening,1.0,0.08,0.22
III,Nueva Ecija,Cabanatuan City,2021-10-19,Ripening,0.0,0.2,0.11
III,Nueva Ecija,Cabanatuan City,2021-10-20,Ripening,0.0,0.13,0.0
III,Nueva Ecija,Cabanatuan City,2021-10-21,Ripening,0.0,0.03,0.0
III,Nueva Ecija,Cabanatuan City,2021-10-22,Ripening,0.0,0.0,0.16
III,Nueva Ecija,Cabanatuan City,2021-10-23,Ripening,0.0,0.06,0.0
III,Nueva Ecija,Cabanatuan City,2021-10-24,Ripening,0.0,0.01,0.1
III,Nueva Ecija,Cabanatuan City,2021-10-25,Ripening,0.0,0.19,0.05
III,Nueva Ecija,Cabanatuan City,2021-10-26,Ripening,0.0,0.0,0.05
III,Nueva Ecija,Cabanatuan City,2021-10-27,Ripening,0.0,0.27,0.13
III,Nueva Ecija,Cabanatuan City,2021-10-28,Ripening,0.0,0.0,0.08
III,Nueva Ecija,Cabanatuan City,2021-10-29,Ripening,0.0,0.2,0.03
III,Nueva Ecija,Cabanatuan City,2021-10-30,Ripening,0.0,0.17,0.1
III,Nueva Ecija,Cabanatuan City,2021-10-31,Ripening,0.0,0.26,0.21
III,Nueva Ecija,Cabanatuan City,2021-11-01,Seedling,0.0,0.25,0.0
III,Nueva Ecija,Cabanatuan City,2021-11-02,Seedling,0.0,0.02,0.0
III,Nueva Ecija,Cabanatuan City,2021-11-03,Seedling,0.0,0.03,0.25
III,Nueva Ecija,Cabanatuan City,2021-11-04,Seedling,0.0,0.07,0.05
III,Nueva Ecija,Cabanatuan City,2021-11-05,Seedling,0.0,0.09,0.09
III,Nueva Ecija,Cabanatuan City,2021-11-06,Seedling,0.0,0.11,0.2
III,Nueva Ecija,Cabanatuan City,2021-11-07,Seedling,0.0,0.12,0.27
III,Nueva Ecija,Cabanatuan City,2021-11-08,Seedling,0.0,0.09,0.06
III,Nueva Ecija,Cabanatuan City,2021-11-09,Seedling,0.0,0.08,0.04
III,Nueva Ecija,Cabanatuan City,2021-11-10,Seedling,0.0,0.0,0.04
III,Nueva Ecija,Cabanatuan City,2021-11-11,Seedling,0.0,0.07,0.02
III,Nueva Ecija,Cabanatuan City,2021-11-12,Seedling,0.0,0.18,0.2
III,Nueva Ecija,Cabanatuan City,2021-11-13,Seedling,0.0,0.07,0.0
III,Nueva Ecija,Cabanatuan City,2021-11-14,Seedling,0.0,0.15,0.0
III,Nueva Ecija,Cabanatuan City,2021-11-15,Seedling,0.0,0.1,0.19
III,Nueva Ecija,Cabanatuan City,2021-11-16,Seedling,0.0,0.15,0.16
III,Nueva Ecija,Cabanatuan City,2021-11-17,Seedling,0.0,0.1,0.16
III,Nueva Ecija,Cabanatuan City,2021-11-18,Seedling,0.0,0.17,0.13
III,Nueva Ecija,Cabanatuan City,2021-11-19,Seedling,0.0,0.12,0.25
III,Nueva Ecija,Cabanatuan City,2021-11-20,Seedling,0.0,0.03,0.0
III,Nueva Ecija,Cabanatuan City,2021-11-21,Seedling,0.0,0.15,0.09
III,Nueva Ecija,Cabanatuan City,2021-11-22,Seedling,0.0,0.16,0.17
III,Nueva Ecija,Cabanatuan City,2021-11-23,Seedling,1.0,0.1,0.0
III,Nueva Ecija,Cabanatuan City,2021-11-24,Seedling,0.0,0.06,0.08
III,Nueva Ecija,Cabanatuan City,2021-11-25,Seedling,0.0,0.03,0.05
III,Nueva Ecija,Cabanatuan City,2021-11-26,Seedling,0.0,0.06,0.07
III,Nueva Ecija,Cabanatuan City,2021-11-27,Seedling,0.0,0.17,0.11
III,Nueva Ecija,Cabanatuan City,2021-11-28,Seedling,0.0,0.09,0.05
III,Nueva Ecija,Cabanatuan City,2021-11-29,Seedling,0.0,0.04,0.0
III,Nueva Ecija,Cabanatuan City,2021-11-30,Seedling,0.0,0.01,0.15
III,Nueva Ecija,Cabanatuan City,2021-12-01,Seedling,0.0,0.0,0.06
III,Nueva Ecija,Cabanatuan City,2021-12-02,Seedling,0.0,0.0,0.04
III,Nueva Ecija,Cabanatuan City,2021-12-03,Seedling,1.0,0.25,0.18
III,Nueva Ecija,Cabanatuan City,2021-12-04,Seedling,0.0,0.06,0.18
III,Nueva Ecija,Cabanatuan City,2021-12-05,Seedling,3.0,0.0,0.08
III,Nueva Ecija,Cabanatuan City,2021-12-06,Seedling,0.0,0.11,0.06
III,Nueva Ecija,Cabanatuan City,2021-12-07,Seedling,0.0,1.23,0.03
III,Nueva Ecija,Cabanatuan City,2021-12-08,Seedling,0.0,1.1,0.19
III,Nueva Ecija,Cabanatuan City,2021-12-09,Seedling,0.0,0.0,0.13
III,Nueva Ecija,Cabanatuan City,2021-12-10,Seedling,1.0,0.07,0.05
III,Nueva Ecija,Cabanatuan City,2021-12-11,Seedling,2.0,0.21,0.03
III,Nueva Ecija,Cabanatuan City,2021-12-12,Seedling,3.0,0.45,0.11
III,Nueva Ecija,Cabanatuan City,2021-12-13,Seedling,0.0,0.71,0.15
III,Nueva Ecija,Cabanatuan City,2021-12-14,Seedling,1.0,0.0,0.09
III,Nueva Ecija,Cabanatuan City,2021-12-15,Seedling,0.0,1.25,0.03
III,Nueva Ecija,Cabanatuan City,2021-12-16,Seedling,1.0,1.01,0.05
III,Nueva Ecija,Cabanatuan City,2021-12-17,Seedling,3.0,0.0,0.11
III,Nueva Ecija,Cabanatuan City,2021-12-18,Seedling,0.0,0.0,0.03
III,Nueva Ecija,Cabanatuan City,2021-12-19,Seedling,0.0,0.78,0.24
III,Nueva Ecija,Cabanatuan City,2021-12-20,Tillering,2.0,0.4,0.19
III,Nueva Ecija,Cabanatuan City,2021-12-21,Tillering,2.0,1.55,0.2
III,Nueva Ecija,Cabanatuan City,2021-12-22,Tillering,3.0,2.23,0.1
III,Nueva Ecija,Cabanatuan City,2021-12-23,Tillering,2.0,0.2,0.01
III,Nueva Ecija,Cabanatuan City,2021-12-24,Tillering,2.0,1.31,0.08
III,Nueva Ecija,Cabanatuan City,2021-12-25,Tillering,2.0,1.2,0.08
III,Nueva Ecija,Cabanatuan City,2021-12-26,Tillering,2.0,1.43,0.19
III,Nueva Ecija,Cabanatuan City,2021-12-27,Tillering,1.0,0.48,0.08
III,Nueva Ecija,Cabanatuan City,2021-12-28,Tillering,4.0,1.37,0.03
III,Nueva Ecija,Cabanatuan City,2021-12-29,Tillering,3.0,1.3,0.06
III,Nueva Ecija,Cabanatuan City,2021-12-30,Tillering,2.0,1.01,0.0
III,Nueva Ecija,Cabanatuan City,2021-12-30,Tillering,2.0,1.01,0.0
III,Nueva Ecija,Cabanatuan City,2021-12-31,Tillering,3.0,1.06,0.13
III,Nueva Ecija,Cabanatuan City,2022-01-01,Tillering,3.0,1.54,0.09
III,Nueva Ecija,Cabanatuan City,2022-01-02,Tillering,5.0,0.93,0.0
III,Nueva Ecija,Cabanatuan City,2022-01-03,Tillering,0.0,1.16,0.14
III,Nueva Ecija,Cabanatuan City,2022-01-04,Tillering,1.0,0.15,0.1
III,Nueva Ecija,Cabanatuan City,2022-01-05,Tillering,2.0,0.0,0.0
III,Nueva Ecija,Cabanatuan City,2022-01-06,Tillering,2.0,0.6,0.15
III,Nueva Ecija,Cabanatuan City,2022-01-07,Tillering,1.0,0.55,0.04
III,Nueva Ecija,Cabanatuan City,2022-01-08,Tillering,3.0,0.0,0.12
III,Nueva Ecija,Cabanatuan City,2022-01-09,Tillering,0.0,,0.01
III,Nueva Ecija,Cabanatuan City,2022-01-10,Tillering,4.0,,0.13
III,Nueva Ecija,Cabanatuan City,2022-01-11,Tillering,1.0,,0.2
III,Nueva Ecija,Cabanatuan City,2022-01-12,Tillering,2.0,,0.0
III,Nueva Ecija,Cabanatuan City,2022-01-13,Tillering,1.0,,0.11
III,Nueva Ecija,Cabanatuan City,2022-01-14,Elongation,1.0,0.0,0.0
III,Nueva Ecija,Cabanatuan City,2022-01-15,Elongation,2.0,1.07,0.02
III,Nueva Ecija,Cabanatuan City,2022-01-16,Elongation,1.0,0.0,0.08
III,Nueva Ecija,Cabanatuan City,2022-01-17,Elongation,4.0,0.8,0.12
III,Nueva Ecija,Cabanatuan City,2022-01-18,Elongation,3.0,0.0,0.07
III,Nueva Ecija,Cabanatuan City,2022-01-19,Elongation  ,1.0,0.61,0.02
III,Nueva Ecija,Cabanatuan City,2022-01-20,Elongation,5.0,1.75,0.14
III,Nueva Ecija,Cabanatuan City,2022-01-21,Elongation,1.0,0.59,0.01
III,Nueva Ecija,Cabanatuan City,2022-01-22,Elongation,3.0,0.96,0.14
III,Nueva Ecija,Cabanatuan City,2022-01-23,Elongation,1.0,2.03,0.11
III,Nueva Ecija,Cabanatuan City,2022-01-24,Elongation,2.0,1.84,0.01
III,Nueva Ecija,Cabanatuan City,2022-01-25,Elongation,0.0,2.39,0.14
III,Nueva Ecija,Cabanatuan City,2022-01-26,Elongation,0.0,1.65,0.04
III,Nueva Ecija,Cabanatuan City,2022-01-27,Elongation,5.0,1.84,0.09
III,Nueva Ecija,Cabanatuan City,2022-01-28,Elongation,0.0,2.78,0.06
III,Nueva Ecija,Cabanatuan City,2022-01-29,Elongation,3.0,3.27,0.0
III,Nueva Ecija,Cabanatuan City,2022-01-30,Elongation,1.0,4.0,0.13
III,Nueva Ecija,Cabanatuan City,2022-01-31,Elongation,2.0,4.33,0.06
III,Nueva Ecija,Cabanatuan City,2022-02-01,Elongation,0.0,4.09,0.12
III,Nueva Ecija,Cabanatuan City,2022-02-02,Elongation,6.0,2.22,0.03
III,Nueva Ecija,Cabanatuan City,2022-02-03,Panicle,4.0,0.04,4.54
III,Nueva Ecija,Cabanatuan City,2022-02-04,Panicle,3.0,0.19,0.96
III,Nueva Ecija,Cabanatuan City,2022-02-05,Panicle,3.0,0.0,1.04
III,Nueva Ecija,Cabanatuan City,2022-02-06,Panicle,3.0,0.0,0.04
III,Nueva Ecija,Cabanatuan City,2022-02-07,Panicle,5.0,0.12,1.44
III,Nueva Ecija,Cabanatuan City,2022-02-08,Panicle,2.0,0.0,2.36
III,Nueva Ecija,Cabanatuan City,2022-02-09,Panicle,1.0,0.1,1.89
III,Nueva Ecija,Cabanatuan City,2022-02-10,Panicle,0.0,0.12,0.51
III,Nueva Ecija,Cabanatuan City,2022-02-11,Panicle,2.0,0.04,0.0
III,Nueva Ecija,Cabanatuan City,2022-02-12,Panicle,2.0,0.15,0.14
III,Nueva Ecija,Cabanatuan City,2022-02-13,Panicle,2.0,0.09,0.0
III,Nueva Ecija,Cabanatuan City,2022-02-14,Panicle,2.0,0.18,0.47
III,Nueva Ecija,Cabanatuan City,2022-02-15,Panicle,1.0,0.16,0.43
III,Nueva Ecija,Cabanatuan City,2022-02-16,Panicle,0.0,0.02,1.32
III,Nueva Ecija,Cabanatuan City,2022-02-17,Panicle,0.0,0.07,1.03
III,Nueva Ecija,Cabanatuan City,2022-02-18,Flowering,1.0,0.06,1.83
III,Nueva Ecija,Cabanatuan City,2022-02-19,Flowering,1.0,0.07,0.52
III,Nueva Ecija,Cabanatuan City,2022-02-20,Flowering,2.0,0.01,0.0
III,Nueva Ecija,Cabanatuan City,2022-02-21,Flowering,0.0,0.04,0.08
III,Nueva Ecija,Cabanatuan City,2022-02-22,Flowering,1.0,0.13,1.79
III,Nueva Ecija,Cabanatuan City,2022-02-23,Flowering,2.0,0.1,2.06
III,Nueva Ecija,Cabanatuan City,2022-02-24,Flowering,0.0,0.0,0.09
III,Nueva Ecija,Cabanatuan City,2022-02-25,Flowering,0.0,0.06,0.18
III,Nueva Ecija,Cabanatuan City,2022-02-26,Flowering,1.0,0.14,0.0
III,Nueva Ecija,Cabanatuan City,2022-02-27,Flowering,2.0,0.14,0.0
III,Nueva Ecija,Cabanatuan City,2022-02-28,Flowering,0.0,0.0,0.22
III,Nueva Ecija,Cabanatuan City,2022-03-01,Flowering,4.0,0.1,0.0
III,Nueva Ecija,Cabanatuan City,2022-03-02,Flowering,3.0,0.23,0.0
III,Nueva Ecija,Cabanatuan City,2022-03-03,Flowering,1.0,0.02,0.0
III,Nueva Ecija,Cabanatuan City,2022-03-04,Ripening,2.0,0.1,0.0
III,Nueva Ecija,Cabanatuan City,2022-03-05,Ripening,1.0,0.02,0.9
III,Nueva Ecija,Cabanatuan City,2022-03-06,Ripening,0.0,0.07,0.0
III,Nueva Ecija,Cabanatuan City,2022-03-07,Ripening,0.0,0.14,1.58
III,Nueva Ecija,Cabanatuan City,2022-03-08,Ripening,0.0,0.0,0.0
III,Nueva Ecija,Cabanatuan City,2022-03-09,Ripening,0.0,0.0,0.72
III,Nueva Ecija,Cabanatuan City,2022-03-10,Ripening,1.0,0.11,1.98
III,Nueva Ecija,Cabanatuan City,2022-03-11,Ripening,3.0,0.13,0.95
III,Nueva Ecija,Cabanatuan City,2022-03-12,Ripening,1.0,0.04,1.32
III,Nueva Ecija,Cabanatuan City,2022-03-13,Ripening,0.0,0.11,0.39
III,Nueva Ecija,Cabanatuan City,2022-03-14,Ripening,0.0,0.06,0.0
III,Nueva Ecija,Cabanatuan City,2022-03-15,Ripening,0.0,0.06,0.6
III,Nueva Ecija,Cabanatuan City,2022-03-16,Ripening,1.0,0.05,0.0
III,Nueva Ecija,Cabanatuan City,2022-03-17,Ripening,0.0,0.09,0.21
III,Nueva Ecija,Cabanatuan City,2022-03-17,Ripening,0.0,0.09,0.21
III,Nueva Ecija,Cabanatuan City,2022-03-18,Ripening,1.0,0.1,1.93
III,Nueva Ecija,Cabanatuan City,2022-03-19,Ripening,0.0,0.17,0.71
III,Nueva Ecija,Cabanatuan City,2022-03-20,Ripening,1.0,0.0,0.58
III,Nueva Ecija,Cabanatuan City,2022-03-21,Ripening,0.0,0.02,0.0
III,Nueva Ecija,Cabanatuan City,2022-03-22,Ripening,0.0,0.13,0.0
III,Nueva Ecija,Cabanatuan City,2022-03-23,Ripening,0.0,0.05,0.25
III,Nueva Ecija,Cabanatuan City,2022-03-24,Ripening,1.0,0.08,0.37
III,Nueva Ecija,Cabanatuan City,2022-03-25,Ripening,1.0,0.09,1.21
III,Nueva Ecija,Cabanatuan City,2022-03-26,Ripening,1.0,0.04,1.31
III,Nueva Ecija,Cabanatuan City,2022-03-27,Ripening,0.0,0.11,1.72
III,Nueva Ecija,Cabanatuan City,2022-03-28,Ripening,0.0,0.23,0.69
III,Nueva Ecija,Cabanatuan City,2022-03-29,Ripening,0.0,0.04,0.24
III,Nueva Ecija,Cabanatuan City,2022-03-30,Ripening,0.0,0.15,0.34
III,Nueva Ecija,Cabanatuan City,2022-03-31,Ripening,1.0,0.03,0.0
III,Nueva Ecija,Cabanatuan City,2022-04-01,Ripening,0.0,0.01,0.19
III,Nueva Ecija,Cabanatuan City,2022-04-02,Ripening,0.0,0.17,0.09
III,Nueva Ecija,Cabanatuan City,2022-04-03,Ripening,0.0,0.04,0.0
III,Nueva Ecija,Cabanatuan City,2022-04-04,Ripening,0.0,0.0,0.15
III,Nueva Ecija,Cabanatuan City,2022-04-05,Ripening,0.0,0.08,0.17
III,Nueva Ecija,Cabanatuan City,2022-04-06,Ripening,0.0,0.02,0.13
III,Nueva Ecija,Cabanatuan City,2022-04-07,Ripening,0.0,0.11,0.1
III,Nueva Ecija,Cabanatuan City,2022-04-08,Ripening,0.0,0.08,0.02
III,Nueva Ecija,Cabanatuan City,2022-04-09,Ripening,0.0,0.01,0.05
III,Nueva Ecija,Cabanatuan City,2022-04-10,Ripening,0.0,0.05,0.08
III,Nueva Ecija,Cabanatuan City,2022-04-11,Ripening,0.0,0.12,0.13
III,Nueva Ecija,Cabanatuan City,2022-04-12,Ripening,0.0,0.04,0.2
III,Nueva Ecija,Cabanatuan City,2022-04-13,Ripening,0.0,0.01,0.0
III,Nueva Ecija,Cabanatuan City,2022-04-14,Ripening,0.0,0.15,0.0
III,Nueva Ecija,Cabanatuan City,2022-04-15,Ripening,0.0,0.14,0.06
III,Nueva Ecija,Cabanatuan City,2022-04-16,Ripening,0.0,0.09,0.12
III,Nueva Ecija,Cabanatuan City,2022-04-17,Ripening,0.0,0.17,0.08
III,Nueva Ecija,Cabanatuan City,2022-04-18,Ripening,0.0,0.0,0.05
III,Nueva Ecija,Cabanatuan City,2022-04-19,Ripening,0.0,0.0,0.17
III,Nueva Ecija,Cabanatuan City,2022-04-20,Ripening,0.0,0.1,0.2
III,Nueva Ecija,Cabanatuan City,2022-04-21,Ripening,0.0,0.1,0.11
III,Nueva Ecija,Cabanatuan City,2022-04-22,Ripening,0.0,0.03,0.11
III,Nueva Ecija,Cabanatuan City,2022-04-23,Ripening,0.0,0.07,0.0
III,Nueva Ecija,Cabanatuan City,2022-04-24,Ripening,0.0,0.1,0.08
III,Nueva Ecija,Cabanatuan City,2022-04-25,Ripening,0.0,0.02,0.18
III,Nueva Ecija,Cabanatuan City,2022-04-26,Ripening,0.0,0.1,0.15
III,Nueva Ecija,Cabanatuan City,2022-04-27,Ripening,0.0,0.16,0.2
III,Nueva Ecija,Cabanatuan City,2022-04-28,Ripening,0.0,0.09,0.1
III,Nueva Ecija,Cabanatuan City,2022-04-29,Ripening,0.0,0.07,0.2
III,Nueva Ecija,Cabanatuan City,2022-04-30,Ripening,0.0,0.15,0.12
III,Nueva Ecija,Cabanatuan City,2022-05-01,Ripening,0.0,0.18,0.0
III,Nueva Ecija,Cabanatuan City,2022-05-02,Ripening,0.0,0.08,0.05
III,Nueva Ecija,Cabanatuan City,2022-05-03,Seedling,0.0,0.0,0.11
III,Nueva Ecija,Cabanatuan City,2022-05-04,Seedling,0.0,0.02,0.09
III,Nueva Ecija,Cabanatuan City,2022-05-05,Seedling,0.0,0.16,0.15
III,Nueva Ecija,Cabanatuan City,2022-05-06,Seedling,0.0,0.12,0.01
III,Nueva Ecija,Cabanatuan City,2022-05-07,Seedling,0.0,0.0,0.02
III,Nueva Ecija,Cabanatuan City,2022-05-08,Seedling,0.0,0.02,0.11
III,Nueva Ecija,Cabanatuan City,2022-05-09,Seedling,0.0,0.09,0.0
III,Nueva Ecija,Cabanatuan City,2022-05-10,Seedling,0.0,0.06,0.0
III,Nueva Ecija,Cabanatuan City,2022-05-11,Seedling,0.0,0.09,0.09
III,Nueva Ecija,Cabanatuan City,2022-05-12,Seedling,0.0,0.04,0.06
III,Nueva Ecija,Cabanatuan City,2022-05-13,Seedling,0.0,0.07,0.18
III,Nueva Ecija,Cabanatuan City,2022-05-14,Seedling,0.0,0.13,0.07
III,Nueva Ecija,Cabanatuan City,2022-05-15,Seedling,0.0,0.13,0.0
III,Nueva Ecija,Cabanatuan City,2022-05-16,Seedling,0.0,0.02,0.01
III,Nueva Ecija,Cabanatuan City,2022-05-17,Seedling,0.0,0.22,0.28
III,Nueva Ecija,Cabanatuan City,2022-05-18,Seedling,0.0,0.17,0.0
III,Nueva Ecija,Cabanatuan City,2022-05-19,Seedling,0.0,0.09,0.0
III,Nueva Ecija,Cabanatuan City,2022-05-20,Seedling,0.0,0.13,0.06
III,Nueva Ecija,Cabanatuan City,2022-05-21,Seedling,0.0,0.05,0.16
III,Nueva Ecija,Cabanatuan City,2022-05-22,Seedling,0.0,0.12,0.0
III,Nueva Ecija,Cabanatuan City,2022-05-23,Seedling,0.0,0.0,0.09
III,Nueva Ecija,Cabanatuan City,2022-05-24,Seedling,0.0,0.09,0.0
III,Nueva Ecija,Cabanatuan City,2022-05-25,Seedling,0.0,0.08,0.02
III,Nueva Ecija,Cabanatuan City,2022-05-26,Seedling,0.0,0.0,0.21
III,Nueva Ecija,Cabanatuan City,2022-05-27,Seedling,0.0,0.0,0.1
III,Nueva Ecija,Cabanatuan City,2022-05-28,Seedling,0.0,0.05,0.1
III,Nueva Ecija,Cabanatuan City,2022-05-29,Seedling,0.0,0.06,0.27
III,Nueva Ecija,Cabanatuan City,2022-05-30,Seedling,0.0,0.0,0.11
III,Nueva Ecija,Cabanatuan City,2022-05-31,Seedling,0.0,0.0,0.1
III,Nueva Ecija,Cabanatuan City,2022-06-01,Seedling,0.0,0.08,0.0
III,Nueva Ecija,Cabanatuan City,2022-06-02,Seedling,0.0,0.0,0.02
III,Nueva Ecija,Cabanatuan City,2022-06-03,Seedling,0.0,0.18,0.08
III,Nueva Ecija,Cabanatuan City,2022-06-04,Seedling,0.0,0.04,0.07
III,Nueva Ecija,Cabanatuan City,2022-06-05,Seedling,0.0,0.17,0.06
III,Nueva Ecija,Cabanatuan City,2022-06-06,Seedling,0.0,0.14,0.0
III,Nueva Ecija,Cabanatuan City,2022-06-07,Seedling,0.0,0.07,0.26
III,Nueva Ecija,Cabanatuan City,2022-06-08,Seedling,12.0,1.12,0.09
III,Nueva Ecija,Cabanatuan City,2022-06-09,Seedling,4.0,0.05,0.06
III,Nueva Ecija,Cabanatuan City,2022-06-10,Seedling,6.0,0.42,0.0
III,Nueva Ecija,Cabanatuan City,2022-06-11,Seedling,3.0,0.14,0.05
III,Nueva Ecija,Cabanatuan City,2022-06-12,Seedling,5.0,0.0,0.03
III,Nueva Ecija,Cabanatuan City,2022-06-13,Seedling,8.0,1.0,0.0
III,Nueva Ecija,Cabanatuan City,2022-06-14,Seedling,5.0,0.0,0.03
III,Nueva Ecija,Cabanatuan City,2022-06-15,Seedling,4.0,1.16,0.03
III,Nueva Ecija,Cabanatuan City,2022-06-16,Seedling,3.0,0.19,0.36
III,Nueva Ecija,Cabanatuan City,2022-06-17,Seedling,2.0,0.0,0.08
III,Nueva Ecija,Cabanatuan City,2022-06-18,Seedling,4.0,0.0,0.0
III,Nueva Ecija,Cabanatuan City,2022-06-19,Seedling,4.0,0.83,0.06
III,Nueva Ecija,Cabanatuan City,2022-06-20,Seedling,4.0,0.2,0.0
III,Nueva Ecija,Cabanatuan City,2022-06-21,Seedling,4.0,0.87,0.0
III,Nueva Ecija,Cabanatuan City,2022-06-22,Seedling,11.0,1.21,0.1
III,Nueva Ecija,Cabanatuan City,2022-06-23,Seedling,9.0,0.27,0.17
III,Nueva Ecija,Cabanatuan City,2022-06-24,Tillering,24.0,1.71,0.09
III,Nueva Ecija,Cabanatuan City,2022-06-25,Tillering,18.0,1.03,0.0
III,Nueva Ecija,Cabanatuan City,2022-06-26,Tillering,18.0,0.98,0.18
III,Nueva Ecija,Cabanatuan City,2022-06-27,Tillering,23.0,0.0,0.0
III,Nueva Ecija,Cabanatuan City,2022-06-28,Tillering,21.0,0.0,
III,Nueva Ecija,Cabanatuan City,2022-06-29,Tillering,25.0,0.77,
III,Nueva Ecija,Cabanatuan City,2022-06-30,Tillering,27.0,0.01,
III,Nueva Ecija,Cabanatuan City,2022-07-01,Tillering,23.0,0.92,
III,Nueva Ecija,Cabanatuan City,2022-07-02,Tillering,20.0,1.33,0.0
III,Nueva Ecija,Cabanatuan City,2022-07-03,Tillering,24.0,1.59,0.0
III,Nueva Ecija,Cabanatuan City,2022-07-04,Tillering,22.0,0.0,0.07
III,Nueva Ecija,Cabanatuan City,2022-07-05,Tillering,25.0,0.55,0.06
III,Nueva Ecija,Cabanatuan City,2022-07-06,Tillering,25.0,1.21,0.12
III,Nueva Ecija,Cabanatuan City,2022-07-07,Tillering,34.0,1.66,0.0
III,Nueva Ecija,Cabanatuan City,2022-07-08,Tillering,28.0,1.31,0.12
III,Nueva Ecija,Cabanatuan City,2022-07-09,Tillering,40.0,2.17,0.04
III,Nueva Ecija,Cabanatuan City,2022-07-10,Tillering,28.0,2.01,0.02
III,Nueva Ecija,Cabanatuan City,2022-07-11,Tillering,40.0,1.95,0.14
III,Nueva Ecija,Cabanatuan City,2022-07-12,Tillering,45.0,1.94,0.04
III,Nueva Ecija,Cabanatuan City,2022-07-13,Tillering,57.0,1.28,0.02
III,Nueva Ecija,Cabanatuan City,2022-07-14,Tillering,46.0,1.25,0.06
III,Nueva Ecija,Cabanatuan City,2022-07-15,Tillering,44.0,0.67,0.2
III,Nueva Ecija,Cabanatuan City,2022-07-16,Tillering,51.0,0.36,0.08
III,Nueva Ecija,Cabanatuan City,2022-07-17,Tillering,59.0,1.24,0.21
III,Nueva Ecija,Cabanatuan City,2022-07-18,Tillering,53.0,1.48,0.0
III,Nueva Ecija,Cabanatuan City,2022-07-19,Elongation,50.0,0.67,0.0
III,Nueva Ecija,Cabanatuan City,2022-07-20,Elongation,36.0,1.59,0.14
III,Nueva Ecija,Cabanatuan City,2022-07-21,Elongation,29.0,1.41,0.09
III,Nueva Ecija,Cabanatuan City,2022-07-22,Elongation,30.0,1.39,0.14
III,Nueva Ecija,Cabanatuan City,2022-07-23,Elongation,,1.55,0.13
III,Nueva Ecija,Cabanatuan City,2022-07-24,Elongation,,2.22,0.17
III,Nueva Ecija,Cabanatuan City,2022-07-25,Elongation,,2.06,0.08
III,Nueva Ecija,Cabanatuan City,2022-07-26,Elongation,,2.84,0.0
III,Nueva Ecija,Cabanatuan City,2022-07-27,Elongation,,1.75,0.15
III,Nueva Ecija,Cabanatuan City,2022-07-28,Elongation,34.0,3.11,0.12
III,Nueva Ecija,Cabanatuan City,2022-07-29,Elongation,18.0,3.54,0.04
III,Nueva Ecija,Cabanatuan City,2022-07-30,Elongation,21.0,5.1,0.09
III,Nueva Ecija,Cabanatuan City,2022-07-31,Elongation,27.0,5.51,0.15
III,Nueva Ecija,Cabanatuan City,2022-08-01,Elongation,28.0,6.87,0.18
III,Nueva Ecija,Cabanatuan City,2022-08-02,Elongation,24.0,5.54,0.09
III,Nueva Ecija,Cabanatuan City,2022-08-03,Elongation,30.0,4.77,0.08
III,Nueva Ecija,Cabanatuan City,2022-08-04,Elongation,31.0,6.18,0.08
III,Nueva Ecija,Cabanatuan City,2022-08-05,Elongation,27.0,4.31,0.2
III,Nueva Ecija,Cabanatuan City,2022-08-06,Elongation,17.0,3.49,0.0
III,Nueva Ecija,Cabanatuan City,2022-08-07,Elongation,17.0,3.22,0.04
III,Nueva Ecija,Cabanatuan City,2022-08-08,Panicle,12.0,0.17,5.63
III,Nueva Ecija,Cabanatuan City,2022-08-09,Panicle,16.0,0.2,4.91
III,Nueva Ecija,Cabanatuan City,2022-08-10,Panicle,12.0,0.07,6.7
III,Nueva Ecija,Cabanatuan City,2022-08-11,Panicle,,0.18,6.98
III,Nueva Ecija,Cabanatuan City,2022-08-12,Panicle,,0.17,6.0
III,Nueva Ecija,Cabanatuan City,2022-08-13,Panicle,,0.18,6.13
III,Nueva Ecija,Cabanatuan City,2022-08-14,Panicle,,0.09,2.41
III,Nueva Ecija,Cabanatuan City,2022-08-15,Panicle,3.0,0.14,0.51
III,Nueva Ecija,Cabanatuan City,2022-08-16,Panicle,3.0,0.05,1.65
III,Nueva Ecija,Cabanatuan City,2022-08-17,Panicle,4.0,0.15,0.83
III,Nueva Ecija,Cabanatuan City,2022-08-18,Panicle,3.0,0.05,0.83
III,Nueva Ecija,Cabanatuan City,2022-08-19,Panicle,3.0,0.03,1.19
III,Nueva Ecija,Cabanatuan City,2022-08-20,Panicle,7.0,0.12,1.38
III,Nueva Ecija,Cabanatuan City,2022-08-21,Panicle,10.0,0.08,0.45
III,Nueva Ecija,Cabanatuan City,2022-08-22,Panicle,12.0,0.03,1.96
III,Nueva Ecija,Cabanatuan City,2022-08-23,Panicle,14.0,0.13,0.0
III,Nueva Ecija,Cabanatuan City,2022-08-24,Flowering,5.0,0.0,1.37
III,Nueva Ecija,Cabanatuan City,2022-08-25,Flowering,6.0,,0.0
III,Nueva Ecija,Cabanatuan City,2022-08-26,Flowering,8.0,,0.18
III,Nueva Ecija,Cabanatuan City,2022-08-27,Flowering,2.0,,0.44
III,Nueva Ecija,Cabanatuan City,2022-08-28,Flowering,2.0,,0.93
III,Nueva Ecija,Cabanatuan City,2022-08-29,Flowering,3.0,,0.34
III,Nueva Ecija,Cabanatuan City,2022-08-30,Flowering,3.0,0.19,0.0
III,Nueva Ecija,Cabanatuan City,2022-08-31,Flowering,1.0,0.07,1.26
III,Nueva Ecija,Cabanatuan City,2022-09-01,Flowering,3.0,0.17,0.61
III,Nueva Ecija,Cabanatuan City,2022-09-02,Flowering,2.0,0.0,0.82
III,Nueva Ecija,Cabanatuan City,2022-09-03,Flowering,2.0,0.16,1.6
III,Nueva Ecija,Cabanatuan City,2022-09-04,Flowering,1.0,0.08,2.4
III,Nueva Ecija,Cabanatuan City,2022-09-05,Flowering,0.0,0.03,1.06
III,Nueva Ecija,Cabanatuan City,2022-09-06,Flowering,3.0,0.09,3.27
III,Nueva Ecija,Cabanatuan City,2022-09-07,Flowering,1.0,0.08,2.08
III,Nueva Ecija,Cabanatuan City,2022-09-08,Ripening,0.0,0.0,3.69
III,Nueva Ecija,Cabanatuan City,2022-09-09,Ripening,1.0,0.09,4.82
III,Nueva Ecija,Cabanatuan City,2022-09-10,Ripening,4.0,0.02,3.32
III,Nueva Ecija,Cabanatuan City,2022-09-11,Ripening,4.0,0.08,3.33
III,Nueva Ecija,Cabanatuan City,2022-09-12,Ripening,5.0,0.05,3.71
III,Nueva Ecija,Cabanatuan City,2022-09-13,Ripening,2.0,0.05,4.71
III,Nueva Ecija,Cabanatuan City,2022-09-14,Ripening,6.0,0.06,4.78
III,Nueva Ecija,Cabanatuan City,2022-09-15,Ripening,3.0,0.12,3.46
III,Nueva Ecija,Cabanatuan City,2022-09-16,Ripening,3.0,0.08,2.96
III,Nueva Ecija,Cabanatuan City,2022-09-17,Ripening,3.0,0.14,3.43
III,Nueva Ecija,Cabanatuan City,2022-09-18,Ripening,3.0,0.06,1.99
III,Nueva Ecija,Cabanatuan City,2022-09-19,Ripening,0.0,0.04,2.66
III,Nueva Ecija,Cabanatuan City,2022-09-20,Ripening,1.0,0.13,2.87
III,Nueva Ecija,Cabanatuan City,2022-09-21,Ripening,5.0,0.11,1.46
III,Nueva Ecija,Cabanatuan City,2022-09-22,Ripening,1.0,0.06,0.0
III,Nueva Ecija,Cabanatuan City,2022-09-23,Ripening,1.0,0.06,0.46
III,Nueva Ecija,Cabanatuan City,2022-09-24,Ripening,0.0,0.05,1.32
III,Nueva Ecija,Cabanatuan City,2022-09-25,Ripening,0.0,0.09,1.54
III,Nueva Ecija,Cabanatuan City,2022-09-26,Ripening,,0.05,2.0
III,Nueva Ecija,Cabanatuan City,2022-09-27,Ripening,,0.04,1.57
III,Nueva Ecija,Cabanatuan City,2022-09-28,Ripening,,0.05,0.8
III,Nueva Ecija,Cabanatuan City,2022-09-29,Ripening,1.0,0.06,2.28
III,Nueva Ecija,Cabanatuan City,2022-09-30,Ripening,0.0,0.06,0.29
III,Nueva Ecija,Cabanatuan City,2022-10-01,Ripening,0.0,0.0,1.74
III,Nueva Ecija,Cabanatuan City,2022-10-02,Ripening,0.0,0.11,0.37
III,Nueva Ecija,Cabanatuan City,2022-10-03,Ripening,0.0,0.12,0.0
III,Nueva Ecija,Cabanatuan City,2022-10-04,Ripening,0.0,0.16,0.08
III,Nueva Ecija,Cabanatuan City,2022-10-05,Ripening,0.0,0.08,0.04
III,Nueva Ecija,Cabanatuan City,2022-10-06,Ripening,0.0,0.16,0.0
III,Nueva Ecija,Cabanatuan City,2022-10-07,Ripening,0.0,0.0,0.1
III,Nueva Ecija,Cabanatuan City,2022-10-08,Ripening,0.0,0.09,0.0
III,Nueva Ecija,Cabanatuan City,2022-10-09,Ripening,0.0,0.06,0.1
III,Nueva Ecija,Cabanatuan City,2022-10-10,Ripening,0.0,0.12,0.01
III,Nueva Ecija,Cabanatuan City,2022-10-11,Ripening,0.0,0.11,0.23
III,Nueva Ecija,Cabanatuan City,2022-10-12,Ripening,0.0,0.08,0.01
III,Nueva Ecija,Cabanatuan City,2022-10-13,Ripening,0.0,0.17,0.01
III,Nueva Ecija,Cabanatuan City,2022-10-14,Ripening,0.0,0.0,0.05
III,Nueva Ecija,Cabanatuan City,2022-10-15,Ripening,0.0,0.04,0.06
III,Nueva Ecija,Cabanatuan City,2022-10-16,Ripening,0.0,0.0,0.0
III,Nueva Ecija,Cabanatuan City,2022-10-17,Ripening,0.0,0.15,0.07
III,Nueva Ecija,Cabanatuan City,2022-10-18,Ripening,0.0,0.09,0.19
III,Nueva Ecija,Cabanatuan City,2022-10-19,Ripening,0.0,0.09,0.06
III,Nueva Ecija,Cabanatuan City,2022-10-20,Ripening,0.0,0.05,0.03
III,Nueva Ecija,Cabanatuan City,2022-10-21,Ripening,0.0,0.15,0.27
III,Nueva Ecija,Cabanatuan City,2022-10-22,Ripening,1.0,0.08,0.11
III,Nueva Ecija,Cabanatuan City,2022-10-23,Ripening,0.0,0.0,0.15
III,Nueva Ecija,Cabanatuan City,2022-10-24,Ripening,0.0,0.08,0.0
III,Nueva Ecija,Cabanatuan City,2022-10-25,Ripening,0.0,0.0,0.07
III,Nueva Ecija,Cabanatuan City,2022-10-26,Ripening,0.0,0.0,0.22
III,Nueva Ecija,Cabanatuan City,2022-10-27,Ripening,0.0,0.04,0.0
III,Nueva Ecija,Cabanatuan City,2022-10-28,Ripening,0.0,0.24,0.13
III,Nueva Ecija,Cabanatuan City,2022-10-29,Ripening,0.0,0.04,0.11
III,Nueva Ecija,Cabanatuan City,2022-10-30,Ripening,0.0,0.17,0.15
III,Nueva Ecija,Cabanatuan City,2022-10-31,Seedling,0.0,0.18,0.04
III,Nueva Ecija,Cabanatuan City,2022-11-01,Seedling,0.0,0.0,0.16
III,Nueva Ecija,Cabanatuan City,2022-11-02,Seedling,0.0,0.09,0.17
III,Nueva Ecija,Cabanatuan City,2022-11-03,Seedling,0.0,0.06,0.01
III,Nueva Ecija,Cabanatuan City,2022-11-04,Seedling,0.0,0.13,0.01
III,Nueva Ecija,Cabanatuan City,2022-11-05,Seedling,0.0,0.08,0.03
III,Nueva Ecija,Cabanatuan City,2022-11-06,Seedling,0.0,0.0,0.22
III,Nueva Ecija,Cabanatuan City,2022-11-07,Seedling,0.0,0.07,0.0
III,Nueva Ecija,Cabanatuan City,2022-11-08,Seedling,0.0,0.04,0.06
III,Nueva Ecija,Cabanatuan City,2022-11-09,Seedling,0.0,0.14,0.17
III,Nueva Ecija,Cabanatuan City,2022-11-10,Seedling,0.0,0.04,0.0
III,Nueva Ecija,Cabanatuan City,2022-11-11,Seedling,0.0,0.02,0.2
III,Nueva Ecija,Cabanatuan City,2022-11-12,Seedling,0.0,0.03,0.06
III,Nueva Ecija,Cabanatuan City,2022-11-13,Seedling,0.0,0.15,0.14
III,Nueva Ecija,Cabanatuan City,2022-11-14,Seedling,0.0,0.07,0.04
III,Nueva Ecija,Cabanatuan City,2022-11-15,Seedling,0.0,0.0,0.15
III,Nueva Ecija,Cabanatuan City,2022-11-16,Seedling,0.0,0.04,0.0
III,Nueva Ecija,Cabanatuan City,2022-11-17,Seedling,0.0,0.14,0.0
III,Nueva Ecija,Cabanatuan City,2022-11-18,Seedling,,0.2,0.07
III,Nueva Ecija,Cabanatuan City,2022-11-19,Seedling,,0.0,0.18
III,Nueva Ecija,Cabanatuan City,2022-11-20,Seedling,,0.0,0.3
III,Nueva Ecija,Cabanatuan City,2022-11-21,Seedling,0.0,0.02,0.25
III,Nueva Ecija,Cabanatuan City,2022-11-22,Seedling,0.0,0.02,0.16
III,Nueva Ecija,Cabanatuan City,2022-11-23,Seedling,0.0,0.12,0.08
III,Nueva Ecija,Cabanatuan City,2022-11-24,Seedling,0.0,0.17,0.21
III,Nueva Ecija,Cabanatuan City,2022-11-25,Seedling,0.0,0.11,0.04
III,Nueva Ecija,Cabanatuan City,2022-11-26,Seedling,0.0,0.04,0.02
III,Nueva Ecija,Cabanatuan City,2022-11-27,Seedling,0.0,0.06,0.14
III,Nueva Ecija,Cabanatuan City,2022-11-28,Seedling,0.0,0.29,0.0
III,Nueva Ecija,Cabanatuan City,2022-11-29,Seedling,2.0,0.27,0.13
III,Nueva Ecija,Cabanatuan City,2022-11-30,Seedling,1.0,0.78,0.2
III,Nueva Ecija,Cabanatuan City,2022-12-01,Seedling,2.0,0.72,0.02
III,Nueva Ecija,Cabanatuan City,2022-12-02,Seedling,1.0,0.0,0.04
III,Nueva Ecija,Cabanatuan City,2022-12-03,Seedling,0.0,0.45,0.06
III,Nueva Ecija,Cabanatuan City,2022-12-04,Seedling,0.0,0.0,0.16
III,Nueva Ecija,Cabanatuan City,2022-12-05,Seedling,1.0,0.07,0.16
III,Nueva Ecija,Cabanatuan City,2022-12-06,Seedling,0.0,0.44,0.0
III,Nueva Ecija,Cabanatuan City,2022-12-07,Seedling,,0.13,0.06
III,Nueva Ecija,Cabanatuan City,2022-12-08,Seedling,,0.84,0.0
III,Nueva Ecija,Cabanatuan City,2022-12-09,Seedling,,0.55,0.11
III,Nueva Ecija,Cabanatuan City,2022-12-10,Seedling,,0.77,0.0
III,Nueva Ecija,Cabanatuan City,2022-12-11,Seedling,,0.58,0.18
III,Nueva Ecija,Cabanatuan City,2022-12-12,Seedling,0.0,0.1,0.0
III,Nueva Ecija,Cabanatuan City,2022-12-13,Tillering,2.0,0.15,0.12
III,Nueva Ecija,Cabanatuan City,2022-12-14,Tillering,3.0,0.0,0.0
III,Nueva Ecija,Cabanatuan City,2022-12-15,Tillering,2.0,1.6,
III,Nueva Ecija,Cabanatuan City,2022-12-16,Tillering,2.0,0.8,
III,Nueva Ecija,Cabanatuan City,2022-12-17,Tillering,3.0,1.18,
III,Nueva Ecija,Cabanatuan City,2022-12-18,Tillering,1.0,0.04,0.04
III,Nueva Ecija,Cabanatuan City,2022-12-19,Tillering,1.0,0.37,0.0
III,Nueva Ecija,Cabanatuan City,2022-12-20,Tillering,2.0,0.0,0.16
III,Nueva Ecija,Cabanatuan City,2022-12-21,Tillering,7.0,0.33,0.14
III,Nueva Ecija,Cabanatuan City,2022-12-22,Tillering,0.0,0.52,0.0
III,Nueva Ecija,Cabanatuan City,2022-12-23,Tillering,4.0,0.07,0.05
III,Nueva Ecija,Cabanatuan City,2022-12-24,Tillering,1.0,0.54,0.0
III,Nueva Ecija,Cabanatuan City,2022-12-25,Tillering,0.0,0.63,0.0
III,Nueva Ecija,Cabanatuan City,2022-12-26,Tillering,1.0,0.87,0.04
III,Nueva Ecija,Cabanatuan City,2022-12-27,Tillering,2.0,0.0,0.21
III,Nueva Ecija,Cabanatuan City,2022-12-28,Tillering,2.0,0.58,0.13
III,Nueva Ecija,Cabanatuan City,2022-12-29,Tillering,2.0,0.57,0.12
III,Nueva Ecija,Cabanatuan City,2022-12-30,Tillering,2.0,1.18,0.08
III,Nueva Ecija,Cabanatuan City,2022-12-31,Tillering,1.0,0.0,0.16
III,Nueva Ecija,Cabanatuan City,2023-01-01,Tillering,0.0,0.04,0.12
III,Nueva Ecija,Cabanatuan City,2023-01-02,Tillering,2.0,1.52,0.13
III,Nueva Ecija,Cabanatuan City,2023-01-03,Tillering,1.0,0.63,0.03
III,Nueva Ecija,Cabanatuan City,2023-01-04,Tillering,1.0,1.15,0.14
III,Nueva Ecija,Cabanatuan City,2023-01-05,Tillering,3.0,1.33,0.06
III,Nueva Ecija,Cabanatuan City,2023-01-06,Tillering,2.0,0.63,0.0
III,Nueva Ecija,Cabanatuan City,2023-01-07,Elongation,1.0,1.25,0.07
III,Nueva Ecija,Cabanatuan City,2023-01-08,Elongation,1.0,0.66,0.07
III,Nueva Ecija,Cabanatuan City,2023-01-09,Elongation,1.0,0.22,0.3
III,Nueva Ecija,Cabanatuan City,2023-01-10,Elongation,3.0,0.0,0.21
III,Nueva Ecija,Cabanatuan City,2023-01-11,Elongation,2.0,0.0,0.0
III,Nueva Ecija,Cabanatuan City,2023-01-12,Elongation,5.0,0.0,0.02
III,Nueva Ecija,Cabanatuan City,2023-01-13,Elongation,1.0,1.89,0.0
III,Nueva Ecija,Cabanatuan City,2023-01-14,Elongation,2.0,0.28,0.27
III,Nueva Ecija,Cabanatuan City,2023-01-15,Elongation,0.0,0.63,0.0
III,Nueva Ecija,Cabanatuan City,2023-01-16,Elongation,3.0,0.48,0.0
III,Nueva Ecija,Cabanatuan City,2023-01-17,Elongation,4.0,0.61,0.12
III,Nueva Ecija,Cabanatuan City,2023-01-18,Elongation,2.0,0.41,0.1
III,Nueva Ecija,Cabanatuan City,2023-01-19,Elongation,2.0,0.33,0.24
III,Nueva Ecija,Cabanatuan City,2023-01-20,Elongation,3.0,0.83,0.11
III,Nueva Ecija,Cabanatuan City,2023-01-21,Elongation,1.0,0.0,0.11
III,Nueva Ecija,Cabanatuan City,2023-01-22,Elongation,2.0,1.11,0.01
III,Nueva Ecija,Cabanatuan City,2023-01-23,Elongation,4.0,1.3,0.08
III,Nueva Ecija,Cabanatuan City,2023-01-24,Elongation,0.0,0.95,0.12
III,Nueva Ecija,Cabanatuan City,2023-01-25,Elongation,4.0,0.26,0.04
III,Nueva Ecija,Cabanatuan City,2023-01-26,Elongation,4.0,0.79,0.17
III,Nueva Ecija,Cabanatuan City,2023-01-27,Panicle,1.0,0.11,1.28
III,Nueva Ecija,Cabanatuan City,2023-01-28,Panicle,5.0,0.0,0.88
III,Nueva Ecija,Cabanatuan City,2023-01-29,Panicle,0.0,0.05,2.03
III,Nueva Ecija,Cabanatuan City,2023-01-30,Panicle,1.0,0.11,0.66
III,Nueva Ecija,Cabanatuan City,2023-01-31,Panicle,1.0,0.13,0.86
III,Nueva Ecija,Cabanatuan City,2023-02-01,Panicle,1.0,0.12,0.17
III,Nueva Ecija,Cabanatuan City,2023-02-02,Panicle,5.0,0.14,0.0
III,Nueva Ecija,Cabanatuan City,2023-02-03,Panicle,10.0,0.29,1.1
III,Nueva Ecija,Cabanatuan City,2023-02-04,Panicle,7.0,0.22,1.14
III,Nueva Ecija,Cabanatuan City,2023-02-05,Panicle,2.0,0.15,1.7
III,Nueva Ecija,Cabanatuan City,2023-02-06,Panicle,2.0,0.0,0.29
III,Nueva Ecija,Cabanatuan City,2023-02-07,Panicle,4.0,0.01,0.0
III,Nueva Ecija,Cabanatuan City,2023-02-08,Panicle,4.0,0.0,0.63
III,Nueva Ecija,Cabanatuan City,2023-02-09,Panicle,1.0,0.06,1.17
III,Nueva Ecija,Cabanatuan City,2023-02-10,Panicle,0.0,0.0,0.17
III,Nueva Ecija,Cabanatuan City,2023-02-11,Flowering,0.0,0.08,1.63
III,Nueva Ecija,Cabanatuan City,2023-02-12,Flowering,0.0,0.15,0.23
III,Nueva Ecija,Cabanatuan City,2023-02-13,Flowering,,0.1,0.0
III,Nueva Ecija,Cabanatuan City,2023-02-14,Flowering,,0.0,0.98
III,Nueva Ecija,Cabanatuan City,2023-02-15,Flowering,,0.14,0.56
III,Nueva Ecija,Cabanatuan City,2023-02-16,Flowering,0.0,0.03,0.0
III,Nueva Ecija,Cabanatuan City,2023-02-17,Flowering,3.0,0.14,0.09
III,Nueva Ecija,Cabanatuan City,2023-02-18,Flowering,0.0,0.11,0.0
III,Nueva Ecija,Cabanatuan City,2023-02-19,Flowering,4.0,0.0,0.51
III,Nueva Ecija,Cabanatuan City,2023-02-20,Flowering,5.0,0.0,0.0
III,Nueva Ecija,Cabanatuan City,2023-02-21,Flowering,0.0,0.07,0.45
III,Nueva Ecija,Cabanatuan City,2023-02-22,Flowering,0.0,0.18,2.04
III,Nueva Ecija,Cabanatuan City,2023-02-23,Flowering,1.0,0.22,0.0
III,Nueva Ecija,Cabanatuan City,2023-02-24,Flowering,0.0,0.0,0.59
III,Nueva Ecija,Cabanatuan City,2023-02-25,Ripening,1.0,0.1,1.47
III,Nueva Ecija,Cabanatuan City,2023-02-26,Ripening,1.0,0.17,2.24
III,Nueva Ecija,Cabanatuan City,2023-02-27,Ripening,0.0,0.13,1.74
III,Nueva Ecija,Cabanatuan City,2023-02-28,Ripening,0.0,0.11,4.88
III,Nueva Ecija,Cabanatuan City,2023-03-01,Ripening,0.0,0.05,3.72
III,Nueva Ecija,Cabanatuan City,2023-03-02,Ripening,1.0,0.0,5.96
III,Nueva Ecija,Cabanatuan City,2023-03-03,Ripening,0.0,0.0,6.47
III,Nueva Ecija,Cabanatuan City,2023-03-04,Ripening,2.0,0.1,5.41
III,Nueva Ecija,Cabanatuan City,2023-03-05,Ripening,0.0,0.15,4.96
III,Nueva Ecija,Cabanatuan City,2023-03-06,Ripening,0.0,0.0,4.17
III,Nueva Ecija,Cabanatuan City,2023-03-07,Ripening,0.0,0.0,4.44
III,Nueva Ecija,Cabanatuan City,2023-03-08,Ripening,0.0,0.25,3.07
III,Nueva Ecija,Cabanatuan City,2023-03-09,Ripening,2.0,0.12,3.88
III,Nueva Ecija,Cabanatuan City,2023-03-10,Ripening,1.0,0.07,3.68
III,Nueva Ecija,Cabanatuan City,2023-03-11,Ripening,0.0,0.0,2.81
III,Nueva Ecija,Cabanatuan City,2023-03-12,Ripening,0.0,0.0,2.98
III,Nueva Ecija,Cabanatuan City,2023-03-13,Ripening,0.0,0.02,2.17
III,Nueva Ecija,Cabanatuan City,2023-03-14,Ripening,0.0,0.18,2.0
III,Nueva Ecija,Cabanatuan City,2023-03-15,Ripening,0.0,0.14,1.36
III,Nueva Ecija,Cabanatuan City,2023-03-16,Ripening,0.0,0.07,1.2
III,Nueva Ecija,Cabanatuan City,2023-03-17,Ripening,0.0,0.17,0.0
III,Nueva Ecija,Cabanatuan City,2023-03-18,Ripening,1.0,0.18,0.0
III,Nueva Ecija,Cabanatuan City,2023-03-19,Ripening,1.0,0.08,1.48
III,Nueva Ecija,Cabanatuan City,2023-03-20,Ripening,1.0,0.07,1.97
III,Nueva Ecija,Cabanatuan City,2023-03-21,Ripening,0.0,0.04,0.22
III,Nueva Ecija,Cabanatuan City,2023-03-22,Ripening,1.0,0.08,0.18
III,Nueva Ecija,Cabanatuan City,2023-03-23,Ripening,0.0,0.0,0.06
III,Nueva Ecija,Cabanatuan City,2023-03-24,Ripening,0.0,0.16,0.09
III,Nueva Ecija,Cabanatuan City,2023-03-25,Ripening,0.0,0.01,
III,Nueva Ecija,Cabanatuan City,2023-03-26,Ripening,0.0,0.05,
III,Nueva Ecija,Cabanatuan City,2023-03-27,Ripening,1.0,0.14,
III,Nueva Ecija,Cabanatuan City,2023-03-28,Ripening,0.0,0.0,
III,Nueva Ecija,Cabanatuan City,2023-03-29,Ripening,1.0,0.21,0.15
III,Nueva Ecija,Cabanatuan City,2023-03-30,Ripening,1.0,0.12,0.0
III,Nueva Ecija,Cabanatuan City,2023-03-31,Ripening,0.0,0.01,0.14
III,Nueva Ecija,Cabanatuan City,2023-04-01,Ripening,0.0,0.21,0.09
III,Nueva Ecija,Cabanatuan City,2023-04-02,Ripening,0.0,0.09,0.09
III,Nueva Ecija,Cabanatuan City,2023-04-03,Ripening,1.0,0.16,0.0
III,Nueva Ecija,Cabanatuan City,2023-04-04,Ripening,0.0,0.07,0.0
III,Nueva Ecija,Cabanatuan City,2023-04-05,Ripening,0.0,0.1,0.12
III,Nueva Ecija,Cabanatuan City,2023-04-06,Ripening,0.0,0.04,0.05
III,Nueva Ecija,Cabanatuan City,2023-04-07,Ripening,0.0,0.0,0.0
III,Nueva Ecija,Cabanatuan City,2023-04-08,Ripening,1.0,0.17,0.04
III,Nueva Ecija,Cabanatuan City,2023-04-09,Ripening,0.0,0.06,0.14
III,Nueva Ecija,Cabanatuan City,2023-04-10,Ripening,0.0,0.23,0.18
III,Nueva Ecija,Cabanatuan City,2023-04-11,Ripening,0.0,0.18,0.13
III,Nueva Ecija,Cabanatuan City,2023-04-12,Ripening,0.0,0.16,0.24
III,Nueva Ecija,Cabanatuan City,2023-04-13,Ripening,1.0,0.04,0.02
III,Nueva Ecija,Cabanatuan City,2023-04-14,Ripening,0.0,0.09,
III,Nueva Ecija,Cabanatuan City,2023-04-15,Ripening,0.0,0.12,
III,Nueva Ecija,Cabanatuan City,2023-04-16,Ripening,0.0,0.0,
III,Nueva Ecija,Cabanatuan City,2023-04-17,Ripening,0.0,0.0,
III,Nueva Ecija,Cabanatuan City,2023-04-18,Ripening,0.0,0.0,0.02
III,Nueva Ecija,Cabanatuan City,2023-04-19,Ripening,1.0,0.07,0.02
III,Nueva Ecija,Cabanatuan City,2023-04-20,Ripening,0.0,0.02,0.19
III,Nueva Ecija,Cabanatuan City,2023-04-21,Ripening,0.0,0.23,0.13
III,Nueva Ecija,Cabanatuan City,2023-04-22,Ripening,0.0,0.03,0.16
III,Nueva Ecija,Cabanatuan City,2023-04-23,Ripening,0.0,0.08,0.05
III,Nueva Ecija,Cabanatuan City,2023-04-24,Ripening,0.0,0.13,0.1
III,Nueva Ecija,Cabanatuan City,2023-04-25,Ripening,0.0,0.21,0.08
III,Nueva Ecija,Cabanatuan City,2023-04-26,Ripening,0.0,0.28,0.01
III,Nueva Ecija,Cabanatuan City,2023-04-27,Ripening,1.0,0.06,0.0
III,Nueva Ecija,Cabanatuan City,2023-04-28,Seedling,0.0,0.04,0.15
III,Nueva Ecija,Cabanatuan City,2023-04-29,Seedling,0.0,0.12,0.14
III,Nueva Ecija,Cabanatuan City,2023-04-30,Seedling,1.0,0.0,0.0
III,Nueva Ecija,Cabanatuan City,2023-05-01,Seedling,0.0,0.0,0.07
III,Nueva Ecija,Cabanatuan City,2023-05-02,Seedling,0.0,0.06,0.05
III,Nueva Ecija,Cabanatuan City,2023-05-03,Seedling,0.0,0.08,0.02
III,Nueva Ecija,Cabanatuan City,2023-05-04,Seedling,0.0,0.17,0.0
III,Nueva Ecija,Cabanatuan City,2023-05-05,Seedling,0.0,0.08,0.0
III,Nueva Ecija,Cabanatuan City,2023-05-06,Seedling,0.0,0.11,0.08
III,Nueva Ecija,Cabanatuan City,2023-05-06,Seedling,0.0,0.11,0.08
III,Nueva Ecija,Cabanatuan City,2023-05-07,Seedling,0.0,0.1,0.02
III,Nueva Ecija,Cabanatuan City,2023-05-08,Seedling,0.0,0.06,0.01
III,Nueva Ecija,Cabanatuan City,2023-05-09,Seedling,0.0,0.27,0.09
III,Nueva Ecija,Cabanatuan City,2023-05-10,Seedling,0.0,0.11,0.03
III,Nueva Ecija,Cabanatuan City,2023-05-11,Seedling,0.0,0.07,0.09
III,Nueva Ecija,Cabanatuan City,2023-05-12,Seedling,0.0,0.08,0.1
III,Nueva Ecija,Cabanatuan City,2023-05-13,Seedling,0.0,0.0,0.18
III,Nueva Ecija,Cabanatuan City,2023-05-14,Seedling,0.0,0.04,0.0
III,Nueva Ecija,Cabanatuan City,2023-05-15,Seedling,0.0,0.04,0.02
III,Nueva Ecija,Cabanatuan City,2023-05-16,Seedling,0.0,0.0,0.06
III,Nueva Ecija,Cabanatuan City,2023-05-17,Seedling,0.0,0.09,0.12
III,Nueva Ecija,Cabanatuan City,2023-05-18,Seedling,0.0,0.1,0.05
III,Nueva Ecija,Cabanatuan City,2023-05-19,Seedling,0.0,0.0,0.09
III,Nueva Ecija,Cabanatuan City,2023-05-20,Seedling,0.0,0.21,0.09
III,Nueva Ecija,Cabanatuan City,2023-05-21,Seedling,0.0,0.12,0.04
III,Nueva Ecija,Cabanatuan City,2023-05-22,Seedling,0.0,0.11,0.04
III,Nueva Ecija,Cabanatuan City,2023-05-23,Seedling,0.0,0.2,0.02
III,Nueva Ecija,Cabanatuan City,2023-05-24,Seedling,,0.12,0.13
III,Nueva Ecija,Cabanatuan City,2023-05-25,Seedling,,0.0,0.05
III,Nueva Ecija,Cabanatuan City,2023-05-26,Seedling,,0.15,0.21
III,Nueva Ecija,Cabanatuan City,2023-05-27,Seedling,,0.12,0.0
III,Nueva Ecija,Cabanatuan City,2023-05-28,Seedling,0.0,0.05,0.14
III,Nueva Ecija,Cabanatuan City,2023-05-29,Seedling,0.0,0.0,0.12
III,Nueva Ecija,Cabanatuan City,2023-05-30,Seedling,0.0,0.04,0.04
III,Nueva Ecija,Cabanatuan City,2023-05-31,Seedling,0.0,0.16,0.03
III,Nueva Ecija,Cabanatuan City,2023-06-01,Seedling,0.0,0.18,0.13
III,Nueva Ecija,Cabanatuan City,2023-06-02,Seedling,0.0,0.1,0.05
III,Nueva Ecija,Cabanatuan City,2023-06-03,Seedling,0.0,0.04,0.16
III,Nueva Ecija,Cabanatuan City,2023-06-04,Seedling,11.0,4.01,0.02
III,Nueva Ecija,Cabanatuan City,2023-06-05,Seedling,7.0,4.56,0.07
III,Nueva Ecija,Cabanatuan City,2023-06-06,Seedling,8.0,4.45,0.03
III,Nueva Ecija,Cabanatuan City,2023-06-07,Seedling,4.0,3.59,0.03
III,Nueva Ecija,Cabanatuan City,2023-06-08,Seedling,2.0,3.22,0.15
III,Nueva Ecija,Cabanatuan City,2023-06-09,Seedling,1.0,2.38,0.22
III,Nueva Ecija,Cabanatuan City,2023-06-10,Seedling,2.0,3.52,0.09
III,Nueva Ecija,Cabanatuan City,2023-06-11,Seedling,3.0,1.95,0.19
III,Nueva Ecija,Cabanatuan City,2023-06-12,Seedling,4.0,2.15,0.18
III,Nueva Ecija,Cabanatuan City,2023-06-13,Seedling,6.0,1.93,0.11
III,Nueva Ecija,Cabanatuan City,2023-06-14,Seedling,4.0,2.12,0.0
III,Nueva Ecija,Cabanatuan City,2023-06-15,Seedling,7.0,2.3,0.1
III,Nueva Ecija,Cabanatuan City,2023-06-16,Seedling,6.0,2.18,0.1
III,Nueva Ecija,Cabanatuan City,2023-06-17,Seedling,14.0,,0.19
III,Nueva Ecija,Cabanatuan City,2023-06-18,Seedling,14.0,,0.13
III,Nueva Ecija,Cabanatuan City,2023-06-19,Seedling,26.0,,0.06
III,Nueva Ecija,Cabanatuan City,2023-06-20,Tillering,32.0,1.98,0.14
III,Nueva Ecija,Cabanatuan City,2023-06-21,Tillering,28.0,1.54,0.21
III,Nueva Ecija,Cabanatuan City,2023-06-22,Tillering,28.0,2.42,0.03
III,Nueva Ecija,Cabanatuan City,2023-06-23,Tillering,37.0,2.48,0.25
III,Nueva Ecija,Cabanatuan City,2023-06-24,Tillering,34.0,2.88,0.12
III,Nueva Ecija,Cabanatuan City,2023-06-25,Tillering,37.0,2.93,0.19
III,Nueva Ecija,Cabanatuan City,2023-06-26,Tillering,20.0,2.57,0.0
III,Nueva Ecija,Cabanatuan City,2023-06-27,Tillering,15.0,3.59,0.17
III,Nueva Ecija,Cabanatuan City,2023-06-28,Tillering,6.0,3.35,0.18
III,Nueva Ecija,Cabanatuan City,2023-06-29,Tillering,4.0,2.96,0.18
III,Nueva Ecija,Cabanatuan City,2023-06-30,Tillering,8.0,2.3,0.08
III,Nueva Ecija,Cabanatuan City,2023-07-01,Tillering,12.0,2.99,0.14
III,Nueva Ecija,Cabanatuan City,2023-07-02,Tillering,9.0,3.17,0.18
III,Nueva Ecija,Cabanatuan City,2023-07-03,Tillering,5.0,3.78,0.18
III,Nueva Ecija,Cabanatuan City,2023-07-04,Tillering,11.0,3.49,0.25
III,Nueva Ecija,Cabanatuan City,2023-07-05,Tillering,14.0,3.93,0.19
III,Nueva Ecija,Cabanatuan City,2023-07-06,Tillering,11.0,4.79,0.12
III,Nueva Ecija,Cabanatuan City,2023-07-07,Tillering,16.0,3.5,0.0
III,Nueva Ecija,Cabanatuan City,2023-07-08,Tillering,15.0,4.12,0.11
III,Nueva Ecija,Cabanatuan City,2023-07-09,Tillering,21.0,2.9,0.1
III,Nueva Ecija,Cabanatuan City,2023-07-10,Tillering,21.0,2.78,
III,Nueva Ecija,Cabanatuan City,2023-07-11,Tillering,16.0,2.33,
III,Nueva Ecija,Cabanatuan City,2023-07-12,Tillering,35.0,1.68,
III,Nueva Ecija,Cabanatuan City,2023-07-13,Tillering,29.0,1.24,
III,Nueva Ecija,Cabanatuan City,2023-07-14,Tillering,28.0,2.03,0.1
III,Nueva Ecija,Cabanatuan City,2023-07-15,Elongation,50.0,1.58,0.22
III,Nueva Ecija,Cabanatuan City,2023-07-16,Elongation,41.0,0.62,0.03
III,Nueva Ecija,Cabanatuan City,2023-07-17,Elongation,41.0,0.81,0.2
III,Nueva Ecija,Cabanatuan City,2023-07-18,Elongation,48.0,1.08,0.1
III,Nueva Ecija,Cabanatuan City,2023-07-19,Elongation,24.0,0.87,0.0
III,Nueva Ecija,Cabanatuan City,2023-07-20,Elongation,21.0,0.1,0.06
III,Nueva Ecija,Cabanatuan City,2023-07-21,Elongation,28.0,0.9,0.0
III,Nueva Ecija,Cabanatuan City,2023-07-22,Elongation,31.0,0.24,0.08
III,Nueva Ecija,Cabanatuan City,2023-07-23,Elongation,32.0,0.98,0.05
III,Nueva Ecija,Cabanatuan City,2023-07-24,Elongation,56.0,0.46,
III,Nueva Ecija,Cabanatuan City,2023-07-25,Elongation,42.0,1.05,
III,Nueva Ecija,Cabanatuan City,2023-07-26,Elongation,44.0,0.84,0.14
III,Nueva Ecija,Cabanatuan City,2023-07-27,Elongation,37.0,0.01,0.07
III,Nueva Ecija,Cabanatuan City,2023-07-28,Elongation,28.0,0.68,0.14
III,Nueva Ecija,Cabanatuan City,2023-07-29,Elongation,17.0,0.69,0.05
III,Nueva Ecija,Cabanatuan City,2023-07-30,Elongation,17.0,0.35,0.21
III,Nueva Ecija,Cabanatuan City,2023-07-31,Elongation,13.0,0.98,0.09
III,Nueva Ecija,Cabanatuan City,2023-08-01,Elongation,9.0,0.25,0.11
III,Nueva Ecija,Cabanatuan City,2023-08-02,Elongation,8.0,0.42,0.05
III,Nueva Ecija,Cabanatuan City,2023-08-03,Elongation,6.0,0.23,0.02
III,Nueva Ecija,Cabanatuan City,2023-08-04,Panicle,5.0,0.13,0.45
III,Nueva Ecija,Cabanatuan City,2023-08-05,Panicle,3.0,0.13,0.46
III,Nueva Ecija,Cabanatuan City,2023-08-06,Panicle,5.0,0.17,0.61
III,Nueva Ecija,Cabanatuan City,2023-08-07,Panicle,1.0,0.08,2.64
III,Nueva Ecija,Cabanatuan City,2023-08-08,Panicle,2.0,0.0,0.46
III,Nueva Ecija,Cabanatuan City,2023-08-09,Panicle,2.0,0.18,0.0
III,Nueva Ecija,Cabanatuan City,2023-08-10,Panicle,6.0,0.0,0.67
III,Nueva Ecija,Cabanatuan City,2023-08-11,Panicle,9.0,0.07,0.21
III,Nueva Ecija,Cabanatuan City,2023-08-12,Panicle,16.0,0.06,0.9
III,Nueva Ecija,Cabanatuan City,2023-08-13,Panicle,12.0,0.04,1.27
III,Nueva Ecija,Cabanatuan City,2023-08-14,Panicle,12.0,0.07,2.18
III,Nueva Ecija,Cabanatuan City,2023-08-15,Panicle,7.0,0.05,1.16
III,Nueva Ecija,Cabanatuan City,2023-08-16,Panicle,10.0,0.13,0.68
III,Nueva Ecija,Cabanatuan City,2023-08-17,Panicle,12.0,0.2,2.19
III,Nueva Ecija,Cabanatuan City,2023-08-18,Panicle,7.0,0.04,1.72
III,Nueva Ecija,Cabanatuan City,2023-08-19,Panicle,5.0,0.09,4.41
III,Nueva Ecija,Cabanatuan City,2023-08-20,Flowering,6.0,0.02,3.12
III,Nueva Ecija,Cabanatuan City,2023-08-21,Flowering,1.0,0.14,4.52
III,Nueva Ecija,Cabanatuan City,2023-08-22,Flowering,0.0,0.04,6.1
III,Nueva Ecija,Cabanatuan City,2023-08-23,Flowering,2.0,0.0,6.44
III,Nueva Ecija,Cabanatuan City,2023-08-24,Flowering,0.0,0.1,7.07
III,Nueva Ecija,Cabanatuan City,2023-08-25,Flowering,1.0,0.0,6.6
III,Nueva Ecija,Cabanatuan City,2023-08-26,Flowering,2.0,0.08,5.25
III,Nueva Ecija,Cabanatuan City,2023-08-27,Flowering,3.0,0.05,4.94
III,Nueva Ecija,Cabanatuan City,2023-08-28,Flowering,0.0,0.16,5.36
III,Nueva Ecija,Cabanatuan City,2023-08-29,Flowering,1.0,0.05,3.73
III,Nueva Ecija,Cabanatuan City,2023-08-30,Flowering,1.0,0.06,3.52
III,Nueva Ecija,Cabanatuan City,2023-08-31,Flowering,0.0,0.02,
III,Nueva Ecija,Cabanatuan City,2023-09-01,Flowering,1.0,0.15,
III,Nueva Ecija,Cabanatuan City,2023-09-02,Flowering,5.0,0.13,
III,Nueva Ecija,Cabanatuan City,2023-09-03,Flowering,0.0,0.11,1.4
III,Nueva Ecija,Cabanatuan City,2023-09-04,Ripening,0.0,0.06,1.82
III,Nueva Ecija,Cabanatuan City,2023-09-05,Ripening,4.0,0.11,0.0
III,Nueva Ecija,Cabanatuan City,2023-09-06,Ripening,0.0,0.0,0.81
III,Nueva Ecija,Cabanatuan City,2023-09-07,Ripening,1.0,0.14,0.74
III,Nueva Ecija,Cabanatuan City,2023-09-08,Ripening,0.0,0.05,1.11
III,Nueva Ecija,Cabanatuan City,2023-09-09,Ripening,1.0,0.04,1.36
III,Nueva Ecija,Cabanatuan City,2023-09-10,Ripening,1.0,0.18,2.69
III,Nueva Ecija,Cabanatuan City,2023-09-11,Ripening,1.0,0.01,2.62
III,Nueva Ecija,Cabanatuan City,2023-09-12,Ripening,0.0,0.0,2.54
III,Nueva Ecija,Cabanatuan City,2023-09-13,Ripening,1.0,0.15,0.86
III,Nueva Ecija,Cabanatuan City,2023-09-14,Ripening,3.0,0.0,0.47
III,Nueva Ecija,Cabanatuan City,2023-09-15,Ripening,0.0,0.07,2.27
III,Nueva Ecija,Cabanatuan City,2023-09-16,Ripening,0.0,0.13,1.3
III,Nueva Ecija,Cabanatuan City,2023-09-17,Ripening,1.0,0.15,1.25
III,Nueva Ecija,Cabanatuan City,2023-09-18,Ripening,0.0,0.13,1.4
III,Nueva Ecija,Cabanatuan City,2023-09-19,Ripening,0.0,0.08,0.23
III,Nueva Ecija,Cabanatuan City,2023-09-20,Ripening,2.0,0.11,1.84
III,Nueva Ecija,Cabanatuan City,2023-09-21,Ripening,0.0,0.09,1.67
III,Nueva Ecija,Cabanatuan City,2023-09-22,Ripening,0.0,0.12,1.29
III,Nueva Ecija,Cabanatuan City,2023-09-23,Ripening,1.0,0.11,0.12
III,Nueva Ecija,Cabanatuan City,2023-09-24,Ripening,0.0,0.14,0.66
III,Nueva Ecija,Cabanatuan City,2023-09-25,Ripening,0.0,0.03,1.56
III,Nueva Ecija,Cabanatuan City,2023-09-26,Ripening,0.0,0.17,0.57
III,Nueva Ecija,Cabanatuan City,2023-09-27,Ripening,0.0,0.0,0.33
III,Nueva Ecija,Cabanatuan City,2023-09-28,Ripening,1.0,0.0,0.0
III,Nueva Ecija,Cabanatuan City,2023-09-29,Ripening,0.0,0.05,0.0
III,Nueva Ecija,Cabanatuan City,2023-09-30,Ripening,0.0,0.1,0.04
III,Nueva Ecija,Cabanatuan City,2023-10-01,Ripening,0.0,0.09,0.0
III,Nueva Ecija,Cabanatuan City,2023-10-02,Ripening,0.0,0.01,0.0
III,Nueva Ecija,Cabanatuan City,2023-10-03,Ripening,0.0,0.08,0.18
III,Nueva Ecija,Cabanatuan City,2023-10-04,Ripening,0.0,0.05,0.02
III,Nueva Ecija,Cabanatuan City,2023-10-05,Ripening,0.0,0.11,0.14
III,Nueva Ecija,Cabanatuan City,2023-10-06,Ripening,0.0,0.15,0.02
III,Nueva Ecija,Cabanatuan City,2023-10-07,Ripening,0.0,0.0,0.13
III,Nueva Ecija,Cabanatuan City,2023-10-08,Ripening,0.0,0.15,0.26
III,Nueva Ecija,Cabanatuan City,2023-10-09,Ripening,0.0,0.07,0.15
III,Nueva Ecija,Cabanatuan City,2023-10-10,Ripening,0.0,0.0,0.13
III,Nueva Ecija,Cabanatuan City,2023-10-11,Ripening,0.0,0.1,0.02
III,Nueva Ecija,Cabanatuan City,2023-10-12,Ripening,0.0,0.06,0.11
III,Nueva Ecija,Cabanatuan City,2023-10-13,Ripening,0.0,0.06,0.1
III,Nueva Ecija,Cabanatuan City,2023-10-14,Ripening,0.0,0.06,0.14
III,Nueva Ecija,Cabanatuan City,2023-10-15,Ripening,0.0,0.02,0.08
III,Nueva Ecija,Cabanatuan City,2023-10-16,Ripening,0.0,0.04,0.04
III,Nueva Ecija,Cabanatuan City,2023-10-17,Ripening,0.0,0.02,0.0
III,Nueva Ecija,Cabanatuan City,2023-10-18,Ripening,0.0,0.09,0.12
III,Nueva Ecija,Cabanatuan City,2023-10-19,Ripening,1.0,0.06,0.03
III,Nueva Ecija,Cabanatuan City,2023-10-20,Ripening,0.0,0.06,0.05
III,Nueva Ecija,Cabanatuan City,2023-10-21,Ripening,0.0,0.09,0.12
III,Nueva Ecija,Cabanatuan City,2023-10-22,Ripening,0.0,0.07,0.06
III,Nueva Ecija,Cabanatuan City,2023-10-23,Ripening,0.0,0.07,0.12
III,Nueva Ecija,Cabanatuan City,2023-10-24,Ripening,0.0,0.03,0.18
III,Nueva Ecija,Cabanatuan City,2023-10-25,Ripening,0.0,0.05,0.1
III,Nueva Ecija,Cabanatuan City,2023-10-26,Ripening,0.0,0.01,0.13
III,Nueva Ecija,Cabanatuan City,2023-10-27,Ripening,1.0,0.13,0.07
III,Nueva Ecija,Cabanatuan City,2023-10-28,Ripening,0.0,0.1,0.03
III,Nueva Ecija,Cabanatuan City,2023-10-29,Ripening,0.0,0.13,0.13
III,Nueva Ecija,Cabanatuan City,2023-10-30,Ripening,,0.12,0.18
III,Nueva Ecija,Cabanatuan City,2023-10-31,Seedling,,0.14,0.1
III,Nueva Ecija,Cabanatuan City,2023-11-01,Seedling,,0.09,0.21
III,Nueva Ecija,Cabanatuan City,2023-11-02,Seedling,,0.21,0.04
III,Nueva Ecija,Cabanatuan City,2023-11-03,Seedling,0.0,0.1,0.11
III,Nueva Ecija,Cabanatuan City,2023-11-04,Seedling,0.0,0.17,0.19
III,Nueva Ecija,Cabanatuan City,2023-11-05,Seedling,0.0,0.0,0.09
III,Nueva Ecija,Cabanatuan City,2023-11-06,Seedling,0.0,0.12,0.04
III,Nueva Ecija,Cabanatuan City,2023-11-07,Seedling,0.0,0.09,0.13
III,Nueva Ecija,Cabanatuan City,2023-11-08,Seedling,0.0,0.1,0.1
III,Nueva Ecija,Cabanatuan City,2023-11-09,Seedling,0.0,0.0,0.08
III,Nueva Ecija,Cabanatuan City,2023-11-10,Seedling,0.0,0.21,0.12
III,Nueva Ecija,Cabanatuan City,2023-11-11,Seedling,0.0,0.19,0.1
III,Nueva Ecija,Cabanatuan City,2023-11-12,Seedling,0.0,0.0,0.01
III,Nueva Ecija,Cabanatuan City,2023-11-13,Seedling,1.0,0.05,0.0
III,Nueva Ecija,Cabanatuan City,2023-11-14,Seedling,0.0,0.05,0.07
III,Nueva Ecija,Cabanatuan City,2023-11-15,Seedling,0.0,0.22,0.0
III,Nueva Ecija,Cabanatuan City,2023-11-16,Seedling,0.0,0.07,0.11
III,Nueva Ecija,Cabanatuan City,2023-11-17,Seedling,0.0,0.13,0.17
III,Nueva Ecija,Cabanatuan City,2023-11-18,Seedling,0.0,0.08,0.23
III,Nueva Ecija,Cabanatuan City,2023-11-19,Seedling,0.0,0.06,0.08
III,Nueva Ecija,Cabanatuan City,2023-11-20,Seedling,0.0,0.14,0.17
III,Nueva Ecija,Cabanatuan City,2023-11-21,Seedling,0.0,0.06,0.09
III,Nueva Ecija,Cabanatuan City,2023-11-22,Seedling,0.0,0.09,0.09
III,Nueva Ecija,Cabanatuan City,2023-11-23,Seedling,1.0,0.14,0.13
III,Nueva Ecija,Cabanatuan City,2023-11-24,Seedling,0.0,0.04,0.13
III,Nueva Ecija,Cabanatuan City,2023-11-25,Seedling,0.0,0.1,0.16
III,Nueva Ecija,Cabanatuan City,2023-11-26,Seedling,0.0,0.08,0.19
III,Nueva Ecija,Cabanatuan City,2023-11-27,Seedling,0.0,0.17,0.11
III,Nueva Ecija,Cabanatuan City,2023-11-28,Seedling,0.0,0.0,0.03
III,Nueva Ecija,Cabanatuan City,2023-11-29,Seedling,0.0,0.07,0.25
III,Nueva Ecija,Cabanatuan City,2023-11-30,Seedling,1.0,0.19,0.0
III,Nueva Ecija,Cabanatuan City,2023-12-01,Seedling,0.0,0.02,0.19
III,Nueva Ecija,Cabanatuan City,2023-12-02,Seedling,0.0,0.04,0.13
III,Nueva Ecija,Cabanatuan City,2023-12-03,Seedling,1.0,1.37,0.19
III,Nueva Ecija,Cabanatuan City,2023-12-04,Seedling,1.0,1.45,0.0
III,Nueva Ecija,Cabanatuan City,2023-12-05,Seedling,0.0,2.41,0.13
III,Nueva Ecija,Cabanatuan City,2023-12-06,Seedling,0.0,2.16,0.0
III,Nueva Ecija,Cabanatuan City,2023-12-07,Seedling,2.0,2.56,0.04
III,Nueva Ecija,Cabanatuan City,2023-12-08,Seedling,0.0,2.93,0.1
III,Nueva Ecija,Cabanatuan City,2023-12-09,Seedling,1.0,3.39,0.19
III,Nueva Ecija,Cabanatuan City,2023-12-10,Seedling,0.0,2.95,0.05
III,Nueva Ecija,Cabanatuan City,2023-12-11,Seedling,1.0,1.72,
III,Nueva Ecija,Cabanatuan City,2023-12-12,Seedling,1.0,1.3,
III,Nueva Ecija,Cabanatuan City,2023-12-13,Seedling,2.0,0.16,
III,Nueva Ecija,Cabanatuan City,2023-12-14,Seedling,1.0,0.04,0.04
III,Nueva Ecija,Cabanatuan City,2023-12-15,Seedling,1.0,0.0,0.08
III,Nueva Ecija,Cabanatuan City,2023-12-16,Seedling,0.0,0.28,0.04
III,Nueva Ecija,Cabanatuan City,2023-12-17,Seedling,1.0,0.47,0.1
III,Nueva Ecija,Cabanatuan City,2023-12-18,Tillering,3.0,0.66,0.2
III,Nueva Ecija,Cabanatuan City,2023-12-19,Tillering,4.0,0.8,0.0
III,Nueva Ecija,Cabanatuan City,2023-12-20,Tillering,3.0,1.34,0.0
III,Nueva Ecija,Cabanatuan City,2023-12-21,Tillering,1.0,0.0,0.0
III,Nueva Ecija,Cabanatuan City,2023-12-22,Tillering,1.0,0.73,0.02
III,Nueva Ecija,Cabanatuan City,2023-12-23,Tillering  ,2.0,1.41,0.07
III,Nueva Ecija,Cabanatuan City,2023-12-24,Tillering,1.0,0.21,0.0
III,Nueva Ecija,Cabanatuan City,2023-12-25,Tillering,2.0,0.68,0.1
III,Nueva Ecija,Cabanatuan City,2023-12-26,Tillering,1.0,0.0,0.11
III,Nueva Ecija,Cabanatuan City,2023-12-27,Tillering,3.0,0.0,0.06
III,Nueva Ecija,Cabanatuan City,2023-12-28,Tillering,2.0,0.0,0.05
III,Nueva Ecija,Cabanatuan City,2023-12-29,Tillering,5.0,0.26,0.19
III,Nueva Ecija,Cabanatuan City,2023-12-30,Tillering,4.0,0.0,0.1
III,Nueva Ecija,Cabanatuan City,2023-12-31,Tillering,3.0,0.02,0.16
III,Nueva Ecija,Cabanatuan City,2024-01-01,Tillering,3.0,0.0,0.19
III,Nueva Ecija,Cabanatuan City,2024-01-02,Tillering,2.0,0.0,0.04
III,Nueva Ecija,Cabanatuan City,2024-01-03,Tillering,2.0,0.89,0.16
III,Nueva Ecija,Cabanatuan City,2024-01-04,Tillering,1.0,0.9,0.05
III,Nueva Ecija,Cabanatuan City,2024-01-05,Tillering,0.0,0.2,0.08
III,Nueva Ecija,Cabanatuan City,2024-01-06,Tillering,1.0,0.67,0.06
III,Nueva Ecija,Cabanatuan City,2024-01-07,Tillering,3.0,1.51,0.22
III,Nueva Ecija,Cabanatuan City,2024-01-08,Tillering,1.0,0.53,0.0
III,Nueva Ecija,Cabanatuan City,2024-01-09,Tillering,4.0,0.9,0.06
III,Nueva Ecija,Cabanatuan City,2024-01-10,Tillering,5.0,0.7,0.08
III,Nueva Ecija,Cabanatuan City,2024-01-11,Tillering,3.0,0.99,0.23
III,Nueva Ecija,Cabanatuan City,2024-01-12,Elongation,1.0,0.27,0.16
III,Nueva Ecija,Cabanatuan City,2024-01-13,Elongation,2.0,1.18,0.15
III,Nueva Ecija,Cabanatuan City,2024-01-14,Elongation,4.0,0.69,0.02
III,Nueva Ecija,Cabanatuan City,2024-01-15,Elongation,2.0,0.0,0.08
III,Nueva Ecija,Cabanatuan City,2024-01-16,Elongation,1.0,1.04,0.0
III,Nueva Ecija,Cabanatuan City,2024-01-17,Elongation,3.0,0.91,0.11
III,Nueva Ecija,Cabanatuan City,2024-01-18,Elongation,1.0,0.07,0.08
III,Nueva Ecija,Cabanatuan City,2024-01-19,Elongation,1.0,0.33,0.0
III,Nueva Ecija,Cabanatuan City,2024-01-20,Elongation,1.0,0.25,0.02
III,Nueva Ecija,Cabanatuan City,2024-01-21,Elongation,1.0,0.43,0.09
III,Nueva Ecija,Cabanatuan City,2024-01-22,Elongation,3.0,0.12,0.07
III,Nueva Ecija,Cabanatuan City,2024-01-23,Elongation,1.0,0.48,0.1
III,Nueva Ecija,Cabanatuan City,2024-01-24,Elongation,4.0,0.28,0.06
III,Nueva Ecija,Cabanatuan City,2024-01-25,Elongation,1.0,0.37,0.0
III,Nueva Ecija,Cabanatuan City,2024-01-26,Elongation,3.0,0.49,0.06
III,Nueva Ecija,Cabanatuan City,2024-01-27,Elongation,0.0,0.35,0.0
III,Nueva Ecija,Cabanatuan City,2024-01-28,Elongation,1.0,0.14,0.22
III,Nueva Ecija,Cabanatuan City,2024-01-29,Elongation,1.0,1.46,0.12
III,Nueva Ecija,Cabanatuan City,2024-01-30,Elongation,1.0,0.55,0.07
III,Nueva Ecija,Cabanatuan City,2024-01-31,Panicle,0.0,0.18,0.28
III,Nueva Ecija,Cabanatuan City,2024-02-01,Panicle,1.0,0.12,0.0
III,Nueva Ecija,Cabanatuan City,2024-02-02,Panicle,1.0,0.05,1.48
III,Nueva Ecija,Cabanatuan City,2024-02-03,Panicle,2.0,0.06,0.0
III,Nueva Ecija,Cabanatuan City,2024-02-04,Panicle,3.0,0.05,1.92
III,Nueva Ecija,Cabanatuan City,2024-02-05,Panicle,2.0,0.01,1.04
III,Nueva Ecija,Cabanatuan City,2024-02-06,Panicle,5.0,0.01,0.93
III,Nueva Ecija,Cabanatuan City,2024-02-07,panicle,6.0,0.09,1.51
III,Nueva Ecija,Cabanatuan City,2024-02-08,Panicle,7.0,0.13,2.23
III,Nueva Ecija,Cabanatuan City,2024-02-09,Panicle,3.0,0.05,1.69
III,Nueva Ecija,Cabanatuan City,2024-02-10,Panicle,4.0,0.19,1.8
III,Nueva Ecija,Cabanatuan City,2024-02-11,Panicle,4.0,0.2,2.66
III,Nueva Ecija,Cabanatuan City,2024-02-12,Panicle,5.0,0.06,4.42
III,Nueva Ecija,Cabanatuan City,2024-02-13,Panicle,2.0,0.0,5.09
III,Nueva Ecija,Cabanatuan City,2024-02-14,Flowering,2.0,0.02,2.71
III,Nueva Ecija,Cabanatuan City,2024-02-15,Flowering,2.0,0.09,2.07
III,Nueva Ecija,Cabanatuan City,2024-02-16,Flowering,1.0,0.04,1.88
III,Nueva Ecija,Cabanatuan City,2024-02-17,Flowering,0.0,0.07,3.52
III,Nueva Ecija,Cabanatuan City,2024-02-18,Flowering,2.0,0.0,2.79
III,Nueva Ecija,Cabanatuan City,2024-02-19,Flowering,0.0,0.0,3.96
III,Nueva Ecija,Cabanatuan City,2024-02-20,Flowering,0.0,0.0,2.46
III,Nueva Ecija,Cabanatuan City,2024-02-21,Flowering,0.0,0.14,0.0
III,Nueva Ecija,Cabanatuan City,2024-02-22,Flowering,0.0,0.14,1.66
III,Nueva Ecija,Cabanatuan City,2024-02-23,Flowering,3.0,0.0,0.0
III,Nueva Ecija,Cabanatuan City,2024-02-24,Flowering,2.0,0.0,2.05
III,Nueva Ecija,Cabanatuan City,2024-02-25,Flowering,0.0,0.1,0.83
III,Nueva Ecija,Cabanatuan City,2024-02-26,Flowering,0.0,0.06,0.0
III,Nueva Ecija,Cabanatuan City,2024-02-27,Flowering,1.0,0.18,0.0
III,Nueva Ecija,Cabanatuan City,2024-02-28,Flowering,2.0,0.2,1.25
III,Nueva Ecija,Cabanatuan City,2024-02-29,Ripening,0.0,0.16,0.38
III,Nueva Ecija,Cabanatuan City,2024-03-01,Ripening,1.0,0.01,2.61
III,Nueva Ecija,Cabanatuan City,2024-03-02,Ripening,1.0,0.02,1.3
III,Nueva Ecija,Cabanatuan City,2024-03-03,Ripening,0.0,0.24,1.38
III,Nueva Ecija,Cabanatuan City,2024-03-04,Ripening,2.0,0.13,1.74
III,Nueva Ecija,Cabanatuan City,2024-03-05,Ripening,0.0,0.0,3.77
III,Nueva Ecija,Cabanatuan City,2024-03-06,Ripening,0.0,0.12,3.78
III,Nueva Ecija,Cabanatuan City,2024-03-07,Ripening,1.0,0.02,4.44
III,Nueva Ecija,Cabanatuan City,2024-03-08,Ripening,1.0,0.07,6.18
III,Nueva Ecija,Cabanatuan City,2024-03-09,Ripening,0.0,0.06,6.69
III,Nueva Ecija,Cabanatuan City,2024-03-10,Ripening,0.0,0.06,6.83
III,Nueva Ecija,Cabanatuan City,2024-03-11,Ripening,1.0,0.04,5.09
III,Nueva Ecija,Cabanatuan City,2024-03-12,Ripening,1.0,0.07,5.52
III,Nueva Ecija,Cabanatuan City,2024-03-13,Ripening,0.0,0.18,6.34
III,Nueva Ecija,Cabanatuan City,2024-03-14,Ripening,2.0,0.09,5.96
III,Nueva Ecija,Cabanatuan City,2024-03-15,Ripening,0.0,0.1,4.73
III,Nueva Ecija,Cabanatuan City,2024-03-16,Ripening,1.0,,3.81
III,Nueva Ecija,Cabanatuan City,2024-03-17,Ripening,0.0,,4.8
III,Nueva Ecija,Cabanatuan City,2024-03-18,Ripening,2.0,,2.86
III,Nueva Ecija,Cabanatuan City,2024-03-19,Ripening,1.0,,3.37
III,Nueva Ecija,Cabanatuan City,2024-03-20,Ripening,0.0,0.05,1.04
III,Nueva Ecija,Cabanatuan City,2024-03-21,Ripening,0.0,0.09,1.97
III,Nueva Ecija,Cabanatuan City,2024-03-22,Ripening,1.0,0.05,1.17
III,Nueva Ecija,Cabanatuan City,2024-03-23,Ripening,0.0,0.13,0.65
III,Nueva Ecija,Cabanatuan City,2024-03-24,Ripening,0.0,0.09,0.11
III,Nueva Ecija,Cabanatuan City,2024-03-25,Ripening,0.0,0.1,0.13
III,Nueva Ecija,Cabanatuan City,2024-03-26,Ripening,0.0,0.21,0.06
III,Nueva Ecija,Cabanatuan City,2024-03-27,Ripening,0.0,0.17,0.0
III,Nueva Ecija,Cabanatuan City,2024-03-28,Ripening,0.0,0.17,0.07
III,Nueva Ecija,Cabanatuan City,2024-03-29,Ripening,0.0,0.13,0.07
III,Nueva Ecija,Cabanatuan City,2024-03-30,Ripening,1.0,0.04,0.1
III,Nueva Ecija,Cabanatuan City,2024-03-31,Ripening,0.0,0.14,0.09
III,Nueva Ecija,Cabanatuan City,2024-04-01,Ripening,1.0,0.08,0.0
III,Nueva Ecija,Cabanatuan City,2024-04-02,Ripening,0.0,0.09,0.14
III,Nueva Ecija,Cabanatuan City,2024-04-03,Ripening,1.0,0.18,0.0
III,Nueva Ecija,Cabanatuan City,2024-04-04,Ripening,0.0,0.16,0.11
III,Nueva Ecija,Cabanatuan City,2024-04-05,Ripening,0.0,0.06,0.0
III,Nueva Ecija,Cabanatuan City,2024-04-06,Ripening,0.0,0.08,0.21
III,Nueva Ecija,Cabanatuan City,2024-04-07,Ripening,0.0,0.04,0.06
III,Nueva Ecija,Cabanatuan City,2024-04-08,Ripening,0.0,0.06,0.1
III,Nueva Ecija,Cabanatuan City,2024-04-09,Ripening,0.0,0.09,0.23
III,Nueva Ecija,Cabanatuan City,2024-04-10,Ripening,0.0,0.12,0.02
III,Nueva Ecija,Cabanatuan City,2024-04-11,Ripening,0.0,0.11,0.2
III,Nueva Ecija,Cabanatuan City,2024-04-12,Ripening,0.0,0.17,0.21
III,Nueva Ecija,Cabanatuan City,2024-04-13,Ripening,0.0,0.09,0.05
III,Nueva Ecija,Cabanatuan City,2024-04-14,Ripening,0.0,0.1,0.01
III,Nueva Ecija,Cabanatuan City,2024-04-15,Ripening,0.0,0.07,0.15
III,Nueva Ecija,Cabanatuan City,2024-04-16,Ripening,0.0,0.1,0.08
III,Nueva Ecija,Cabanatuan City,2024-04-17,Ripening,0.0,0.07,0.14
III,Nueva Ecija,Cabanatuan City,2024-04-18,Ripening,0.0,0.1,0.01
III,Nueva Ecija,Cabanatuan City,2024-04-19,Ripening,0.0,0.08,0.02
III,Nueva Ecija,Cabanatuan City,2024-04-20,Ripening,0.0,0.07,0.0
III,Nueva Ecija,Cabanatuan City,2024-04-21,Ripening,0.0,0.08,0.12
III,Nueva Ecija,Cabanatuan City,2024-04-22,Ripening,1.0,0.03,0.21
III,Nueva Ecija,Cabanatuan City,2024-04-23,Ripening,0.0,0.03,0.11
III,Nueva Ecija,Cabanatuan City,2024-04-24,Ripening,0.0,0.06,0.0
III,Nueva Ecija,Cabanatuan City,2024-04-25,Ripening,0.0,0.12,0.09
III,Nueva Ecija,Cabanatuan City,2024-04-26,Ripening,0.0,0.04,0.13
III,Nueva Ecija,Cabanatuan City,2024-04-27,Ripening,0.0,0.09,0.19
III,Nueva Ecija,Cabanatuan City,2024-04-28,Ripening,0.0,0.17,0.0
III,Nueva Ecija,Cabanatuan City,2024-04-29,Ripening,0.0,0.0,0.1
III,Nueva Ecija,Cabanatuan City,2024-04-30,Seedling,0.0,0.18,0.04
III,Nueva Ecija,Cabanatuan City,2024-05-01,Seedling,0.0,0.03,0.0
III,Nueva Ecija,Cabanatuan City,2024-05-02,Seedling,0.0,0.15,0.05
III,Nueva Ecija,Cabanatuan City,2024-05-03,Seedling,0.0,0.0,0.09
III,Nueva Ecija,Cabanatuan City,2024-05-04,Seedling,0.0,0.03,0.07
III,Nueva Ecija,Cabanatuan City,2024-05-05,Seedling,0.0,0.11,0.23
III,Nueva Ecija,Cabanatuan City,2024-05-06,Seedling,0.0,0.17,0.12
III,Nueva Ecija,Cabanatuan City,2024-05-07,Seedling,0.0,0.09,0.16
III,Nueva Ecija,Cabanatuan City,2024-05-08,Seedling,0.0,0.0,0.23
III,Nueva Ecija,Cabanatuan City,2024-05-09,Seedling,0.0,0.02,0.23
III,Nueva Ecija,Cabanatuan City,2024-05-10,Seedling,0.0,0.07,0.16
III,Nueva Ecija,Cabanatuan City,2024-05-11,Seedling,0.0,0.13,0.0
III,Nueva Ecija,Cabanatuan City,2024-05-12,Seedling,0.0,0.2,0.14
III,Nueva Ecija,Cabanatuan City,2024-05-13,Seedling,0.0,0.11,0.1
III,Nueva Ecija,Cabanatuan City,2024-05-14,Seedling,0.0,0.04,0.18
III,Nueva Ecija,Cabanatuan City,2024-05-15,Seedling,0.0,0.03,0.15
III,Nueva Ecija,Cabanatuan City,2024-05-16,Seedling,0.0,0.05,0.02
III,Nueva Ecija,Cabanatuan City,2024-05-17,Seedling,0.0,0.0,0.1
III,Nueva Ecija,Cabanatuan City,2024-05-18,Seedling,0.0,0.08,0.0
III,Nueva Ecija,Cabanatuan City,2024-05-19,Seedling,0.0,0.0,
III,Nueva Ecija,Cabanatuan City,2024-05-20,Seedling,0.0,0.0,
III,Nueva Ecija,Cabanatuan City,2024-05-21,Seedling,1.0,0.04,0.13
III,Nueva Ecija,Cabanatuan City,2024-05-22,Seedling,1.0,0.08,0.0
III,Nueva Ecija,Cabanatuan City,2024-05-23,Seedling,0.0,0.24,0.12
III,Nueva Ecija,Cabanatuan City,2024-05-24,Seedling,0.0,0.11,0.04
III,Nueva Ecija,Cabanatuan City,2024-05-25,Seedling,0.0,0.15,0.05
III,Nueva Ecija,Cabanatuan City,2024-05-26,Seedling,0.0,0.0,0.04
III,Nueva Ecija,Cabanatuan City,2024-05-27,Seedling,0.0,0.19,0.07
III,Nueva Ecija,Cabanatuan City,2024-05-28,Seedling,0.0,0.15,0.19
III,Nueva Ecija,Cabanatuan City,2024-05-29,Seedling,0.0,0.02,0.24
III,Nueva Ecija,Cabanatuan City,2024-05-30,Seedling,0.0,0.09,0.06
III,Nueva Ecija,Cabanatuan City,2024-05-31,Seedling,0.0,0.0,0.0
III,Nueva Ecija,Cabanatuan City,2024-06-01,Seedling,0.0,0.09,
III,Nueva Ecija,Cabanatuan City,2024-06-02,Seedling,0.0,0.14,
III,Nueva Ecija,Cabanatuan City,2024-06-03,Seedling,0.0,0.1,
III,Nueva Ecija,Cabanatuan City,2024-06-04,Seedling,1.0,0.22,
III,Nueva Ecija,Cabanatuan City,2024-06-05,Seedling,0.0,0.17,0.03
III,Nueva Ecija,Cabanatuan City,2024-06-06,Seedling,0.0,0.1,0.17
III,Nueva Ecija,Cabanatuan City,2024-06-07,Seedling,12.0,4.5,0.07
III,Nueva Ecija,Cabanatuan City,2024-06-08,Seedling,14.0,5.01,0.03
III,Nueva Ecija,Cabanatuan City,2024-06-09,Seedling,12.0,4.74,0.03
III,Nueva Ecija,Cabanatuan City,2024-06-10,Seedling,15.0,4.72,0.01
III,Nueva Ecija,Cabanatuan City,2024-06-11,Seedling,12.0,4.28,0.17
III,Nueva Ecija,Cabanatuan City,2024-06-12,Seedling,19.0,3.92,0.03
III,Nueva Ecija,Cabanatuan City,2024-06-13,Seedling,15.0,3.32,0.05
III,Nueva Ecija,Cabanatuan City,2024-06-14,Seedling,19.0,1.72,0.11
III,Nueva Ecija,Cabanatuan City,2024-06-15,Seedling,15.0,1.87,0.01
III,Nueva Ecija,Cabanatuan City,2024-06-16,Seedling,9.0,2.71,0.0
III,Nueva Ecija,Cabanatuan City,2024-06-17,Seedling,12.0,1.42,0.09
III,Nueva Ecija,Cabanatuan City,2024-06-18,Seedling,5.0,1.78,0.0
III,Nueva Ecija,Cabanatuan City,2024-06-19,Seedling,6.0,2.02,0.06
III,Nueva Ecija,Cabanatuan City,2024-06-20,Seedling,8.0,2.1,0.1
III,Nueva Ecija,Cabanatuan City,2024-06-21,Seedling,8.0,1.9,0.19
III,Nueva Ecija,Cabanatuan City,2024-06-22,Tillering,12.0,2.13,0.1
III,Nueva Ecija,Cabanatuan City,2024-06-23,Tillering,11.0,2.28,0.04
III,Nueva Ecija,Cabanatuan City,2024-06-24,Tillering,9.0,3.19,0.15
III,Nueva Ecija,Cabanatuan City,2024-06-25,Tillering,15.0,3.39,
III,Nueva Ecija,Cabanatuan City,2024-06-26,Tillering,18.0,4.38,
III,Nueva Ecija,Cabanatuan City,2024-06-27,Tillering,23.0,2.91,
III,Nueva Ecija,Cabanatuan City,2024-06-28,Tillering,19.0,2.54,
III,Nueva Ecija,Cabanatuan City,2024-06-29,Tillering,26.0,2.91,
III,Nueva Ecija,Cabanatuan City,2024-06-30,Tillering,23.0,3.12,0.0
III,Nueva Ecija,Cabanatuan City,2024-07-01,Tillering,38.0,2.08,0.15
III,Nueva Ecija,Cabanatuan City,2024-07-02,Tillering,36.0,3.38,0.06
III,Nueva Ecija,Cabanatuan City,2024-07-03,Tillering,30.0,,0.0
III,Nueva Ecija,Cabanatuan City,2024-07-04,Tillering,24.0,,0.0
III,Nueva Ecija,Cabanatuan City,2024-07-05,Tillering,22.0,,0.08
III,Nueva Ecija,Cabanatuan City,2024-07-06,Tillering,14.0,,0.05
III,Nueva Ecija,Cabanatuan City,2024-07-07,Tillering,10.0,,0.0
III,Nueva Ecija,Cabanatuan City,2024-07-08,Tillering,14.0,0.46,0.08
III,Nueva Ecija,Cabanatuan City,2024-07-09,Tillering,21.0,0.0,0.08
III,Nueva Ecija,Cabanatuan City,2024-07-10,Tillering,16.0,0.08,0.1
III,Nueva Ecija,Cabanatuan City,2024-07-11,Tillering,14.0,0.52,0.2
III,Nueva Ecija,Cabanatuan City,2024-07-12,Tillering,22.0,0.79,0.11
III,Nueva Ecija,Cabanatuan City,2024-07-13,Tillering,6.0,0.05,0.03
III,Nueva Ecija,Cabanatuan City,2024-07-14,Tillering,11.0,0.45,0.04
III,Nueva Ecija,Cabanatuan City,2024-07-15,Tillering,5.0,1.22,0.11
III,Nueva Ecija,Cabanatuan City,2024-07-16,Elongation,4.0,0.99,0.05
III,Nueva Ecija,Cabanatuan City,2024-07-17,Elongation,3.0,0.63,0.13
III,Nueva Ecija,Cabanatuan City,2024-07-18,Elongation,2.0,0.0,0.09
III,Nueva Ecija,Cabanatuan City,2024-07-19,Elongation,2.0,0.11,0.04
III,Nueva Ecija,Cabanatuan City,2024-07-20,Elongation,1.0,0.0,0.19
III,Nueva Ecija,Cabanatuan City,2024-07-21,Elongation,4.0,0.25,0.06
III,Nueva Ecija,Cabanatuan City,2024-07-22,Elongation,7.0,0.7,0.06
III,Nueva Ecija,Cabanatuan City,2024-07-23,Elongation,7.0,0.37,0.0
III,Nueva Ecija,Cabanatuan City,2024-07-24,Elongation,5.0,0.01,0.05
III,Nueva Ecija,Cabanatuan City,2024-07-25,Elongation,3.0,2.11,0.07
III,Nueva Ecija,Cabanatuan City,2024-07-26,Elongation,4.0,0.78,0.09
III,Nueva Ecija,Cabanatuan City,2024-07-27,Elongation,12.0,0.0,0.05
III,Nueva Ecija,Cabanatuan City,2024-07-28,Elongation,10.0,0.0,0.02
III,Nueva Ecija,Cabanatuan City,2024-07-29,Elongation,4.0,0.5,0.06
III,Nueva Ecija,Cabanatuan City,2024-07-30,Elongation,4.0,0.62,0.12
III,Nueva Ecija,Cabanatuan City,2024-07-31,Elongation,10.0,0.98,0.24
III,Nueva Ecija,Cabanatuan City,2024-08-01,Elongation,7.0,0.12,0.0
III,Nueva Ecija,Cabanatuan City,2024-08-02,Elongation,11.0,1.85,0.11
III,Nueva Ecija,Cabanatuan City,2024-08-03,Elongation,8.0,0.54,0.25
III,Nueva Ecija,Cabanatuan City,2024-08-04,Panicle,3.0,0.07,0.93
III,Nueva Ecija,Cabanatuan City,2024-08-05,Panicle,1.0,0.09,0.68
III,Nueva Ecija,Cabanatuan City,2024-08-06,Panicle,4.0,0.1,0.64
III,Nueva Ecija,Cabanatuan City,2024-08-07,Panicle,3.0,0.03,0.64
III,Nueva Ecija,Cabanatuan City,2024-08-08,Panicle,2.0,0.07,1.44
III,Nueva Ecija,Cabanatuan City,2024-08-09,Panicle,0.0,0.12,0.0
III,Nueva Ecija,Cabanatuan City,2024-08-10,Panicle,2.0,0.15,1.14
III,Nueva Ecija,Cabanatuan City,2024-08-11,Panicle,4.0,0.09,1.62
III,Nueva Ecija,Cabanatuan City,2024-08-12,Panicle,1.0,0.19,1.52
III,Nueva Ecija,Cabanatuan City,2024-08-13,Panicle,1.0,0.06,1.47
III,Nueva Ecija,Cabanatuan City,2024-08-14,Panicle,1.0,0.15,0.34
III,Nueva Ecija,Cabanatuan City,2024-08-15,Panicle,1.0,0.19,0.63
III,Nueva Ecija,Cabanatuan City,2024-08-16,Panicle,2.0,0.0,3.4
III,Nueva Ecija,Cabanatuan City,2024-08-17,Panicle,5.0,0.05,4.02
III,Nueva Ecija,Cabanatuan City,2024-08-18,Flowering,2.0,0.17,5.58
III,Nueva Ecija,Cabanatuan City,2024-08-19,Flowering,6.0,0.0,5.26
III,Nueva Ecija,Cabanatuan City,2024-08-20,Flowering,12.0,0.0,5.54
III,Nueva Ecija,Cabanatuan City,2024-08-21,Flowering,4.0,0.18,4.41
III,Nueva Ecija,Cabanatuan City,2024-08-22,Flowering,2.0,0.03,5.44
III,Nueva Ecija,Cabanatuan City,2024-08-23,Flowering,8.0,0.03,6.61
III,Nueva Ecija,Cabanatuan City,2024-08-24,Flowering,4.0,0.27,6.7
III,Nueva Ecija,Cabanatuan City,2024-08-25,Flowering,12.0,0.08,6.29
III,Nueva Ecija,Cabanatuan City,2024-08-26,Flowering,6.0,0.13,9.47
III,Nueva Ecija,Cabanatuan City,2024-08-27,Flowering,7.0,0.0,8.92
III,Nueva Ecija,Cabanatuan City,2024-08-28,Flowering,7.0,0.19,9.18
III,Nueva Ecija,Cabanatuan City,2024-08-29,Flowering,2.0,0.15,8.3
III,Nueva Ecija,Cabanatuan City,2024-08-30,Flowering,3.0,0.09,7.95
III,Nueva Ecija,Cabanatuan City,2024-08-31,Flowering,4.0,0.15,7.34
III,Nueva Ecija,Cabanatuan City,2024-09-01,Ripening,3.0,0.0,7.79
III,Nueva Ecija,Cabanatuan City,2024-09-02,Ripening,4.0,0.08,7.93
III,Nueva Ecija,Cabanatuan City,2024-09-03,Ripening,4.0,0.0,7.32
III,Nueva Ecija,Cabanatuan City,2024-09-04,Ripening,6.0,0.06,6.96
III,Nueva Ecija,Cabanatuan City,2024-09-05,Ripening,4.0,0.19,8.98
III,Nueva Ecija,Cabanatuan City,2024-09-06,Ripening,4.0,0.25,6.52
III,Nueva Ecija,Cabanatuan City,2024-09-07,Ripening,5.0,0.0,6.0
III,Nueva Ecija,Cabanatuan City,2024-09-08,Ripening,1.0,0.06,5.2
III,Nueva Ecija,Cabanatuan City,2024-09-09,Ripening,7.0,0.16,4.63
III,Nueva Ecija,Cabanatuan City,2024-09-10,Ripening,7.0,0.09,3.04
III,Nueva Ecija,Cabanatuan City,2024-09-11,Ripening,7.0,0.0,3.09
III,Nueva Ecija,Cabanatuan City,2024-09-12,Ripening,4.0,0.0,1.92
III,Nueva Ecija,Cabanatuan City,2024-09-13,Ripening,6.0,0.0,0.28
III,Nueva Ecija,Cabanatuan City,2024-09-14,Ripening,2.0,0.01,0.6
III,Nueva Ecija,Cabanatuan City,2024-09-15,Ripening,3.0,0.0,0.96
III,Nueva Ecija,Cabanatuan City,2024-09-16,Ripening,4.0,0.0,0.02
III,Nueva Ecija,Cabanatuan City,2024-09-17,Ripening,1.0,0.13,0.15
III,Nueva Ecija,Cabanatuan City,2024-09-18,Ripening,3.0,0.09,1.1
III,Nueva Ecija,Cabanatuan City,2024-09-19,Ripening,3.0,0.06,0.0
III,Nueva Ecija,Cabanatuan City,2024-09-20,Ripening,0.0,0.0,0.0
III,Nueva Ecija,Cabanatuan City,2024-09-21,Ripening,2.0,0.08,0.6
III,Nueva Ecija,Cabanatuan City,2024-09-22,Ripening,1.0,0.0,1.11
III,Nueva Ecija,Cabanatuan City,2024-09-23,Ripening,1.0,0.15,1.56
III,Nueva Ecija,Cabanatuan City,2024-09-24,Ripening,0.0,0.1,0.0
III,Nueva Ecija,Cabanatuan City,2024-09-25,Ripening,0.0,0.01,0.07
III,Nueva Ecija,Cabanatuan City,2024-09-26,Ripening,0.0,0.13,0.09
III,Nueva Ecija,Cabanatuan City,2024-09-27,Ripening,0.0,0.05,0.11
III,Nueva Ecija,Cabanatuan City,2024-09-28,Ripening,0.0,0.1,0.07
III,Nueva Ecija,Cabanatuan City,2024-09-29,Ripening,0.0,0.17,0.04
III,Nueva Ecija,Cabanatuan City,2024-09-30,Ripening,0.0,0.03,0.05
III,Nueva Ecija,Cabanatuan City,2024-10-01,Ripening,0.0,0.21,0.26
III,Nueva Ecija,Cabanatuan City,2024-10-02,Ripening,0.0,0.13,0.13
III,Nueva Ecija,Cabanatuan City,2024-10-03,Ripening,0.0,0.09,0.04
III,Nueva Ecija,Cabanatuan City,2024-10-04,Ripening,1.0,0.1,0.0
III,Nueva Ecija,Cabanatuan City,2024-10-05,Ripening,0.0,0.06,0.14
III,Nueva Ecija,Cabanatuan City,2024-10-06,Ripening,0.0,0.08,0.13
III,Nueva Ecija,Cabanatuan City,2024-10-07,Ripening,0.0,0.0,0.04
III,Nueva Ecija,Cabanatuan City,2024-10-08,Ripening,0.0,0.13,0.0
III,Nueva Ecija,Cabanatuan City,2024-10-09,Ripening,0.0,0.0,0.2
III,Nueva Ecija,Cabanatuan City,2024-10-10,Ripening,0.0,0.0,0.01
III,Nueva Ecija,Cabanatuan City,2024-10-11,Ripening,0.0,0.08,0.18
III,Nueva Ecija,Cabanatuan City,2024-10-12,Ripening,1.0,0.16,0.23
III,Nueva Ecija,Cabanatuan City,2024-10-13,Ripening,0.0,0.22,0.14
III,Nueva Ecija,Cabanatuan City,2024-10-14,Ripening,0.0,0.07,0.08
III,Nueva Ecija,Cabanatuan City,2024-10-15,Ripening,0.0,0.06,0.04
III,Nueva Ecija,Cabanatuan City,2024-10-16,Ripening,0.0,0.07,0.17
III,Nueva Ecija,Cabanatuan City,2024-10-17,Ripening,0.0,0.03,0.0
III,Nueva Ecija,Cabanatuan City,2024-10-18,Ripening,0.0,0.11,0.0
III,Nueva Ecija,Cabanatuan City,2024-10-19,Ripening,0.0,0.03,0.0
III,Nueva Ecija,Cabanatuan City,2024-10-20,Ripening,0.0,0.14,0.14
III,Nueva Ecija,Cabanatuan City,2024-10-21,Ripening,0.0,0.15,0.22
III,Nueva Ecija,Cabanatuan City,2024-10-22,Ripening,0.0,0.22,0.01
III,Nueva Ecija,Cabanatuan City,2024-10-23,Ripening,0.0,0.29,0.0
III,Nueva Ecija,Cabanatuan City,2024-10-24,Ripening,0.0,0.0,0.05
III,Nueva Ecija,Cabanatuan City,2024-10-25,Ripening,0.0,0.1,0.02
III,Nueva Ecija,Cabanatuan City,2024-10-26,Ripening,1.0,0.1,0.0
III,Nueva Ecija,Cabanatuan City,2024-10-27,Seedling,0.0,0.02,0.03
III,Nueva Ecija,Cabanatuan City,2024-10-28,Seedling,0.0,0.15,0.0
III,Nueva Ecija,Cabanatuan City,2024-10-29,Seedling,0.0,0.01,0.04
III,Nueva Ecija,Cabanatuan City,2024-10-30,Seedling,0.0,0.12,0.22
III,Nueva Ecija,Cabanatuan City,2024-10-31,Seedling,0.0,0.01,0.11
III,Nueva Ecija,Cabanatuan City,2024-11-01,Seedling,0.0,0.11,0.1
III,Nueva Ecija,Cabanatuan City,2024-11-02,Seedling,0.0,0.02,0.11
III,Nueva Ecija,Cabanatuan City,2024-11-03,Seedling,0.0,0.0,0.14
III,Nueva Ecija,Cabanatuan City,2024-11-04,Seedling,0.0,0.05,0.15
III,Nueva Ecija,Cabanatuan City,2024-11-05,Seedling,0.0,0.07,0.07
III,Nueva Ecija,Cabanatuan City,2024-11-06,Seedling,0.0,0.07,0.08
III,Nueva Ecija,Cabanatuan City,2024-11-07,SEEDLING,0.0,0.12,0.0
III,Nueva Ecija,Cabanatuan City,2024-11-08,Seedling,1.0,0.15,0.0
III,Nueva Ecija,Cabanatuan City,2024-11-09,Seedling,0.0,0.15,0.0
III,Nueva Ecija,Cabanatuan City,2024-11-10,Seedling,0.0,0.15,0.29
III,Nueva Ecija,Cabanatuan City,2024-11-11,Seedling,0.0,0.1,0.02
III,Nueva Ecija,Cabanatuan City,2024-11-12,Seedling,0.0,0.13,0.13
III,Nueva Ecija,Cabanatuan City,2024-11-13,Seedling,0.0,0.1,0.04
III,Nueva Ecija,Cabanatuan City,2024-11-14,Seedling,0.0,0.04,0.06
III,Nueva Ecija,Cabanatuan City,2024-11-15,Seedling,0.0,0.11,0.12
III,Nueva Ecija,Cabanatuan City,2024-11-16,Seedling,0.0,0.01,0.0
III,Nueva Ecija,Cabanatuan City,2024-11-17,Seedling,0.0,0.1,0.08
III,Nueva Ecija,Cabanatuan City,2024-11-18,Seedling,0.0,0.12,0.05
III,Nueva Ecija,Cabanatuan City,2024-11-19,Seedling,0.0,0.04,0.07
III,Nueva Ecija,Cabanatuan City,2024-11-20,Seedling,0.0,0.18,0.03
III,Nueva Ecija,Cabanatuan City,2024-11-21,Seedling,0.0,0.04,0.21
III,Nueva Ecija,Cabanatuan City,2024-11-22,Seedling,0.0,0.0,0.12
III,Nueva Ecija,Cabanatuan City,2024-11-23,Seedling,0.0,0.04,0.13
III,Nueva Ecija,Cabanatuan City,2024-11-24,Seedling,0.0,0.0,0.19
III,Nueva Ecija,Cabanatuan City,2024-11-25,Seedling,0.0,0.11,0.09
III,Nueva Ecija,Cabanatuan City,2024-11-26,Seedling,0.0,0.03,0.19
III,Nueva Ecija,Cabanatuan City,2024-11-27,Seedling,0.0,0.33,0.12
III,Nueva Ecija,Cabanatuan City,2024-11-28,Seedling,0.0,0.6,0.16
III,Nueva Ecija,Cabanatuan City,2024-11-29,Seedling,1.0,1.59,0.14
III,Nueva Ecija,Cabanatuan City,2024-11-30,Seedling,1.0,1.64,0.14
III,Nueva Ecija,Cabanatuan City,2024-12-01,Seedling,2.0,1.42,0.1
III,Nueva Ecija,Cabanatuan City,2024-12-02,Seedling,0.0,1.45,0.24
III,Nueva Ecija,Cabanatuan City,2024-12-03,Seedling,0.0,2.26,0.07
III,Nueva Ecija,Cabanatuan City,2024-12-04,Seedling,0.0,1.13,0.23
III,Nueva Ecija,Cabanatuan City,2024-12-05,Seedling,1.0,1.44,0.0
III,Nueva Ecija,Cabanatuan City,2024-12-06,Seedling,0.0,2.36,0.12
III,Nueva Ecija,Cabanatuan City,2024-12-07,Seedling,2.0,1.61,0.01
III,Nueva Ecija,Cabanatuan City,2024-12-08,Seedling,1.0,2.44,0.03
III,Nueva Ecija,Cabanatuan City,2024-12-09,Seedling,1.0,3.12,0.08
III,Nueva Ecija,Cabanatuan City,2024-12-10,Seedling,1.0,3.51,0.15
III,Nueva Ecija,Cabanatuan City,2024-12-11,Seedling,1.0,3.38,0.15
III,Nueva Ecija,Cabanatuan City,2024-12-12,Seedling,2.0,2.22,0.09
III,Nueva Ecija,Cabanatuan City,2024-12-13,Seedling,1.0,2.53,0.1
III,Nueva Ecija,Cabanatuan City,2024-12-14,Tillering,5.0,1.0,0.11
III,Nueva Ecija,Cabanatuan City,2024-12-15,Tillering,2.0,0.0,0.05
III,Nueva Ecija,Cabanatuan City,2024-12-16,Tillering,4.0,0.0,0.02
III,Nueva Ecija,Cabanatuan City,2024-12-17,Tillering,3.0,0.0,
III,Nueva Ecija,Cabanatuan City,2024-12-18,Tillering,4.0,1.23,
III,Nueva Ecija,Cabanatuan City,2024-12-19,Tillering,0.0,0.48,
III,Nueva Ecija,Cabanatuan City,2024-12-20,Tillering,0.0,0.0,
III,Nueva Ecija,Cabanatuan City,2024-12-21,Tillering,1.0,0.0,
III,Nueva Ecija,Cabanatuan City,2024-12-22,Tillering,2.0,0.59,0.11
III,Nueva Ecija,Cabanatuan City,2024-12-23,Tillering,3.0,1.73,0.06
III,Nueva Ecija,Cabanatuan City,2024-12-24,Tillering,2.0,0.0,0.05
III,Nueva Ecija,Cabanatuan City,2024-12-25,Tillering,3.0,0.0,0.15
III,Nueva Ecija,Cabanatuan City,2024-12-26,Tillering,2.0,0.0,0.19
III,Nueva Ecija,Cabanatuan City,2024-12-27,Tillering,2.0,0.44,0.0
III,Nueva Ecija,Cabanatuan City,2024-12-28,Tillering,5.0,0.0,0.08
III,Nueva Ecija,Cabanatuan City,2024-12-29,Tillering,2.0,0.81,0.02
III,Nueva Ecija,Cabanatuan City,2024-12-30,Tillering,3.0,0.0,0.0
III,Nueva Ecija,Cabanatuan City,2024-12-31,Tillering,0.0,0.94,0.01
III,Tarlac,Concepcion,2019-01-01,Tillering,5.0,0.0,0.0
III,Tarlac,Concepcion,2019-01-02,Tillering,1.0,0.4,0.07
III,Tarlac,Concepcion,2019-01-03,Tillering,3.0,0.0,0.02
III,Tarlac,Concepcion,2019-01-04,Tillering,2.0,0.55,0.35
III,Tarlac,Concepcion,2019-01-05,Tillering,2.0,0.0,0.23
III,Tarlac,Concepcion,2019-01-06,Tillering,2.0,0.21,0.11
III,Tarlac,Concepcion,2019-01-07,Tillering,2.0,0.02,0.0
III,Tarlac,Concepcion,2019-01-08,Tillering,1.0,0.78,0.04
III,Tarlac,Concepcion,2019-01-09,Tillering,4.0,0.44,0.1
III,Tarlac,Concepcion,2019-01-10,Tillering,4.0,0.69,0.11
III,Tarlac,Concepcion,2019-01-11,Tillering,1.0,0.24,0.02
III,Tarlac,Concepcion,2019-01-12,Tillering,0.0,0.54,0.01
III,Tarlac,Concepcion,2019-01-13,Tillering,0.0,0.14,0.12
III,Tarlac,Concepcion,2019-01-13,Tillering,0.0,0.14,0.12
III,Tarlac,Concepcion,2019-01-14,Tillering,1.0,0.27,0.03
III,Tarlac,Concepcion,2019-01-15,Tillering,2.0,0.0,0.14
III,Tarlac,Concepcion,2019-01-16,Tillering,3.0,0.09,0.16
III,Tarlac,Concepcion,2019-01-17,Tillering,0.0,0.06,0.06
III,Tarlac,Concepcion,2019-01-18,Elongation,0.0,0.48,0.0
III,Tarlac,Concepcion,2019-01-19,Elongation,1.0,0.85,0.03
III,Tarlac,Concepcion,2019-01-20,Elongation,1.0,1.13,0.05
III,Tarlac,Concepcion,2019-01-21,Elongation,1.0,0.97,0.11
III,Tarlac,Concepcion,2019-01-22,Elongation,1.0,1.03,0.27
III,Tarlac,Concepcion,2019-01-23,Elongation,0.0,0.76,0.07
III,Tarlac,Concepcion,2019-01-24,Elongation,4.0,0.88,0.03
III,Tarlac,Concepcion,2019-01-25,Elongation,1.0,0.96,0.0
III,Tarlac,Concepcion,2019-01-26,Elongation,3.0,0.69,0.08
III,Tarlac,Concepcion,2019-01-27,Elongation,1.0,0.4,0.02
III,Tarlac,Concepcion,2019-01-28,Elongation,3.0,0.35,0.08
III,Tarlac,Concepcion,2019-01-29,Elongation,0.0,1.0,0.12
III,Tarlac,Concepcion,2019-01-30,Elongation,1.0,3.1,0.08
III,Tarlac,Concepcion,2019-01-31,Elongation,1.0,3.6,0.0
III,Tarlac,Concepcion,2019-02-01,Elongation,5.0,2.7,0.2
III,Tarlac,Concepcion,2019-02-02,Elongation,2.0,3.25,0.15
III,Tarlac,Concepcion,2019-02-03,Elongation,,2.62,0.1
III,Tarlac,Concepcion,2019-02-04,Elongation,,2.42,0.07
III,Tarlac,Concepcion,2019-02-05,Elongation,3.0,2.08,0.08
III,Tarlac,Concepcion,2019-02-06,Elongation,0.0,1.47,0.04
III,Tarlac,Concepcion,2019-02-07,Panicle,4.0,0.07,3.21
III,Tarlac,Concepcion,2019-02-08,PANICLE,5.0,0.18,1.71
III,Tarlac,Concepcion,2019-02-09,Panicle,4.0,0.03,1.54
III,Tarlac,Concepcion,2019-02-10,Panicle,2.0,0.15,0.56
III,Tarlac,Concepcion,2019-02-11,Panicle,2.0,0.06,0.66
III,Tarlac,Concepcion,2019-02-12,Panicle,3.0,0.15,0.19
III,Tarlac,Concepcion,2019-02-13,Panicle,2.0,0.13,0.96
III,Tarlac,Concepcion,2019-02-14,Panicle,0.0,0.21,0.36
III,Tarlac,Concepcion,2019-02-15,Panicle,0.0,0.13,0.63
III,Tarlac,Concepcion,2019-02-16,Panicle,1.0,0.0,1.64
III,Tarlac,Concepcion,2019-02-17,Panicle,3.0,0.13,2.12
III,Tarlac,Concepcion,2019-02-18,Panicle,1.0,0.15,0.84
III,Tarlac,Concepcion,2019-02-19,Panicle,2.0,0.01,0.87
III,Tarlac,Concepcion,2019-02-20,Panicle,0.0,0.0,1.49
III,Tarlac,Concepcion,2019-02-21,Panicle,1.0,0.06,1.43
III,Tarlac,Concepcion,2019-02-22,Flowering,1.0,0.06,2.54
III,Tarlac,Concepcion,2019-02-23,Flowering,1.0,0.12,1.97
III,Tarlac,Concepcion,2019-02-24,Flowering,1.0,0.1,2.68
III,Tarlac,Concepcion,2019-02-25,Flowering,1.0,0.15,3.02
III,Tarlac,Concepcion,2019-02-26,Flowering,3.0,0.08,2.15
III,Tarlac,Concepcion,2019-02-27,Flowering,0.0,0.0,3.29
III,Tarlac,Concepcion,2019-02-28,Flowering,3.0,0.23,2.37
III,Tarlac,Concepcion,2019-03-01,Flowering,1.0,0.07,1.31
III,Tarlac,Concepcion,2019-03-02,Flowering,0.0,0.0,1.33
III,Tarlac,Concepcion,2019-03-03,Flowering,1.0,0.0,2.34
III,Tarlac,Concepcion,2019-03-04,Flowering,0.0,0.03,0.63
III,Tarlac,Concepcion,2019-03-05,Flowering,3.0,0.0,0.63
III,Tarlac,Concepcion,2019-03-06,Flowering,1.0,0.15,1.04
III,Tarlac,Concepcion,2019-03-07,Flowering,1.0,0.03,0.16
III,Tarlac,Concepcion,2019-03-08,Flowering,3.0,0.18,1.46
III,Tarlac,Concepcion,2019-03-09,Ripening,2.0,0.0,0.0
III,Tarlac,Concepcion,2019-03-10,Ripening,1.0,0.08,1.38
III,Tarlac,Concepcion,2019-03-11,Ripening,2.0,0.11,0.0
III,Tarlac,Concepcion,2019-03-12,Ripening,5.0,0.04,0.0
III,Tarlac,Concepcion,2019-03-13,Ripening,0.0,0.02,0.55
III,Tarlac,Concepcion,2019-03-14,Ripening,1.0,0.06,0.56
III,Tarlac,Concepcion,2019-03-15,Ripening,1.0,0.0,1.23
III,Tarlac,Concepcion,2019-03-16,Ripening,0.0,0.1,0.26
III,Tarlac,Concepcion,2019-03-17,Ripening,1.0,0.09,0.0
III,Tarlac,Concepcion,2019-03-18,Ripening,6.0,0.1,0.09
III,Tarlac,Concepcion,2019-03-19,Ripening,0.0,0.02,0.0
III,Tarlac,Concepcion,2019-03-20,Ripening,4.0,0.02,0.44
III,Tarlac,Concepcion,2019-03-21,Ripening,0.0,0.14,0.58
III,Tarlac,Concepcion,2019-03-22,Ripening,3.0,0.17,0.01
III,Tarlac,Concepcion,2019-03-23,Ripening,2.0,0.07,0.4
III,Tarlac,Concepcion,2019-03-24,Ripening,1.0,0.18,0.18
III,Tarlac,Concepcion,2019-03-25,Ripening,0.0,0.01,0.04
III,Tarlac,Concepcion,2019-03-26,Ripening,3.0,0.04,0.3
III,Tarlac,Concepcion,2019-03-27,Ripening,2.0,0.19,0.58
III,Tarlac,Concepcion,2019-03-28,Ripening,2.0,0.18,0.16
III,Tarlac,Concepcion,2019-03-29,Ripening,2.0,0.08,1.58
III,Tarlac,Concepcion,2019-03-30,Ripening,2.0,0.08,0.1
III,Tarlac,Concepcion,2019-03-31,Ripening,3.0,0.0,0.04
III,Tarlac,Concepcion,2019-04-01,Ripening,6.0,0.09,1.35
III,Tarlac,Concepcion,2019-04-02,Ripening,0.0,0.03,0.96
III,Tarlac,Concepcion,2019-04-03,Ripening,0.0,0.05,0.01
III,Tarlac,Concepcion,2019-04-04,Ripening,0.0,0.19,0.17
III,Tarlac,Concepcion,2019-04-05,Ripening,0.0,0.16,0.04
III,Tarlac,Concepcion,2019-04-06,Ripening,0.0,0.0,0.2
III,Tarlac,Concepcion,2019-04-07,Ripening,0.0,0.0,0.17
III,Tarlac,Concepcion,2019-04-08,Ripening,0.0,0.0,0.23
III,Tarlac,Concepcion,2019-04-09,Ripening,0.0,0.0,0.18
III,Tarlac,Concepcion,2019-04-10,Ripening,0.0,0.06,0.28
III,Tarlac,Concepcion,2019-04-11,Ripening,0.0,0.05,0.11
III,Tarlac,Concepcion,2019-04-12,Ripening,0.0,0.15,0.13
III,Tarlac,Concepcion,2019-04-13,Ripening,0.0,0.11,0.0
III,Tarlac,Concepcion,2019-04-14,Ripening,0.0,0.06,0.03
III,Tarlac,Concepcion,2019-04-15,Ripening,0.0,0.05,0.03
III,Tarlac,Concepcion,2019-04-16,Ripening,0.0,0.04,0.14
III,Tarlac,Concepcion,2019-04-17,Ripening,0.0,0.0,0.06
III,Tarlac,Concepcion,2019-04-18,Ripening,0.0,0.0,0.0
III,Tarlac,Concepcion,2019-04-19,Ripening,0.0,0.09,0.18
III,Tarlac,Concepcion,2019-04-20,Ripening,0.0,0.07,
III,Tarlac,Concepcion,2019-04-21,Ripening,0.0,0.06,
III,Tarlac,Concepcion,2019-04-22,Ripening,0.0,0.03,
III,Tarlac,Concepcion,2019-04-23,Ripening,0.0,0.12,
III,Tarlac,Concepcion,2019-04-24,Ripening,0.0,0.0,0.08
III,Tarlac,Concepcion,2019-04-25,Ripening,0.0,0.05,0.07
III,Tarlac,Concepcion,2019-04-26,Ripening,0.0,0.01,0.07
III,Tarlac,Concepcion,2019-04-27,Ripening,0.0,0.2,
III,Tarlac,Concepcion,2019-04-28,Ripening,0.0,0.1,
III,Tarlac,Concepcion,2019-04-29,Ripening,0.0,0.14,
III,Tarlac,Concepcion,2019-04-30,Ripening,1.0,0.0,
III,Tarlac,Concepcion,2019-05-01,Ripening,1.0,0.0,0.0
III,Tarlac,Concepcion,2019-05-02,Ripening,0.0,0.08,0.04
III,Tarlac,Concepcion,2019-05-03,Ripening,0.0,0.0,0.15
III,Tarlac,Concepcion,2019-05-04,Ripening,0.0,0.18,0.15
III,Tarlac,Concepcion,2019-05-05,Ripening,0.0,0.06,0.04
III,Tarlac,Concepcion,2019-05-06,Seedling,0.0,0.06,0.18
III,Tarlac,Concepcion,2019-05-07,Seedling,0.0,0.0,0.21
III,Tarlac,Concepcion,2019-05-08,Seedling,0.0,0.2,0.15
III,Tarlac,Concepcion,2019-05-09,Seedling,1.0,0.04,0.0
III,Tarlac,Concepcion,2019-05-10,Seedling,0.0,0.1,0.15
III,Tarlac,Concepcion,2019-05-11,Seedling,0.0,0.03,0.09
III,Tarlac,Concepcion,2019-05-12,Seedling,0.0,0.01,0.19
III,Tarlac,Concepcion,2019-05-13,Seedling,0.0,0.08,0.14
III,Tarlac,Concepcion,2019-05-14,Seedling,0.0,0.0,0.17
III,Tarlac,Concepcion,2019-05-15,Seedling,0.0,,0.21
III,Tarlac,Concepcion,2019-05-16,Seedling,0.0,,0.15
III,Tarlac,Concepcion,2019-05-17,Seedling,0.0,,0.13
III,Tarlac,Concepcion,2019-05-18,Seedling,0.0,,0.02
III,Tarlac,Concepcion,2019-05-19,Seedling,0.0,0.0,0.0
III,Tarlac,Concepcion,2019-05-20,Seedling,0.0,0.07,0.06
III,Tarlac,Concepcion,2019-05-21,Seedling,0.0,0.08,0.05
III,Tarlac,Concepcion,2019-05-22,Seedling,0.0,0.12,0.07
III,Tarlac,Concepcion,2019-05-23,Seedling,0.0,0.1,0.06
III,Tarlac,Concepcion,2019-05-24,Seedling,0.0,0.12,0.15
III,Tarlac,Concepcion,2019-05-25,Seedling,0.0,0.0,0.11
III,Tarlac,Concepcion,2019-05-26,Seedling,0.0,0.09,0.12
III,Tarlac,Concepcion,2019-05-27,Seedling,1.0,0.1,0.26
III,Tarlac,Concepcion,2019-05-28,Seedling,0.0,0.09,0.0
III,Tarlac,Concepcion,2019-05-29,Seedling,0.0,0.06,0.0
III,Tarlac,Concepcion,2019-05-30,Seedling,0.0,0.03,0.24
III,Tarlac,Concepcion,2019-05-31,Seedling,0.0,0.16,0.09
III,Tarlac,Concepcion,2019-06-01,Seedling,0.0,0.0,0.25
III,Tarlac,Concepcion,2019-06-02,Seedling,0.0,0.14,0.04
III,Tarlac,Concepcion,2019-06-03,Seedling,0.0,0.15,0.19
III,Tarlac,Concepcion,2019-06-04,Seedling,0.0,0.02,0.0
III,Tarlac,Concepcion,2019-06-05,Seedling,0.0,0.12,0.03
III,Tarlac,Concepcion,2019-06-06,Seedling,0.0,0.09,0.07
III,Tarlac,Concepcion,2019-06-07,Seedling,0.0,0.13,0.05
III,Tarlac,Concepcion,2019-06-08,Seedling,1.0,0.04,0.1
III,Tarlac,Concepcion,2019-06-09,Seedling,3.0,1.51,0.07
III,Tarlac,Concepcion,2019-06-10,Seedling,2.0,3.07,0.06
III,Tarlac,Concepcion,2019-06-11,Seedling,3.0,2.15,0.0
III,Tarlac,Concepcion,2019-06-12,Seedling,4.0,2.81,0.0
III,Tarlac,Concepcion,2019-06-13,Seedling,5.0,4.18,0.02
III,Tarlac,Concepcion,2019-06-14,Seedling,2.0,2.85,0.02
III,Tarlac,Concepcion,2019-06-15,Seedling,8.0,3.79,0.06
III,Tarlac,Concepcion,2019-06-16,Seedling,4.0,4.05,0.05
III,Tarlac,Concepcion,2019-06-17,Seedling,4.0,4.72,0.0
III,Tarlac,Concepcion,2019-06-18,Seedling,2.0,3.3,0.21
III,Tarlac,Concepcion,2019-06-19,Seedling,10.0,4.2,0.1
III,Tarlac,Concepcion,2019-06-20,Seedling,5.0,4.03,0.07
III,Tarlac,Concepcion,2019-06-21,Seedling,12.0,3.49,0.2
III,Tarlac,Concepcion,2019-06-22,Seedling,9.0,3.47,0.13
III,Tarlac,Concepcion,2019-06-23,Seedling,8.0,3.72,0.06
III,Tarlac,Concepcion,2019-06-24,Seedling,3.0,2.55,0.17
III,Tarlac,Concepcion,2019-06-25,Tillering,17.0,1.71,0.09
III,Tarlac,Concepcion,2019-06-26,Tillering,16.0,1.59,0.07
III,Tarlac,Concepcion,2019-06-27,Tillering,5.0,1.25,0.0
III,Tarlac,Concepcion,2019-06-28,Tillering,23.0,0.76,0.0
III,Tarlac,Concepcion,2019-06-29,Tillering,18.0,1.67,0.1
III,Tarlac,Concepcion,2019-06-30,Tillering,29.0,0.0,0.12
III,Tarlac,Concepcion,2019-07-01,Tillering,18.0,0.49,0.14
III,Tarlac,Concepcion,2019-07-02,Tillering,22.0,0.8,0.18
III,Tarlac,Concepcion,2019-07-03,Tillering,16.0,1.01,0.18
III,Tarlac,Concepcion,2019-07-04,Tillering,12.0,2.66,0.16
III,Tarlac,Concepcion,2019-07-05,Tillering,14.0,2.2,0.1
III,Tarlac,Concepcion,2019-07-06,Tillering,17.0,2.74,0.0
III,Tarlac,Concepcion,2019-07-07,TILLERING,10.0,2.05,0.07
III,Tarlac,Concepcion,2019-07-08,Tillering,12.0,2.97,0.12
III,Tarlac,Concepcion,2019-07-09,Tillering,20.0,2.64,0.02
III,Tarlac,Concepcion,2019-07-10,Tillering,19.0,3.8,0.17
III,Tarlac,Concepcion,2019-07-11,Tillering,12.0,3.76,0.08
III,Tarlac,Concepcion,2019-07-12,Tillering,8.0,4.0,0.12
III,Tarlac,Concepcion,2019-07-13,Tillering,4.0,4.69,0.02
III,Tarlac,Concepcion,2019-07-14,Tillering,14.0,4.18,0.06
III,Tarlac,Concepcion,2019-07-15,Tillering,0.0,3.51,0.15
III,Tarlac,Concepcion,2019-07-16,Tillering,1.0,3.56,0.1
III,Tarlac,Concepcion,2019-07-17,Tillering,2.0,4.17,0.03
III,Tarlac,Concepcion,2019-07-18,Tillering,2.0,2.94,0.06
III,Tarlac,Concepcion,2019-07-19,Tillering,0.0,2.6,0.22
III,Tarlac,Concepcion,2019-07-20,Tillering,2.0,2.72,0.02
III,Tarlac,Concepcion,2019-07-21,Elongation,4.0,2.73,0.06
III,Tarlac,Concepcion,2019-07-22,Elongation,1.0,2.49,0.04
III,Tarlac,Concepcion,2019-07-23,Elongation,1.0,0.49,0.12
III,Tarlac,Concepcion,2019-07-24,Elongation,1.0,0.35,0.2
III,Tarlac,Concepcion,2019-07-25,Elongation,3.0,1.15,0.0
III,Tarlac,Concepcion,2019-07-26,Elongation,8.0,0.7,0.14
III,Tarlac,Concepcion,2019-07-27,Elongation,13.0,0.64,0.06
III,Tarlac,Concepcion,2019-07-28,Elongation,4.0,0.75,0.08
III,Tarlac,Concepcion,2019-07-29,Elongation,11.0,0.4,0.02
III,Tarlac,Concepcion,2019-07-30,Elongation,11.0,0.0,0.19
III,Tarlac,Concepcion,2019-07-31,Elongation,9.0,0.77,0.19
III,Tarlac,Concepcion,2019-08-01,Elongation,6.0,0.89,0.0
III,Tarlac,Concepcion,2019-08-02,Elongation,7.0,1.31,0.01
III,Tarlac,Concepcion,2019-08-03,Elongation,20.0,0.19,0.07
III,Tarlac,Concepcion,2019-08-04,Elongation,17.0,0.94,0.09
III,Tarlac,Concepcion,2019-08-05,Elongation,23.0,0.6,0.03
III,Tarlac,Concepcion,2019-08-06,Elongation,8.0,0.99,0.22
III,Tarlac,Concepcion,2019-08-07,Elongation,15.0,1.11,0.0
III,Tarlac,Concepcion,2019-08-08,Elongation,8.0,0.14,0.2
III,Tarlac,Concepcion,2019-08-09,Elongation,22.0,0.53,0.06
III,Tarlac,Concepcion,2019-08-10,Elongation,18.0,1.28,0.04
III,Tarlac,Concepcion,2019-08-11,Panicle,7.0,0.0,1.31
III,Tarlac,Concepcion,2019-08-12,Panicle,9.0,0.0,2.53
III,Tarlac,Concepcion,2019-08-13,Panicle,14.0,0.04,0.55
III,Tarlac,Concepcion,2019-08-14,Panicle,14.0,0.02,0.82
III,Tarlac,Concepcion,2019-08-15,Panicle,24.0,0.06,1.5
III,Tarlac,Concepcion,2019-08-16,Panicle,13.0,0.09,1.78
III,Tarlac,Concepcion,2019-08-17,Panicle,18.0,0.0,1.26
III,Tarlac,Concepcion,2019-08-18,Panicle,18.0,0.07,0.83
III,Tarlac,Concepcion,2019-08-19,Panicle,23.0,0.01,0.94
III,Tarlac,Concepcion,2019-08-20,Panicle,31.0,0.02,0.0
III,Tarlac,Concepcion,2019-08-21,Panicle,24.0,0.0,0.0
III,Tarlac,Concepcion,2019-08-22,Panicle,25.0,0.24,0.54
III,Tarlac,Concepcion,2019-08-23,Panicle,22.0,0.0,1.23
III,Tarlac,Concepcion,2019-08-24,Panicle,21.0,0.07,0.36
III,Tarlac,Concepcion,2019-08-25,Panicle,23.0,0.15,0.0
III,Tarlac,Concepcion,2019-08-26,Flowering,21.0,0.17,0.96
III,Tarlac,Concepcion,2019-08-27,Flowering,19.0,0.09,1.34
III,Tarlac,Concepcion,2019-08-28,Flowering,12.0,0.1,2.61
III,Tarlac,Concepcion,2019-08-29,Flowering,18.0,0.08,1.3
III,Tarlac,Concepcion,2019-08-30,Flowering,13.0,0.0,0.97
III,Tarlac,Concepcion,2019-08-31,Flowering,17.0,0.15,1.4
III,Tarlac,Concepcion,2019-09-01,Flowering,8.0,0.06,2.21
III,Tarlac,Concepcion,2019-09-02,Flowering,4.0,0.09,3.27
III,Tarlac,Concepcion,2019-09-03,Flowering,6.0,0.13,4.0
III,Tarlac,Concepcion,2019-09-04,Flowering,4.0,0.1,6.57
III,Tarlac,Concepcion,2019-09-05,Flowering,7.0,0.08,5.47
III,Tarlac,Concepcion,2019-09-06,Flowering,5.0,0.1,6.24
III,Tarlac,Concepcion,2019-09-07,Flowering,1.0,,7.21
III,Tarlac,Concepcion,2019-09-08,Flowering,1.0,,7.23
III,Tarlac,Concepcion,2019-09-09,Flowering,0.0,,7.47
III,Tarlac,Concepcion,2019-09-10,Flowering,1.0,,
III,Tarlac,Concepcion,2019-09-11,Ripening,0.0,0.08,
III,Tarlac,Concepcion,2019-09-12,Ripening,1.0,0.1,
III,Tarlac,Concepcion,2019-09-13,Ripening,0.0,0.13,
III,Tarlac,Concepcion,2019-09-14,Ripening,0.0,0.16,
III,Tarlac,Concepcion,2019-09-15,Ripening,1.0,0.08,0.0
III,Tarlac,Concepcion,2019-09-16,Ripening,0.0,0.06,0.0
III,Tarlac,Concepcion,2019-09-17,Ripening,0.0,0.16,0.53
III,Tarlac,Concepcion,2019-09-18,Ripening,1.0,0.08,0.72
III,Tarlac,Concepcion,2019-09-19,Ripening,0.0,0.08,1.92
III,Tarlac,Concepcion,2019-09-20,Ripening,1.0,0.17,0.76
III,Tarlac,Concepcion,2019-09-21,Ripening,0.0,0.1,0.09
III,Tarlac,Concepcion,2019-09-22,Ripening,0.0,0.13,0.0
III,Tarlac,Concepcion,2019-09-23,Ripening,1.0,0.08,2.01
III,Tarlac,Concepcion,2019-09-24,Ripening,3.0,0.13,2.74
III,Tarlac,Concepcion,2019-09-25,Ripening,1.0,0.03,2.25
III,Tarlac,Concepcion,2019-09-26,Ripening,2.0,0.09,3.67
III,Tarlac,Concepcion,2019-09-27,Ripening,0.0,0.13,3.93
III,Tarlac,Concepcion,2019-09-28,Ripening,1.0,0.17,5.08
III,Tarlac,Concepcion,2019-09-29,Ripening,3.0,0.0,3.09
III,Tarlac,Concepcion,2019-09-30,Ripening,1.0,0.17,6.42
III,Tarlac,Concepcion,2019-10-01,Ripening,0.0,0.16,6.39
III,Tarlac,Concepcion,2019-10-02,Ripening,0.0,0.2,5.07
III,Tarlac,Concepcion,2019-10-03,Ripening,0.0,0.18,5.65
III,Tarlac,Concepcion,2019-10-04,Ripening,0.0,0.0,4.77
III,Tarlac,Concepcion,2019-10-05,Ripening,0.0,0.05,3.36
III,Tarlac,Concepcion,2019-10-06,Ripening,0.0,0.18,2.92
III,Tarlac,Concepcion,2019-10-07,Ripening,0.0,0.2,0.07
III,Tarlac,Concepcion,2019-10-08,Ripening,0.0,0.1,0.19
III,Tarlac,Concepcion,2019-10-09,Ripening,0.0,0.12,0.09
III,Tarlac,Concepcion,2019-10-10,Ripening,0.0,0.12,0.15
III,Tarlac,Concepcion,2019-10-11,Ripening,0.0,0.06,0.05
III,Tarlac,Concepcion,2019-10-12,Ripening,0.0,0.19,0.07
III,Tarlac,Concepcion,2019-10-13,Ripening,0.0,0.12,0.04
III,Tarlac,Concepcion,2019-10-14,Ripening,0.0,0.19,0.13
III,Tarlac,Concepcion,2019-10-15,Ripening,0.0,0.01,0.04
III,Tarlac,Concepcion,2019-10-16,Ripening,0.0,0.0,0.05
III,Tarlac,Concepcion,2019-10-17,Ripening,0.0,0.11,0.13
III,Tarlac,Concepcion,2019-10-18,Ripening,0.0,0.0,0.09
III,Tarlac,Concepcion,2019-10-19,Ripening,0.0,0.1,0.07
III,Tarlac,Concepcion,2019-10-20,Ripening,0.0,0.07,0.0
III,Tarlac,Concepcion,2019-10-21,Ripening,0.0,0.01,0.01
III,Tarlac,Concepcion,2019-10-22,Ripening,0.0,0.05,0.1
III,Tarlac,Concepcion,2019-10-23,Ripening,0.0,0.11,0.15
III,Tarlac,Concepcion,2019-10-24,Ripening,0.0,0.1,0.17
III,Tarlac,Concepcion,2019-10-25,Ripening,0.0,0.0,0.12
III,Tarlac,Concepcion,2019-10-26,Ripening,0.0,0.09,0.04
III,Tarlac,Concepcion,2019-10-27,Ripening,0.0,0.08,0.05
III,Tarlac,Concepcion,2019-10-28,Ripening,1.0,0.15,0.21
III,Tarlac,Concepcion,2019-10-29,Ripening,0.0,0.13,0.02
III,Tarlac,Concepcion,2019-10-30,Ripening,0.0,0.04,0.13
III,Tarlac,Concepcion,2019-10-31,Ripening,0.0,0.05,0.21
III,Tarlac,Concepcion,2019-11-01,Ripening,0.0,0.07,0.0
III,Tarlac,Concepcion,2019-11-02,Ripening,0.0,0.13,0.11
III,Tarlac,Concepcion,2019-11-03,Ripening,0.0,0.0,0.04
III,Tarlac,Concepcion,2019-11-04,Seedling,0.0,0.13,0.0
III,Tarlac,Concepcion,2019-11-05,Seedling,0.0,0.0,0.03
III,Tarlac,Concepcion,2019-11-06,Seedling,0.0,0.0,0.04
III,Tarlac,Concepcion,2019-11-07,Seedling,0.0,0.12,0.16
III,Tarlac,Concepcion,2019-11-08,Seedling,0.0,0.0,0.16
III,Tarlac,Concepcion,2019-11-09,Seedling,0.0,0.12,0.07
III,Tarlac,Concepcion,2019-11-10,Seedling,0.0,0.0,0.16
III,Tarlac,Concepcion,2019-11-11,Seedling,0.0,0.01,0.05
III,Tarlac,Concepcion,2019-11-12,Seedling,0.0,0.08,0.0
III,Tarlac,Concepcion,2019-11-13,Seedling,0.0,0.14,0.08
III,Tarlac,Concepcion,2019-11-14,Seedling,0.0,0.18,0.15
III,Tarlac,Concepcion,2019-11-15,Seedling,0.0,0.18,0.08
III,Tarlac,Concepcion,2019-11-16,Seedling,0.0,0.17,0.05
III,Tarlac,Concepcion,2019-11-17,Seedling,0.0,0.09,0.15
III,Tarlac,Concepcion,2019-11-18,Seedling,0.0,0.16,0.06
III,Tarlac,Concepcion,2019-11-19,Seedling,0.0,0.08,0.0
III,Tarlac,Concepcion,2019-11-20,Seedling,0.0,0.0,0.11
III,Tarlac,Concepcion,2019-11-21,Seedling,0.0,0.07,0.2
III,Tarlac,Concepcion,2019-11-22,Seedling,1.0,0.03,0.03
III,Tarlac,Concepcion,2019-11-23,Seedling,0.0,0.02,0.21
III,Tarlac,Concepcion,2019-11-24,Seedling  ,0.0,0.03,0.15
III,Tarlac,Concepcion,2019-11-25,Seedling,0.0,0.07,0.15
III,Tarlac,Concepcion,2019-11-26,Seedling,0.0,0.11,0.15
III,Tarlac,Concepcion,2019-11-27,Seedling,0.0,0.0,0.0
III,Tarlac,Concepcion,2019-11-28,Seedling,0.0,0.0,0.15
III,Tarlac,Concepcion,2019-11-29,Seedling,0.0,0.0,0.22
III,Tarlac,Concepcion,2019-11-30,Seedling,0.0,0.1,0.0
III,Tarlac,Concepcion,2019-12-01,Seedling,0.0,0.06,0.07
III,Tarlac,Concepcion,2019-12-02,Seedling,0.0,0.0,0.14
III,Tarlac,Concepcion,2019-12-03,Seedling,0.0,0.0,0.07
III,Tarlac,Concepcion,2019-12-04,Seedling,1.0,0.16,0.04
III,Tarlac,Concepcion,2019-12-05,Seedling,2.0,0.0,0.06
III,Tarlac,Concepcion,2019-12-06,Seedling,1.0,0.0,0.1
III,Tarlac,Concepcion,2019-12-07,Seedling,1.0,0.0,0.12
III,Tarlac,Concepcion,2019-12-08,Seedling,0.0,0.0,0.12
III,Tarlac,Concepcion,2019-12-09,Seedling,1.0,1.3,0.08
III,Tarlac,Concepcion,2019-12-10,Seedling,0.0,0.38,0.11
III,Tarlac,Concepcion,2019-12-11,Seedling,0.0,0.76,0.08
III,Tarlac,Concepcion,2019-12-12,Seedling,1.0,0.0,0.11
III,Tarlac,Concepcion,2019-12-13,Seedling,0.0,0.68,0.2
III,Tarlac,Concepcion,2019-12-14,Seedling,1.0,0.43,0.0
III,Tarlac,Concepcion,2019-12-15,Seedling,1.0,0.0,0.12
III,Tarlac,Concepcion,2019-12-16,Seedling,1.0,0.74,0.04
III,Tarlac,Concepcion,2019-12-17,Seedling,0.0,0.39,0.17
III,Tarlac,Concepcion,2019-12-18,Tillering,1.0,1.65,0.05
III,Tarlac,Concepcion,2019-12-19,Tillering,1.0,1.53,0.16
III,Tarlac,Concepcion,2019-12-20,Tillering,2.0,2.03,0.08
III,Tarlac,Concepcion,2019-12-21,Tillering,0.0,1.06,0.06
III,Tarlac,Concepcion,2019-12-22,Tillering,2.0,1.85,0.09
III,Tarlac,Concepcion,2019-12-23,Tillering,0.0,0.0,0.0
III,Tarlac,Concepcion,2019-12-24,Tillering,0.0,0.2,0.22
III,Tarlac,Concepcion,2019-12-25,Tillering,2.0,1.02,0.16
III,Tarlac,Concepcion,2019-12-26,Tillering,4.0,0.09,0.05
III,Tarlac,Concepcion,2019-12-27,Tillering,2.0,0.06,0.0
III,Tarlac,Concepcion,2019-12-28,Tillering,1.0,0.07,0.11
III,Tarlac,Concepcion,2019-12-29,Tillering,0.0,0.37,0.04
III,Tarlac,Concepcion,2019-12-30,Tillering,1.0,0.75,0.01
III,Tarlac,Concepcion,2019-12-31,Tillering,2.0,1.05,0.0
III,Tarlac,Concepcion,2020-01-01,Tillering,1.0,0.0,0.13
III,Tarlac,Concepcion,2020-01-02,Tillering,2.0,0.88,0.13
III,Tarlac,Concepcion,2020-01-03,Tillering,1.0,0.0,0.13
III,Tarlac,Concepcion,2020-01-04,Tillering,2.0,0.28,0.09
III,Tarlac,Concepcion,2020-01-05,Tillering,3.0,0.0,0.1
III,Tarlac,Concepcion,2020-01-06,Tillering,3.0,0.0,0.03
III,Tarlac,Concepcion,2020-01-07,Tillering,3.0,0.07,0.07
III,Tarlac,Concepcion,2020-01-08,Tillering,3.0,0.55,0.0
III,Tarlac,Concepcion,2020-01-09,Tillering,4.0,0.07,0.05
III,Tarlac,Concepcion,2020-01-10,Tillering,4.0,0.27,0.0
III,Tarlac,Concepcion,2020-01-11,Tillering,3.0,1.06,0.11
III,Tarlac,Concepcion,2020-01-12,Elongation,1.0,0.92,0.09
III,Tarlac,Concepcion,2020-01-13,Elongation,4.0,0.82,0.12
III,Tarlac,Concepcion,2020-01-14,Elongation,0.0,0.85,0.0
III,Tarlac,Concepcion,2020-01-15,Elongation,6.0,1.29,0.21
III,Tarlac,Concepcion,2020-01-15,Elongation,6.0,1.29,0.21
III,Tarlac,Concepcion,2020-01-16,Elongation,1.0,0.98,0.0
III,Tarlac,Concepcion,2020-01-17,Elongation,1.0,0.29,0.11
III,Tarlac,Concepcion,2020-01-18,Elongation,3.0,1.74,0.02
III,Tarlac,Concepcion,2020-01-19,Elongation,3.0,1.94,0.2
III,Tarlac,Concepcion,2020-01-20,Elongation,1.0,3.09,0.15
III,Tarlac,Concepcion,2020-01-21,Elongation,1.0,3.46,0.03
III,Tarlac,Concepcion,2020-01-22,Elongation,0.0,2.62,0.14
III,Tarlac,Concepcion,2020-01-23,Elongation,1.0,4.0,0.12
III,Tarlac,Concepcion,2020-01-24,Elongation,3.0,4.05,0.04
III,Tarlac,Concepcion,2020-01-25,Elongation,1.0,4.35,0.14
III,Tarlac,Concepcion,2020-01-26,Elongation,3.0,3.31,0.11
III,Tarlac,Concepcion,2020-01-27,Elongation,0.0,4.73,0.13
III,Tarlac,Concepcion,2020-01-28,Elongation,1.0,4.75,0.07
III,Tarlac,Concepcion,2020-01-29,Elongation,5.0,5.31,0.05
III,Tarlac,Concepcion,2020-01-30,Elongation,2.0,6.07,0.19
III,Tarlac,Concepcion,2020-01-31,Panicle,1.0,0.13,12.92
III,Tarlac,Concepcion,2020-02-01,Panicle,1.0,0.19,13.87
III,Tarlac,Concepcion,2020-02-02,Panicle,1.0,0.13,14.65
III,Tarlac,Concepcion,2020-02-03,Panicle,2.0,0.0,13.68
III,Tarlac,Concepcion,2020-02-04,Panicle,0.0,0.05,12.43
III,Tarlac,Concepcion,2020-02-05,Panicle,1.0,0.11,12.89
III,Tarlac,Concepcion,2020-02-06,Panicle,0.0,0.13,11.93
III,Tarlac,Concepcion,2020-02-07,Panicle,3.0,0.01,10.95
III,Tarlac,Concepcion,2020-02-08,Panicle,1.0,0.04,11.75
III,Tarlac,Concepcion,2020-02-09,Panicle,2.0,0.14,10.44
III,Tarlac,Concepcion,2020-02-10,Panicle,2.0,0.12,9.08
III,Tarlac,Concepcion,2020-02-11,Panicle,0.0,0.0,10.32
III,Tarlac,Concepcion,2020-02-12,Panicle,0.0,0.0,8.58
III,Tarlac,Concepcion,2020-02-13,Panicle,4.0,0.12,5.91
III,Tarlac,Concepcion,2020-02-14,Flowering,0.0,0.11,3.81
III,Tarlac,Concepcion,2020-02-15,Flowering,1.0,0.0,2.24
III,Tarlac,Concepcion,2020-02-16,Flowering,1.0,0.15,1.02
III,Tarlac,Concepcion,2020-02-17,Flowering,1.0,0.14,1.68
III,Tarlac,Concepcion,2020-02-18,Flowering,2.0,0.16,1.18
III,Tarlac,Concepcion,2020-02-19,Flowering,2.0,0.08,0.0
III,Tarlac,Concepcion,2020-02-20,Flowering,1.0,0.01,2.3
III,Tarlac,Concepcion,2020-02-21,Flowering,2.0,0.06,0.0
III,Tarlac,Concepcion,2020-02-22,Flowering,1.0,0.0,0.15
III,Tarlac,Concepcion,2020-02-23,Flowering,0.0,0.06,0.4
III,Tarlac,Concepcion,2020-02-24,Flowering,1.0,0.01,0.52
III,Tarlac,Concepcion,2020-02-25,Flowering,1.0,0.07,0.81
III,Tarlac,Concepcion,2020-02-26,Flowering,1.0,0.11,1.43
III,Tarlac,Concepcion,2020-02-27,Flowering,0.0,0.0,0.28
III,Tarlac,Concepcion,2020-02-28,Flowering,0.0,0.07,1.25
III,Tarlac,Concepcion,2020-02-29,Ripening,1.0,0.0,1.45
III,Tarlac,Concepcion,2020-03-01,Ripening,1.0,0.09,1.61
III,Tarlac,Concepcion,2020-03-02,Ripening,1.0,0.24,0.16
III,Tarlac,Concepcion,2020-03-03,Ripening,0.0,0.13,1.13
III,Tarlac,Concepcion,2020-03-04,Ripening,3.0,0.09,0.31
III,Tarlac,Concepcion,2020-03-05,Ripening,0.0,0.0,1.21
III,Tarlac,Concepcion,2020-03-06,Ripening,0.0,0.16,0.93
III,Tarlac,Concepcion,2020-03-07,Ripening,1.0,0.16,0.17
III,Tarlac,Concepcion,2020-03-08,Ripening,0.0,0.08,0.52
III,Tarlac,Concepcion,2020-03-09,Ripening,2.0,0.19,1.1
III,Tarlac,Concepcion,2020-03-10,Ripening,3.0,0.12,0.57
III,Tarlac,Concepcion,2020-03-11,Ripening,4.0,0.05,0.9
III,Tarlac,Concepcion,2020-03-12,Ripening,4.0,0.17,1.19
III,Tarlac,Concepcion,2020-03-13,Ripening,2.0,0.2,1.61
III,Tarlac,Concepcion,2020-03-14,Ripening,8.0,0.08,0.46
III,Tarlac,Concepcion,2020-03-15,Ripening,2.0,0.08,0.0
III,Tarlac,Concepcion,2020-03-16,Ripening,5.0,0.1,0.44
III,Tarlac,Concepcion,2020-03-17,Ripening,4.0,0.14,0.08
III,Tarlac,Concepcion,2020-03-18,Ripening,4.0,0.06,0.51
III,Tarlac,Concepcion,2020-03-19,Ripening,1.0,0.23,0.0
III,Tarlac,Concepcion,2020-03-20,Ripening,3.0,0.12,0.49
III,Tarlac,Concepcion,2020-03-21,Ripening,1.0,0.06,0.0
III,Tarlac,Concepcion,2020-03-22,Ripening,1.0,0.1,1.42
III,Tarlac,Concepcion,2020-03-23,Ripening,2.0,0.0,0.22
III,Tarlac,Concepcion,2020-03-24,Ripening,0.0,0.04,0.06
III,Tarlac,Concepcion,2020-03-25,Ripening,0.0,0.03,0.09
III,Tarlac,Concepcion,2020-03-26,Ripening,0.0,0.18,0.04
III,Tarlac,Concepcion,2020-03-27,Ripening,0.0,0.01,0.12
III,Tarlac,Concepcion,2020-03-28,Ripening,0.0,0.0,0.18
III,Tarlac,Concepcion,2020-03-29,Ripening,0.0,0.2,0.0
III,Tarlac,Concepcion,2020-03-30,Ripening,0.0,0.05,0.0
III,Tarlac,Concepcion,2020-03-31,Ripening,0.0,0.0,0.05
III,Tarlac,Concepcion,2020-04-01,Ripening,0.0,0.17,0.0
III,Tarlac,Concepcion,2020-04-02,Ripening,0.0,0.03,0.2
III,Tarlac,Concepcion,2020-04-03,Ripening,0.0,0.06,0.09
III,Tarlac,Concepcion,2020-04-04,Ripening,0.0,0.0,0.1
III,Tarlac,Concepcion,2020-04-05,Ripening,,0.11,0.1
III,Tarlac,Concepcion,2020-04-06,Ripening,,0.01,0.04
III,Tarlac,Concepcion,2020-04-07,Ripening,0.0,0.11,0.0
III,Tarlac,Concepcion,2020-04-08,Ripening,0.0,0.09,0.11
III,Tarlac,Concepcion,2020-04-09,Ripening,0.0,0.23,0.07
III,Tarlac,Concepcion,2020-04-10,Ripening,0.0,0.09,0.08
III,Tarlac,Concepcion,2020-04-11,Ripening,0.0,0.07,0.03
III,Tarlac,Concepcion,2020-04-12,Ripening,0.0,0.09,0.02
III,Tarlac,Concepcion,2020-04-13,Ripening,0.0,0.1,0.06
III,Tarlac,Concepcion,2020-04-14,Ripening,0.0,0.0,0.21
III,Tarlac,Concepcion,2020-04-15,Ripening,0.0,0.08,0.19
III,Tarlac,Concepcion,2020-04-16,Ripening,0.0,0.05,0.09
III,Tarlac,Concepcion,2020-04-17,Ripening,0.0,0.02,0.14
III,Tarlac,Concepcion,2020-04-18,Ripening,0.0,0.22,0.09
III,Tarlac,Concepcion,2020-04-19,Ripening,0.0,0.22,0.07
III,Tarlac,Concepcion,2020-04-20,Ripening,0.0,0.05,0.05
III,Tarlac,Concepcion,2020-04-21,Ripening,0.0,0.0,0.05
III,Tarlac,Concepcion,2020-04-22,Ripening,0.0,0.02,0.17
III,Tarlac,Concepcion,2020-04-23,Ripening  ,0.0,0.13,0.0
III,Tarlac,Concepcion,2020-04-24,Ripening,0.0,0.06,0.05
III,Tarlac,Concepcion,2020-04-25,Ripening,0.0,0.0,0.0
III,Tarlac,Concepcion,2020-04-26,Ripening,0.0,0.04,0.04
III,Tarlac,Concepcion,2020-04-27,Ripening,0.0,0.1,0.09
III,Tarlac,Concepcion,2020-04-28,Ripening,0.0,0.05,0.04
III,Tarlac,Concepcion,2020-04-29,Ripening,0.0,0.08,0.08
III,Tarlac,Concepcion,2020-04-30,Seedling,0.0,0.17,0.09
III,Tarlac,Concepcion,2020-05-01,Seedling,0.0,0.0,0.04
III,Tarlac,Concepcion,2020-05-02,Seedling,0.0,0.0,0.07
III,Tarlac,Concepcion,2020-05-03,Seedling,0.0,0.12,0.0
III,Tarlac,Concepcion,2020-05-04,Seedling,0.0,0.06,0.16
III,Tarlac,Concepcion,2020-05-05,Seedling,0.0,0.0,0.09
III,Tarlac,Concepcion,2020-05-06,Seedling,0.0,0.09,0.16
III,Tarlac,Concepcion,2020-05-07,Seedling,0.0,0.19,0.14
III,Tarlac,Concepcion,2020-05-08,Seedling,0.0,0.04,0.07
III,Tarlac,Concepcion,2020-05-09,Seedling,0.0,0.02,0.09
III,Tarlac,Concepcion,2020-05-10,Seedling,0.0,0.09,0.07
III,Tarlac,Concepcion,2020-05-11,Seedling,0.0,0.04,0.14
III,Tarlac,Concepcion,2020-05-12,Seedling,0.0,0.07,0.0
III,Tarlac,Concepcion,2020-05-12,Seedling,0.0,0.07,0.0
III,Tarlac,Concepcion,2020-05-13,Seedling,1.0,0.04,0.03
III,Tarlac,Concepcion,2020-05-14,Seedling,1.0,0.0,0.02
III,Tarlac,Concepcion,2020-05-15,Seedling,0.0,0.0,0.05
III,Tarlac,Concepcion,2020-05-16,Seedling,0.0,0.03,0.03
III,Tarlac,Concepcion,2020-05-17,Seedling,0.0,0.09,0.11
III,Tarlac,Concepcion,2020-05-18,Seedling,0.0,0.05,0.01
III,Tarlac,Concepcion,2020-05-19,Seedling,0.0,0.1,0.05
III,Tarlac,Concepcion,2020-05-20,Seedling,0.0,0.27,0.03
III,Tarlac,Concepcion,2020-05-21,Seedling,0.0,0.09,0.04
III,Tarlac,Concepcion,2020-05-22,Seedling,0.0,0.03,0.15
III,Tarlac,Concepcion,2020-05-23,Seedling,0.0,0.02,0.08
III,Tarlac,Concepcion,2020-05-24,Seedling,0.0,0.09,0.04
III,Tarlac,Concepcion,2020-05-25,Seedling,0.0,0.0,0.2
III,Tarlac,Concepcion,2020-05-26,Seedling,0.0,0.2,0.09
III,Tarlac,Concepcion,2020-05-27,Seedling,0.0,0.0,0.07
III,Tarlac,Concepcion,2020-05-28,Seedling,0.0,0.18,0.04
III,Tarlac,Concepcion,2020-05-29,Seedling,0.0,0.07,0.18
III,Tarlac,Concepcion,2020-05-30,Seedling,0.0,0.03,0.09
III,Tarlac,Concepcion,2020-05-31,Seedling,0.0,0.07,0.17
III,Tarlac,Concepcion,2020-06-01,Seedling,0.0,0.22,0.0
III,Tarlac,Concepcion,2020-06-02,Seedling,1.0,0.19,0.0
III,Tarlac,Concepcion,2020-06-03,Seedling,0.0,0.11,0.09
III,Tarlac,Concepcion,2020-06-04,Seedling,0.0,0.0,0.21
III,Tarlac,Concepcion,2020-06-05,Seedling,0.0,0.04,0.15
III,Tarlac,Concepcion,2020-06-06,Seedling,0.0,0.0,0.11
III,Tarlac,Concepcion,2020-06-07,Seedling,10.0,1.27,
III,Tarlac,Concepcion,2020-06-08,Seedling,16.0,1.46,
III,Tarlac,Concepcion,2020-06-09,Seedling,17.0,2.2,
III,Tarlac,Concepcion,2020-06-10,Seedling,11.0,2.86,
III,Tarlac,Concepcion,2020-06-11,Seedling,16.0,1.83,
III,Tarlac,Concepcion,2020-06-12,Seedling,23.0,0.82,0.12
III,Tarlac,Concepcion,2020-06-13,Seedling,24.0,1.38,0.11
III,Tarlac,Concepcion,2020-06-14,Seedling,15.0,0.99,0.0
III,Tarlac,Concepcion,2020-06-15,Seedling,21.0,0.82,0.02
III,Tarlac,Concepcion,2020-06-16,Seedling,20.0,1.34,0.05
III,Tarlac,Concepcion,2020-06-17,Seedling,18.0,0.28,0.0
III,Tarlac,Concepcion,2020-06-18,Seedling,34.0,0.03,0.07
III,Tarlac,Concepcion,2020-06-19,Seedling,26.0,0.0,0.15
III,Tarlac,Concepcion,2020-06-20,Seedling,16.0,0.64,0.0
III,Tarlac,Concepcion,2020-06-21,Seedling,23.0,0.48,0.15
III,Tarlac,Concepcion,2020-06-22,Seedling,19.0,0.0,0.08
III,Tarlac,Concepcion,2020-06-23,Tillering,30.0,0.03,
III,Tarlac,Concepcion,2020-06-24,Tillering,32.0,1.26,
III,Tarlac,Concepcion,2020-06-25,Tillering,25.0,0.14,
III,Tarlac,Concepcion,2020-06-26,Tillering,15.0,0.75,
III,Tarlac,Concepcion,2020-06-27,Tillering,7.0,1.03,
III,Tarlac,Concepcion,2020-06-28,Tillering,17.0,0.0,0.01
III,Tarlac,Concepcion,2020-06-29,Tillering,4.0,0.14,0.13
III,Tarlac,Concepcion,2020-06-30,Tillering,6.0,1.21,0.0
III,Tarlac,Concepcion,2020-07-01,Tillering,2.0,2.44,0.24
III,Tarlac,Concepcion,2020-07-02,Tillering,3.0,3.28,0.08
III,Tarlac,Concepcion,2020-07-03,Tillering,3.0,3.38,0.04
III,Tarlac,Concepcion,2020-07-04,Tillering,1.0,2.72,0.07
III,Tarlac,Concepcion,2020-07-05,Tillering,0.0,3.29,0.04
III,Tarlac,Concepcion,2020-07-06,Tillering,5.0,3.17,0.0
III,Tarlac,Concepcion,2020-07-07,Tillering,5.0,3.68,0.08
III,Tarlac,Concepcion,2020-07-08,Tillering,9.0,2.79,0.03
III,Tarlac,Concepcion,2020-07-09,Tillering,9.0,4.21,0.07
III,Tarlac,Concepcion,2020-07-10,Tillering,8.0,3.57,0.21
III,Tarlac,Concepcion,2020-07-11,Tillering,16.0,4.27,0.12
III,Tarlac,Concepcion,2020-07-12,Tillering,14.0,5.13,0.02
III,Tarlac,Concepcion,2020-07-13,Tillering,14.0,3.84,0.18
III,Tarlac,Concepcion,2020-07-14,Tillering,10.0,3.0,0.0
III,Tarlac,Concepcion,2020-07-15,Tillering,13.0,2.94,0.08
III,Tarlac,Concepcion,2020-07-16,Tillering,13.0,3.61,0.24
III,Tarlac,Concepcion,2020-07-17,Tillering,14.0,3.04,0.13
III,Tarlac,Concepcion,2020-07-18,Tillering,10.0,2.95,0.06
III,Tarlac,Concepcion,2020-07-19,Elongation,9.0,4.61,0.21
III,Tarlac,Concepcion,2020-07-20,Elongation,14.0,3.96,0.08
III,Tarlac,Concepcion,2020-07-21,Elongation,10.0,3.74,0.03
III,Tarlac,Concepcion,2020-07-22,Elongation,14.0,2.3,0.0
III,Tarlac,Concepcion,2020-07-23,Elongation,6.0,1.82,0.0
III,Tarlac,Concepcion,2020-07-24,Elongation,12.0,1.45,0.14
III,Tarlac,Concepcion,2020-07-25,Elongation,3.0,1.22,0.03
III,Tarlac,Concepcion,2020-07-26,Elongation,14.0,0.4,0.12
III,Tarlac,Concepcion,2020-07-27,Elongation,3.0,1.77,0.06
III,Tarlac,Concepcion,2020-07-28,Elongation,8.0,0.99,0.03
III,Tarlac,Concepcion,2020-07-29,Elongation,2.0,0.59,0.0
III,Tarlac,Concepcion,2020-07-30,Elongation,2.0,1.06,0.12
III,Tarlac,Concepcion,2020-07-31,Elongation,7.0,0.8,0.07
III,Tarlac,Concepcion,2020-08-01,Elongation,3.0,0.75,0.09
III,Tarlac,Concepcion,2020-08-02,Elongation,5.0,0.73,0.08
III,Tarlac,Concepcion,2020-08-03,Elongation,2.0,1.28,0.11
III,Tarlac,Concepcion,2020-08-04,Elongation,2.0,1.34,0.11
III,Tarlac,Concepcion,2020-08-05,Elongation,2.0,2.52,0.03
III,Tarlac,Concepcion,2020-08-06,Elongation,3.0,2.11,0.01
III,Tarlac,Concepcion,2020-08-07,Elongation,3.0,2.86,0.06
III,Tarlac,Concepcion,2020-08-08,Panicle,3.0,0.01,3.7
III,Tarlac,Concepcion,2020-08-09,Panicle,5.0,0.13,3.63
III,Tarlac,Concepcion,2020-08-10,Panicle,3.0,0.01,0.0
III,Tarlac,Concepcion,2020-08-11,Panicle,5.0,0.0,0.63
III,Tarlac,Concepcion,2020-08-12,Panicle,4.0,0.12,0.59
III,Tarlac,Concepcion,2020-08-13,Panicle,8.0,0.05,0.25
III,Tarlac,Concepcion,2020-08-14,Panicle,3.0,0.11,0.0
III,Tarlac,Concepcion,2020-08-15,Panicle,3.0,0.09,1.3
III,Tarlac,Concepcion,2020-08-16,Panicle,8.0,0.09,1.01
III,Tarlac,Concepcion,2020-08-17,Panicle,9.0,0.0,2.13
III,Tarlac,Concepcion,2020-08-18,Panicle,9.0,0.17,0.76
III,Tarlac,Concepcion,2020-08-19,Panicle,8.0,0.11,0.38
III,Tarlac,Concepcion,2020-08-20,Panicle,3.0,0.25,1.43
III,Tarlac,Concepcion,2020-08-21,Panicle,2.0,0.0,1.72
III,Tarlac,Concepcion,2020-08-22,Panicle,1.0,0.06,0.37
III,Tarlac,Concepcion,2020-08-23,Panicle,7.0,0.01,0.47
III,Tarlac,Concepcion,2020-08-24,Flowering,5.0,0.0,1.27
III,Tarlac,Concepcion,2020-08-25,Flowering,8.0,0.0,0.61
III,Tarlac,Concepcion,2020-08-26,Flowering,6.0,0.21,0.16
III,Tarlac,Concepcion,2020-08-27,Flowering,7.0,0.09,0.04
III,Tarlac,Concepcion,2020-08-28,Flowering,5.0,0.02,0.03
III,Tarlac,Concepcion,2020-08-29,Flowering,9.0,0.17,0.75
III,Tarlac,Concepcion,2020-08-30,Flowering,3.0,0.09,0.58
III,Tarlac,Concepcion,2020-08-31,Flowering,2.0,0.07,0.56
III,Tarlac,Concepcion,2020-09-01,Flowering,2.0,0.08,0.49
III,Tarlac,Concepcion,2020-09-02,Flowering,4.0,0.01,0.0
III,Tarlac,Concepcion,2020-09-03,Flowering,8.0,0.0,0.69
III,Tarlac,Concepcion,2020-09-04,Flowering,7.0,0.16,2.16
III,Tarlac,Concepcion,2020-09-05,Flowering,6.0,0.07,0.98
III,Tarlac,Concepcion,2020-09-06,Flowering,12.0,0.1,3.14
III,Tarlac,Concepcion,2020-09-07,Flowering,4.0,0.06,4.37
III,Tarlac,Concepcion,2020-09-08,Ripening,1.0,0.04,6.38
III,Tarlac,Concepcion,2020-09-09,Ripening,2.0,0.18,6.12
III,Tarlac,Concepcion,2020-09-10,Ripening,0.0,0.13,5.6
III,Tarlac,Concepcion,2020-09-11,Ripening,6.0,0.06,5.17
III,Tarlac,Concepcion,2020-09-12,Ripening,8.0,0.03,5.51
III,Tarlac,Concepcion,2020-09-13,Ripening,5.0,0.15,6.54
III,Tarlac,Concepcion,2020-09-14,Ripening,6.0,0.14,6.38
III,Tarlac,Concepcion,2020-09-15,Ripening,6.0,0.0,5.8
III,Tarlac,Concepcion,2020-09-16,Ripening,9.0,0.2,6.17
III,Tarlac,Concepcion,2020-09-17,Ripening,8.0,0.02,
III,Tarlac,Concepcion,2020-09-18,Ripening,8.0,0.16,
III,Tarlac,Concepcion,2020-09-19,Ripening,11.0,0.03,
III,Tarlac,Concepcion,2020-09-20,Ripening,9.0,0.1,2.43
III,Tarlac,Concepcion,2020-09-21,Ripening,9.0,0.22,2.73
III,Tarlac,Concepcion,2020-09-22,Ripening,6.0,0.06,2.1
III,Tarlac,Concepcion,2020-09-23,Ripening,13.0,0.21,2.34
III,Tarlac,Concepcion,2020-09-24,Ripening,8.0,0.01,3.17
III,Tarlac,Concepcion,2020-09-25,Ripening,7.0,0.11,0.97
III,Tarlac,Concepcion,2020-09-26,Ripening,5.0,0.0,0.0
III,Tarlac,Concepcion,2020-09-27,Ripening,5.0,,1.18
III,Tarlac,Concepcion,2020-09-28,Ripening,4.0,,0.48
III,Tarlac,Concepcion,2020-09-29,Ripening,2.0,,0.96
III,Tarlac,Concepcion,2020-09-30,Ripening,1.0,,1.26
III,Tarlac,Concepcion,2020-10-01,Ripening,0.0,,0.52
III,Tarlac,Concepcion,2020-10-02,Ripening,0.0,0.09,1.57
III,Tarlac,Concepcion,2020-10-03,Ripening,2.0,0.26,0.39
III,Tarlac,Concepcion,2020-10-04,Ripening,0.0,0.02,0.0
III,Tarlac,Concepcion,2020-10-05,Ripening,0.0,0.12,0.03
III,Tarlac,Concepcion,2020-10-06,Ripening,0.0,0.09,0.0
III,Tarlac,Concepcion,2020-10-07,Ripening,0.0,0.02,0.16
III,Tarlac,Concepcion,2020-10-08,Ripening,0.0,0.0,0.0
III,Tarlac,Concepcion,2020-10-09,Ripening,1.0,0.02,0.13
III,Tarlac,Concepcion,2020-10-10,Ripening,0.0,0.11,0.1
III,Tarlac,Concepcion,2020-10-11,Ripening,0.0,0.0,0.08
III,Tarlac,Concepcion,2020-10-12,Ripening,0.0,0.03,
III,Tarlac,Concepcion,2020-10-13,Ripening,0.0,0.0,
III,Tarlac,Concepcion,2020-10-14,Ripening,0.0,0.0,0.0
III,Tarlac,Concepcion,2020-10-15,Ripening,0.0,0.08,0.04
III,Tarlac,Concepcion,2020-10-16,Ripening,0.0,0.0,0.0
III,Tarlac,Concepcion,2020-10-17,Ripening,0.0,0.03,0.06
III,Tarlac,Concepcion,2020-10-18,Ripening,0.0,0.0,0.15
III,Tarlac,Concepcion,2020-10-19,Ripening,0.0,0.09,0.09
III,Tarlac,Concepcion,2020-10-20,Ripening,0.0,0.01,0.0
III,Tarlac,Concepcion,2020-10-21,Ripening,1.0,0.1,0.18
III,Tarlac,Concepcion,2020-10-22,Ripening,1.0,0.0,0.02
III,Tarlac,Concepcion,2020-10-23,Ripening,0.0,0.17,0.04
III,Tarlac,Concepcion,2020-10-24,Ripening,1.0,0.0,0.0
III,Tarlac,Concepcion,2020-10-25,Ripening,0.0,0.0,0.0
III,Tarlac,Concepcion,2020-10-26,Ripening,0.0,0.03,0.05
III,Tarlac,Concepcion,2020-10-27,Ripening,0.0,0.18,0.21
III,Tarlac,Concepcion,2020-10-28,Ripening,0.0,0.11,0.1
III,Tarlac,Concepcion,2020-10-29,Ripening,0.0,0.05,0.25
III,Tarlac,Concepcion,2020-10-30,Ripening,0.0,0.12,0.0
III,Tarlac,Concepcion,2020-10-31,Ripening,0.0,0.19,0.03
III,Tarlac,Concepcion,2020-11-01,Ripening,0.0,0.11,0.08
III,Tarlac,Concepcion,2020-11-02,Ripening,0.0,0.1,0.1
III,Tarlac,Concepcion,2020-11-03,Ripening,0.0,0.22,0.09
III,Tarlac,Concepcion,2020-11-04,Ripening,0.0,0.24,0.02
III,Tarlac,Concepcion,2020-11-05,Ripening,0.0,0.0,0.0
III,Tarlac,Concepcion,2020-11-06,Seedling,0.0,0.12,0.04
III,Tarlac,Concepcion,2020-11-07,Seedling,0.0,0.13,0.09
III,Tarlac,Concepcion,2020-11-08,Seedling,0.0,0.09,0.02
III,Tarlac,Concepcion,2020-11-09,Seedling,0.0,0.07,0.0
III,Tarlac,Concepcion,2020-11-10,Seedling,0.0,0.1,0.04
III,Tarlac,Concepcion,2020-11-11,Seedling,,0.17,0.13
III,Tarlac,Concepcion,2020-11-12,Seedling,,0.09,0.07
III,Tarlac,Concepcion,2020-11-13,Seedling,,0.11,0.19
III,Tarlac,Concepcion,2020-11-14,Seedling,,0.23,0.07
III,Tarlac,Concepcion,2020-11-15,Seedling,,0.11,0.06
III,Tarlac,Concepcion,2020-11-16,Seedling,0.0,0.06,0.26
III,Tarlac,Concepcion,2020-11-17,Seedling,0.0,0.16,0.03
III,Tarlac,Concepcion,2020-11-18,Seedling,0.0,0.0,0.06
III,Tarlac,Concepcion,2020-11-19,Seedling,0.0,0.1,0.0
III,Tarlac,Concepcion,2020-11-20,Seedling,0.0,0.16,0.17
III,Tarlac,Concepcion,2020-11-21,Seedling,0.0,0.01,0.14
III,Tarlac,Concepcion,2020-11-22,Seedling,0.0,0.15,0.02
III,Tarlac,Concepcion,2020-11-23,Seedling,0.0,0.01,0.0
III,Tarlac,Concepcion,2020-11-24,Seedling,0.0,0.26,0.14
III,Tarlac,Concepcion,2020-11-25,Seedling,0.0,0.01,0.08
III,Tarlac,Concepcion,2020-11-26,Seedling,0.0,0.25,0.11
III,Tarlac,Concepcion,2020-11-27,Seedling,0.0,0.03,0.0
III,Tarlac,Concepcion,2020-11-28,Seedling,0.0,,0.03
III,Tarlac,Concepcion,2020-11-29,Seedling,0.0,,0.0
III,Tarlac,Concepcion,2020-11-30,Seedling,0.0,0.0,0.06
III,Tarlac,Concepcion,2020-12-01,Seedling,0.0,0.06,
III,Tarlac,Concepcion,2020-12-02,Seedling,0.0,0.0,
III,Tarlac,Concepcion,2020-12-03,Seedling,0.0,0.0,
III,Tarlac,Concepcion,2020-12-04,Seedling,0.0,0.02,
III,Tarlac,Concepcion,2020-12-05,Seedling,0.0,0.09,0.07
III,Tarlac,Concepcion,2020-12-06,Seedling,0.0,0.14,0.04
III,Tarlac,Concepcion,2020-12-07,Seedling,0.0,0.0,0.16
III,Tarlac,Concepcion,2020-12-08,Seedling,0.0,0.0,0.12
III,Tarlac,Concepcion,2020-12-09,Seedling,0.0,0.21,0.06
III,Tarlac,Concepcion,2020-12-10,Seedling,1.0,0.17,0.18
III,Tarlac,Concepcion,2020-12-11,Seedling  ,1.0,0.82,0.18
III,Tarlac,Concepcion,2020-12-12,Seedling,2.0,0.28,0.0
III,Tarlac,Concepcion,2020-12-13,Seedling,4.0,0.38,0.0
III,Tarlac,Concepcion,2020-12-14,Seedling,1.0,0.35,0.26
III,Tarlac,Concepcion,2020-12-15,Seedling,0.0,0.64,0.0
III,Tarlac,Concepcion,2020-12-16,Seedling,2.0,1.11,0.08
III,Tarlac,Concepcion,2020-12-17,Seedling,1.0,0.0,0.1
III,Tarlac,Concepcion,2020-12-18,Seedling,0.0,1.01,0.04
III,Tarlac,Concepcion,2020-12-19,Seedling,0.0,1.12,0.07
III,Tarlac,Concepcion,2020-12-20,Seedling,2.0,1.57,0.15
III,Tarlac,Concepcion,2020-12-21,Seedling,0.0,2.5,0.0
III,Tarlac,Concepcion,2020-12-22,Seedling,1.0,2.88,0.07
III,Tarlac,Concepcion,2020-12-23,Seedling,1.0,2.94,0.08
III,Tarlac,Concepcion,2020-12-24,Seedling,2.0,2.36,0.0
III,Tarlac,Concepcion,2020-12-25,Tillering,3.0,3.46,0.07
III,Tarlac,Concepcion,2020-12-26,Tillering,8.0,3.91,0.05
III,Tarlac,Concepcion,2020-12-27,Tillering,5.0,3.28,0.12
III,Tarlac,Concepcion,2020-12-28,Tillering,8.0,3.67,0.16
III,Tarlac,Concepcion,2020-12-29,Tillering,5.0,3.04,0.1
III,Tarlac,Concepcion,2020-12-30,Tillering,5.0,2.1,0.09
III,Tarlac,Concepcion,2020-12-31,Tillering,9.0,2.28,0.15
III,Tarlac,Concepcion,2021-01-01,Tillering,6.0,1.28,0.02
III,Tarlac,Concepcion,2021-01-02,Tillering,11.0,1.24,0.0
III,Tarlac,Concepcion,2021-01-03,Tillering,8.0,1.13,0.15
III,Tarlac,Concepcion,2021-01-04,Tillering,8.0,0.15,0.0
III,Tarlac,Concepcion,2021-01-05,Tillering,1.0,0.06,0.01
III,Tarlac,Concepcion,2021-01-06,Tillering,2.0,0.43,0.1
III,Tarlac,Concepcion,2021-01-07,Tillering,3.0,0.21,0.0
III,Tarlac,Concepcion,2021-01-08,Tillering,3.0,1.16,0.0
III,Tarlac,Concepcion,2021-01-09,Tillering,2.0,0.72,0.12
III,Tarlac,Concepcion,2021-01-10,Tillering,3.0,0.0,0.0
III,Tarlac,Concepcion,2021-01-11,Tillering,1.0,0.34,0.16
III,Tarlac,Concepcion,2021-01-12,Tillering,0.0,0.58,0.0
III,Tarlac,Concepcion,2021-01-13,Tillering,1.0,0.01,0.05
III,Tarlac,Concepcion,2021-01-14,Tillering,1.0,0.2,0.05
III,Tarlac,Concepcion,2021-01-15,Tillering,1.0,0.05,0.14
III,Tarlac,Concepcion,2021-01-16,Tillering,2.0,0.0,0.05
III,Tarlac,Concepcion,2021-01-17,Tillering,4.0,0.0,0.09
III,Tarlac,Concepcion,2021-01-18,Tillering,3.0,0.0,0.12
III,Tarlac,Concepcion,2021-01-19,Tillering,0.0,0.16,0.08
III,Tarlac,Concepcion,2021-01-20,Elongation,1.0,0.15,0.13
III,Tarlac,Concepcion,2021-01-21,Elongation,0.0,0.32,0.13
III,Tarlac,Concepcion,2021-01-22,Elongation,0.0,0.82,0.15
III,Tarlac,Concepcion,2021-01-23,Elongation,3.0,,0.13
III,Tarlac,Concepcion,2021-01-24,Elongation,2.0,,0.11
III,Tarlac,Concepcion,2021-01-25,Elongation,0.0,0.86,0.14
III,Tarlac,Concepcion,2021-01-26,Elongation,1.0,0.9,0.01
III,Tarlac,Concepcion,2021-01-27,Elongation,2.0,2.42,0.0
III,Tarlac,Concepcion,2021-01-28,Elongation,4.0,0.68,0.05
III,Tarlac,Concepcion,2021-01-29,Elongation,2.0,0.85,0.0
III,Tarlac,Concepcion,2021-01-30,Elongation,0.0,0.48,0.11
III,Tarlac,Concepcion,2021-01-31,Elongation,2.0,1.49,0.07
III,Tarlac,Concepcion,2021-02-01,Elongation,0.0,1.45,0.05
III,Tarlac,Concepcion,2021-02-02,Elongation,1.0,0.34,0.08
III,Tarlac,Concepcion,2021-02-03,Elongation,3.0,1.25,0.13
III,Tarlac,Concepcion,2021-02-04,Elongation,1.0,0.58,0.09
III,Tarlac,Concepcion,2021-02-05,Elongation,2.0,0.17,0.11
III,Tarlac,Concepcion,2021-02-06,Elongation,1.0,0.78,0.08
III,Tarlac,Concepcion,2021-02-07,Elongation,0.0,0.0,0.12
III,Tarlac,Concepcion,2021-02-08,Elongation,0.0,1.06,0.17
III,Tarlac,Concepcion,2021-02-09,Panicle,0.0,0.03,1.25
III,Tarlac,Concepcion,2021-02-10,Panicle,1.0,0.0,0.0
III,Tarlac,Concepcion,2021-02-11,Panicle,0.0,0.2,0.32
III,Tarlac,Concepcion,2021-02-12,Panicle,2.0,0.19,0.03
III,Tarlac,Concepcion,2021-02-13,Panicle,1.0,0.02,0.96
III,Tarlac,Concepcion,2021-02-14,Panicle,2.0,0.0,1.46
III,Tarlac,Concepcion,2021-02-15,Panicle,0.0,0.11,0.28
III,Tarlac,Concepcion,2021-02-16,Panicle,1.0,0.03,0.58
III,Tarlac,Concepcion,2021-02-17,Panicle,1.0,0.02,2.95
III,Tarlac,Concepcion,2021-02-18,Panicle,2.0,0.13,1.74
III,Tarlac,Concepcion,2021-02-19,Panicle,3.0,0.07,2.49
III,Tarlac,Concepcion,2021-02-20,Panicle,0.0,0.19,3.86
III,Tarlac,Concepcion,2021-02-21,Panicle,2.0,0.0,3.95
III,Tarlac,Concepcion,2021-02-22,Panicle,1.0,0.0,3.16
III,Tarlac,Concepcion,2021-02-23,Panicle,0.0,0.23,3.09
III,Tarlac,Concepcion,2021-02-24,Panicle,5.0,0.23,4.85
III,Tarlac,Concepcion,2021-02-25,Flowering,1.0,0.09,3.09
III,Tarlac,Concepcion,2021-02-26,Flowering,1.0,0.05,1.98
III,Tarlac,Concepcion,2021-02-27,Flowering,0.0,0.0,2.47
III,Tarlac,Concepcion,2021-02-28,Flowering,0.0,0.2,2.13
III,Tarlac,Concepcion,2021-03-01,Flowering,0.0,0.01,0.08
III,Tarlac,Concepcion,2021-03-02,Flowering,1.0,0.04,0.0
III,Tarlac,Concepcion,2021-03-03,Flowering,1.0,0.2,0.0
III,Tarlac,Concepcion,2021-03-04,Flowering,1.0,0.14,2.74
III,Tarlac,Concepcion,2021-03-05,Flowering,2.0,0.13,0.0
III,Tarlac,Concepcion,2021-03-06,Flowering,1.0,0.08,0.0
III,Tarlac,Concepcion,2021-03-07,Flowering,2.0,0.08,0.39
III,Tarlac,Concepcion,2021-03-08,Flowering,1.0,0.12,0.32
III,Tarlac,Concepcion,2021-03-09,Flowering,0.0,0.23,0.0
III,Tarlac,Concepcion,2021-03-10,Flowering,1.0,0.13,0.42
III,Tarlac,Concepcion,2021-03-11,Flowering,0.0,0.09,0.27
III,Tarlac,Concepcion,2021-03-12,Ripening,0.0,0.14,0.75
III,Tarlac,Concepcion,2021-03-13,Ripening,0.0,0.08,0.0
III,Tarlac,Concepcion,2021-03-14,Ripening,1.0,0.12,0.37
III,Tarlac,Concepcion,2021-03-15,Ripening,0.0,0.17,1.19
III,Tarlac,Concepcion,2021-03-16,Ripening,0.0,0.01,0.99
III,Tarlac,Concepcion,2021-03-17,Ripening,2.0,0.17,0.84
III,Tarlac,Concepcion,2021-03-18,Ripening,2.0,0.16,0.19
III,Tarlac,Concepcion,2021-03-19,Ripening,0.0,0.14,1.6
III,Tarlac,Concepcion,2021-03-20,Ripening,3.0,0.0,0.31
III,Tarlac,Concepcion,2021-03-21,Ripening,0.0,0.0,0.0
III,Tarlac,Concepcion,2021-03-22,Ripening,1.0,0.14,0.0
III,Tarlac,Concepcion,2021-03-23,Ripening,0.0,0.0,1.23
III,Tarlac,Concepcion,2021-03-24,Ripening,0.0,0.15,0.27
III,Tarlac,Concepcion,2021-03-25,Ripening,0.0,0.01,0.27
III,Tarlac,Concepcion,2021-03-26,Ripening,1.0,0.04,0.97
III,Tarlac,Concepcion,2021-03-27,Ripening,0.0,0.1,1.96
III,Tarlac,Concepcion,2021-03-28,Ripening,2.0,0.0,1.53
III,Tarlac,Concepcion,2021-03-29,Ripening,0.0,0.04,1.42
III,Tarlac,Concepcion,2021-03-30,Ripening,2.0,0.06,0.34
III,Tarlac,Concepcion,2021-03-31,Ripening,0.0,0.14,1.78
III,Tarlac,Concepcion,2021-04-01,Ripening,0.0,0.0,2.78
III,Tarlac,Concepcion,2021-04-02,Ripening,2.0,0.06,1.81
III,Tarlac,Concepcion,2021-04-03,Ripening,4.0,0.06,1.96
III,Tarlac,Concepcion,2021-04-04,Ripening,1.0,0.0,1.65
III,Tarlac,Concepcion,2021-04-05,Ripening,4.0,0.2,0.76
III,Tarlac,Concepcion,2021-04-05,Ripening,4.0,0.2,0.76
III,Tarlac,Concepcion,2021-04-06,Ripening,1.0,0.08,2.21
III,Tarlac,Concepcion,2021-04-07,Ripening,0.0,0.14,0.14
III,Tarlac,Concepcion,2021-04-08,Ripening,0.0,0.11,0.07
III,Tarlac,Concepcion,2021-04-09,Ripening,0.0,0.08,
III,Tarlac,Concepcion,2021-04-10,Ripening,0.0,0.0,
III,Tarlac,Concepcion,2021-04-11,Ripening,0.0,0.04,
III,Tarlac,Concepcion,2021-04-12,Ripening,1.0,0.23,0.0
III,Tarlac,Concepcion,2021-04-13,Ripening,0.0,0.01,0.16
III,Tarlac,Concepcion,2021-04-14,Ripening,,0.25,0.0
III,Tarlac,Concepcion,2021-04-15,Ripening,,0.0,0.16
III,Tarlac,Concepcion,2021-04-16,Ripening,,0.0,0.01
III,Tarlac,Concepcion,2021-04-17,Ripening,,0.12,0.26
III,Tarlac,Concepcion,2021-04-18,Ripening,0.0,0.01,0.16
III,Tarlac,Concepcion,2021-04-19,Ripening,0.0,0.01,0.1
III,Tarlac,Concepcion,2021-04-20,Ripening,0.0,0.13,0.07
III,Tarlac,Concepcion,2021-04-21,Ripening,0.0,0.05,0.34
III,Tarlac,Concepcion,2021-04-22,Ripening,0.0,0.17,0.0
III,Tarlac,Concepcion,2021-04-23,Ripening,0.0,0.03,0.15
III,Tarlac,Concepcion,2021-04-24,Ripening,1.0,0.06,0.03
III,Tarlac,Concepcion,2021-04-25,Ripening,0.0,0.07,0.14
III,Tarlac,Concepcion,2021-04-26,Ripening,0.0,0.1,0.0
III,Tarlac,Concepcion,2021-04-27,Ripening,0.0,0.17,0.06
III,Tarlac,Concepcion,2021-04-28,Ripening,0.0,0.05,0.0
III,Tarlac,Concepcion,2021-04-29,Ripening,0.0,0.0,0.05
III,Tarlac,Concepcion,2021-04-30,Ripening,0.0,0.08,0.1
III,Tarlac,Concepcion,2021-05-01,Ripening,0.0,0.16,0.04
III,Tarlac,Concepcion,2021-05-02,Ripening,0.0,0.06,0.13
III,Tarlac,Concepcion,2021-05-03,Ripening,0.0,0.09,0.01
III,Tarlac,Concepcion,2021-05-04,Ripening,0.0,0.06,0.19
III,Tarlac,Concepcion,2021-05-05,Ripening,0.0,0.16,0.1
III,Tarlac,Concepcion,2021-05-06,Ripening,0.0,0.15,0.13
III,Tarlac,Concepcion,2021-05-07,Ripening,0.0,0.0,0.1
III,Tarlac,Concepcion,2021-05-08,Ripening,0.0,0.12,0.1
III,Tarlac,Concepcion,2021-05-09,Seedling,0.0,0.01,0.07
III,Tarlac,Concepcion,2021-05-10,Seedling,0.0,0.01,0.14
III,Tarlac,Concepcion,2021-05-11,Seedling,0.0,0.13,0.11
III,Tarlac,Concepcion,2021-05-12,Seedling,0.0,0.16,0.25
III,Tarlac,Concepcion,2021-05-13,Seedling,0.0,0.11,0.0
III,Tarlac,Concepcion,2021-05-14,Seedling,0.0,0.18,0.24
III,Tarlac,Concepcion,2021-05-15,Seedling,0.0,0.0,0.14
III,Tarlac,Concepcion,2021-05-16,Seedling,0.0,0.12,0.08
III,Tarlac,Concepcion,2021-05-17,Seedling,0.0,0.1,0.12
III,Tarlac,Concepcion,2021-05-18,Seedling,0.0,0.19,0.18
III,Tarlac,Concepcion,2021-05-19,Seedling,0.0,0.03,0.17
III,Tarlac,Concepcion,2021-05-20,Seedling,0.0,0.03,0.09
III,Tarlac,Concepcion,2021-05-21,Seedling,0.0,0.1,0.15
III,Tarlac,Concepcion,2021-05-22,Seedling,0.0,0.2,0.05
III,Tarlac,Concepcion,2021-05-23,Seedling,0.0,0.01,0.02
III,Tarlac,Concepcion,2021-05-24,Seedling,0.0,0.03,0.09
III,Tarlac,Concepcion,2021-05-25,Seedling,0.0,0.08,0.14
III,Tarlac,Concepcion,2021-05-26,Seedling,0.0,0.17,0.02
III,Tarlac,Concepcion,2021-05-27,Seedling,0.0,0.07,0.05
III,Tarlac,Concepcion,2021-05-28,Seedling,0.0,0.03,0.03
III,Tarlac,Concepcion,2021-05-29,Seedling,0.0,0.14,0.33
III,Tarlac,Concepcion,2021-05-30,Seedling,0.0,0.02,0.1
III,Tarlac,Concepcion,2021-05-31,Seedling,0.0,0.18,0.17
III,Tarlac,Concepcion,2021-06-01,Seedling,0.0,0.21,0.08
III,Tarlac,Concepcion,2021-06-02,Seedling,0.0,0.03,0.04
III,Tarlac,Concepcion,2021-06-03,Seedling,0.0,0.03,0.17
III,Tarlac,Concepcion,2021-06-04,Seedling,0.0,0.06,0.04
III,Tarlac,Concepcion,2021-06-05,Seedling,0.0,0.09,0.14
III,Tarlac,Concepcion,2021-06-06,Seedling,0.0,0.1,0.15
III,Tarlac,Concepcion,2021-06-07,Seedling,0.0,0.0,0.11
III,Tarlac,Concepcion,2021-06-08,Seedling,0.0,0.06,0.12
III,Tarlac,Concepcion,2021-06-09,Seedling,0.0,0.04,0.06
III,Tarlac,Concepcion,2021-06-10,Seedling,0.0,0.08,0.09
III,Tarlac,Concepcion,2021-06-11,Seedling,17.0,0.08,0.13
III,Tarlac,Concepcion,2021-06-12,Seedling,25.0,0.0,0.0
III,Tarlac,Concepcion,2021-06-13,Seedling,21.0,0.78,0.12
III,Tarlac,Concepcion,2021-06-14,Seedling,23.0,0.88,0.07
III,Tarlac,Concepcion,2021-06-15,Seedling,23.0,0.6,0.0
III,Tarlac,Concepcion,2021-06-16,Seedling,15.0,1.27,0.03
III,Tarlac,Concepcion,2021-06-17,Seedling,17.0,1.81,0.06
III,Tarlac,Concepcion,2021-06-18,Seedling,20.0,1.59,0.09
III,Tarlac,Concepcion,2021-06-19,Seedling,10.0,3.31,0.12
III,Tarlac,Concepcion,2021-06-20,Seedling,11.0,2.91,0.12
III,Tarlac,Concepcion,2021-06-21,Seedling,12.0,3.47,0.1
III,Tarlac,Concepcion,2021-06-22,Seedling,11.0,2.6,0.19
III,Tarlac,Concepcion,2021-06-23,Seedling,7.0,1.72,0.03
III,Tarlac,Concepcion,2021-06-24,Seedling,8.0,0.37,0.0
III,Tarlac,Concepcion,2021-06-25,Seedling,,0.65,0.08
III,Tarlac,Concepcion,2021-06-26,Tillering,,0.26,0.0
III,Tarlac,Concepcion,2021-06-27,Tillering,,0.76,0.0
III,Tarlac,Concepcion,2021-06-28,Tillering,,0.8,0.0
III,Tarlac,Concepcion,2021-06-29,Tillering,,0.0,0.21
III,Tarlac,Concepcion,2021-06-30,Tillering,16.0,0.25,0.0
III,Tarlac,Concepcion,2021-07-01,Tillering,33.0,0.67,0.0
III,Tarlac,Concepcion,2021-07-02,Tillering,24.0,0.36,0.24
III,Tarlac,Concepcion,2021-07-03,Tillering,21.0,0.21,0.0
III,Tarlac,Concepcion,2021-07-04,Tillering,35.0,0.06,0.11
III,Tarlac,Concepcion,2021-07-05,Tillering,19.0,0.95,0.08
III,Tarlac,Concepcion,2021-07-06,Tillering,32.0,0.88,0.03
III,Tarlac,Concepcion,2021-07-07,Tillering,23.0,1.29,0.1
III,Tarlac,Concepcion,2021-07-08,Tillering,31.0,1.9,0.12
III,Tarlac,Concepcion,2021-07-09,Tillering,34.0,2.68,0.09
III,Tarlac,Concepcion,2021-07-10,Tillering,26.0,3.47,0.03
III,Tarlac,Concepcion,2021-07-11,Tillering,27.0,3.66,0.01
III,Tarlac,Concepcion,2021-07-12,Tillering,19.0,4.62,0.02
III,Tarlac,Concepcion,2021-07-13,Tillering,13.0,3.88,0.08
III,Tarlac,Concepcion,2021-07-14,Tillering,14.0,3.91,0.0
III,Tarlac,Concepcion,2021-07-15,Tillering,9.0,3.78,0.09
III,Tarlac,Concepcion,2021-07-16,Tillering,6.0,4.79,0.11
III,Tarlac,Concepcion,2021-07-17,Tillering,18.0,2.95,0.0
III,Tarlac,Concepcion,2021-07-18,Tillering,17.0,3.8,0.06
III,Tarlac,Concepcion,2021-07-19,Tillering,15.0,3.79,0.07
III,Tarlac,Concepcion,2021-07-20,Elongation,19.0,4.66,0.01
III,Tarlac,Concepcion,2021-07-21,Elongation,24.0,4.32,0.17
III,Tarlac,Concepcion,2021-07-22,Elongation,25.0,4.71,0.07
III,Tarlac,Concepcion,2021-07-23,Elongation,31.0,3.92,0.0
III,Tarlac,Concepcion,2021-07-24,Elongation,35.0,4.64,0.07
III,Tarlac,Concepcion,2021-07-25,Elongation,31.0,3.07,0.04
III,Tarlac,Concepcion,2021-07-26,Elongation,34.0,2.93,0.09
III,Tarlac,Concepcion,2021-07-27,Elongation,18.0,3.95,0.09
III,Tarlac,Concepcion,2021-07-28,Elongation,23.0,4.54,0.0
III,Tarlac,Concepcion,2021-07-29,Elongation,29.0,,0.13
III,Tarlac,Concepcion,2021-07-30,Elongation,26.0,,0.15
III,Tarlac,Concepcion,2021-07-31,Elongation,21.0,4.35,0.07
III,Tarlac,Concepcion,2021-08-01,Elongation,22.0,5.2,0.02
III,Tarlac,Concepcion,2021-08-02,Elongation,10.0,4.89,0.08
III,Tarlac,Concepcion,2021-08-03,Elongation,11.0,4.45,0.07
III,Tarlac,Concepcion,2021-08-04,Elongation,16.0,3.73,0.07
III,Tarlac,Concepcion,2021-08-05,Elongation,17.0,2.86,0.01
III,Tarlac,Concepcion,2021-08-06,Elongation,5.0,3.45,0.23
III,Tarlac,Concepcion,2021-08-07,Elongation,5.0,2.38,0.24
III,Tarlac,Concepcion,2021-08-08,Panicle,3.0,0.08,3.55
III,Tarlac,Concepcion,2021-08-09,Panicle,6.0,0.09,2.62
III,Tarlac,Concepcion,2021-08-10,Panicle,8.0,0.13,2.75
III,Tarlac,Concepcion,2021-08-11,Panicle,9.0,0.0,1.89
III,Tarlac,Concepcion,2021-08-12,Panicle,14.0,0.2,1.97
III,Tarlac,Concepcion,2021-08-13,Panicle,5.0,0.07,3.55
III,Tarlac,Concepcion,2021-08-14,Panicle,6.0,0.1,1.98
III,Tarlac,Concepcion,2021-08-15,Panicle,7.0,0.0,0.03
III,Tarlac,Concepcion,2021-08-16,Panicle,6.0,0.2,0.17
III,Tarlac,Concepcion,2021-08-17,Panicle,2.0,0.14,0.98
III,Tarlac,Concepcion,2021-08-18,Panicle,2.0,0.04,1.26
III,Tarlac,Concepcion,2021-08-19,Panicle,0.0,0.09,0.57
III,Tarlac,Concepcion,2021-08-20,Panicle,0.0,0.09,1.22
III,Tarlac,Concepcion,2021-08-21,Panicle,1.0,0.03,2.0
III,Tarlac,Concepcion,2021-08-22,Panicle,1.0,0.12,0.92
III,Tarlac,Concepcion,2021-08-23,Flowering,0.0,0.14,1.12
III,Tarlac,Concepcion,2021-08-24,Flowering,1.0,0.0,1.79
III,Tarlac,Concepcion,2021-08-25,Flowering,1.0,0.18,0.98
III,Tarlac,Concepcion,2021-08-26,Flowering,1.0,0.22,1.19
III,Tarlac,Concepcion,2021-08-27,Flowering,4.0,0.18,0.67
III,Tarlac,Concepcion,2021-08-28,Flowering,0.0,0.09,0.32
III,Tarlac,Concepcion,2021-08-29,Flowering,1.0,0.02,0.85
III,Tarlac,Concepcion,2021-08-30,Flowering,2.0,0.08,0.85
III,Tarlac,Concepcion,2021-08-31,Flowering,1.0,0.14,0.24
III,Tarlac,Concepcion,2021-09-01,Flowering,5.0,0.09,0.94
III,Tarlac,Concepcion,2021-09-02,Flowering,0.0,0.0,1.81
III,Tarlac,Concepcion,2021-09-03,Flowering,1.0,0.07,0.81
III,Tarlac,Concepcion,2021-09-04,Flowering,2.0,0.22,1.26
III,Tarlac,Concepcion,2021-09-05,Flowering,1.0,0.04,2.89
III,Tarlac,Concepcion,2021-09-06,Ripening,1.0,0.09,2.95
III,Tarlac,Concepcion,2021-09-07,Ripening,1.0,0.0,3.09
III,Tarlac,Concepcion,2021-09-08,Ripening,1.0,0.29,3.85
III,Tarlac,Concepcion,2021-09-09,Ripening,1.0,0.0,5.33
III,Tarlac,Concepcion,2021-09-10,Ripening,0.0,0.02,6.0
III,Tarlac,Concepcion,2021-09-11,Ripening,1.0,0.03,5.94
III,Tarlac,Concepcion,2021-09-12,Ripening,3.0,0.11,6.43
III,Tarlac,Concepcion,2021-09-13,Ripening,1.0,0.09,5.92
III,Tarlac,Concepcion,2021-09-14,Ripening,0.0,0.13,4.9
III,Tarlac,Concepcion,2021-09-15,Ripening,1.0,0.14,4.6
III,Tarlac,Concepcion,2021-09-16,Ripening,1.0,0.0,5.51
III,Tarlac,Concepcion,2021-09-17,Ripening,0.0,0.09,3.73
III,Tarlac,Concepcion,2021-09-18,Ripening,3.0,0.04,3.95
III,Tarlac,Concepcion,2021-09-19,Ripening,1.0,0.01,5.04
III,Tarlac,Concepcion,2021-09-20,Ripening,2.0,0.01,4.18
III,Tarlac,Concepcion,2021-09-21,Ripening,0.0,0.16,3.28
III,Tarlac,Concepcion,2021-09-22,Ripening,0.0,0.06,2.21
III,Tarlac,Concepcion,2021-09-23,Ripening,1.0,0.12,0.86
III,Tarlac,Concepcion,2021-09-24,Ripening,3.0,0.13,1.12
III,Tarlac,Concepcion,2021-09-25,Ripening,4.0,0.01,0.61
III,Tarlac,Concepcion,2021-09-26,Ripening,3.0,0.02,0.87
III,Tarlac,Concepcion,2021-09-27,Ripening,7.0,0.09,0.0
III,Tarlac,Concepcion,2021-09-28,Ripening,8.0,0.02,0.71
III,Tarlac,Concepcion,2021-09-29,Ripening,8.0,0.12,0.49
III,Tarlac,Concepcion,2021-09-30,Ripening,0.0,0.12,0.0
III,Tarlac,Concepcion,2021-10-01,Ripening,0.0,0.09,0.13
III,Tarlac,Concepcion,2021-10-02,Ripening,0.0,0.06,0.02
III,Tarlac,Concepcion,2021-10-03,Ripening,0.0,0.05,0.1
III,Tarlac,Concepcion,2021-10-04,Ripening,0.0,0.13,0.14
III,Tarlac,Concepcion,2021-10-05,Ripening,0.0,0.11,0.0
III,Tarlac,Concepcion,2021-10-06,Ripening,0.0,0.18,0.0
III,Tarlac,Concepcion,2021-10-07,Ripening,0.0,0.06,0.18
III,Tarlac,Concepcion,2021-10-08,Ripening,0.0,0.09,0.05
III,Tarlac,Concepcion,2021-10-09,Ripening,0.0,0.0,0.0
III,Tarlac,Concepcion,2021-10-10,Ripening,0.0,0.0,0.09
III,Tarlac,Concepcion,2021-10-11,Ripening,1.0,0.01,0.04
III,Tarlac,Concepcion,2021-10-12,Ripening,0.0,0.08,0.0
III,Tarlac,Concepcion,2021-10-13,Ripening,1.0,0.03,0.19
III,Tarlac,Concepcion,2021-10-14,Ripening,0.0,0.03,0.0
III,Tarlac,Concepcion,2021-10-15,Ripening,1.0,0.0,0.17
III,Tarlac,Concepcion,2021-10-16,Ripening,0.0,,0.2
III,Tarlac,Concepcion,2021-10-17,Ripening,1.0,,0.14
III,Tarlac,Concepcion,2021-10-18,Ripening,0.0,,0.08
III,Tarlac,Concepcion,2021-10-19,Ripening,0.0,,0.02
III,Tarlac,Concepcion,2021-10-20,Ripening,0.0,0.08,0.03
III,Tarlac,Concepcion,2021-10-21,Ripening,0.0,0.0,0.06
III,Tarlac,Concepcion,2021-10-22,Ripening,0.0,0.0,0.24
III,Tarlac,Concepcion,2021-10-23,Ripening,0.0,0.08,0.08
III,Tarlac,Concepcion,2021-10-24,Ripening,0.0,0.18,0.14
III,Tarlac,Concepcion,2021-10-25,Ripening,0.0,0.11,0.03
III,Tarlac,Concepcion,2021-10-26,Ripening,0.0,0.03,0.08
III,Tarlac,Concepcion,2021-10-27,Ripening,0.0,0.2,0.03
III,Tarlac,Concepcion,2021-10-28,Ripening,0.0,0.15,0.09
III,Tarlac,Concepcion,2021-10-29,Ripening,0.0,0.23,0.0
III,Tarlac,Concepcion,2021-10-30,Ripening,0.0,0.11,0.03
III,Tarlac,Concepcion,2021-10-31,Ripening,0.0,0.1,0.15
III,Tarlac,Concepcion,2021-11-01,Ripening,0.0,0.14,0.06
III,Tarlac,Concepcion,2021-11-02,Seedling,0.0,0.21,0.03
III,Tarlac,Concepcion,2021-11-03,Seedling,0.0,0.0,0.11
III,Tarlac,Concepcion,2021-11-04,Seedling,0.0,0.09,0.21
III,Tarlac,Concepcion,2021-11-05,Seedling,0.0,0.05,0.0
III,Tarlac,Concepcion,2021-11-06,Seedling,0.0,0.0,0.11
III,Tarlac,Concepcion,2021-11-07,Seedling,0.0,0.0,0.0
III,Tarlac,Concepcion,2021-11-08,Seedling,0.0,0.14,0.03
III,Tarlac,Concepcion,2021-11-09,Seedling,0.0,0.08,0.0
III,Tarlac,Concepcion,2021-11-10,Seedling,0.0,0.13,0.01
III,Tarlac,Concepcion,2021-11-11,Seedling,0.0,0.0,0.0
III,Tarlac,Concepcion,2021-11-12,Seedling,1.0,0.0,0.0
III,Tarlac,Concepcion,2021-11-13,Seedling,0.0,0.07,0.18
III,Tarlac,Concepcion,2021-11-14,Seedling,1.0,0.1,0.09
III,Tarlac,Concepcion,2021-11-15,Seedling,0.0,0.29,0.04
III,Tarlac,Concepcion,2021-11-16,Seedling,0.0,0.0,0.01
III,Tarlac,Concepcion,2021-11-17,Seedling,0.0,0.03,0.09
III,Tarlac,Concepcion,2021-11-18,Seedling,0.0,0.16,0.14
III,Tarlac,Concepcion,2021-11-19,Seedling,0.0,0.07,0.0
III,Tarlac,Concepcion,2021-11-20,Seedling,0.0,0.03,0.13
III,Tarlac,Concepcion,2021-11-21,Seedling,0.0,0.05,0.05
III,Tarlac,Concepcion,2021-11-22,Seedling,1.0,0.02,0.0
III,Tarlac,Concepcion,2021-11-23,Seedling,0.0,0.0,0.12
III,Tarlac,Concepcion,2021-11-24,Seedling,0.0,0.0,0.09
III,Tarlac,Concepcion,2021-11-25,Seedling,0.0,0.16,0.13
III,Tarlac,Concepcion,2021-11-26,Seedling,0.0,0.09,0.03
III,Tarlac,Concepcion,2021-11-27,Seedling,0.0,0.16,0.19
III,Tarlac,Concepcion,2021-11-28,Seedling,0.0,0.07,0.08
III,Tarlac,Concepcion,2021-11-29,Seedling,0.0,0.0,0.02
III,Tarlac,Concepcion,2021-11-30,Seedling,0.0,0.13,0.06
III,Tarlac,Concepcion,2021-12-01,Seedling,1.0,0.07,0.29
III,Tarlac,Concepcion,2021-12-02,Seedling,0.0,0.03,0.17
III,Tarlac,Concepcion,2021-12-03,Seedling,0.0,0.16,0.1
III,Tarlac,Concepcion,2021-12-04,Seedling,0.0,0.1,0.05
III,Tarlac,Concepcion,2021-12-05,Seedling,0.0,2.17,0.0
III,Tarlac,Concepcion,2021-12-06,Seedling,1.0,2.46,0.04
III,Tarlac,Concepcion,2021-12-07,Seedling,0.0,2.43,0.17
III,Tarlac,Concepcion,2021-12-08,Seedling,2.0,3.37,0.11
III,Tarlac,Concepcion,2021-12-09,Seedling,0.0,1.66,
III,Tarlac,Concepcion,2021-12-10,Seedling,1.0,2.4,
III,Tarlac,Concepcion,2021-12-11,Seedling,0.0,1.12,0.12
III,Tarlac,Concepcion,2021-12-12,Seedling,0.0,1.12,0.07
III,Tarlac,Concepcion,2021-12-13,Seedling,1.0,1.42,0.09
III,Tarlac,Concepcion,2021-12-14,Seedling,0.0,1.7,0.18
III,Tarlac,Concepcion,2021-12-15,Seedling,0.0,1.07,0.07
III,Tarlac,Concepcion,2021-12-16,Seedling,0.0,0.79,0.0
III,Tarlac,Concepcion,2021-12-17,Seedling,1.0,0.39,0.01
III,Tarlac,Concepcion,2021-12-18,Seedling,1.0,0.0,0.0
III,Tarlac,Concepcion,2021-12-19,Seedling,0.0,0.92,0.07
III,Tarlac,Concepcion,2021-12-20,Seedling,0.0,0.33,0.08
III,Tarlac,Concepcion,2021-12-21,Tillering,2.0,0.0,0.07
III,Tarlac,Concepcion,2021-12-22,Tillering,1.0,0.0,0.08
III,Tarlac,Concepcion,2021-12-23,Tillering,0.0,0.6,0.0
III,Tarlac,Concepcion,2021-12-24,Tillering,1.0,0.74,0.07
III,Tarlac,Concepcion,2021-12-25,Tillering,0.0,0.6,0.0
III,Tarlac,Concepcion,2021-12-26,Tillering,3.0,0.23,0.12
III,Tarlac,Concepcion,2021-12-27,Tillering,3.0,0.81,0.06
III,Tarlac,Concepcion,2021-12-28,Tillering,4.0,0.57,0.0
III,Tarlac,Concepcion,2021-12-29,Tillering,2.0,0.37,0.08
III,Tarlac,Concepcion,2021-12-30,Tillering,2.0,0.47,0.06
III,Tarlac,Concepcion,2021-12-31,Tillering,2.0,0.0,0.04
III,Tarlac,Concepcion,2022-01-01,Tillering,3.0,0.0,0.15
III,Tarlac,Concepcion,2022-01-02,Tillering,1.0,0.71,0.1
III,Tarlac,Concepcion,2022-01-03,Tillering,1.0,0.31,0.14
III,Tarlac,Concepcion,2022-01-04,Tillering,1.0,0.0,0.07
III,Tarlac,Concepcion,2022-01-05,Tillering,2.0,0.02,0.16
III,Tarlac,Concepcion,2022-01-06,Tillering,3.0,0.52,0.01
III,Tarlac,Concepcion,2022-01-07,Tillering,0.0,0.0,0.14
III,Tarlac,Concepcion,2022-01-08,Tillering,0.0,0.96,0.0
III,Tarlac,Concepcion,2022-01-09,Tillering,2.0,1.09,0.1
III,Tarlac,Concepcion,2022-01-10,Tillering,3.0,0.14,0.16
III,Tarlac,Concepcion,2022-01-11,Tillering,2.0,0.0,0.0
III,Tarlac,Concepcion,2022-01-12,Tillering,3.0,0.45,0.05
III,Tarlac,Concepcion,2022-01-13,Tillering,3.0,0.33,0.0
III,Tarlac,Concepcion,2022-01-14,Tillering,1.0,1.25,0.0
III,Tarlac,Concepcion,2022-01-15,Elongation,3.0,0.15,0.0
III,Tarlac,Concepcion,2022-01-16,Elongation,2.0,0.65,0.11
III,Tarlac,Concepcion,2022-01-17,Elongation,3.0,0.69,0.21
III,Tarlac,Concepcion,2022-01-18,Elongation,1.0,0.34,0.07
III,Tarlac,Concepcion,2022-01-19,Elongation,1.0,1.47,0.07
III,Tarlac,Concepcion,2022-01-20,Elongation,0.0,2.11,0.0
III,Tarlac,Concepcion,2022-01-21,Elongation,1.0,0.0,0.03
III,Tarlac,Concepcion,2022-01-22,Elongation,2.0,1.15,0.09
III,Tarlac,Concepcion,2022-01-23,Elongation,1.0,0.8,0.06
III,Tarlac,Concepcion,2022-01-24,Elongation,0.0,0.91,0.15
III,Tarlac,Concepcion,2022-01-25,Elongation,3.0,0.57,0.02
III,Tarlac,Concepcion,2022-01-26,Elongation,2.0,0.36,0.0
III,Tarlac,Concepcion,2022-01-27,Elongation,5.0,0.37,0.07
III,Tarlac,Concepcion,2022-01-28,Elongation,2.0,0.52,0.0
III,Tarlac,Concepcion,2022-01-29,Elongation,3.0,0.01,0.09
III,Tarlac,Concepcion,2022-01-30,Elongation,2.0,0.29,0.02
III,Tarlac,Concepcion,2022-01-31,Elongation,2.0,0.69,0.16
III,Tarlac,Concepcion,2022-02-01,Elongation,5.0,0.12,0.13
III,Tarlac,Concepcion,2022-02-02,Elongation,4.0,0.99,0.12
III,Tarlac,Concepcion,2022-02-03,Elongation,3.0,0.15,0.12
III,Tarlac,Concepcion,2022-02-04,Panicle,4.0,0.08,1.66
III,Tarlac,Concepcion,2022-02-05,Panicle,11.0,0.08,1.07
III,Tarlac,Concepcion,2022-02-06,Panicle,9.0,0.02,0.42
III,Tarlac,Concepcion,2022-02-07,Panicle,14.0,0.14,3.27
III,Tarlac,Concepcion,2022-02-08,Panicle,13.0,0.08,0.05
III,Tarlac,Concepcion,2022-02-09,Panicle,16.0,0.1,1.81
III,Tarlac,Concepcion,2022-02-10,Panicle,13.0,0.2,1.17
III,Tarlac,Concepcion,2022-02-11,Panicle,13.0,0.16,0.03
III,Tarlac,Concepcion,2022-02-12,Panicle,9.0,0.0,0.74
III,Tarlac,Concepcion,2022-02-13,Panicle,22.0,0.12,1.43
III,Tarlac,Concepcion,2022-02-14,Panicle,21.0,0.08,4.66
III,Tarlac,Concepcion,2022-02-15,Panicle,10.0,0.09,4.52
III,Tarlac,Concepcion,2022-02-16,Panicle,8.0,0.01,5.26
III,Tarlac,Concepcion,2022-02-17,Panicle,6.0,0.0,5.85
III,Tarlac,Concepcion,2022-02-18,Panicle,3.0,0.17,5.0
III,Tarlac,Concepcion,2022-02-19,Panicle,7.0,0.11,5.48
III,Tarlac,Concepcion,2022-02-20,Flowering,1.0,0.03,2.1
III,Tarlac,Concepcion,2022-02-21,Flowering,1.0,0.16,4.9
III,Tarlac,Concepcion,2022-02-22,Flowering,1.0,0.12,5.82
III,Tarlac,Concepcion,2022-02-23,Flowering,2.0,0.0,5.09
III,Tarlac,Concepcion,2022-02-24,Flowering,0.0,0.19,3.86
III,Tarlac,Concepcion,2022-02-25,Flowering,1.0,0.17,3.78
III,Tarlac,Concepcion,2022-02-26,Flowering,1.0,0.03,3.54
III,Tarlac,Concepcion,2022-02-27,Flowering,2.0,0.11,2.56
III,Tarlac,Concepcion,2022-02-28,Flowering,1.0,0.02,3.44
III,Tarlac,Concepcion,2022-03-01,Flowering,1.0,0.26,0.6
III,Tarlac,Concepcion,2022-03-02,Flowering,2.0,0.15,1.36
III,Tarlac,Concepcion,2022-03-03,Flowering,0.0,0.08,1.49
III,Tarlac,Concepcion,2022-03-04,Flowering,1.0,0.07,0.13
III,Tarlac,Concepcion,2022-03-05,Flowering,0.0,0.18,1.76
III,Tarlac,Concepcion,2022-03-06,Flowering,0.0,0.1,0.49
III,Tarlac,Concepcion,2022-03-07,Ripening,0.0,0.0,0.99
III,Tarlac,Concepcion,2022-03-08,Ripening,2.0,0.11,0.7
III,Tarlac,Concepcion,2022-03-09,Ripening,0.0,0.04,1.02
III,Tarlac,Concepcion,2022-03-10,Ripening,1.0,0.13,0.0
III,Tarlac,Concepcion,2022-03-11,Ripening,0.0,0.02,1.45
III,Tarlac,Concepcion,2022-03-12,Ripening,1.0,0.09,0.0
III,Tarlac,Concepcion,2022-03-13,Ripening,0.0,0.23,0.0
III,Tarlac,Concepcion,2022-03-14,Ripening,1.0,0.14,1.46
III,Tarlac,Concepcion,2022-03-15,Ripening,0.0,0.02,0.0
III,Tarlac,Concepcion,2022-03-16,Ripening,0.0,0.02,0.98
III,Tarlac,Concepcion,2022-03-17,Ripening,1.0,0.07,0.59
III,Tarlac,Concepcion,2022-03-18,Ripening,0.0,0.17,0.0
III,Tarlac,Concepcion,2022-03-19,Ripening,0.0,0.21,0.38
III,Tarlac,Concepcion,2022-03-20,Ripening,1.0,0.2,0.0
III,Tarlac,Concepcion,2022-03-21,Ripening,1.0,0.0,0.0
III,Tarlac,Concepcion,2022-03-22,Ripening,0.0,0.12,0.0
III,Tarlac,Concepcion,2022-03-23,Ripening,0.0,0.0,1.22
III,Tarlac,Concepcion,2022-03-24,Ripening,1.0,0.14,0.0
III,Tarlac,Concepcion,2022-03-25,Ripening,0.0,0.02,1.04
III,Tarlac,Concepcion,2022-03-26,Ripening,0.0,0.18,0.39
III,Tarlac,Concepcion,2022-03-27,Ripening,2.0,0.0,0.58
III,Tarlac,Concepcion,2022-03-28,Ripening,0.0,0.02,0.0
III,Tarlac,Concepcion,2022-03-29,Ripening,0.0,0.12,2.87
III,Tarlac,Concepcion,2022-03-30,Ripening,2.0,0.13,1.06
III,Tarlac,Concepcion,2022-03-31,Ripening,0.0,0.01,0.75
III,Tarlac,Concepcion,2022-04-01,Ripening,0.0,0.14,0.08
III,Tarlac,Concepcion,2022-04-02,Ripening,0.0,0.04,0.04
III,Tarlac,Concepcion,2022-04-03,Ripening,0.0,0.05,0.07
III,Tarlac,Concepcion,2022-04-04,Ripening,0.0,0.13,0.19
III,Tarlac,Concepcion,2022-04-05,Ripening,0.0,0.34,0.14
III,Tarlac,Concepcion,2022-04-06,Ripening,0.0,0.11,0.05
III,Tarlac,Concepcion,2022-04-07,Ripening,0.0,0.06,0.08
III,Tarlac,Concepcion,2022-04-08,Ripening,0.0,0.0,0.25
III,Tarlac,Concepcion,2022-04-09,Ripening,0.0,0.13,0.11
III,Tarlac,Concepcion,2022-04-10,Ripening,1.0,0.0,0.27
III,Tarlac,Concepcion,2022-04-11,Ripening,0.0,0.01,0.0
III,Tarlac,Concepcion,2022-04-12,Ripening,0.0,0.14,0.0
III,Tarlac,Concepcion,2022-04-13,Ripening,0.0,0.06,0.21
III,Tarlac,Concepcion,2022-04-14,Ripening,0.0,0.1,0.01
III,Tarlac,Concepcion,2022-04-15,Ripening,0.0,0.0,0.17
III,Tarlac,Concepcion,2022-04-16,Ripening,0.0,0.0,0.03
III,Tarlac,Concepcion,2022-04-17,Ripening,0.0,0.1,0.08
III,Tarlac,Concepcion,2022-04-18,Ripening,0.0,0.0,0.06
III,Tarlac,Concepcion,2022-04-19,Ripening,0.0,0.04,0.17
III,Tarlac,Concepcion,2022-04-20,Ripening,0.0,0.05,0.15
III,Tarlac,Concepcion,2022-04-21,Ripening,0.0,0.15,0.02
III,Tarlac,Concepcion,2022-04-22,Ripening,0.0,0.11,0.16
III,Tarlac,Concepcion,2022-04-23,Ripening,0.0,,0.1
III,Tarlac,Concepcion,2022-04-24,Ripening,0.0,,0.07
III,Tarlac,Concepcion,2022-04-25,Ripening,1.0,,0.05
III,Tarlac,Concepcion,2022-04-26,Ripening,0.0,0.05,0.18
III,Tarlac,Concepcion,2022-04-27,Ripening,0.0,0.09,0.13
III,Tarlac,Concepcion,2022-04-28,Ripening,0.0,0.15,0.12
III,Tarlac,Concepcion,2022-04-29,Ripening,0.0,0.08,0.04
III,Tarlac,Concepcion,2022-04-30,Ripening,0.0,0.1,0.0
III,Tarlac,Concepcion,2022-05-01,Ripening,0.0,0.07,0.0
III,Tarlac,Concepcion,2022-05-02,Ripening,0.0,0.01,0.1
III,Tarlac,Concepcion,2022-05-03,Seedling,0.0,0.11,0.06
III,Tarlac,Concepcion,2022-05-04,Seedling,0.0,0.17,0.0
III,Tarlac,Concepcion,2022-05-05,Seedling,0.0,0.21,0.0
III,Tarlac,Concepcion,2022-05-06,Seedling,0.0,0.0,0.11
III,Tarlac,Concepcion,2022-05-07,Seedling,0.0,0.07,0.11
III,Tarlac,Concepcion,2022-05-08,Seedling,0.0,0.11,0.0
III,Tarlac,Concepcion,2022-05-09,Seedling,0.0,0.04,0.14
III,Tarlac,Concepcion,2022-05-10,Seedling,1.0,0.09,0.07
III,Tarlac,Concepcion,2022-05-11,Seedling,0.0,0.2,0.12
III,Tarlac,Concepcion,2022-05-12,Seedling,0.0,0.08,0.23
III,Tarlac,Concepcion,2022-05-13,Seedling,0.0,0.12,0.07
III,Tarlac,Concepcion,2022-05-14,Seedling,0.0,0.16,0.13
III,Tarlac,Concepcion,2022-05-15,Seedling,0.0,0.0,0.11
III,Tarlac,Concepcion,2022-05-16,Seedling,0.0,0.11,0.17
III,Tarlac,Concepcion,2022-05-17,Seedling,1.0,0.08,0.1
III,Tarlac,Concepcion,2022-05-18,Seedling,0.0,0.17,0.03
III,Tarlac,Concepcion,2022-05-19,Seedling,0.0,0.06,0.06
III,Tarlac,Concepcion,2022-05-20,Seedling,0.0,0.15,0.23
III,Tarlac,Concepcion,2022-05-21,Seedling,0.0,0.1,0.13
III,Tarlac,Concepcion,2022-05-22,Seedling,0.0,0.2,0.07
III,Tarlac,Concepcion,2022-05-23,Seedling,0.0,0.06,0.0
III,Tarlac,Concepcion,2022-05-24,Seedling,0.0,0.01,0.12
III,Tarlac,Concepcion,2022-05-25,Seedling,0.0,0.0,0.01
III,Tarlac,Concepcion,2022-05-26,Seedling,0.0,0.0,0.14
III,Tarlac,Concepcion,2022-05-27,Seedling,0.0,0.14,0.13
III,Tarlac,Concepcion,2022-05-28,Seedling,0.0,0.07,0.2
III,Tarlac,Concepcion,2022-05-29,Seedling,0.0,0.1,0.17
III,Tarlac,Concepcion,2022-05-30,Seedling,0.0,0.08,0.01
III,Tarlac,Concepcion,2022-05-31,Seedling,0.0,0.07,0.18
III,Tarlac,Concepcion,2022-06-01,Seedling,0.0,0.0,0.04
III,Tarlac,Concepcion,2022-06-02,Seedling,0.0,0.09,0.0
III,Tarlac,Concepcion,2022-06-03,Seedling,1.0,0.08,0.0
III,Tarlac,Concepcion,2022-06-04,Seedling,17.0,2.43,0.17
III,Tarlac,Concepcion,2022-06-05,Seedling,17.0,3.03,0.07
III,Tarlac,Concepcion,2022-06-06,Seedling,8.0,3.32,0.04
III,Tarlac,Concepcion,2022-06-07,Seedling,8.0,2.35,0.12
III,Tarlac,Concepcion,2022-06-08,Seedling,3.0,2.1,0.07
III,Tarlac,Concepcion,2022-06-09,Seedling,2.0,1.93,0.2
III,Tarlac,Concepcion,2022-06-10,Seedling,5.0,1.95,0.14
III,Tarlac,Concepcion,2022-06-11,Seedling,0.0,3.53,0.03
III,Tarlac,Concepcion,2022-06-12,Seedling,0.0,2.93,0.07
III,Tarlac,Concepcion,2022-06-13,Seedling,1.0,4.07,0.01
III,Tarlac,Concepcion,2022-06-14,Seedling,1.0,3.89,0.2
III,Tarlac,Concepcion,2022-06-15,Seedling,1.0,3.03,0.02
III,Tarlac,Concepcion,2022-06-16,Seedling,0.0,1.52,0.04
III,Tarlac,Concepcion,2022-06-17,Seedling,2.0,2.15,0.05
III,Tarlac,Concepcion,2022-06-18,Seedling,2.0,1.46,0.05
III,Tarlac,Concepcion,2022-06-19,Seedling,4.0,1.61,0.06
III,Tarlac,Concepcion,2022-06-20,Tillering,7.0,1.46,0.0
III,Tarlac,Concepcion,2022-06-21,Tillering,12.0,1.84,0.03
III,Tarlac,Concepcion,2022-06-22,Tillering,16.0,2.53,0.07
III,Tarlac,Concepcion,2022-06-23,Tillering,23.0,2.39,0.14
III,Tarlac,Concepcion,2022-06-24,Tillering,19.0,2.14,0.12
III,Tarlac,Concepcion,2022-06-25,Tillering,25.0,2.23,0.17
III,Tarlac,Concepcion,2022-06-26,Tillering,14.0,1.58,0.09
III,Tarlac,Concepcion,2022-06-27,Tillering,13.0,1.09,0.05
III,Tarlac,Concepcion,2022-06-28,Tillering,18.0,2.04,0.06
III,Tarlac,Concepcion,2022-06-29,Tillering,13.0,2.51,0.05
III,Tarlac,Concepcion,2022-06-30,Tillering,15.0,2.53,0.03
III,Tarlac,Concepcion,2022-07-01,Tillering,23.0,2.64,0.17
III,Tarlac,Concepcion,2022-07-02,Tillering,17.0,2.91,0.07
III,Tarlac,Concepcion,2022-07-03,Tillering,11.0,2.65,0.13
III,Tarlac,Concepcion,2022-07-04,Tillering,16.0,2.48,0.0
III,Tarlac,Concepcion,2022-07-05,Tillering,23.0,2.64,0.07
III,Tarlac,Concepcion,2022-07-06,Tillering,20.0,1.83,0.0
III,Tarlac,Concepcion,2022-07-07,Tillering,15.0,0.0,0.07
III,Tarlac,Concepcion,2022-07-08,Tillering,12.0,0.75,0.14
III,Tarlac,Concepcion,2022-07-09,Tillering,13.0,0.2,0.1
III,Tarlac,Concepcion,2022-07-10,Tillering,18.0,0.14,0.06
III,Tarlac,Concepcion,2022-07-11,Tillering,23.0,0.27,0.0
III,Tarlac,Concepcion,2022-07-12,Tillering,24.0,0.0,0.05
III,Tarlac,Concepcion,2022-07-13,Tillering,35.0,0.0,0.11
III,Tarlac,Concepcion,2022-07-14,Tillering,28.0,0.37,0.14
III,Tarlac,Concepcion,2022-07-15,Elongation,28.0,0.56,0.04
III,Tarlac,Concepcion,2022-07-16,Elongation,26.0,0.88,0.03
III,Tarlac,Concepcion,2022-07-17,Elongation,28.0,0.54,0.0
III,Tarlac,Concepcion,2022-07-18,Elongation,41.0,0.54,0.07
III,Tarlac,Concepcion,2022-07-19,Elongation,34.0,1.4,0.04
III,Tarlac,Concepcion,2022-07-20,Elongation,36.0,0.93,0.14
III,Tarlac,Concepcion,2022-07-21,Elongation,47.0,0.86,0.18
III,Tarlac,Concepcion,2022-07-22,Elongation,46.0,0.55,0.02
III,Tarlac,Concepcion,2022-07-23,Elongation,44.0,1.12,0.09
III,Tarlac,Concepcion,2022-07-24,Elongation,41.0,0.7,0.0
III,Tarlac,Concepcion,2022-07-25,Elongation,57.0,0.64,0.27
III,Tarlac,Concepcion,2022-07-26,Elongation,51.0,0.84,0.1
III,Tarlac,Concepcion,2022-07-27,Elongation,48.0,0.94,0.0
III,Tarlac,Concepcion,2022-07-28,Elongation,35.0,1.13,0.1
III,Tarlac,Concepcion,2022-07-29,Elongation,33.0,0.0,0.0
III,Tarlac,Concepcion,2022-07-30,Elongation,17.0,0.08,0.18
III,Tarlac,Concepcion,2022-07-31,Elongation,27.0,0.6,0.0
III,Tarlac,Concepcion,2022-08-01,Elongation,30.0,0.29,0.05
III,Tarlac,Concepcion,2022-08-02,Elongation,33.0,0.16,0.0
III,Tarlac,Concepcion,2022-08-03,Elongation,25.0,0.96,0.0
III,Tarlac,Concepcion,2022-08-04,Panicle,8.0,0.1,3.61
III,Tarlac,Concepcion,2022-08-05,Panicle,8.0,0.11,3.05
III,Tarlac,Concepcion,2022-08-06,Panicle,10.0,0.05,4.28
III,Tarlac,Concepcion,2022-08-07,Panicle,5.0,0.09,5.31
III,Tarlac,Concepcion,2022-08-08,Panicle,1.0,0.01,5.11
III,Tarlac,Concepcion,2022-08-09,Panicle,2.0,0.08,5.52
III,Tarlac,Concepcion,2022-08-10,Panicle,2.0,0.04,5.36
III,Tarlac,Concepcion,2022-08-11,Panicle,3.0,0.09,5.77
III,Tarlac,Concepcion,2022-08-12,Panicle,0.0,0.17,7.02
III,Tarlac,Concepcion,2022-08-13,Panicle,1.0,0.0,5.29
III,Tarlac,Concepcion,2022-08-14,Panicle,0.0,0.16,5.93
III,Tarlac,Concepcion,2022-08-15,Panicle,1.0,0.09,5.62
III,Tarlac,Concepcion,2022-08-16,Panicle,1.0,0.07,4.73
III,Tarlac,Concepcion,2022-08-17,Panicle,1.0,0.0,1.24
III,Tarlac,Concepcion,2022-08-18,Panicle,2.0,0.12,2.37
III,Tarlac,Concepcion,2022-08-19,Panicle,2.0,0.0,2.04
III,Tarlac,Concepcion,2022-08-20,Flowering,3.0,0.0,1.63
III,Tarlac,Concepcion,2022-08-21,Flowering,2.0,0.16,2.23
III,Tarlac,Concepcion,2022-08-22,Flowering,2.0,0.18,1.32
III,Tarlac,Concepcion,2022-08-23,Flowering,3.0,0.07,2.93
III,Tarlac,Concepcion,2022-08-24,Flowering,4.0,0.04,2.77
III,Tarlac,Concepcion,2022-08-25,Flowering,2.0,0.15,2.18
III,Tarlac,Concepcion,2022-08-26,Flowering,3.0,0.0,2.41
III,Tarlac,Concepcion,2022-08-27,Flowering,4.0,0.02,1.36
III,Tarlac,Concepcion,2022-08-28,Flowering,3.0,0.04,0.0
III,Tarlac,Concepcion,2022-08-29,Flowering,0.0,0.12,2.39
III,Tarlac,Concepcion,2022-08-30,Flowering,4.0,0.07,2.61
III,Tarlac,Concepcion,2022-08-31,Flowering,2.0,0.11,0.0
III,Tarlac,Concepcion,2022-09-01,Flowering,0.0,0.14,1.27
III,Tarlac,Concepcion,2022-09-02,Flowering,1.0,0.0,1.29
III,Tarlac,Concepcion,2022-09-03,Flowering,1.0,0.17,
III,Tarlac,Concepcion,2022-09-04,Ripening,1.0,0.13,
III,Tarlac,Concepcion,2022-09-05,Ripening,0.0,0.12,
III,Tarlac,Concepcion,2022-09-06,Ripening,0.0,0.06,
III,Tarlac,Concepcion,2022-09-07,Ripening,1.0,0.0,0.31
III,Tarlac,Concepcion,2022-09-08,Ripening,1.0,0.07,2.52
III,Tarlac,Concepcion,2022-09-09,Ripening,1.0,0.21,2.38
III,Tarlac,Concepcion,2022-09-10,Ripening,0.0,0.11,2.88
III,Tarlac,Concepcion,2022-09-11,Ripening,1.0,0.06,1.77
III,Tarlac,Concepcion,2022-09-12,Ripening,0.0,0.12,2.72
III,Tarlac,Concepcion,2022-09-13,Ripening,2.0,0.07,2.6
III,Tarlac,Concepcion,2022-09-14,Ripening,1.0,0.04,2.26
III,Tarlac,Concepcion,2022-09-15,Ripening,0.0,0.16,2.8
III,Tarlac,Concepcion,2022-09-16,Ripening,0.0,0.07,
III,Tarlac,Concepcion,2022-09-17,Ripening,1.0,0.12,
III,Tarlac,Concepcion,2022-09-18,Ripening,0.0,0.02,
III,Tarlac,Concepcion,2022-09-19,Ripening,0.0,0.1,
III,Tarlac,Concepcion,2022-09-20,Ripening,0.0,0.04,1.69
III,Tarlac,Concepcion,2022-09-21,Ripening,0.0,0.04,0.0
III,Tarlac,Concepcion,2022-09-22,Ripening,2.0,0.0,0.42
III,Tarlac,Concepcion,2022-09-23,Ripening,0.0,0.02,0.0
III,Tarlac,Concepcion,2022-09-24,Ripening,1.0,0.13,0.49
III,Tarlac,Concepcion,2022-09-25,Ripening,1.0,0.06,0.0
III,Tarlac,Concepcion,2022-09-26,Ripening,5.0,0.14,0.96
III,Tarlac,Concepcion,2022-09-27,Ripening,6.0,0.02,0.84
III,Tarlac,Concepcion,2022-09-28,Ripening,5.0,0.0,0.2
III,Tarlac,Concepcion,2022-09-29,Ripening,0.0,0.07,0.05
III,Tarlac,Concepcion,2022-09-30,Ripening,0.0,0.12,0.14
III,Tarlac,Concepcion,2022-10-01,Ripening,0.0,0.22,0.11
III,Tarlac,Concepcion,2022-10-02,Ripening,0.0,0.17,0.08
III,Tarlac,Concepcion,2022-10-03,Ripening,0.0,0.09,0.17
III,Tarlac,Concepcion,2022-10-04,Ripening,0.0,0.1,0.14
III,Tarlac,Concepcion,2022-10-05,Ripening,0.0,0.09,0.12
III,Tarlac,Concepcion,2022-10-06,Ripening,0.0,0.12,
III,Tarlac,Concepcion,2022-10-07,Ripening,0.0,0.11,
III,Tarlac,Concepcion,2022-10-08,Ripening,0.0,0.02,
III,Tarlac,Concepcion,2022-10-09,Ripening,0.0,0.08,0.0
III,Tarlac,Concepcion,2022-10-10,Ripening,0.0,0.05,0.19
III,Tarlac,Concepcion,2022-10-11,Ripening,0.0,0.2,0.17
III,Tarlac,Concepcion,2022-10-12,Ripening,0.0,0.2,0.12
III,Tarlac,Concepcion,2022-10-13,Ripening,0.0,0.16,0.0
III,Tarlac,Concepcion,2022-10-14,Ripening,0.0,0.02,0.0
III,Tarlac,Concepcion,2022-10-15,Ripening,0.0,0.14,0.11
III,Tarlac,Concepcion,2022-10-16,Ripening,0.0,0.19,0.0
III,Tarlac,Concepcion,2022-10-17,Ripening,0.0,0.06,0.05
III,Tarlac,Concepcion,2022-10-18,Ripening,0.0,0.18,0.0
III,Tarlac,Concepcion,2022-10-19,Ripening,0.0,0.21,0.07
III,Tarlac,Concepcion,2022-10-20,Ripening,0.0,0.19,0.06
III,Tarlac,Concepcion,2022-10-21,Ripening,0.0,0.05,0.22
III,Tarlac,Concepcion,2022-10-22,Ripening,0.0,0.03,0.03
III,Tarlac,Concepcion,2022-10-23,Ripening,0.0,0.14,0.0
III,Tarlac,Concepcion,2022-10-24,Ripening,1.0,0.04,0.12
III,Tarlac,Concepcion,2022-10-25,Ripening,0.0,0.1,0.01
III,Tarlac,Concepcion,2022-10-26,Ripening,0.0,0.16,0.09
III,Tarlac,Concepcion,2022-10-27,Ripening,0.0,0.23,0.17
III,Tarlac,Concepcion,2022-10-28,Ripening,0.0,0.08,0.2
III,Tarlac,Concepcion,2022-10-29,Ripening,1.0,0.06,0.01
III,Tarlac,Concepcion,2022-10-30,Ripening,1.0,0.02,0.03
III,Tarlac,Concepcion,2022-10-31,Ripening,0.0,0.0,0.06
III,Tarlac,Concepcion,2022-11-01,Seedling,0.0,0.09,0.08
III,Tarlac,Concepcion,2022-11-02,Seedling,0.0,0.25,0.13
III,Tarlac,Concepcion,2022-11-03,Seedling,0.0,0.07,0.13
III,Tarlac,Concepcion,2022-11-04,Seedling,0.0,0.05,0.12
III,Tarlac,Concepcion,2022-11-05,Seedling,0.0,0.03,0.08
III,Tarlac,Concepcion,2022-11-06,Seedling,0.0,0.15,0.06
III,Tarlac,Concepcion,2022-11-07,Seedling,0.0,0.06,0.18
III,Tarlac,Concepcion,2022-11-08,Seedling,0.0,0.06,0.0
III,Tarlac,Concepcion,2022-11-09,Seedling,0.0,0.07,0.14
III,Tarlac,Concepcion,2022-11-10,Seedling,0.0,0.06,0.11
III,Tarlac,Concepcion,2022-11-11,Seedling,0.0,0.02,0.13
III,Tarlac,Concepcion,2022-11-12,Seedling,0.0,0.2,0.13
III,Tarlac,Concepcion,2022-11-13,Seedling,0.0,0.09,0.11
III,Tarlac,Concepcion,2022-11-14,Seedling,1.0,0.0,0.04
III,Tarlac,Concepcion,2022-11-15,Seedling,0.0,0.1,0.07
III,Tarlac,Concepcion,2022-11-16,Seedling,0.0,0.12,0.1
III,Tarlac,Concepcion,2022-11-17,Seedling,0.0,0.16,0.1
III,Tarlac,Concepcion,2022-11-18,Seedling,0.0,0.05,0.05
III,Tarlac,Concepcion,2022-11-19,Seedling,0.0,0.14,0.0
III,Tarlac,Concepcion,2022-11-20,Seedling,0.0,0.0,0.0
III,Tarlac,Concepcion,2022-11-21,Seedling,0.0,0.0,0.2
III,Tarlac,Concepcion,2022-11-22,Seedling,0.0,0.12,0.11
III,Tarlac,Concepcion,2022-11-23,Seedling,0.0,0.13,0.07
III,Tarlac,Concepcion,2022-11-24,Seedling,0.0,0.02,0.0
III,Tarlac,Concepcion,2022-11-25,Seedling,0.0,0.18,0.0
III,Tarlac,Concepcion,2022-11-26,Seedling,1.0,0.0,0.0
III,Tarlac,Concepcion,2022-11-27,Seedling,0.0,0.13,0.13
III,Tarlac,Concepcion,2022-11-28,Seedling,0.0,0.0,0.1
III,Tarlac,Concepcion,2022-11-29,Seedling,1.0,0.05,0.16
III,Tarlac,Concepcion,2022-11-30,Seedling,0.0,0.02,0.0
III,Tarlac,Concepcion,2022-12-01,Seedling,0.0,0.05,0.15
III,Tarlac,Concepcion,2022-12-02,Seedling,0.0,0.19,0.04
III,Tarlac,Concepcion,2022-12-03,Seedling,0.0,0.01,0.26
III,Tarlac,Concepcion,2022-12-04,Seedling,0.0,0.01,0.14
III,Tarlac,Concepcion,2022-12-05,Seedling,4.0,1.34,0.09
III,Tarlac,Concepcion,2022-12-06,Seedling,3.0,1.41,0.09
III,Tarlac,Concepcion,2022-12-07,Seedling,5.0,1.44,0.0
III,Tarlac,Concepcion,2022-12-08,Seedling,0.0,0.2,0.0
III,Tarlac,Concepcion,2022-12-09,Seedling,2.0,0.42,0.18
III,Tarlac,Concepcion,2022-12-10,Seedling,5.0,0.0,0.0
III,Tarlac,Concepcion,2022-12-11,Seedling,0.0,0.55,0.02
III,Tarlac,Concepcion,2022-12-12,Seedling,2.0,1.31,0.13
III,Tarlac,Concepcion,2022-12-13,Seedling,0.0,0.05,0.03
III,Tarlac,Concepcion,2022-12-14,Seedling,0.0,0.0,0.2
III,Tarlac,Concepcion,2022-12-15,Seedling,1.0,0.16,0.08
III,Tarlac,Concepcion,2022-12-16,Seedling,0.0,0.94,0.04
III,Tarlac,Concepcion,2022-12-17,Seedling,1.0,0.0,0.16
III,Tarlac,Concepcion,2022-12-18,Seedling,1.0,0.19,0.08
III,Tarlac,Concepcion,2022-12-19,Seedling,1.0,0.55,0.1
III,Tarlac,Concepcion,2022-12-20,Seedling,1.0,0.97,0.02
III,Tarlac,Concepcion,2022-12-21,Tillering,4.0,0.05,0.0
III,Tarlac,Concepcion,2022-12-22,Tillering,0.0,0.77,0.01
III,Tarlac,Concepcion,2022-12-23,Tillering,2.0,0.91,0.01
III,Tarlac,Concepcion,2022-12-24,Tillering,1.0,0.76,0.0
III,Tarlac,Concepcion,2022-12-25,Tillering,0.0,0.55,0.19
III,Tarlac,Concepcion,2022-12-26,Tillering,2.0,0.0,0.14
III,Tarlac,Concepcion,2022-12-27,Tillering,0.0,0.0,0.0
III,Tarlac,Concepcion,2022-12-28,Tillering,3.0,0.35,0.05
III,Tarlac,Concepcion,2022-12-29,Tillering,4.0,0.18,0.14
III,Tarlac,Concepcion,2022-12-30,Tillering,1.0,0.81,0.15
III,Tarlac,Concepcion,2022-12-31,Tillering,0.0,0.47,0.04
III,Tarlac,Concepcion,2023-01-01,Tillering,3.0,0.32,0.17
III,Tarlac,Concepcion,2023-01-02,Tillering,1.0,0.0,0.05
III,Tarlac,Concepcion,2023-01-03,Tillering,1.0,1.23,0.01
III,Tarlac,Concepcion,2023-01-04,Tillering,3.0,0.04,0.0
III,Tarlac,Concepcion,2023-01-05,Tillering,3.0,0.16,0.12
III,Tarlac,Concepcion,2023-01-06,Tillering,1.0,0.23,0.0
III,Tarlac,Concepcion,2023-01-07,Tillering,3.0,1.41,0.06
III,Tarlac,Concepcion,2023-01-08,Tillering,2.0,0.77,0.04
III,Tarlac,Concepcion,2023-01-09,Tillering,2.0,0.85,0.22
III,Tarlac,Concepcion,2023-01-10,Tillering,2.0,0.22,
III,Tarlac,Concepcion,2023-01-11,Tillering,4.0,0.16,
III,Tarlac,Concepcion,2023-01-12,Tillering,3.0,0.3,
III,Tarlac,Concepcion,2023-01-13,Tillering,3.0,0.12,0.0
III,Tarlac,Concepcion,2023-01-14,Tillering,4.0,0.52,0.0
III,Tarlac,Concepcion,2023-01-15,Elongation,1.0,0.78,0.07
III,Tarlac,Concepcion,2023-01-16,Elongation,1.0,0.59,0.15
III,Tarlac,Concepcion,2023-01-17,Elongation,0.0,0.63,0.14
III,Tarlac,Concepcion,2023-01-18,Elongation,1.0,0.0,0.0
III,Tarlac,Concepcion,2023-01-19,Elongation,3.0,0.78,0.01
III,Tarlac,Concepcion,2023-01-20,Elongation,1.0,0.38,0.14
III,Tarlac,Concepcion,2023-01-21,Elongation,2.0,1.21,0.07
III,Tarlac,Concepcion,2023-01-22,Elongation,0.0,0.0,0.01
III,Tarlac,Concepcion,2023-01-23,Elongation,3.0,0.83,0.05
III,Tarlac,Concepcion,2023-01-24,Elongation,4.0,0.55,0.09
III,Tarlac,Concepcion,2023-01-25,Elongation,5.0,0.69,0.05
III,Tarlac,Concepcion,2023-01-26,Elongation,2.0,0.86,0.1
III,Tarlac,Concepcion,2023-01-27,Elongation,3.0,0.62,0.0
III,Tarlac,Concepcion,2023-01-28,Elongation,2.0,0.92,0.06
III,Tarlac,Concepcion,2023-01-29,Elongation,3.0,0.65,0.06
III,Tarlac,Concepcion,2023-01-30,Elongation,2.0,0.0,0.15
III,Tarlac,Concepcion,2023-01-31,Elongation,3.0,0.5,0.06
III,Tarlac,Concepcion,2023-02-01,Elongation,1.0,0.21,0.12
III,Tarlac,Concepcion,2023-02-02,Elongation,2.0,0.78,0.03
III,Tarlac,Concepcion,2023-02-03,Elongation,0.0,1.37,0.13
III,Tarlac,Concepcion,2023-02-04,Panicle,0.0,0.0,0.0
III,Tarlac,Concepcion,2023-02-05,Panicle,0.0,0.19,0.94
III,Tarlac,Concepcion,2023-02-06,Panicle,0.0,0.21,1.59
III,Tarlac,Concepcion,2023-02-07,Panicle,1.0,0.08,0.84
III,Tarlac,Concepcion,2023-02-08,Panicle,1.0,0.0,1.18
III,Tarlac,Concepcion,2023-02-09,Panicle,2.0,0.26,0.21
III,Tarlac,Concepcion,2023-02-10,Panicle,0.0,0.02,1.17
III,Tarlac,Concepcion,2023-02-11,Panicle,1.0,0.0,0.77
III,Tarlac,Concepcion,2023-02-12,Panicle,1.0,0.15,0.89
III,Tarlac,Concepcion,2023-02-13,Panicle,1.0,0.05,0.18
III,Tarlac,Concepcion,2023-02-14,Panicle,3.0,0.1,0.94
III,Tarlac,Concepcion,2023-02-15,Panicle,2.0,0.0,1.71
III,Tarlac,Concepcion,2023-02-16,Panicle,2.0,0.0,1.69
III,Tarlac,Concepcion,2023-02-17,Panicle,0.0,0.16,1.48
III,Tarlac,Concepcion,2023-02-18,Panicle,0.0,0.22,2.3
III,Tarlac,Concepcion,2023-02-19,Flowering,0.0,0.0,1.53
III,Tarlac,Concepcion,2023-02-20,Flowering,4.0,0.02,1.58
III,Tarlac,Concepcion,2023-02-21,Flowering,1.0,0.0,0.34
III,Tarlac,Concepcion,2023-02-22,Flowering,0.0,0.04,0.0
III,Tarlac,Concepcion,2023-02-23,Flowering,1.0,0.18,1.82
III,Tarlac,Concepcion,2023-02-24,Flowering,0.0,0.09,1.21
III,Tarlac,Concepcion,2023-02-25,Flowering,3.0,0.04,1.01
III,Tarlac,Concepcion,2023-02-26,Flowering,0.0,0.01,1.06
III,Tarlac,Concepcion,2023-02-27,Flowering,3.0,0.0,1.47
III,Tarlac,Concepcion,2023-02-28,Flowering,3.0,0.04,1.73
III,Tarlac,Concepcion,2023-03-01,Flowering,0.0,0.28,0.86
III,Tarlac,Concepcion,2023-03-02,Flowering,1.0,0.09,0.03
III,Tarlac,Concepcion,2023-03-03,Flowering,2.0,0.0,1.11
III,Tarlac,Concepcion,2023-03-04,Flowering,2.0,0.2,0.76
III,Tarlac,Concepcion,2023-03-05,Flowering,1.0,0.11,0.0
III,Tarlac,Concepcion,2023-03-06,Ripening,0.0,0.05,0.0
III,Tarlac,Concepcion,2023-03-07,Ripening,1.0,0.06,0.0
III,Tarlac,Concepcion,2023-03-08,Ripening,1.0,0.04,0.01
III,Tarlac,Concepcion,2023-03-09,Ripening,0.0,0.05,1.83
III,Tarlac,Concepcion,2023-03-10,Ripening,1.0,0.13,0.82
III,Tarlac,Concepcion,2023-03-11,Ripening,2.0,0.05,1.24
III,Tarlac,Concepcion,2023-03-12,Ripening,0.0,0.02,1.0
III,Tarlac,Concepcion,2023-03-13,Ripening,0.0,0.03,0.3
III,Tarlac,Concepcion,2023-03-14,Ripening,0.0,0.16,0.71
III,Tarlac,Concepcion,2023-03-15,Ripening,2.0,0.06,0.62
III,Tarlac,Concepcion,2023-03-16,Ripening,1.0,0.0,0.0
III,Tarlac,Concepcion,2023-03-17,Ripening,1.0,0.09,1.5
III,Tarlac,Concepcion,2023-03-18,Ripening,1.0,0.05,0.89
III,Tarlac,Concepcion,2023-03-19,Ripening,2.0,0.09,0.82
III,Tarlac,Concepcion,2023-03-20,Ripening,2.0,0.14,1.17
III,Tarlac,Concepcion,2023-03-21,Ripening,5.0,0.01,1.21
III,Tarlac,Concepcion,2023-03-22,Ripening,5.0,0.0,2.8
III,Tarlac,Concepcion,2023-03-23,Ripening,7.0,0.09,0.33
III,Tarlac,Concepcion,2023-03-24,Ripening,3.0,0.16,1.76
III,Tarlac,Concepcion,2023-03-25,Ripening,1.0,0.11,1.41
III,Tarlac,Concepcion,2023-03-26,Ripening,2.0,0.07,2.01
III,Tarlac,Concepcion,2023-03-27,Ripening,0.0,0.09,0.74
III,Tarlac,Concepcion,2023-03-28,Ripening,1.0,0.16,1.25
III,Tarlac,Concepcion,2023-03-29,Ripening,0.0,0.1,0.35
III,Tarlac,Concepcion,2023-03-30,Ripening,4.0,0.06,0.04
III,Tarlac,Concepcion,2023-03-31,Ripening,1.0,0.06,0.03
III,Tarlac,Concepcion,2023-04-01,Ripening,0.0,0.0,0.0
III,Tarlac,Concepcion,2023-04-02,Ripening,0.0,0.14,0.08
III,Tarlac,Concepcion,2023-04-03,Ripening,0.0,0.1,0.06
III,Tarlac,Concepcion,2023-04-04,Ripening,0.0,0.12,0.19
III,Tarlac,Concepcion,2023-04-05,Ripening,0.0,0.01,0.15
III,Tarlac,Concepcion,2023-04-06,Ripening,0.0,0.11,0.03
III,Tarlac,Concepcion,2023-04-07,Ripening,0.0,0.2,0.05
III,Tarlac,Concepcion,2023-04-08,Ripening,0.0,0.11,0.0
III,Tarlac,Concepcion,2023-04-09,Ripening,0.0,0.0,0.15
III,Tarlac,Concepcion,2023-04-10,Ripening,0.0,0.03,0.07
III,Tarlac,Concepcion,2023-04-11,Ripening,0.0,0.04,0.0
III,Tarlac,Concepcion,2023-04-12,Ripening,0.0,0.09,0.01
III,Tarlac,Concepcion,2023-04-13,Ripening,0.0,0.01,0.04
III,Tarlac,Concepcion,2023-04-14,Ripening,0.0,0.0,0.0
III,Tarlac,Concepcion,2023-04-15,Ripening,0.0,0.0,0.07
III,Tarlac,Concepcion,2023-04-16,Ripening,0.0,0.01,0.0
III,Tarlac,Concepcion,2023-04-17,Ripening,0.0,0.12,0.17
III,Tarlac,Concepcion,2023-04-18,Ripening,1.0,0.09,0.16
III,Tarlac,Concepcion,2023-04-19,Ripening,0.0,0.04,0.18
III,Tarlac,Concepcion,2023-04-20,Ripening,0.0,0.0,0.05
III,Tarlac,Concepcion,2023-04-21,Ripening,0.0,0.17,0.21
III,Tarlac,Concepcion,2023-04-22,Ripening,0.0,0.1,0.06
III,Tarlac,Concepcion,2023-04-23,Ripening,0.0,0.03,0.0
III,Tarlac,Concepcion,2023-04-24,Ripening,0.0,0.21,0.13
III,Tarlac,Concepcion,2023-04-25,Ripening,0.0,0.05,0.09
III,Tarlac,Concepcion,2023-04-26,Ripening,0.0,0.15,0.12
III,Tarlac,Concepcion,2023-04-27,Ripening,0.0,0.1,0.09
III,Tarlac,Concepcion,2023-04-28,Ripening,0.0,0.05,0.07
III,Tarlac,Concepcion,2023-04-29,Ripening,0.0,0.13,0.07
III,Tarlac,Concepcion,2023-04-30,Ripening,0.0,0.11,0.08
III,Tarlac,Concepcion,2023-05-01,Seedling,0.0,0.0,0.13
III,Tarlac,Concepcion,2023-05-02,Seedling,1.0,0.15,0.19
III,Tarlac,Concepcion,2023-05-03,Seedling,0.0,0.15,0.0
III,Tarlac,Concepcion,2023-05-04,Seedling,0.0,0.16,0.06
III,Tarlac,Concepcion,2023-05-05,Seedling,0.0,0.03,0.16
III,Tarlac,Concepcion,2023-05-06,Seedling,0.0,0.07,0.1
III,Tarlac,Concepcion,2023-05-07,Seedling,0.0,0.08,0.15
III,Tarlac,Concepcion,2023-05-08,Seedling,0.0,0.08,0.06
III,Tarlac,Concepcion,2023-05-09,Seedling,0.0,0.03,0.06
III,Tarlac,Concepcion,2023-05-10,Seedling,0.0,0.03,0.1
III,Tarlac,Concepcion,2023-05-11,Seedling,0.0,0.0,0.2
III,Tarlac,Concepcion,2023-05-12,Seedling,0.0,0.16,0.19
III,Tarlac,Concepcion,2023-05-13,Seedling,0.0,0.17,0.0
III,Tarlac,Concepcion,2023-05-14,Seedling,0.0,0.25,0.18
III,Tarlac,Concepcion,2023-05-15,Seedling,0.0,0.0,0.12
III,Tarlac,Concepcion,2023-05-16,Seedling,0.0,0.14,0.08
III,Tarlac,Concepcion,2023-05-17,Seedling,0.0,0.06,0.21
III,Tarlac,Concepcion,2023-05-18,Seedling,0.0,0.13,0.11
III,Tarlac,Concepcion,2023-05-19,Seedling,0.0,0.0,0.0
III,Tarlac,Concepcion,2023-05-20,Seedling,0.0,0.0,0.29
III,Tarlac,Concepcion,2023-05-21,Seedling,0.0,0.0,0.04
III,Tarlac,Concepcion,2023-05-22,Seedling,0.0,0.32,0.13
III,Tarlac,Concepcion,2023-05-23,Seedling,0.0,0.0,0.18
III,Tarlac,Concepcion,2023-05-24,Seedling,0.0,0.19,0.0
III,Tarlac,Concepcion,2023-05-25,Seedling,0.0,0.02,0.09
III,Tarlac,Concepcion,2023-05-26,Seedling,0.0,0.23,0.21
III,Tarlac,Concepcion,2023-05-27,Seedling,0.0,0.12,0.06
III,Tarlac,Concepcion,2023-05-28,Seedling,0.0,0.18,0.09
III,Tarlac,Concepcion,2023-05-29,Seedling,0.0,0.07,0.07
III,Tarlac,Concepcion,2023-05-30,Seedling,0.0,0.1,0.23
III,Tarlac,Concepcion,2023-05-31,Seedling,0.0,0.19,0.11
III,Tarlac,Concepcion,2023-06-01,Seedling,0.0,0.14,0.08
III,Tarlac,Concepcion,2023-06-02,Seedling,1.0,1.5,0.13
III,Tarlac,Concepcion,2023-06-03,Seedling,0.0,1.33,0.01
III,Tarlac,Concepcion,2023-06-04,Seedling,2.0,1.88,0.0
III,Tarlac,Concepcion,2023-06-05,Seedling,1.0,1.37,0.06
III,Tarlac,Concepcion,2023-06-06,Seedling,1.0,2.14,0.18
III,Tarlac,Concepcion,2023-06-07,Seedling,1.0,1.95,0.04
III,Tarlac,Concepcion,2023-06-08,Seedling,1.0,2.1,0.01
III,Tarlac,Concepcion,2023-06-09,Seedling,4.0,0.55,0.05
III,Tarlac,Concepcion,2023-06-10,Seedling,0.0,1.1,0.11
III,Tarlac,Concepcion,2023-06-11,Seedling,2.0,1.58,0.04
III,Tarlac,Concepcion,2023-06-12,Seedling,2.0,2.33,0.04
III,Tarlac,Concepcion,2023-06-13,Seedling,2.0,2.25,0.15
III,Tarlac,Concepcion,2023-06-14,Seedling,5.0,3.02,0.0
III,Tarlac,Concepcion,2023-06-15,Seedling,8.0,2.28,0.18
III,Tarlac,Concepcion,2023-06-16,Seedling,5.0,2.39,0.0
III,Tarlac,Concepcion,2023-06-17,Seedling,10.0,2.11,0.11
III,Tarlac,Concepcion,2023-06-18,Tillering,21.0,2.91,0.12
III,Tarlac,Concepcion,2023-06-19,Tillering,21.0,3.49,0.09
III,Tarlac,Concepcion,2023-06-20,Tillering,33.0,2.49,0.01
III,Tarlac,Concepcion,2023-06-21,Tillering,33.0,2.28,0.03
III,Tarlac,Concepcion,2023-06-22,Tillering,32.0,3.15,0.0
III,Tarlac,Concepcion,2023-06-23,Tillering,34.0,1.47,0.14
III,Tarlac,Concepcion,2023-06-24,Tillering,26.0,1.89,0.09
III,Tarlac,Concepcion,2023-06-25,Tillering,36.0,2.04,0.16
III,Tarlac,Concepcion,2023-06-26,Tillering,27.0,1.42,0.0
III,Tarlac,Concepcion,2023-06-27,Tillering,33.0,1.89,0.06
III,Tarlac,Concepcion,2023-06-28,Tillering,20.0,2.57,0.05
III,Tarlac,Concepcion,2023-06-29,Tillering,27.0,2.06,0.05
III,Tarlac,Concepcion,2023-06-30,Tillering,28.0,1.72,0.0
III,Tarlac,Concepcion,2023-07-01,Tillering,31.0,1.28,0.08
III,Tarlac,Concepcion,2023-07-02,Tillering,37.0,1.64,0.03
III,Tarlac,Concepcion,2023-07-03,Tillering,44.0,0.96,0.14
III,Tarlac,Concepcion,2023-07-04,Tillering,28.0,0.96,0.0
III,Tarlac,Concepcion,2023-07-05,Tillering,39.0,0.0,0.0
III,Tarlac,Concepcion,2023-07-06,Tillering,26.0,0.9,0.05
III,Tarlac,Concepcion,2023-07-07,Tillering,21.0,0.49,0.12
III,Tarlac,Concepcion,2023-07-08,Tillering,28.0,0.59,0.17
III,Tarlac,Concepcion,2023-07-09,Tillering,20.0,0.74,0.07
III,Tarlac,Concepcion,2023-07-10,Tillering,14.0,1.32,0.06
III,Tarlac,Concepcion,2023-07-11,Tillering,11.0,1.68,0.05
III,Tarlac,Concepcion,2023-07-12,Tillering,13.0,1.64,0.01
III,Tarlac,Concepcion,2023-07-13,Tillering,19.0,0.49,0.1
III,Tarlac,Concepcion,2023-07-14,Elongation,18.0,2.0,0.08
III,Tarlac,Concepcion,2023-07-15,Elongation,9.0,2.42,0.1
III,Tarlac,Concepcion,2023-07-16,Elongation,8.0,2.03,0.0
III,Tarlac,Concepcion,2023-07-17,Elongation,7.0,2.45,0.07
III,Tarlac,Concepcion,2023-07-18,Elongation,13.0,2.63,0.26
III,Tarlac,Concepcion,2023-07-19,Elongation,8.0,3.04,0.2
III,Tarlac,Concepcion,2023-07-20,Elongation,18.0,2.8,0.18
III,Tarlac,Concepcion,2023-07-21,Elongation,14.0,3.41,0.23
III,Tarlac,Concepcion,2023-07-22,Elongation,10.0,2.78,0.1
III,Tarlac,Concepcion,2023-07-23,Elongation,23.0,1.78,0.08
III,Tarlac,Concepcion,2023-07-24,Elongation,30.0,2.16,0.05
III,Tarlac,Concepcion,2023-07-25,Elongation,34.0,1.07,0.2
III,Tarlac,Concepcion,2023-07-26,Elongation,21.0,0.38,0.25
III,Tarlac,Concepcion,2023-07-27,Elongation,32.0,0.17,0.23
III,Tarlac,Concepcion,2023-07-28,Elongation,29.0,1.15,0.12
III,Tarlac,Concepcion,2023-07-29,Elongation,25.0,0.11,0.08
III,Tarlac,Concepcion,2023-07-30,Elongation,32.0,0.0,0.0
III,Tarlac,Concepcion,2023-07-31,Elongation,30.0,0.97,0.13
III,Tarlac,Concepcion,2023-08-01,Elongation,20.0,1.51,0.14
III,Tarlac,Concepcion,2023-08-02,Elongation,26.0,0.0,0.21
III,Tarlac,Concepcion,2023-08-03,Elongation,27.0,0.52,0.18
III,Tarlac,Concepcion,2023-08-04,Panicle,13.0,0.06,0.89
III,Tarlac,Concepcion,2023-08-05,Panicle,12.0,0.1,0.0
III,Tarlac,Concepcion,2023-08-06,Panicle,24.0,0.06,2.76
III,Tarlac,Concepcion,2023-08-07,Panicle,18.0,0.11,1.72
III,Tarlac,Concepcion,2023-08-08,Panicle,17.0,0.23,0.64
III,Tarlac,Concepcion,2023-08-09,Panicle,5.0,0.13,1.02
III,Tarlac,Concepcion,2023-08-10,Panicle,9.0,0.03,0.09
III,Tarlac,Concepcion,2023-08-11,Panicle,10.0,0.11,1.53
III,Tarlac,Concepcion,2023-08-12,Panicle,10.0,0.07,0.0
III,Tarlac,Concepcion,2023-08-13,Panicle,14.0,0.19,0.56
III,Tarlac,Concepcion,2023-08-14,Panicle,18.0,0.05,0.0
III,Tarlac,Concepcion,2023-08-15,Panicle,25.0,0.11,0.0
III,Tarlac,Concepcion,2023-08-16,Panicle,23.0,0.21,0.17
III,Tarlac,Concepcion,2023-08-17,Panicle,16.0,0.12,0.81
III,Tarlac,Concepcion,2023-08-18,Panicle,21.0,0.11,0.05
III,Tarlac,Concepcion,2023-08-19,Flowering,14.0,0.07,0.74
III,Tarlac,Concepcion,2023-08-20,Flowering,22.0,0.05,0.19
III,Tarlac,Concepcion,2023-08-21,Flowering,18.0,0.06,1.97
III,Tarlac,Concepcion,2023-08-22,Flowering,11.0,0.1,0.0
III,Tarlac,Concepcion,2023-08-23,Flowering,11.0,0.03,0.54
III,Tarlac,Concepcion,2023-08-24,Flowering,13.0,0.0,0.05
III,Tarlac,Concepcion,2023-08-25,Flowering,10.0,0.1,1.26
III,Tarlac,Concepcion,2023-08-26,Flowering,10.0,0.01,0.23
III,Tarlac,Concepcion,2023-08-27,Flowering,6.0,0.06,0.37
III,Tarlac,Concepcion,2023-08-28,Flowering,5.0,0.07,1.4
III,Tarlac,Concepcion,2023-08-29,Flowering,3.0,0.13,0.4
III,Tarlac,Concepcion,2023-08-30,Flowering,4.0,0.19,0.6
III,Tarlac,Concepcion,2023-08-31,Flowering,4.0,0.0,0.29
III,Tarlac,Concepcion,2023-09-01,Flowering,8.0,,1.15
III,Tarlac,Concepcion,2023-09-02,Flowering,8.0,,1.39
III,Tarlac,Concepcion,2023-09-03,Flowering,1.0,,0.0
III,Tarlac,Concepcion,2023-09-04,Ripening,5.0,,0.9
III,Tarlac,Concepcion,2023-09-05,Ripening,5.0,,0.47
III,Tarlac,Concepcion,2023-09-06,Ripening,4.0,0.11,0.0
III,Tarlac,Concepcion,2023-09-07,Ripening,2.0,0.12,0.75
III,Tarlac,Concepcion,2023-09-08,Ripening,5.0,0.14,0.8
III,Tarlac,Concepcion,2023-09-09,Ripening,3.0,0.1,1.84
III,Tarlac,Concepcion,2023-09-10,Ripening,3.0,0.08,2.79
III,Tarlac,Concepcion,2023-09-11,Ripening,1.0,0.05,2.7
III,Tarlac,Concepcion,2023-09-12,Ripening,1.0,0.11,1.63
III,Tarlac,Concepcion,2023-09-13,Ripening,0.0,0.0,4.46
III,Tarlac,Concepcion,2023-09-14,Ripening,0.0,0.0,5.84
III,Tarlac,Concepcion,2023-09-15,Ripening,1.0,0.12,6.93
III,Tarlac,Concepcion,2023-09-16,Ripening,1.0,0.03,5.02
III,Tarlac,Concepcion,2023-09-17,Ripening,3.0,0.0,4.92
III,Tarlac,Concepcion,2023-09-18,Ripening,1.0,0.14,4.98
III,Tarlac,Concepcion,2023-09-19,Ripening,0.0,0.18,5.97
III,Tarlac,Concepcion,2023-09-20,Ripening,1.0,0.09,4.89
III,Tarlac,Concepcion,2023-09-21,Ripening,0.0,0.13,4.52
III,Tarlac,Concepcion,2023-09-22,Ripening,2.0,0.17,4.48
III,Tarlac,Concepcion,2023-09-23,Ripening,0.0,0.09,2.18
III,Tarlac,Concepcion,2023-09-24,Ripening,1.0,0.09,1.2
III,Tarlac,Concepcion,2023-09-25,Ripening,0.0,0.02,
III,Tarlac,Concepcion,2023-09-26,Ripening,1.0,0.18,
III,Tarlac,Concepcion,2023-09-27,Ripening,1.0,0.24,
III,Tarlac,Concepcion,2023-09-28,Ripening,1.0,0.1,
III,Tarlac,Concepcion,2023-09-29,Ripening,2.0,0.01,
III,Tarlac,Concepcion,2023-09-30,Ripening,0.0,0.25,0.1
III,Tarlac,Concepcion,2023-10-01,Ripening,0.0,0.04,0.16
III,Tarlac,Concepcion,2023-10-02,Ripening,0.0,0.0,0.12
III,Tarlac,Concepcion,2023-10-03,Ripening,0.0,0.05,0.1
III,Tarlac,Concepcion,2023-10-04,Ripening,0.0,0.01,0.0
III,Tarlac,Concepcion,2023-10-05,Ripening,0.0,0.0,0.13
III,Tarlac,Concepcion,2023-10-06,Ripening,0.0,0.0,0.0
III,Tarlac,Concepcion,2023-10-07,Ripening,0.0,0.14,0.08
III,Tarlac,Concepcion,2023-10-08,Ripening,0.0,0.17,0.22
III,Tarlac,Concepcion,2023-10-09,Ripening,0.0,0.02,0.0
III,Tarlac,Concepcion,2023-10-10,Ripening,0.0,0.03,0.01
III,Tarlac,Concepcion,2023-10-11,Ripening,0.0,0.1,0.0
III,Tarlac,Concepcion,2023-10-12,Ripening,0.0,0.13,0.0
III,Tarlac,Concepcion,2023-10-13,Ripening,0.0,0.11,0.17
III,Tarlac,Concepcion,2023-10-14,Ripening,0.0,0.09,0.02
III,Tarlac,Concepcion,2023-10-15,Ripening,0.0,0.1,0.03
III,Tarlac,Concepcion,2023-10-16,Ripening,0.0,0.0,0.04
III,Tarlac,Concepcion,2023-10-17,Ripening,0.0,0.11,0.09
III,Tarlac,Concepcion,2023-10-18,Ripening,1.0,0.11,0.25
III,Tarlac,Concepcion,2023-10-19,Ripening,0.0,0.08,0.27
III,Tarlac,Concepcion,2023-10-20,Ripening,0.0,0.1,0.12
III,Tarlac,Concepcion,2023-10-21,Ripening,0.0,0.0,0.0
III,Tarlac,Concepcion,2023-10-22,Ripening,0.0,0.04,0.01
III,Tarlac,Concepcion,2023-10-23,Ripening,0.0,0.07,0.0
III,Tarlac,Concepcion,2023-10-24,Ripening,0.0,0.07,0.15
III,Tarlac,Concepcion,2023-10-25,Ripening,0.0,0.07,0.0
III,Tarlac,Concepcion,2023-10-26,Ripening,0.0,0.13,0.04
III,Tarlac,Concepcion,2023-10-27,Ripening,0.0,0.12,0.32
III,Tarlac,Concepcion,2023-10-28,Ripening,0.0,0.03,0.06
III,Tarlac,Concepcion,2023-10-29,Ripening,0.0,0.05,0.08
III,Tarlac,Concepcion,2023-10-30,Ripening,0.0,0.0,0.0
III,Tarlac,Concepcion,2023-10-31,Seedling,0.0,0.21,0.0
III,Tarlac,Concepcion,2023-11-01,Seedling,0.0,0.15,0.03
III,Tarlac,Concepcion,2023-11-02,Seedling,0.0,0.08,0.04
III,Tarlac,Concepcion,2023-11-03,Seedling,0.0,0.01,0.07
III,Tarlac,Concepcion,2023-11-04,Seedling,1.0,0.21,0.07
III,Tarlac,Concepcion,2023-11-05,Seedling,0.0,0.13,0.08
III,Tarlac,Concepcion,2023-11-06,Seedling,0.0,0.0,0.0
III,Tarlac,Concepcion,2023-11-07,Seedling,0.0,0.07,0.18
III,Tarlac,Concepcion,2023-11-08,Seedling,0.0,0.08,0.17
III,Tarlac,Concepcion,2023-11-09,Seedling,0.0,,0.14
III,Tarlac,Concepcion,2023-11-10,Seedling,0.0,,0.0
III,Tarlac,Concepcion,2023-11-11,Seedling,0.0,0.0,0.04
III,Tarlac,Concepcion,2023-11-12,Seedling,0.0,0.13,0.28
III,Tarlac,Concepcion,2023-11-13,Seedling,0.0,0.12,0.1
III,Tarlac,Concepcion,2023-11-14,Seedling,0.0,0.05,0.0
III,Tarlac,Concepcion,2023-11-15,Seedling,0.0,,0.25
III,Tarlac,Concepcion,2023-11-16,Seedling,0.0,,0.06
III,Tarlac,Concepcion,2023-11-17,Seedling,0.0,,0.0
III,Tarlac,Concepcion,2023-11-18,Seedling,0.0,0.04,
III,Tarlac,Concepcion,2023-11-19,Seedling,0.0,0.04,
III,Tarlac,Concepcion,2023-11-20,Seedling,0.0,0.16,
III,Tarlac,Concepcion,2023-11-21,Seedling,0.0,0.2,
III,Tarlac,Concepcion,2023-11-22,Seedling,0.0,0.25,0.11
III,Tarlac,Concepcion,2023-11-23,Seedling,0.0,0.05,0.13
III,Tarlac,Concepcion,2023-11-24,Seedling,0.0,0.08,0.16
III,Tarlac,Concepcion,2023-11-25,Seedling,0.0,0.14,0.08
III,Tarlac,Concepcion,2023-11-26,Seedling,0.0,0.02,0.1
III,Tarlac,Concepcion,2023-11-27,Seedling,0.0,0.09,0.0
III,Tarlac,Concepcion,2023-11-28,Seedling,0.0,0.15,0.0
III,Tarlac,Concepcion,2023-11-29,Seedling,0.0,0.0,0.19
III,Tarlac,Concepcion,2023-11-30,Seedling,0.0,0.03,0.06
III,Tarlac,Concepcion,2023-12-01,Seedling,0.0,0.17,0.16
III,Tarlac,Concepcion,2023-12-02,Seedling,0.0,1.15,0.16
III,Tarlac,Concepcion,2023-12-03,Seedling,1.0,0.17,0.03
III,Tarlac,Concepcion,2023-12-04,Seedling,1.0,0.9,0.04
III,Tarlac,Concepcion,2023-12-05,Seedling,3.0,0.05,0.07
III,Tarlac,Concepcion,2023-12-06,Seedling,0.0,0.52,0.12
III,Tarlac,Concepcion,2023-12-07,Seedling,0.0,1.12,0.0
III,Tarlac,Concepcion,2023-12-08,Seedling,0.0,0.24,0.14
III,Tarlac,Concepcion,2023-12-09,Seedling,1.0,0.53,0.01
III,Tarlac,Concepcion,2023-12-10,Seedling,1.0,0.1,0.0
III,Tarlac,Concepcion,2023-12-11,Seedling,0.0,0.0,
III,Tarlac,Concepcion,2023-12-12,Seedling,0.0,1.14,
III,Tarlac,Concepcion,2023-12-13,Seedling,1.0,0.38,
III,Tarlac,Concepcion,2023-12-14,Seedling,0.0,0.0,
III,Tarlac,Concepcion,2023-12-15,Seedling,2.0,0.51,
III,Tarlac,Concepcion,2023-12-16,Seedling,2.0,0.49,0.1
III,Tarlac,Concepcion,2023-12-17,Tillering,2.0,0.79,0.0
III,Tarlac,Concepcion,2023-12-18,Tillering,0.0,,0.08
III,Tarlac,Concepcion,2023-12-19,Tillering,1.0,,0.13
III,Tarlac,Concepcion,2023-12-20,Tillering,5.0,1.93,0.06
III,Tarlac,Concepcion,2023-12-21,Tillering,6.0,0.41,0.14
III,Tarlac,Concepcion,2023-12-22,Tillering,1.0,1.63,0.05
III,Tarlac,Concepcion,2023-12-23,Tillering,1.0,0.48,0.16
III,Tarlac,Concepcion,2023-12-24,Tillering,5.0,0.27,0.27
III,Tarlac,Concepcion,2023-12-25,Tillering,1.0,0.35,0.31
III,Tarlac,Concepcion,2023-12-26,Tillering,1.0,1.05,0.1
III,Tarlac,Concepcion,2023-12-27,Tillering,1.0,0.81,0.08
III,Tarlac,Concepcion,2023-12-28,Tillering,1.0,0.78,0.1
III,Tarlac,Concepcion,2023-12-29,Tillering,3.0,0.62,0.08
III,Tarlac,Concepcion,2023-12-29,Tillering,3.0,0.62,0.08
III,Tarlac,Concepcion,2023-12-30,Tillering,6.0,0.48,0.0
III,Tarlac,Concepcion,2023-12-31,Tillering,0.0,0.65,0.02
III,Tarlac,Concepcion,2024-01-01,Tillering,2.0,0.67,0.18
III,Tarlac,Concepcion,2024-01-02,Tillering,2.0,1.21,0.12
III,Tarlac,Concepcion,2024-01-03,Tillering,3.0,0.87,0.1
III,Tarlac,Concepcion,2024-01-04,Tillering,0.0,0.0,0.14
III,Tarlac,Concepcion,2024-01-05,Tillering,3.0,0.0,0.12
III,Tarlac,Concepcion,2024-01-06,Tillering,2.0,0.29,0.09
III,Tarlac,Concepcion,2024-01-07,Tillering,0.0,0.14,0.08
III,Tarlac,Concepcion,2024-01-08,Tillering,1.0,0.17,0.03
III,Tarlac,Concepcion,2024-01-09,Tillering,3.0,0.65,0.01
III,Tarlac,Concepcion,2024-01-10,Tillering,1.0,0.79,0.0
III,Tarlac,Concepcion,2024-01-11,Tillering,2.0,1.59,0.12
III,Tarlac,Concepcion,2024-01-12,Elongation,3.0,0.0,0.18
III,Tarlac,Concepcion,2024-01-13,Elongation,0.0,0.0,0.12
III,Tarlac,Concepcion,2024-01-14,Elongation,1.0,0.62,0.07
III,Tarlac,Concepcion,2024-01-15,Elongation,2.0,0.66,0.24
III,Tarlac,Concepcion,2024-01-16,Elongation,2.0,0.0,0.06
III,Tarlac,Concepcion,2024-01-17,Elongation,1.0,0.74,0.24
III,Tarlac,Concepcion,2024-01-18,Elongation,1.0,0.63,0.12
III,Tarlac,Concepcion,2024-01-19,Elongation,2.0,0.56,0.14
III,Tarlac,Concepcion,2024-01-20,Elongation,1.0,0.13,0.07
III,Tarlac,Concepcion,2024-01-21,Elongation,1.0,0.47,0.0
III,Tarlac,Concepcion,2024-01-22,Elongation,1.0,1.02,0.09
III,Tarlac,Concepcion,2024-01-23,Elongation,4.0,0.48,0.0
III,Tarlac,Concepcion,2024-01-24,Elongation,4.0,0.82,0.02
III,Tarlac,Concepcion,2024-01-25,Elongation,1.0,1.46,0.07
III,Tarlac,Concepcion,2024-01-26,Elongation,0.0,1.24,0.12
III,Tarlac,Concepcion,2024-01-27,Elongation,4.0,0.5,0.01
III,Tarlac,Concepcion,2024-01-28,Elongation,3.0,0.96,0.14
III,Tarlac,Concepcion,2024-01-29,Elongation,2.0,0.38,0.0
III,Tarlac,Concepcion,2024-01-30,Elongation,0.0,1.07,0.04
III,Tarlac,Concepcion,2024-01-31,Panicle,1.0,0.06,2.48
III,Tarlac,Concepcion,2024-02-01,Panicle,2.0,0.0,3.01
III,Tarlac,Concepcion,2024-02-02,Panicle,0.0,0.17,3.57
III,Tarlac,Concepcion,2024-02-03,Panicle,3.0,0.11,3.64
III,Tarlac,Concepcion,2024-02-04,Panicle,2.0,0.11,4.0
III,Tarlac,Concepcion,2024-02-05,Panicle,1.0,0.17,3.77
III,Tarlac,Concepcion,2024-02-06,Panicle,1.0,0.0,3.5
III,Tarlac,Concepcion,2024-02-07,Panicle,0.0,0.23,4.23
III,Tarlac,Concepcion,2024-02-08,Panicle,1.0,0.1,2.56
III,Tarlac,Concepcion,2024-02-09,Panicle,1.0,0.23,1.78
III,Tarlac,Concepcion,2024-02-10,Panicle,1.0,0.09,0.81
III,Tarlac,Concepcion,2024-02-11,Panicle,1.0,0.0,0.85
III,Tarlac,Concepcion,2024-02-12,Panicle,0.0,0.1,2.5
III,Tarlac,Concepcion,2024-02-13,Panicle,4.0,0.07,3.62
III,Tarlac,Concepcion,2024-02-14,Panicle,4.0,0.0,1.96
III,Tarlac,Concepcion,2024-02-15,Flowering,0.0,0.07,3.98
III,Tarlac,Concepcion,2024-02-16,Flowering,5.0,0.0,3.11
III,Tarlac,Concepcion,2024-02-17,Flowering,1.0,0.15,1.92
III,Tarlac,Concepcion,2024-02-18,Flowering,2.0,0.2,2.54
III,Tarlac,Concepcion,2024-02-19,Flowering,1.0,0.1,3.31
III,Tarlac,Concepcion,2024-02-20,Flowering,1.0,0.0,2.47
III,Tarlac,Concepcion,2024-02-21,Flowering,1.0,0.1,3.51
III,Tarlac,Concepcion,2024-02-22,Flowering,4.0,0.16,2.91
III,Tarlac,Concepcion,2024-02-23,Flowering,1.0,0.16,5.32
III,Tarlac,Concepcion,2024-02-24,Flowering,,0.1,3.37
III,Tarlac,Concepcion,2024-02-25,Flowering,,0.01,4.81
III,Tarlac,Concepcion,2024-02-26,Flowering,,0.0,2.95
III,Tarlac,Concepcion,2024-02-27,Flowering,,0.12,1.78
III,Tarlac,Concepcion,2024-02-28,Flowering,0.0,0.1,2.36
III,Tarlac,Concepcion,2024-02-29,Flowering,1.0,0.14,2.21
III,Tarlac,Concepcion,2024-03-01,Ripening,0.0,0.11,0.41
III,Tarlac,Concepcion,2024-03-02,Ripening,0.0,0.24,0.42
III,Tarlac,Concepcion,2024-03-03,Ripening,1.0,0.0,1.11
III,Tarlac,Concepcion,2024-03-04,Ripening,0.0,,0.12
III,Tarlac,Concepcion,2024-03-05,Ripening,1.0,,0.19
III,Tarlac,Concepcion,2024-03-06,Ripening,5.0,,0.0
III,Tarlac,Concepcion,2024-03-07,Ripening,2.0,,1.38
III,Tarlac,Concepcion,2024-03-08,Ripening,4.0,,1.06
III,Tarlac,Concepcion,2024-03-09,Ripening,5.0,0.1,0.0
III,Tarlac,Concepcion,2024-03-10,Ripening,4.0,0.1,0.23
III,Tarlac,Concepcion,2024-03-11,Ripening,3.0,0.19,1.36
III,Tarlac,Concepcion,2024-03-12,Ripening,3.0,0.02,
III,Tarlac,Concepcion,2024-03-13,Ripening,12.0,0.08,
III,Tarlac,Concepcion,2024-03-14,Ripening,12.0,0.0,
III,Tarlac,Concepcion,2024-03-15,Ripening,10.0,0.18,
III,Tarlac,Concepcion,2024-03-16,Ripening,5.0,0.08,0.1
III,Tarlac,Concepcion,2024-03-17,Ripening,10.0,0.13,0.87
III,Tarlac,Concepcion,2024-03-18,Ripening,9.0,0.04,1.13
III,Tarlac,Concepcion,2024-03-19,Ripening,10.0,0.1,0.99
III,Tarlac,Concepcion,2024-03-20,Ripening,10.0,0.11,0.01
III,Tarlac,Concepcion,2024-03-21,Ripening,10.0,0.0,1.41
III,Tarlac,Concepcion,2024-03-22,Ripening,7.0,0.08,1.07
III,Tarlac,Concepcion,2024-03-23,Ripening,8.0,0.19,0.0
III,Tarlac,Concepcion,2024-03-24,Ripening,6.0,0.03,0.0
III,Tarlac,Concepcion,2024-03-25,Ripening,2.0,0.12,0.56
III,Tarlac,Concepcion,2024-03-26,Ripening,0.0,0.01,0.0
III,Tarlac,Concepcion,2024-03-27,Ripening,0.0,0.04,0.04
III,Tarlac,Concepcion,2024-03-28,Ripening,0.0,0.1,0.03
III,Tarlac,Concepcion,2024-03-29,Ripening,0.0,0.02,
III,Tarlac,Concepcion,2024-03-30,Ripening,0.0,0.11,
III,Tarlac,Concepcion,2024-03-31,Ripening,0.0,0.17,
III,Tarlac,Concepcion,2024-04-01,Ripening,0.0,0.13,0.07
III,Tarlac,Concepcion,2024-04-02,Ripening,0.0,0.06,0.25
III,Tarlac,Concepcion,2024-04-03,Ripening,0.0,0.09,0.01
III,Tarlac,Concepcion,2024-04-04,Ripening,0.0,0.0,0.02
III,Tarlac,Concepcion,2024-04-05,Ripening,0.0,0.1,0.05
III,Tarlac,Concepcion,2024-04-06,Ripening,0.0,0.0,0.1
III,Tarlac,Concepcion,2024-04-07,Ripening,0.0,0.09,0.2
III,Tarlac,Concepcion,2024-04-08,Ripening,0.0,0.0,0.12
III,Tarlac,Concepcion,2024-04-09,Ripening,0.0,0.24,0.16
III,Tarlac,Concepcion,2024-04-10,Ripening,0.0,0.08,0.0
III,Tarlac,Concepcion,2024-04-11,Ripening,1.0,0.13,0.0
III,Tarlac,Concepcion,2024-04-12,Ripening,0.0,0.05,0.13
III,Tarlac,Concepcion,2024-04-13,Ripening,0.0,0.19,0.13
III,Tarlac,Concepcion,2024-04-14,Ripening,0.0,0.13,0.08
III,Tarlac,Concepcion,2024-04-15,Ripening,0.0,0.14,0.06
III,Tarlac,Concepcion,2024-04-16,Ripening,0.0,0.09,0.01
III,Tarlac,Concepcion,2024-04-17,Ripening,0.0,0.0,0.0
III,Tarlac,Concepcion,2024-04-18,Ripening,0.0,0.19,0.04
III,Tarlac,Concepcion,2024-04-19,Ripening,0.0,0.08,0.0
III,Tarlac,Concepcion,2024-04-20,Ripening,0.0,0.0,0.0
III,Tarlac,Concepcion,2024-04-21,Ripening,1.0,0.05,0.19
III,Tarlac,Concepcion,2024-04-22,Ripening,0.0,0.05,0.11
III,Tarlac,Concepcion,2024-04-23,Ripening,0.0,0.03,0.13
III,Tarlac,Concepcion,2024-04-24,Ripening,0.0,0.0,0.13
III,Tarlac,Concepcion,2024-04-25,Ripening,0.0,0.0,0.15
III,Tarlac,Concepcion,2024-04-26,Ripening,0.0,0.07,0.0
III,Tarlac,Concepcion,2024-04-27,Ripening,0.0,0.11,
III,Tarlac,Concepcion,2024-04-28,Ripening,0.0,0.09,
III,Tarlac,Concepcion,2024-04-29,Ripening,0.0,0.06,
III,Tarlac,Concepcion,2024-04-30,Ripening,0.0,0.0,
III,Tarlac,Concepcion,2024-05-01,Ripening,0.0,0.15,0.13
III,Tarlac,Concepcion,2024-05-02,Ripening,0.0,0.03,0.0
III,Tarlac,Concepcion,2024-05-03,Seedling,0.0,0.06,0.11
III,Tarlac,Concepcion,2024-05-04,Seedling,0.0,0.0,0.13
III,Tarlac,Concepcion,2024-05-05,Seedling,0.0,0.14,0.08
III,Tarlac,Concepcion,2024-05-06,Seedling,0.0,0.08,0.02
III,Tarlac,Concepcion,2024-05-07,Seedling,0.0,0.09,0.0
III,Tarlac,Concepcion,2024-05-08,Seedling,0.0,0.16,0.02
III,Tarlac,Concepcion,2024-05-09,Seedling,0.0,0.0,0.18
III,Tarlac,Concepcion,2024-05-10,Seedling,0.0,0.0,0.06
III,Tarlac,Concepcion,2024-05-11,Seedling,0.0,0.23,0.06
III,Tarlac,Concepcion,2024-05-12,Seedling,0.0,0.11,0.05
III,Tarlac,Concepcion,2024-05-13,Seedling,1.0,0.06,0.04
III,Tarlac,Concepcion,2024-05-14,Seedling,0.0,0.23,0.07
III,Tarlac,Concepcion,2024-05-15,Seedling,0.0,0.0,0.04
III,Tarlac,Concepcion,2024-05-16,Seedling,0.0,0.08,0.2
III,Tarlac,Concepcion,2024-05-17,Seedling,0.0,0.13,0.0
III,Tarlac,Concepcion,2024-05-18,Seedling,0.0,0.14,0.1
III,Tarlac,Concepcion,2024-05-19,Seedling,0.0,0.18,0.06
III,Tarlac,Concepcion,2024-05-20,Seedling,0.0,0.04,0.26
III,Tarlac,Concepcion,2024-05-21,Seedling,0.0,0.0,0.13
III,Tarlac,Concepcion,2024-05-22,Seedling  ,0.0,0.3,0.1
III,Tarlac,Concepcion,2024-05-23,Seedling,0.0,0.04,0.11
III,Tarlac,Concepcion,2024-05-24,Seedling,0.0,0.09,0.02
III,Tarlac,Concepcion,2024-05-25,Seedling,0.0,0.0,0.06
III,Tarlac,Concepcion,2024-05-26,Seedling,0.0,0.08,0.05
III,Tarlac,Concepcion,2024-05-27,Seedling,0.0,0.01,0.05
III,Tarlac,Concepcion,2024-05-28,Seedling,0.0,0.08,0.15
III,Tarlac,Concepcion,2024-05-29,Seedling,0.0,0.14,0.0
III,Tarlac,Concepcion,2024-05-30,Seedling,0.0,0.0,0.11
III,Tarlac,Concepcion,2024-05-31,Seedling,0.0,0.05,0.0
III,Tarlac,Concepcion,2024-06-01,Seedling,0.0,,0.03
III,Tarlac,Concepcion,2024-06-02,Seedling,0.0,,0.18
III,Tarlac,Concepcion,2024-06-03,Seedling,0.0,,0.06
III,Tarlac,Concepcion,2024-06-04,Seedling,0.0,,0.13
III,Tarlac,Concepcion,2024-06-05,Seedling,0.0,0.13,0.06
III,Tarlac,Concepcion,2024-06-06,Seedling,0.0,0.14,0.05
III,Tarlac,Concepcion,2024-06-07,Seedling,1.0,0.03,0.11
III,Tarlac,Concepcion,2024-06-08,Seedling,0.0,0.0,0.13
III,Tarlac,Concepcion,2024-06-09,Seedling,0.0,0.0,0.1
III,Tarlac,Concepcion,2024-06-10,Seedling,0.0,0.14,0.0
III,Tarlac,Concepcion,2024-06-11,Seedling,3.0,3.41,0.09
III,Tarlac,Concepcion,2024-06-12,Seedling,3.0,3.79,0.02
III,Tarlac,Concepcion,2024-06-13,Seedling,10.0,3.15,0.05
III,Tarlac,Concepcion,2024-06-14,Seedling,3.0,3.87,0.18
III,Tarlac,Concepcion,2024-06-15,Seedling,5.0,3.81,0.1
III,Tarlac,Concepcion,2024-06-16,Seedling,10.0,3.89,0.05
III,Tarlac,Concepcion,2024-06-17,Seedling,7.0,2.75,0.05
III,Tarlac,Concepcion,2024-06-18,Seedling,6.0,3.66,0.17
III,Tarlac,Concepcion,2024-06-19,Seedling,7.0,4.26,0.03
III,Tarlac,Concepcion,2024-06-20,Seedling,4.0,4.0,0.0
III,Tarlac,Concepcion,2024-06-21,Seedling,8.0,4.13,0.18
III,Tarlac,Concepcion,2024-06-22,Seedling,6.0,2.57,0.09
III,Tarlac,Concepcion,2024-06-23,Seedling,11.0,1.51,0.11
III,Tarlac,Concepcion,2024-06-24,Seedling,8.0,2.76,0.15
III,Tarlac,Concepcion,2024-06-25,Seedling,15.0,1.5,0.22
III,Tarlac,Concepcion,2024-06-26,Tillering,20.0,1.12,0.21
III,Tarlac,Concepcion,2024-06-27,Tillering,34.0,1.74,0.1
III,Tarlac,Concepcion,2024-06-28,Tillering,30.0,0.37,0.05
III,Tarlac,Concepcion,2024-06-29,Tillering,18.0,0.0,0.07
III,Tarlac,Concepcion,2024-06-30,Tillering,29.0,0.71,0.05
III,Tarlac,Concepcion,2024-07-01,Tillering,19.0,0.75,0.05
III,Tarlac,Concepcion,2024-07-02,Tillering,15.0,0.0,0.0
III,Tarlac,Concepcion,2024-07-03,Tillering,27.0,0.22,0.1
III,Tarlac,Concepcion,2024-07-04,Tillering,28.0,0.0,0.0
III,Tarlac,Concepcion,2024-07-05,Tillering,29.0,0.0,0.08
III,Tarlac,Concepcion,2024-07-06,Tillering,25.0,0.49,0.1
III,Tarlac,Concepcion,2024-07-07,Tillering,27.0,0.22,0.07
III,Tarlac,Concepcion,2024-07-08,Tillering,28.0,0.58,0.11
III,Tarlac,Concepcion,2024-07-09,Tillering,18.0,0.0,0.0
III,Tarlac,Concepcion,2024-07-10,Tillering,16.0,0.0,0.0
III,Tarlac,Concepcion,2024-07-11,Tillering,20.0,0.0,0.12
III,Tarlac,Concepcion,2024-07-12,Tillering,22.0,0.0,0.1
III,Tarlac,Concepcion,2024-07-13,Tillering,19.0,0.27,0.0
III,Tarlac,Concepcion,2024-07-14,Tillering,32.0,0.76,0.14
III,Tarlac,Concepcion,2024-07-15,Tillering,20.0,0.72,0.18
III,Tarlac,Concepcion,2024-07-16,Tillering,29.0,0.43,0.11
III,Tarlac,Concepcion,2024-07-17,Tillering,48.0,1.32,0.1
III,Tarlac,Concepcion,2024-07-18,Tillering,32.0,0.7,0.16
III,Tarlac,Concepcion,2024-07-19,Tillering,28.0,1.09,0.0
III,Tarlac,Concepcion,2024-07-20,Tillering,50.0,1.41,0.01
III,Tarlac,Concepcion,2024-07-21,Elongation,38.0,2.04,0.0
III,Tarlac,Concepcion,2024-07-22,Elongation,38.0,1.7,0.08
III,Tarlac,Concepcion,2024-07-23,Elongation,24.0,2.61,0.0
III,Tarlac,Concepcion,2024-07-24,Elongation,41.0,1.74,0.0
III,Tarlac,Concepcion,2024-07-25,Elongation,44.0,2.31,0.05
III,Tarlac,Concepcion,2024-07-26,Elongation,29.0,2.34,0.07
III,Tarlac,Concepcion,2024-07-27,Elongation,23.0,2.65,0.06
III,Tarlac,Concepcion,2024-07-28,Elongation,24.0,1.39,0.15
III,Tarlac,Concepcion,2024-07-29,Elongation,20.0,2.26,0.07
III,Tarlac,Concepcion,2024-07-30,Elongation,27.0,2.45,0.0
III,Tarlac,Concepcion,2024-07-31,Elongation,18.0,1.76,0.18
III,Tarlac,Concepcion,2024-08-01,Elongation,15.0,0.0,0.04
III,Tarlac,Concepcion,2024-08-02,Elongation,7.0,0.31,0.0
III,Tarlac,Concepcion,2024-08-03,Elongation,6.0,0.19,0.17
III,Tarlac,Concepcion,2024-08-03,Elongation,6.0,0.19,0.17
III,Tarlac,Concepcion,2024-08-04,Elongation,6.0,0.09,0.15
III,Tarlac,Concepcion,2024-08-05,Elongation,7.0,0.06,0.0
III,Tarlac,Concepcion,2024-08-06,Elongation,3.0,0.9,0.05
III,Tarlac,Concepcion,2024-08-07,Elongation,7.0,0.94,0.06
III,Tarlac,Concepcion,2024-08-08,Elongation,5.0,0.91,0.0
III,Tarlac,Concepcion,2024-08-09,Panicle,3.0,0.05,0.22
III,Tarlac,Concepcion,2024-08-10,Panicle,5.0,0.02,2.3
III,Tarlac,Concepcion,2024-08-11,Panicle,0.0,0.01,0.74
III,Tarlac,Concepcion,2024-08-12,Panicle,0.0,0.09,0.91
III,Tarlac,Concepcion,2024-08-13,Panicle,2.0,0.11,0.91
III,Tarlac,Concepcion,2024-08-14,Panicle,1.0,0.01,0.43
III,Tarlac,Concepcion,2024-08-15,Panicle,1.0,0.05,0.0
III,Tarlac,Concepcion,2024-08-16,Panicle,0.0,0.1,0.37
III,Tarlac,Concepcion,2024-08-17,Panicle,1.0,0.07,0.74
III,Tarlac,Concepcion,2024-08-18,Panicle,2.0,0.15,0.73
III,Tarlac,Concepcion,2024-08-19,Panicle,1.0,0.09,1.23
III,Tarlac,Concepcion,2024-08-20,Panicle,1.0,0.01,1.77
III,Tarlac,Concepcion,2024-08-21,Panicle,0.0,0.07,1.05
III,Tarlac,Concepcion,2024-08-22,Panicle,1.0,0.08,1.42
III,Tarlac,Concepcion,2024-08-23,Flowering,1.0,0.21,0.05
III,Tarlac,Concepcion,2024-08-24,Flowering,1.0,0.19,1.45
III,Tarlac,Concepcion,2024-08-25,Flowering,0.0,0.0,1.75
III,Tarlac,Concepcion,2024-08-26,Flowering,0.0,0.01,2.08
III,Tarlac,Concepcion,2024-08-27,Flowering,0.0,0.09,3.05
III,Tarlac,Concepcion,2024-08-28,Flowering,2.0,0.22,3.8
III,Tarlac,Concepcion,2024-08-29,Flowering,0.0,0.22,3.94
III,Tarlac,Concepcion,2024-08-30,Flowering,3.0,0.05,4.5
III,Tarlac,Concepcion,2024-08-31,Flowering,2.0,0.17,3.53
III,Tarlac,Concepcion,2024-09-01,Flowering,2.0,0.05,4.62
III,Tarlac,Concepcion,2024-09-02,Flowering,6.0,0.05,3.89
III,Tarlac,Concepcion,2024-09-03,Flowering,5.0,0.25,3.62
III,Tarlac,Concepcion,2024-09-04,Flowering,3.0,0.06,
III,Tarlac,Concepcion,2024-09-05,Flowering,6.0,0.03,
III,Tarlac,Concepcion,2024-09-06,Flowering,8.0,0.0,
III,Tarlac,Concepcion,2024-09-07,Ripening,1.0,0.0,
III,Tarlac,Concepcion,2024-09-08,Ripening,5.0,0.12,
III,Tarlac,Concepcion,2024-09-09,Ripening,6.0,0.0,2.12
III,Tarlac,Concepcion,2024-09-10,Ripening,5.0,0.09,1.6
III,Tarlac,Concepcion,2024-09-11,Ripening,,0.0,1.45
III,Tarlac,Concepcion,2024-09-12,Ripening,,0.12,0.61
III,Tarlac,Concepcion,2024-09-13,Ripening,,0.22,1.66
III,Tarlac,Concepcion,2024-09-14,Ripening,,0.11,2.94
III,Tarlac,Concepcion,2024-09-15,Ripening,,0.09,1.6
III,Tarlac,Concepcion,2024-09-16,Ripening,4.0,0.15,2.47
III,Tarlac,Concepcion,2024-09-17,Ripening,6.0,0.16,4.89
III,Tarlac,Concepcion,2024-09-18,Ripening,3.0,0.18,4.76
III,Tarlac,Concepcion,2024-09-19,Ripening,5.0,0.14,4.57
III,Tarlac,Concepcion,2024-09-20,Ripening,7.0,0.22,4.03
III,Tarlac,Concepcion,2024-09-21,Ripening,8.0,0.11,4.17
III,Tarlac,Concepcion,2024-09-22,Ripening,5.0,0.0,5.18
III,Tarlac,Concepcion,2024-09-23,Ripening,5.0,0.07,4.64
III,Tarlac,Concepcion,2024-09-24,Ripening,4.0,0.09,3.18
III,Tarlac,Concepcion,2024-09-25,Ripening,3.0,0.1,
III,Tarlac,Concepcion,2024-09-26,Ripening,5.0,0.0,
III,Tarlac,Concepcion,2024-09-27,Ripening,10.0,0.06,3.01
III,Tarlac,Concepcion,2024-09-28,Ripening,10.0,0.15,2.65
III,Tarlac,Concepcion,2024-09-29,Ripening,3.0,0.07,1.5
III,Tarlac,Concepcion,2024-09-30,Ripening,4.0,0.06,0.0
III,Tarlac,Concepcion,2024-10-01,Ripening,0.0,0.13,0.08
III,Tarlac,Concepcion,2024-10-02,Ripening,0.0,0.0,0.05
III,Tarlac,Concepcion,2024-10-03,Ripening,0.0,0.15,0.06
III,Tarlac,Concepcion,2024-10-04,Ripening,0.0,0.0,0.15
III,Tarlac,Concepcion,2024-10-05,Ripening,1.0,0.09,0.06
III,Tarlac,Concepcion,2024-10-06,Ripening,0.0,0.17,0.2
III,Tarlac,Concepcion,2024-10-07,Ripening,0.0,0.16,0.01
III,Tarlac,Concepcion,2024-10-08,Ripening,0.0,0.05,0.08
III,Tarlac,Concepcion,2024-10-09,Ripening,0.0,0.15,0.13
III,Tarlac,Concepcion,2024-10-10,Ripening,0.0,0.16,0.02
III,Tarlac,Concepcion,2024-10-11,Ripening,0.0,0.05,0.04
III,Tarlac,Concepcion,2024-10-12,Ripening,0.0,0.08,0.17
III,Tarlac,Concepcion,2024-10-13,Ripening,0.0,0.07,0.12
III,Tarlac,Concepcion,2024-10-14,Ripening,0.0,0.08,0.2
III,Tarlac,Concepcion,2024-10-15,Ripening,0.0,0.06,0.0
III,Tarlac,Concepcion,2024-10-16,Ripening,0.0,0.09,0.15
III,Tarlac,Concepcion,2024-10-17,Ripening,0.0,0.02,0.01
III,Tarlac,Concepcion,2024-10-18,Ripening,0.0,0.11,0.0
III,Tarlac,Concepcion,2024-10-19,Ripening,0.0,0.18,0.07
III,Tarlac,Concepcion,2024-10-20,Ripening,0.0,0.18,0.13
III,Tarlac,Concepcion,2024-10-21,Ripening,0.0,0.14,0.0
III,Tarlac,Concepcion,2024-10-22,Ripening,0.0,0.07,0.18
III,Tarlac,Concepcion,2024-10-23,Ripening,1.0,0.05,0.12
III,Tarlac,Concepcion,2024-10-24,Ripening,1.0,0.0,0.0
III,Tarlac,Concepcion,2024-10-25,Ripening,0.0,0.24,0.0
III,Tarlac,Concepcion,2024-10-26,Ripening,1.0,0.03,0.0
III,Tarlac,Concepcion,2024-10-27,Ripening,0.0,0.17,0.14
III,Tarlac,Concepcion,2024-10-28,Ripening,0.0,0.2,0.18
III,Tarlac,Concepcion,2024-10-29,Ripening,0.0,0.08,0.11
III,Tarlac,Concepcion,2024-10-30,Ripening,0.0,0.07,0.2
III,Tarlac,Concepcion,2024-10-31,Ripening,1.0,0.16,0.03
III,Tarlac,Concepcion,2024-11-01,Ripening,0.0,0.07,0.26
III,Tarlac,Concepcion,2024-11-02,Ripening,0.0,0.06,0.04
III,Tarlac,Concepcion,2024-11-03,Ripening,0.0,0.14,0.0
III,Tarlac,Concepcion,2024-11-04,Ripening,,0.05,0.02
III,Tarlac,Concepcion,2024-11-05,Seedling,,0.07,0.04
III,Tarlac,Concepcion,2024-11-06,Seedling,,0.0,0.14
III,Tarlac,Concepcion,2024-11-07,Seedling,0.0,0.15,0.0
III,Tarlac,Concepcion,2024-11-08,Seedling,0.0,0.0,0.12
III,Tarlac,Concepcion,2024-11-09,Seedling,0.0,0.18,0.06
III,Tarlac,Concepcion,2024-11-10,Seedling,0.0,0.0,0.08
III,Tarlac,Concepcion,2024-11-11,Seedling,0.0,0.05,0.2
III,Tarlac,Concepcion,2024-11-12,Seedling,0.0,0.13,0.0
III,Tarlac,Concepcion,2024-11-13,Seedling,0.0,0.15,0.04
III,Tarlac,Concepcion,2024-11-14,Seedling,0.0,0.08,0.05
III,Tarlac,Concepcion,2024-11-15,Seedling,0.0,0.05,0.18
III,Tarlac,Concepcion,2024-11-16,Seedling,0.0,0.1,0.02
III,Tarlac,Concepcion,2024-11-17,Seedling,0.0,0.13,0.03
III,Tarlac,Concepcion,2024-11-18,Seedling,0.0,0.07,0.13
III,Tarlac,Concepcion,2024-11-19,Seedling,0.0,0.0,0.01
III,Tarlac,Concepcion,2024-11-20,Seedling,0.0,0.03,0.0
III,Tarlac,Concepcion,2024-11-21,Seedling,0.0,0.02,0.08
III,Tarlac,Concepcion,2024-11-22,Seedling,0.0,0.15,0.15
III,Tarlac,Concepcion,2024-11-23,Seedling,0.0,0.0,0.11
III,Tarlac,Concepcion,2024-11-24,Seedling,0.0,0.08,
III,Tarlac,Concepcion,2024-11-25,Seedling,0.0,0.0,
III,Tarlac,Concepcion,2024-11-26,Seedling,0.0,0.24,0.06
III,Tarlac,Concepcion,2024-11-27,Seedling,0.0,0.0,0.1
III,Tarlac,Concepcion,2024-11-28,Seedling,0.0,0.17,0.22
III,Tarlac,Concepcion,2024-11-29,Seedling,0.0,0.03,0.03
III,Tarlac,Concepcion,2024-11-30,Seedling,0.0,0.13,0.08
III,Tarlac,Concepcion,2024-12-01,Seedling,0.0,0.21,0.22
III,Tarlac,Concepcion,2024-12-02,Seedling,0.0,0.15,0.11
III,Tarlac,Concepcion,2024-12-03,Seedling,0.0,0.08,0.1
III,Tarlac,Concepcion,2024-12-04,Seedling,0.0,0.09,0.19
III,Tarlac,Concepcion,2024-12-05,Seedling,0.0,0.15,0.18
III,Tarlac,Concepcion,2024-12-06,Seedling,0.0,0.08,0.12
III,Tarlac,Concepcion,2024-12-07,Seedling,0.0,0.12,0.07
III,Tarlac,Concepcion,2024-12-08,Seedling,0.0,0.08,0.23
III,Tarlac,Concepcion,2024-12-09,Seedling,0.0,0.05,0.15
III,Tarlac,Concepcion,2024-12-10,Seedling,0.0,0.09,0.17
III,Tarlac,Concepcion,2024-12-11,Seedling,1.0,0.51,0.14
III,Tarlac,Concepcion,2024-12-12,Seedling,3.0,0.31,0.06
III,Tarlac,Concepcion,2024-12-13,Seedling,1.0,0.42,0.04
III,Tarlac,Concepcion,2024-12-14,Seedling,0.0,0.03,0.08
III,Tarlac,Concepcion,2024-12-15,Seedling,2.0,0.25,0.07
III,Tarlac,Concepcion,2024-12-16,Seedling,0.0,0.0,0.1
III,Tarlac,Concepcion,2024-12-17,Seedling,1.0,0.34,0.03
III,Tarlac,Concepcion,2024-12-18,Seedling,1.0,1.72,0.07
III,Tarlac,Concepcion,2024-12-19,Seedling,0.0,1.41,0.0
III,Tarlac,Concepcion,2024-12-20,Seedling,2.0,0.57,0.15
III,Tarlac,Concepcion,2024-12-21,Seedling,1.0,0.0,0.0
III,Tarlac,Concepcion,2024-12-22,Seedling,1.0,1.46,0.15
III,Tarlac,Concepcion,2024-12-23,Seedling,1.0,1.04,0.12
III,Tarlac,Concepcion,2024-12-24,Seedling,0.0,0.54,0.0
III,Tarlac,Concepcion,2024-12-25,Seedling,1.0,0.57,0.07
III,Tarlac,Concepcion,2024-12-26,Seedling,1.0,1.14,0.12
III,Tarlac,Concepcion,2024-12-27,Tillering,2.0,0.27,0.0
III,Tarlac,Concepcion,2024-12-28,Tillering,3.0,0.03,0.16
III,Tarlac,Concepcion,2024-12-29,Tillering,4.0,1.02,0.08
III,Tarlac,Concepcion,2024-12-30,Tillering,3.0,1.28,0.04
III,Tarlac,Concepcion,2024-12-31,Tillering,5.0,0.0,0.15
III,Bulacan,San Miguel,2019-01-01,Tillering,5.0,0.01,0.14
III,Bulacan,San Miguel,2019-01-02,Tillering,2.0,0.54,0.0
III,Bulacan,San Miguel,2019-01-03,Tillering,3.0,0.86,0.08
III,Bulacan,San Miguel,2019-01-04,Tillering,1.0,0.07,0.16
III,Bulacan,San Miguel,2019-01-05,Tillering,2.0,0.18,0.04
III,Bulacan,San Miguel,2019-01-06,Tillering,1.0,0.0,0.0
III,Bulacan,San Miguel,2019-01-07,Tillering,0.0,0.43,0.04
III,Bulacan,San Miguel,2019-01-08,Tillering,3.0,0.06,0.0
III,Bulacan,San Miguel,2019-01-09,Tillering,3.0,0.0,0.07
III,Bulacan,San Miguel,2019-01-10,Elongation,2.0,1.26,0.2
III,Bulacan,San Miguel,2019-01-11,Elongation,3.0,0.39,0.17
III,Bulacan,San Miguel,2019-01-12,Elongation,1.0,0.37,0.16
III,Bulacan,San Miguel,2019-01-13,Elongation,2.0,0.33,0.07
III,Bulacan,San Miguel,2019-01-14,Elongation,0.0,0.59,0.13
III,Bulacan,San Miguel,2019-01-15,Elongation,2.0,0.75,0.16
III,Bulacan,San Miguel,2019-01-16,Elongation,1.0,1.17,0.11
III,Bulacan,San Miguel,2019-01-17,Elongation,2.0,1.02,0.22
III,Bulacan,San Miguel,2019-01-18,Elongation,0.0,1.43,0.08
III,Bulacan,San Miguel,2019-01-19,Elongation,1.0,0.06,0.0
III,Bulacan,San Miguel,2019-01-20,Elongation,2.0,1.6,0.03
III,Bulacan,San Miguel,2019-01-21,Elongation,3.0,0.04,0.31
III,Bulacan,San Miguel,2019-01-22,Elongation,1.0,0.97,0.1
III,Bulacan,San Miguel,2019-01-23,Elongation,2.0,0.85,0.1
III,Bulacan,San Miguel,2019-01-24,Elongation,5.0,1.14,0.12
III,Bulacan,San Miguel,2019-01-25,Elongation,0.0,0.2,0.13
III,Bulacan,San Miguel,2019-01-26,Elongation,3.0,0.04,0.03
III,Bulacan,San Miguel,2019-01-27,Elongation,1.0,1.16,0.07
III,Bulacan,San Miguel,2019-01-28,Elongation,0.0,0.86,0.14
III,Bulacan,San Miguel,2019-01-29,Elongation,3.0,0.44,0.05
III,Bulacan,San Miguel,2019-01-30,Panicle,2.0,0.17,0.3
III,Bulacan,San Miguel,2019-01-31,Panicle,6.0,0.0,1.41
III,Bulacan,San Miguel,2019-02-01,Panicle,3.0,0.0,0.2
III,Bulacan,San Miguel,2019-02-02,Panicle,0.0,0.15,0.12
III,Bulacan,San Miguel,2019-02-03,Panicle,1.0,0.0,1.19
III,Bulacan,San Miguel,2019-02-04,Panicle,5.0,0.03,1.36
III,Bulacan,San Miguel,2019-02-05,Panicle,8.0,0.06,0.57
III,Bulacan,San Miguel,2019-02-06,Panicle,2.0,0.01,
III,Bulacan,San Miguel,2019-02-07,Panicle,1.0,0.12,
III,Bulacan,San Miguel,2019-02-08,Panicle,2.0,0.25,
III,Bulacan,San Miguel,2019-02-09,Panicle,2.0,0.2,
III,Bulacan,San Miguel,2019-02-10,Panicle,2.0,0.0,
III,Bulacan,San Miguel,2019-02-11,Panicle,3.0,0.0,0.13
III,Bulacan,San Miguel,2019-02-12,Panicle,0.0,0.03,1.47
III,Bulacan,San Miguel,2019-02-13,Panicle,1.0,0.09,1.28
III,Bulacan,San Miguel,2019-02-14,Flowering,0.0,0.0,0.0
III,Bulacan,San Miguel,2019-02-15,Flowering,2.0,0.02,1.4
III,Bulacan,San Miguel,2019-02-16,Flowering,3.0,0.17,0.82
III,Bulacan,San Miguel,2019-02-17,Flowering,3.0,0.1,0.39
III,Bulacan,San Miguel,2019-02-18,Flowering,2.0,0.03,0.71
III,Bulacan,San Miguel,2019-02-19,Flowering,3.0,0.14,0.04
III,Bulacan,San Miguel,2019-02-20,Flowering,3.0,0.21,1.51
III,Bulacan,San Miguel,2019-02-21,Flowering,5.0,0.04,0.0
III,Bulacan,San Miguel,2019-02-22,Flowering,6.0,0.21,0.79
III,Bulacan,San Miguel,2019-02-23,Flowering,2.0,0.07,0.0
III,Bulacan,San Miguel,2019-02-24,Flowering,,0.07,0.0
III,Bulacan,San Miguel,2019-02-25,Flowering,,0.05,0.21
III,Bulacan,San Miguel,2019-02-26,Flowering,,0.05,0.0
III,Bulacan,San Miguel,2019-02-27,Flowering,,0.07,0.34
III,Bulacan,San Miguel,2019-02-28,Flowering,6.0,0.0,0.0
III,Bulacan,San Miguel,2019-03-01,Ripening,4.0,0.1,0.88
III,Bulacan,San Miguel,2019-03-02,Ripening,1.0,0.0,1.74
III,Bulacan,San Miguel,2019-03-03,Ripening,2.0,0.0,1.06
III,Bulacan,San Miguel,2019-03-04,Ripening,0.0,0.0,2.22
III,Bulacan,San Miguel,2019-03-05,Ripening,2.0,0.02,1.67
III,Bulacan,San Miguel,2019-03-06,Ripening,1.0,0.03,4.39
III,Bulacan,San Miguel,2019-03-07,Ripening,1.0,0.0,4.72
III,Bulacan,San Miguel,2019-03-08,Ripening,1.0,0.0,7.67
III,Bulacan,San Miguel,2019-03-09,Ripening,2.0,0.09,8.07
III,Bulacan,San Miguel,2019-03-10,Ripening,1.0,0.02,10.8
III,Bulacan,San Miguel,2019-03-11,Ripening,0.0,0.01,9.72
III,Bulacan,San Miguel,2019-03-12,Ripening,1.0,0.01,10.75
III,Bulacan,San Miguel,2019-03-13,Ripening,1.0,0.05,10.11
III,Bulacan,San Miguel,2019-03-14,Ripening,1.0,0.0,9.37
III,Bulacan,San Miguel,2019-03-15,Ripening,0.0,0.11,9.17
III,Bulacan,San Miguel,2019-03-16,Ripening,0.0,0.07,8.5
III,Bulacan,San Miguel,2019-03-17,Ripening,1.0,0.04,8.52
III,Bulacan,San Miguel,2019-03-18,Ripening,1.0,0.19,8.09
III,Bulacan,San Miguel,2019-03-19,Ripening,0.0,0.12,6.95
III,Bulacan,San Miguel,2019-03-20,Ripening,0.0,0.15,6.55
III,Bulacan,San Miguel,2019-03-21,Ripening,1.0,0.14,4.54
III,Bulacan,San Miguel,2019-03-22,Ripening,0.0,0.09,2.28
III,Bulacan,San Miguel,2019-03-23,Ripening,2.0,0.09,0.85
III,Bulacan,San Miguel,2019-03-24,Ripening,2.0,0.24,0.0
III,Bulacan,San Miguel,2019-03-25,Ripening,0.0,0.12,1.19
III,Bulacan,San Miguel,2019-03-26,Ripening,0.0,0.07,0.1
III,Bulacan,San Miguel,2019-03-27,Ripening,0.0,0.2,0.0
III,Bulacan,San Miguel,2019-03-28,Ripening,0.0,0.13,0.05
III,Bulacan,San Miguel,2019-03-29,Ripening,0.0,0.09,0.0
III,Bulacan,San Miguel,2019-03-30,Ripening,0.0,0.11,0.13
III,Bulacan,San Miguel,2019-03-31,Ripening,1.0,0.05,0.14
III,Bulacan,San Miguel,2019-04-01,Ripening,0.0,0.2,0.02
III,Bulacan,San Miguel,2019-04-02,Ripening,0.0,0.0,0.09
III,Bulacan,San Miguel,2019-04-03,Ripening,1.0,0.0,0.06
III,Bulacan,San Miguel,2019-04-04,Ripening,0.0,0.0,0.12
III,Bulacan,San Miguel,2019-04-05,Ripening,0.0,0.11,0.0
III,Bulacan,San Miguel,2019-04-06,Ripening,0.0,0.15,0.05
III,Bulacan,San Miguel,2019-04-07,Ripening,0.0,0.02,0.03
III,Bulacan,San Miguel,2019-04-08,Ripening,0.0,0.03,0.0
III,Bulacan,San Miguel,2019-04-09,Ripening,0.0,0.07,0.05
III,Bulacan,San Miguel,2019-04-10,Ripening,0.0,0.06,0.07
III,Bulacan,San Miguel,2019-04-11,Ripening,0.0,0.0,
III,Bulacan,San Miguel,2019-04-12,Ripening,1.0,0.04,
III,Bulacan,San Miguel,2019-04-13,Ripening,0.0,0.19,
III,Bulacan,San Miguel,2019-04-14,Ripening,0.0,0.01,
III,Bulacan,San Miguel,2019-04-15,Ripening,0.0,0.03,0.11
III,Bulacan,San Miguel,2019-04-16,Ripening,0.0,0.18,0.11
III,Bulacan,San Miguel,2019-04-17,Ripening,0.0,0.0,0.09
III,Bulacan,San Miguel,2019-04-18,Ripening,0.0,0.04,0.0
III,Bulacan,San Miguel,2019-04-19,Ripening,0.0,,0.03
III,Bulacan,San Miguel,2019-04-20,Ripening,0.0,,0.1
III,Bulacan,San Miguel,2019-04-21,Ripening,0.0,0.06,0.0
III,Bulacan,San Miguel,2019-04-22,Ripening,0.0,0.21,0.11
III,Bulacan,San Miguel,2019-04-23,Ripening,0.0,0.1,0.02
III,Bulacan,San Miguel,2019-04-24,Ripening,0.0,0.07,0.06
III,Bulacan,San Miguel,2019-04-25,Ripening,0.0,0.18,0.11
III,Bulacan,San Miguel,2019-04-26,Ripening,0.0,0.0,0.0
III,Bulacan,San Miguel,2019-04-27,Ripening,1.0,0.13,0.16
III,Bulacan,San Miguel,2019-04-28,Ripening,0.0,0.28,0.08
III,Bulacan,San Miguel,2019-04-29,Seedling,0.0,0.17,0.0
III,Bulacan,San Miguel,2019-04-30,Seedling,2.0,0.0,0.14
III,Bulacan,San Miguel,2019-05-01,Seedling,0.0,0.07,0.0
III,Bulacan,San Miguel,2019-05-02,Seedling,0.0,0.08,0.07
III,Bulacan,San Miguel,2019-05-03,Seedling,0.0,0.0,0.07
III,Bulacan,San Miguel,2019-05-04,Seedling,0.0,0.07,0.04
III,Bulacan,San Miguel,2019-05-05,Seedling,0.0,0.13,0.1
III,Bulacan,San Miguel,2019-05-06,Seedling,0.0,0.06,0.12
III,Bulacan,San Miguel,2019-05-07,Seedling,0.0,0.07,0.01
III,Bulacan,San Miguel,2019-05-08,Seedling,0.0,0.04,0.04
III,Bulacan,San Miguel,2019-05-09,Seedling,0.0,0.13,0.21
III,Bulacan,San Miguel,2019-05-10,Seedling,0.0,0.19,0.24
III,Bulacan,San Miguel,2019-05-11,Seedling,0.0,0.17,
III,Bulacan,San Miguel,2019-05-12,Seedling,0.0,0.11,
III,Bulacan,San Miguel,2019-05-13,Seedling,0.0,0.05,
III,Bulacan,San Miguel,2019-05-14,Seedling,0.0,0.15,
III,Bulacan,San Miguel,2019-05-15,Seedling,0.0,0.03,0.13
III,Bulacan,San Miguel,2019-05-16,Seedling,0.0,0.0,0.16
III,Bulacan,San Miguel,2019-05-17,Seedling,0.0,0.0,0.18
III,Bulacan,San Miguel,2019-05-18,Seedling,0.0,0.05,0.17
III,Bulacan,San Miguel,2019-05-19,Seedling,0.0,0.16,0.01
III,Bulacan,San Miguel,2019-05-20,Seedling,0.0,0.01,0.18
III,Bulacan,San Miguel,2019-05-21,Seedling,0.0,0.0,0.04
III,Bulacan,San Miguel,2019-05-22,Seedling,0.0,0.14,0.14
III,Bulacan,San Miguel,2019-05-23,Seedling,0.0,0.19,0.17
III,Bulacan,San Miguel,2019-05-24,Seedling,0.0,0.0,0.09
III,Bulacan,San Miguel,2019-05-25,Seedling,0.0,0.0,
III,Bulacan,San Miguel,2019-05-26,Seedling,0.0,0.2,
III,Bulacan,San Miguel,2019-05-27,Seedling,0.0,0.04,
III,Bulacan,San Miguel,2019-05-28,Seedling,0.0,0.15,0.0
III,Bulacan,San Miguel,2019-05-29,Seedling,0.0,0.06,0.09
III,Bulacan,San Miguel,2019-05-30,Seedling,0.0,0.18,0.09
III,Bulacan,San Miguel,2019-05-31,Seedling,0.0,0.03,0.07
III,Bulacan,San Miguel,2019-06-01,Seedling,0.0,0.01,0.12
III,Bulacan,San Miguel,2019-06-02,Seedling,17.0,3.04,0.1
III,Bulacan,San Miguel,2019-06-03,Seedling,17.0,3.55,0.05
III,Bulacan,San Miguel,2019-06-04,Seedling,22.0,2.5,0.1
III,Bulacan,San Miguel,2019-06-05,Seedling,25.0,2.36,0.18
III,Bulacan,San Miguel,2019-06-06,Seedling,22.0,3.22,0.18
III,Bulacan,San Miguel,2019-06-07,Seedling,15.0,2.78,0.05
III,Bulacan,San Miguel,2019-06-08,Seedling,18.0,2.3,0.13
III,Bulacan,San Miguel,2019-06-09,Seedling,17.0,3.04,0.03
III,Bulacan,San Miguel,2019-06-10,Seedling,13.0,3.96,0.17
III,Bulacan,San Miguel,2019-06-11,Seedling,13.0,,0.13
III,Bulacan,San Miguel,2019-06-12,Seedling,8.0,,0.04
III,Bulacan,San Miguel,2019-06-13,Seedling,5.0,,0.06
III,Bulacan,San Miguel,2019-06-14,Seedling,2.0,1.19,0.0
III,Bulacan,San Miguel,2019-06-15,Seedling,3.0,2.07,0.19
III,Bulacan,San Miguel,2019-06-16,Seedling,2.0,1.72,0.21
III,Bulacan,San Miguel,2019-06-17,Tillering,3.0,1.62,0.17
III,Bulacan,San Miguel,2019-06-18,Tillering,2.0,0.95,0.0
III,Bulacan,San Miguel,2019-06-19,Tillering,3.0,0.11,0.13
III,Bulacan,San Miguel,2019-06-20,Tillering,0.0,0.53,0.1
III,Bulacan,San Miguel,2019-06-21,Tillering,3.0,0.76,0.06
III,Bulacan,San Miguel,2019-06-22,Tillering,3.0,1.37,0.15
III,Bulacan,San Miguel,2019-06-23,Tillering,3.0,1.04,0.19
III,Bulacan,San Miguel,2019-06-24,Tillering,2.0,1.25,0.17
III,Bulacan,San Miguel,2019-06-25,Tillering,3.0,0.69,0.1
III,Bulacan,San Miguel,2019-06-26,Tillering,4.0,0.59,0.11
III,Bulacan,San Miguel,2019-06-27,Tillering,6.0,0.0,0.06
III,Bulacan,San Miguel,2019-06-28,Tillering,9.0,0.0,0.06
III,Bulacan,San Miguel,2019-06-29,Tillering,14.0,1.42,0.1
III,Bulacan,San Miguel,2019-06-30,Tillering,16.0,2.55,0.2
III,Bulacan,San Miguel,2019-07-01,Tillering,13.0,2.19,0.03
III,Bulacan,San Miguel,2019-07-02,Tillering,25.0,1.7,0.04
III,Bulacan,San Miguel,2019-07-03,Tillering,25.0,2.4,0.21
III,Bulacan,San Miguel,2019-07-04,Tillering,20.0,0.0,0.12
III,Bulacan,San Miguel,2019-07-05,Tillering,39.0,1.57,0.06
III,Bulacan,San Miguel,2019-07-06,Tillering,27.0,0.31,0.06
III,Bulacan,San Miguel,2019-07-07,Tillering,20.0,0.25,0.17
III,Bulacan,San Miguel,2019-07-08,Tillering,41.0,2.18,0.16
III,Bulacan,San Miguel,2019-07-09,Tillering,24.0,0.93,0.27
III,Bulacan,San Miguel,2019-07-10,Tillering,17.0,1.01,0.14
III,Bulacan,San Miguel,2019-07-11,Elongation,28.0,0.66,0.03
III,Bulacan,San Miguel,2019-07-12,Elongation,15.0,0.64,0.18
III,Bulacan,San Miguel,2019-07-13,Elongation,14.0,1.58,0.2
III,Bulacan,San Miguel,2019-07-14,Elongation,16.0,1.11,0.09
III,Bulacan,San Miguel,2019-07-15,Elongation,22.0,0.26,0.11
III,Bulacan,San Miguel,2019-07-16,Elongation,12.0,0.0,
III,Bulacan,San Miguel,2019-07-17,Elongation,25.0,0.09,
III,Bulacan,San Miguel,2019-07-18,Elongation,15.0,1.82,
III,Bulacan,San Miguel,2019-07-19,Elongation,16.0,1.44,
III,Bulacan,San Miguel,2019-07-20,Elongation,11.0,1.32,
III,Bulacan,San Miguel,2019-07-21,Elongation,20.0,1.94,0.1
III,Bulacan,San Miguel,2019-07-22,Elongation,22.0,2.83,0.01
III,Bulacan,San Miguel,2019-07-23,Elongation,24.0,3.41,0.0
III,Bulacan,San Miguel,2019-07-24,Elongation,11.0,4.09,0.11
III,Bulacan,San Miguel,2019-07-25,Elongation,11.0,3.18,0.05
III,Bulacan,San Miguel,2019-07-26,Elongation,12.0,,0.0
III,Bulacan,San Miguel,2019-07-27,Elongation,13.0,,0.0
III,Bulacan,San Miguel,2019-07-28,Elongation,13.0,,0.05
III,Bulacan,San Miguel,2019-07-29,Elongation,15.0,,0.14
III,Bulacan,San Miguel,2019-07-30,Panicle,3.0,,4.12
III,Bulacan,San Miguel,2019-07-31,Panicle,15.0,0.01,3.19
III,Bulacan,San Miguel,2019-08-01,Panicle,16.0,0.05,
III,Bulacan,San Miguel,2019-08-02,Panicle,10.0,0.2,
III,Bulacan,San Miguel,2019-08-03,Panicle,12.0,0.21,
III,Bulacan,San Miguel,2019-08-04,Panicle,13.0,0.01,
III,Bulacan,San Miguel,2019-08-05,Panicle,11.0,0.0,
III,Bulacan,San Miguel,2019-08-06,Panicle,6.0,0.13,1.2
III,Bulacan,San Miguel,2019-08-07,Panicle,5.0,0.1,0.16
III,Bulacan,San Miguel,2019-08-08,Panicle,11.0,0.21,0.12
III,Bulacan,San Miguel,2019-08-09,Panicle,7.0,0.04,0.0
III,Bulacan,San Miguel,2019-08-10,Panicle,8.0,0.12,1.15
III,Bulacan,San Miguel,2019-08-11,Panicle,6.0,0.12,0.0
III,Bulacan,San Miguel,2019-08-12,Panicle,7.0,0.2,1.27
III,Bulacan,San Miguel,2019-08-13,Flowering,6.0,0.11,1.51
III,Bulacan,San Miguel,2019-08-14,Flowering,4.0,0.09,1.89
III,Bulacan,San Miguel,2019-08-15,Flowering,4.0,0.11,1.99
III,Bulacan,San Miguel,2019-08-16,Flowering,1.0,0.0,1.97
III,Bulacan,San Miguel,2019-08-17,Flowering,3.0,0.08,0.76
III,Bulacan,San Miguel,2019-08-18,Flowering,1.0,0.15,2.87
III,Bulacan,San Miguel,2019-08-19,Flowering,2.0,0.2,1.45
III,Bulacan,San Miguel,2019-08-20,Flowering,1.0,0.19,2.82
III,Bulacan,San Miguel,2019-08-21,Flowering,1.0,0.12,2.53
III,Bulacan,San Miguel,2019-08-22,Flowering,2.0,0.1,1.34
III,Bulacan,San Miguel,2019-08-23,Flowering,0.0,0.03,1.51
III,Bulacan,San Miguel,2019-08-24,Flowering,2.0,0.0,0.67
III,Bulacan,San Miguel,2019-08-25,Flowering,7.0,0.3,0.0
III,Bulacan,San Miguel,2019-08-26,Flowering,6.0,0.2,2.07
III,Bulacan,San Miguel,2019-08-27,Ripening,5.0,0.0,3.31
III,Bulacan,San Miguel,2019-08-28,Ripening,4.0,0.11,1.96
III,Bulacan,San Miguel,2019-08-29,Ripening,3.0,0.01,2.53
III,Bulacan,San Miguel,2019-08-30,Ripening,2.0,0.18,2.8
III,Bulacan,San Miguel,2019-08-31,Ripening,6.0,0.07,2.62
III,Bulacan,San Miguel,2019-09-01,Ripening,4.0,0.05,1.54
III,Bulacan,San Miguel,2019-09-02,Ripening,8.0,0.05,1.12
III,Bulacan,San Miguel,2019-09-03,Ripening,5.0,0.09,0.89
III,Bulacan,San Miguel,2019-09-04,Ripening,6.0,0.2,1.85
III,Bulacan,San Miguel,2019-09-05,Ripening,0.0,0.18,0.13
III,Bulacan,San Miguel,2019-09-06,Ripening,4.0,0.05,0.41
III,Bulacan,San Miguel,2019-09-07,Ripening,4.0,0.0,0.03
III,Bulacan,San Miguel,2019-09-08,Ripening,0.0,0.15,0.72
III,Bulacan,San Miguel,2019-09-09,Ripening  ,2.0,0.08,0.86
III,Bulacan,San Miguel,2019-09-10,Ripening,4.0,0.14,0.13
III,Bulacan,San Miguel,2019-09-11,Ripening,2.0,0.09,0.05
III,Bulacan,San Miguel,2019-09-12,Ripening,1.0,0.16,0.67
III,Bulacan,San Miguel,2019-09-13,Ripening,2.0,0.0,0.64
III,Bulacan,San Miguel,2019-09-14,Ripening,1.0,0.11,0.72
III,Bulacan,San Miguel,2019-09-15,Ripening,2.0,0.25,0.75
III,Bulacan,San Miguel,2019-09-16,Ripening,0.0,0.1,0.65
III,Bulacan,San Miguel,2019-09-17,Ripening,1.0,0.11,1.25
III,Bulacan,San Miguel,2019-09-18,Ripening,1.0,0.13,1.29
III,Bulacan,San Miguel,2019-09-19,Ripening,2.0,0.23,0.0
III,Bulacan,San Miguel,2019-09-20,Ripening,0.0,0.11,0.18
III,Bulacan,San Miguel,2019-09-21,Ripening,0.0,0.03,0.05
III,Bulacan,San Miguel,2019-09-22,Ripening,0.0,0.08,0.15
III,Bulacan,San Miguel,2019-09-23,Ripening,0.0,0.12,0.09
III,Bulacan,San Miguel,2019-09-24,Ripening,0.0,0.16,0.01
III,Bulacan,San Miguel,2019-09-25,Ripening,0.0,0.0,0.04
III,Bulacan,San Miguel,2019-09-26,Ripening,0.0,0.08,0.0
III,Bulacan,San Miguel,2019-09-27,Ripening,0.0,0.1,0.13
III,Bulacan,San Miguel,2019-09-28,Ripening,0.0,0.1,0.05
III,Bulacan,San Miguel,2019-09-29,Ripening,0.0,0.19,0.1
III,Bulacan,San Miguel,2019-09-30,Ripening,0.0,0.17,0.02
III,Bulacan,San Miguel,2019-10-01,Ripening,0.0,0.27,0.05
III,Bulacan,San Miguel,2019-10-02,Ripening,0.0,0.21,0.06
III,Bulacan,San Miguel,2019-10-03,Ripening,0.0,0.07,0.12
III,Bulacan,San Miguel,2019-10-04,Ripening,0.0,0.23,0.03
III,Bulacan,San Miguel,2019-10-05,Ripening,0.0,0.12,0.0
III,Bulacan,San Miguel,2019-10-06,Ripening,0.0,0.0,0.12
III,Bulacan,San Miguel,2019-10-07,Ripening,0.0,0.1,0.01
III,Bulacan,San Miguel,2019-10-08,Ripening,0.0,0.09,0.0
III,Bulacan,San Miguel,2019-10-09,Ripening,0.0,0.08,0.07
III,Bulacan,San Miguel,2019-10-10,Ripening,0.0,0.02,0.04
III,Bulacan,San Miguel,2019-10-11,Ripening,0.0,0.01,0.2
III,Bulacan,San Miguel,2019-10-12,Ripening,0.0,0.16,0.16
III,Bulacan,San Miguel,2019-10-13,Ripening,0.0,0.0,0.0
III,Bulacan,San Miguel,2019-10-14,Ripening,0.0,0.08,0.13
III,Bulacan,San Miguel,2019-10-15,Ripening,0.0,0.09,0.04
III,Bulacan,San Miguel,2019-10-16,Ripening,0.0,0.11,0.0
III,Bulacan,San Miguel,2019-10-17,Ripening,0.0,0.19,0.15
III,Bulacan,San Miguel,2019-10-18,Ripening,0.0,0.24,0.11
III,Bulacan,San Miguel,2019-10-19,Ripening,0.0,0.0,0.07
III,Bulacan,San Miguel,2019-10-20,Ripening,0.0,0.03,0.0
III,Bulacan,San Miguel,2019-10-21,Ripening,0.0,0.02,0.09
III,Bulacan,San Miguel,2019-10-22,Ripening,0.0,0.07,0.11
III,Bulacan,San Miguel,2019-10-23,Ripening,1.0,0.09,0.04
III,Bulacan,San Miguel,2019-10-24,Ripening,0.0,0.1,0.0
III,Bulacan,San Miguel,2019-10-25,Ripening,0.0,0.06,0.13
III,Bulacan,San Miguel,2019-10-26,Ripening,0.0,0.11,0.21
III,Bulacan,San Miguel,2019-10-27,Ripening,0.0,0.18,0.03
III,Bulacan,San Miguel,2019-10-28,Ripening,0.0,0.0,0.09
III,Bulacan,San Miguel,2019-10-29,Ripening,0.0,0.07,0.02
III,Bulacan,San Miguel,2019-10-30,Ripening,0.0,0.03,0.15
III,Bulacan,San Miguel,2019-10-31,Seedling,0.0,0.07,0.19
III,Bulacan,San Miguel,2019-11-01,Seedling,0.0,0.09,0.09
III,Bulacan,San Miguel,2019-11-02,Seedling,0.0,0.06,0.24
III,Bulacan,San Miguel,2019-11-03,Seedling,0.0,0.11,0.11
III,Bulacan,San Miguel,2019-11-04,Seedling,0.0,0.0,0.05
III,Bulacan,San Miguel,2019-11-05,Seedling,0.0,0.15,0.0
III,Bulacan,San Miguel,2019-11-06,Seedling,0.0,0.0,0.1
III,Bulacan,San Miguel,2019-11-07,Seedling,0.0,0.06,0.08
III,Bulacan,San Miguel,2019-11-08,Seedling,0.0,0.03,0.0
III,Bulacan,San Miguel,2019-11-09,Seedling,0.0,0.09,0.04
III,Bulacan,San Miguel,2019-11-10,Seedling,0.0,0.01,0.0
III,Bulacan,San Miguel,2019-11-11,Seedling,0.0,0.04,0.2
III,Bulacan,San Miguel,2019-11-12,Seedling,0.0,0.0,0.08
III,Bulacan,San Miguel,2019-11-13,Seedling,0.0,0.0,0.0
III,Bulacan,San Miguel,2019-11-14,Seedling,0.0,0.11,0.0
III,Bulacan,San Miguel,2019-11-15,Seedling,1.0,0.0,0.23
III,Bulacan,San Miguel,2019-11-16,Seedling,0.0,0.05,0.12
III,Bulacan,San Miguel,2019-11-17,Seedling,0.0,0.06,0.15
III,Bulacan,San Miguel,2019-11-18,Seedling,0.0,0.07,0.09
III,Bulacan,San Miguel,2019-11-19,Seedling,0.0,0.0,0.08
III,Bulacan,San Miguel,2019-11-20,Seedling,0.0,0.05,0.01
III,Bulacan,San Miguel,2019-11-21,Seedling,0.0,0.09,
III,Bulacan,San Miguel,2019-11-22,Seedling,0.0,0.14,
III,Bulacan,San Miguel,2019-11-23,Seedling,0.0,0.2,0.16
III,Bulacan,San Miguel,2019-11-24,Seedling,0.0,0.02,0.09
III,Bulacan,San Miguel,2019-11-25,Seedling,0.0,0.04,0.02
III,Bulacan,San Miguel,2019-11-26,Seedling,0.0,0.14,0.03
III,Bulacan,San Miguel,2019-11-27,Seedling,0.0,0.12,0.09
III,Bulacan,San Miguel,2019-11-28,Seedling,0.0,0.04,0.11
III,Bulacan,San Miguel,2019-11-29,Seedling,0.0,0.09,0.0
III,Bulacan,San Miguel,2019-11-30,Seedling,1.0,0.04,0.1
III,Bulacan,San Miguel,2019-12-01,Seedling,0.0,0.12,0.16
III,Bulacan,San Miguel,2019-12-02,Seedling,0.0,0.15,0.03
III,Bulacan,San Miguel,2019-12-03,Seedling,1.0,0.0,0.11
III,Bulacan,San Miguel,2019-12-04,Seedling,0.0,0.06,0.12
III,Bulacan,San Miguel,2019-12-05,Seedling,0.0,0.07,0.18
III,Bulacan,San Miguel,2019-12-06,Seedling,1.0,0.08,0.1
III,Bulacan,San Miguel,2019-12-07,Seedling,0.0,0.07,0.11
III,Bulacan,San Miguel,2019-12-08,Seedling,0.0,0.08,0.06
III,Bulacan,San Miguel,2019-12-09,Seedling,0.0,0.21,0.14
III,Bulacan,San Miguel,2019-12-10,Seedling,0.0,0.07,0.12
III,Bulacan,San Miguel,2019-12-11,Seedling,0.0,0.16,0.0
III,Bulacan,San Miguel,2019-12-12,Seedling,0.0,0.17,0.16
III,Bulacan,San Miguel,2019-12-13,Seedling,0.0,0.21,0.08
III,Bulacan,San Miguel,2019-12-14,Seedling,2.0,0.87,0.0
III,Bulacan,San Miguel,2019-12-15,Seedling,2.0,0.0,0.18
III,Bulacan,San Miguel,2019-12-16,Seedling,1.0,0.26,0.05
III,Bulacan,San Miguel,2019-12-17,Seedling,0.0,0.16,0.0
III,Bulacan,San Miguel,2019-12-18,Seedling,1.0,0.43,0.0
III,Bulacan,San Miguel,2019-12-19,Seedling,1.0,0.64,0.1
III,Bulacan,San Miguel,2019-12-20,Seedling,2.0,0.9,0.0
III,Bulacan,San Miguel,2019-12-21,Seedling,2.0,1.86,0.17
III,Bulacan,San Miguel,2019-12-22,Seedling,2.0,1.16,0.24
III,Bulacan,San Miguel,2019-12-23,Seedling,3.0,1.12,0.06
III,Bulacan,San Miguel,2019-12-24,Seedling,1.0,0.51,0.07
III,Bulacan,San Miguel,2019-12-25,Seedling,1.0,0.27,0.12
III,Bulacan,San Miguel,2019-12-26,Seedling,1.0,0.61,0.31
III,Bulacan,San Miguel,2019-12-27,Tillering,2.0,0.65,0.05
III,Bulacan,San Miguel,2019-12-28,Tillering,2.0,2.31,0.08
III,Bulacan,San Miguel,2019-12-29,Tillering,2.0,2.26,0.19
III,Bulacan,San Miguel,2019-12-30,Tillering,1.0,2.74,0.04
III,Bulacan,San Miguel,2019-12-31,Tillering,1.0,2.42,0.02
III,Bulacan,San Miguel,2020-01-01,Tillering,5.0,3.14,0.17
III,Bulacan,San Miguel,2020-01-02,Tillering,2.0,2.33,0.07
III,Bulacan,San Miguel,2020-01-03,Tillering,3.0,3.34,0.24
III,Bulacan,San Miguel,2020-01-04,Tillering,5.0,2.83,0.13
III,Bulacan,San Miguel,2020-01-05,Tillering,4.0,2.38,0.0
III,Bulacan,San Miguel,2020-01-06,Tillering,1.0,1.93,0.08
III,Bulacan,San Miguel,2020-01-07,Tillering,3.0,2.74,0.05
III,Bulacan,San Miguel,2020-01-08,Tillering,5.0,2.93,0.08
III,Bulacan,San Miguel,2020-01-09,Tillering,2.0,1.95,0.05
III,Bulacan,San Miguel,2020-01-10,Tillering,2.0,1.69,0.08
III,Bulacan,San Miguel,2020-01-11,Tillering,3.0,1.05,0.07
III,Bulacan,San Miguel,2020-01-12,Tillering,3.0,1.05,0.02
III,Bulacan,San Miguel,2020-01-13,Tillering,2.0,0.39,0.26
III,Bulacan,San Miguel,2020-01-14,Tillering,0.0,0.97,0.14
III,Bulacan,San Miguel,2020-01-15,Tillering,0.0,0.61,0.06
III,Bulacan,San Miguel,2020-01-16,Tillering,2.0,0.6,0.14
III,Bulacan,San Miguel,2020-01-17,Tillering,0.0,0.64,0.17
III,Bulacan,San Miguel,2020-01-18,Tillering,5.0,0.0,0.09
III,Bulacan,San Miguel,2020-01-19,Tillering,3.0,0.99,0.17
III,Bulacan,San Miguel,2020-01-20,Tillering,4.0,0.64,0.02
III,Bulacan,San Miguel,2020-01-21,Elongation,2.0,0.29,0.17
III,Bulacan,San Miguel,2020-01-22,Elongation,3.0,1.95,0.11
III,Bulacan,San Miguel,2020-01-23,Elongation,0.0,0.43,0.13
III,Bulacan,San Miguel,2020-01-24,Elongation,0.0,0.72,0.05
III,Bulacan,San Miguel,2020-01-25,Elongation,1.0,1.56,0.2
III,Bulacan,San Miguel,2020-01-26,Elongation,2.0,0.55,0.11
III,Bulacan,San Miguel,2020-01-27,Elongation,0.0,2.08,0.02
III,Bulacan,San Miguel,2020-01-28,Elongation,0.0,2.59,0.02
III,Bulacan,San Miguel,2020-01-29,Elongation,2.0,0.79,0.24
III,Bulacan,San Miguel,2020-01-30,Elongation,2.0,0.55,0.14
III,Bulacan,San Miguel,2020-01-31,Elongation,1.0,0.99,0.0
III,Bulacan,San Miguel,2020-02-01,Elongation,1.0,1.12,0.02
III,Bulacan,San Miguel,2020-02-02,Elongation,2.0,0.12,0.02
III,Bulacan,San Miguel,2020-02-03,Elongation,2.0,0.61,0.07
III,Bulacan,San Miguel,2020-02-04,Elongation,2.0,0.79,0.04
III,Bulacan,San Miguel,2020-02-05,Elongation,2.0,0.32,0.07
III,Bulacan,San Miguel,2020-02-06,Elongation,1.0,0.21,0.13
III,Bulacan,San Miguel,2020-02-07,Elongation,1.0,0.72,0.07
III,Bulacan,San Miguel,2020-02-08,Elongation,2.0,1.41,0.0
III,Bulacan,San Miguel,2020-02-09,Elongation,3.0,1.31,0.1
III,Bulacan,San Miguel,2020-02-10,Panicle,0.0,0.19,1.53
III,Bulacan,San Miguel,2020-02-11,Panicle,0.0,0.09,1.96
III,Bulacan,San Miguel,2020-02-12,Panicle,0.0,0.0,0.0
III,Bulacan,San Miguel,2020-02-13,Panicle,3.0,0.13,0.0
III,Bulacan,San Miguel,2020-02-14,Panicle,1.0,0.28,0.26
III,Bulacan,San Miguel,2020-02-15,Panicle,0.0,0.19,1.65
III,Bulacan,San Miguel,2020-02-16,Panicle,1.0,0.0,1.4
III,Bulacan,San Miguel,2020-02-17,Panicle,0.0,0.27,0.4
III,Bulacan,San Miguel,2020-02-18,Panicle,1.0,0.05,0.0
III,Bulacan,San Miguel,2020-02-19,Panicle,3.0,0.11,0.95
III,Bulacan,San Miguel,2020-02-20,Panicle,3.0,0.06,0.23
III,Bulacan,San Miguel,2020-02-21,Panicle,2.0,0.0,0.9
III,Bulacan,San Miguel,2020-02-22,Panicle,1.0,0.11,0.53
III,Bulacan,San Miguel,2020-02-23,Panicle,2.0,0.06,1.33
III,Bulacan,San Miguel,2020-02-24,Panicle,1.0,0.0,1.05
III,Bulacan,San Miguel,2020-02-25,Flowering,1.0,0.0,1.78
III,Bulacan,San Miguel,2020-02-26,Flowering,1.0,0.01,0.44
III,Bulacan,San Miguel,2020-02-27,Flowering,1.0,0.12,0.0
III,Bulacan,San Miguel,2020-02-28,Flowering,2.0,0.17,0.0
III,Bulacan,San Miguel,2020-02-29,Flowering,1.0,0.17,0.04
III,Bulacan,San Miguel,2020-03-01,Flowering,0.0,0.13,0.53
III,Bulacan,San Miguel,2020-03-02,Flowering,1.0,0.09,0.27
III,Bulacan,San Miguel,2020-03-03,Flowering,1.0,0.13,1.74
III,Bulacan,San Miguel,2020-03-04,Flowering,2.0,0.07,0.22
III,Bulacan,San Miguel,2020-03-05,Flowering,3.0,0.03,1.06
III,Bulacan,San Miguel,2020-03-06,Flowering,0.0,0.18,0.67
III,Bulacan,San Miguel,2020-03-07,Flowering,0.0,0.13,0.16
III,Bulacan,San Miguel,2020-03-08,Flowering,0.0,0.07,0.0
III,Bulacan,San Miguel,2020-03-09,Flowering,0.0,0.1,1.14
III,Bulacan,San Miguel,2020-03-10,Ripening,3.0,0.09,0.41
III,Bulacan,San Miguel,2020-03-11,Ripening,0.0,0.11,0.0
III,Bulacan,San Miguel,2020-03-12,Ripening,1.0,0.02,0.0
III,Bulacan,San Miguel,2020-03-13,Ripening,0.0,0.0,0.0
III,Bulacan,San Miguel,2020-03-14,Ripening,0.0,0.05,0.0
III,Bulacan,San Miguel,2020-03-15,Ripening,1.0,0.0,0.0
III,Bulacan,San Miguel,2020-03-16,Ripening,0.0,0.15,0.6
III,Bulacan,San Miguel,2020-03-17,Ripening,1.0,0.21,0.66
III,Bulacan,San Miguel,2020-03-18,Ripening,1.0,0.01,1.6
III,Bulacan,San Miguel,2020-03-19,Ripening,2.0,0.02,0.97
III,Bulacan,San Miguel,2020-03-20,Ripening,4.0,0.18,1.65
III,Bulacan,San Miguel,2020-03-21,Ripening,6.0,0.12,1.69
III,Bulacan,San Miguel,2020-03-22,Ripening,6.0,0.0,2.09
III,Bulacan,San Miguel,2020-03-23,Ripening,3.0,0.21,3.32
III,Bulacan,San Miguel,2020-03-24,Ripening,8.0,0.0,3.79
III,Bulacan,San Miguel,2020-03-25,Ripening,5.0,0.12,5.19
III,Bulacan,San Miguel,2020-03-26,Ripening,4.0,0.0,4.04
III,Bulacan,San Miguel,2020-03-27,Ripening,4.0,0.16,5.37
III,Bulacan,San Miguel,2020-03-28,Ripening,4.0,0.12,4.46
III,Bulacan,San Miguel,2020-03-29,Ripening,6.0,0.16,2.79
III,Bulacan,San Miguel,2020-03-30,Ripening,5.0,0.21,2.97
III,Bulacan,San Miguel,2020-03-31,Ripening,4.0,0.04,1.02
III,Bulacan,San Miguel,2020-04-01,Ripening,1.0,0.0,0.45
III,Bulacan,San Miguel,2020-04-02,Ripening,1.0,0.18,1.63
III,Bulacan,San Miguel,2020-04-03,Ripening,4.0,0.0,0.53
III,Bulacan,San Miguel,2020-04-04,Ripening,0.0,0.08,0.0
III,Bulacan,San Miguel,2020-04-05,Ripening,0.0,0.04,0.16
III,Bulacan,San Miguel,2020-04-06,Ripening,0.0,0.12,0.02
III,Bulacan,San Miguel,2020-04-07,Ripening,0.0,,0.17
III,Bulacan,San Miguel,2020-04-08,Ripening,0.0,,0.15
III,Bulacan,San Miguel,2020-04-09,Ripening,0.0,,0.1
III,Bulacan,San Miguel,2020-04-10,Ripening,0.0,,0.02
III,Bulacan,San Miguel,2020-04-11,Ripening,0.0,0.04,0.11
III,Bulacan,San Miguel,2020-04-12,Ripening,0.0,0.06,0.01
III,Bulacan,San Miguel,2020-04-13,Ripening,0.0,0.07,0.05
III,Bulacan,San Miguel,2020-04-14,Ripening,0.0,0.21,0.1
III,Bulacan,San Miguel,2020-04-15,Ripening,0.0,0.02,0.03
III,Bulacan,San Miguel,2020-04-16,Ripening,0.0,0.0,0.09
III,Bulacan,San Miguel,2020-04-17,Ripening,0.0,0.08,0.04
III,Bulacan,San Miguel,2020-04-18,Ripening,0.0,0.0,0.04
III,Bulacan,San Miguel,2020-04-19,Ripening,0.0,0.0,0.06
III,Bulacan,San Miguel,2020-04-20,Ripening,0.0,0.08,0.07
III,Bulacan,San Miguel,2020-04-21,Ripening,0.0,0.01,0.0
III,Bulacan,San Miguel,2020-04-22,Ripening,0.0,0.09,0.18
III,Bulacan,San Miguel,2020-04-23,Ripening,0.0,0.09,0.0
III,Bulacan,San Miguel,2020-04-24,ripening,0.0,0.15,0.08
III,Bulacan,San Miguel,2020-04-25,Ripening,0.0,0.0,0.13
III,Bulacan,San Miguel,2020-04-26,Ripening,0.0,0.06,0.24
III,Bulacan,San Miguel,2020-04-27,Ripening,0.0,0.08,0.09
III,Bulacan,San Miguel,2020-04-28,Ripening,0.0,0.1,0.01
III,Bulacan,San Miguel,2020-04-29,Ripening,0.0,0.14,0.09
III,Bulacan,San Miguel,2020-04-30,Ripening,0.0,0.09,0.27
III,Bulacan,San Miguel,2020-05-01,Ripening,0.0,0.01,0.0
III,Bulacan,San Miguel,2020-05-02,Ripening,0.0,0.24,0.09
III,Bulacan,San Miguel,2020-05-03,Seedling,0.0,0.12,0.17
III,Bulacan,San Miguel,2020-05-04,Seedling,0.0,0.05,0.0
III,Bulacan,San Miguel,2020-05-05,Seedling,0.0,0.11,0.11
III,Bulacan,San Miguel,2020-05-06,Seedling,0.0,0.11,0.11
III,Bulacan,San Miguel,2020-05-07,Seedling,0.0,0.0,0.12
III,Bulacan,San Miguel,2020-05-08,Seedling,1.0,0.13,0.1
III,Bulacan,San Miguel,2020-05-09,Seedling,0.0,0.0,0.0
III,Bulacan,San Miguel,2020-05-10,Seedling,0.0,0.04,0.09
III,Bulacan,San Miguel,2020-05-11,Seedling,0.0,0.07,0.3
III,Bulacan,San Miguel,2020-05-12,Seedling,0.0,0.0,0.09
III,Bulacan,San Miguel,2020-05-13,Seedling,0.0,0.05,0.06
III,Bulacan,San Miguel,2020-05-14,Seedling,0.0,0.19,0.0
III,Bulacan,San Miguel,2020-05-15,Seedling,0.0,0.0,0.2
III,Bulacan,San Miguel,2020-05-16,Seedling,0.0,0.0,0.14
III,Bulacan,San Miguel,2020-05-17,Seedling,0.0,0.15,0.17
III,Bulacan,San Miguel,2020-05-18,Seedling,0.0,0.18,0.0
III,Bulacan,San Miguel,2020-05-19,Seedling,1.0,0.0,0.08
III,Bulacan,San Miguel,2020-05-20,Seedling,0.0,0.0,0.0
III,Bulacan,San Miguel,2020-05-21,Seedling,0.0,0.0,0.26
III,Bulacan,San Miguel,2020-05-22,Seedling,0.0,0.0,0.08
III,Bulacan,San Miguel,2020-05-23,Seedling,0.0,0.03,0.01
III,Bulacan,San Miguel,2020-05-24,Seedling,0.0,0.12,0.09
III,Bulacan,San Miguel,2020-05-25,Seedling,0.0,0.11,0.0
III,Bulacan,San Miguel,2020-05-26,Seedling,1.0,0.11,0.1
III,Bulacan,San Miguel,2020-05-27,Seedling,0.0,0.02,0.16
III,Bulacan,San Miguel,2020-05-28,Seedling,0.0,0.16,0.03
III,Bulacan,San Miguel,2020-05-29,Seedling,0.0,0.2,0.04
III,Bulacan,San Miguel,2020-05-30,Seedling,0.0,0.05,0.04
III,Bulacan,San Miguel,2020-05-31,Seedling,0.0,0.05,0.08
III,Bulacan,San Miguel,2020-06-01,Seedling,29.0,2.13,0.0
III,Bulacan,San Miguel,2020-06-02,Seedling,21.0,1.27,0.12
III,Bulacan,San Miguel,2020-06-03,Seedling,25.0,1.59,0.08
III,Bulacan,San Miguel,2020-06-04,Seedling,12.0,1.1,0.11
III,Bulacan,San Miguel,2020-06-05,Seedling,17.0,0.94,0.08
III,Bulacan,San Miguel,2020-06-06,Seedling,14.0,1.28,0.08
III,Bulacan,San Miguel,2020-06-07,Seedling,18.0,0.66,0.1
III,Bulacan,San Miguel,2020-06-08,Seedling,12.0,1.44,0.0
III,Bulacan,San Miguel,2020-06-09,Seedling,7.0,0.13,0.0
III,Bulacan,San Miguel,2020-06-10,Seedling,8.0,0.7,0.01
III,Bulacan,San Miguel,2020-06-11,Seedling,6.0,1.16,0.18
III,Bulacan,San Miguel,2020-06-12,Seedling,4.0,0.89,0.05
III,Bulacan,San Miguel,2020-06-13,Seedling,6.0,0.05,0.13
III,Bulacan,San Miguel,2020-06-14,Seedling,10.0,0.67,0.0
III,Bulacan,San Miguel,2020-06-15,Seedling,8.0,0.26,0.08
III,Bulacan,San Miguel,2020-06-16,Tillering,12.0,1.5,0.11
III,Bulacan,San Miguel,2020-06-17,Tillering,13.0,0.0,0.23
III,Bulacan,San Miguel,2020-06-18,Tillering,12.0,0.79,0.08
III,Bulacan,San Miguel,2020-06-19,Tillering,16.0,0.69,0.0
III,Bulacan,San Miguel,2020-06-20,Tillering,17.0,1.18,0.08
III,Bulacan,San Miguel,2020-06-21,Tillering,18.0,0.14,0.1
III,Bulacan,San Miguel,2020-06-22,Tillering,22.0,0.37,0.13
III,Bulacan,San Miguel,2020-06-23,Tillering,15.0,0.54,0.0
III,Bulacan,San Miguel,2020-06-24,Tillering,11.0,0.33,0.07
III,Bulacan,San Miguel,2020-06-25,Tillering,10.0,0.66,0.03
III,Bulacan,San Miguel,2020-06-26,Tillering,16.0,0.81,0.23
III,Bulacan,San Miguel,2020-06-27,Tillering,11.0,0.13,0.07
III,Bulacan,San Miguel,2020-06-28,Tillering,10.0,1.44,0.15
III,Bulacan,San Miguel,2020-06-29,Tillering,16.0,1.07,0.02
III,Bulacan,San Miguel,2020-06-30,Tillering,12.0,0.85,0.2
III,Bulacan,San Miguel,2020-07-01,Tillering,4.0,0.95,0.11
III,Bulacan,San Miguel,2020-07-02,Tillering,9.0,0.65,0.1
III,Bulacan,San Miguel,2020-07-03,Tillering,5.0,0.18,0.16
III,Bulacan,San Miguel,2020-07-04,Tillering,6.0,0.71,0.0
III,Bulacan,San Miguel,2020-07-05,Tillering,3.0,1.07,0.1
III,Bulacan,San Miguel,2020-07-06,Tillering,4.0,0.0,0.05
III,Bulacan,San Miguel,2020-07-07,Tillering,7.0,0.4,0.07
III,Bulacan,San Miguel,2020-07-08,Tillering,7.0,1.23,0.14
III,Bulacan,San Miguel,2020-07-09,Tillering,8.0,2.11,0.11
III,Bulacan,San Miguel,2020-07-10,Tillering,4.0,2.45,0.23
III,Bulacan,San Miguel,2020-07-11,Elongation,4.0,3.99,0.13
III,Bulacan,San Miguel,2020-07-12,Elongation,4.0,3.44,0.08
III,Bulacan,San Miguel,2020-07-13,Elongation,6.0,3.97,0.14
III,Bulacan,San Miguel,2020-07-14,Elongation,1.0,3.36,0.11
III,Bulacan,San Miguel,2020-07-15,Elongation,3.0,3.02,0.0
III,Bulacan,San Miguel,2020-07-16,Elongation,4.0,5.01,0.11
III,Bulacan,San Miguel,2020-07-17,Elongation,5.0,4.27,0.0
III,Bulacan,San Miguel,2020-07-18,Elongation,3.0,5.48,0.13
III,Bulacan,San Miguel,2020-07-19,Elongation,3.0,5.51,0.0
III,Bulacan,San Miguel,2020-07-20,Elongation,5.0,4.39,0.14
III,Bulacan,San Miguel,2020-07-21,Elongation,4.0,5.3,0.0
III,Bulacan,San Miguel,2020-07-22,Elongation,6.0,3.23,0.07
III,Bulacan,San Miguel,2020-07-23,Elongation,0.0,2.92,0.19
III,Bulacan,San Miguel,2020-07-24,Elongation,1.0,3.84,0.12
III,Bulacan,San Miguel,2020-07-25,Elongation,4.0,3.08,0.11
III,Bulacan,San Miguel,2020-07-26,Elongation,1.0,5.31,0.07
III,Bulacan,San Miguel,2020-07-27,Elongation,5.0,4.17,0.06
III,Bulacan,San Miguel,2020-07-28,Elongation,10.0,4.77,0.0
III,Bulacan,San Miguel,2020-07-29,Elongation,7.0,4.95,0.0
III,Bulacan,San Miguel,2020-07-30,Elongation,10.0,3.82,0.03
III,Bulacan,San Miguel,2020-07-31,Panicle,7.0,0.0,6.43
III,Bulacan,San Miguel,2020-08-01,Panicle,9.0,0.15,2.45
III,Bulacan,San Miguel,2020-08-02,Panicle,10.0,0.0,1.62
III,Bulacan,San Miguel,2020-08-03,Panicle,9.0,0.06,1.87
III,Bulacan,San Miguel,2020-08-04,Panicle,11.0,0.07,2.34
III,Bulacan,San Miguel,2020-08-05,Panicle,13.0,0.11,3.45
III,Bulacan,San Miguel,2020-08-06,Panicle,16.0,0.13,2.09
III,Bulacan,San Miguel,2020-08-07,Panicle,7.0,0.07,1.5
III,Bulacan,San Miguel,2020-08-08,Panicle,12.0,0.14,2.03
III,Bulacan,San Miguel,2020-08-09,Panicle,5.0,0.18,2.05
III,Bulacan,San Miguel,2020-08-10,Panicle,10.0,0.1,0.45
III,Bulacan,San Miguel,2020-08-11,Panicle,10.0,0.05,0.0
III,Bulacan,San Miguel,2020-08-12,Panicle,10.0,0.02,0.54
III,Bulacan,San Miguel,2020-08-13,Panicle,9.0,0.16,0.05
III,Bulacan,San Miguel,2020-08-14,Panicle,5.0,0.08,1.89
III,Bulacan,San Miguel,2020-08-15,Flowering,4.0,0.16,1.16
III,Bulacan,San Miguel,2020-08-16,Flowering,4.0,0.1,1.67
III,Bulacan,San Miguel,2020-08-17,Flowering,4.0,0.07,2.9
III,Bulacan,San Miguel,2020-08-18,Flowering,9.0,0.08,3.53
III,Bulacan,San Miguel,2020-08-19,Flowering,4.0,0.11,2.72
III,Bulacan,San Miguel,2020-08-20,Flowering,1.0,0.05,2.39
III,Bulacan,San Miguel,2020-08-21,Flowering,9.0,0.0,2.98
III,Bulacan,San Miguel,2020-08-22,Flowering,3.0,0.14,0.58
III,Bulacan,San Miguel,2020-08-23,FLOWERING,14.0,0.09,1.8
III,Bulacan,San Miguel,2020-08-24,Flowering,10.0,0.04,3.89
III,Bulacan,San Miguel,2020-08-25,Flowering,12.0,0.15,2.63
III,Bulacan,San Miguel,2020-08-26,Flowering,13.0,0.05,3.78
III,Bulacan,San Miguel,2020-08-27,Flowering,9.0,0.22,2.66
III,Bulacan,San Miguel,2020-08-28,Flowering,9.0,0.19,1.9
III,Bulacan,San Miguel,2020-08-29,Ripening,4.0,0.06,1.8
III,Bulacan,San Miguel,2020-08-30,Ripening,1.0,0.12,0.07
III,Bulacan,San Miguel,2020-08-31,Ripening,5.0,0.08,0.92
III,Bulacan,San Miguel,2020-09-01,Ripening,3.0,0.0,0.71
III,Bulacan,San Miguel,2020-09-02,Ripening,3.0,0.0,0.79
III,Bulacan,San Miguel,2020-09-03,Ripening,3.0,0.11,0.82
III,Bulacan,San Miguel,2020-09-04,Ripening,6.0,0.0,0.0
III,Bulacan,San Miguel,2020-09-05,Ripening,12.0,0.01,1.28
III,Bulacan,San Miguel,2020-09-06,Ripening,6.0,0.07,0.72
III,Bulacan,San Miguel,2020-09-07,Ripening,5.0,0.18,0.82
III,Bulacan,San Miguel,2020-09-08,Ripening,1.0,0.14,1.8
III,Bulacan,San Miguel,2020-09-09,Ripening,3.0,0.01,0.43
III,Bulacan,San Miguel,2020-09-10,Ripening,1.0,0.13,2.17
III,Bulacan,San Miguel,2020-09-11,Ripening,0.0,0.0,1.28
III,Bulacan,San Miguel,2020-09-12,Ripening,0.0,0.16,0.33
III,Bulacan,San Miguel,2020-09-13,Ripening,3.0,0.07,0.0
III,Bulacan,San Miguel,2020-09-14,Ripening,2.0,0.07,0.46
III,Bulacan,San Miguel,2020-09-15,Ripening,2.0,0.04,0.4
III,Bulacan,San Miguel,2020-09-16,Ripening,1.0,0.08,0.11
III,Bulacan,San Miguel,2020-09-17,Ripening,0.0,0.04,0.3
III,Bulacan,San Miguel,2020-09-18,Ripening,0.0,0.15,0.0
III,Bulacan,San Miguel,2020-09-19,Ripening,0.0,0.0,0.32
III,Bulacan,San Miguel,2020-09-20,Ripening,1.0,0.0,1.04
III,Bulacan,San Miguel,2020-09-21,Ripening,1.0,0.19,0.96
III,Bulacan,San Miguel,2020-09-22,Ripening,3.0,0.05,1.57
III,Bulacan,San Miguel,2020-09-23,Ripening,0.0,0.16,0.0
III,Bulacan,San Miguel,2020-09-24,Ripening,0.0,0.0,0.08
III,Bulacan,San Miguel,2020-09-25,Ripening,0.0,,0.17
III,Bulacan,San Miguel,2020-09-26,Ripening,0.0,,0.17
III,Bulacan,San Miguel,2020-09-27,Ripening,0.0,,0.08
III,Bulacan,San Miguel,2020-09-28,Ripening,0.0,0.07,0.06
III,Bulacan,San Miguel,2020-09-29,Ripening,0.0,0.09,0.0
III,Bulacan,San Miguel,2020-09-30,Ripening,0.0,0.0,0.04
III,Bulacan,San Miguel,2020-10-01,Ripening,0.0,0.04,0.06
III,Bulacan,San Miguel,2020-10-02,Ripening,0.0,0.0,0.18
III,Bulacan,San Miguel,2020-10-03,Ripening,0.0,0.05,
III,Bulacan,San Miguel,2020-10-04,Ripening,0.0,0.04,
III,Bulacan,San Miguel,2020-10-05,Ripening,0.0,0.1,0.0
III,Bulacan,San Miguel,2020-10-06,Ripening,0.0,0.05,0.09
III,Bulacan,San Miguel,2020-10-07,Ripening,0.0,0.09,0.19
III,Bulacan,San Miguel,2020-10-08,Ripening,0.0,0.12,0.21
III,Bulacan,San Miguel,2020-10-09,Ripening,0.0,0.24,0.17
III,Bulacan,San Miguel,2020-10-10,Ripening,0.0,0.19,0.07
III,Bulacan,San Miguel,2020-10-11,Ripening,0.0,0.0,0.06
III,Bulacan,San Miguel,2020-10-12,Ripening,0.0,0.2,
III,Bulacan,San Miguel,2020-10-13,Ripening,0.0,0.13,
III,Bulacan,San Miguel,2020-10-14,Ripening,0.0,0.01,
III,Bulacan,San Miguel,2020-10-15,Ripening,0.0,0.07,
III,Bulacan,San Miguel,2020-10-16,Ripening,0.0,0.04,0.05
III,Bulacan,San Miguel,2020-10-17,Ripening,0.0,0.0,0.05
III,Bulacan,San Miguel,2020-10-18,Ripening,0.0,0.24,0.13
III,Bulacan,San Miguel,2020-10-19,Ripening,0.0,0.17,0.16
III,Bulacan,San Miguel,2020-10-20,RIPENING,0.0,0.32,0.0
III,Bulacan,San Miguel,2020-10-21,Ripening,0.0,0.18,0.08
III,Bulacan,San Miguel,2020-10-22,Ripening,1.0,0.06,0.12
III,Bulacan,San Miguel,2020-10-23,Ripening,0.0,0.14,0.15
III,Bulacan,San Miguel,2020-10-24,Ripening,0.0,0.2,0.0
III,Bulacan,San Miguel,2020-10-25,Ripening,0.0,0.14,0.12
III,Bulacan,San Miguel,2020-10-26,Ripening,1.0,0.22,0.12
III,Bulacan,San Miguel,2020-10-27,Ripening,0.0,0.06,0.01
III,Bulacan,San Miguel,2020-10-28,Seedling,0.0,0.14,0.02
III,Bulacan,San Miguel,2020-10-29,Seedling,1.0,0.02,0.15
III,Bulacan,San Miguel,2020-10-30,Seedling,0.0,0.09,0.09
III,Bulacan,San Miguel,2020-10-31,Seedling,0.0,0.1,0.07
III,Bulacan,San Miguel,2020-11-01,Seedling,0.0,0.17,0.09
III,Bulacan,San Miguel,2020-11-02,Seedling,0.0,0.0,0.16
III,Bulacan,San Miguel,2020-11-03,Seedling,0.0,0.2,0.15
III,Bulacan,San Miguel,2020-11-04,Seedling,0.0,0.03,0.0
III,Bulacan,San Miguel,2020-11-05,Seedling,0.0,0.15,0.07
III,Bulacan,San Miguel,2020-11-06,Seedling,0.0,0.2,0.0
III,Bulacan,San Miguel,2020-11-07,Seedling,0.0,0.0,0.0
III,Bulacan,San Miguel,2020-11-08,Seedling,0.0,,0.12
III,Bulacan,San Miguel,2020-11-09,Seedling,0.0,,0.12
III,Bulacan,San Miguel,2020-11-10,Seedling,0.0,,0.0
III,Bulacan,San Miguel,2020-11-11,Seedling,1.0,0.24,0.11
III,Bulacan,San Miguel,2020-11-12,Seedling,0.0,0.22,0.0
III,Bulacan,San Miguel,2020-11-13,Seedling,0.0,0.0,0.03
III,Bulacan,San Miguel,2020-11-14,Seedling,0.0,0.09,0.11
III,Bulacan,San Miguel,2020-11-15,Seedling,0.0,0.05,0.03
III,Bulacan,San Miguel,2020-11-16,Seedling,0.0,0.02,0.12
III,Bulacan,San Miguel,2020-11-17,Seedling,0.0,0.21,0.01
III,Bulacan,San Miguel,2020-11-18,Seedling,0.0,0.08,0.0
III,Bulacan,San Miguel,2020-11-19,Seedling,0.0,0.0,0.01
III,Bulacan,San Miguel,2020-11-20,Seedling,0.0,0.11,0.0
III,Bulacan,San Miguel,2020-11-21,Seedling,0.0,0.01,0.01
III,Bulacan,San Miguel,2020-11-22,Seedling,0.0,0.06,0.0
III,Bulacan,San Miguel,2020-11-23,Seedling,0.0,0.14,0.17
III,Bulacan,San Miguel,2020-11-24,Seedling,0.0,0.16,0.05
III,Bulacan,San Miguel,2020-11-25,Seedling,0.0,0.12,0.01
III,Bulacan,San Miguel,2020-11-26,Seedling,0.0,0.13,0.18
III,Bulacan,San Miguel,2020-11-27,Seedling,0.0,0.0,0.2
III,Bulacan,San Miguel,2020-11-28,Seedling,0.0,0.0,0.05
III,Bulacan,San Miguel,2020-11-29,Seedling,0.0,0.15,0.05
III,Bulacan,San Miguel,2020-11-30,Seedling,0.0,0.05,0.1
III,Bulacan,San Miguel,2020-12-01,Seedling,0.0,0.07,0.0
III,Bulacan,San Miguel,2020-12-02,Seedling,0.0,0.0,0.03
III,Bulacan,San Miguel,2020-12-03,Seedling,1.0,0.15,0.0
III,Bulacan,San Miguel,2020-12-04,Seedling,0.0,1.05,0.06
III,Bulacan,San Miguel,2020-12-05,Seedling,1.0,0.0,0.19
III,Bulacan,San Miguel,2020-12-06,Seedling,2.0,,0.05
III,Bulacan,San Miguel,2020-12-07,Seedling,0.0,,0.13
III,Bulacan,San Miguel,2020-12-08,Seedling,2.0,0.28,0.15
III,Bulacan,San Miguel,2020-12-09,Seedling,0.0,0.37,0.18
III,Bulacan,San Miguel,2020-12-10,Seedling,1.0,0.42,0.02
III,Bulacan,San Miguel,2020-12-11,Seedling,0.0,0.7,0.11
III,Bulacan,San Miguel,2020-12-12,Seedling,2.0,0.0,0.06
III,Bulacan,San Miguel,2020-12-13,Seedling,0.0,0.62,0.14
III,Bulacan,San Miguel,2020-12-14,Seedling,1.0,0.0,0.28
III,Bulacan,San Miguel,2020-12-15,Seedling,0.0,0.52,0.18
III,Bulacan,San Miguel,2020-12-16,Seedling,1.0,0.0,0.16
III,Bulacan,San Miguel,2020-12-17,Seedling,0.0,0.1,0.1
III,Bulacan,San Miguel,2020-12-18,Tillering,1.0,0.02,0.0
III,Bulacan,San Miguel,2020-12-19,Tillering,2.0,0.0,0.07
III,Bulacan,San Miguel,2020-12-20,Tillering,0.0,0.17,0.03
III,Bulacan,San Miguel,2020-12-21,Tillering,1.0,1.19,0.06
III,Bulacan,San Miguel,2020-12-22,Tillering,0.0,0.27,0.06
III,Bulacan,San Miguel,2020-12-23,Tillering,1.0,0.0,0.14
III,Bulacan,San Miguel,2020-12-24,Tillering,4.0,0.03,0.14
III,Bulacan,San Miguel,2020-12-25,Tillering,0.0,0.0,0.05
III,Bulacan,San Miguel,2020-12-26,Tillering,1.0,0.4,0.18
III,Bulacan,San Miguel,2020-12-27,Tillering,3.0,0.91,0.17
III,Bulacan,San Miguel,2020-12-28,Tillering,3.0,0.02,0.07
III,Bulacan,San Miguel,2020-12-29,Tillering,4.0,0.96,0.02
III,Bulacan,San Miguel,2020-12-30,Tillering,0.0,0.01,0.06
III,Bulacan,San Miguel,2020-12-31,Tillering,1.0,1.1,0.05
III,Bulacan,San Miguel,2021-01-01,Tillering,0.0,0.76,0.15
III,Bulacan,San Miguel,2021-01-02,Tillering,1.0,0.82,0.23
III,Bulacan,San Miguel,2021-01-03,Tillering,2.0,0.22,0.03
III,Bulacan,San Miguel,2021-01-04,Tillering,0.0,0.53,0.14
III,Bulacan,San Miguel,2021-01-05,Tillering,3.0,0.33,0.06
III,Bulacan,San Miguel,2021-01-06,Tillering,3.0,0.0,0.0
III,Bulacan,San Miguel,2021-01-07,Tillering,1.0,1.45,0.15
III,Bulacan,San Miguel,2021-01-08,Tillering,1.0,1.56,0.15
III,Bulacan,San Miguel,2021-01-09,Tillering,1.0,1.35,0.12
III,Bulacan,San Miguel,2021-01-10,Tillering,4.0,2.02,0.0
III,Bulacan,San Miguel,2021-01-11,Elongation,1.0,1.63,0.07
III,Bulacan,San Miguel,2021-01-12,Elongation,0.0,1.78,0.14
III,Bulacan,San Miguel,2021-01-13,Elongation,2.0,1.35,0.25
III,Bulacan,San Miguel,2021-01-14,Elongation,0.0,1.27,0.11
III,Bulacan,San Miguel,2021-01-15,Elongation,0.0,2.08,0.0
III,Bulacan,San Miguel,2021-01-16,Elongation,4.0,1.36,0.12
III,Bulacan,San Miguel,2021-01-17,Elongation,1.0,2.94,0.08
III,Bulacan,San Miguel,2021-01-18,Elongation,1.0,2.17,0.0
III,Bulacan,San Miguel,2021-01-19,Elongation,1.0,1.01,0.17
III,Bulacan,San Miguel,2021-01-20,Elongation,1.0,0.84,0.04
III,Bulacan,San Miguel,2021-01-21,Elongation,2.0,0.89,0.12
III,Bulacan,San Miguel,2021-01-22,Elongation,4.0,1.04,0.09
III,Bulacan,San Miguel,2021-01-23,Elongation,2.0,1.56,0.06
III,Bulacan,San Miguel,2021-01-24,Elongation,8.0,0.9,0.19
III,Bulacan,San Miguel,2021-01-25,Elongation,12.0,0.86,0.1
III,Bulacan,San Miguel,2021-01-26,Elongation,7.0,0.87,0.0
III,Bulacan,San Miguel,2021-01-27,Elongation,5.0,2.32,0.05
III,Bulacan,San Miguel,2021-01-28,Elongation,6.0,2.64,0.1
III,Bulacan,San Miguel,2021-01-29,Elongation,4.0,3.82,0.02
III,Bulacan,San Miguel,2021-01-30,Panicle,5.0,0.18,4.01
III,Bulacan,San Miguel,2021-01-31,Panicle,6.0,0.23,5.13
III,Bulacan,San Miguel,2021-02-01,Panicle,6.0,0.02,3.57
III,Bulacan,San Miguel,2021-02-02,Panicle,0.0,0.05,3.76
III,Bulacan,San Miguel,2021-02-03,Panicle,4.0,0.05,3.42
III,Bulacan,San Miguel,2021-02-04,Panicle,2.0,0.32,2.59
III,Bulacan,San Miguel,2021-02-05,Panicle,1.0,0.0,2.48
III,Bulacan,San Miguel,2021-02-06,Panicle,2.0,0.04,2.86
III,Bulacan,San Miguel,2021-02-07,Panicle,0.0,0.11,2.43
III,Bulacan,San Miguel,2021-02-08,Panicle,2.0,0.09,3.8
III,Bulacan,San Miguel,2021-02-09,Panicle,1.0,0.02,3.91
III,Bulacan,San Miguel,2021-02-10,Panicle,0.0,0.21,4.15
III,Bulacan,San Miguel,2021-02-11,Panicle,6.0,0.1,4.74
III,Bulacan,San Miguel,2021-02-12,Panicle,1.0,0.09,4.28
III,Bulacan,San Miguel,2021-02-13,Panicle,1.0,0.0,5.24
III,Bulacan,San Miguel,2021-02-14,Flowering,1.0,0.18,3.22
III,Bulacan,San Miguel,2021-02-15,Flowering,0.0,0.0,3.08
III,Bulacan,San Miguel,2021-02-16,Flowering,2.0,0.06,2.87
III,Bulacan,San Miguel,2021-02-17,Flowering,0.0,0.16,3.1
III,Bulacan,San Miguel,2021-02-18,Flowering,1.0,0.0,2.4
III,Bulacan,San Miguel,2021-02-19,Flowering,0.0,0.07,2.34
III,Bulacan,San Miguel,2021-02-20,Flowering,1.0,0.16,1.64
III,Bulacan,San Miguel,2021-02-21,Flowering,1.0,0.1,2.17
III,Bulacan,San Miguel,2021-02-22,Flowering,0.0,0.19,3.37
III,Bulacan,San Miguel,2021-02-23,Flowering,2.0,0.13,1.17
III,Bulacan,San Miguel,2021-02-24,Flowering,2.0,0.0,0.24
III,Bulacan,San Miguel,2021-02-25,Flowering,2.0,0.02,0.85
III,Bulacan,San Miguel,2021-02-26,Flowering,1.0,0.15,0.35
III,Bulacan,San Miguel,2021-02-27,Flowering,1.0,0.17,0.0
III,Bulacan,San Miguel,2021-02-28,Ripening,0.0,0.09,0.0
III,Bulacan,San Miguel,2021-03-01,Ripening,1.0,0.12,0.52
III,Bulacan,San Miguel,2021-03-02,Ripening,3.0,0.25,0.0
III,Bulacan,San Miguel,2021-03-03,Ripening,1.0,0.07,0.4
III,Bulacan,San Miguel,2021-03-04,Ripening,0.0,0.14,1.69
III,Bulacan,San Miguel,2021-03-05,Ripening,1.0,0.11,1.57
III,Bulacan,San Miguel,2021-03-06,Ripening,1.0,0.05,0.0
III,Bulacan,San Miguel,2021-03-07,Ripening,1.0,0.02,0.88
III,Bulacan,San Miguel,2021-03-08,Ripening,0.0,0.02,1.11
III,Bulacan,San Miguel,2021-03-09,Ripening,0.0,0.06,0.0
III,Bulacan,San Miguel,2021-03-10,Ripening,2.0,0.09,0.0
III,Bulacan,San Miguel,2021-03-11,Ripening,0.0,0.1,1.74
III,Bulacan,San Miguel,2021-03-12,Ripening,0.0,0.16,0.24
III,Bulacan,San Miguel,2021-03-13,Ripening,1.0,0.15,0.0
III,Bulacan,San Miguel,2021-03-14,Ripening,1.0,0.24,0.22
III,Bulacan,San Miguel,2021-03-15,Ripening,5.0,0.22,0.07
III,Bulacan,San Miguel,2021-03-16,Ripening,0.0,0.02,0.3
III,Bulacan,San Miguel,2021-03-17,Ripening,1.0,0.02,0.02
III,Bulacan,San Miguel,2021-03-18,RIPENING,0.0,0.01,2.8
III,Bulacan,San Miguel,2021-03-19,Ripening,1.0,0.08,1.97
III,Bulacan,San Miguel,2021-03-20,Ripening,1.0,0.16,1.05
III,Bulacan,San Miguel,2021-03-21,Ripening,1.0,0.0,2.5
III,Bulacan,San Miguel,2021-03-22,Ripening,0.0,0.15,2.74
III,Bulacan,San Miguel,2021-03-23,Ripening,1.0,0.15,0.75
III,Bulacan,San Miguel,2021-03-24,Ripening,0.0,0.05,0.19
III,Bulacan,San Miguel,2021-03-25,Ripening,0.0,0.02,0.04
III,Bulacan,San Miguel,2021-03-26,Ripening,0.0,0.03,0.16
III,Bulacan,San Miguel,2021-03-27,Ripening,0.0,0.07,0.02
III,Bulacan,San Miguel,2021-03-28,Ripening,0.0,0.03,0.0
III,Bulacan,San Miguel,2021-03-29,Ripening,0.0,0.15,0.15
III,Bulacan,San Miguel,2021-03-30,Ripening,0.0,0.16,0.17
III,Bulacan,San Miguel,2021-03-31,Ripening,0.0,0.0,0.05
III,Bulacan,San Miguel,2021-04-01,Ripening,0.0,0.0,0.22
III,Bulacan,San Miguel,2021-04-02,Ripening,0.0,0.2,
III,Bulacan,San Miguel,2021-04-03,Ripening,0.0,0.05,
III,Bulacan,San Miguel,2021-04-04,Ripening,1.0,0.14,
III,Bulacan,San Miguel,2021-04-05,Ripening,0.0,0.14,0.16
III,Bulacan,San Miguel,2021-04-06,Ripening,0.0,0.18,0.29
III,Bulacan,San Miguel,2021-04-06,Ripening,0.0,0.18,0.29
III,Bulacan,San Miguel,2021-04-07,Ripening,0.0,0.0,0.09
III,Bulacan,San Miguel,2021-04-08,Ripening,0.0,0.11,0.19
III,Bulacan,San Miguel,2021-04-09,Ripening,0.0,0.1,0.09
III,Bulacan,San Miguel,2021-04-10,Ripening,0.0,0.0,0.05
III,Bulacan,San Miguel,2021-04-11,Ripening,0.0,0.14,0.02
III,Bulacan,San Miguel,2021-04-12,Ripening,0.0,0.22,0.02
III,Bulacan,San Miguel,2021-04-13,Ripening,0.0,0.16,0.01
III,Bulacan,San Miguel,2021-04-14,Ripening,0.0,0.15,0.13
III,Bulacan,San Miguel,2021-04-15,Ripening,0.0,0.12,0.1
III,Bulacan,San Miguel,2021-04-16,Ripening,0.0,0.03,0.07
III,Bulacan,San Miguel,2021-04-17,Ripening,0.0,0.04,0.07
III,Bulacan,San Miguel,2021-04-18,Ripening,0.0,0.13,0.06
III,Bulacan,San Miguel,2021-04-19,Ripening,0.0,0.14,0.07
III,Bulacan,San Miguel,2021-04-20,Ripening,0.0,0.14,0.0
III,Bulacan,San Miguel,2021-04-21,Ripening,0.0,0.11,0.03
III,Bulacan,San Miguel,2021-04-22,Ripening,0.0,0.28,0.0
III,Bulacan,San Miguel,2021-04-23,Ripening,0.0,0.02,0.11
III,Bulacan,San Miguel,2021-04-24,Ripening,0.0,0.1,0.0
III,Bulacan,San Miguel,2021-04-25,Ripening,0.0,0.02,0.12
III,Bulacan,San Miguel,2021-04-26,Ripening,0.0,0.11,0.05
III,Bulacan,San Miguel,2021-04-27,Ripening,0.0,0.1,0.0
III,Bulacan,San Miguel,2021-04-28,Ripening,0.0,0.08,0.14
III,Bulacan,San Miguel,2021-04-29,Ripening,0.0,0.14,0.15
III,Bulacan,San Miguel,2021-04-30,Seedling,0.0,0.06,0.19
III,Bulacan,San Miguel,2021-05-01,Seedling,0.0,0.07,0.17
III,Bulacan,San Miguel,2021-05-02,Seedling,0.0,0.0,0.06
III,Bulacan,San Miguel,2021-05-03,Seedling,0.0,0.15,0.06
III,Bulacan,San Miguel,2021-05-04,Seedling,0.0,0.0,0.07
III,Bulacan,San Miguel,2021-05-05,Seedling,0.0,0.14,0.11
III,Bulacan,San Miguel,2021-05-06,Seedling,0.0,0.02,0.21
III,Bulacan,San Miguel,2021-05-07,seedling,0.0,0.05,0.06
III,Bulacan,San Miguel,2021-05-08,Seedling,0.0,0.0,0.2
III,Bulacan,San Miguel,2021-05-09,Seedling,0.0,0.05,0.1
III,Bulacan,San Miguel,2021-05-10,Seedling,0.0,0.22,0.03
III,Bulacan,San Miguel,2021-05-11,Seedling,0.0,0.12,0.13
III,Bulacan,San Miguel,2021-05-12,Seedling,0.0,0.11,0.25
III,Bulacan,San Miguel,2021-05-13,Seedling,0.0,0.05,0.04
III,Bulacan,San Miguel,2021-05-14,Seedling,0.0,0.08,0.0
III,Bulacan,San Miguel,2021-05-15,Seedling,0.0,0.0,0.01
III,Bulacan,San Miguel,2021-05-16,Seedling,1.0,0.07,0.08
III,Bulacan,San Miguel,2021-05-17,Seedling,0.0,0.14,0.01
III,Bulacan,San Miguel,2021-05-18,Seedling,0.0,0.19,0.0
III,Bulacan,San Miguel,2021-05-19,Seedling,0.0,0.05,0.12
III,Bulacan,San Miguel,2021-05-20,Seedling,0.0,0.0,0.0
III,Bulacan,San Miguel,2021-05-21,Seedling,0.0,0.1,0.08
III,Bulacan,San Miguel,2021-05-22,Seedling,0.0,0.03,0.12
III,Bulacan,San Miguel,2021-05-23,Seedling,1.0,0.13,0.19
III,Bulacan,San Miguel,2021-05-24,Seedling,0.0,0.25,0.0
III,Bulacan,San Miguel,2021-05-25,Seedling,1.0,0.13,0.0
III,Bulacan,San Miguel,2021-05-26,Seedling,1.0,0.19,0.2
III,Bulacan,San Miguel,2021-05-27,Seedling,0.0,0.13,0.13
III,Bulacan,San Miguel,2021-05-28,Seedling,0.0,0.13,0.0
III,Bulacan,San Miguel,2021-05-29,Seedling,0.0,0.17,0.12
III,Bulacan,San Miguel,2021-05-30,Seedling,0.0,0.07,0.18
III,Bulacan,San Miguel,2021-05-31,Seedling,0.0,0.0,0.13
III,Bulacan,San Miguel,2021-06-01,Seedling,0.0,0.0,0.04
III,Bulacan,San Miguel,2021-06-02,Seedling,0.0,0.25,0.0
III,Bulacan,San Miguel,2021-06-03,Seedling,0.0,0.0,0.13
III,Bulacan,San Miguel,2021-06-04,Seedling,0.0,0.0,0.21
III,Bulacan,San Miguel,2021-06-05,Seedling,0.0,0.13,0.15
III,Bulacan,San Miguel,2021-06-06,Seedling,0.0,0.11,0.06
III,Bulacan,San Miguel,2021-06-07,Seedling,9.0,2.79,0.04
III,Bulacan,San Miguel,2021-06-08,Seedling,15.0,0.85,0.17
III,Bulacan,San Miguel,2021-06-09,Seedling,10.0,2.13,0.14
III,Bulacan,San Miguel,2021-06-10,Seedling,12.0,1.37,0.01
III,Bulacan,San Miguel,2021-06-11,Seedling,9.0,1.57,0.24
III,Bulacan,San Miguel,2021-06-12,Seedling,4.0,1.94,0.01
III,Bulacan,San Miguel,2021-06-13,Seedling,12.0,1.52,0.2
III,Bulacan,San Miguel,2021-06-14,Seedling,9.0,,0.0
III,Bulacan,San Miguel,2021-06-15,Seedling,7.0,,0.19
III,Bulacan,San Miguel,2021-06-16,Seedling,8.0,,0.01
III,Bulacan,San Miguel,2021-06-17,Seedling,5.0,,0.13
III,Bulacan,San Miguel,2021-06-18,Seedling,6.0,,0.05
III,Bulacan,San Miguel,2021-06-19,Seedling,9.0,1.39,0.02
III,Bulacan,San Miguel,2021-06-20,Seedling,2.0,1.3,0.01
III,Bulacan,San Miguel,2021-06-21,Seedling,9.0,0.83,0.15
III,Bulacan,San Miguel,2021-06-22,Seedling,3.0,1.46,0.13
III,Bulacan,San Miguel,2021-06-23,Tillering,22.0,1.33,0.06
III,Bulacan,San Miguel,2021-06-24,Tillering,19.0,2.79,0.12
III,Bulacan,San Miguel,2021-06-25,Tillering,33.0,3.55,0.18
III,Bulacan,San Miguel,2021-06-26,Tillering,24.0,2.76,0.13
III,Bulacan,San Miguel,2021-06-27,Tillering,20.0,2.55,0.01
III,Bulacan,San Miguel,2021-06-28,Tillering,12.0,1.38,0.0
III,Bulacan,San Miguel,2021-06-29,Tillering,18.0,1.68,0.07
III,Bulacan,San Miguel,2021-06-30,Tillering,25.0,1.53,0.09
III,Bulacan,San Miguel,2021-07-01,Tillering,22.0,1.64,0.11
III,Bulacan,San Miguel,2021-07-02,Tillering,22.0,,0.14
III,Bulacan,San Miguel,2021-07-03,Tillering,15.0,,0.15
III,Bulacan,San Miguel,2021-07-04,Tillering,17.0,,0.0
III,Bulacan,San Miguel,2021-07-05,Tillering,24.0,0.0,0.22
III,Bulacan,San Miguel,2021-07-06,Tillering,17.0,0.09,0.0
III,Bulacan,San Miguel,2021-07-07,Tillering,21.0,0.0,0.15
III,Bulacan,San Miguel,2021-07-08,Tillering,33.0,0.39,0.17
III,Bulacan,San Miguel,2021-07-09,Tillering,29.0,0.05,0.07
III,Bulacan,San Miguel,2021-07-10,Tillering,37.0,0.76,0.19
III,Bulacan,San Miguel,2021-07-11,Tillering,34.0,0.35,0.08
III,Bulacan,San Miguel,2021-07-12,Tillering,49.0,0.0,0.28
III,Bulacan,San Miguel,2021-07-13,Tillering,37.0,0.83,0.0
III,Bulacan,San Miguel,2021-07-14,Tillering,37.0,1.27,0.05
III,Bulacan,San Miguel,2021-07-15,Tillering,28.0,0.0,0.22
III,Bulacan,San Miguel,2021-07-16,Tillering,26.0,0.44,0.08
III,Bulacan,San Miguel,2021-07-17,Tillering,30.0,0.24,0.05
III,Bulacan,San Miguel,2021-07-18,Elongation,10.0,0.98,0.11
III,Bulacan,San Miguel,2021-07-19,Elongation,14.0,0.85,0.0
III,Bulacan,San Miguel,2021-07-20,Elongation,15.0,0.29,0.0
III,Bulacan,San Miguel,2021-07-21,Elongation,4.0,1.91,0.03
III,Bulacan,San Miguel,2021-07-22,Elongation,2.0,1.38,0.0
III,Bulacan,San Miguel,2021-07-23,Elongation,6.0,1.09,0.22
III,Bulacan,San Miguel,2021-07-24,Elongation,7.0,0.0,0.03
III,Bulacan,San Miguel,2021-07-25,Elongation,6.0,1.26,0.09
III,Bulacan,San Miguel,2021-07-26,Elongation,15.0,1.86,0.0
III,Bulacan,San Miguel,2021-07-27,Elongation,10.0,2.28,0.04
III,Bulacan,San Miguel,2021-07-28,Elongation,12.0,2.4,0.06
III,Bulacan,San Miguel,2021-07-29,Elongation,12.0,2.78,0.04
III,Bulacan,San Miguel,2021-07-30,Elongation,10.0,2.68,0.0
III,Bulacan,San Miguel,2021-07-31,Elongation,9.0,2.34,0.02
III,Bulacan,San Miguel,2021-08-01,Elongation,14.0,1.61,0.15
III,Bulacan,San Miguel,2021-08-02,Elongation,19.0,1.03,0.0
III,Bulacan,San Miguel,2021-08-03,Elongation,27.0,0.97,0.0
III,Bulacan,San Miguel,2021-08-04,Elongation,16.0,0.97,0.11
III,Bulacan,San Miguel,2021-08-05,Elongation,26.0,1.63,0.08
III,Bulacan,San Miguel,2021-08-06,Elongation,29.0,0.97,0.0
III,Bulacan,San Miguel,2021-08-07,Panicle,27.0,0.11,
III,Bulacan,San Miguel,2021-08-08,Panicle,14.0,0.22,
III,Bulacan,San Miguel,2021-08-09,Panicle,18.0,0.13,
III,Bulacan,San Miguel,2021-08-10,Panicle,8.0,0.0,
III,Bulacan,San Miguel,2021-08-11,Panicle,8.0,0.1,0.06
III,Bulacan,San Miguel,2021-08-12,Panicle,6.0,0.22,1.25
III,Bulacan,San Miguel,2021-08-13,Panicle,8.0,0.09,1.6
III,Bulacan,San Miguel,2021-08-14,Panicle,4.0,0.18,0.95
III,Bulacan,San Miguel,2021-08-15,Panicle,3.0,0.13,1.1
III,Bulacan,San Miguel,2021-08-16,Panicle,3.0,0.19,1.71
III,Bulacan,San Miguel,2021-08-17,Panicle,1.0,0.11,2.68
III,Bulacan,San Miguel,2021-08-18,Panicle,1.0,0.08,2.62
III,Bulacan,San Miguel,2021-08-19,Panicle,0.0,0.01,2.89
III,Bulacan,San Miguel,2021-08-20,Panicle,1.0,0.08,2.67
III,Bulacan,San Miguel,2021-08-21,Panicle,1.0,0.08,3.36
III,Bulacan,San Miguel,2021-08-22,Flowering,1.0,0.17,2.5
III,Bulacan,San Miguel,2021-08-23,Flowering,3.0,0.06,3.16
III,Bulacan,San Miguel,2021-08-24,Flowering,0.0,0.0,4.54
III,Bulacan,San Miguel,2021-08-25,Flowering,0.0,0.15,5.25
III,Bulacan,San Miguel,2021-08-26,Flowering,0.0,0.0,6.12
III,Bulacan,San Miguel,2021-08-27,Flowering,0.0,0.1,6.05
III,Bulacan,San Miguel,2021-08-28,Flowering,0.0,0.08,5.94
III,Bulacan,San Miguel,2021-08-29,Flowering,1.0,0.0,6.01
III,Bulacan,San Miguel,2021-08-30,Flowering,4.0,0.16,5.25
III,Bulacan,San Miguel,2021-08-31,Flowering,1.0,0.13,3.5
III,Bulacan,San Miguel,2021-09-01,Flowering,2.0,0.11,4.36
III,Bulacan,San Miguel,2021-09-02,Flowering,0.0,0.09,2.01
III,Bulacan,San Miguel,2021-09-03,Flowering,1.0,0.09,2.25
III,Bulacan,San Miguel,2021-09-04,Flowering,4.0,0.03,2.04
III,Bulacan,San Miguel,2021-09-05,Flowering,0.0,0.05,3.31
III,Bulacan,San Miguel,2021-09-05,Flowering,0.0,0.05,3.31
III,Bulacan,San Miguel,2021-09-06,Ripening,2.0,0.0,2.2
III,Bulacan,San Miguel,2021-09-07,Ripening,5.0,0.21,1.2
III,Bulacan,San Miguel,2021-09-08,Ripening,5.0,0.13,1.86
III,Bulacan,San Miguel,2021-09-09,Ripening,6.0,0.02,
III,Bulacan,San Miguel,2021-09-10,Ripening,1.0,0.02,
III,Bulacan,San Miguel,2021-09-11,Ripening,3.0,0.0,
III,Bulacan,San Miguel,2021-09-12,Ripening,4.0,0.05,
III,Bulacan,San Miguel,2021-09-13,Ripening,6.0,0.15,1.56
III,Bulacan,San Miguel,2021-09-14,Ripening,5.0,0.07,0.19
III,Bulacan,San Miguel,2021-09-15,Ripening,4.0,0.09,0.0
III,Bulacan,San Miguel,2021-09-16,Ripening,2.0,0.06,1.18
III,Bulacan,San Miguel,2021-09-17,Ripening,0.0,0.02,0.03
III,Bulacan,San Miguel,2021-09-18,Ripening,0.0,0.01,0.0
III,Bulacan,San Miguel,2021-09-19,Ripening,0.0,0.16,0.17
III,Bulacan,San Miguel,2021-09-20,Ripening,0.0,0.0,0.48
III,Bulacan,San Miguel,2021-09-21,Ripening,1.0,0.0,0.52
III,Bulacan,San Miguel,2021-09-22,Ripening,0.0,0.0,0.73
III,Bulacan,San Miguel,2021-09-23,Ripening,2.0,0.2,1.42
III,Bulacan,San Miguel,2021-09-24,Ripening,0.0,0.18,0.0
III,Bulacan,San Miguel,2021-09-25,Ripening,0.0,0.05,0.52
III,Bulacan,San Miguel,2021-09-26,Ripening,1.0,0.06,0.43
III,Bulacan,San Miguel,2021-09-27,Ripening,0.0,0.11,1.26
III,Bulacan,San Miguel,2021-09-28,Ripening,0.0,0.07,2.6
III,Bulacan,San Miguel,2021-09-29,Ripening,0.0,0.26,0.69
III,Bulacan,San Miguel,2021-09-30,Ripening,1.0,0.2,0.85
III,Bulacan,San Miguel,2021-10-01,Ripening,0.0,0.0,0.19
III,Bulacan,San Miguel,2021-10-02,Ripening,0.0,0.09,0.02
III,Bulacan,San Miguel,2021-10-03,Ripening,0.0,0.06,0.04
III,Bulacan,San Miguel,2021-10-04,Ripening,0.0,0.0,0.0
III,Bulacan,San Miguel,2021-10-05,Ripening,0.0,0.0,0.07
III,Bulacan,San Miguel,2021-10-06,Ripening,0.0,0.13,0.02
III,Bulacan,San Miguel,2021-10-07,Ripening,0.0,0.12,0.04
III,Bulacan,San Miguel,2021-10-08,Ripening,0.0,0.11,0.11
III,Bulacan,San Miguel,2021-10-09,Ripening,0.0,0.07,0.0
III,Bulacan,San Miguel,2021-10-10,Ripening,0.0,0.2,0.18
III,Bulacan,San Miguel,2021-10-11,Ripening,0.0,0.05,0.23
III,Bulacan,San Miguel,2021-10-12,Ripening,0.0,0.02,0.0
III,Bulacan,San Miguel,2021-10-13,Ripening,0.0,0.1,0.13
III,Bulacan,San Miguel,2021-10-14,Ripening,0.0,,0.17
III,Bulacan,San Miguel,2021-10-15,Ripening,0.0,,0.1
III,Bulacan,San Miguel,2021-10-16,Ripening,0.0,,0.14
III,Bulacan,San Miguel,2021-10-17,Ripening,0.0,,0.17
III,Bulacan,San Miguel,2021-10-18,Ripening,0.0,,0.1
III,Bulacan,San Miguel,2021-10-19,Ripening,0.0,0.1,0.36
III,Bulacan,San Miguel,2021-10-20,Ripening,0.0,0.04,0.15
III,Bulacan,San Miguel,2021-10-21,Ripening,0.0,0.07,0.17
III,Bulacan,San Miguel,2021-10-22,Ripening,0.0,0.05,0.15
III,Bulacan,San Miguel,2021-10-23,Ripening,0.0,0.09,0.04
III,Bulacan,San Miguel,2021-10-24,Ripening,0.0,0.1,0.0
III,Bulacan,San Miguel,2021-10-25,Ripening,0.0,0.0,0.07
III,Bulacan,San Miguel,2021-10-26,Ripening,0.0,0.0,0.0
III,Bulacan,San Miguel,2021-10-27,Ripening,0.0,0.0,0.0
III,Bulacan,San Miguel,2021-10-28,Ripening,0.0,0.03,0.04
III,Bulacan,San Miguel,2021-10-29,Ripening,0.0,0.12,0.18
III,Bulacan,San Miguel,2021-10-30,Ripening,0.0,0.06,0.26
III,Bulacan,San Miguel,2021-10-31,Ripening,0.0,0.12,0.13
III,Bulacan,San Miguel,2021-11-01,Ripening,0.0,0.18,0.0
III,Bulacan,San Miguel,2021-11-02,Seedling,0.0,0.04,0.18
III,Bulacan,San Miguel,2021-11-03,Seedling,0.0,0.15,0.19
III,Bulacan,San Miguel,2021-11-04,Seedling,0.0,0.0,0.01
III,Bulacan,San Miguel,2021-11-05,Seedling,0.0,0.0,0.11
III,Bulacan,San Miguel,2021-11-06,Seedling,0.0,0.02,0.0
III,Bulacan,San Miguel,2021-11-07,Seedling,0.0,0.16,0.0
III,Bulacan,San Miguel,2021-11-08,Seedling,0.0,0.17,0.08
III,Bulacan,San Miguel,2021-11-09,Seedling,0.0,0.11,0.01
III,Bulacan,San Miguel,2021-11-10,Seedling,0.0,0.03,0.03
III,Bulacan,San Miguel,2021-11-11,Seedling,0.0,0.0,0.0
III,Bulacan,San Miguel,2021-11-12,Seedling,0.0,0.0,0.0
III,Bulacan,San Miguel,2021-11-13,Seedling,0.0,0.04,0.07
III,Bulacan,San Miguel,2021-11-14,Seedling,0.0,0.0,0.06
III,Bulacan,San Miguel,2021-11-15,Seedling,1.0,0.04,0.0
III,Bulacan,San Miguel,2021-11-16,Seedling,0.0,0.11,0.2
III,Bulacan,San Miguel,2021-11-17,Seedling,0.0,0.03,0.19
III,Bulacan,San Miguel,2021-11-18,Seedling,0.0,0.12,0.01
III,Bulacan,San Miguel,2021-11-19,Seedling,0.0,0.1,0.04
III,Bulacan,San Miguel,2021-11-20,Seedling,1.0,0.03,0.15
III,Bulacan,San Miguel,2021-11-21,Seedling,0.0,0.09,0.28
III,Bulacan,San Miguel,2021-11-21,Seedling,0.0,0.09,0.28
III,Bulacan,San Miguel,2021-11-22,Seedling,0.0,0.22,0.17
III,Bulacan,San Miguel,2021-11-23,Seedling,0.0,0.15,0.05
III,Bulacan,San Miguel,2021-11-24,Seedling,0.0,0.16,0.0
III,Bulacan,San Miguel,2021-11-25,Seedling,0.0,0.15,0.09
III,Bulacan,San Miguel,2021-11-26,SEEDLING,0.0,0.15,0.08
III,Bulacan,San Miguel,2021-11-27,Seedling,0.0,0.15,0.06
III,Bulacan,San Miguel,2021-11-28,Seedling,0.0,0.02,0.09
III,Bulacan,San Miguel,2021-11-29,Seedling,0.0,0.06,0.15
III,Bulacan,San Miguel,2021-11-30,Seedling,0.0,0.03,0.02
III,Bulacan,San Miguel,2021-12-01,Seedling,0.0,0.07,0.21
III,Bulacan,San Miguel,2021-12-02,Seedling,0.0,0.0,0.18
III,Bulacan,San Miguel,2021-12-03,Seedling,0.0,0.0,0.19
III,Bulacan,San Miguel,2021-12-04,Seedling,3.0,3.43,0.1
III,Bulacan,San Miguel,2021-12-05,Seedling,1.0,3.95,0.0
III,Bulacan,San Miguel,2021-12-06,Seedling,2.0,3.46,0.09
III,Bulacan,San Miguel,2021-12-07,Seedling,0.0,4.19,0.0
III,Bulacan,San Miguel,2021-12-08,Seedling,0.0,4.25,0.0
III,Bulacan,San Miguel,2021-12-09,Seedling,1.0,4.58,0.03
III,Bulacan,San Miguel,2021-12-10,Seedling,1.0,4.15,0.08
III,Bulacan,San Miguel,2021-12-11,Seedling,2.0,2.84,0.15
III,Bulacan,San Miguel,2021-12-12,Seedling,1.0,3.71,0.1
III,Bulacan,San Miguel,2021-12-13,Seedling,1.0,2.0,0.11
III,Bulacan,San Miguel,2021-12-14,Seedling,1.0,3.37,0.0
III,Bulacan,San Miguel,2021-12-15,Seedling,3.0,2.46,0.01
III,Bulacan,San Miguel,2021-12-16,Seedling,3.0,2.45,0.24
III,Bulacan,San Miguel,2021-12-17,Seedling,,2.67,0.14
III,Bulacan,San Miguel,2021-12-18,Seedling,,1.66,0.17
III,Bulacan,San Miguel,2021-12-19,Tillering,,1.29,0.0
III,Bulacan,San Miguel,2021-12-20,Tillering,,0.73,0.2
III,Bulacan,San Miguel,2021-12-21,Tillering,1.0,0.32,0.11
III,Bulacan,San Miguel,2021-12-22,Tillering,2.0,0.24,0.16
III,Bulacan,San Miguel,2021-12-23,Tillering,3.0,0.52,0.11
III,Bulacan,San Miguel,2021-12-24,Tillering,1.0,1.46,0.04
III,Bulacan,San Miguel,2021-12-25,Tillering,0.0,0.0,0.03
III,Bulacan,San Miguel,2021-12-26,Tillering,0.0,0.0,0.03
III,Bulacan,San Miguel,2021-12-27,Tillering,1.0,0.9,0.05
III,Bulacan,San Miguel,2021-12-28,Tillering,5.0,0.0,0.02
III,Bulacan,San Miguel,2021-12-29,Tillering,1.0,0.68,0.0
III,Bulacan,San Miguel,2021-12-30,Tillering,1.0,0.02,0.01
III,Bulacan,San Miguel,2021-12-31,Tillering,3.0,0.69,0.13
III,Bulacan,San Miguel,2022-01-01,Tillering,3.0,0.71,0.02
III,Bulacan,San Miguel,2022-01-02,Tillering,1.0,0.0,0.05
III,Bulacan,San Miguel,2022-01-03,Tillering,3.0,0.0,0.0
III,Bulacan,San Miguel,2022-01-04,Tillering,,1.07,0.1
III,Bulacan,San Miguel,2022-01-05,Tillering,,0.28,0.05
III,Bulacan,San Miguel,2022-01-06,Tillering,,0.0,0.21
III,Bulacan,San Miguel,2022-01-07,Tillering,,0.44,0.0
III,Bulacan,San Miguel,2022-01-08,Tillering,2.0,0.36,0.0
III,Bulacan,San Miguel,2022-01-09,Tillering,1.0,0.53,0.09
III,Bulacan,San Miguel,2022-01-10,Tillering,0.0,0.61,0.27
III,Bulacan,San Miguel,2022-01-11,Tillering,2.0,0.69,0.0
III,Bulacan,San Miguel,2022-01-12,Tillering,2.0,0.0,0.05
III,Bulacan,San Miguel,2022-01-13,Elongation,1.0,0.87,0.0
III,Bulacan,San Miguel,2022-01-14,Elongation,2.0,0.28,0.13
III,Bulacan,San Miguel,2022-01-15,Elongation,4.0,0.69,0.0
III,Bulacan,San Miguel,2022-01-16,Elongation,2.0,0.67,0.09
III,Bulacan,San Miguel,2022-01-17,Elongation,0.0,0.81,0.24
III,Bulacan,San Miguel,2022-01-18,Elongation,3.0,0.0,
III,Bulacan,San Miguel,2022-01-19,Elongation,1.0,0.0,
III,Bulacan,San Miguel,2022-01-20,Elongation,3.0,1.1,
III,Bulacan,San Miguel,2022-01-21,Elongation,1.0,0.6,
III,Bulacan,San Miguel,2022-01-22,Elongation,0.0,0.66,0.07
III,Bulacan,San Miguel,2022-01-23,Elongation,2.0,0.12,0.13
III,Bulacan,San Miguel,2022-01-24,Elongation,2.0,0.51,0.21
III,Bulacan,San Miguel,2022-01-25,Elongation,4.0,1.31,0.08
III,Bulacan,San Miguel,2022-01-26,Elongation,1.0,1.37,0.11
III,Bulacan,San Miguel,2022-01-27,Elongation,1.0,0.0,0.08
III,Bulacan,San Miguel,2022-01-28,Elongation,1.0,0.04,0.0
III,Bulacan,San Miguel,2022-01-29,Elongation,1.0,1.57,0.0
III,Bulacan,San Miguel,2022-01-30,Elongation,2.0,0.48,0.08
III,Bulacan,San Miguel,2022-01-31,Elongation,2.0,1.3,0.14
III,Bulacan,San Miguel,2022-02-01,Panicle,2.0,0.19,1.38
III,Bulacan,San Miguel,2022-02-02,Panicle,1.0,0.18,0.5
III,Bulacan,San Miguel,2022-02-03,Panicle,0.0,0.08,2.54
III,Bulacan,San Miguel,2022-02-04,Panicle,0.0,0.06,1.07
III,Bulacan,San Miguel,2022-02-05,Panicle,2.0,0.09,0.48
III,Bulacan,San Miguel,2022-02-06,Panicle,1.0,0.19,0.9
III,Bulacan,San Miguel,2022-02-07,Panicle,5.0,0.14,1.16
III,Bulacan,San Miguel,2022-02-08,Panicle,2.0,0.08,0.36
III,Bulacan,San Miguel,2022-02-09,Panicle,0.0,0.0,0.0
III,Bulacan,San Miguel,2022-02-10,Panicle,,0.05,0.39
III,Bulacan,San Miguel,2022-02-11,Panicle,,0.16,1.22
III,Bulacan,San Miguel,2022-02-12,Panicle,,0.14,2.33
III,Bulacan,San Miguel,2022-02-13,Panicle,,0.12,0.33
III,Bulacan,San Miguel,2022-02-14,Panicle,,0.11,0.0
III,Bulacan,San Miguel,2022-02-15,Panicle,3.0,,0.0
III,Bulacan,San Miguel,2022-02-16,Flowering,1.0,,1.15
III,Bulacan,San Miguel,2022-02-17,Flowering,0.0,,0.57
III,Bulacan,San Miguel,2022-02-18,Flowering,0.0,0.01,0.0
III,Bulacan,San Miguel,2022-02-19,Flowering,1.0,0.0,0.86
III,Bulacan,San Miguel,2022-02-20,Flowering,0.0,0.0,2.31
III,Bulacan,San Miguel,2022-02-21,Flowering,0.0,0.01,1.88
III,Bulacan,San Miguel,2022-02-22,Flowering,3.0,0.09,1.21
III,Bulacan,San Miguel,2022-02-23,Flowering,10.0,0.03,0.69
III,Bulacan,San Miguel,2022-02-24,Flowering,3.0,0.11,1.5
III,Bulacan,San Miguel,2022-02-25,Flowering  ,11.0,0.16,0.0
III,Bulacan,San Miguel,2022-02-26,Flowering,7.0,0.0,0.0
III,Bulacan,San Miguel,2022-02-27,Flowering,6.0,0.0,2.4
III,Bulacan,San Miguel,2022-02-28,Flowering,13.0,0.05,1.84
III,Bulacan,San Miguel,2022-03-01,Flowering,11.0,0.12,2.59
III,Bulacan,San Miguel,2022-03-02,Flowering,16.0,0.09,0.8
III,Bulacan,San Miguel,2022-03-03,Ripening,1.0,0.25,2.21
III,Bulacan,San Miguel,2022-03-04,Ripening,0.0,0.07,3.3
III,Bulacan,San Miguel,2022-03-05,Ripening,2.0,0.15,2.66
III,Bulacan,San Miguel,2022-03-06,Ripening,1.0,0.11,3.5
III,Bulacan,San Miguel,2022-03-07,Ripening,0.0,,3.5
III,Bulacan,San Miguel,2022-03-08,Ripening,0.0,,2.98
III,Bulacan,San Miguel,2022-03-09,Ripening,0.0,0.0,4.01
III,Bulacan,San Miguel,2022-03-10,Ripening,2.0,0.04,4.01
III,Bulacan,San Miguel,2022-03-11,Ripening,1.0,0.01,2.9
III,Bulacan,San Miguel,2022-03-12,Ripening,1.0,0.14,2.04
III,Bulacan,San Miguel,2022-03-13,Ripening,1.0,0.18,5.52
III,Bulacan,San Miguel,2022-03-14,Ripening,1.0,0.0,3.25
III,Bulacan,San Miguel,2022-03-15,Ripening,1.0,0.12,2.14
III,Bulacan,San Miguel,2022-03-16,Ripening,0.0,0.16,2.53
III,Bulacan,San Miguel,2022-03-17,Ripening,1.0,0.13,1.63
III,Bulacan,San Miguel,2022-03-18,Ripening,0.0,0.03,1.42
III,Bulacan,San Miguel,2022-03-19,Ripening,0.0,0.07,2.01
III,Bulacan,San Miguel,2022-03-20,Ripening,1.0,0.13,2.39
III,Bulacan,San Miguel,2022-03-21,Ripening,0.0,0.23,0.0
III,Bulacan,San Miguel,2022-03-22,Ripening,0.0,0.11,1.64
III,Bulacan,San Miguel,2022-03-23,Ripening,0.0,0.13,0.0
III,Bulacan,San Miguel,2022-03-24,Ripening,1.0,0.05,0.24
III,Bulacan,San Miguel,2022-03-25,Ripening,0.0,0.12,0.0
III,Bulacan,San Miguel,2022-03-26,Ripening,1.0,0.0,0.01
III,Bulacan,San Miguel,2022-03-27,Ripening,0.0,0.04,0.11
III,Bulacan,San Miguel,2022-03-28,Ripening,0.0,0.06,0.08
III,Bulacan,San Miguel,2022-03-29,Ripening,0.0,0.16,0.05
III,Bulacan,San Miguel,2022-03-30,Ripening,0.0,0.15,0.07
III,Bulacan,San Miguel,2022-03-31,Ripening,0.0,0.22,0.11
III,Bulacan,San Miguel,2022-04-01,Ripening,0.0,0.04,0.13
III,Bulacan,San Miguel,2022-04-02,Ripening,0.0,0.12,0.0
III,Bulacan,San Miguel,2022-04-03,Ripening,0.0,0.11,0.11
III,Bulacan,San Miguel,2022-04-04,Ripening,0.0,0.09,0.23
III,Bulacan,San Miguel,2022-04-05,Ripening,0.0,0.0,0.01
III,Bulacan,San Miguel,2022-04-06,Ripening,0.0,0.0,0.19
III,Bulacan,San Miguel,2022-04-07,Ripening,0.0,0.08,0.2
III,Bulacan,San Miguel,2022-04-08,Ripening,0.0,0.13,0.15
III,Bulacan,San Miguel,2022-04-09,Ripening,0.0,0.03,
III,Bulacan,San Miguel,2022-04-10,Ripening,0.0,0.17,
III,Bulacan,San Miguel,2022-04-11,Ripening,0.0,0.01,0.08
III,Bulacan,San Miguel,2022-04-12,Ripening,0.0,0.15,0.11
III,Bulacan,San Miguel,2022-04-13,Ripening,,0.16,0.23
III,Bulacan,San Miguel,2022-04-14,Ripening,,0.09,0.14
III,Bulacan,San Miguel,2022-04-15,Ripening,0.0,0.0,0.0
III,Bulacan,San Miguel,2022-04-16,Ripening,0.0,0.04,0.1
III,Bulacan,San Miguel,2022-04-17,Ripening,0.0,0.09,0.0
III,Bulacan,San Miguel,2022-04-18,Ripening,1.0,0.09,0.0
III,Bulacan,San Miguel,2022-04-19,Ripening,0.0,0.14,0.27
III,Bulacan,San Miguel,2022-04-20,Ripening,0.0,0.15,0.18
III,Bulacan,San Miguel,2022-04-21,Ripening,0.0,0.17,0.07
III,Bulacan,San Miguel,2022-04-22,Ripening,0.0,0.0,0.02
III,Bulacan,San Miguel,2022-04-23,Ripening,0.0,0.15,0.2
III,Bulacan,San Miguel,2022-04-24,Ripening,0.0,0.12,0.02
III,Bulacan,San Miguel,2022-04-25,Ripening,0.0,0.1,0.09
III,Bulacan,San Miguel,2022-04-26,Ripening,0.0,0.15,0.1
III,Bulacan,San Miguel,2022-04-27,Ripening,0.0,0.05,0.1
III,Bulacan,San Miguel,2022-04-28,Ripening,0.0,0.0,0.2
III,Bulacan,San Miguel,2022-04-29,Ripening,0.0,0.06,0.1
III,Bulacan,San Miguel,2022-04-30,Ripening,0.0,0.05,0.02
III,Bulacan,San Miguel,2022-05-01,Ripening,0.0,0.17,0.12
III,Bulacan,San Miguel,2022-05-02,Ripening,0.0,0.06,0.16
III,Bulacan,San Miguel,2022-05-03,Seedling,0.0,0.11,0.02
III,Bulacan,San Miguel,2022-05-04,Seedling,0.0,0.0,0.0
III,Bulacan,San Miguel,2022-05-05,Seedling,0.0,0.2,0.09
III,Bulacan,San Miguel,2022-05-06,Seedling,0.0,0.08,0.1
III,Bulacan,San Miguel,2022-05-07,Seedling,0.0,0.18,0.0
III,Bulacan,San Miguel,2022-05-08,Seedling,0.0,0.18,0.18
III,Bulacan,San Miguel,2022-05-09,Seedling,0.0,0.11,0.0
III,Bulacan,San Miguel,2022-05-10,Seedling,0.0,0.0,0.09
III,Bulacan,San Miguel,2022-05-11,Seedling,0.0,0.0,0.12
III,Bulacan,San Miguel,2022-05-12,Seedling,0.0,0.08,0.06
III,Bulacan,San Miguel,2022-05-13,Seedling,0.0,0.02,0.14
III,Bulacan,San Miguel,2022-05-14,Seedling,0.0,0.0,0.02
III,Bulacan,San Miguel,2022-05-15,Seedling,0.0,0.0,0.14
III,Bulacan,San Miguel,2022-05-16,Seedling,0.0,0.0,0.07
III,Bulacan,San Miguel,2022-05-17,Seedling,0.0,0.03,0.1
III,Bulacan,San Miguel,2022-05-18,Seedling,0.0,0.12,0.0
III,Bulacan,San Miguel,2022-05-19,Seedling,0.0,0.07,0.0
III,Bulacan,San Miguel,2022-05-20,Seedling,0.0,0.13,0.13
III,Bulacan,San Miguel,2022-05-21,Seedling,0.0,0.07,0.19
III,Bulacan,San Miguel,2022-05-22,Seedling,0.0,0.11,0.0
III,Bulacan,San Miguel,2022-05-23,Seedling,0.0,0.09,0.06
III,Bulacan,San Miguel,2022-05-24,Seedling,0.0,0.15,0.14
III,Bulacan,San Miguel,2022-05-25,Seedling,0.0,0.16,0.08
III,Bulacan,San Miguel,2022-05-26,Seedling,0.0,0.0,0.18
III,Bulacan,San Miguel,2022-05-27,Seedling,0.0,0.13,0.1
III,Bulacan,San Miguel,2022-05-28,Seedling,1.0,0.01,0.0
III,Bulacan,San Miguel,2022-05-29,Seedling,0.0,0.05,0.11
III,Bulacan,San Miguel,2022-05-30,Seedling,0.0,0.07,0.24
III,Bulacan,San Miguel,2022-05-31,Seedling,0.0,0.15,0.06
III,Bulacan,San Miguel,2022-06-01,Seedling,0.0,0.07,0.01
III,Bulacan,San Miguel,2022-06-02,Seedling,0.0,0.0,0.05
III,Bulacan,San Miguel,2022-06-03,Seedling,0.0,0.19,0.14
III,Bulacan,San Miguel,2022-06-04,Seedling,0.0,0.09,0.08
III,Bulacan,San Miguel,2022-06-05,Seedling,0.0,0.16,0.2
III,Bulacan,San Miguel,2022-06-06,Seedling,0.0,0.0,0.01
III,Bulacan,San Miguel,2022-06-07,Seedling,0.0,0.0,0.12
III,Bulacan,San Miguel,2022-06-08,Seedling,0.0,0.06,0.06
III,Bulacan,San Miguel,2022-06-09,Seedling,0.0,0.0,0.08
III,Bulacan,San Miguel,2022-06-10,Seedling,9.0,0.05,0.0
III,Bulacan,San Miguel,2022-06-11,Seedling,10.0,0.81,0.07
III,Bulacan,San Miguel,2022-06-12,Seedling,10.0,0.0,0.08
III,Bulacan,San Miguel,2022-06-13,Seedling,10.0,0.12,0.15
III,Bulacan,San Miguel,2022-06-14,Seedling,10.0,0.55,0.19
III,Bulacan,San Miguel,2022-06-15,Seedling,7.0,0.0,0.18
III,Bulacan,San Miguel,2022-06-16,Seedling,8.0,1.36,0.1
III,Bulacan,San Miguel,2022-06-17,Seedling,5.0,1.5,0.14
III,Bulacan,San Miguel,2022-06-18,Seedling,9.0,1.17,0.09
III,Bulacan,San Miguel,2022-06-19,Seedling,7.0,2.21,0.08
III,Bulacan,San Miguel,2022-06-20,Seedling,8.0,2.46,0.16
III,Bulacan,San Miguel,2022-06-21,Seedling,12.0,3.24,0.09
III,Bulacan,San Miguel,2022-06-22,Seedling,,3.91,0.11
III,Bulacan,San Miguel,2022-06-23,Seedling,,3.58,0.07
III,Bulacan,San Miguel,2022-06-24,Seedling,,4.48,0.11
III,Bulacan,San Miguel,2022-06-25,Tillering,42.0,5.91,0.0
III,Bulacan,San Miguel,2022-06-26,Tillering,39.0,5.96,0.0
III,Bulacan,San Miguel,2022-06-27,Tillering,29.0,6.57,0.06
III,Bulacan,San Miguel,2022-06-28,Tillering,40.0,5.89,0.04
III,Bulacan,San Miguel,2022-06-29,Tillering,26.0,6.51,0.25
III,Bulacan,San Miguel,2022-06-30,Tillering,29.0,5.79,0.0
III,Bulacan,San Miguel,2022-07-01,Tillering,40.0,5.31,0.0
III,Bulacan,San Miguel,2022-07-02,Tillering,24.0,5.33,0.0
III,Bulacan,San Miguel,2022-07-03,Tillering,27.0,3.95,0.05
III,Bulacan,San Miguel,2022-07-04,Tillering,27.0,4.64,0.18
III,Bulacan,San Miguel,2022-07-05,Tillering,26.0,4.9,0.08
III,Bulacan,San Miguel,2022-07-06,Tillering,30.0,4.29,0.08
III,Bulacan,San Miguel,2022-07-07,Tillering,24.0,3.88,0.06
III,Bulacan,San Miguel,2022-07-08,Tillering,24.0,3.74,0.05
III,Bulacan,San Miguel,2022-07-09,Tillering,21.0,4.2,0.12
III,Bulacan,San Miguel,2022-07-10,Tillering,14.0,2.79,0.15
III,Bulacan,San Miguel,2022-07-11,Tillering,14.0,3.74,0.05
III,Bulacan,San Miguel,2022-07-12,Tillering,28.0,3.16,0.0
III,Bulacan,San Miguel,2022-07-13,Tillering,19.0,3.62,0.16
III,Bulacan,San Miguel,2022-07-14,Tillering,26.0,3.15,0.11
III,Bulacan,San Miguel,2022-07-15,Tillering,29.0,2.53,0.0
III,Bulacan,San Miguel,2022-07-16,Tillering,21.0,2.46,0.0
III,Bulacan,San Miguel,2022-07-17,Tillering,15.0,3.21,0.06
III,Bulacan,San Miguel,2022-07-18,Tillering,13.0,2.84,0.05
III,Bulacan,San Miguel,2022-07-19,Tillering,11.0,2.54,0.22
III,Bulacan,San Miguel,2022-07-20,Elongation,4.0,3.06,0.0
III,Bulacan,San Miguel,2022-07-21,Elongation,3.0,2.35,0.14
III,Bulacan,San Miguel,2022-07-22,Elongation,5.0,1.7,0.16
III,Bulacan,San Miguel,2022-07-23,Elongation,6.0,1.22,0.19
III,Bulacan,San Miguel,2022-07-24,Elongation,6.0,2.03,0.09
III,Bulacan,San Miguel,2022-07-25,Elongation,7.0,0.44,0.0
III,Bulacan,San Miguel,2022-07-26,Elongation,9.0,0.59,0.0
III,Bulacan,San Miguel,2022-07-27,Elongation,8.0,0.88,0.0
III,Bulacan,San Miguel,2022-07-28,Elongation,5.0,0.24,0.15
III,Bulacan,San Miguel,2022-07-29,Elongation,8.0,0.0,0.19
III,Bulacan,San Miguel,2022-07-30,Elongation,7.0,0.35,0.13
III,Bulacan,San Miguel,2022-07-31,Elongation,12.0,0.9,0.25
III,Bulacan,San Miguel,2022-08-01,Elongation,10.0,0.0,0.18
III,Bulacan,San Miguel,2022-08-02,Elongation,20.0,0.67,0.01
III,Bulacan,San Miguel,2022-08-03,Elongation,13.0,1.15,0.14
III,Bulacan,San Miguel,2022-08-04,Elongation,20.0,0.0,0.09
III,Bulacan,San Miguel,2022-08-05,Elongation,28.0,1.17,0.24
III,Bulacan,San Miguel,2022-08-06,Elongation,16.0,0.47,0.0
III,Bulacan,San Miguel,2022-08-07,Elongation,19.0,0.75,0.0
III,Bulacan,San Miguel,2022-08-08,Elongation,32.0,1.14,0.04
III,Bulacan,San Miguel,2022-08-09,Panicle,14.0,0.0,0.0
III,Bulacan,San Miguel,2022-08-10,Panicle,13.0,0.19,0.0
III,Bulacan,San Miguel,2022-08-11,Panicle,28.0,0.11,0.63
III,Bulacan,San Miguel,2022-08-12,Panicle,18.0,0.07,1.47
III,Bulacan,San Miguel,2022-08-13,Panicle,12.0,0.0,1.06
III,Bulacan,San Miguel,2022-08-14,Panicle,15.0,0.11,1.19
III,Bulacan,San Miguel,2022-08-15,Panicle,15.0,0.0,0.81
III,Bulacan,San Miguel,2022-08-16,Panicle,13.0,0.12,0.0
III,Bulacan,San Miguel,2022-08-17,Panicle,12.0,0.14,1.3
III,Bulacan,San Miguel,2022-08-18,Panicle,8.0,0.13,0.71
III,Bulacan,San Miguel,2022-08-19,Panicle,11.0,0.13,0.24
III,Bulacan,San Miguel,2022-08-20,Panicle,9.0,0.08,0.51
III,Bulacan,San Miguel,2022-08-21,Panicle,6.0,0.01,0.97
III,Bulacan,San Miguel,2022-08-22,Panicle,8.0,0.11,0.51
III,Bulacan,San Miguel,2022-08-23,Panicle,4.0,0.26,1.1
III,Bulacan,San Miguel,2022-08-24,Flowering,5.0,0.13,0.0
III,Bulacan,San Miguel,2022-08-25,Flowering,8.0,0.16,0.56
III,Bulacan,San Miguel,2022-08-26,Flowering,9.0,0.0,0.0
III,Bulacan,San Miguel,2022-08-27,Flowering,7.0,0.22,0.0
III,Bulacan,San Miguel,2022-08-28,Flowering,4.0,0.22,0.84
III,Bulacan,San Miguel,2022-08-29,Flowering,6.0,0.0,0.72
III,Bulacan,San Miguel,2022-08-30,Flowering,2.0,0.01,0.57
III,Bulacan,San Miguel,2022-08-31,Flowering,5.0,0.04,1.49
III,Bulacan,San Miguel,2022-09-01,Flowering,3.0,0.05,1.35
III,Bulacan,San Miguel,2022-09-02,Flowering,6.0,0.14,0.73
III,Bulacan,San Miguel,2022-09-03,Flowering,3.0,0.01,0.19
III,Bulacan,San Miguel,2022-09-04,Flowering,4.0,0.0,1.24
III,Bulacan,San Miguel,2022-09-05,Flowering,1.0,0.13,0.29
III,Bulacan,San Miguel,2022-09-06,Flowering,1.0,0.24,1.1
III,Bulacan,San Miguel,2022-09-07,Ripening,2.0,0.08,0.97
III,Bulacan,San Miguel,2022-09-08,Ripening,1.0,0.13,1.87
III,Bulacan,San Miguel,2022-09-09,Ripening,1.0,0.07,0.56
III,Bulacan,San Miguel,2022-09-10,Ripening,1.0,0.11,
III,Bulacan,San Miguel,2022-09-11,Ripening,0.0,0.1,
III,Bulacan,San Miguel,2022-09-12,Ripening,3.0,0.17,
III,Bulacan,San Miguel,2022-09-13,Ripening,2.0,0.0,
III,Bulacan,San Miguel,2022-09-14,Ripening,2.0,0.15,
III,Bulacan,San Miguel,2022-09-15,Ripening,0.0,0.06,2.48
III,Bulacan,San Miguel,2022-09-16,Ripening,0.0,0.07,3.45
III,Bulacan,San Miguel,2022-09-17,Ripening,1.0,0.08,2.67
III,Bulacan,San Miguel,2022-09-18,Ripening,0.0,0.07,4.42
III,Bulacan,San Miguel,2022-09-19,Ripening,0.0,0.08,4.86
III,Bulacan,San Miguel,2022-09-20,Ripening,1.0,0.1,3.66
III,Bulacan,San Miguel,2022-09-21,Ripening,1.0,0.18,2.95
III,Bulacan,San Miguel,2022-09-22,Ripening,0.0,0.08,3.35
III,Bulacan,San Miguel,2022-09-23,Ripening,1.0,0.22,1.99
III,Bulacan,San Miguel,2022-09-24,Ripening,0.0,0.22,4.05
III,Bulacan,San Miguel,2022-09-25,Ripening,2.0,0.15,3.89
III,Bulacan,San Miguel,2022-09-26,Ripening,2.0,0.0,4.06
III,Bulacan,San Miguel,2022-09-27,Ripening,1.0,0.06,4.96
III,Bulacan,San Miguel,2022-09-28,Ripening,2.0,0.05,5.14
III,Bulacan,San Miguel,2022-09-29,Ripening,1.0,0.0,4.75
III,Bulacan,San Miguel,2022-09-30,Ripening,2.0,0.11,2.89
III,Bulacan,San Miguel,2022-10-01,Ripening,2.0,0.07,3.27
III,Bulacan,San Miguel,2022-10-02,Ripening,0.0,0.0,0.17
III,Bulacan,San Miguel,2022-10-03,Ripening,0.0,0.08,0.26
III,Bulacan,San Miguel,2022-10-04,Ripening,0.0,0.0,0.0
III,Bulacan,San Miguel,2022-10-05,Ripening,0.0,0.11,0.05
III,Bulacan,San Miguel,2022-10-06,Ripening,0.0,0.19,0.13
III,Bulacan,San Miguel,2022-10-07,Ripening,0.0,0.12,0.08
III,Bulacan,San Miguel,2022-10-08,Ripening,0.0,0.1,0.04
III,Bulacan,San Miguel,2022-10-09,Ripening,0.0,0.1,0.06
III,Bulacan,San Miguel,2022-10-10,Ripening,0.0,0.03,0.0
III,Bulacan,San Miguel,2022-10-11,Ripening,0.0,0.15,0.0
III,Bulacan,San Miguel,2022-10-12,Ripening,0.0,0.0,0.03
III,Bulacan,San Miguel,2022-10-13,Ripening,0.0,0.0,0.07
III,Bulacan,San Miguel,2022-10-14,Ripening,1.0,0.07,0.1
III,Bulacan,San Miguel,2022-10-15,Ripening,0.0,0.14,0.11
III,Bulacan,San Miguel,2022-10-16,Ripening,0.0,0.12,0.01
III,Bulacan,San Miguel,2022-10-17,Ripening,0.0,0.13,0.07
III,Bulacan,San Miguel,2022-10-18,Ripening,0.0,0.0,0.13
III,Bulacan,San Miguel,2022-10-19,Ripening,0.0,0.19,0.16
III,Bulacan,San Miguel,2022-10-20,Ripening,0.0,0.06,0.04
III,Bulacan,San Miguel,2022-10-21,Ripening,,0.0,0.09
III,Bulacan,San Miguel,2022-10-22,Ripening,,0.1,0.12
III,Bulacan,San Miguel,2022-10-23,Ripening,,0.0,0.08
III,Bulacan,San Miguel,2022-10-24,Ripening,,0.14,0.0
III,Bulacan,San Miguel,2022-10-25,Ripening,0.0,0.2,0.08
III,Bulacan,San Miguel,2022-10-26,Ripening,0.0,0.04,0.14
III,Bulacan,San Miguel,2022-10-27,Ripening,0.0,0.05,0.0
III,Bulacan,San Miguel,2022-10-28,Ripening,0.0,0.16,0.09
III,Bulacan,San Miguel,2022-10-29,Ripening,0.0,0.09,0.0
III,Bulacan,San Miguel,2022-10-30,Ripening,0.0,0.0,0.03
III,Bulacan,San Miguel,2022-10-31,Ripening,0.0,0.18,0.12
III,Bulacan,San Miguel,2022-11-01,Ripening,0.0,0.17,0.04
III,Bulacan,San Miguel,2022-11-02,Ripening,0.0,0.13,0.28
III,Bulacan,San Miguel,2022-11-03,Ripening,0.0,0.13,0.0
III,Bulacan,San Miguel,2022-11-04,Ripening,0.0,0.16,0.16
III,Bulacan,San Miguel,2022-11-05,Seedling,0.0,0.09,0.19
III,Bulacan,San Miguel,2022-11-06,Seedling,0.0,0.05,0.14
III,Bulacan,San Miguel,2022-11-07,Seedling,0.0,0.17,0.11
III,Bulacan,San Miguel,2022-11-08,Seedling,0.0,0.08,0.12
III,Bulacan,San Miguel,2022-11-09,Seedling,0.0,0.04,0.14
III,Bulacan,San Miguel,2022-11-10,Seedling,0.0,0.1,0.08
III,Bulacan,San Miguel,2022-11-11,Seedling,0.0,0.08,0.09
III,Bulacan,San Miguel,2022-11-12,Seedling,0.0,0.09,0.14
III,Bulacan,San Miguel,2022-11-13,Seedling,0.0,0.09,0.05
III,Bulacan,San Miguel,2022-11-14,Seedling,0.0,0.22,0.06
III,Bulacan,San Miguel,2022-11-15,Seedling,0.0,0.27,0.14
III,Bulacan,San Miguel,2022-11-16,Seedling,0.0,0.07,0.07
III,Bulacan,San Miguel,2022-11-17,Seedling,0.0,0.11,0.18
III,Bulacan,San Miguel,2022-11-18,Seedling,0.0,0.21,0.0
III,Bulacan,San Miguel,2022-11-19,Seedling,0.0,0.13,0.14
III,Bulacan,San Miguel,2022-11-20,Seedling,0.0,0.08,0.23
III,Bulacan,San Miguel,2022-11-21,Seedling,0.0,0.14,0.13
III,Bulacan,San Miguel,2022-11-22,Seedling,0.0,0.31,0.1
III,Bulacan,San Miguel,2022-11-23,Seedling,0.0,0.07,0.11
III,Bulacan,San Miguel,2022-11-24,Seedling,0.0,0.15,0.2
III,Bulacan,San Miguel,2022-11-25,Seedling,0.0,0.06,0.02
III,Bulacan,San Miguel,2022-11-26,Seedling,0.0,0.09,0.05
III,Bulacan,San Miguel,2022-11-27,Seedling,0.0,0.19,0.05
III,Bulacan,San Miguel,2022-11-28,Seedling,0.0,0.05,0.0
III,Bulacan,San Miguel,2022-11-29,Seedling,0.0,0.13,0.12
III,Bulacan,San Miguel,2022-11-30,Seedling,0.0,0.2,0.14
III,Bulacan,San Miguel,2022-12-01,Seedling,0.0,0.12,0.08
III,Bulacan,San Miguel,2022-12-02,Seedling,1.0,0.03,0.09
III,Bulacan,San Miguel,2022-12-03,Seedling,0.0,0.07,0.0
III,Bulacan,San Miguel,2022-12-04,Seedling,0.0,0.17,0.13
III,Bulacan,San Miguel,2022-12-05,Seedling,0.0,0.0,
III,Bulacan,San Miguel,2022-12-06,Seedling,0.0,0.08,
III,Bulacan,San Miguel,2022-12-07,Seedling,0.0,0.15,0.01
III,Bulacan,San Miguel,2022-12-08,Seedling,0.0,0.09,0.13
III,Bulacan,San Miguel,2022-12-09,Seedling,0.0,0.08,0.07
III,Bulacan,San Miguel,2022-12-10,Seedling,0.0,1.57,0.18
III,Bulacan,San Miguel,2022-12-11,Seedling,0.0,1.13,0.08
III,Bulacan,San Miguel,2022-12-12,Seedling,2.0,2.13,0.06
III,Bulacan,San Miguel,2022-12-13,Seedling,4.0,2.64,0.16
III,Bulacan,San Miguel,2022-12-14,Seedling,0.0,3.49,0.0
III,Bulacan,San Miguel,2022-12-15,Seedling,0.0,2.96,0.15
III,Bulacan,San Miguel,2022-12-16,Seedling,0.0,3.05,0.01
III,Bulacan,San Miguel,2022-12-17,Seedling,1.0,1.92,0.05
III,Bulacan,San Miguel,2022-12-18,Seedling,1.0,3.4,0.02
III,Bulacan,San Miguel,2022-12-19,Seedling,3.0,2.11,0.09
III,Bulacan,San Miguel,2022-12-20,Seedling,0.0,2.24,0.26
III,Bulacan,San Miguel,2022-12-21,Seedling,0.0,1.99,0.13
III,Bulacan,San Miguel,2022-12-22,Seedling,1.0,1.55,0.01
III,Bulacan,San Miguel,2022-12-23,Seedling,2.0,0.52,0.0
III,Bulacan,San Miguel,2022-12-24,Seedling,0.0,0.63,0.02
III,Bulacan,San Miguel,2022-12-25,Seedling,1.0,0.62,0.07
III,Bulacan,San Miguel,2022-12-26,Tillering,3.0,0.0,0.0
III,Bulacan,San Miguel,2022-12-27,Tillering,1.0,0.84,0.0
III,Bulacan,San Miguel,2022-12-28,Tillering,0.0,0.82,0.26
III,Bulacan,San Miguel,2022-12-29,Tillering,1.0,0.3,0.13
III,Bulacan,San Miguel,2022-12-30,Tillering,1.0,1.74,0.07
III,Bulacan,San Miguel,2022-12-31,Tillering,2.0,0.39,0.09
III,Bulacan,San Miguel,2023-01-01,Tillering,0.0,0.49,0.1
III,Bulacan,San Miguel,2023-01-02,Tillering,2.0,0.3,0.09
III,Bulacan,San Miguel,2023-01-03,Tillering,4.0,0.0,0.11
III,Bulacan,San Miguel,2023-01-04,Tillering,3.0,0.09,0.16
III,Bulacan,San Miguel,2023-01-05,Tillering,3.0,0.97,0.0
III,Bulacan,San Miguel,2023-01-06,Tillering,3.0,0.11,0.0
III,Bulacan,San Miguel,2023-01-07,Tillering,7.0,0.22,0.09
III,Bulacan,San Miguel,2023-01-08,Tillering,3.0,0.91,0.01
III,Bulacan,San Miguel,2023-01-09,Tillering,5.0,0.12,0.15
III,Bulacan,San Miguel,2023-01-10,Tillering,3.0,0.0,0.05
III,Bulacan,San Miguel,2023-01-11,Tillering,3.0,0.33,0.15
III,Bulacan,San Miguel,2023-01-12,Tillering,1.0,0.37,0.2
III,Bulacan,San Miguel,2023-01-13,Tillering,2.0,0.7,0.06
III,Bulacan,San Miguel,2023-01-14,Tillering,1.0,0.0,0.11
III,Bulacan,San Miguel,2023-01-15,Tillering,4.0,0.17,0.13
III,Bulacan,San Miguel,2023-01-16,Tillering,2.0,1.24,0.02
III,Bulacan,San Miguel,2023-01-17,Tillering,3.0,0.16,0.01
III,Bulacan,San Miguel,2023-01-18,Tillering,4.0,0.07,0.13
III,Bulacan,San Miguel,2023-01-19,Tillering,2.0,0.62,0.07
III,Bulacan,San Miguel,2023-01-20,Elongation,4.0,0.89,0.08
III,Bulacan,San Miguel,2023-01-21,Elongation,0.0,1.1,0.11
III,Bulacan,San Miguel,2023-01-22,Elongation,2.0,1.68,0.2
III,Bulacan,San Miguel,2023-01-23,Elongation,1.0,0.19,0.04
III,Bulacan,San Miguel,2023-01-24,Elongation,1.0,0.27,0.0
III,Bulacan,San Miguel,2023-01-25,Elongation,1.0,0.14,0.09
III,Bulacan,San Miguel,2023-01-26,Elongation,1.0,1.18,0.19
III,Bulacan,San Miguel,2023-01-27,Elongation,0.0,0.31,0.14
III,Bulacan,San Miguel,2023-01-28,Elongation,3.0,0.98,0.12
III,Bulacan,San Miguel,2023-01-29,Elongation,3.0,1.01,0.18
III,Bulacan,San Miguel,2023-01-30,Elongation,2.0,0.75,
III,Bulacan,San Miguel,2023-01-31,Elongation,0.0,0.96,
III,Bulacan,San Miguel,2023-02-01,Elongation,2.0,1.29,0.0
III,Bulacan,San Miguel,2023-02-02,Elongation,4.0,1.11,0.07
III,Bulacan,San Miguel,2023-02-03,Elongation,2.0,0.64,0.05
III,Bulacan,San Miguel,2023-02-04,Elongation,0.0,0.8,0.17
III,Bulacan,San Miguel,2023-02-05,Elongation,3.0,0.83,0.06
III,Bulacan,San Miguel,2023-02-06,Elongation,2.0,0.76,0.15
III,Bulacan,San Miguel,2023-02-07,Elongation,3.0,1.2,0.14
III,Bulacan,San Miguel,2023-02-08,Elongation,3.0,0.0,0.02
III,Bulacan,San Miguel,2023-02-09,Panicle,2.0,0.18,2.0
III,Bulacan,San Miguel,2023-02-10,Panicle,0.0,0.12,3.44
III,Bulacan,San Miguel,2023-02-11,Panicle,3.0,0.12,6.35
III,Bulacan,San Miguel,2023-02-12,Panicle,0.0,0.0,6.1
III,Bulacan,San Miguel,2023-02-13,Panicle,1.0,0.0,6.99
III,Bulacan,San Miguel,2023-02-14,Panicle,2.0,0.09,7.32
III,Bulacan,San Miguel,2023-02-15,Panicle,1.0,0.02,6.44
III,Bulacan,San Miguel,2023-02-16,Panicle,2.0,0.12,5.75
III,Bulacan,San Miguel,2023-02-17,Panicle,2.0,0.18,4.65
III,Bulacan,San Miguel,2023-02-18,Panicle,2.0,0.06,5.23
III,Bulacan,San Miguel,2023-02-19,Panicle,1.0,0.08,4.95
III,Bulacan,San Miguel,2023-02-20,Panicle,1.0,0.23,6.43
III,Bulacan,San Miguel,2023-02-21,Panicle,2.0,0.06,4.42
III,Bulacan,San Miguel,2023-02-22,Panicle,1.0,0.0,2.49
III,Bulacan,San Miguel,2023-02-23,Panicle,2.0,0.01,2.43
III,Bulacan,San Miguel,2023-02-24,Flowering,0.0,0.07,1.47
III,Bulacan,San Miguel,2023-02-25,Flowering,1.0,0.07,0.0
III,Bulacan,San Miguel,2023-02-26,Flowering,1.0,0.0,0.48
III,Bulacan,San Miguel,2023-02-27,Flowering,1.0,0.18,0.0
III,Bulacan,San Miguel,2023-02-28,Flowering,0.0,0.08,0.91
III,Bulacan,San Miguel,2023-03-01,Flowering,0.0,0.07,0.53
III,Bulacan,San Miguel,2023-03-02,Flowering,2.0,0.09,1.09
III,Bulacan,San Miguel,2023-03-03,Flowering,0.0,0.06,0.51
III,Bulacan,San Miguel,2023-03-04,Flowering,0.0,0.08,1.15
III,Bulacan,San Miguel,2023-03-05,Flowering,2.0,0.06,0.0
III,Bulacan,San Miguel,2023-03-06,Flowering,2.0,0.12,0.34
III,Bulacan,San Miguel,2023-03-07,Flowering,4.0,0.08,0.0
III,Bulacan,San Miguel,2023-03-08,flowering,0.0,0.12,1.44
III,Bulacan,San Miguel,2023-03-09,Flowering,2.0,0.0,1.18
III,Bulacan,San Miguel,2023-03-10,Flowering,0.0,0.05,0.82
III,Bulacan,San Miguel,2023-03-11,Ripening,3.0,0.09,1.67
III,Bulacan,San Miguel,2023-03-12,Ripening,0.0,0.13,0.07
III,Bulacan,San Miguel,2023-03-13,Ripening,0.0,0.0,0.79
III,Bulacan,San Miguel,2023-03-14,Ripening,2.0,0.08,0.3
III,Bulacan,San Miguel,2023-03-15,Ripening,0.0,0.13,0.0
III,Bulacan,San Miguel,2023-03-16,Ripening,0.0,0.04,0.0
III,Bulacan,San Miguel,2023-03-17,Ripening,0.0,0.28,0.0
III,Bulacan,San Miguel,2023-03-18,Ripening,0.0,0.01,0.0
III,Bulacan,San Miguel,2023-03-19,Ripening,1.0,0.11,0.0
III,Bulacan,San Miguel,2023-03-20,Ripening,1.0,0.13,1.48
III,Bulacan,San Miguel,2023-03-21,Ripening,0.0,0.18,0.0
III,Bulacan,San Miguel,2023-03-22,Ripening,3.0,0.0,0.8
III,Bulacan,San Miguel,2023-03-23,Ripening,1.0,0.14,0.0
III,Bulacan,San Miguel,2023-03-24,Ripening,4.0,0.23,0.35
III,Bulacan,San Miguel,2023-03-25,Ripening,3.0,0.0,0.63
III,Bulacan,San Miguel,2023-03-26,Ripening,5.0,0.24,0.0
III,Bulacan,San Miguel,2023-03-27,Ripening,2.0,0.04,0.54
III,Bulacan,San Miguel,2023-03-28,Ripening,0.0,0.05,0.79
III,Bulacan,San Miguel,2023-03-29,Ripening,2.0,0.06,0.0
III,Bulacan,San Miguel,2023-03-30,Ripening,1.0,0.0,0.93
III,Bulacan,San Miguel,2023-03-31,Ripening,3.0,0.07,0.33
III,Bulacan,San Miguel,2023-04-01,Ripening,2.0,0.0,0.93
III,Bulacan,San Miguel,2023-04-02,Ripening,2.0,0.0,0.0
III,Bulacan,San Miguel,2023-04-03,Ripening,6.0,0.0,0.0
III,Bulacan,San Miguel,2023-04-04,Ripening,1.0,0.12,0.0
III,Bulacan,San Miguel,2023-04-05,Ripening,0.0,0.04,0.12
III,Bulacan,San Miguel,2023-04-06,Ripening,0.0,0.07,0.06
III,Bulacan,San Miguel,2023-04-07,Ripening,0.0,0.05,0.0
III,Bulacan,San Miguel,2023-04-08,Ripening,0.0,0.0,0.27
III,Bulacan,San Miguel,2023-04-09,Ripening,0.0,0.02,0.06
III,Bulacan,San Miguel,2023-04-10,Ripening,0.0,0.17,0.13
III,Bulacan,San Miguel,2023-04-11,Ripening,0.0,0.05,0.04
III,Bulacan,San Miguel,2023-04-12,Ripening,0.0,0.02,0.15
III,Bulacan,San Miguel,2023-04-13,Ripening,0.0,0.12,0.01
III,Bulacan,San Miguel,2023-04-14,Ripening,0.0,0.0,0.0
III,Bulacan,San Miguel,2023-04-15,Ripening,0.0,0.15,0.0
III,Bulacan,San Miguel,2023-04-16,Ripening,0.0,0.15,0.03
III,Bulacan,San Miguel,2023-04-17,Ripening,0.0,0.0,0.03
III,Bulacan,San Miguel,2023-04-18,Ripening,0.0,0.27,0.03
III,Bulacan,San Miguel,2023-04-19,Ripening,0.0,0.06,0.05
III,Bulacan,San Miguel,2023-04-20,Ripening,0.0,0.1,0.25
III,Bulacan,San Miguel,2023-04-21,Ripening,0.0,0.04,0.09
III,Bulacan,San Miguel,2023-04-22,Ripening,1.0,,0.12
III,Bulacan,San Miguel,2023-04-23,Ripening,0.0,,0.1
III,Bulacan,San Miguel,2023-04-24,Ripening,0.0,,0.07
III,Bulacan,San Miguel,2023-04-25,Ripening,1.0,,0.05
III,Bulacan,San Miguel,2023-04-26,Ripening,0.0,0.13,0.08
III,Bulacan,San Miguel,2023-04-27,Ripening,0.0,0.0,0.06
III,Bulacan,San Miguel,2023-04-28,Ripening,0.0,0.0,0.15
III,Bulacan,San Miguel,2023-04-29,Ripening,0.0,0.14,0.09
III,Bulacan,San Miguel,2023-04-30,Ripening,0.0,0.0,0.05
III,Bulacan,San Miguel,2023-05-01,Ripening,1.0,0.03,0.0
III,Bulacan,San Miguel,2023-05-02,Ripening,0.0,0.15,0.03
III,Bulacan,San Miguel,2023-05-03,Seedling,0.0,0.11,0.1
III,Bulacan,San Miguel,2023-05-04,Seedling,0.0,0.24,0.17
III,Bulacan,San Miguel,2023-05-05,Seedling,0.0,0.17,0.09
III,Bulacan,San Miguel,2023-05-06,Seedling,0.0,0.04,0.0
III,Bulacan,San Miguel,2023-05-07,Seedling,0.0,0.11,0.0
III,Bulacan,San Miguel,2023-05-08,Seedling,0.0,0.0,0.11
III,Bulacan,San Miguel,2023-05-09,Seedling,0.0,0.0,0.19
III,Bulacan,San Miguel,2023-05-10,Seedling,0.0,0.04,0.09
III,Bulacan,San Miguel,2023-05-11,Seedling,0.0,0.08,0.02
III,Bulacan,San Miguel,2023-05-12,Seedling,0.0,0.22,0.17
III,Bulacan,San Miguel,2023-05-13,Seedling,0.0,0.0,0.16
III,Bulacan,San Miguel,2023-05-14,Seedling,0.0,0.22,0.11
III,Bulacan,San Miguel,2023-05-15,Seedling,,0.2,
III,Bulacan,San Miguel,2023-05-16,Seedling,,0.19,
III,Bulacan,San Miguel,2023-05-17,Seedling,,0.11,
III,Bulacan,San Miguel,2023-05-18,Seedling,,0.1,
III,Bulacan,San Miguel,2023-05-19,Seedling,0.0,,0.08
III,Bulacan,San Miguel,2023-05-20,Seedling,0.0,,0.1
III,Bulacan,San Miguel,2023-05-21,Seedling,0.0,,0.02
III,Bulacan,San Miguel,2023-05-22,Seedling,0.0,,0.04
III,Bulacan,San Miguel,2023-05-23,Seedling  ,0.0,0.16,0.14
III,Bulacan,San Miguel,2023-05-24,Seedling,0.0,0.07,0.0
III,Bulacan,San Miguel,2023-05-25,Seedling,0.0,0.15,0.06
III,Bulacan,San Miguel,2023-05-26,Seedling,0.0,0.14,0.18
III,Bulacan,San Miguel,2023-05-27,Seedling,0.0,0.0,0.19
III,Bulacan,San Miguel,2023-05-28,Seedling,0.0,0.03,0.02
III,Bulacan,San Miguel,2023-05-29,Seedling,0.0,0.1,0.15
III,Bulacan,San Miguel,2023-05-30,Seedling,0.0,0.13,0.18
III,Bulacan,San Miguel,2023-05-31,Seedling,12.0,3.63,0.21
III,Bulacan,San Miguel,2023-06-01,Seedling,14.0,2.47,0.13
III,Bulacan,San Miguel,2023-06-02,Seedling,11.0,1.61,0.05
III,Bulacan,San Miguel,2023-06-03,Seedling,16.0,2.13,0.09
III,Bulacan,San Miguel,2023-06-04,Seedling,14.0,1.68,0.07
III,Bulacan,San Miguel,2023-06-05,Seedling,9.0,0.0,0.08
III,Bulacan,San Miguel,2023-06-05,Seedling,9.0,0.0,0.08
III,Bulacan,San Miguel,2023-06-06,Seedling,13.0,0.7,0.12
III,Bulacan,San Miguel,2023-06-07,Seedling,8.0,0.0,0.08
III,Bulacan,San Miguel,2023-06-08,Seedling,16.0,0.27,0.06
III,Bulacan,San Miguel,2023-06-09,Seedling,14.0,0.53,
III,Bulacan,San Miguel,2023-06-10,Seedling,9.0,0.88,
III,Bulacan,San Miguel,2023-06-11,Seedling,5.0,0.28,
III,Bulacan,San Miguel,2023-06-12,Seedling,4.0,0.59,0.14
III,Bulacan,San Miguel,2023-06-13,Seedling,7.0,0.03,0.26
III,Bulacan,San Miguel,2023-06-14,Seedling,0.0,0.0,0.19
III,Bulacan,San Miguel,2023-06-15,Tillering,17.0,1.38,0.15
III,Bulacan,San Miguel,2023-06-16,Tillering,7.0,1.54,0.23
III,Bulacan,San Miguel,2023-06-17,Tillering,11.0,1.02,0.09
III,Bulacan,San Miguel,2023-06-18,Tillering,8.0,1.56,0.0
III,Bulacan,San Miguel,2023-06-19,Tillering,5.0,0.82,0.14
III,Bulacan,San Miguel,2023-06-20,Tillering,1.0,0.11,0.17
III,Bulacan,San Miguel,2023-06-21,Tillering,10.0,0.7,0.1
III,Bulacan,San Miguel,2023-06-22,Tillering,10.0,0.0,0.19
III,Bulacan,San Miguel,2023-06-23,Tillering,16.0,0.0,0.09
III,Bulacan,San Miguel,2023-06-24,Tillering,14.0,0.97,0.09
III,Bulacan,San Miguel,2023-06-25,Tillering,14.0,1.09,0.04
III,Bulacan,San Miguel,2023-06-26,Tillering,37.0,0.0,0.3
III,Bulacan,San Miguel,2023-06-27,Tillering,37.0,1.08,0.05
III,Bulacan,San Miguel,2023-06-28,Tillering,51.0,0.43,0.05
III,Bulacan,San Miguel,2023-06-29,Tillering,25.0,0.64,0.05
III,Bulacan,San Miguel,2023-06-30,Tillering,51.0,0.39,0.03
III,Bulacan,San Miguel,2023-07-01,Tillering,47.0,1.04,0.04
III,Bulacan,San Miguel,2023-07-02,Tillering,55.0,0.22,0.06
III,Bulacan,San Miguel,2023-07-03,Tillering,59.0,0.38,0.0
III,Bulacan,San Miguel,2023-07-04,Tillering,56.0,0.0,0.07
III,Bulacan,San Miguel,2023-07-05,Tillering,66.0,0.18,0.2
III,Bulacan,San Miguel,2023-07-06,Tillering,51.0,1.77,0.17
III,Bulacan,San Miguel,2023-07-07,Tillering,68.0,1.32,0.21
III,Bulacan,San Miguel,2023-07-08,Tillering,51.0,2.32,0.17
III,Bulacan,San Miguel,2023-07-09,Tillering,36.0,2.37,0.12
III,Bulacan,San Miguel,2023-07-10,Elongation,28.0,4.13,0.06
III,Bulacan,San Miguel,2023-07-11,Elongation,25.0,4.29,0.0
III,Bulacan,San Miguel,2023-07-12,Elongation,16.0,4.63,0.1
III,Bulacan,San Miguel,2023-07-13,Elongation,25.0,3.68,0.15
III,Bulacan,San Miguel,2023-07-14,Elongation,26.0,6.15,0.09
III,Bulacan,San Miguel,2023-07-15,Elongation,39.0,6.18,0.16
III,Bulacan,San Miguel,2023-07-16,Elongation,24.0,7.64,0.07
III,Bulacan,San Miguel,2023-07-17,Elongation,35.0,7.78,0.24
III,Bulacan,San Miguel,2023-07-18,Elongation,30.0,7.55,0.0
III,Bulacan,San Miguel,2023-07-19,Elongation,31.0,9.32,0.26
III,Bulacan,San Miguel,2023-07-20,Elongation,28.0,9.24,0.0
III,Bulacan,San Miguel,2023-07-21,Elongation,36.0,8.39,0.08
III,Bulacan,San Miguel,2023-07-22,Elongation,30.0,8.95,0.07
III,Bulacan,San Miguel,2023-07-23,Elongation,39.0,6.8,0.09
III,Bulacan,San Miguel,2023-07-24,Elongation,18.0,7.88,0.0
III,Bulacan,San Miguel,2023-07-25,Elongation,25.0,6.52,0.15
III,Bulacan,San Miguel,2023-07-26,Elongation,18.0,6.27,0.03
III,Bulacan,San Miguel,2023-07-27,Elongation,19.0,7.12,0.12
III,Bulacan,San Miguel,2023-07-28,Elongation,5.0,6.36,0.05
III,Bulacan,San Miguel,2023-07-29,Panicle,8.0,0.0,8.13
III,Bulacan,San Miguel,2023-07-30,Panicle,8.0,0.14,7.12
III,Bulacan,San Miguel,2023-07-31,Panicle,5.0,0.0,6.22
III,Bulacan,San Miguel,2023-08-01,Panicle,4.0,0.19,4.71
III,Bulacan,San Miguel,2023-08-02,Panicle,3.0,0.06,2.23
III,Bulacan,San Miguel,2023-08-03,Panicle,1.0,0.09,1.56
III,Bulacan,San Miguel,2023-08-04,Panicle,0.0,0.25,0.63
III,Bulacan,San Miguel,2023-08-05,Panicle,0.0,0.0,0.0
III,Bulacan,San Miguel,2023-08-06,Panicle,2.0,0.3,0.0
III,Bulacan,San Miguel,2023-08-07,Panicle,3.0,0.03,1.4
III,Bulacan,San Miguel,2023-08-08,Panicle,0.0,0.09,0.58
III,Bulacan,San Miguel,2023-08-09,Panicle,0.0,0.0,1.37
III,Bulacan,San Miguel,2023-08-10,Panicle,2.0,0.06,0.67
III,Bulacan,San Miguel,2023-08-11,Panicle,,0.26,1.42
III,Bulacan,San Miguel,2023-08-12,Flowering,,0.19,1.36
III,Bulacan,San Miguel,2023-08-13,Flowering,4.0,0.08,1.11
III,Bulacan,San Miguel,2023-08-14,Flowering,2.0,0.14,0.63
III,Bulacan,San Miguel,2023-08-15,Flowering,1.0,0.05,1.24
III,Bulacan,San Miguel,2023-08-16,Flowering,2.0,0.09,1.02
III,Bulacan,San Miguel,2023-08-17,Flowering,1.0,0.1,0.14
III,Bulacan,San Miguel,2023-08-18,Flowering,6.0,0.14,1.72
III,Bulacan,San Miguel,2023-08-19,Flowering,4.0,0.17,0.82
III,Bulacan,San Miguel,2023-08-20,Flowering,5.0,0.07,0.5
III,Bulacan,San Miguel,2023-08-21,Flowering,3.0,0.01,0.76
III,Bulacan,San Miguel,2023-08-22,Flowering,8.0,0.17,0.0
III,Bulacan,San Miguel,2023-08-23,Flowering,8.0,0.0,0.65
III,Bulacan,San Miguel,2023-08-24,Flowering,7.0,0.02,0.0
III,Bulacan,San Miguel,2023-08-25,Flowering,2.0,0.18,0.0
III,Bulacan,San Miguel,2023-08-26,Flowering,2.0,0.11,0.0
III,Bulacan,San Miguel,2023-08-27,Ripening,5.0,0.02,0.23
III,Bulacan,San Miguel,2023-08-28,Ripening,4.0,0.0,0.94
III,Bulacan,San Miguel,2023-08-29,Ripening,2.0,0.02,0.51
III,Bulacan,San Miguel,2023-08-30,Ripening,0.0,0.0,0.19
III,Bulacan,San Miguel,2023-08-31,Ripening,1.0,0.19,0.6
III,Bulacan,San Miguel,2023-09-01,Ripening,0.0,0.05,0.0
III,Bulacan,San Miguel,2023-09-02,Ripening,0.0,0.0,0.0
III,Bulacan,San Miguel,2023-09-03,Ripening,1.0,0.08,0.0
III,Bulacan,San Miguel,2023-09-04,Ripening,1.0,0.02,2.44
III,Bulacan,San Miguel,2023-09-05,Ripening,0.0,0.01,0.0
III,Bulacan,San Miguel,2023-09-06,Ripening,0.0,0.06,0.08
III,Bulacan,San Miguel,2023-09-07,Ripening,0.0,0.15,0.54
III,Bulacan,San Miguel,2023-09-08,Ripening,0.0,0.18,1.66
III,Bulacan,San Miguel,2023-09-09,Ripening,1.0,0.05,0.0
III,Bulacan,San Miguel,2023-09-10,Ripening,0.0,0.14,0.59
III,Bulacan,San Miguel,2023-09-11,Ripening,0.0,0.18,0.63
III,Bulacan,San Miguel,2023-09-12,Ripening,0.0,0.11,1.37
III,Bulacan,San Miguel,2023-09-13,Ripening,0.0,0.04,0.49
III,Bulacan,San Miguel,2023-09-14,Ripening,3.0,0.14,0.63
III,Bulacan,San Miguel,2023-09-15,Ripening,3.0,0.14,0.18
III,Bulacan,San Miguel,2023-09-16,Ripening,0.0,0.16,1.21
III,Bulacan,San Miguel,2023-09-17,Ripening,3.0,0.12,0.32
III,Bulacan,San Miguel,2023-09-18,Ripening,1.0,0.04,1.79
III,Bulacan,San Miguel,2023-09-19,Ripening,1.0,0.27,3.06
III,Bulacan,San Miguel,2023-09-20,ripening,0.0,0.06,0.21
III,Bulacan,San Miguel,2023-09-21,Ripening,0.0,0.0,0.0
III,Bulacan,San Miguel,2023-09-22,Ripening,0.0,0.0,0.08
III,Bulacan,San Miguel,2023-09-23,Ripening,0.0,0.15,0.1
III,Bulacan,San Miguel,2023-09-24,Ripening,0.0,0.09,0.1
III,Bulacan,San Miguel,2023-09-25,Ripening,0.0,0.02,0.0
III,Bulacan,San Miguel,2023-09-26,Ripening,0.0,0.18,0.12
III,Bulacan,San Miguel,2023-09-27,Ripening,0.0,0.0,0.05
III,Bulacan,San Miguel,2023-09-28,Ripening,0.0,0.17,0.11
III,Bulacan,San Miguel,2023-09-29,Ripening,0.0,0.14,0.08
III,Bulacan,San Miguel,2023-09-30,Ripening,0.0,0.12,0.07
III,Bulacan,San Miguel,2023-10-01,Ripening,0.0,0.0,0.15
III,Bulacan,San Miguel,2023-10-02,Ripening,0.0,0.09,0.2
III,Bulacan,San Miguel,2023-10-03,Ripening,0.0,0.17,0.0
III,Bulacan,San Miguel,2023-10-04,Ripening,0.0,0.11,0.19
III,Bulacan,San Miguel,2023-10-05,Ripening,0.0,0.22,0.12
III,Bulacan,San Miguel,2023-10-06,Ripening,0.0,0.0,0.17
III,Bulacan,San Miguel,2023-10-07,Ripening,0.0,0.17,0.01
III,Bulacan,San Miguel,2023-10-08,Ripening,0.0,0.1,0.12
III,Bulacan,San Miguel,2023-10-09,Ripening,0.0,0.08,
III,Bulacan,San Miguel,2023-10-10,Ripening,0.0,0.02,
III,Bulacan,San Miguel,2023-10-11,Ripening,0.0,0.15,
III,Bulacan,San Miguel,2023-10-12,Ripening,0.0,0.02,0.17
III,Bulacan,San Miguel,2023-10-13,Ripening,0.0,0.06,0.19
III,Bulacan,San Miguel,2023-10-14,Ripening,0.0,0.06,0.05
III,Bulacan,San Miguel,2023-10-15,Ripening,0.0,0.05,0.11
III,Bulacan,San Miguel,2023-10-16,Ripening,0.0,0.06,0.02
III,Bulacan,San Miguel,2023-10-17,Ripening,0.0,0.22,0.0
III,Bulacan,San Miguel,2023-10-18,Ripening,0.0,0.0,0.01
III,Bulacan,San Miguel,2023-10-19,Ripening,0.0,0.0,0.09
III,Bulacan,San Miguel,2023-10-20,Ripening,0.0,0.17,0.0
III,Bulacan,San Miguel,2023-10-21,Ripening,0.0,0.09,0.09
III,Bulacan,San Miguel,2023-10-22,Ripening,0.0,0.0,0.18
III,Bulacan,San Miguel,2023-10-23,Ripening,0.0,0.04,0.0
III,Bulacan,San Miguel,2023-10-24,Ripening,0.0,0.07,0.13
III,Bulacan,San Miguel,2023-10-25,Ripening,0.0,0.03,0.0
III,Bulacan,San Miguel,2023-10-26,Ripening,0.0,0.23,0.21
III,Bulacan,San Miguel,2023-10-27,Seedling,0.0,0.15,0.05
III,Bulacan,San Miguel,2023-10-28,Seedling,0.0,0.2,0.02
III,Bulacan,San Miguel,2023-10-29,Seedling,0.0,,0.08
III,Bulacan,San Miguel,2023-10-30,Seedling,0.0,,0.1
III,Bulacan,San Miguel,2023-10-31,Seedling,0.0,,0.17
III,Bulacan,San Miguel,2023-11-01,Seedling,0.0,0.06,0.1
III,Bulacan,San Miguel,2023-11-02,Seedling,0.0,0.06,0.2
III,Bulacan,San Miguel,2023-11-03,Seedling,0.0,0.16,0.02
III,Bulacan,San Miguel,2023-11-04,Seedling,0.0,0.1,0.05
III,Bulacan,San Miguel,2023-11-05,Seedling,0.0,0.0,0.2
III,Bulacan,San Miguel,2023-11-06,Seedling,0.0,0.07,0.0
III,Bulacan,San Miguel,2023-11-07,Seedling,0.0,0.0,0.04
III,Bulacan,San Miguel,2023-11-08,Seedling,0.0,0.1,0.02
III,Bulacan,San Miguel,2023-11-09,Seedling,0.0,0.17,0.0
III,Bulacan,San Miguel,2023-11-10,Seedling,0.0,0.23,0.0
III,Bulacan,San Miguel,2023-11-11,Seedling,0.0,0.19,0.0
III,Bulacan,San Miguel,2023-11-12,Seedling,0.0,0.04,0.13
III,Bulacan,San Miguel,2023-11-13,Seedling,0.0,0.14,0.17
III,Bulacan,San Miguel,2023-11-14,Seedling,0.0,0.21,0.08
III,Bulacan,San Miguel,2023-11-15,Seedling,0.0,0.01,0.18
III,Bulacan,San Miguel,2023-11-16,Seedling,0.0,0.0,0.2
III,Bulacan,San Miguel,2023-11-17,Seedling,0.0,0.09,0.07
III,Bulacan,San Miguel,2023-11-18,Seedling,0.0,0.1,0.04
III,Bulacan,San Miguel,2023-11-19,Seedling,0.0,0.14,0.09
III,Bulacan,San Miguel,2023-11-20,Seedling,0.0,0.08,0.0
III,Bulacan,San Miguel,2023-11-21,Seedling,0.0,0.13,0.0
III,Bulacan,San Miguel,2023-11-22,Seedling,0.0,0.09,0.06
III,Bulacan,San Miguel,2023-11-23,Seedling,0.0,0.08,0.0
III,Bulacan,San Miguel,2023-11-24,Seedling,0.0,0.02,0.1
III,Bulacan,San Miguel,2023-11-25,Seedling,0.0,0.06,0.2
III,Bulacan,San Miguel,2023-11-26,Seedling,0.0,0.12,0.02
III,Bulacan,San Miguel,2023-11-27,Seedling,0.0,0.08,0.14
III,Bulacan,San Miguel,2023-11-28,Seedling,0.0,0.0,0.11
III,Bulacan,San Miguel,2023-11-29,Seedling,0.0,0.05,0.04
III,Bulacan,San Miguel,2023-11-30,Seedling,0.0,0.06,0.13
III,Bulacan,San Miguel,2023-12-01,Seedling,0.0,0.0,0.12
III,Bulacan,San Miguel,2023-12-02,Seedling,0.0,0.12,0.12
III,Bulacan,San Miguel,2023-12-03,Seedling,1.0,0.0,0.12
III,Bulacan,San Miguel,2023-12-04,Seedling,1.0,0.0,0.13
III,Bulacan,San Miguel,2023-12-05,Seedling,2.0,0.23,0.02
III,Bulacan,San Miguel,2023-12-06,Seedling,2.0,1.02,0.08
III,Bulacan,San Miguel,2023-12-07,Seedling,2.0,0.9,0.14
III,Bulacan,San Miguel,2023-12-08,Seedling,0.0,1.44,0.12
III,Bulacan,San Miguel,2023-12-09,Seedling,2.0,2.06,0.03
III,Bulacan,San Miguel,2023-12-10,Seedling,1.0,2.78,0.18
III,Bulacan,San Miguel,2023-12-11,Seedling,1.0,2.23,0.13
III,Bulacan,San Miguel,2023-12-12,Seedling,0.0,3.18,0.14
III,Bulacan,San Miguel,2023-12-13,Seedling,0.0,1.2,0.0
III,Bulacan,San Miguel,2023-12-14,Seedling,1.0,1.72,0.04
III,Bulacan,San Miguel,2023-12-15,Seedling,1.0,2.57,0.02
III,Bulacan,San Miguel,2023-12-16,Seedling,1.0,2.85,0.04
III,Bulacan,San Miguel,2023-12-17,Seedling,1.0,1.88,0.18
III,Bulacan,San Miguel,2023-12-18,Tillering,2.0,2.25,0.04
III,Bulacan,San Miguel,2023-12-19,Tillering,1.0,2.37,0.11
III,Bulacan,San Miguel,2023-12-20,Tillering,2.0,1.97,0.06
III,Bulacan,San Miguel,2023-12-21,Tillering,3.0,1.99,0.04
III,Bulacan,San Miguel,2023-12-22,Tillering,2.0,1.49,0.0
III,Bulacan,San Miguel,2023-12-23,Tillering,2.0,1.28,0.08
III,Bulacan,San Miguel,2023-12-24,Tillering,0.0,0.58,0.17
III,Bulacan,San Miguel,2023-12-25,Tillering,4.0,0.76,0.15
III,Bulacan,San Miguel,2023-12-26,Tillering,2.0,0.4,0.07
III,Bulacan,San Miguel,2023-12-27,Tillering,2.0,0.97,0.0
III,Bulacan,San Miguel,2023-12-28,Tillering,3.0,0.09,0.0
III,Bulacan,San Miguel,2023-12-29,Tillering,3.0,0.81,0.0
III,Bulacan,San Miguel,2023-12-30,Tillering,3.0,0.56,0.0
III,Bulacan,San Miguel,2023-12-31,Tillering,4.0,0.0,0.27
III,Bulacan,San Miguel,2024-01-01,Tillering,3.0,0.0,0.12
III,Bulacan,San Miguel,2024-01-02,Tillering,8.0,0.5,0.17
III,Bulacan,San Miguel,2024-01-03,Tillering,16.0,0.53,0.0
III,Bulacan,San Miguel,2024-01-04,Tillering,12.0,0.02,0.16
III,Bulacan,San Miguel,2024-01-05,Tillering,12.0,0.0,0.1
III,Bulacan,San Miguel,2024-01-06,Tillering,12.0,0.39,0.01
III,Bulacan,San Miguel,2024-01-07,Tillering,3.0,0.88,0.0
III,Bulacan,San Miguel,2024-01-08,Tillering,4.0,0.3,0.0
III,Bulacan,San Miguel,2024-01-09,Tillering,2.0,0.93,0.11
III,Bulacan,San Miguel,2024-01-10,Tillering,2.0,1.28,0.1
III,Bulacan,San Miguel,2024-01-11,Elongation,1.0,0.81,0.06
III,Bulacan,San Miguel,2024-01-12,Elongation,0.0,2.08,0.14
III,Bulacan,San Miguel,2024-01-13,Elongation,1.0,2.61,0.09
III,Bulacan,San Miguel,2024-01-14,Elongation,3.0,2.36,0.0
III,Bulacan,San Miguel,2024-01-15,Elongation,2.0,3.25,0.08
III,Bulacan,San Miguel,2024-01-16,Elongation,2.0,2.28,0.08
III,Bulacan,San Miguel,2024-01-17,Elongation,3.0,1.62,0.14
III,Bulacan,San Miguel,2024-01-18,Elongation,3.0,1.28,0.0
III,Bulacan,San Miguel,2024-01-19,Elongation,3.0,1.3,0.12
III,Bulacan,San Miguel,2024-01-20,Elongation,0.0,0.0,0.09
III,Bulacan,San Miguel,2024-01-21,Elongation,1.0,1.7,0.0
III,Bulacan,San Miguel,2024-01-22,Elongation,2.0,1.1,0.2
III,Bulacan,San Miguel,2024-01-23,Elongation,1.0,0.64,0.11
III,Bulacan,San Miguel,2024-01-24,Elongation,1.0,0.0,0.02
III,Bulacan,San Miguel,2024-01-25,Elongation,0.0,1.12,0.05
III,Bulacan,San Miguel,2024-01-26,Elongation,3.0,0.3,0.0
III,Bulacan,San Miguel,2024-01-27,Elongation,2.0,0.92,0.03
III,Bulacan,San Miguel,2024-01-28,Elongation,1.0,0.45,0.05
III,Bulacan,San Miguel,2024-01-29,Elongation,1.0,0.46,0.09
III,Bulacan,San Miguel,2024-01-30,Panicle,1.0,0.06,1.61
III,Bulacan,San Miguel,2024-01-31,Panicle,0.0,0.21,1.37
III,Bulacan,San Miguel,2024-02-01,Panicle,0.0,0.2,0.78
III,Bulacan,San Miguel,2024-02-02,Panicle,2.0,0.11,0.98
III,Bulacan,San Miguel,2024-02-03,Panicle,4.0,0.0,0.42
III,Bulacan,San Miguel,2024-02-04,Panicle,0.0,0.04,1.11
III,Bulacan,San Miguel,2024-02-05,Panicle,1.0,0.06,0.99
III,Bulacan,San Miguel,2024-02-06,Panicle,0.0,0.07,1.24
III,Bulacan,San Miguel,2024-02-07,Panicle,1.0,0.01,1.18
III,Bulacan,San Miguel,2024-02-08,Panicle,0.0,0.01,1.69
III,Bulacan,San Miguel,2024-02-09,Panicle,0.0,0.02,0.0
III,Bulacan,San Miguel,2024-02-10,Panicle,2.0,0.15,0.32
III,Bulacan,San Miguel,2024-02-11,Panicle,1.0,0.0,1.2
III,Bulacan,San Miguel,2024-02-12,Panicle,0.0,0.14,3.45
III,Bulacan,San Miguel,2024-02-13,Flowering,3.0,0.12,1.91
III,Bulacan,San Miguel,2024-02-14,Flowering,5.0,0.05,0.26
III,Bulacan,San Miguel,2024-02-15,Flowering,0.0,0.0,0.0
III,Bulacan,San Miguel,2024-02-16,Flowering,5.0,0.04,1.82
III,Bulacan,San Miguel,2024-02-17,Flowering,4.0,0.09,0.51
III,Bulacan,San Miguel,2024-02-18,Flowering,2.0,0.04,2.14
III,Bulacan,San Miguel,2024-02-19,Flowering,1.0,0.01,1.4
III,Bulacan,San Miguel,2024-02-20,Flowering,1.0,0.05,
III,Bulacan,San Miguel,2024-02-21,Flowering,1.0,0.18,
III,Bulacan,San Miguel,2024-02-22,Flowering,0.0,0.25,1.12
III,Bulacan,San Miguel,2024-02-23,Flowering,0.0,0.04,0.0
III,Bulacan,San Miguel,2024-02-24,Flowering,4.0,0.13,0.8
III,Bulacan,San Miguel,2024-02-25,Flowering,1.0,0.12,0.81
III,Bulacan,San Miguel,2024-02-26,Flowering,1.0,0.02,0.5
III,Bulacan,San Miguel,2024-02-27,Ripening,1.0,0.0,2.09
III,Bulacan,San Miguel,2024-02-28,Ripening,1.0,0.14,1.16
III,Bulacan,San Miguel,2024-02-29,Ripening,0.0,0.01,0.0
III,Bulacan,San Miguel,2024-03-01,Ripening,0.0,0.0,0.48
III,Bulacan,San Miguel,2024-03-02,Ripening,0.0,0.04,0.41
III,Bulacan,San Miguel,2024-03-03,Ripening,1.0,0.0,0.0
III,Bulacan,San Miguel,2024-03-04,Ripening,1.0,0.07,0.0
III,Bulacan,San Miguel,2024-03-05,Ripening,0.0,0.14,0.36
III,Bulacan,San Miguel,2024-03-06,Ripening,1.0,0.04,0.77
III,Bulacan,San Miguel,2024-03-07,Ripening,0.0,0.08,0.83
III,Bulacan,San Miguel,2024-03-08,Ripening,1.0,0.2,0.56
III,Bulacan,San Miguel,2024-03-09,Ripening,2.0,0.12,1.63
III,Bulacan,San Miguel,2024-03-10,Ripening,1.0,0.0,0.0
III,Bulacan,San Miguel,2024-03-11,Ripening,1.0,0.0,0.03
III,Bulacan,San Miguel,2024-03-12,Ripening,0.0,0.08,0.0
III,Bulacan,San Miguel,2024-03-13,Ripening,1.0,0.07,1.35
III,Bulacan,San Miguel,2024-03-14,Ripening,0.0,0.0,0.27
III,Bulacan,San Miguel,2024-03-15,Ripening,,0.19,2.27
III,Bulacan,San Miguel,2024-03-16,Ripening,,0.09,1.41
III,Bulacan,San Miguel,2024-03-17,Ripening,,0.0,0.29
III,Bulacan,San Miguel,2024-03-18,Ripening,3.0,0.0,0.91
III,Bulacan,San Miguel,2024-03-19,Ripening,1.0,0.0,1.29
III,Bulacan,San Miguel,2024-03-20,Ripening,2.0,0.02,1.28
III,Bulacan,San Miguel,2024-03-21,Ripening,1.0,0.06,2.14
III,Bulacan,San Miguel,2024-03-22,Ripening,0.0,0.25,0.07
III,Bulacan,San Miguel,2024-03-23,Ripening,0.0,0.02,0.15
III,Bulacan,San Miguel,2024-03-24,Ripening,1.0,0.03,0.01
III,Bulacan,San Miguel,2024-03-25,Ripening,0.0,0.09,0.03
III,Bulacan,San Miguel,2024-03-26,Ripening,0.0,0.04,0.05
III,Bulacan,San Miguel,2024-03-27,Ripening,0.0,0.18,0.04
III,Bulacan,San Miguel,2024-03-28,Ripening,0.0,0.09,0.17
III,Bulacan,San Miguel,2024-03-29,Ripening,0.0,0.03,0.05
III,Bulacan,San Miguel,2024-03-30,Ripening,1.0,0.09,0.07
III,Bulacan,San Miguel,2024-03-31,Ripening,0.0,0.12,0.0
III,Bulacan,San Miguel,2024-04-01,Ripening,0.0,0.0,0.0
III,Bulacan,San Miguel,2024-04-02,Ripening,0.0,0.0,0.08
III,Bulacan,San Miguel,2024-04-03,Ripening,0.0,0.08,0.0
III,Bulacan,San Miguel,2024-04-04,RIPENING,0.0,0.22,0.08
III,Bulacan,San Miguel,2024-04-05,Ripening,0.0,0.17,0.0
III,Bulacan,San Miguel,2024-04-06,Ripening,,0.07,0.1
III,Bulacan,San Miguel,2024-04-07,Ripening,,0.02,0.15
III,Bulacan,San Miguel,2024-04-08,Ripening,,0.0,0.09
III,Bulacan,San Miguel,2024-04-09,Ripening,,0.03,0.1
III,Bulacan,San Miguel,2024-04-10,Ripening,,0.0,0.0
III,Bulacan,San Miguel,2024-04-11,Ripening,0.0,0.11,0.27
III,Bulacan,San Miguel,2024-04-12,Ripening,0.0,0.1,0.1
III,Bulacan,San Miguel,2024-04-13,Ripening,0.0,0.08,0.12
III,Bulacan,San Miguel,2024-04-14,Ripening,0.0,0.0,0.11
III,Bulacan,San Miguel,2024-04-15,Ripening,1.0,0.24,0.04
III,Bulacan,San Miguel,2024-04-16,Ripening,0.0,0.19,0.1
III,Bulacan,San Miguel,2024-04-17,Ripening,0.0,0.19,0.17
III,Bulacan,San Miguel,2024-04-18,Ripening,0.0,0.14,0.08
III,Bulacan,San Miguel,2024-04-19,Ripening,0.0,0.06,0.13
III,Bulacan,San Miguel,2024-04-20,Ripening,0.0,0.09,0.01
III,Bulacan,San Miguel,2024-04-21,Ripening,0.0,0.04,0.0
III,Bulacan,San Miguel,2024-04-22,Ripening,0.0,0.2,
III,Bulacan,San Miguel,2024-04-23,Ripening,0.0,0.0,
III,Bulacan,San Miguel,2024-04-24,Ripening,0.0,0.04,
III,Bulacan,San Miguel,2024-04-25,Seedling,0.0,0.22,
III,Bulacan,San Miguel,2024-04-26,Seedling,0.0,0.07,
III,Bulacan,San Miguel,2024-04-27,Seedling,0.0,0.19,0.0
III,Bulacan,San Miguel,2024-04-28,Seedling,0.0,0.08,0.16
III,Bulacan,San Miguel,2024-04-29,Seedling,0.0,0.22,0.0
III,Bulacan,San Miguel,2024-04-30,Seedling,0.0,0.14,0.07
III,Bulacan,San Miguel,2024-05-01,Seedling,0.0,0.04,0.15
III,Bulacan,San Miguel,2024-05-02,Seedling,0.0,0.13,0.29
III,Bulacan,San Miguel,2024-05-03,Seedling,1.0,0.06,0.01
III,Bulacan,San Miguel,2024-05-04,Seedling,0.0,0.06,0.14
III,Bulacan,San Miguel,2024-05-05,Seedling,0.0,0.04,0.12
III,Bulacan,San Miguel,2024-05-05,Seedling,0.0,0.04,0.12
III,Bulacan,San Miguel,2024-05-06,Seedling,0.0,0.15,0.17
III,Bulacan,San Miguel,2024-05-07,Seedling,0.0,0.04,0.19
III,Bulacan,San Miguel,2024-05-08,Seedling,0.0,0.12,0.0
III,Bulacan,San Miguel,2024-05-09,Seedling,0.0,0.14,0.04
III,Bulacan,San Miguel,2024-05-10,Seedling,0.0,0.09,0.02
III,Bulacan,San Miguel,2024-05-11,Seedling,1.0,0.13,0.14
III,Bulacan,San Miguel,2024-05-12,Seedling,0.0,0.14,0.0
III,Bulacan,San Miguel,2024-05-13,Seedling,0.0,0.16,0.1
III,Bulacan,San Miguel,2024-05-14,Seedling,0.0,0.14,0.07
III,Bulacan,San Miguel,2024-05-15,Seedling,0.0,0.06,0.0
III,Bulacan,San Miguel,2024-05-16,Seedling,0.0,0.0,0.02
III,Bulacan,San Miguel,2024-05-17,Seedling,0.0,0.2,0.0
III,Bulacan,San Miguel,2024-05-18,Seedling,0.0,0.0,0.0
III,Bulacan,San Miguel,2024-05-19,Seedling,0.0,0.0,0.04
III,Bulacan,San Miguel,2024-05-20,Seedling,0.0,0.2,0.14
III,Bulacan,San Miguel,2024-05-21,Seedling,0.0,0.09,0.07
III,Bulacan,San Miguel,2024-05-22,Seedling,0.0,0.0,0.24
III,Bulacan,San Miguel,2024-05-23,Seedling,0.0,0.0,0.0
III,Bulacan,San Miguel,2024-05-24,Seedling,0.0,0.04,0.17
III,Bulacan,San Miguel,2024-05-25,Seedling,0.0,0.03,0.08
III,Bulacan,San Miguel,2024-05-26,Seedling,0.0,0.06,0.0
III,Bulacan,San Miguel,2024-05-27,Seedling,0.0,0.04,0.15
III,Bulacan,San Miguel,2024-05-28,Seedling,0.0,0.06,0.09
III,Bulacan,San Miguel,2024-05-29,Seedling,1.0,3.14,0.1
III,Bulacan,San Miguel,2024-05-30,Seedling,4.0,3.06,0.17
III,Bulacan,San Miguel,2024-05-31,Seedling,3.0,3.72,0.1
III,Bulacan,San Miguel,2024-06-01,Seedling,4.0,1.58,0.1
III,Bulacan,San Miguel,2024-06-02,Seedling,0.0,3.07,0.23
III,Bulacan,San Miguel,2024-06-03,Seedling,2.0,1.7,0.04
III,Bulacan,San Miguel,2024-06-04,Seedling,5.0,2.87,0.14
III,Bulacan,San Miguel,2024-06-05,Seedling,3.0,2.82,0.1
III,Bulacan,San Miguel,2024-06-06,Seedling,3.0,1.69,0.08
III,Bulacan,San Miguel,2024-06-07,Seedling,5.0,2.47,0.0
III,Bulacan,San Miguel,2024-06-07,Seedling,5.0,2.47,0.0
III,Bulacan,San Miguel,2024-06-08,Seedling,7.0,1.99,0.13
III,Bulacan,San Miguel,2024-06-09,Seedling,9.0,1.34,0.16
III,Bulacan,San Miguel,2024-06-10,Seedling,8.0,1.66,0.08
III,Bulacan,San Miguel,2024-06-11,Seedling,9.0,1.47,0.0
III,Bulacan,San Miguel,2024-06-12,Seedling,11.0,1.81,0.05
III,Bulacan,San Miguel,2024-06-13,Seedling,9.0,0.99,0.06
III,Bulacan,San Miguel,2024-06-14,Tillering,19.0,0.24,0.08
III,Bulacan,San Miguel,2024-06-15,Tillering,21.0,0.8,0.1
III,Bulacan,San Miguel,2024-06-16,Tillering,15.0,0.53,0.16
III,Bulacan,San Miguel,2024-06-17,Tillering,28.0,0.92,0.04
III,Bulacan,San Miguel,2024-06-18,Tillering,24.0,0.85,0.16
III,Bulacan,San Miguel,2024-06-19,Tillering,14.0,1.7,0.31
III,Bulacan,San Miguel,2024-06-20,Tillering,11.0,,0.03
III,Bulacan,San Miguel,2024-06-21,Tillering,9.0,,0.0
III,Bulacan,San Miguel,2024-06-22,Tillering,4.0,,0.04
III,Bulacan,San Miguel,2024-06-23,Tillering,8.0,,0.17
III,Bulacan,San Miguel,2024-06-24,Tillering,5.0,,0.05
III,Bulacan,San Miguel,2024-06-25,Tillering,3.0,0.59,
III,Bulacan,San Miguel,2024-06-26,Tillering,5.0,0.0,
III,Bulacan,San Miguel,2024-06-27,Tillering,7.0,0.54,
III,Bulacan,San Miguel,2024-06-28,Tillering,17.0,0.0,
III,Bulacan,San Miguel,2024-06-29,Tillering,25.0,0.96,0.05
III,Bulacan,San Miguel,2024-06-30,Tillering,23.0,0.18,0.04
III,Bulacan,San Miguel,2024-07-01,Tillering,24.0,0.53,0.03
III,Bulacan,San Miguel,2024-07-02,Tillering,30.0,0.14,0.19
III,Bulacan,San Miguel,2024-07-03,Tillering,32.0,0.34,0.06
III,Bulacan,San Miguel,2024-07-04,Tillering,34.0,0.71,0.15
III,Bulacan,San Miguel,2024-07-05,Tillering,38.0,0.58,0.14
III,Bulacan,San Miguel,2024-07-06,Tillering,52.0,0.54,0.01
III,Bulacan,San Miguel,2024-07-07,Tillering,38.0,1.72,0.08
III,Bulacan,San Miguel,2024-07-08,Tillering,46.0,0.9,0.1
III,Bulacan,San Miguel,2024-07-09,Tillering,42.0,0.86,0.04
III,Bulacan,San Miguel,2024-07-10,Elongation,24.0,2.92,0.0
III,Bulacan,San Miguel,2024-07-11,Elongation,41.0,3.17,0.13
III,Bulacan,San Miguel,2024-07-12,Elongation,42.0,3.72,0.11
III,Bulacan,San Miguel,2024-07-13,Elongation,38.0,3.6,0.1
III,Bulacan,San Miguel,2024-07-14,Elongation,37.0,3.95,0.13
III,Bulacan,San Miguel,2024-07-15,Elongation,45.0,2.8,0.18
III,Bulacan,San Miguel,2024-07-16,Elongation,26.0,3.15,0.07
III,Bulacan,San Miguel,2024-07-17,Elongation,27.0,3.68,0.18
III,Bulacan,San Miguel,2024-07-18,Elongation,36.0,1.68,0.13
III,Bulacan,San Miguel,2024-07-19,Elongation,27.0,2.34,0.15
III,Bulacan,San Miguel,2024-07-20,Elongation,39.0,2.2,0.02
III,Bulacan,San Miguel,2024-07-21,Elongation,38.0,2.28,0.15
III,Bulacan,San Miguel,2024-07-22,Elongation,29.0,1.32,0.03
III,Bulacan,San Miguel,2024-07-23,Elongation,33.0,2.21,0.21
III,Bulacan,San Miguel,2024-07-24,Elongation,40.0,2.06,0.14
III,Bulacan,San Miguel,2024-07-25,Elongation,29.0,2.24,0.03
III,Bulacan,San Miguel,2024-07-26,Elongation,26.0,1.34,0.07
III,Bulacan,San Miguel,2024-07-27,Elongation,40.0,1.47,0.0
III,Bulacan,San Miguel,2024-07-28,Elongation,32.0,1.4,0.01
III,Bulacan,San Miguel,2024-07-29,Elongation,24.0,2.05,0.18
III,Bulacan,San Miguel,2024-07-30,Panicle,16.0,0.04,0.78
III,Bulacan,San Miguel,2024-07-31,Panicle,15.0,0.05,1.97
III,Bulacan,San Miguel,2024-08-01,Panicle,9.0,0.04,1.53
III,Bulacan,San Miguel,2024-08-02,Panicle,9.0,0.09,1.35
III,Bulacan,San Miguel,2024-08-03,Panicle,8.0,0.0,2.12
III,Bulacan,San Miguel,2024-08-04,Panicle,5.0,0.0,1.44
III,Bulacan,San Miguel,2024-08-05,Panicle,0.0,0.05,1.72
III,Bulacan,San Miguel,2024-08-06,Panicle,1.0,0.0,2.1
III,Bulacan,San Miguel,2024-08-07,Panicle,8.0,0.03,0.0
III,Bulacan,San Miguel,2024-08-08,Panicle,5.0,0.12,1.5
III,Bulacan,San Miguel,2024-08-09,Panicle,2.0,0.09,0.0
III,Bulacan,San Miguel,2024-08-10,Panicle,6.0,0.13,2.15
III,Bulacan,San Miguel,2024-08-11,Panicle,1.0,0.2,0.24
III,Bulacan,San Miguel,2024-08-12,Panicle,1.0,0.1,0.39
III,Bulacan,San Miguel,2024-08-13,Panicle,1.0,0.08,0.38
III,Bulacan,San Miguel,2024-08-14,Panicle,0.0,0.11,0.0
III,Bulacan,San Miguel,2024-08-15,Flowering,0.0,0.0,
III,Bulacan,San Miguel,2024-08-16,Flowering,1.0,0.31,
III,Bulacan,San Miguel,2024-08-17,Flowering,1.0,0.05,0.58
III,Bulacan,San Miguel,2024-08-18,Flowering,2.0,0.0,1.36
III,Bulacan,San Miguel,2024-08-19,Flowering,3.0,0.04,0.0
III,Bulacan,San Miguel,2024-08-20,Flowering,0.0,0.0,0.74
III,Bulacan,San Miguel,2024-08-21,Flowering,0.0,0.19,0.52
III,Bulacan,San Miguel,2024-08-22,Flowering,2.0,0.0,0.77
III,Bulacan,San Miguel,2024-08-23,Flowering,0.0,0.21,0.3
III,Bulacan,San Miguel,2024-08-24,Flowering,1.0,,0.49
III,Bulacan,San Miguel,2024-08-25,FLOWERING,0.0,,1.33
III,Bulacan,San Miguel,2024-08-26,Flowering,2.0,,1.76
III,Bulacan,San Miguel,2024-08-27,Flowering,4.0,0.07,1.01
III,Bulacan,San Miguel,2024-08-28,Flowering,1.0,0.07,0.4
III,Bulacan,San Miguel,2024-08-29,Flowering,7.0,0.0,0.69
III,Bulacan,San Miguel,2024-08-30,Ripening,7.0,0.12,0.7
III,Bulacan,San Miguel,2024-08-31,Ripening,5.0,0.16,0.32
III,Bulacan,San Miguel,2024-09-01,Ripening,5.0,0.11,0.56
III,Bulacan,San Miguel,2024-09-02,Ripening,0.0,0.11,0.0
III,Bulacan,San Miguel,2024-09-03,Ripening,4.0,0.21,1.47
III,Bulacan,San Miguel,2024-09-04,Ripening,3.0,0.03,0.47
III,Bulacan,San Miguel,2024-09-05,Ripening,0.0,0.19,0.0
III,Bulacan,San Miguel,2024-09-06,Ripening,2.0,0.0,0.47
III,Bulacan,San Miguel,2024-09-07,Ripening,2.0,0.14,0.41
III,Bulacan,San Miguel,2024-09-08,Ripening,2.0,0.0,2.78
III,Bulacan,San Miguel,2024-09-09,Ripening,2.0,0.1,1.97
III,Bulacan,San Miguel,2024-09-10,Ripening,1.0,0.11,5.35
III,Bulacan,San Miguel,2024-09-11,Ripening,3.0,0.05,5.19
III,Bulacan,San Miguel,2024-09-12,Ripening,2.0,0.12,4.08
III,Bulacan,San Miguel,2024-09-13,Ripening,4.0,0.0,4.58
III,Bulacan,San Miguel,2024-09-14,Ripening,2.0,0.1,4.7
III,Bulacan,San Miguel,2024-09-15,Ripening,4.0,0.1,5.15
III,Bulacan,San Miguel,2024-09-16,Ripening,6.0,0.21,5.19
III,Bulacan,San Miguel,2024-09-17,Ripening,9.0,0.05,5.57
III,Bulacan,San Miguel,2024-09-18,Ripening,7.0,0.17,6.54
III,Bulacan,San Miguel,2024-09-19,Ripening,13.0,0.16,5.03
III,Bulacan,San Miguel,2024-09-20,Ripening,14.0,0.03,5.34
III,Bulacan,San Miguel,2024-09-21,Ripening,11.0,0.04,3.85
III,Bulacan,San Miguel,2024-09-22,Ripening,6.0,0.13,3.02
III,Bulacan,San Miguel,2024-09-23,Ripening,9.0,0.31,1.61
III,Bulacan,San Miguel,2024-09-24,Ripening,13.0,0.2,1.65
III,Bulacan,San Miguel,2024-09-25,Ripening,0.0,0.19,0.12
III,Bulacan,San Miguel,2024-09-26,Ripening,0.0,0.08,0.0
III,Bulacan,San Miguel,2024-09-27,Ripening,0.0,0.17,0.02
III,Bulacan,San Miguel,2024-09-28,Ripening,0.0,0.12,0.05
III,Bulacan,San Miguel,2024-09-29,Ripening,0.0,0.08,0.08
III,Bulacan,San Miguel,2024-09-30,Ripening,0.0,0.16,0.0
III,Bulacan,San Miguel,2024-10-01,Ripening,0.0,0.12,0.02
III,Bulacan,San Miguel,2024-10-02,Ripening,0.0,0.15,0.02
III,Bulacan,San Miguel,2024-10-03,Ripening,0.0,0.02,0.23
III,Bulacan,San Miguel,2024-10-04,Ripening,0.0,0.0,0.19
III,Bulacan,San Miguel,2024-10-05,Ripening,0.0,0.07,0.08
III,Bulacan,San Miguel,2024-10-06,Ripening,0.0,0.0,0.0
III,Bulacan,San Miguel,2024-10-07,Ripening,1.0,0.13,0.09
III,Bulacan,San Miguel,2024-10-08,Ripening,0.0,,0.04
III,Bulacan,San Miguel,2024-10-09,Ripening,0.0,,0.12
III,Bulacan,San Miguel,2024-10-10,Ripening,1.0,0.0,0.25
III,Bulacan,San Miguel,2024-10-11,Ripening,0.0,0.1,0.12
III,Bulacan,San Miguel,2024-10-12,Ripening,0.0,0.12,0.16
III,Bulacan,San Miguel,2024-10-13,Ripening,0.0,0.15,0.01
III,Bulacan,San Miguel,2024-10-14,Ripening,0.0,0.08,0.0
III,Bulacan,San Miguel,2024-10-15,Ripening,0.0,0.07,0.0
III,Bulacan,San Miguel,2024-10-16,Ripening,0.0,0.14,0.15
III,Bulacan,San Miguel,2024-10-17,Ripening,0.0,0.1,0.14
III,Bulacan,San Miguel,2024-10-18,Ripening,0.0,0.11,0.02
III,Bulacan,San Miguel,2024-10-19,Ripening,0.0,0.0,0.08
III,Bulacan,San Miguel,2024-10-20,Ripening,0.0,0.07,0.12
III,Bulacan,San Miguel,2024-10-21,Ripening,0.0,0.0,0.16
III,Bulacan,San Miguel,2024-10-22,Ripening,0.0,0.03,0.1
III,Bulacan,San Miguel,2024-10-23,Ripening,1.0,0.0,0.13
III,Bulacan,San Miguel,2024-10-24,Ripening,0.0,0.11,0.13
III,Bulacan,San Miguel,2024-10-25,Ripening,0.0,0.1,0.0
III,Bulacan,San Miguel,2024-10-26,Ripening,0.0,0.1,0.05
III,Bulacan,San Miguel,2024-10-27,Seedling,0.0,0.04,0.17
III,Bulacan,San Miguel,2024-10-28,Seedling,0.0,0.05,0.0
III,Bulacan,San Miguel,2024-10-29,Seedling,0.0,0.04,0.0
III,Bulacan,San Miguel,2024-10-30,Seedling,0.0,0.04,0.09
III,Bulacan,San Miguel,2024-10-31,Seedling,0.0,0.07,0.06
III,Bulacan,San Miguel,2024-11-01,Seedling,0.0,0.18,0.23
III,Bulacan,San Miguel,2024-11-02,Seedling,0.0,0.16,0.09
III,Bulacan,San Miguel,2024-11-03,Seedling,0.0,0.18,0.23
III,Bulacan,San Miguel,2024-11-04,Seedling,0.0,0.06,0.1
III,Bulacan,San Miguel,2024-11-05,Seedling,0.0,0.05,0.14
III,Bulacan,San Miguel,2024-11-06,Seedling,0.0,0.0,0.18
III,Bulacan,San Miguel,2024-11-07,Seedling,0.0,0.18,0.1
III,Bulacan,San Miguel,2024-11-08,Seedling,0.0,0.0,0.06
III,Bulacan,San Miguel,2024-11-09,Seedling,0.0,0.0,0.0
III,Bulacan,San Miguel,2024-11-10,Seedling,0.0,0.09,0.07
III,Bulacan,San Miguel,2024-11-11,Seedling,0.0,0.08,0.09
III,Bulacan,San Miguel,2024-11-12,Seedling,0.0,0.16,0.06
III,Bulacan,San Miguel,2024-11-13,Seedling,0.0,0.16,0.08
III,Bulacan,San Miguel,2024-11-14,Seedling,0.0,0.12,0.0
III,Bulacan,San Miguel,2024-11-15,Seedling,0.0,0.0,0.11
III,Bulacan,San Miguel,2024-11-16,Seedling,0.0,0.03,0.02
III,Bulacan,San Miguel,2024-11-17,Seedling,1.0,0.0,0.02
III,Bulacan,San Miguel,2024-11-18,Seedling,0.0,0.0,0.0
III,Bulacan,San Miguel,2024-11-19,Seedling,0.0,0.05,0.0
III,Bulacan,San Miguel,2024-11-20,Seedling,0.0,0.29,0.03
III,Bulacan,San Miguel,2024-11-21,Seedling,0.0,0.19,0.05
III,Bulacan,San Miguel,2024-11-22,Seedling,0.0,0.01,0.04
III,Bulacan,San Miguel,2024-11-23,Seedling,0.0,0.08,0.08
III,Bulacan,San Miguel,2024-11-24,Seedling,0.0,0.18,0.0
III,Bulacan,San Miguel,2024-11-25,Seedling,0.0,0.25,0.15
III,Bulacan,San Miguel,2024-11-26,Seedling,0.0,0.15,0.1
III,Bulacan,San Miguel,2024-11-27,Seedling,0.0,0.12,0.0
III,Bulacan,San Miguel,2024-11-28,Seedling,0.0,0.91,0.01
III,Bulacan,San Miguel,2024-11-29,Seedling,2.0,0.0,0.21
III,Bulacan,San Miguel,2024-11-30,Seedling,2.0,0.6,0.05
III,Bulacan,San Miguel,2024-12-01,Seedling,0.0,1.06,0.04
III,Bulacan,San Miguel,2024-12-02,Seedling,1.0,1.25,0.14
III,Bulacan,San Miguel,2024-12-03,Seedling,0.0,1.55,0.0
III,Bulacan,San Miguel,2024-12-04,Seedling,2.0,0.57,0.11
III,Bulacan,San Miguel,2024-12-05,Seedling,2.0,0.0,0.01
III,Bulacan,San Miguel,2024-12-06,Seedling,1.0,0.09,0.04
III,Bulacan,San Miguel,2024-12-07,Seedling,2.0,0.43,0.0
III,Bulacan,San Miguel,2024-12-08,Seedling,0.0,0.52,0.11
III,Bulacan,San Miguel,2024-12-09,Seedling,1.0,0.06,0.2
III,Bulacan,San Miguel,2024-12-10,SEEDLING,1.0,0.02,0.02
III,Bulacan,San Miguel,2024-12-11,Seedling,0.0,1.17,0.06
III,Bulacan,San Miguel,2024-12-12,Seedling,0.0,0.41,0.0
III,Bulacan,San Miguel,2024-12-13,Tillering,2.0,0.0,0.02
III,Bulacan,San Miguel,2024-12-14,Tillering,2.0,0.0,0.0
III,Bulacan,San Miguel,2024-12-15,Tillering,1.0,0.66,0.05
III,Bulacan,San Miguel,2024-12-16,Tillering,2.0,0.19,0.05
III,Bulacan,San Miguel,2024-12-17,Tillering,4.0,0.21,0.08
III,Bulacan,San Miguel,2024-12-18,Tillering,1.0,0.45,0.04
III,Bulacan,San Miguel,2024-12-19,Tillering,2.0,0.2,0.05
III,Bulacan,San Miguel,2024-12-20,Tillering,3.0,0.84,0.04
III,Bulacan,San Miguel,2024-12-21,Tillering,1.0,1.33,0.23
III,Bulacan,San Miguel,2024-12-22,Tillering,5.0,0.57,0.0
III,Bulacan,San Miguel,2024-12-23,Tillering,2.0,0.46,0.02
III,Bulacan,San Miguel,2024-12-24,Tillering,2.0,0.0,0.0
III,Bulacan,San Miguel,2024-12-25,Tillering,2.0,0.83,0.04
III,Bulacan,San Miguel,2024-12-26,Tillering,1.0,0.71,0.0
III,Bulacan,San Miguel,2024-12-27,Tillering,0.0,0.24,0.02
III,Bulacan,San Miguel,2024-12-28,Tillering,4.0,0.21,0.15
III,Bulacan,San Miguel,2024-12-29,Tillering,0.0,0.09,0.27
III,Bulacan,San Miguel,2024-12-30,Tillering,1.0,0.65,0.0
III,Bulacan,San Miguel,2024-12-31,Tillering,1.0,0.0,0.16
III,Nueva Ecija,Science City of Muñoz,2019-01-01,Tillering,3.0,0.55,0.07
III,Nueva Ecija,Science City of Muñoz,2019-01-02,Tillering,1.0,0.0,0.01
III,Nueva Ecija,Science City of Muñoz,2019-01-03,Tillering,1.0,1.18,0.0
III,Nueva Ecija,Science City of Muñoz,2019-01-04,Tillering,0.0,0.55,0.0
III,Nueva Ecija,Science City of Muñoz,2019-01-05,Tillering,1.0,0.89,0.0
III,Nueva Ecija,Science City of Muñoz,2019-01-06,Tillering,2.0,0.06,0.13
III,Nueva Ecija,Science City of Muñoz,2019-01-07,Tillering,1.0,0.0,0.21
III,Nueva Ecija,Science City of Muñoz,2019-01-08,Tillering,3.0,1.27,0.09
III,Nueva Ecija,Science City of Muñoz,2019-01-09,Tillering,1.0,0.0,
III,Nueva Ecija,Science City of Muñoz,2019-01-10,Tillering,4.0,0.39,
III,Nueva Ecija,Science City of Muñoz,2019-01-11,Tillering,1.0,0.05,
III,Nueva Ecija,Science City of Muñoz,2019-01-12,Tillering,0.0,0.84,
III,Nueva Ecija,Science City of Muñoz,2019-01-13,Tillering,5.0,0.0,
III,Nueva Ecija,Science City of Muñoz,2019-01-14,Tillering,1.0,0.0,0.02
III,Nueva Ecija,Science City of Muñoz,2019-01-15,Tillering,1.0,0.14,0.09
III,Nueva Ecija,Science City of Muñoz,2019-01-16,Tillering,5.0,0.65,0.11
III,Nueva Ecija,Science City of Muñoz,2019-01-17,Tillering,5.0,0.0,0.0
III,Nueva Ecija,Science City of Muñoz,2019-01-18,Tillering,2.0,0.0,0.07
III,Nueva Ecija,Science City of Muñoz,2019-01-19,Tillering,0.0,0.07,0.05
III,Nueva Ecija,Science City of Muñoz,2019-01-20,Elongation,1.0,1.15,
III,Nueva Ecija,Science City of Muñoz,2019-01-21,Elongation,2.0,1.16,
III,Nueva Ecija,Science City of Muñoz,2019-01-22,Elongation,1.0,0.66,
III,Nueva Ecija,Science City of Muñoz,2019-01-23,Elongation,0.0,0.69,0.06
III,Nueva Ecija,Science City of Muñoz,2019-01-24,Elongation,0.0,0.56,0.18
III,Nueva Ecija,Science City of Muñoz,2019-01-25,Elongation,2.0,0.36,0.08
III,Nueva Ecija,Science City of Muñoz,2019-01-26,Elongation,2.0,0.52,0.15
III,Nueva Ecija,Science City of Muñoz,2019-01-27,Elongation,2.0,0.47,0.11
III,Nueva Ecija,Science City of Muñoz,2019-01-28,Elongation,4.0,0.36,0.1
III,Nueva Ecija,Science City of Muñoz,2019-01-29,Elongation,0.0,0.91,0.16
III,Nueva Ecija,Science City of Muñoz,2019-01-30,Elongation,2.0,,0.17
III,Nueva Ecija,Science City of Muñoz,2019-01-31,Elongation,1.0,,0.07
III,Nueva Ecija,Science City of Muñoz,2019-02-01,Elongation,3.0,,0.09
III,Nueva Ecija,Science City of Muñoz,2019-02-02,Elongation,1.0,,0.0
III,Nueva Ecija,Science City of Muñoz,2019-02-03,Elongation,2.0,,0.06
III,Nueva Ecija,Science City of Muñoz,2019-02-04,Elongation,2.0,1.74,0.0
III,Nueva Ecija,Science City of Muñoz,2019-02-05,Elongation,2.0,0.75,0.01
III,Nueva Ecija,Science City of Muñoz,2019-02-06,Elongation,2.0,1.58,0.0
III,Nueva Ecija,Science City of Muñoz,2019-02-07,Elongation,2.0,0.69,0.15
III,Nueva Ecija,Science City of Muñoz,2019-02-08,Elongation,0.0,2.26,0.17
III,Nueva Ecija,Science City of Muñoz,2019-02-09,Panicle,0.0,0.1,3.11
III,Nueva Ecija,Science City of Muñoz,2019-02-10,Panicle,2.0,0.15,2.98
III,Nueva Ecija,Science City of Muñoz,2019-02-11,Panicle,0.0,0.0,3.15
III,Nueva Ecija,Science City of Muñoz,2019-02-12,Panicle,0.0,0.2,4.68
III,Nueva Ecija,Science City of Muñoz,2019-02-13,Panicle,0.0,0.08,2.18
III,Nueva Ecija,Science City of Muñoz,2019-02-14,Panicle,2.0,0.13,4.19
III,Nueva Ecija,Science City of Muñoz,2019-02-15,Panicle,0.0,0.04,5.3
III,Nueva Ecija,Science City of Muñoz,2019-02-16,Panicle,0.0,0.14,3.07
III,Nueva Ecija,Science City of Muñoz,2019-02-17,Panicle,1.0,0.05,3.71
III,Nueva Ecija,Science City of Muñoz,2019-02-18,Panicle,0.0,0.06,3.89
III,Nueva Ecija,Science City of Muñoz,2019-02-19,Panicle,0.0,0.0,1.35
III,Nueva Ecija,Science City of Muñoz,2019-02-20,Panicle,2.0,0.04,1.71
III,Nueva Ecija,Science City of Muñoz,2019-02-21,Panicle,0.0,0.11,0.52
III,Nueva Ecija,Science City of Muñoz,2019-02-22,Panicle,2.0,0.0,1.25
III,Nueva Ecija,Science City of Muñoz,2019-02-23,Panicle,0.0,0.03,0.3
III,Nueva Ecija,Science City of Muñoz,2019-02-24,Flowering,1.0,0.23,0.53
III,Nueva Ecija,Science City of Muñoz,2019-02-25,Flowering,1.0,0.1,0.77
III,Nueva Ecija,Science City of Muñoz,2019-02-26,Flowering,2.0,0.1,1.52
III,Nueva Ecija,Science City of Muñoz,2019-02-27,Flowering,1.0,0.06,0.0
III,Nueva Ecija,Science City of Muñoz,2019-02-28,Flowering,0.0,0.02,0.91
III,Nueva Ecija,Science City of Muñoz,2019-03-01,Flowering,0.0,0.06,0.48
III,Nueva Ecija,Science City of Muñoz,2019-03-02,Flowering,2.0,0.02,0.13
III,Nueva Ecija,Science City of Muñoz,2019-03-03,Flowering,0.0,0.08,1.08
III,Nueva Ecija,Science City of Muñoz,2019-03-04,Flowering,1.0,0.14,0.09
III,Nueva Ecija,Science City of Muñoz,2019-03-05,Flowering,0.0,0.12,0.92
III,Nueva Ecija,Science City of Muñoz,2019-03-06,Flowering,1.0,0.08,0.83
III,Nueva Ecija,Science City of Muñoz,2019-03-07,Flowering,0.0,0.12,2.4
III,Nueva Ecija,Science City of Muñoz,2019-03-08,Flowering,1.0,0.2,1.74
III,Nueva Ecija,Science City of Muñoz,2019-03-09,Flowering,1.0,0.02,2.32
III,Nueva Ecija,Science City of Muñoz,2019-03-10,Flowering,2.0,0.25,3.55
III,Nueva Ecija,Science City of Muñoz,2019-03-11,Ripening,1.0,0.09,
III,Nueva Ecija,Science City of Muñoz,2019-03-12,Ripening,0.0,0.18,
III,Nueva Ecija,Science City of Muñoz,2019-03-13,Ripening,0.0,0.05,
III,Nueva Ecija,Science City of Muñoz,2019-03-14,Ripening,0.0,0.06,3.54
III,Nueva Ecija,Science City of Muñoz,2019-03-15,Ripening,0.0,0.0,5.01
III,Nueva Ecija,Science City of Muñoz,2019-03-16,Ripening,0.0,0.15,4.09
III,Nueva Ecija,Science City of Muñoz,2019-03-17,Ripening,1.0,0.18,3.54
III,Nueva Ecija,Science City of Muñoz,2019-03-18,Ripening,1.0,0.1,2.83
III,Nueva Ecija,Science City of Muñoz,2019-03-19,Ripening,,0.11,2.04
III,Nueva Ecija,Science City of Muñoz,2019-03-20,Ripening,,0.0,2.02
III,Nueva Ecija,Science City of Muñoz,2019-03-21,Ripening,,0.14,3.53
III,Nueva Ecija,Science City of Muñoz,2019-03-22,Ripening,,0.08,4.45
III,Nueva Ecija,Science City of Muñoz,2019-03-23,Ripening,7.0,0.04,2.7
III,Nueva Ecija,Science City of Muñoz,2019-03-24,Ripening,4.0,0.03,2.88
III,Nueva Ecija,Science City of Muñoz,2019-03-25,Ripening,3.0,0.02,2.98
III,Nueva Ecija,Science City of Muñoz,2019-03-26,Ripening,1.0,0.07,3.57
III,Nueva Ecija,Science City of Muñoz,2019-03-27,Ripening,1.0,0.04,3.83
III,Nueva Ecija,Science City of Muñoz,2019-03-28,Ripening,0.0,0.08,0.85
III,Nueva Ecija,Science City of Muñoz,2019-03-29,Ripening,3.0,0.03,
III,Nueva Ecija,Science City of Muñoz,2019-03-30,Ripening,0.0,0.06,
III,Nueva Ecija,Science City of Muñoz,2019-03-31,Ripening,1.0,0.07,
III,Nueva Ecija,Science City of Muñoz,2019-04-01,Ripening,0.0,0.13,0.67
III,Nueva Ecija,Science City of Muñoz,2019-04-02,Ripening,0.0,0.05,0.5
III,Nueva Ecija,Science City of Muñoz,2019-04-03,Ripening,0.0,0.0,1.1
III,Nueva Ecija,Science City of Muñoz,2019-04-04,Ripening,2.0,0.03,0.0
III,Nueva Ecija,Science City of Muñoz,2019-04-05,Ripening,1.0,0.05,0.17
III,Nueva Ecija,Science City of Muñoz,2019-04-06,Ripening,0.0,0.11,0.06
III,Nueva Ecija,Science City of Muñoz,2019-04-07,Ripening,0.0,0.13,0.06
III,Nueva Ecija,Science City of Muñoz,2019-04-08,Ripening,0.0,0.27,0.16
III,Nueva Ecija,Science City of Muñoz,2019-04-09,Ripening,0.0,0.09,0.18
III,Nueva Ecija,Science City of Muñoz,2019-04-10,Ripening,0.0,0.01,0.0
III,Nueva Ecija,Science City of Muñoz,2019-04-11,Ripening,0.0,0.0,0.05
III,Nueva Ecija,Science City of Muñoz,2019-04-12,Ripening,0.0,0.14,0.0
III,Nueva Ecija,Science City of Muñoz,2019-04-13,Ripening,0.0,0.08,0.11
III,Nueva Ecija,Science City of Muñoz,2019-04-14,Ripening,0.0,0.01,0.04
III,Nueva Ecija,Science City of Muñoz,2019-04-15,Ripening,0.0,0.15,0.14
III,Nueva Ecija,Science City of Muñoz,2019-04-16,Ripening,0.0,0.18,0.09
III,Nueva Ecija,Science City of Muñoz,2019-04-17,Ripening,0.0,0.15,0.09
III,Nueva Ecija,Science City of Muñoz,2019-04-18,Ripening,0.0,0.07,0.21
III,Nueva Ecija,Science City of Muñoz,2019-04-19,Ripening,0.0,0.18,0.0
III,Nueva Ecija,Science City of Muñoz,2019-04-20,Ripening,0.0,0.2,0.03
III,Nueva Ecija,Science City of Muñoz,2019-04-21,Ripening,1.0,0.08,0.04
III,Nueva Ecija,Science City of Muñoz,2019-04-22,Ripening,0.0,0.06,0.08
III,Nueva Ecija,Science City of Muñoz,2019-04-23,Ripening,0.0,0.04,0.11
III,Nueva Ecija,Science City of Muñoz,2019-04-24,Ripening,0.0,0.0,0.02
III,Nueva Ecija,Science City of Muñoz,2019-04-25,Ripening,0.0,0.16,0.04
III,Nueva Ecija,Science City of Muñoz,2019-04-26,Ripening,0.0,0.13,0.01
III,Nueva Ecija,Science City of Muñoz,2019-04-27,Ripening,0.0,0.04,0.15
III,Nueva Ecija,Science City of Muñoz,2019-04-28,Ripening,0.0,0.05,0.08
III,Nueva Ecija,Science City of Muñoz,2019-04-29,Ripening,0.0,0.16,0.0
III,Nueva Ecija,Science City of Muñoz,2019-04-30,Ripening,0.0,0.06,0.04
III,Nueva Ecija,Science City of Muñoz,2019-05-01,Ripening,0.0,0.0,0.03
III,Nueva Ecija,Science City of Muñoz,2019-05-02,Seedling,0.0,0.09,0.03
III,Nueva Ecija,Science City of Muñoz,2019-05-03,Seedling,0.0,0.03,0.12
III,Nueva Ecija,Science City of Muñoz,2019-05-04,Seedling,0.0,0.1,0.0
III,Nueva Ecija,Science City of Muñoz,2019-05-05,Seedling,0.0,0.21,0.13
III,Nueva Ecija,Science City of Muñoz,2019-05-06,Seedling,0.0,0.14,0.12
III,Nueva Ecija,Science City of Muñoz,2019-05-07,Seedling,0.0,0.15,0.12
III,Nueva Ecija,Science City of Muñoz,2019-05-08,Seedling,0.0,0.01,0.19
III,Nueva Ecija,Science City of Muñoz,2019-05-09,Seedling,0.0,0.03,0.14
III,Nueva Ecija,Science City of Muñoz,2019-05-10,Seedling,0.0,0.15,0.1
III,Nueva Ecija,Science City of Muñoz,2019-05-11,Seedling,0.0,0.17,0.0
III,Nueva Ecija,Science City of Muñoz,2019-05-12,Seedling,0.0,0.17,0.0
III,Nueva Ecija,Science City of Muñoz,2019-05-13,Seedling,0.0,0.03,0.1
III,Nueva Ecija,Science City of Muñoz,2019-05-14,Seedling,0.0,0.05,0.0
III,Nueva Ecija,Science City of Muñoz,2019-05-15,Seedling,1.0,0.0,0.15
III,Nueva Ecija,Science City of Muñoz,2019-05-16,Seedling,1.0,0.0,0.21
III,Nueva Ecija,Science City of Muñoz,2019-05-17,Seedling,0.0,0.12,0.25
III,Nueva Ecija,Science City of Muñoz,2019-05-18,Seedling,0.0,0.09,0.14
III,Nueva Ecija,Science City of Muñoz,2019-05-19,Seedling,0.0,0.06,0.09
III,Nueva Ecija,Science City of Muñoz,2019-05-20,Seedling,0.0,0.15,0.17
III,Nueva Ecija,Science City of Muñoz,2019-05-21,Seedling,0.0,0.33,0.09
III,Nueva Ecija,Science City of Muñoz,2019-05-22,Seedling,0.0,0.0,0.07
III,Nueva Ecija,Science City of Muñoz,2019-05-23,Seedling,0.0,0.02,0.12
III,Nueva Ecija,Science City of Muñoz,2019-05-24,Seedling,0.0,0.19,0.12
III,Nueva Ecija,Science City of Muñoz,2019-05-25,Seedling,0.0,0.23,0.0
III,Nueva Ecija,Science City of Muñoz,2019-05-26,Seedling,1.0,0.05,0.0
III,Nueva Ecija,Science City of Muñoz,2019-05-27,Seedling,0.0,0.03,0.08
III,Nueva Ecija,Science City of Muñoz,2019-05-28,Seedling,0.0,0.04,0.0
III,Nueva Ecija,Science City of Muñoz,2019-05-29,Seedling,0.0,0.08,0.13
III,Nueva Ecija,Science City of Muñoz,2019-05-30,Seedling,2.0,1.93,0.0
III,Nueva Ecija,Science City of Muñoz,2019-05-31,Seedling,8.0,1.92,0.07
III,Nueva Ecija,Science City of Muñoz,2019-06-01,Seedling,2.0,1.43,0.14
III,Nueva Ecija,Science City of Muñoz,2019-06-02,Seedling,4.0,2.51,0.21
III,Nueva Ecija,Science City of Muñoz,2019-06-03,Seedling,6.0,2.19,0.0
III,Nueva Ecija,Science City of Muñoz,2019-06-04,Seedling,2.0,2.37,0.0
III,Nueva Ecija,Science City of Muñoz,2019-06-05,Seedling,10.0,0.73,0.12
III,Nueva Ecija,Science City of Muñoz,2019-06-06,Seedling,3.0,2.05,0.26
III,Nueva Ecija,Science City of Muñoz,2019-06-07,Seedling,7.0,2.44,0.02
III,Nueva Ecija,Science City of Muñoz,2019-06-08,Seedling,9.0,1.34,0.22
III,Nueva Ecija,Science City of Muñoz,2019-06-09,Seedling,8.0,1.02,0.11
III,Nueva Ecija,Science City of Muñoz,2019-06-10,Seedling,13.0,1.39,0.0
III,Nueva Ecija,Science City of Muñoz,2019-06-11,Seedling,6.0,1.42,0.16
III,Nueva Ecija,Science City of Muñoz,2019-06-12,Seedling,8.0,0.0,0.04
III,Nueva Ecija,Science City of Muñoz,2019-06-13,Seedling,2.0,0.07,0.0
III,Nueva Ecija,Science City of Muñoz,2019-06-14,Tillering,13.0,0.42,0.07
III,Nueva Ecija,Science City of Muñoz,2019-06-15,Tillering,4.0,1.22,0.01
III,Nueva Ecija,Science City of Muñoz,2019-06-16,Tillering,14.0,1.59,0.15
III,Nueva Ecija,Science City of Muñoz,2019-06-17,Tillering,14.0,0.31,0.07
III,Nueva Ecija,Science City of Muñoz,2019-06-18,Tillering,18.0,1.05,0.2
III,Nueva Ecija,Science City of Muñoz,2019-06-19,Tillering,13.0,0.18,0.0
III,Nueva Ecija,Science City of Muñoz,2019-06-20,Tillering,9.0,1.39,0.2
III,Nueva Ecija,Science City of Muñoz,2019-06-21,Tillering,11.0,0.9,0.25
III,Nueva Ecija,Science City of Muñoz,2019-06-22,Tillering,3.0,0.0,0.0
III,Nueva Ecija,Science City of Muñoz,2019-06-23,Tillering,4.0,1.26,0.03
III,Nueva Ecija,Science City of Muñoz,2019-06-24,Tillering,0.0,0.8,0.12
III,Nueva Ecija,Science City of Muñoz,2019-06-25,Tillering,3.0,0.76,0.17
III,Nueva Ecija,Science City of Muñoz,2019-06-26,Tillering,5.0,1.18,0.1
III,Nueva Ecija,Science City of Muñoz,2019-06-27,Tillering,2.0,0.03,0.14
III,Nueva Ecija,Science City of Muñoz,2019-06-28,Tillering,2.0,0.0,0.02
III,Nueva Ecija,Science City of Muñoz,2019-06-29,Tillering,1.0,1.17,0.0
III,Nueva Ecija,Science City of Muñoz,2019-06-30,Tillering,0.0,0.54,0.14
III,Nueva Ecija,Science City of Muñoz,2019-07-01,Tillering,3.0,0.39,0.07
III,Nueva Ecija,Science City of Muñoz,2019-07-02,Tillering,1.0,0.79,0.11
III,Nueva Ecija,Science City of Muñoz,2019-07-03,Tillering,4.0,0.0,0.13
III,Nueva Ecija,Science City of Muñoz,2019-07-04,Tillering,2.0,0.17,0.18
III,Nueva Ecija,Science City of Muñoz,2019-07-05,Tillering,1.0,0.3,0.05
III,Nueva Ecija,Science City of Muñoz,2019-07-06,Tillering,3.0,0.78,0.0
III,Nueva Ecija,Science City of Muñoz,2019-07-07,Tillering,4.0,0.45,0.03
III,Nueva Ecija,Science City of Muñoz,2019-07-08,Tillering,2.0,0.04,0.0
III,Nueva Ecija,Science City of Muñoz,2019-07-09,Elongation,7.0,0.47,0.0
III,Nueva Ecija,Science City of Muñoz,2019-07-10,Elongation,10.0,0.84,0.0
III,Nueva Ecija,Science City of Muñoz,2019-07-11,Elongation,17.0,0.28,0.06
III,Nueva Ecija,Science City of Muñoz,2019-07-12,Elongation,29.0,0.73,0.03
III,Nueva Ecija,Science City of Muñoz,2019-07-13,Elongation,30.0,0.0,0.1
III,Nueva Ecija,Science City of Muñoz,2019-07-14,Elongation,34.0,1.26,0.19
III,Nueva Ecija,Science City of Muñoz,2019-07-15,Elongation,24.0,1.52,0.14
III,Nueva Ecija,Science City of Muñoz,2019-07-16,Elongation,42.0,1.79,0.06
III,Nueva Ecija,Science City of Muñoz,2019-07-17,Elongation,25.0,2.8,0.05
III,Nueva Ecija,Science City of Muñoz,2019-07-18,Elongation,31.0,2.63,0.09
III,Nueva Ecija,Science City of Muñoz,2019-07-19,Elongation,35.0,1.7,0.13
III,Nueva Ecija,Science City of Muñoz,2019-07-20,Elongation,30.0,2.6,
III,Nueva Ecija,Science City of Muñoz,2019-07-21,Elongation,37.0,2.16,
III,Nueva Ecija,Science City of Muñoz,2019-07-22,Elongation,26.0,1.94,
III,Nueva Ecija,Science City of Muñoz,2019-07-23,Elongation,19.0,1.93,
III,Nueva Ecija,Science City of Muñoz,2019-07-24,Elongation,25.0,1.31,
III,Nueva Ecija,Science City of Muñoz,2019-07-25,Elongation,16.0,1.71,0.0
III,Nueva Ecija,Science City of Muñoz,2019-07-26,Elongation,19.0,1.7,0.08
III,Nueva Ecija,Science City of Muñoz,2019-07-27,Elongation,19.0,2.77,0.06
III,Nueva Ecija,Science City of Muñoz,2019-07-28,Elongation,9.0,3.16,0.12
III,Nueva Ecija,Science City of Muñoz,2019-07-29,Panicle,15.0,0.08,4.62
III,Nueva Ecija,Science City of Muñoz,2019-07-30,Panicle,11.0,0.22,3.04
III,Nueva Ecija,Science City of Muñoz,2019-07-31,Panicle,10.0,0.18,2.66
III,Nueva Ecija,Science City of Muñoz,2019-08-01,Panicle,18.0,0.13,1.65
III,Nueva Ecija,Science City of Muñoz,2019-08-02,Panicle,16.0,0.17,2.17
III,Nueva Ecija,Science City of Muñoz,2019-08-03,Panicle,11.0,0.02,1.04
III,Nueva Ecija,Science City of Muñoz,2019-08-04,Panicle,11.0,0.1,0.61
III,Nueva Ecija,Science City of Muñoz,2019-08-05,Panicle,15.0,0.19,0.0
III,Nueva Ecija,Science City of Muñoz,2019-08-06,Panicle,5.0,0.08,0.64
III,Nueva Ecija,Science City of Muñoz,2019-08-07,Panicle,13.0,0.18,0.92
III,Nueva Ecija,Science City of Muñoz,2019-08-08,Panicle,7.0,0.08,0.59
III,Nueva Ecija,Science City of Muñoz,2019-08-09,Panicle,6.0,0.15,0.96
III,Nueva Ecija,Science City of Muñoz,2019-08-10,Panicle,3.0,0.03,0.96
III,Nueva Ecija,Science City of Muñoz,2019-08-11,Panicle,3.0,0.13,0.67
III,Nueva Ecija,Science City of Muñoz,2019-08-12,Panicle,0.0,0.08,1.33
III,Nueva Ecija,Science City of Muñoz,2019-08-13,Flowering,0.0,0.07,0.55
III,Nueva Ecija,Science City of Muñoz,2019-08-14,Flowering,0.0,0.0,0.0
III,Nueva Ecija,Science City of Muñoz,2019-08-15,Flowering,2.0,0.21,0.91
III,Nueva Ecija,Science City of Muñoz,2019-08-16,Flowering,1.0,0.0,0.0
III,Nueva Ecija,Science City of Muñoz,2019-08-17,Flowering,0.0,0.2,0.0
III,Nueva Ecija,Science City of Muñoz,2019-08-18,Flowering,0.0,0.1,1.2
III,Nueva Ecija,Science City of Muñoz,2019-08-19,Flowering,1.0,0.02,1.29
III,Nueva Ecija,Science City of Muñoz,2019-08-20,Flowering,1.0,0.14,1.86
III,Nueva Ecija,Science City of Muñoz,2019-08-21,Flowering,0.0,0.05,0.95
III,Nueva Ecija,Science City of Muñoz,2019-08-22,Flowering,2.0,0.14,1.4
III,Nueva Ecija,Science City of Muñoz,2019-08-23,Flowering,3.0,0.07,0.0
III,Nueva Ecija,Science City of Muñoz,2019-08-24,Flowering,4.0,0.12,0.28
III,Nueva Ecija,Science City of Muñoz,2019-08-25,Flowering,2.0,0.07,0.0
III,Nueva Ecija,Science City of Muñoz,2019-08-26,Flowering,7.0,0.17,0.4
III,Nueva Ecija,Science City of Muñoz,2019-08-27,Ripening,3.0,0.09,0.0
III,Nueva Ecija,Science City of Muñoz,2019-08-28,Ripening,6.0,0.04,0.11
III,Nueva Ecija,Science City of Muñoz,2019-08-29,Ripening,2.0,0.0,0.32
III,Nueva Ecija,Science City of Muñoz,2019-08-30,Ripening,3.0,0.13,0.53
III,Nueva Ecija,Science City of Muñoz,2019-08-31,Ripening,7.0,0.22,0.18
III,Nueva Ecija,Science City of Muñoz,2019-09-01,Ripening  ,3.0,0.12,0.34
III,Nueva Ecija,Science City of Muñoz,2019-09-02,Ripening,10.0,0.03,0.88
III,Nueva Ecija,Science City of Muñoz,2019-09-03,Ripening,10.0,0.13,1.12
III,Nueva Ecija,Science City of Muñoz,2019-09-04,Ripening,7.0,0.08,0.5
III,Nueva Ecija,Science City of Muñoz,2019-09-05,Ripening,10.0,0.11,0.45
III,Nueva Ecija,Science City of Muñoz,2019-09-06,Ripening,5.0,0.05,1.76
III,Nueva Ecija,Science City of Muñoz,2019-09-07,Ripening,7.0,0.03,1.62
III,Nueva Ecija,Science City of Muñoz,2019-09-08,Ripening,6.0,0.05,0.8
III,Nueva Ecija,Science City of Muñoz,2019-09-09,Ripening,3.0,0.04,1.63
III,Nueva Ecija,Science City of Muñoz,2019-09-10,Ripening,6.0,0.02,2.3
III,Nueva Ecija,Science City of Muñoz,2019-09-11,Ripening,3.0,0.0,4.05
III,Nueva Ecija,Science City of Muñoz,2019-09-12,Ripening,1.0,0.0,3.71
III,Nueva Ecija,Science City of Muñoz,2019-09-13,Ripening,2.0,0.14,4.24
III,Nueva Ecija,Science City of Muñoz,2019-09-14,Ripening,1.0,0.14,3.62
III,Nueva Ecija,Science City of Muñoz,2019-09-15,Ripening,3.0,0.0,4.25
III,Nueva Ecija,Science City of Muñoz,2019-09-16,Ripening,1.0,0.02,4.75
III,Nueva Ecija,Science City of Muñoz,2019-09-17,Ripening,0.0,0.14,2.91
III,Nueva Ecija,Science City of Muñoz,2019-09-18,Ripening,0.0,0.19,3.14
III,Nueva Ecija,Science City of Muñoz,2019-09-19,Ripening,1.0,0.02,2.81
III,Nueva Ecija,Science City of Muñoz,2019-09-20,Ripening,0.0,0.07,3.57
III,Nueva Ecija,Science City of Muñoz,2019-09-21,Ripening,0.0,0.0,0.23
III,Nueva Ecija,Science City of Muñoz,2019-09-22,Ripening,0.0,0.21,0.06
III,Nueva Ecija,Science City of Muñoz,2019-09-23,Ripening,0.0,0.0,0.0
III,Nueva Ecija,Science City of Muñoz,2019-09-24,Ripening,1.0,0.02,0.05
III,Nueva Ecija,Science City of Muñoz,2019-09-25,Ripening,0.0,0.09,0.13
III,Nueva Ecija,Science City of Muñoz,2019-09-26,Ripening,0.0,0.05,0.08
III,Nueva Ecija,Science City of Muñoz,2019-09-27,Ripening,0.0,0.0,0.04
III,Nueva Ecija,Science City of Muñoz,2019-09-28,Ripening,0.0,0.13,0.24
III,Nueva Ecija,Science City of Muñoz,2019-09-29,Ripening,0.0,0.11,0.13
III,Nueva Ecija,Science City of Muñoz,2019-09-30,Ripening,0.0,0.1,0.14
III,Nueva Ecija,Science City of Muñoz,2019-10-01,Ripening,0.0,0.0,0.1
III,Nueva Ecija,Science City of Muñoz,2019-10-02,Ripening,1.0,0.21,0.12
III,Nueva Ecija,Science City of Muñoz,2019-10-03,Ripening,0.0,0.08,0.0
III,Nueva Ecija,Science City of Muñoz,2019-10-04,Ripening,0.0,0.13,0.12
III,Nueva Ecija,Science City of Muñoz,2019-10-05,Ripening,0.0,0.09,0.09
III,Nueva Ecija,Science City of Muñoz,2019-10-06,Ripening,0.0,0.11,0.04
III,Nueva Ecija,Science City of Muñoz,2019-10-07,Ripening,0.0,0.11,0.0
III,Nueva Ecija,Science City of Muñoz,2019-10-08,Ripening,0.0,0.0,0.03
III,Nueva Ecija,Science City of Muñoz,2019-10-09,Ripening,0.0,0.05,0.05
III,Nueva Ecija,Science City of Muñoz,2019-10-10,Ripening,,0.05,0.03
III,Nueva Ecija,Science City of Muñoz,2019-10-11,Ripening,,0.22,0.23
III,Nueva Ecija,Science City of Muñoz,2019-10-12,Ripening,0.0,0.0,0.11
III,Nueva Ecija,Science City of Muñoz,2019-10-13,Ripening,0.0,0.0,0.0
III,Nueva Ecija,Science City of Muñoz,2019-10-14,Ripening,0.0,0.02,0.13
III,Nueva Ecija,Science City of Muñoz,2019-10-15,Ripening,0.0,0.1,0.07
III,Nueva Ecija,Science City of Muñoz,2019-10-16,Ripening,0.0,0.04,0.16
III,Nueva Ecija,Science City of Muñoz,2019-10-17,Ripening,0.0,0.24,0.2
III,Nueva Ecija,Science City of Muñoz,2019-10-18,Ripening,0.0,0.16,0.01
III,Nueva Ecija,Science City of Muñoz,2019-10-19,Ripening,0.0,0.1,0.06
III,Nueva Ecija,Science City of Muñoz,2019-10-20,Ripening,0.0,0.14,0.15
III,Nueva Ecija,Science City of Muñoz,2019-10-21,Ripening,0.0,0.08,0.12
III,Nueva Ecija,Science City of Muñoz,2019-10-22,Ripening,0.0,0.0,0.07
III,Nueva Ecija,Science City of Muñoz,2019-10-23,Ripening,0.0,0.0,0.14
III,Nueva Ecija,Science City of Muñoz,2019-10-24,Ripening,0.0,0.18,0.17
III,Nueva Ecija,Science City of Muñoz,2019-10-25,Ripening,0.0,0.09,0.09
III,Nueva Ecija,Science City of Muñoz,2019-10-26,Ripening,0.0,0.1,0.0
III,Nueva Ecija,Science City of Muñoz,2019-10-27,Seedling,0.0,0.0,0.04
III,Nueva Ecija,Science City of Muñoz,2019-10-28,Seedling,0.0,0.04,0.16
III,Nueva Ecija,Science City of Muñoz,2019-10-29,Seedling,0.0,0.21,0.13
III,Nueva Ecija,Science City of Muñoz,2019-10-30,Seedling,0.0,0.14,0.13
III,Nueva Ecija,Science City of Muñoz,2019-10-31,Seedling,0.0,0.07,0.01
III,Nueva Ecija,Science City of Muñoz,2019-11-01,Seedling,0.0,0.1,0.14
III,Nueva Ecija,Science City of Muñoz,2019-11-02,Seedling,0.0,0.05,0.12
III,Nueva Ecija,Science City of Muñoz,2019-11-03,Seedling,0.0,0.03,0.09
III,Nueva Ecija,Science City of Muñoz,2019-11-04,Seedling,0.0,0.2,0.07
III,Nueva Ecija,Science City of Muñoz,2019-11-05,Seedling,0.0,0.04,0.03
III,Nueva Ecija,Science City of Muñoz,2019-11-06,Seedling,0.0,0.09,0.0
III,Nueva Ecija,Science City of Muñoz,2019-11-07,Seedling,0.0,0.04,0.0
III,Nueva Ecija,Science City of Muñoz,2019-11-08,Seedling,1.0,0.0,0.06
III,Nueva Ecija,Science City of Muñoz,2019-11-09,Seedling,0.0,0.09,0.0
III,Nueva Ecija,Science City of Muñoz,2019-11-10,Seedling,0.0,0.13,0.22
III,Nueva Ecija,Science City of Muñoz,2019-11-11,Seedling,0.0,0.0,0.05
III,Nueva Ecija,Science City of Muñoz,2019-11-12,Seedling,0.0,0.0,0.0
III,Nueva Ecija,Science City of Muñoz,2019-11-13,Seedling,0.0,0.17,0.0
III,Nueva Ecija,Science City of Muñoz,2019-11-14,Seedling,0.0,0.04,0.21
III,Nueva Ecija,Science City of Muñoz,2019-11-15,Seedling,0.0,0.15,0.02
III,Nueva Ecija,Science City of Muñoz,2019-11-16,Seedling,0.0,0.06,0.0
III,Nueva Ecija,Science City of Muñoz,2019-11-17,Seedling,1.0,0.0,0.07
III,Nueva Ecija,Science City of Muñoz,2019-11-18,Seedling,0.0,0.04,0.0
III,Nueva Ecija,Science City of Muñoz,2019-11-19,Seedling,0.0,0.11,0.03
III,Nueva Ecija,Science City of Muñoz,2019-11-20,Seedling,0.0,0.14,0.15
III,Nueva Ecija,Science City of Muñoz,2019-11-21,Seedling,1.0,0.21,0.04
III,Nueva Ecija,Science City of Muñoz,2019-11-22,Seedling,0.0,0.0,0.01
III,Nueva Ecija,Science City of Muñoz,2019-11-23,Seedling,0.0,0.0,0.09
III,Nueva Ecija,Science City of Muñoz,2019-11-24,Seedling,0.0,0.04,0.22
III,Nueva Ecija,Science City of Muñoz,2019-11-25,Seedling,0.0,0.07,0.0
III,Nueva Ecija,Science City of Muñoz,2019-11-26,Seedling,0.0,0.0,0.09
III,Nueva Ecija,Science City of Muñoz,2019-11-27,Seedling,0.0,0.18,0.01
III,Nueva Ecija,Science City of Muñoz,2019-11-28,Seedling,,0.0,0.2
III,Nueva Ecija,Science City of Muñoz,2019-11-29,Seedling,,0.19,0.16
III,Nueva Ecija,Science City of Muñoz,2019-11-30,Seedling,,0.02,0.11
III,Nueva Ecija,Science City of Muñoz,2019-12-01,Seedling,,0.0,0.11
III,Nueva Ecija,Science City of Muñoz,2019-12-02,Seedling,1.0,0.0,0.07
III,Nueva Ecija,Science City of Muñoz,2019-12-03,Seedling,0.0,0.52,0.16
III,Nueva Ecija,Science City of Muñoz,2019-12-04,Seedling,0.0,0.35,0.02
III,Nueva Ecija,Science City of Muñoz,2019-12-05,Seedling,0.0,0.82,0.13
III,Nueva Ecija,Science City of Muñoz,2019-12-06,Seedling,2.0,0.02,0.12
III,Nueva Ecija,Science City of Muñoz,2019-12-07,Seedling,1.0,0.0,0.06
III,Nueva Ecija,Science City of Muñoz,2019-12-08,Seedling,0.0,0.05,0.05
III,Nueva Ecija,Science City of Muñoz,2019-12-09,Seedling,0.0,0.75,0.07
III,Nueva Ecija,Science City of Muñoz,2019-12-10,Seedling,0.0,0.0,0.06
III,Nueva Ecija,Science City of Muñoz,2019-12-11,Seedling,0.0,0.0,0.0
III,Nueva Ecija,Science City of Muñoz,2019-12-12,Seedling,0.0,1.19,0.04
III,Nueva Ecija,Science City of Muñoz,2019-12-13,Seedling,1.0,0.6,0.18
III,Nueva Ecija,Science City of Muñoz,2019-12-14,Seedling,2.0,0.53,0.01
III,Nueva Ecija,Science City of Muñoz,2019-12-15,Seedling,2.0,0.73,0.06
III,Nueva Ecija,Science City of Muñoz,2019-12-16,Seedling,1.0,0.92,0.06
III,Nueva Ecija,Science City of Muñoz,2019-12-17,Tillering,1.0,0.97,0.15
III,Nueva Ecija,Science City of Muñoz,2019-12-18,Tillering,0.0,0.94,0.04
III,Nueva Ecija,Science City of Muñoz,2019-12-19,Tillering,2.0,1.72,0.18
III,Nueva Ecija,Science City of Muñoz,2019-12-20,Tillering,3.0,0.38,0.19
III,Nueva Ecija,Science City of Muñoz,2019-12-21,Tillering,0.0,0.0,0.02
III,Nueva Ecija,Science City of Muñoz,2019-12-22,Tillering,1.0,1.16,0.02
III,Nueva Ecija,Science City of Muñoz,2019-12-23,Tillering,3.0,0.06,0.06
III,Nueva Ecija,Science City of Muñoz,2019-12-24,Tillering,5.0,0.69,0.03
III,Nueva Ecija,Science City of Muñoz,2019-12-25,Tillering,3.0,0.0,0.22
III,Nueva Ecija,Science City of Muñoz,2019-12-26,Tillering,2.0,0.07,0.04
III,Nueva Ecija,Science City of Muñoz,2019-12-27,Tillering,0.0,1.35,0.03
III,Nueva Ecija,Science City of Muñoz,2019-12-28,Tillering,2.0,0.63,0.12
III,Nueva Ecija,Science City of Muñoz,2019-12-29,Tillering,0.0,0.0,0.03
III,Nueva Ecija,Science City of Muñoz,2019-12-30,Tillering,3.0,0.73,0.14
III,Nueva Ecija,Science City of Muñoz,2019-12-31,Tillering,2.0,0.73,0.0
III,Nueva Ecija,Science City of Muñoz,2020-01-01,Tillering,1.0,0.25,0.0
III,Nueva Ecija,Science City of Muñoz,2020-01-02,Tillering,3.0,0.25,0.06
III,Nueva Ecija,Science City of Muñoz,2020-01-03,Tillering,5.0,0.12,0.12
III,Nueva Ecija,Science City of Muñoz,2020-01-04,Tillering,0.0,0.14,0.14
III,Nueva Ecija,Science City of Muñoz,2020-01-05,Tillering,1.0,0.29,0.12
III,Nueva Ecija,Science City of Muñoz,2020-01-06,Tillering,2.0,0.02,0.0
III,Nueva Ecija,Science City of Muñoz,2020-01-07,Tillering,3.0,0.57,0.19
III,Nueva Ecija,Science City of Muñoz,2020-01-08,Tillering,1.0,0.09,0.02
III,Nueva Ecija,Science City of Muñoz,2020-01-09,Tillering,1.0,0.56,0.0
III,Nueva Ecija,Science City of Muñoz,2020-01-10,Elongation,0.0,0.88,0.0
III,Nueva Ecija,Science City of Muñoz,2020-01-11,Elongation,0.0,1.19,0.03
III,Nueva Ecija,Science City of Muñoz,2020-01-12,Elongation,4.0,1.01,0.11
III,Nueva Ecija,Science City of Muñoz,2020-01-13,Elongation,1.0,0.13,0.07
III,Nueva Ecija,Science City of Muñoz,2020-01-14,Elongation,1.0,0.42,0.07
III,Nueva Ecija,Science City of Muñoz,2020-01-15,Elongation,3.0,0.76,0.17
III,Nueva Ecija,Science City of Muñoz,2020-01-16,Elongation,2.0,0.65,0.19
III,Nueva Ecija,Science City of Muñoz,2020-01-17,Elongation,2.0,1.48,0.12
III,Nueva Ecija,Science City of Muñoz,2020-01-18,Elongation,0.0,1.29,0.1
III,Nueva Ecija,Science City of Muñoz,2020-01-19,Elongation,3.0,0.0,0.37
III,Nueva Ecija,Science City of Muñoz,2020-01-20,Elongation,1.0,1.2,0.1
III,Nueva Ecija,Science City of Muñoz,2020-01-21,Elongation,1.0,0.52,0.01
III,Nueva Ecija,Science City of Muñoz,2020-01-22,Elongation,3.0,0.68,0.0
III,Nueva Ecija,Science City of Muñoz,2020-01-23,Elongation,2.0,1.86,0.02
III,Nueva Ecija,Science City of Muñoz,2020-01-24,Elongation,2.0,0.41,0.17
III,Nueva Ecija,Science City of Muñoz,2020-01-25,Elongation,3.0,0.0,0.1
III,Nueva Ecija,Science City of Muñoz,2020-01-26,Elongation,0.0,1.29,0.03
III,Nueva Ecija,Science City of Muñoz,2020-01-27,Elongation,4.0,0.0,0.0
III,Nueva Ecija,Science City of Muñoz,2020-01-28,Elongation,0.0,0.97,0.09
III,Nueva Ecija,Science City of Muñoz,2020-01-29,Panicle,3.0,0.01,1.6
III,Nueva Ecija,Science City of Muñoz,2020-01-30,Panicle,0.0,0.05,1.07
III,Nueva Ecija,Science City of Muñoz,2020-01-31,Panicle,2.0,0.21,0.52
III,Nueva Ecija,Science City of Muñoz,2020-02-01,Panicle,0.0,0.14,0.7
III,Nueva Ecija,Science City of Muñoz,2020-02-02,Panicle,0.0,0.07,1.25
III,Nueva Ecija,Science City of Muñoz,2020-02-03,Panicle,3.0,0.11,1.69
III,Nueva Ecija,Science City of Muñoz,2020-02-04,Panicle,0.0,0.03,2.39
III,Nueva Ecija,Science City of Muñoz,2020-02-05,Panicle,3.0,0.06,1.43
III,Nueva Ecija,Science City of Muñoz,2020-02-06,Panicle,0.0,0.01,3.63
III,Nueva Ecija,Science City of Muñoz,2020-02-07,Panicle,1.0,0.0,3.7
III,Nueva Ecija,Science City of Muñoz,2020-02-08,Panicle,0.0,0.15,3.0
III,Nueva Ecija,Science City of Muñoz,2020-02-09,Panicle,2.0,0.0,3.31
III,Nueva Ecija,Science City of Muñoz,2020-02-10,Panicle,7.0,0.11,2.12
III,Nueva Ecija,Science City of Muñoz,2020-02-11,Panicle,7.0,0.0,0.0
III,Nueva Ecija,Science City of Muñoz,2020-02-12,Flowering,8.0,0.12,0.13
III,Nueva Ecija,Science City of Muñoz,2020-02-13,Flowering,6.0,0.11,0.13
III,Nueva Ecija,Science City of Muñoz,2020-02-14,Flowering,8.0,0.06,0.0
III,Nueva Ecija,Science City of Muñoz,2020-02-15,Flowering,6.0,0.1,0.79
III,Nueva Ecija,Science City of Muñoz,2020-02-16,Flowering,4.0,0.02,0.22
III,Nueva Ecija,Science City of Muñoz,2020-02-17,Flowering,2.0,,0.38
III,Nueva Ecija,Science City of Muñoz,2020-02-18,Flowering,1.0,,1.64
III,Nueva Ecija,Science City of Muñoz,2020-02-19,Flowering,2.0,,0.69
III,Nueva Ecija,Science City of Muñoz,2020-02-20,Flowering,0.0,,0.06
III,Nueva Ecija,Science City of Muñoz,2020-02-21,Flowering,0.0,,0.3
III,Nueva Ecija,Science City of Muñoz,2020-02-22,Flowering,4.0,0.2,0.82
III,Nueva Ecija,Science City of Muñoz,2020-02-23,Flowering,1.0,0.11,0.77
III,Nueva Ecija,Science City of Muñoz,2020-02-24,Flowering,2.0,0.0,1.49
III,Nueva Ecija,Science City of Muñoz,2020-02-25,FLOWERING,1.0,0.0,1.11
III,Nueva Ecija,Science City of Muñoz,2020-02-26,Ripening,1.0,0.0,1.57
III,Nueva Ecija,Science City of Muñoz,2020-02-27,Ripening,0.0,0.14,2.15
III,Nueva Ecija,Science City of Muñoz,2020-02-28,Ripening,1.0,0.01,
III,Nueva Ecija,Science City of Muñoz,2020-02-29,Ripening,0.0,0.11,
III,Nueva Ecija,Science City of Muñoz,2020-03-01,Ripening,2.0,0.02,
III,Nueva Ecija,Science City of Muñoz,2020-03-02,Ripening,1.0,0.13,4.86
III,Nueva Ecija,Science City of Muñoz,2020-03-03,Ripening,0.0,0.09,5.4
III,Nueva Ecija,Science City of Muñoz,2020-03-04,Ripening,0.0,0.18,4.18
III,Nueva Ecija,Science City of Muñoz,2020-03-05,Ripening,1.0,0.18,3.44
III,Nueva Ecija,Science City of Muñoz,2020-03-06,Ripening,0.0,0.0,4.13
III,Nueva Ecija,Science City of Muñoz,2020-03-07,Ripening,2.0,0.13,2.05
III,Nueva Ecija,Science City of Muñoz,2020-03-08,Ripening,4.0,0.07,2.73
III,Nueva Ecija,Science City of Muñoz,2020-03-09,Ripening,,0.02,1.37
III,Nueva Ecija,Science City of Muñoz,2020-03-10,Ripening,,0.02,0.83
III,Nueva Ecija,Science City of Muñoz,2020-03-11,Ripening,2.0,0.09,0.47
III,Nueva Ecija,Science City of Muñoz,2020-03-12,Ripening,4.0,0.03,0.92
III,Nueva Ecija,Science City of Muñoz,2020-03-13,Ripening,3.0,0.0,0.34
III,Nueva Ecija,Science City of Muñoz,2020-03-14,Ripening,4.0,0.06,0.17
III,Nueva Ecija,Science City of Muñoz,2020-03-15,Ripening,6.0,0.15,2.74
III,Nueva Ecija,Science City of Muñoz,2020-03-16,Ripening,2.0,0.0,0.0
III,Nueva Ecija,Science City of Muñoz,2020-03-17,Ripening,3.0,0.13,1.05
III,Nueva Ecija,Science City of Muñoz,2020-03-18,Ripening,1.0,0.11,0.24
III,Nueva Ecija,Science City of Muñoz,2020-03-19,Ripening,6.0,0.11,0.81
III,Nueva Ecija,Science City of Muñoz,2020-03-20,Ripening,2.0,0.07,0.25
III,Nueva Ecija,Science City of Muñoz,2020-03-21,Ripening,0.0,0.0,0.19
III,Nueva Ecija,Science City of Muñoz,2020-03-22,Ripening,0.0,0.03,0.06
III,Nueva Ecija,Science City of Muñoz,2020-03-23,Ripening,0.0,0.06,0.03
III,Nueva Ecija,Science City of Muñoz,2020-03-24,Ripening,0.0,0.11,0.02
III,Nueva Ecija,Science City of Muñoz,2020-03-25,Ripening,0.0,0.02,0.09
III,Nueva Ecija,Science City of Muñoz,2020-03-26,Ripening,1.0,0.0,0.05
III,Nueva Ecija,Science City of Muñoz,2020-03-27,Ripening,0.0,0.0,0.06
III,Nueva Ecija,Science City of Muñoz,2020-03-28,Ripening,0.0,0.14,
III,Nueva Ecija,Science City of Muñoz,2020-03-29,Ripening,0.0,0.21,
III,Nueva Ecija,Science City of Muñoz,2020-03-30,Ripening,0.0,0.14,0.09
III,Nueva Ecija,Science City of Muñoz,2020-03-31,Ripening,0.0,0.13,0.06
III,Nueva Ecija,Science City of Muñoz,2020-04-01,Ripening,0.0,0.0,0.15
III,Nueva Ecija,Science City of Muñoz,2020-04-02,Ripening,0.0,0.0,0.11
III,Nueva Ecija,Science City of Muñoz,2020-04-03,Ripening,0.0,0.0,0.0
III,Nueva Ecija,Science City of Muñoz,2020-04-04,Ripening,0.0,0.08,0.13
III,Nueva Ecija,Science City of Muñoz,2020-04-05,Ripening,0.0,0.01,0.09
III,Nueva Ecija,Science City of Muñoz,2020-04-06,Ripening,0.0,0.03,0.0
III,Nueva Ecija,Science City of Muñoz,2020-04-07,Ripening,0.0,0.13,0.01
III,Nueva Ecija,Science City of Muñoz,2020-04-08,Ripening,0.0,0.0,0.04
III,Nueva Ecija,Science City of Muñoz,2020-04-09,Ripening,0.0,0.11,0.0
III,Nueva Ecija,Science City of Muñoz,2020-04-10,Ripening,0.0,0.13,0.0
III,Nueva Ecija,Science City of Muñoz,2020-04-11,Ripening,0.0,0.1,0.07
III,Nueva Ecija,Science City of Muñoz,2020-04-12,Ripening,0.0,0.09,0.1
III,Nueva Ecija,Science City of Muñoz,2020-04-13,Ripening,0.0,0.05,0.09
III,Nueva Ecija,Science City of Muñoz,2020-04-14,Ripening,0.0,0.12,0.0
III,Nueva Ecija,Science City of Muñoz,2020-04-15,Ripening,0.0,0.19,0.16
III,Nueva Ecija,Science City of Muñoz,2020-04-16,Ripening,0.0,0.0,0.19
III,Nueva Ecija,Science City of Muñoz,2020-04-17,Ripening,0.0,0.17,0.15
III,Nueva Ecija,Science City of Muñoz,2020-04-18,Ripening,0.0,0.15,0.11
III,Nueva Ecija,Science City of Muñoz,2020-04-19,Ripening,0.0,0.13,0.07
III,Nueva Ecija,Science City of Muñoz,2020-04-20,Ripening,0.0,0.01,0.07
III,Nueva Ecija,Science City of Muñoz,2020-04-21,Ripening,0.0,0.07,0.22
III,Nueva Ecija,Science City of Muñoz,2020-04-22,Ripening,1.0,0.0,0.0
III,Nueva Ecija,Science City of Muñoz,2020-04-23,Ripening,0.0,0.23,0.05
III,Nueva Ecija,Science City of Muñoz,2020-04-24,Ripening,0.0,0.11,0.0
III,Nueva Ecija,Science City of Muñoz,2020-04-25,Ripening,0.0,0.11,0.07
III,Nueva Ecija,Science City of Muñoz,2020-04-26,Ripening,0.0,0.12,0.07
III,Nueva Ecija,Science City of Muñoz,2020-04-27,Ripening,0.0,0.07,0.19
III,Nueva Ecija,Science City of Muñoz,2020-04-28,Seedling,0.0,0.02,0.17
III,Nueva Ecija,Science City of Muñoz,2020-04-29,Seedling,0.0,0.03,0.05
III,Nueva Ecija,Science City of Muñoz,2020-04-30,Seedling,0.0,0.16,0.03
III,Nueva Ecija,Science City of Muñoz,2020-05-01,Seedling,0.0,0.03,0.0
III,Nueva Ecija,Science City of Muñoz,2020-05-02,Seedling,0.0,0.19,0.21
III,Nueva Ecija,Science City of Muñoz,2020-05-03,Seedling,0.0,0.09,0.17
III,Nueva Ecija,Science City of Muñoz,2020-05-04,Seedling,0.0,0.1,0.12
III,Nueva Ecija,Science City of Muñoz,2020-05-05,Seedling,0.0,0.0,0.0
III,Nueva Ecija,Science City of Muñoz,2020-05-06,Seedling,0.0,0.09,0.02
III,Nueva Ecija,Science City of Muñoz,2020-05-07,Seedling,0.0,0.06,0.09
III,Nueva Ecija,Science City of Muñoz,2020-05-08,Seedling,0.0,0.21,0.0
III,Nueva Ecija,Science City of Muñoz,2020-05-09,Seedling,0.0,0.19,0.18
III,Nueva Ecija,Science City of Muñoz,2020-05-10,Seedling,0.0,0.0,0.15
III,Nueva Ecija,Science City of Muñoz,2020-05-11,Seedling,0.0,0.12,0.16
III,Nueva Ecija,Science City of Muñoz,2020-05-12,Seedling,0.0,0.02,0.19
III,Nueva Ecija,Science City of Muñoz,2020-05-13,Seedling,0.0,0.1,0.14
III,Nueva Ecija,Science City of Muñoz,2020-05-14,Seedling,0.0,0.06,0.11
III,Nueva Ecija,Science City of Muñoz,2020-05-15,Seedling,0.0,0.0,0.0
III,Nueva Ecija,Science City of Muñoz,2020-05-16,Seedling,0.0,0.1,0.09
III,Nueva Ecija,Science City of Muñoz,2020-05-17,Seedling,0.0,0.0,0.01
III,Nueva Ecija,Science City of Muñoz,2020-05-18,Seedling,0.0,0.13,0.11
III,Nueva Ecija,Science City of Muñoz,2020-05-19,Seedling,0.0,0.2,0.09
III,Nueva Ecija,Science City of Muñoz,2020-05-20,Seedling,0.0,0.0,0.0
III,Nueva Ecija,Science City of Muñoz,2020-05-21,Seedling,0.0,0.16,0.23
III,Nueva Ecija,Science City of Muñoz,2020-05-22,Seedling,0.0,0.18,0.0
III,Nueva Ecija,Science City of Muñoz,2020-05-23,Seedling,0.0,0.16,0.05
III,Nueva Ecija,Science City of Muñoz,2020-05-24,Seedling,0.0,0.12,0.03
III,Nueva Ecija,Science City of Muñoz,2020-05-25,Seedling,0.0,0.1,0.0
III,Nueva Ecija,Science City of Muñoz,2020-05-26,Seedling,0.0,0.1,0.11
III,Nueva Ecija,Science City of Muñoz,2020-05-27,Seedling,0.0,0.19,0.1
III,Nueva Ecija,Science City of Muñoz,2020-05-28,Seedling,0.0,0.15,0.0
III,Nueva Ecija,Science City of Muñoz,2020-05-29,Seedling,0.0,0.1,0.0
III,Nueva Ecija,Science City of Muñoz,2020-05-30,Seedling,0.0,0.2,0.17
III,Nueva Ecija,Science City of Muñoz,2020-05-31,Seedling,0.0,0.09,0.15
III,Nueva Ecija,Science City of Muñoz,2020-06-01,Seedling,1.0,0.19,0.05
III,Nueva Ecija,Science City of Muñoz,2020-06-02,Seedling,0.0,0.12,0.01
III,Nueva Ecija,Science City of Muñoz,2020-06-03,Seedling,0.0,0.23,0.15
III,Nueva Ecija,Science City of Muñoz,2020-06-04,Seedling,0.0,0.22,0.11
III,Nueva Ecija,Science City of Muñoz,2020-06-05,Seedling,0.0,0.09,0.0
III,Nueva Ecija,Science City of Muñoz,2020-06-06,Seedling,11.0,1.01,0.11
III,Nueva Ecija,Science City of Muñoz,2020-06-07,Seedling,14.0,0.0,0.16
III,Nueva Ecija,Science City of Muñoz,2020-06-08,Seedling,12.0,0.75,0.08
III,Nueva Ecija,Science City of Muñoz,2020-06-09,Seedling,9.0,0.6,0.23
III,Nueva Ecija,Science City of Muñoz,2020-06-10,Seedling,11.0,1.09,0.02
III,Nueva Ecija,Science City of Muñoz,2020-06-11,Seedling,15.0,1.98,0.08
III,Nueva Ecija,Science City of Muñoz,2020-06-12,Seedling,15.0,2.34,0.14
III,Nueva Ecija,Science City of Muñoz,2020-06-13,Seedling,19.0,3.35,0.14
III,Nueva Ecija,Science City of Muñoz,2020-06-14,Seedling,22.0,3.9,0.09
III,Nueva Ecija,Science City of Muñoz,2020-06-15,Seedling,28.0,3.37,0.12
III,Nueva Ecija,Science City of Muñoz,2020-06-16,Seedling,15.0,4.23,0.07
III,Nueva Ecija,Science City of Muñoz,2020-06-17,Seedling,20.0,4.14,0.08
III,Nueva Ecija,Science City of Muñoz,2020-06-18,Seedling,18.0,3.52,0.1
III,Nueva Ecija,Science City of Muñoz,2020-06-19,Seedling,16.0,3.29,0.2
III,Nueva Ecija,Science City of Muñoz,2020-06-20,Seedling,21.0,4.07,0.03
III,Nueva Ecija,Science City of Muñoz,2020-06-21,Seedling,19.0,3.37,0.09
III,Nueva Ecija,Science City of Muñoz,2020-06-22,Tillering,41.0,3.62,0.17
III,Nueva Ecija,Science City of Muñoz,2020-06-23,Tillering,37.0,2.48,0.03
III,Nueva Ecija,Science City of Muñoz,2020-06-24,Tillering,41.0,2.37,0.13
III,Nueva Ecija,Science City of Muñoz,2020-06-25,Tillering,44.0,1.27,0.2
III,Nueva Ecija,Science City of Muñoz,2020-06-26,Tillering,31.0,1.25,0.1
III,Nueva Ecija,Science City of Muñoz,2020-06-27,Tillering,25.0,0.0,0.04
III,Nueva Ecija,Science City of Muñoz,2020-06-28,Tillering,28.0,0.57,0.18
III,Nueva Ecija,Science City of Muñoz,2020-06-29,Tillering,28.0,1.02,0.1
III,Nueva Ecija,Science City of Muñoz,2020-06-30,Tillering,21.0,0.07,0.23
III,Nueva Ecija,Science City of Muñoz,2020-07-01,Tillering,31.0,0.99,0.04
III,Nueva Ecija,Science City of Muñoz,2020-07-02,Tillering,24.0,0.0,0.13
III,Nueva Ecija,Science City of Muñoz,2020-07-03,Tillering,19.0,0.41,0.32
III,Nueva Ecija,Science City of Muñoz,2020-07-04,Tillering,23.0,0.15,0.03
III,Nueva Ecija,Science City of Muñoz,2020-07-05,Tillering,18.0,0.08,0.0
III,Nueva Ecija,Science City of Muñoz,2020-07-06,Tillering,,0.0,0.09
III,Nueva Ecija,Science City of Muñoz,2020-07-07,Tillering,,0.0,0.05
III,Nueva Ecija,Science City of Muñoz,2020-07-08,Tillering,,0.64,0.05
III,Nueva Ecija,Science City of Muñoz,2020-07-09,Tillering,,0.05,0.0
III,Nueva Ecija,Science City of Muñoz,2020-07-10,Tillering,17.0,0.7,0.13
III,Nueva Ecija,Science City of Muñoz,2020-07-11,Tillering,24.0,1.39,0.11
III,Nueva Ecija,Science City of Muñoz,2020-07-12,Tillering,27.0,2.76,0.13
III,Nueva Ecija,Science City of Muñoz,2020-07-13,Tillering,16.0,1.4,0.0
III,Nueva Ecija,Science City of Muñoz,2020-07-14,Tillering,21.0,1.33,0.12
III,Nueva Ecija,Science City of Muñoz,2020-07-15,Tillering,12.0,2.25,0.05
III,Nueva Ecija,Science City of Muñoz,2020-07-16,Tillering,23.0,2.25,0.0
III,Nueva Ecija,Science City of Muñoz,2020-07-17,Tillering,7.0,2.05,0.0
III,Nueva Ecija,Science City of Muñoz,2020-07-18,Elongation,9.0,4.13,0.01
III,Nueva Ecija,Science City of Muñoz,2020-07-19,Elongation,17.0,4.41,0.0
III,Nueva Ecija,Science City of Muñoz,2020-07-20,Elongation,15.0,3.61,0.08
III,Nueva Ecija,Science City of Muñoz,2020-07-21,Elongation,18.0,1.8,0.22
III,Nueva Ecija,Science City of Muñoz,2020-07-22,Elongation,15.0,0.59,0.02
III,Nueva Ecija,Science City of Muñoz,2020-07-23,Elongation,,1.1,0.0
III,Nueva Ecija,Science City of Muñoz,2020-07-24,Elongation,,0.71,0.0
III,Nueva Ecija,Science City of Muñoz,2020-07-25,Elongation,,0.75,0.3
III,Nueva Ecija,Science City of Muñoz,2020-07-26,Elongation,,0.29,0.15
III,Nueva Ecija,Science City of Muñoz,2020-07-27,Elongation,,0.82,0.22
III,Nueva Ecija,Science City of Muñoz,2020-07-28,Elongation,23.0,0.2,0.08
III,Nueva Ecija,Science City of Muñoz,2020-07-29,Elongation,15.0,0.58,0.07
III,Nueva Ecija,Science City of Muñoz,2020-07-30,Elongation,25.0,0.91,0.1
III,Nueva Ecija,Science City of Muñoz,2020-07-31,Elongation,25.0,0.4,0.05
III,Nueva Ecija,Science City of Muñoz,2020-08-01,Elongation,18.0,0.42,0.0
III,Nueva Ecija,Science City of Muñoz,2020-08-02,Elongation,18.0,0.54,0.15
III,Nueva Ecija,Science City of Muñoz,2020-08-03,Elongation,10.0,0.39,0.1
III,Nueva Ecija,Science City of Muñoz,2020-08-04,Elongation,10.0,0.0,
III,Nueva Ecija,Science City of Muñoz,2020-08-05,Elongation,5.0,0.57,
III,Nueva Ecija,Science City of Muñoz,2020-08-06,Elongation,7.0,1.68,
III,Nueva Ecija,Science City of Muñoz,2020-08-07,Elongation,1.0,0.65,0.1
III,Nueva Ecija,Science City of Muñoz,2020-08-08,Panicle,1.0,0.02,0.51
III,Nueva Ecija,Science City of Muñoz,2020-08-09,Panicle,1.0,0.12,0.2
III,Nueva Ecija,Science City of Muñoz,2020-08-10,Panicle,1.0,0.12,0.88
III,Nueva Ecija,Science City of Muñoz,2020-08-11,Panicle,2.0,0.03,1.49
III,Nueva Ecija,Science City of Muñoz,2020-08-12,Panicle,2.0,0.02,4.51
III,Nueva Ecija,Science City of Muñoz,2020-08-13,Panicle,2.0,0.11,2.14
III,Nueva Ecija,Science City of Muñoz,2020-08-14,Panicle,2.0,0.0,2.1
III,Nueva Ecija,Science City of Muñoz,2020-08-15,Panicle,0.0,0.23,4.07
III,Nueva Ecija,Science City of Muñoz,2020-08-16,Panicle,1.0,0.09,4.57
III,Nueva Ecija,Science City of Muñoz,2020-08-17,Panicle,3.0,0.11,3.88
III,Nueva Ecija,Science City of Muñoz,2020-08-18,Panicle,3.0,0.01,3.03
III,Nueva Ecija,Science City of Muñoz,2020-08-19,Panicle,1.0,0.22,1.09
III,Nueva Ecija,Science City of Muñoz,2020-08-20,Panicle,1.0,0.12,1.61
III,Nueva Ecija,Science City of Muñoz,2020-08-21,Panicle,5.0,0.0,0.81
III,Nueva Ecija,Science City of Muñoz,2020-08-22,Panicle,3.0,0.02,0.0
III,Nueva Ecija,Science City of Muñoz,2020-08-23,Flowering,2.0,0.24,0.0
III,Nueva Ecija,Science City of Muñoz,2020-08-24,Flowering,1.0,0.11,0.55
III,Nueva Ecija,Science City of Muñoz,2020-08-25,Flowering,1.0,0.0,0.77
III,Nueva Ecija,Science City of Muñoz,2020-08-26,Flowering,2.0,0.06,0.3
III,Nueva Ecija,Science City of Muñoz,2020-08-27,Flowering,1.0,0.05,0.92
III,Nueva Ecija,Science City of Muñoz,2020-08-28,Flowering,0.0,0.0,0.79
III,Nueva Ecija,Science City of Muñoz,2020-08-29,Flowering,0.0,0.11,0.89
III,Nueva Ecija,Science City of Muñoz,2020-08-30,Flowering,1.0,0.01,0.0
III,Nueva Ecija,Science City of Muñoz,2020-08-31,Flowering,2.0,0.12,0.0
III,Nueva Ecija,Science City of Muñoz,2020-09-01,Flowering,1.0,0.14,
III,Nueva Ecija,Science City of Muñoz,2020-09-02,Flowering,2.0,0.09,
III,Nueva Ecija,Science City of Muñoz,2020-09-03,Flowering,0.0,0.0,1.14
III,Nueva Ecija,Science City of Muñoz,2020-09-04,Flowering,1.0,0.08,0.43
III,Nueva Ecija,Science City of Muñoz,2020-09-05,Flowering,0.0,0.07,0.0
III,Nueva Ecija,Science City of Muñoz,2020-09-06,Flowering,2.0,0.07,0.28
III,Nueva Ecija,Science City of Muñoz,2020-09-07,Flowering,3.0,0.0,2.07
III,Nueva Ecija,Science City of Muñoz,2020-09-08,Ripening,3.0,0.11,
III,Nueva Ecija,Science City of Muñoz,2020-09-09,Ripening,1.0,0.16,
III,Nueva Ecija,Science City of Muñoz,2020-09-10,Ripening,3.0,0.14,1.27
III,Nueva Ecija,Science City of Muñoz,2020-09-11,Ripening,2.0,0.1,2.14
III,Nueva Ecija,Science City of Muñoz,2020-09-12,Ripening,6.0,0.08,1.94
III,Nueva Ecija,Science City of Muñoz,2020-09-13,Ripening,4.0,0.04,1.07
III,Nueva Ecija,Science City of Muñoz,2020-09-14,Ripening,2.0,0.04,1.34
III,Nueva Ecija,Science City of Muñoz,2020-09-15,Ripening,3.0,0.12,4.09
III,Nueva Ecija,Science City of Muñoz,2020-09-16,Ripening,5.0,0.06,2.26
III,Nueva Ecija,Science City of Muñoz,2020-09-17,Ripening,6.0,0.19,1.22
III,Nueva Ecija,Science City of Muñoz,2020-09-18,Ripening,4.0,0.12,1.87
III,Nueva Ecija,Science City of Muñoz,2020-09-19,Ripening,6.0,0.12,1.51
III,Nueva Ecija,Science City of Muñoz,2020-09-20,Ripening,3.0,0.22,0.6
III,Nueva Ecija,Science City of Muñoz,2020-09-21,Ripening,1.0,0.04,1.06
III,Nueva Ecija,Science City of Muñoz,2020-09-22,Ripening,5.0,0.07,1.68
III,Nueva Ecija,Science City of Muñoz,2020-09-23,Ripening,3.0,0.04,2.56
III,Nueva Ecija,Science City of Muñoz,2020-09-24,Ripening,3.0,0.03,1.19
III,Nueva Ecija,Science City of Muñoz,2020-09-25,Ripening,1.0,0.19,1.41
III,Nueva Ecija,Science City of Muñoz,2020-09-26,Ripening,4.0,0.2,2.06
III,Nueva Ecija,Science City of Muñoz,2020-09-27,Ripening,7.0,0.0,0.19
III,Nueva Ecija,Science City of Muñoz,2020-09-28,Ripening,5.0,0.1,0.1
III,Nueva Ecija,Science City of Muñoz,2020-09-29,Ripening,6.0,0.13,0.0
III,Nueva Ecija,Science City of Muñoz,2020-09-30,Ripening,2.0,0.02,0.0
III,Nueva Ecija,Science City of Muñoz,2020-10-01,Ripening,3.0,0.0,0.68
III,Nueva Ecija,Science City of Muñoz,2020-10-02,Ripening,4.0,0.02,0.0
III,Nueva Ecija,Science City of Muñoz,2020-10-03,Ripening,4.0,0.27,1.11
III,Nueva Ecija,Science City of Muñoz,2020-10-04,Ripening,0.0,0.0,0.23
III,Nueva Ecija,Science City of Muñoz,2020-10-05,Ripening,0.0,0.07,0.09
III,Nueva Ecija,Science City of Muñoz,2020-10-06,Ripening,0.0,0.21,0.0
III,Nueva Ecija,Science City of Muñoz,2020-10-07,Ripening,0.0,0.05,0.08
III,Nueva Ecija,Science City of Muñoz,2020-10-08,Ripening,0.0,0.06,0.15
III,Nueva Ecija,Science City of Muñoz,2020-10-09,Ripening,0.0,0.01,0.06
III,Nueva Ecija,Science City of Muñoz,2020-10-10,Ripening,0.0,0.13,0.14
III,Nueva Ecija,Science City of Muñoz,2020-10-11,Ripening,0.0,0.13,0.12
III,Nueva Ecija,Science City of Muñoz,2020-10-12,Ripening,0.0,0.12,0.04
III,Nueva Ecija,Science City of Muñoz,2020-10-13,Ripening,0.0,0.0,0.09
III,Nueva Ecija,Science City of Muñoz,2020-10-14,Ripening,0.0,0.0,0.0
III,Nueva Ecija,Science City of Muñoz,2020-10-15,Ripening,0.0,0.02,0.08
III,Nueva Ecija,Science City of Muñoz,2020-10-16,Ripening,0.0,0.08,0.1
III,Nueva Ecija,Science City of Muñoz,2020-10-17,Ripening,0.0,0.09,0.17
III,Nueva Ecija,Science City of Muñoz,2020-10-18,Ripening,0.0,0.16,0.04
III,Nueva Ecija,Science City of Muñoz,2020-10-19,Ripening,0.0,0.04,0.08
III,Nueva Ecija,Science City of Muñoz,2020-10-20,Ripening,0.0,0.02,0.06
III,Nueva Ecija,Science City of Muñoz,2020-10-21,Ripening,0.0,0.0,0.12
III,Nueva Ecija,Science City of Muñoz,2020-10-22,Ripening,0.0,0.21,0.13
III,Nueva Ecija,Science City of Muñoz,2020-10-23,Ripening,0.0,0.0,0.24
III,Nueva Ecija,Science City of Muñoz,2020-10-24,Ripening,0.0,0.16,
III,Nueva Ecija,Science City of Muñoz,2020-10-25,Ripening,0.0,0.13,
III,Nueva Ecija,Science City of Muñoz,2020-10-26,Ripening,0.0,0.0,
III,Nueva Ecija,Science City of Muñoz,2020-10-27,Ripening,0.0,0.14,
III,Nueva Ecija,Science City of Muñoz,2020-10-28,Ripening,0.0,0.02,
III,Nueva Ecija,Science City of Muñoz,2020-10-29,Ripening,0.0,0.07,0.11
III,Nueva Ecija,Science City of Muñoz,2020-10-30,Ripening,0.0,0.08,0.18
III,Nueva Ecija,Science City of Muñoz,2020-10-31,Ripening,,0.12,0.06
III,Nueva Ecija,Science City of Muñoz,2020-11-01,Ripening,,0.02,0.12
III,Nueva Ecija,Science City of Muñoz,2020-11-02,Ripening,,0.01,0.23
III,Nueva Ecija,Science City of Muñoz,2020-11-03,Ripening,,0.0,0.0
III,Nueva Ecija,Science City of Muñoz,2020-11-04,Ripening,,0.01,0.18
III,Nueva Ecija,Science City of Muñoz,2020-11-05,Ripening,0.0,0.03,0.0
III,Nueva Ecija,Science City of Muñoz,2020-11-06,Ripening,0.0,0.05,0.0
III,Nueva Ecija,Science City of Muñoz,2020-11-07,Seedling,0.0,0.09,0.0
III,Nueva Ecija,Science City of Muñoz,2020-11-08,Seedling,0.0,0.19,0.1
III,Nueva Ecija,Science City of Muñoz,2020-11-09,Seedling,0.0,0.06,0.16
III,Nueva Ecija,Science City of Muñoz,2020-11-10,Seedling,0.0,0.09,0.02
III,Nueva Ecija,Science City of Muñoz,2020-11-11,Seedling,0.0,0.13,0.12
III,Nueva Ecija,Science City of Muñoz,2020-11-12,Seedling,0.0,0.1,0.12
III,Nueva Ecija,Science City of Muñoz,2020-11-13,Seedling,0.0,0.1,0.07
III,Nueva Ecija,Science City of Muñoz,2020-11-14,Seedling,0.0,0.22,0.07
III,Nueva Ecija,Science City of Muñoz,2020-11-15,Seedling,0.0,0.2,0.01
III,Nueva Ecija,Science City of Muñoz,2020-11-16,Seedling,0.0,0.08,0.13
III,Nueva Ecija,Science City of Muñoz,2020-11-17,Seedling,0.0,0.05,0.02
III,Nueva Ecija,Science City of Muñoz,2020-11-18,Seedling,0.0,0.13,0.03
III,Nueva Ecija,Science City of Muñoz,2020-11-19,Seedling,0.0,0.08,0.08
III,Nueva Ecija,Science City of Muñoz,2020-11-20,Seedling,0.0,0.15,0.19
III,Nueva Ecija,Science City of Muñoz,2020-11-21,Seedling,0.0,0.01,0.05
III,Nueva Ecija,Science City of Muñoz,2020-11-22,Seedling,0.0,0.17,0.19
III,Nueva Ecija,Science City of Muñoz,2020-11-23,Seedling,0.0,0.21,0.05
III,Nueva Ecija,Science City of Muñoz,2020-11-24,Seedling,0.0,0.14,0.14
III,Nueva Ecija,Science City of Muñoz,2020-11-25,Seedling,0.0,0.18,0.31
III,Nueva Ecija,Science City of Muñoz,2020-11-26,Seedling,0.0,0.09,0.0
III,Nueva Ecija,Science City of Muñoz,2020-11-27,Seedling,0.0,0.03,0.0
III,Nueva Ecija,Science City of Muñoz,2020-11-28,Seedling,0.0,0.02,0.11
III,Nueva Ecija,Science City of Muñoz,2020-11-29,Seedling,0.0,0.17,0.05
III,Nueva Ecija,Science City of Muñoz,2020-11-30,Seedling,0.0,0.12,0.05
III,Nueva Ecija,Science City of Muñoz,2020-12-01,Seedling,0.0,0.24,0.14
III,Nueva Ecija,Science City of Muñoz,2020-12-02,Seedling,0.0,0.07,0.04
III,Nueva Ecija,Science City of Muñoz,2020-12-03,Seedling,0.0,0.08,0.1
III,Nueva Ecija,Science City of Muñoz,2020-12-04,Seedling,0.0,,0.05
III,Nueva Ecija,Science City of Muñoz,2020-12-05,Seedling,0.0,,0.0
III,Nueva Ecija,Science City of Muñoz,2020-12-06,Seedling,0.0,,0.12
III,Nueva Ecija,Science City of Muñoz,2020-12-07,Seedling,0.0,,0.09
III,Nueva Ecija,Science City of Muñoz,2020-12-08,Seedling,0.0,0.0,0.05
III,Nueva Ecija,Science City of Muñoz,2020-12-09,Seedling,0.0,0.02,0.14
III,Nueva Ecija,Science City of Muñoz,2020-12-10,Seedling,0.0,0.13,0.38
III,Nueva Ecija,Science City of Muñoz,2020-12-11,Seedling,0.0,0.03,0.0
III,Nueva Ecija,Science City of Muñoz,2020-12-12,Seedling,0.0,1.37,0.14
III,Nueva Ecija,Science City of Muñoz,2020-12-13,Seedling,1.0,0.18,0.07
III,Nueva Ecija,Science City of Muñoz,2020-12-14,Seedling,2.0,0.64,0.08
III,Nueva Ecija,Science City of Muñoz,2020-12-15,Seedling,1.0,0.0,0.0
III,Nueva Ecija,Science City of Muñoz,2020-12-16,Seedling,1.0,1.1,0.01
III,Nueva Ecija,Science City of Muñoz,2020-12-17,Seedling,2.0,0.0,0.07
III,Nueva Ecija,Science City of Muñoz,2020-12-18,Seedling,2.0,0.0,0.0
III,Nueva Ecija,Science City of Muñoz,2020-12-19,Seedling,2.0,0.27,0.04
III,Nueva Ecija,Science City of Muñoz,2020-12-20,Seedling,2.0,0.06,0.03
III,Nueva Ecija,Science City of Muñoz,2020-12-21,Seedling,1.0,0.0,0.06
III,Nueva Ecija,Science City of Muñoz,2020-12-22,Seedling,1.0,0.8,0.08
III,Nueva Ecija,Science City of Muñoz,2020-12-23,Seedling,0.0,0.79,0.04
III,Nueva Ecija,Science City of Muñoz,2020-12-24,Seedling,,1.01,0.03
III,Nueva Ecija,Science City of Muñoz,2020-12-25,Seedling,,0.0,0.02
III,Nueva Ecija,Science City of Muñoz,2020-12-26,Seedling,,0.69,0.0
III,Nueva Ecija,Science City of Muñoz,2020-12-27,Seedling,,1.05,0.14
III,Nueva Ecija,Science City of Muñoz,2020-12-28,Tillering,2.0,0.72,0.08
III,Nueva Ecija,Science City of Muñoz,2020-12-29,Tillering,2.0,0.68,0.08
III,Nueva Ecija,Science City of Muñoz,2020-12-30,Tillering,1.0,0.0,0.01
III,Nueva Ecija,Science City of Muñoz,2020-12-31,Tillering,3.0,0.29,0.1
III,Nueva Ecija,Science City of Muñoz,2021-01-01,Tillering,1.0,0.47,0.07
III,Nueva Ecija,Science City of Muñoz,2021-01-02,Tillering,1.0,0.0,0.0
III,Nueva Ecija,Science City of Muñoz,2021-01-03,Tillering,3.0,0.8,0.22
III,Nueva Ecija,Science City of Muñoz,2021-01-04,Tillering,0.0,0.0,0.13
III,Nueva Ecija,Science City of Muñoz,2021-01-05,Tillering,3.0,0.01,0.1
III,Nueva Ecija,Science City of Muñoz,2021-01-06,Tillering,3.0,0.0,0.14
III,Nueva Ecija,Science City of Muñoz,2021-01-07,Tillering,2.0,0.1,0.12
III,Nueva Ecija,Science City of Muñoz,2021-01-08,Tillering,4.0,0.0,0.07
III,Nueva Ecija,Science City of Muñoz,2021-01-09,Tillering,2.0,0.15,0.1
III,Nueva Ecija,Science City of Muñoz,2021-01-10,Tillering,3.0,0.74,0.14
III,Nueva Ecija,Science City of Muñoz,2021-01-11,Tillering,3.0,0.74,0.1
III,Nueva Ecija,Science City of Muñoz,2021-01-12,Tillering,2.0,0.95,0.17
III,Nueva Ecija,Science City of Muñoz,2021-01-13,Tillering,3.0,0.16,0.0
III,Nueva Ecija,Science City of Muñoz,2021-01-14,Tillering,1.0,0.13,0.06
III,Nueva Ecija,Science City of Muñoz,2021-01-15,Tillering,1.0,1.14,0.1
III,Nueva Ecija,Science City of Muñoz,2021-01-16,Tillering,3.0,0.73,0.13
III,Nueva Ecija,Science City of Muñoz,2021-01-17,Tillering,2.0,0.0,0.19
III,Nueva Ecija,Science City of Muñoz,2021-01-18,Tillering,2.0,0.13,0.0
III,Nueva Ecija,Science City of Muñoz,2021-01-19,Tillering,1.0,0.06,0.22
III,Nueva Ecija,Science City of Muñoz,2021-01-20,Tillering,0.0,0.0,0.0
III,Nueva Ecija,Science City of Muñoz,2021-01-21,Tillering,1.0,0.0,0.15
III,Nueva Ecija,Science City of Muñoz,2021-01-22,Elongation,3.0,0.66,0.0
III,Nueva Ecija,Science City of Muñoz,2021-01-23,Elongation,0.0,0.72,0.25
III,Nueva Ecija,Science City of Muñoz,2021-01-24,Elongation,1.0,0.59,0.15
III,Nueva Ecija,Science City of Muñoz,2021-01-25,Elongation,1.0,0.5,0.11
III,Nueva Ecija,Science City of Muñoz,2021-01-26,Elongation,0.0,1.54,0.19
III,Nueva Ecija,Science City of Muñoz,2021-01-27,Elongation,2.0,2.45,0.0
III,Nueva Ecija,Science City of Muñoz,2021-01-28,Elongation,0.0,2.19,0.21
III,Nueva Ecija,Science City of Muñoz,2021-01-29,Elongation,0.0,3.63,0.05
III,Nueva Ecija,Science City of Muñoz,2021-01-30,Elongation,2.0,4.06,0.14
III,Nueva Ecija,Science City of Muñoz,2021-01-31,Elongation,1.0,4.34,0.09
III,Nueva Ecija,Science City of Muñoz,2021-02-01,Elongation,4.0,5.03,0.01
III,Nueva Ecija,Science City of Muñoz,2021-02-02,Elongation,1.0,5.82,0.02
III,Nueva Ecija,Science City of Muñoz,2021-02-03,Elongation,2.0,5.3,0.15
III,Nueva Ecija,Science City of Muñoz,2021-02-04,Elongation,3.0,6.85,0.07
III,Nueva Ecija,Science City of Muñoz,2021-02-05,Elongation,2.0,6.65,0.08
III,Nueva Ecija,Science City of Muñoz,2021-02-06,Elongation,1.0,6.55,0.09
III,Nueva Ecija,Science City of Muñoz,2021-02-07,Elongation,1.0,6.08,0.15
III,Nueva Ecija,Science City of Muñoz,2021-02-08,Elongation,3.0,6.07,0.12
III,Nueva Ecija,Science City of Muñoz,2021-02-09,Elongation,2.0,5.3,0.0
III,Nueva Ecija,Science City of Muñoz,2021-02-10,Elongation,3.0,5.23,0.08
III,Nueva Ecija,Science City of Muñoz,2021-02-11,Panicle,2.0,0.07,7.51
III,Nueva Ecija,Science City of Muñoz,2021-02-12,Panicle,2.0,0.06,7.48
III,Nueva Ecija,Science City of Muñoz,2021-02-13,Panicle,0.0,0.04,7.14
III,Nueva Ecija,Science City of Muñoz,2021-02-14,Panicle,1.0,0.16,5.35
III,Nueva Ecija,Science City of Muñoz,2021-02-15,Panicle,1.0,0.07,3.84
III,Nueva Ecija,Science City of Muñoz,2021-02-16,Panicle,3.0,0.04,1.85
III,Nueva Ecija,Science City of Muñoz,2021-02-17,Panicle,0.0,0.07,1.59
III,Nueva Ecija,Science City of Muñoz,2021-02-18,Panicle,2.0,0.2,0.78
III,Nueva Ecija,Science City of Muñoz,2021-02-19,Panicle,1.0,0.12,0.0
III,Nueva Ecija,Science City of Muñoz,2021-02-20,Panicle,1.0,0.09,1.05
III,Nueva Ecija,Science City of Muñoz,2021-02-21,Panicle,1.0,0.09,1.25
III,Nueva Ecija,Science City of Muñoz,2021-02-22,Panicle,1.0,0.01,2.54
III,Nueva Ecija,Science City of Muñoz,2021-02-23,Panicle,1.0,0.05,1.11
III,Nueva Ecija,Science City of Muñoz,2021-02-24,Panicle,0.0,0.1,1.16
III,Nueva Ecija,Science City of Muñoz,2021-02-25,Panicle,3.0,0.14,0.47
III,Nueva Ecija,Science City of Muñoz,2021-02-26,Flowering,0.0,0.14,0.83
III,Nueva Ecija,Science City of Muñoz,2021-02-27,Flowering,1.0,0.16,0.03
III,Nueva Ecija,Science City of Muñoz,2021-02-28,Flowering,5.0,0.0,0.0
III,Nueva Ecija,Science City of Muñoz,2021-03-01,Flowering,4.0,0.1,0.63
III,Nueva Ecija,Science City of Muñoz,2021-03-02,Flowering,2.0,0.21,0.09
III,Nueva Ecija,Science City of Muñoz,2021-03-03,Flowering,2.0,0.12,0.37
III,Nueva Ecija,Science City of Muñoz,2021-03-04,Flowering,0.0,0.17,0.88
III,Nueva Ecija,Science City of Muñoz,2021-03-05,Flowering,1.0,0.32,0.0
III,Nueva Ecija,Science City of Muñoz,2021-03-06,Flowering,2.0,0.09,1.18
III,Nueva Ecija,Science City of Muñoz,2021-03-07,Flowering,2.0,0.12,0.0
III,Nueva Ecija,Science City of Muñoz,2021-03-08,Flowering,0.0,0.14,0.0
III,Nueva Ecija,Science City of Muñoz,2021-03-09,Flowering,0.0,0.1,0.0
III,Nueva Ecija,Science City of Muñoz,2021-03-10,Flowering,0.0,0.19,0.68
III,Nueva Ecija,Science City of Muñoz,2021-03-11,Flowering,1.0,0.07,0.0
III,Nueva Ecija,Science City of Muñoz,2021-03-12,Flowering,1.0,0.14,0.76
III,Nueva Ecija,Science City of Muñoz,2021-03-13,Ripening,1.0,0.01,0.0
III,Nueva Ecija,Science City of Muñoz,2021-03-14,Ripening,0.0,0.19,0.37
III,Nueva Ecija,Science City of Muñoz,2021-03-15,Ripening,0.0,0.04,0.81
III,Nueva Ecija,Science City of Muñoz,2021-03-16,Ripening,0.0,0.0,1.08
III,Nueva Ecija,Science City of Muñoz,2021-03-17,Ripening,0.0,0.04,0.62
III,Nueva Ecija,Science City of Muñoz,2021-03-18,Ripening,0.0,0.15,1.41
III,Nueva Ecija,Science City of Muñoz,2021-03-19,Ripening,1.0,0.14,0.74
III,Nueva Ecija,Science City of Muñoz,2021-03-20,Ripening,0.0,0.0,1.32
III,Nueva Ecija,Science City of Muñoz,2021-03-21,Ripening,2.0,0.04,0.41
III,Nueva Ecija,Science City of Muñoz,2021-03-21,Ripening,2.0,0.04,0.41
III,Nueva Ecija,Science City of Muñoz,2021-03-22,Ripening,0.0,0.0,0.0
III,Nueva Ecija,Science City of Muñoz,2021-03-23,Ripening,0.0,0.25,0.9
III,Nueva Ecija,Science City of Muñoz,2021-03-24,Ripening,0.0,0.13,
III,Nueva Ecija,Science City of Muñoz,2021-03-25,Ripening,1.0,0.0,
III,Nueva Ecija,Science City of Muñoz,2021-03-26,Ripening,1.0,0.05,
III,Nueva Ecija,Science City of Muñoz,2021-03-27,Ripening,2.0,0.07,
III,Nueva Ecija,Science City of Muñoz,2021-03-28,Ripening,1.0,0.0,
III,Nueva Ecija,Science City of Muñoz,2021-03-29,Ripening,0.0,0.09,2.96
III,Nueva Ecija,Science City of Muñoz,2021-03-30,Ripening,2.0,0.09,3.02
III,Nueva Ecija,Science City of Muñoz,2021-03-31,Ripening,0.0,0.07,3.22
III,Nueva Ecija,Science City of Muñoz,2021-04-01,Ripening,0.0,0.0,2.79
III,Nueva Ecija,Science City of Muñoz,2021-04-02,Ripening,0.0,0.08,2.7
III,Nueva Ecija,Science City of Muñoz,2021-04-03,Ripening,0.0,0.19,2.44
III,Nueva Ecija,Science City of Muñoz,2021-04-04,Ripening,1.0,0.08,1.57
III,Nueva Ecija,Science City of Muñoz,2021-04-05,Ripening,0.0,0.1,1.33
III,Nueva Ecija,Science City of Muñoz,2021-04-06,Ripening,0.0,0.05,1.09
III,Nueva Ecija,Science City of Muñoz,2021-04-07,Ripening,0.0,0.14,0.08
III,Nueva Ecija,Science City of Muñoz,2021-04-08,Ripening,0.0,0.04,0.0
III,Nueva Ecija,Science City of Muñoz,2021-04-09,Ripening,0.0,0.12,0.09
III,Nueva Ecija,Science City of Muñoz,2021-04-10,Ripening,0.0,0.11,0.0
III,Nueva Ecija,Science City of Muñoz,2021-04-11,Ripening,0.0,0.13,0.0
III,Nueva Ecija,Science City of Muñoz,2021-04-12,Ripening,0.0,0.17,0.17
III,Nueva Ecija,Science City of Muñoz,2021-04-13,Ripening,0.0,0.09,0.22
III,Nueva Ecija,Science City of Muñoz,2021-04-14,Ripening,0.0,0.16,0.02
III,Nueva Ecija,Science City of Muñoz,2021-04-15,Ripening,0.0,0.01,0.15
III,Nueva Ecija,Science City of Muñoz,2021-04-16,Ripening,0.0,0.0,0.26
III,Nueva Ecija,Science City of Muñoz,2021-04-17,Ripening,0.0,0.12,0.0
III,Nueva Ecija,Science City of Muñoz,2021-04-18,Ripening,0.0,0.09,0.0
III,Nueva Ecija,Science City of Muñoz,2021-04-19,Ripening,0.0,0.09,0.09
III,Nueva Ecija,Science City of Muñoz,2021-04-20,Ripening,0.0,0.25,0.05
III,Nueva Ecija,Science City of Muñoz,2021-04-21,Ripening,0.0,0.13,0.11
III,Nueva Ecija,Science City of Muñoz,2021-04-22,Ripening,0.0,0.02,0.02
III,Nueva Ecija,Science City of Muñoz,2021-04-23,Ripening,0.0,0.0,0.05
III,Nueva Ecija,Science City of Muñoz,2021-04-24,Ripening,0.0,0.14,0.05
III,Nueva Ecija,Science City of Muñoz,2021-04-25,Ripening,0.0,0.17,0.07
III,Nueva Ecija,Science City of Muñoz,2021-04-26,Ripening,0.0,0.03,0.18
III,Nueva Ecija,Science City of Muñoz,2021-04-27,Ripening,0.0,0.1,0.18
III,Nueva Ecija,Science City of Muñoz,2021-04-28,Ripening,0.0,0.03,
III,Nueva Ecija,Science City of Muñoz,2021-04-29,Ripening,0.0,0.05,
III,Nueva Ecija,Science City of Muñoz,2021-04-30,Ripening,0.0,0.08,
III,Nueva Ecija,Science City of Muñoz,2021-05-01,Ripening,0.0,0.05,0.12
III,Nueva Ecija,Science City of Muñoz,2021-05-02,Ripening,0.0,0.09,0.27
III,Nueva Ecija,Science City of Muñoz,2021-05-03,Ripening,0.0,0.15,0.0
III,Nueva Ecija,Science City of Muñoz,2021-05-04,Ripening,0.0,0.09,0.0
III,Nueva Ecija,Science City of Muñoz,2021-05-05,Ripening,0.0,0.09,0.06
III,Nueva Ecija,Science City of Muñoz,2021-05-06,Seedling,0.0,0.03,0.06
III,Nueva Ecija,Science City of Muñoz,2021-05-07,Seedling,0.0,0.0,0.23
III,Nueva Ecija,Science City of Muñoz,2021-05-08,Seedling,0.0,0.04,0.12
III,Nueva Ecija,Science City of Muñoz,2021-05-09,Seedling,1.0,0.12,0.14
III,Nueva Ecija,Science City of Muñoz,2021-05-10,Seedling,0.0,0.11,0.12
III,Nueva Ecija,Science City of Muñoz,2021-05-11,Seedling,0.0,0.0,0.0
III,Nueva Ecija,Science City of Muñoz,2021-05-12,Seedling,0.0,0.01,0.11
III,Nueva Ecija,Science City of Muñoz,2021-05-13,Seedling,0.0,0.16,0.04
III,Nueva Ecija,Science City of Muñoz,2021-05-14,Seedling,0.0,0.03,0.3
III,Nueva Ecija,Science City of Muñoz,2021-05-15,Seedling,0.0,0.0,0.09
III,Nueva Ecija,Science City of Muñoz,2021-05-16,Seedling,0.0,0.24,0.14
III,Nueva Ecija,Science City of Muñoz,2021-05-17,Seedling,0.0,0.1,0.09
III,Nueva Ecija,Science City of Muñoz,2021-05-18,Seedling,0.0,0.07,0.0
III,Nueva Ecija,Science City of Muñoz,2021-05-19,Seedling,0.0,0.03,0.13
III,Nueva Ecija,Science City of Muñoz,2021-05-20,Seedling,0.0,0.18,0.02
III,Nueva Ecija,Science City of Muñoz,2021-05-21,Seedling,0.0,0.17,0.05
III,Nueva Ecija,Science City of Muñoz,2021-05-22,Seedling,0.0,0.01,0.09
III,Nueva Ecija,Science City of Muñoz,2021-05-23,Seedling,0.0,0.14,0.15
III,Nueva Ecija,Science City of Muñoz,2021-05-24,Seedling,0.0,0.03,0.01
III,Nueva Ecija,Science City of Muñoz,2021-05-25,Seedling,0.0,0.08,
III,Nueva Ecija,Science City of Muñoz,2021-05-26,Seedling,0.0,0.08,
III,Nueva Ecija,Science City of Muñoz,2021-05-27,Seedling,0.0,0.02,
III,Nueva Ecija,Science City of Muñoz,2021-05-28,Seedling,0.0,0.12,
III,Nueva Ecija,Science City of Muñoz,2021-05-29,Seedling,0.0,0.04,
III,Nueva Ecija,Science City of Muñoz,2021-05-30,Seedling,0.0,0.0,0.16
III,Nueva Ecija,Science City of Muñoz,2021-05-31,Seedling,0.0,0.12,0.06
III,Nueva Ecija,Science City of Muñoz,2021-06-01,Seedling,0.0,0.0,0.16
III,Nueva Ecija,Science City of Muñoz,2021-06-02,Seedling,0.0,0.18,0.02
III,Nueva Ecija,Science City of Muñoz,2021-06-03,Seedling,0.0,0.0,0.12
III,Nueva Ecija,Science City of Muñoz,2021-06-04,Seedling,11.0,1.52,0.0
III,Nueva Ecija,Science City of Muñoz,2021-06-05,Seedling,11.0,1.63,0.0
III,Nueva Ecija,Science City of Muñoz,2021-06-06,Seedling,12.0,1.06,0.0
III,Nueva Ecija,Science City of Muñoz,2021-06-07,Seedling,10.0,0.29,0.06
III,Nueva Ecija,Science City of Muñoz,2021-06-08,Seedling,14.0,0.54,0.16
III,Nueva Ecija,Science City of Muñoz,2021-06-09,Seedling,7.0,0.4,0.17
III,Nueva Ecija,Science City of Muñoz,2021-06-10,Seedling,8.0,0.0,0.14
III,Nueva Ecija,Science City of Muñoz,2021-06-11,Seedling,14.0,0.6,0.01
III,Nueva Ecija,Science City of Muñoz,2021-06-12,Seedling,8.0,0.0,0.1
III,Nueva Ecija,Science City of Muñoz,2021-06-13,Seedling,4.0,0.38,0.19
III,Nueva Ecija,Science City of Muñoz,2021-06-14,Seedling,8.0,0.56,0.1
III,Nueva Ecija,Science City of Muñoz,2021-06-15,Seedling,9.0,0.2,0.18
III,Nueva Ecija,Science City of Muñoz,2021-06-16,Seedling,9.0,0.0,
III,Nueva Ecija,Science City of Muñoz,2021-06-17,Seedling,7.0,0.96,
III,Nueva Ecija,Science City of Muñoz,2021-06-18,Seedling,6.0,1.25,
III,Nueva Ecija,Science City of Muñoz,2021-06-19,Seedling,4.0,0.64,
III,Nueva Ecija,Science City of Muñoz,2021-06-20,Tillering,7.0,0.1,0.15
III,Nueva Ecija,Science City of Muñoz,2021-06-21,Tillering,8.0,1.08,0.08
III,Nueva Ecija,Science City of Muñoz,2021-06-22,Tillering,3.0,0.55,0.16
III,Nueva Ecija,Science City of Muñoz,2021-06-23,Tillering,3.0,1.45,0.1
III,Nueva Ecija,Science City of Muñoz,2021-06-24,Tillering,3.0,1.79,0.09
III,Nueva Ecija,Science City of Muñoz,2021-06-25,Tillering,9.0,2.13,0.13
III,Nueva Ecija,Science City of Muñoz,2021-06-26,Tillering,7.0,0.73,0.07
III,Nueva Ecija,Science City of Muñoz,2021-06-27,Tillering,7.0,0.0,0.04
III,Nueva Ecija,Science City of Muñoz,2021-06-28,Tillering,15.0,0.54,0.05
III,Nueva Ecija,Science City of Muñoz,2021-06-29,Tillering,11.0,,0.0
III,Nueva Ecija,Science City of Muñoz,2021-06-30,Tillering,23.0,,0.03
III,Nueva Ecija,Science City of Muñoz,2021-07-01,Tillering,23.0,,0.07
III,Nueva Ecija,Science City of Muñoz,2021-07-02,Tillering,21.0,,0.24
III,Nueva Ecija,Science City of Muñoz,2021-07-03,Tillering,26.0,,0.1
III,Nueva Ecija,Science City of Muñoz,2021-07-04,Tillering,35.0,0.48,0.0
III,Nueva Ecija,Science City of Muñoz,2021-07-05,Tillering,22.0,1.19,0.14
III,Nueva Ecija,Science City of Muñoz,2021-07-06,Tillering,28.0,1.27,0.11
III,Nueva Ecija,Science City of Muñoz,2021-07-07,Tillering,36.0,2.21,0.12
III,Nueva Ecija,Science City of Muñoz,2021-07-08,Tillering,39.0,2.41,0.12
III,Nueva Ecija,Science City of Muñoz,2021-07-09,Tillering,30.0,2.22,0.0
III,Nueva Ecija,Science City of Muñoz,2021-07-10,Tillering,40.0,1.55,0.0
III,Nueva Ecija,Science City of Muñoz,2021-07-11,Tillering,28.0,1.52,0.0
III,Nueva Ecija,Science City of Muñoz,2021-07-12,Tillering,33.0,2.19,0.08
III,Nueva Ecija,Science City of Muñoz,2021-07-13,Tillering,21.0,1.89,0.13
III,Nueva Ecija,Science City of Muñoz,2021-07-14,Tillering,16.0,2.63,0.0
III,Nueva Ecija,Science City of Muñoz,2021-07-15,Tillering,23.0,2.76,0.14
III,Nueva Ecija,Science City of Muñoz,2021-07-16,Elongation,20.0,5.19,0.12
III,Nueva Ecija,Science City of Muñoz,2021-07-17,Elongation,21.0,6.62,0.09
III,Nueva Ecija,Science City of Muñoz,2021-07-18,Elongation,21.0,7.2,0.0
III,Nueva Ecija,Science City of Muñoz,2021-07-19,Elongation,28.0,7.9,
III,Nueva Ecija,Science City of Muñoz,2021-07-20,Elongation,29.0,7.64,
III,Nueva Ecija,Science City of Muñoz,2021-07-21,Elongation,21.0,6.35,
III,Nueva Ecija,Science City of Muñoz,2021-07-22,Elongation,23.0,7.02,0.05
III,Nueva Ecija,Science City of Muñoz,2021-07-23,Elongation,24.0,8.06,0.06
III,Nueva Ecija,Science City of Muñoz,2021-07-24,Elongation,37.0,7.86,0.2
III,Nueva Ecija,Science City of Muñoz,2021-07-25,Elongation,31.0,8.64,0.07
III,Nueva Ecija,Science City of Muñoz,2021-07-26,Elongation,26.0,8.79,0.0
III,Nueva Ecija,Science City of Muñoz,2021-07-27,Elongation,,8.04,0.0
III,Nueva Ecija,Science City of Muñoz,2021-07-28,Elongation,,8.29,0.21
III,Nueva Ecija,Science City of Muñoz,2021-07-29,Elongation,,7.19,0.0
III,Nueva Ecija,Science City of Muñoz,2021-07-30,Elongation,27.0,5.89,0.0
III,Nueva Ecija,Science City of Muñoz,2021-07-31,Elongation,16.0,4.93,0.0
III,Nueva Ecija,Science City of Muñoz,2021-08-01,Elongation,17.0,3.08,0.25
III,Nueva Ecija,Science City of Muñoz,2021-08-02,Elongation,8.0,1.85,0.06
III,Nueva Ecija,Science City of Muñoz,2021-08-03,Elongation,7.0,1.26,0.0
III,Nueva Ecija,Science City of Muñoz,2021-08-04,Elongation,11.0,,0.04
III,Nueva Ecija,Science City of Muñoz,2021-08-05,Elongation,9.0,,0.15
III,Nueva Ecija,Science City of Muñoz,2021-08-06,Panicle,7.0,,0.0
III,Nueva Ecija,Science City of Muñoz,2021-08-07,Panicle,8.0,,0.82
III,Nueva Ecija,Science City of Muñoz,2021-08-08,Panicle,8.0,,0.93
III,Nueva Ecija,Science City of Muñoz,2021-08-09,Panicle,2.0,0.01,0.27
III,Nueva Ecija,Science City of Muñoz,2021-08-10,Panicle,1.0,0.0,0.0
III,Nueva Ecija,Science City of Muñoz,2021-08-11,Panicle,2.0,0.13,2.17
III,Nueva Ecija,Science City of Muñoz,2021-08-12,Panicle,3.0,0.03,1.64
III,Nueva Ecija,Science City of Muñoz,2021-08-13,Panicle,1.0,0.08,0.48
III,Nueva Ecija,Science City of Muñoz,2021-08-14,Panicle,1.0,0.15,1.33
III,Nueva Ecija,Science City of Muñoz,2021-08-15,Panicle,1.0,0.02,0.86
III,Nueva Ecija,Science City of Muñoz,2021-08-16,Panicle,1.0,0.15,0.86
III,Nueva Ecija,Science City of Muñoz,2021-08-17,Panicle,0.0,0.03,0.61
III,Nueva Ecija,Science City of Muñoz,2021-08-18,Panicle,0.0,0.0,1.65
III,Nueva Ecija,Science City of Muñoz,2021-08-19,Panicle,0.0,0.14,0.71
III,Nueva Ecija,Science City of Muñoz,2021-08-20,Panicle,2.0,0.19,1.8
III,Nueva Ecija,Science City of Muñoz,2021-08-21,Flowering,1.0,0.0,0.0
III,Nueva Ecija,Science City of Muñoz,2021-08-22,Flowering,0.0,0.0,0.17
III,Nueva Ecija,Science City of Muñoz,2021-08-23,Flowering,1.0,0.09,1.16
III,Nueva Ecija,Science City of Muñoz,2021-08-24,Flowering,0.0,0.21,2.06
III,Nueva Ecija,Science City of Muñoz,2021-08-25,Flowering,0.0,0.07,0.88
III,Nueva Ecija,Science City of Muñoz,2021-08-26,Flowering,,0.0,1.02
III,Nueva Ecija,Science City of Muñoz,2021-08-27,Flowering,,0.15,0.89
III,Nueva Ecija,Science City of Muñoz,2021-08-28,Flowering,,0.08,1.53
III,Nueva Ecija,Science City of Muñoz,2021-08-29,Flowering,,0.15,2.34
III,Nueva Ecija,Science City of Muñoz,2021-08-30,Flowering,1.0,0.17,2.19
III,Nueva Ecija,Science City of Muñoz,2021-08-31,Flowering,5.0,0.1,2.7
III,Nueva Ecija,Science City of Muñoz,2021-09-01,Flowering,5.0,0.05,2.97
III,Nueva Ecija,Science City of Muñoz,2021-09-02,Flowering,2.0,0.22,3.42
III,Nueva Ecija,Science City of Muñoz,2021-09-03,Flowering,3.0,0.18,3.04
III,Nueva Ecija,Science City of Muñoz,2021-09-04,Flowering,2.0,0.0,3.97
III,Nueva Ecija,Science City of Muñoz,2021-09-05,Flowering,0.0,0.16,3.16
III,Nueva Ecija,Science City of Muñoz,2021-09-06,Ripening,1.0,0.07,2.32
III,Nueva Ecija,Science City of Muñoz,2021-09-07,Ripening,1.0,0.13,1.18
III,Nueva Ecija,Science City of Muñoz,2021-09-08,Ripening,0.0,0.17,1.16
III,Nueva Ecija,Science City of Muñoz,2021-09-09,Ripening,1.0,0.14,1.25
III,Nueva Ecija,Science City of Muñoz,2021-09-10,Ripening,0.0,0.1,1.99
III,Nueva Ecija,Science City of Muñoz,2021-09-11,Ripening,1.0,0.0,0.1
III,Nueva Ecija,Science City of Muñoz,2021-09-12,Ripening,0.0,0.0,0.63
III,Nueva Ecija,Science City of Muñoz,2021-09-13,Ripening,0.0,0.07,1.17
III,Nueva Ecija,Science City of Muñoz,2021-09-14,Ripening,1.0,0.23,0.0
III,Nueva Ecija,Science City of Muñoz,2021-09-15,Ripening,0.0,0.13,0.12
III,Nueva Ecija,Science City of Muñoz,2021-09-16,Ripening,0.0,0.16,0.93
III,Nueva Ecija,Science City of Muñoz,2021-09-17,Ripening,0.0,0.03,0.0
III,Nueva Ecija,Science City of Muñoz,2021-09-18,Ripening,0.0,0.03,2.1
III,Nueva Ecija,Science City of Muñoz,2021-09-19,Ripening,0.0,0.0,0.0
III,Nueva Ecija,Science City of Muñoz,2021-09-20,Ripening,0.0,0.22,0.76
III,Nueva Ecija,Science City of Muñoz,2021-09-21,Ripening,1.0,0.05,1.45
III,Nueva Ecija,Science City of Muñoz,2021-09-22,Ripening,2.0,0.07,0.49
III,Nueva Ecija,Science City of Muñoz,2021-09-23,Ripening,1.0,0.18,1.8
III,Nueva Ecija,Science City of Muñoz,2021-09-24,Ripening,1.0,0.1,1.92
III,Nueva Ecija,Science City of Muñoz,2021-09-25,Ripening,0.0,0.08,1.3
III,Nueva Ecija,Science City of Muñoz,2021-09-26,Ripening,3.0,0.22,1.04
III,Nueva Ecija,Science City of Muñoz,2021-09-27,Ripening,2.0,0.05,0.35
III,Nueva Ecija,Science City of Muñoz,2021-09-28,Ripening,1.0,0.13,2.31
III,Nueva Ecija,Science City of Muñoz,2021-09-29,Ripening,5.0,0.0,1.21
III,Nueva Ecija,Science City of Muñoz,2021-09-30,Ripening,7.0,0.08,1.23
III,Nueva Ecija,Science City of Muñoz,2021-10-01,Ripening,5.0,0.0,0.0
III,Nueva Ecija,Science City of Muñoz,2021-10-02,Ripening,0.0,0.08,0.05
III,Nueva Ecija,Science City of Muñoz,2021-10-03,Ripening,0.0,0.33,
III,Nueva Ecija,Science City of Muñoz,2021-10-04,Ripening,0.0,0.03,
III,Nueva Ecija,Science City of Muñoz,2021-10-05,Ripening,0.0,0.09,
III,Nueva Ecija,Science City of Muñoz,2021-10-06,Ripening,0.0,0.22,0.16
III,Nueva Ecija,Science City of Muñoz,2021-10-07,Ripening,0.0,0.08,0.02
III,Nueva Ecija,Science City of Muñoz,2021-10-08,Ripening,0.0,0.0,0.03
III,Nueva Ecija,Science City of Muñoz,2021-10-09,Ripening,0.0,0.07,
III,Nueva Ecija,Science City of Muñoz,2021-10-10,Ripening,0.0,0.12,
III,Nueva Ecija,Science City of Muñoz,2021-10-11,Ripening,0.0,0.0,0.04
III,Nueva Ecija,Science City of Muñoz,2021-10-12,Ripening,0.0,0.05,0.1
III,Nueva Ecija,Science City of Muñoz,2021-10-13,Ripening,0.0,0.06,0.01
III,Nueva Ecija,Science City of Muñoz,2021-10-14,Ripening,0.0,0.02,0.03
III,Nueva Ecija,Science City of Muñoz,2021-10-15,Ripening,0.0,0.0,0.1
III,Nueva Ecija,Science City of Muñoz,2021-10-16,Ripening,0.0,0.1,0.01
III,Nueva Ecija,Science City of Muñoz,2021-10-17,Ripening,0.0,0.02,0.01
III,Nueva Ecija,Science City of Muñoz,2021-10-18,Ripening,0.0,0.15,0.01
III,Nueva Ecija,Science City of Muñoz,2021-10-19,Ripening,1.0,0.13,0.01
III,Nueva Ecija,Science City of Muñoz,2021-10-20,Ripening,0.0,0.01,0.06
III,Nueva Ecija,Science City of Muñoz,2021-10-21,Ripening,0.0,0.06,0.0
III,Nueva Ecija,Science City of Muñoz,2021-10-22,Ripening,0.0,0.08,0.0
III,Nueva Ecija,Science City of Muñoz,2021-10-23,Ripening,0.0,0.13,0.03
III,Nueva Ecija,Science City of Muñoz,2021-10-24,Ripening,0.0,0.17,0.02
III,Nueva Ecija,Science City of Muñoz,2021-10-25,Ripening,0.0,0.01,0.09
III,Nueva Ecija,Science City of Muñoz,2021-10-26,Ripening,0.0,0.01,0.14
III,Nueva Ecija,Science City of Muñoz,2021-10-27,Ripening,0.0,0.06,0.2
III,Nueva Ecija,Science City of Muñoz,2021-10-28,Ripening,0.0,0.0,0.04
III,Nueva Ecija,Science City of Muñoz,2021-10-29,Ripening,0.0,0.0,0.16
III,Nueva Ecija,Science City of Muñoz,2021-10-30,Ripening,1.0,0.0,0.02
III,Nueva Ecija,Science City of Muñoz,2021-10-31,Ripening,0.0,0.01,0.0
III,Nueva Ecija,Science City of Muñoz,2021-11-01,Ripening,0.0,0.26,0.16
III,Nueva Ecija,Science City of Muñoz,2021-11-02,Ripening,1.0,0.19,0.13
III,Nueva Ecija,Science City of Muñoz,2021-11-03,Ripening,0.0,0.0,0.03
III,Nueva Ecija,Science City of Muñoz,2021-11-04,Ripening,0.0,0.14,0.14
III,Nueva Ecija,Science City of Muñoz,2021-11-05,Seedling,0.0,0.21,0.1
III,Nueva Ecija,Science City of Muñoz,2021-11-06,Seedling,0.0,0.09,0.13
III,Nueva Ecija,Science City of Muñoz,2021-11-07,Seedling,0.0,0.01,0.11
III,Nueva Ecija,Science City of Muñoz,2021-11-08,Seedling,0.0,0.12,0.03
III,Nueva Ecija,Science City of Muñoz,2021-11-09,Seedling,0.0,0.09,0.06
III,Nueva Ecija,Science City of Muñoz,2021-11-10,Seedling,0.0,0.25,
III,Nueva Ecija,Science City of Muñoz,2021-11-11,Seedling,0.0,0.07,
III,Nueva Ecija,Science City of Muñoz,2021-11-12,Seedling,0.0,0.0,
III,Nueva Ecija,Science City of Muñoz,2021-11-13,Seedling,0.0,0.0,
III,Nueva Ecija,Science City of Muñoz,2021-11-14,Seedling,0.0,0.16,0.03
III,Nueva Ecija,Science City of Muñoz,2021-11-15,Seedling,0.0,0.03,0.16
III,Nueva Ecija,Science City of Muñoz,2021-11-16,Seedling,0.0,0.08,0.19
III,Nueva Ecija,Science City of Muñoz,2021-11-17,Seedling,0.0,0.13,0.05
III,Nueva Ecija,Science City of Muñoz,2021-11-18,Seedling,0.0,0.07,0.0
III,Nueva Ecija,Science City of Muñoz,2021-11-19,Seedling,0.0,0.06,0.18
III,Nueva Ecija,Science City of Muñoz,2021-11-20,Seedling,0.0,0.0,0.15
III,Nueva Ecija,Science City of Muñoz,2021-11-21,Seedling,0.0,0.23,0.24
III,Nueva Ecija,Science City of Muñoz,2021-11-22,Seedling,0.0,0.11,0.17
III,Nueva Ecija,Science City of Muñoz,2021-11-23,Seedling,0.0,0.15,0.0
III,Nueva Ecija,Science City of Muñoz,2021-11-24,Seedling,0.0,0.07,0.03
III,Nueva Ecija,Science City of Muñoz,2021-11-25,Seedling,0.0,0.0,0.02
III,Nueva Ecija,Science City of Muñoz,2021-11-26,Seedling,0.0,0.14,0.05
III,Nueva Ecija,Science City of Muñoz,2021-11-27,Seedling,1.0,0.12,0.0
III,Nueva Ecija,Science City of Muñoz,2021-11-28,Seedling,0.0,0.06,0.08
III,Nueva Ecija,Science City of Muñoz,2021-11-29,Seedling,0.0,0.13,0.13
III,Nueva Ecija,Science City of Muñoz,2021-11-30,Seedling,0.0,0.25,0.1
III,Nueva Ecija,Science City of Muñoz,2021-12-01,Seedling,0.0,0.13,0.08
III,Nueva Ecija,Science City of Muñoz,2021-12-02,Seedling,0.0,0.35,0.1
III,Nueva Ecija,Science City of Muñoz,2021-12-03,Seedling,0.0,0.18,0.1
III,Nueva Ecija,Science City of Muñoz,2021-12-04,Seedling,0.0,0.03,0.21
III,Nueva Ecija,Science City of Muñoz,2021-12-05,Seedling,0.0,0.04,0.06
III,Nueva Ecija,Science City of Muñoz,2021-12-06,Seedling,0.0,0.12,0.18
III,Nueva Ecija,Science City of Muñoz,2021-12-07,Seedling,0.0,0.12,0.0
III,Nueva Ecija,Science City of Muñoz,2021-12-08,Seedling,0.0,0.19,0.11
III,Nueva Ecija,Science City of Muñoz,2021-12-09,Seedling,1.0,0.0,0.11
III,Nueva Ecija,Science City of Muñoz,2021-12-10,Seedling,0.0,0.0,0.17
III,Nueva Ecija,Science City of Muñoz,2021-12-11,Seedling,0.0,0.4,0.0
III,Nueva Ecija,Science City of Muñoz,2021-12-12,Seedling,0.0,0.03,0.07
III,Nueva Ecija,Science City of Muñoz,2021-12-13,Seedling,3.0,0.27,0.02
III,Nueva Ecija,Science City of Muñoz,2021-12-14,Seedling,0.0,0.01,0.06
III,Nueva Ecija,Science City of Muñoz,2021-12-15,Seedling,1.0,0.0,0.11
III,Nueva Ecija,Science City of Muñoz,2021-12-16,Seedling,2.0,0.85,0.13
III,Nueva Ecija,Science City of Muñoz,2021-12-17,Seedling,1.0,0.0,0.09
III,Nueva Ecija,Science City of Muñoz,2021-12-18,Seedling,4.0,1.05,0.05
III,Nueva Ecija,Science City of Muñoz,2021-12-19,Seedling,0.0,0.11,0.15
III,Nueva Ecija,Science City of Muñoz,2021-12-20,Seedling,2.0,0.07,0.12
III,Nueva Ecija,Science City of Muñoz,2021-12-21,Seedling,2.0,1.1,0.15
III,Nueva Ecija,Science City of Muñoz,2021-12-22,Seedling,1.0,0.0,0.02
III,Nueva Ecija,Science City of Muñoz,2021-12-23,Seedling,4.0,0.3,0.18
III,Nueva Ecija,Science City of Muñoz,2021-12-24,Seedling,1.0,0.95,0.08
III,Nueva Ecija,Science City of Muñoz,2021-12-25,Tillering,3.0,0.82,0.14
III,Nueva Ecija,Science City of Muñoz,2021-12-26,Tillering,2.0,2.77,0.03
III,Nueva Ecija,Science City of Muñoz,2021-12-27,Tillering,3.0,2.74,0.1
III,Nueva Ecija,Science City of Muñoz,2021-12-28,Tillering,2.0,2.32,0.01
III,Nueva Ecija,Science City of Muñoz,2021-12-29,Tillering,1.0,2.35,0.01
III,Nueva Ecija,Science City of Muñoz,2021-12-30,Tillering,2.0,3.9,0.02
III,Nueva Ecija,Science City of Muñoz,2021-12-31,Tillering,4.0,3.31,0.17
III,Nueva Ecija,Science City of Muñoz,2022-01-01,Tillering,2.0,3.42,0.15
III,Nueva Ecija,Science City of Muñoz,2022-01-02,Tillering,3.0,2.97,0.09
III,Nueva Ecija,Science City of Muñoz,2022-01-03,Tillering,3.0,2.02,0.11
III,Nueva Ecija,Science City of Muñoz,2022-01-04,Tillering,1.0,3.09,0.16
III,Nueva Ecija,Science City of Muñoz,2022-01-05,Tillering,3.0,2.81,0.06
III,Nueva Ecija,Science City of Muñoz,2022-01-06,Tillering,0.0,1.58,0.1
III,Nueva Ecija,Science City of Muñoz,2022-01-07,Tillering,3.0,1.3,0.08
III,Nueva Ecija,Science City of Muñoz,2022-01-08,Tillering,1.0,0.0,0.23
III,Nueva Ecija,Science City of Muñoz,2022-01-09,Tillering,5.0,1.01,
III,Nueva Ecija,Science City of Muñoz,2022-01-10,Tillering,2.0,0.0,
III,Nueva Ecija,Science City of Muñoz,2022-01-11,Tillering,2.0,0.69,0.05
III,Nueva Ecija,Science City of Muñoz,2022-01-12,Tillering,2.0,0.0,0.06
III,Nueva Ecija,Science City of Muñoz,2022-01-13,Tillering,2.0,0.49,0.0
III,Nueva Ecija,Science City of Muñoz,2022-01-14,Tillering,2.0,0.0,0.03
III,Nueva Ecija,Science City of Muñoz,2022-01-15,Tillering,3.0,0.0,0.11
III,Nueva Ecija,Science City of Muñoz,2022-01-16,Tillering,3.0,1.57,0.18
III,Nueva Ecija,Science City of Muñoz,2022-01-17,Tillering,1.0,1.56,0.07
III,Nueva Ecija,Science City of Muñoz,2022-01-18,Tillering,3.0,1.69,0.11
III,Nueva Ecija,Science City of Muñoz,2022-01-19,Tillering,2.0,2.31,0.06
III,Nueva Ecija,Science City of Muñoz,2022-01-20,Elongation,2.0,2.57,0.02
III,Nueva Ecija,Science City of Muñoz,2022-01-21,Elongation,0.0,2.71,0.1
III,Nueva Ecija,Science City of Muñoz,2022-01-22,Elongation,1.0,2.92,0.11
III,Nueva Ecija,Science City of Muñoz,2022-01-23,Elongation,,1.85,0.18
III,Nueva Ecija,Science City of Muñoz,2022-01-24,Elongation,,3.57,0.17
III,Nueva Ecija,Science City of Muñoz,2022-01-25,Elongation,,2.67,0.05
III,Nueva Ecija,Science City of Muñoz,2022-01-26,Elongation,,2.77,0.16
III,Nueva Ecija,Science City of Muñoz,2022-01-27,Elongation,0.0,2.5,0.02
III,Nueva Ecija,Science City of Muñoz,2022-01-28,Elongation,3.0,0.91,0.05
III,Nueva Ecija,Science City of Muñoz,2022-01-29,Elongation,2.0,0.14,0.06
III,Nueva Ecija,Science City of Muñoz,2022-01-30,Elongation,5.0,0.47,0.1
III,Nueva Ecija,Science City of Muñoz,2022-01-31,Elongation,0.0,0.17,0.14
III,Nueva Ecija,Science City of Muñoz,2022-02-01,Elongation,1.0,1.12,0.3
III,Nueva Ecija,Science City of Muñoz,2022-02-02,Elongation,3.0,0.8,0.13
III,Nueva Ecija,Science City of Muñoz,2022-02-03,Elongation,3.0,0.44,0.01
III,Nueva Ecija,Science City of Muñoz,2022-02-04,Elongation,3.0,0.51,0.13
III,Nueva Ecija,Science City of Muñoz,2022-02-05,Elongation,2.0,0.61,0.0
III,Nueva Ecija,Science City of Muñoz,2022-02-06,Elongation,2.0,0.13,0.0
III,Nueva Ecija,Science City of Muñoz,2022-02-07,Elongation,2.0,0.86,0.08
III,Nueva Ecija,Science City of Muñoz,2022-02-08,Elongation,2.0,0.0,0.09
III,Nueva Ecija,Science City of Muñoz,2022-02-09,Elongation,2.0,1.22,0.1
III,Nueva Ecija,Science City of Muñoz,2022-02-10,Panicle,2.0,0.06,0.67
III,Nueva Ecija,Science City of Muñoz,2022-02-11,Panicle,1.0,0.2,0.0
III,Nueva Ecija,Science City of Muñoz,2022-02-12,Panicle,0.0,0.12,0.53
III,Nueva Ecija,Science City of Muñoz,2022-02-13,Panicle,3.0,0.03,1.3
III,Nueva Ecija,Science City of Muñoz,2022-02-14,Panicle,1.0,0.0,1.52
III,Nueva Ecija,Science City of Muñoz,2022-02-15,Panicle,2.0,0.05,0.94
III,Nueva Ecija,Science City of Muñoz,2022-02-16,Panicle,4.0,0.09,0.0
III,Nueva Ecija,Science City of Muñoz,2022-02-17,Panicle,3.0,0.06,0.0
III,Nueva Ecija,Science City of Muñoz,2022-02-18,Panicle,0.0,0.07,0.85
III,Nueva Ecija,Science City of Muñoz,2022-02-19,Panicle,0.0,0.19,2.01
III,Nueva Ecija,Science City of Muñoz,2022-02-20,Panicle,1.0,0.06,0.76
III,Nueva Ecija,Science City of Muñoz,2022-02-21,Panicle,0.0,0.15,0.82
III,Nueva Ecija,Science City of Muñoz,2022-02-22,Panicle,4.0,0.22,1.96
III,Nueva Ecija,Science City of Muñoz,2022-02-23,Panicle,0.0,0.04,0.36
III,Nueva Ecija,Science City of Muñoz,2022-02-24,Panicle,1.0,0.09,1.19
III,Nueva Ecija,Science City of Muñoz,2022-02-25,Flowering,3.0,0.01,1.82
III,Nueva Ecija,Science City of Muñoz,2022-02-26,Flowering,1.0,0.08,1.17
III,Nueva Ecija,Science City of Muñoz,2022-02-27,Flowering,0.0,0.07,0.36
III,Nueva Ecija,Science City of Muñoz,2022-02-28,Flowering,0.0,0.02,1.27
III,Nueva Ecija,Science City of Muñoz,2022-03-01,Flowering,2.0,0.14,1.05
III,Nueva Ecija,Science City of Muñoz,2022-03-02,Flowering,1.0,0.24,0.11
III,Nueva Ecija,Science City of Muñoz,2022-03-03,Flowering,2.0,0.05,0.0
III,Nueva Ecija,Science City of Muñoz,2022-03-04,Flowering,3.0,0.0,0.0
III,Nueva Ecija,Science City of Muñoz,2022-03-05,Flowering,1.0,0.16,0.2
III,Nueva Ecija,Science City of Muñoz,2022-03-06,Flowering,1.0,0.02,1.03
III,Nueva Ecija,Science City of Muñoz,2022-03-07,Flowering,1.0,0.12,0.0
III,Nueva Ecija,Science City of Muñoz,2022-03-08,Flowering,1.0,0.0,0.0
III,Nueva Ecija,Science City of Muñoz,2022-03-09,Flowering,2.0,0.0,0.9
III,Nueva Ecija,Science City of Muñoz,2022-03-10,Flowering,5.0,0.07,0.48
III,Nueva Ecija,Science City of Muñoz,2022-03-11,Flowering,1.0,0.11,0.0
III,Nueva Ecija,Science City of Muñoz,2022-03-12,Flowering,4.0,0.0,0.55
III,Nueva Ecija,Science City of Muñoz,2022-03-13,Ripening,1.0,0.06,1.56
III,Nueva Ecija,Science City of Muñoz,2022-03-14,Ripening,1.0,0.14,0.0
III,Nueva Ecija,Science City of Muñoz,2022-03-15,Ripening,0.0,0.25,0.24
III,Nueva Ecija,Science City of Muñoz,2022-03-16,Ripening,1.0,0.03,0.75
III,Nueva Ecija,Science City of Muñoz,2022-03-17,Ripening,1.0,0.11,0.0
III,Nueva Ecija,Science City of Muñoz,2022-03-18,Ripening,3.0,0.04,0.03
III,Nueva Ecija,Science City of Muñoz,2022-03-19,Ripening,2.0,0.13,0.0
III,Nueva Ecija,Science City of Muñoz,2022-03-20,Ripening,4.0,0.0,1.86
III,Nueva Ecija,Science City of Muñoz,2022-03-21,Ripening,4.0,0.2,0.0
III,Nueva Ecija,Science City of Muñoz,2022-03-22,Ripening,5.0,0.24,0.0
III,Nueva Ecija,Science City of Muñoz,2022-03-23,Ripening,4.0,0.12,0.0
III,Nueva Ecija,Science City of Muñoz,2022-03-24,Ripening,1.0,0.08,0.71
III,Nueva Ecija,Science City of Muñoz,2022-03-25,Ripening,8.0,0.07,0.0
III,Nueva Ecija,Science City of Muñoz,2022-03-26,Ripening,6.0,0.11,0.53
III,Nueva Ecija,Science City of Muñoz,2022-03-27,Ripening,12.0,0.22,0.88
III,Nueva Ecija,Science City of Muñoz,2022-03-28,Ripening,8.0,0.14,0.87
III,Nueva Ecija,Science City of Muñoz,2022-03-29,Ripening,10.0,0.03,0.0
III,Nueva Ecija,Science City of Muñoz,2022-03-30,Ripening,5.0,0.01,0.0
III,Nueva Ecija,Science City of Muñoz,2022-03-31,Ripening,12.0,0.05,1.17
III,Nueva Ecija,Science City of Muñoz,2022-04-01,Ripening,8.0,,0.88
III,Nueva Ecija,Science City of Muñoz,2022-04-02,Ripening,6.0,,0.49
III,Nueva Ecija,Science City of Muñoz,2022-04-03,Ripening,7.0,0.0,1.42
III,Nueva Ecija,Science City of Muñoz,2022-04-04,Ripening,6.0,0.0,1.64
III,Nueva Ecija,Science City of Muñoz,2022-04-05,Ripening,2.0,0.08,1.28
III,Nueva Ecija,Science City of Muñoz,2022-04-06,Ripening,4.0,0.15,3.77
III,Nueva Ecija,Science City of Muñoz,2022-04-07,Ripening,4.0,0.09,2.97
III,Nueva Ecija,Science City of Muñoz,2022-04-08,Ripening,0.0,0.0,0.15
III,Nueva Ecija,Science City of Muñoz,2022-04-09,Ripening,0.0,0.05,0.04
III,Nueva Ecija,Science City of Muñoz,2022-04-10,Ripening,0.0,0.17,0.09
III,Nueva Ecija,Science City of Muñoz,2022-04-11,Ripening,0.0,0.11,0.09
III,Nueva Ecija,Science City of Muñoz,2022-04-12,Ripening,0.0,0.04,0.01
III,Nueva Ecija,Science City of Muñoz,2022-04-13,Ripening,0.0,0.09,0.14
III,Nueva Ecija,Science City of Muñoz,2022-04-14,Ripening,0.0,0.25,0.09
III,Nueva Ecija,Science City of Muñoz,2022-04-15,Ripening,0.0,0.09,0.0
III,Nueva Ecija,Science City of Muñoz,2022-04-16,Ripening,0.0,0.0,0.16
III,Nueva Ecija,Science City of Muñoz,2022-04-17,Ripening,0.0,,0.14
III,Nueva Ecija,Science City of Muñoz,2022-04-18,Ripening,0.0,,0.1
III,Nueva Ecija,Science City of Muñoz,2022-04-19,Ripening,0.0,0.21,0.01
III,Nueva Ecija,Science City of Muñoz,2022-04-20,Ripening,0.0,0.1,0.26
III,Nueva Ecija,Science City of Muñoz,2022-04-21,Ripening,0.0,0.07,0.23
III,Nueva Ecija,Science City of Muñoz,2022-04-22,Ripening,0.0,0.18,0.15
III,Nueva Ecija,Science City of Muñoz,2022-04-23,Ripening,0.0,0.0,0.09
III,Nueva Ecija,Science City of Muñoz,2022-04-24,Ripening,0.0,0.11,0.12
III,Nueva Ecija,Science City of Muñoz,2022-04-25,Ripening,0.0,0.13,0.02
III,Nueva Ecija,Science City of Muñoz,2022-04-26,Ripening,0.0,0.08,0.07
III,Nueva Ecija,Science City of Muñoz,2022-04-27,Ripening,0.0,0.04,0.12
III,Nueva Ecija,Science City of Muñoz,2022-04-28,Ripening,0.0,0.11,0.07
III,Nueva Ecija,Science City of Muñoz,2022-04-29,Ripening,0.0,0.18,0.17
III,Nueva Ecija,Science City of Muñoz,2022-04-30,Ripening,0.0,0.05,0.21
III,Nueva Ecija,Science City of Muñoz,2022-05-01,Ripening,0.0,0.19,0.15
III,Nueva Ecija,Science City of Muñoz,2022-05-02,Ripening,0.0,0.1,0.0
III,Nueva Ecija,Science City of Muñoz,2022-05-03,Seedling,0.0,0.2,0.15
III,Nueva Ecija,Science City of Muñoz,2022-05-04,Seedling,0.0,0.06,0.17
III,Nueva Ecija,Science City of Muñoz,2022-05-05,Seedling,0.0,0.0,0.26
III,Nueva Ecija,Science City of Muñoz,2022-05-06,Seedling,0.0,0.0,0.11
III,Nueva Ecija,Science City of Muñoz,2022-05-07,Seedling  ,0.0,0.04,0.0
III,Nueva Ecija,Science City of Muñoz,2022-05-08,Seedling,0.0,0.15,0.11
III,Nueva Ecija,Science City of Muñoz,2022-05-09,Seedling,0.0,0.04,0.0
III,Nueva Ecija,Science City of Muñoz,2022-05-10,Seedling,1.0,0.05,0.05
III,Nueva Ecija,Science City of Muñoz,2022-05-11,Seedling,0.0,0.18,0.09
III,Nueva Ecija,Science City of Muñoz,2022-05-12,Seedling,0.0,0.23,0.09
III,Nueva Ecija,Science City of Muñoz,2022-05-13,Seedling,0.0,0.05,0.07
III,Nueva Ecija,Science City of Muñoz,2022-05-14,Seedling,0.0,0.08,0.15
III,Nueva Ecija,Science City of Muñoz,2022-05-15,Seedling,0.0,0.02,0.12
III,Nueva Ecija,Science City of Muñoz,2022-05-16,Seedling,0.0,0.0,0.1
III,Nueva Ecija,Science City of Muñoz,2022-05-17,Seedling,0.0,0.08,0.06
III,Nueva Ecija,Science City of Muñoz,2022-05-18,Seedling,0.0,0.15,0.0
III,Nueva Ecija,Science City of Muñoz,2022-05-19,Seedling,0.0,0.1,0.0
III,Nueva Ecija,Science City of Muñoz,2022-05-20,Seedling,0.0,0.07,0.01
III,Nueva Ecija,Science City of Muñoz,2022-05-21,Seedling,0.0,0.04,0.0
III,Nueva Ecija,Science City of Muñoz,2022-05-22,Seedling,0.0,0.1,0.02
III,Nueva Ecija,Science City of Muñoz,2022-05-23,Seedling,0.0,0.18,0.18
III,Nueva Ecija,Science City of Muñoz,2022-05-24,Seedling,0.0,0.23,0.12
III,Nueva Ecija,Science City of Muñoz,2022-05-25,Seedling,0.0,0.11,0.0
III,Nueva Ecija,Science City of Muñoz,2022-05-26,Seedling,0.0,0.18,0.08
III,Nueva Ecija,Science City of Muñoz,2022-05-27,Seedling,0.0,0.06,0.0
III,Nueva Ecija,Science City of Muñoz,2022-05-28,Seedling,0.0,0.13,0.19
III,Nueva Ecija,Science City of Muñoz,2022-05-29,Seedling,6.0,1.15,0.19
III,Nueva Ecija,Science City of Muñoz,2022-05-30,Seedling,7.0,0.52,0.08
III,Nueva Ecija,Science City of Muñoz,2022-05-31,Seedling,11.0,1.96,0.02
III,Nueva Ecija,Science City of Muñoz,2022-06-01,Seedling,9.0,2.43,0.03
III,Nueva Ecija,Science City of Muñoz,2022-06-02,Seedling,5.0,2.24,0.3
III,Nueva Ecija,Science City of Muñoz,2022-06-03,Seedling,12.0,2.22,0.0
III,Nueva Ecija,Science City of Muñoz,2022-06-04,Seedling,22.0,2.28,0.01
III,Nueva Ecija,Science City of Muñoz,2022-06-05,Seedling,13.0,2.29,0.09
III,Nueva Ecija,Science City of Muñoz,2022-06-06,Seedling,15.0,1.46,0.15
III,Nueva Ecija,Science City of Muñoz,2022-06-07,Seedling,14.0,0.78,0.2
III,Nueva Ecija,Science City of Muñoz,2022-06-08,Seedling,13.0,2.02,0.04
III,Nueva Ecija,Science City of Muñoz,2022-06-09,Seedling,18.0,0.96,0.23
III,Nueva Ecija,Science City of Muñoz,2022-06-10,Seedling,14.0,0.75,0.1
III,Nueva Ecija,Science City of Muñoz,2022-06-11,Seedling,16.0,0.97,0.0
III,Nueva Ecija,Science City of Muñoz,2022-06-12,Seedling,7.0,1.41,0.05
III,Nueva Ecija,Science City of Muñoz,2022-06-13,Seedling,16.0,1.67,0.11
III,Nueva Ecija,Science City of Muñoz,2022-06-14,Tillering,21.0,0.67,0.19
III,Nueva Ecija,Science City of Muñoz,2022-06-15,Tillering,21.0,1.56,0.06
III,Nueva Ecija,Science City of Muñoz,2022-06-16,Tillering,10.0,0.61,0.13
III,Nueva Ecija,Science City of Muñoz,2022-06-17,Tillering,6.0,0.42,0.13
III,Nueva Ecija,Science City of Muñoz,2022-06-18,Tillering,5.0,0.0,0.07
III,Nueva Ecija,Science City of Muñoz,2022-06-19,Tillering,1.0,0.0,0.11
III,Nueva Ecija,Science City of Muñoz,2022-06-20,Tillering,1.0,0.8,0.13
III,Nueva Ecija,Science City of Muñoz,2022-06-21,Tillering,3.0,0.98,0.11
III,Nueva Ecija,Science City of Muñoz,2022-06-22,Tillering,0.0,2.08,0.05
III,Nueva Ecija,Science City of Muñoz,2022-06-23,Tillering,1.0,0.76,0.0
III,Nueva Ecija,Science City of Muñoz,2022-06-24,Tillering,1.0,0.83,0.0
III,Nueva Ecija,Science City of Muñoz,2022-06-25,Tillering,5.0,1.42,0.0
III,Nueva Ecija,Science City of Muñoz,2022-06-26,Tillering,5.0,1.8,0.05
III,Nueva Ecija,Science City of Muñoz,2022-06-27,Tillering,2.0,0.75,0.0
III,Nueva Ecija,Science City of Muñoz,2022-06-28,Tillering,1.0,2.0,0.0
III,Nueva Ecija,Science City of Muñoz,2022-06-29,Tillering,2.0,2.14,0.14
III,Nueva Ecija,Science City of Muñoz,2022-06-30,Tillering,2.0,1.88,0.07
III,Nueva Ecija,Science City of Muñoz,2022-07-01,Tillering,1.0,1.64,0.06
III,Nueva Ecija,Science City of Muñoz,2022-07-02,Tillering,2.0,3.95,0.15
III,Nueva Ecija,Science City of Muñoz,2022-07-03,Tillering,3.0,3.15,0.1
III,Nueva Ecija,Science City of Muñoz,2022-07-04,Tillering,5.0,2.15,0.18
III,Nueva Ecija,Science City of Muñoz,2022-07-05,Tillering,0.0,1.32,0.11
III,Nueva Ecija,Science City of Muñoz,2022-07-06,Tillering,2.0,1.65,0.16
III,Nueva Ecija,Science City of Muñoz,2022-07-07,Tillering,2.0,2.54,0.01
III,Nueva Ecija,Science City of Muñoz,2022-07-08,Tillering,5.0,0.99,0.05
III,Nueva Ecija,Science City of Muñoz,2022-07-09,Elongation,5.0,2.71,0.15
III,Nueva Ecija,Science City of Muñoz,2022-07-10,Elongation,0.0,2.11,0.09
III,Nueva Ecija,Science City of Muñoz,2022-07-11,Elongation,6.0,1.94,0.05
III,Nueva Ecija,Science City of Muñoz,2022-07-12,Elongation,6.0,1.49,0.05
III,Nueva Ecija,Science City of Muñoz,2022-07-13,Elongation,10.0,0.56,0.0
III,Nueva Ecija,Science City of Muñoz,2022-07-14,Elongation,21.0,1.47,0.02
III,Nueva Ecija,Science City of Muñoz,2022-07-15,Elongation,23.0,2.21,0.0
III,Nueva Ecija,Science City of Muñoz,2022-07-16,Elongation,23.0,0.81,0.0
III,Nueva Ecija,Science City of Muñoz,2022-07-17,Elongation,24.0,0.79,0.17
III,Nueva Ecija,Science City of Muñoz,2022-07-18,Elongation,26.0,0.88,0.11
III,Nueva Ecija,Science City of Muñoz,2022-07-19,Elongation,22.0,0.67,0.12
III,Nueva Ecija,Science City of Muñoz,2022-07-20,Elongation,17.0,1.05,0.28
III,Nueva Ecija,Science City of Muñoz,2022-07-21,Elongation,25.0,1.0,0.01
III,Nueva Ecija,Science City of Muñoz,2022-07-22,Elongation,22.0,0.0,0.05
III,Nueva Ecija,Science City of Muñoz,2022-07-23,Elongation,27.0,0.41,0.08
III,Nueva Ecija,Science City of Muñoz,2022-07-24,Elongation,40.0,1.34,0.21
III,Nueva Ecija,Science City of Muñoz,2022-07-25,Elongation,32.0,0.44,0.0
III,Nueva Ecija,Science City of Muñoz,2022-07-26,Elongation,21.0,0.85,0.06
III,Nueva Ecija,Science City of Muñoz,2022-07-27,Elongation,21.0,1.33,0.02
III,Nueva Ecija,Science City of Muñoz,2022-07-28,Elongation,24.0,1.98,0.05
III,Nueva Ecija,Science City of Muñoz,2022-07-29,Panicle,10.0,0.1,3.25
III,Nueva Ecija,Science City of Muñoz,2022-07-30,Panicle,12.0,0.02,4.55
III,Nueva Ecija,Science City of Muñoz,2022-07-31,Panicle,12.0,0.3,8.0
III,Nueva Ecija,Science City of Muñoz,2022-08-01,Panicle,24.0,0.26,6.53
III,Nueva Ecija,Science City of Muñoz,2022-08-02,Panicle,13.0,0.11,7.55
III,Nueva Ecija,Science City of Muñoz,2022-08-03,Panicle,12.0,0.11,7.95
III,Nueva Ecija,Science City of Muñoz,2022-08-04,Panicle,18.0,0.11,8.88
III,Nueva Ecija,Science City of Muñoz,2022-08-05,Panicle,13.0,0.02,8.21
III,Nueva Ecija,Science City of Muñoz,2022-08-06,Panicle,13.0,0.1,6.17
III,Nueva Ecija,Science City of Muñoz,2022-08-07,Panicle,7.0,0.13,6.0
III,Nueva Ecija,Science City of Muñoz,2022-08-08,Panicle,9.0,0.02,3.42
III,Nueva Ecija,Science City of Muñoz,2022-08-09,Panicle,6.0,0.11,3.8
III,Nueva Ecija,Science City of Muñoz,2022-08-10,Panicle,3.0,0.1,1.08
III,Nueva Ecija,Science City of Muñoz,2022-08-11,Panicle,3.0,0.04,1.78
III,Nueva Ecija,Science City of Muñoz,2022-08-12,Panicle,0.0,0.05,0.61
III,Nueva Ecija,Science City of Muñoz,2022-08-13,Panicle,2.0,0.06,2.97
III,Nueva Ecija,Science City of Muñoz,2022-08-14,Flowering,0.0,0.13,0.0
III,Nueva Ecija,Science City of Muñoz,2022-08-15,Flowering,0.0,0.18,1.07
III,Nueva Ecija,Science City of Muñoz,2022-08-16,Flowering,0.0,0.19,0.0
III,Nueva Ecija,Science City of Muñoz,2022-08-17,Flowering,1.0,0.18,2.8
III,Nueva Ecija,Science City of Muñoz,2022-08-18,Flowering,1.0,0.01,2.85
III,Nueva Ecija,Science City of Muñoz,2022-08-19,Flowering,4.0,0.08,2.87
III,Nueva Ecija,Science City of Muñoz,2022-08-20,Flowering,1.0,0.06,2.85
III,Nueva Ecija,Science City of Muñoz,2022-08-21,Flowering,0.0,0.09,2.87
III,Nueva Ecija,Science City of Muñoz,2022-08-22,Flowering,0.0,0.12,2.77
III,Nueva Ecija,Science City of Muñoz,2022-08-23,Flowering,2.0,0.2,3.53
III,Nueva Ecija,Science City of Muñoz,2022-08-24,Flowering,1.0,0.09,2.91
III,Nueva Ecija,Science City of Muñoz,2022-08-25,Flowering,0.0,0.14,3.37
III,Nueva Ecija,Science City of Muñoz,2022-08-26,Flowering,0.0,0.2,4.49
III,Nueva Ecija,Science City of Muñoz,2022-08-27,Flowering,0.0,0.13,4.36
III,Nueva Ecija,Science City of Muñoz,2022-08-28,Flowering,2.0,0.03,5.09
III,Nueva Ecija,Science City of Muñoz,2022-08-29,Ripening,0.0,0.18,4.46
III,Nueva Ecija,Science City of Muñoz,2022-08-30,Ripening,1.0,0.09,2.63
III,Nueva Ecija,Science City of Muñoz,2022-08-31,Ripening,1.0,0.07,1.73
III,Nueva Ecija,Science City of Muñoz,2022-09-01,Ripening,2.0,0.07,0.92
III,Nueva Ecija,Science City of Muñoz,2022-09-02,Ripening,0.0,0.21,0.0
III,Nueva Ecija,Science City of Muñoz,2022-09-03,Ripening,2.0,0.0,1.52
III,Nueva Ecija,Science City of Muñoz,2022-09-04,Ripening,0.0,0.11,0.57
III,Nueva Ecija,Science City of Muñoz,2022-09-05,Ripening,1.0,0.15,0.56
III,Nueva Ecija,Science City of Muñoz,2022-09-06,Ripening,2.0,0.17,0.73
III,Nueva Ecija,Science City of Muñoz,2022-09-07,Ripening,0.0,0.22,0.0
III,Nueva Ecija,Science City of Muñoz,2022-09-08,Ripening,2.0,0.05,0.91
III,Nueva Ecija,Science City of Muñoz,2022-09-09,Ripening,4.0,0.0,0.86
III,Nueva Ecija,Science City of Muñoz,2022-09-10,Ripening,3.0,0.1,0.58
III,Nueva Ecija,Science City of Muñoz,2022-09-11,Ripening,8.0,0.14,1.2
III,Nueva Ecija,Science City of Muñoz,2022-09-12,Ripening,2.0,0.14,0.12
III,Nueva Ecija,Science City of Muñoz,2022-09-13,Ripening,7.0,0.0,0.0
III,Nueva Ecija,Science City of Muñoz,2022-09-14,Ripening,5.0,0.07,1.55
III,Nueva Ecija,Science City of Muñoz,2022-09-15,Ripening,7.0,0.1,0.67
III,Nueva Ecija,Science City of Muñoz,2022-09-16,Ripening,5.0,0.2,1.79
III,Nueva Ecija,Science City of Muñoz,2022-09-17,Ripening,5.0,0.0,2.09
III,Nueva Ecija,Science City of Muñoz,2022-09-18,Ripening,7.0,0.09,0.53
III,Nueva Ecija,Science City of Muñoz,2022-09-19,Ripening,2.0,0.11,0.29
III,Nueva Ecija,Science City of Muñoz,2022-09-20,Ripening,5.0,0.17,0.57
III,Nueva Ecija,Science City of Muñoz,2022-09-21,Ripening,6.0,0.13,0.86
III,Nueva Ecija,Science City of Muñoz,2022-09-22,Ripening,2.0,0.04,0.9
III,Nueva Ecija,Science City of Muñoz,2022-09-23,Ripening,0.0,0.12,0.06
III,Nueva Ecija,Science City of Muñoz,2022-09-24,Ripening,0.0,0.19,0.13
III,Nueva Ecija,Science City of Muñoz,2022-09-25,Ripening,0.0,0.14,0.08
III,Nueva Ecija,Science City of Muñoz,2022-09-26,Ripening,1.0,0.01,0.0
III,Nueva Ecija,Science City of Muñoz,2022-09-27,Ripening,1.0,0.0,0.24
III,Nueva Ecija,Science City of Muñoz,2022-09-28,Ripening,0.0,0.07,0.06
III,Nueva Ecija,Science City of Muñoz,2022-09-29,Ripening,0.0,0.1,0.11
III,Nueva Ecija,Science City of Muñoz,2022-09-30,Ripening,0.0,0.09,0.11
III,Nueva Ecija,Science City of Muñoz,2022-10-01,Ripening,0.0,0.07,0.07
III,Nueva Ecija,Science City of Muñoz,2022-10-02,Ripening,0.0,0.12,0.0
III,Nueva Ecija,Science City of Muñoz,2022-10-03,Ripening,0.0,0.26,0.01
III,Nueva Ecija,Science City of Muñoz,2022-10-04,Ripening,0.0,0.03,0.0
III,Nueva Ecija,Science City of Muñoz,2022-10-05,Ripening,1.0,0.02,0.08
III,Nueva Ecija,Science City of Muñoz,2022-10-06,Ripening,0.0,0.14,0.14
III,Nueva Ecija,Science City of Muñoz,2022-10-07,Ripening,0.0,0.1,0.06
III,Nueva Ecija,Science City of Muñoz,2022-10-08,Ripening,0.0,0.07,0.12
III,Nueva Ecija,Science City of Muñoz,2022-10-09,Ripening,0.0,0.23,0.19
III,Nueva Ecija,Science City of Muñoz,2022-10-10,Ripening,0.0,0.13,0.11
III,Nueva Ecija,Science City of Muñoz,2022-10-11,Ripening,0.0,0.11,0.0
III,Nueva Ecija,Science City of Muñoz,2022-10-12,Ripening,0.0,0.17,0.12
III,Nueva Ecija,Science City of Muñoz,2022-10-13,Ripening,0.0,0.17,0.07
III,Nueva Ecija,Science City of Muñoz,2022-10-14,Ripening,0.0,0.01,0.06
III,Nueva Ecija,Science City of Muñoz,2022-10-15,Ripening,0.0,0.0,0.01
III,Nueva Ecija,Science City of Muñoz,2022-10-16,Ripening,0.0,0.09,0.16
III,Nueva Ecija,Science City of Muñoz,2022-10-17,Ripening,0.0,0.0,0.08
III,Nueva Ecija,Science City of Muñoz,2022-10-18,Ripening,0.0,0.08,0.07
III,Nueva Ecija,Science City of Muñoz,2022-10-19,Ripening,0.0,0.06,0.04
III,Nueva Ecija,Science City of Muñoz,2022-10-20,Ripening,0.0,0.04,0.11
III,Nueva Ecija,Science City of Muñoz,2022-10-21,Ripening,0.0,0.0,0.0
III,Nueva Ecija,Science City of Muñoz,2022-10-22,Ripening,0.0,0.19,0.09
III,Nueva Ecija,Science City of Muñoz,2022-10-23,Ripening,0.0,0.11,0.05
III,Nueva Ecija,Science City of Muñoz,2022-10-24,Ripening,0.0,0.19,0.03
III,Nueva Ecija,Science City of Muñoz,2022-10-25,Ripening,0.0,0.07,0.0
III,Nueva Ecija,Science City of Muñoz,2022-10-26,Ripening,0.0,0.02,0.03
III,Nueva Ecija,Science City of Muñoz,2022-10-27,Ripening,0.0,0.08,0.08
III,Nueva Ecija,Science City of Muñoz,2022-10-28,Ripening,0.0,0.05,0.13
III,Nueva Ecija,Science City of Muñoz,2022-10-29,Ripening,0.0,0.0,0.09
III,Nueva Ecija,Science City of Muñoz,2022-10-30,Ripening,0.0,0.0,0.02
III,Nueva Ecija,Science City of Muñoz,2022-10-31,Seedling,0.0,0.25,0.0
III,Nueva Ecija,Science City of Muñoz,2022-11-01,Seedling,0.0,0.0,0.0
III,Nueva Ecija,Science City of Muñoz,2022-11-02,Seedling,0.0,0.16,0.12
III,Nueva Ecija,Science City of Muñoz,2022-11-03,Seedling,0.0,0.14,0.0
III,Nueva Ecija,Science City of Muñoz,2022-11-04,Seedling,0.0,0.06,0.08
III,Nueva Ecija,Science City of Muñoz,2022-11-05,Seedling,0.0,0.0,0.08
III,Nueva Ecija,Science City of Muñoz,2022-11-06,Seedling,0.0,0.09,0.1
III,Nueva Ecija,Science City of Muñoz,2022-11-07,Seedling,0.0,0.15,0.18
III,Nueva Ecija,Science City of Muñoz,2022-11-08,Seedling,0.0,0.2,0.21
III,Nueva Ecija,Science City of Muñoz,2022-11-09,Seedling,0.0,0.02,0.13
III,Nueva Ecija,Science City of Muñoz,2022-11-10,Seedling,0.0,,0.0
III,Nueva Ecija,Science City of Muñoz,2022-11-11,Seedling,0.0,,0.0
III,Nueva Ecija,Science City of Muñoz,2022-11-12,Seedling,0.0,,0.14
III,Nueva Ecija,Science City of Muñoz,2022-11-13,Seedling,0.0,,0.24
III,Nueva Ecija,Science City of Muñoz,2022-11-14,Seedling,0.0,,0.19
III,Nueva Ecija,Science City of Muñoz,2022-11-15,Seedling,0.0,0.09,0.02
III,Nueva Ecija,Science City of Muñoz,2022-11-16,Seedling,0.0,0.02,0.09
III,Nueva Ecija,Science City of Muñoz,2022-11-17,Seedling,0.0,0.06,0.03
III,Nueva Ecija,Science City of Muñoz,2022-11-18,Seedling,0.0,0.08,0.03
III,Nueva Ecija,Science City of Muñoz,2022-11-19,Seedling,0.0,0.17,0.09
III,Nueva Ecija,Science City of Muñoz,2022-11-20,Seedling,0.0,0.11,0.0
III,Nueva Ecija,Science City of Muñoz,2022-11-21,Seedling,0.0,0.12,0.07
III,Nueva Ecija,Science City of Muñoz,2022-11-22,Seedling,1.0,0.0,0.05
III,Nueva Ecija,Science City of Muñoz,2022-11-23,Seedling,0.0,0.0,0.0
III,Nueva Ecija,Science City of Muñoz,2022-11-24,Seedling,0.0,0.12,0.11
III,Nueva Ecija,Science City of Muñoz,2022-11-25,Seedling,0.0,0.05,0.08
III,Nueva Ecija,Science City of Muñoz,2022-11-26,Seedling,0.0,0.01,0.0
III,Nueva Ecija,Science City of Muñoz,2022-11-27,Seedling,0.0,0.06,0.04
III,Nueva Ecija,Science City of Muñoz,2022-11-28,Seedling,0.0,0.06,0.05
III,Nueva Ecija,Science City of Muñoz,2022-11-29,Seedling,0.0,0.25,0.02
III,Nueva Ecija,Science City of Muñoz,2022-11-30,Seedling,0.0,0.07,0.04
III,Nueva Ecija,Science City of Muñoz,2022-12-01,Seedling,0.0,0.06,0.09
III,Nueva Ecija,Science City of Muñoz,2022-12-02,Seedling,0.0,0.2,0.13
III,Nueva Ecija,Science City of Muñoz,2022-12-03,Seedling,0.0,0.1,0.01
III,Nueva Ecija,Science City of Muñoz,2022-12-04,Seedling,0.0,0.0,0.09
III,Nueva Ecija,Science City of Muñoz,2022-12-05,Seedling,0.0,0.16,0.08
III,Nueva Ecija,Science City of Muñoz,2022-12-06,Seedling,0.0,0.09,0.09
III,Nueva Ecija,Science City of Muñoz,2022-12-07,Seedling,0.0,0.14,0.0
III,Nueva Ecija,Science City of Muñoz,2022-12-08,Seedling,0.0,1.64,0.04
III,Nueva Ecija,Science City of Muñoz,2022-12-09,Seedling,0.0,2.13,0.13
III,Nueva Ecija,Science City of Muñoz,2022-12-10,Seedling,0.0,2.66,0.19
III,Nueva Ecija,Science City of Muñoz,2022-12-11,Seedling,2.0,2.56,0.03
III,Nueva Ecija,Science City of Muñoz,2022-12-12,Seedling,2.0,2.6,0.05
III,Nueva Ecija,Science City of Muñoz,2022-12-13,Seedling,1.0,3.02,0.0
III,Nueva Ecija,Science City of Muñoz,2022-12-14,Seedling,1.0,2.94,0.27
III,Nueva Ecija,Science City of Muñoz,2022-12-15,Seedling,0.0,3.12,0.13
III,Nueva Ecija,Science City of Muñoz,2022-12-16,Seedling,1.0,2.49,0.13
III,Nueva Ecija,Science City of Muñoz,2022-12-17,Seedling,0.0,1.86,0.17
III,Nueva Ecija,Science City of Muñoz,2022-12-18,Seedling,0.0,2.11,0.11
III,Nueva Ecija,Science City of Muñoz,2022-12-19,Seedling,0.0,1.37,0.13
III,Nueva Ecija,Science City of Muñoz,2022-12-20,Seedling,0.0,1.34,0.0
III,Nueva Ecija,Science City of Muñoz,2022-12-21,Seedling,2.0,0.46,0.12
III,Nueva Ecija,Science City of Muñoz,2022-12-22,Seedling,2.0,0.0,0.11
III,Nueva Ecija,Science City of Muñoz,2022-12-23,Tillering,2.0,0.73,0.0
III,Nueva Ecija,Science City of Muñoz,2022-12-24,Tillering,,1.41,0.02
III,Nueva Ecija,Science City of Muñoz,2022-12-25,Tillering,,0.0,0.03
III,Nueva Ecija,Science City of Muñoz,2022-12-26,Tillering,,0.68,0.07
III,Nueva Ecija,Science City of Muñoz,2022-12-27,Tillering,,0.94,0.11
III,Nueva Ecija,Science City of Muñoz,2022-12-28,Tillering,0.0,0.5,0.07
III,Nueva Ecija,Science City of Muñoz,2022-12-29,Tillering,4.0,0.22,0.04
III,Nueva Ecija,Science City of Muñoz,2022-12-30,Tillering,0.0,0.58,0.02
III,Nueva Ecija,Science City of Muñoz,2022-12-31,Tillering,3.0,0.55,0.0
III,Nueva Ecija,Science City of Muñoz,2023-01-01,Tillering,3.0,0.0,0.04
III,Nueva Ecija,Science City of Muñoz,2023-01-02,Tillering,2.0,0.0,0.21
III,Nueva Ecija,Science City of Muñoz,2023-01-03,Tillering,1.0,0.18,0.06
III,Nueva Ecija,Science City of Muñoz,2023-01-04,Tillering,2.0,0.0,0.17
III,Nueva Ecija,Science City of Muñoz,2023-01-05,Tillering,4.0,0.88,0.13
III,Nueva Ecija,Science City of Muñoz,2023-01-06,Tillering,1.0,0.2,0.0
III,Nueva Ecija,Science City of Muñoz,2023-01-07,Tillering,3.0,0.0,0.17
III,Nueva Ecija,Science City of Muñoz,2023-01-08,Tillering,1.0,0.72,0.15
III,Nueva Ecija,Science City of Muñoz,2023-01-09,Tillering,1.0,0.74,0.1
III,Nueva Ecija,Science City of Muñoz,2023-01-10,Tillering,5.0,0.42,0.01
III,Nueva Ecija,Science City of Muñoz,2023-01-11,Tillering,2.0,0.66,0.03
III,Nueva Ecija,Science City of Muñoz,2023-01-12,Tillering,0.0,1.4,0.12
III,Nueva Ecija,Science City of Muñoz,2023-01-13,Tillering,2.0,0.44,0.08
III,Nueva Ecija,Science City of Muñoz,2023-01-14,Tillering,1.0,1.26,0.25
III,Nueva Ecija,Science City of Muñoz,2023-01-15,Tillering,1.0,1.95,0.16
III,Nueva Ecija,Science City of Muñoz,2023-01-16,Tillering,2.0,2.9,0.0
III,Nueva Ecija,Science City of Muñoz,2023-01-17,Elongation,0.0,6.98,0.2
III,Nueva Ecija,Science City of Muñoz,2023-01-18,Elongation,3.0,5.67,0.04
III,Nueva Ecija,Science City of Muñoz,2023-01-19,Elongation,3.0,5.03,0.0
III,Nueva Ecija,Science City of Muñoz,2023-01-20,Elongation,0.0,4.93,0.0
III,Nueva Ecija,Science City of Muñoz,2023-01-21,Elongation,2.0,4.49,0.0
III,Nueva Ecija,Science City of Muñoz,2023-01-22,Elongation,0.0,3.49,0.23
III,Nueva Ecija,Science City of Muñoz,2023-01-23,Elongation,2.0,3.88,0.08
III,Nueva Ecija,Science City of Muñoz,2023-01-24,Elongation,1.0,4.11,0.13
III,Nueva Ecija,Science City of Muñoz,2023-01-25,Elongation,4.0,3.53,0.21
III,Nueva Ecija,Science City of Muñoz,2023-01-26,Elongation,0.0,3.02,0.0
III,Nueva Ecija,Science City of Muñoz,2023-01-27,Elongation,4.0,2.74,0.06
III,Nueva Ecija,Science City of Muñoz,2023-01-28,Elongation,4.0,1.34,0.19
III,Nueva Ecija,Science City of Muñoz,2023-01-29,Elongation,1.0,0.47,0.02
III,Nueva Ecija,Science City of Muñoz,2023-01-30,Elongation,1.0,1.63,0.12
III,Nueva Ecija,Science City of Muñoz,2023-01-31,Elongation,1.0,1.58,0.13
III,Nueva Ecija,Science City of Muñoz,2023-02-01,Elongation,0.0,0.1,0.11
III,Nueva Ecija,Science City of Muñoz,2023-02-02,Elongation,2.0,0.69,0.13
III,Nueva Ecija,Science City of Muñoz,2023-02-03,Elongation,0.0,1.24,0.16
III,Nueva Ecija,Science City of Muñoz,2023-02-04,Elongation,0.0,1.45,0.09
III,Nueva Ecija,Science City of Muñoz,2023-02-05,Panicle,1.0,0.11,0.0
III,Nueva Ecija,Science City of Muñoz,2023-02-06,Panicle,1.0,0.14,0.24
III,Nueva Ecija,Science City of Muñoz,2023-02-07,Panicle,1.0,0.07,0.81
III,Nueva Ecija,Science City of Muñoz,2023-02-08,Panicle,0.0,0.0,1.08
III,Nueva Ecija,Science City of Muñoz,2023-02-09,Panicle,0.0,0.0,0.86
III,Nueva Ecija,Science City of Muñoz,2023-02-10,Panicle,1.0,0.0,1.79
III,Nueva Ecija,Science City of Muñoz,2023-02-11,Panicle,1.0,0.16,0.65
III,Nueva Ecija,Science City of Muñoz,2023-02-12,Panicle,2.0,0.06,0.35
III,Nueva Ecija,Science City of Muñoz,2023-02-13,Panicle,2.0,0.2,0.41
III,Nueva Ecija,Science City of Muñoz,2023-02-14,Panicle,2.0,0.08,0.03
III,Nueva Ecija,Science City of Muñoz,2023-02-15,Panicle,1.0,0.21,0.52
III,Nueva Ecija,Science City of Muñoz,2023-02-16,Panicle,1.0,0.09,1.93
III,Nueva Ecija,Science City of Muñoz,2023-02-17,Panicle,0.0,0.09,1.55
III,Nueva Ecija,Science City of Muñoz,2023-02-18,Panicle,3.0,0.13,0.42
III,Nueva Ecija,Science City of Muñoz,2023-02-19,Flowering,1.0,0.12,0.26
III,Nueva Ecija,Science City of Muñoz,2023-02-20,Flowering,1.0,0.09,0.65
III,Nueva Ecija,Science City of Muñoz,2023-02-21,Flowering,1.0,0.03,1.02
III,Nueva Ecija,Science City of Muñoz,2023-02-22,Flowering,2.0,0.01,0.68
III,Nueva Ecija,Science City of Muñoz,2023-02-23,Flowering,1.0,0.16,0.7
III,Nueva Ecija,Science City of Muñoz,2023-02-24,Flowering,0.0,0.12,0.0
III,Nueva Ecija,Science City of Muñoz,2023-02-25,Flowering,2.0,0.06,0.48
III,Nueva Ecija,Science City of Muñoz,2023-02-26,Flowering,0.0,0.11,0.77
III,Nueva Ecija,Science City of Muñoz,2023-02-27,Flowering,0.0,0.0,0.0
III,Nueva Ecija,Science City of Muñoz,2023-02-28,Flowering,2.0,0.13,0.0
III,Nueva Ecija,Science City of Muñoz,2023-03-01,Flowering,2.0,0.1,1.35
III,Nueva Ecija,Science City of Muñoz,2023-03-02,Flowering,1.0,0.03,0.0
III,Nueva Ecija,Science City of Muñoz,2023-03-03,Flowering,2.0,0.1,0.21
III,Nueva Ecija,Science City of Muñoz,2023-03-04,Flowering,0.0,0.09,0.0
III,Nueva Ecija,Science City of Muñoz,2023-03-05,Flowering,1.0,0.0,0.93
III,Nueva Ecija,Science City of Muñoz,2023-03-06,Ripening,1.0,0.0,0.86
III,Nueva Ecija,Science City of Muñoz,2023-03-07,Ripening,1.0,0.09,0.97
III,Nueva Ecija,Science City of Muñoz,2023-03-08,Ripening,1.0,0.22,0.82
III,Nueva Ecija,Science City of Muñoz,2023-03-09,Ripening,,0.07,1.75
III,Nueva Ecija,Science City of Muñoz,2023-03-10,Ripening,,0.02,1.15
III,Nueva Ecija,Science City of Muñoz,2023-03-11,Ripening,,0.01,0.73
III,Nueva Ecija,Science City of Muñoz,2023-03-12,Ripening,1.0,0.16,0.3
III,Nueva Ecija,Science City of Muñoz,2023-03-13,Ripening,1.0,0.07,1.05
III,Nueva Ecija,Science City of Muñoz,2023-03-14,Ripening,0.0,0.16,0.41
III,Nueva Ecija,Science City of Muñoz,2023-03-15,Ripening,1.0,0.0,0.69
III,Nueva Ecija,Science City of Muñoz,2023-03-16,Ripening,2.0,0.08,0.28
III,Nueva Ecija,Science City of Muñoz,2023-03-17,Ripening,0.0,0.07,0.82
III,Nueva Ecija,Science City of Muñoz,2023-03-18,Ripening,1.0,0.05,0.78
III,Nueva Ecija,Science City of Muñoz,2023-03-19,Ripening,3.0,0.0,0.04
III,Nueva Ecija,Science City of Muñoz,2023-03-20,Ripening,2.0,0.19,0.93
III,Nueva Ecija,Science City of Muñoz,2023-03-21,Ripening,4.0,0.04,0.82
III,Nueva Ecija,Science City of Muñoz,2023-03-22,Ripening,4.0,0.06,1.66
III,Nueva Ecija,Science City of Muñoz,2023-03-23,Ripening,5.0,0.15,0.25
III,Nueva Ecija,Science City of Muñoz,2023-03-24,Ripening,7.0,0.02,2.29
III,Nueva Ecija,Science City of Muñoz,2023-03-25,Ripening,2.0,0.14,0.77
III,Nueva Ecija,Science City of Muñoz,2023-03-26,Ripening,2.0,0.0,1.23
III,Nueva Ecija,Science City of Muñoz,2023-03-27,Ripening,3.0,0.1,0.49
III,Nueva Ecija,Science City of Muñoz,2023-03-28,Ripening,8.0,0.08,2.07
III,Nueva Ecija,Science City of Muñoz,2023-03-29,Ripening,6.0,0.09,0.44
III,Nueva Ecija,Science City of Muñoz,2023-03-30,Ripening,0.0,0.14,0.08
III,Nueva Ecija,Science City of Muñoz,2023-03-31,Ripening,1.0,0.0,0.2
III,Nueva Ecija,Science City of Muñoz,2023-04-01,Ripening,0.0,0.11,0.19
III,Nueva Ecija,Science City of Muñoz,2023-04-02,Ripening,0.0,0.0,0.14
III,Nueva Ecija,Science City of Muñoz,2023-04-03,Ripening,0.0,0.15,0.16
III,Nueva Ecija,Science City of Muñoz,2023-04-04,Ripening,0.0,0.21,0.1
III,Nueva Ecija,Science City of Muñoz,2023-04-05,Ripening,0.0,0.0,0.14
III,Nueva Ecija,Science City of Muñoz,2023-04-06,Ripening,0.0,0.05,0.12
III,Nueva Ecija,Science City of Muñoz,2023-04-07,Ripening,0.0,0.19,0.18
III,Nueva Ecija,Science City of Muñoz,2023-04-08,Ripening,0.0,0.19,0.0
III,Nueva Ecija,Science City of Muñoz,2023-04-09,Ripening,0.0,0.22,0.03
III,Nueva Ecija,Science City of Muñoz,2023-04-10,Ripening,0.0,0.04,0.06
III,Nueva Ecija,Science City of Muñoz,2023-04-11,Ripening,1.0,0.14,0.0
III,Nueva Ecija,Science City of Muñoz,2023-04-12,Ripening,0.0,0.13,0.04
III,Nueva Ecija,Science City of Muñoz,2023-04-13,Ripening,0.0,0.08,0.04
III,Nueva Ecija,Science City of Muñoz,2023-04-14,Ripening,0.0,0.05,0.06
III,Nueva Ecija,Science City of Muñoz,2023-04-15,Ripening,0.0,0.07,0.13
III,Nueva Ecija,Science City of Muñoz,2023-04-16,Ripening,0.0,0.15,0.04
III,Nueva Ecija,Science City of Muñoz,2023-04-17,Ripening,0.0,0.07,0.27
III,Nueva Ecija,Science City of Muñoz,2023-04-18,Ripening,0.0,0.07,0.05
III,Nueva Ecija,Science City of Muñoz,2023-04-19,Ripening,0.0,0.09,0.03
III,Nueva Ecija,Science City of Muñoz,2023-04-20,Ripening,0.0,0.15,0.04
III,Nueva Ecija,Science City of Muñoz,2023-04-21,Ripening,0.0,0.03,0.08
III,Nueva Ecija,Science City of Muñoz,2023-04-22,Ripening,0.0,0.04,0.05
III,Nueva Ecija,Science City of Muñoz,2023-04-23,Ripening,1.0,0.02,0.02
III,Nueva Ecija,Science City of Muñoz,2023-04-24,Ripening,0.0,0.15,0.0
III,Nueva Ecija,Science City of Muñoz,2023-04-25,Ripening,0.0,0.0,0.05
III,Nueva Ecija,Science City of Muñoz,2023-04-26,Ripening,0.0,0.06,0.05
III,Nueva Ecija,Science City of Muñoz,2023-04-27,Ripening,0.0,0.12,0.09
III,Nueva Ecija,Science City of Muñoz,2023-04-28,Ripening,0.0,0.14,0.18
III,Nueva Ecija,Science City of Muñoz,2023-04-29,Ripening,0.0,0.14,0.06
III,Nueva Ecija,Science City of Muñoz,2023-04-30,Ripening,0.0,0.17,0.07
III,Nueva Ecija,Science City of Muñoz,2023-05-01,Ripening,0.0,0.02,0.0
III,Nueva Ecija,Science City of Muñoz,2023-05-02,Seedling,0.0,0.15,0.09
III,Nueva Ecija,Science City of Muñoz,2023-05-03,Seedling,0.0,0.14,0.0
III,Nueva Ecija,Science City of Muñoz,2023-05-04,Seedling,0.0,0.16,0.14
III,Nueva Ecija,Science City of Muñoz,2023-05-05,Seedling,0.0,0.07,0.27
III,Nueva Ecija,Science City of Muñoz,2023-05-06,Seedling,0.0,0.07,0.0
III,Nueva Ecija,Science City of Muñoz,2023-05-07,Seedling,0.0,0.04,0.1
III,Nueva Ecija,Science City of Muñoz,2023-05-08,Seedling,0.0,0.01,0.1
III,Nueva Ecija,Science City of Muñoz,2023-05-09,Seedling,0.0,0.0,0.1
III,Nueva Ecija,Science City of Muñoz,2023-05-10,Seedling,0.0,0.24,0.0
III,Nueva Ecija,Science City of Muñoz,2023-05-11,Seedling,0.0,0.08,0.06
III,Nueva Ecija,Science City of Muñoz,2023-05-12,Seedling,0.0,0.22,
III,Nueva Ecija,Science City of Muñoz,2023-05-13,Seedling,0.0,0.16,
III,Nueva Ecija,Science City of Muñoz,2023-05-14,Seedling,0.0,0.02,
III,Nueva Ecija,Science City of Muñoz,2023-05-15,Seedling,0.0,0.06,0.22
III,Nueva Ecija,Science City of Muñoz,2023-05-16,Seedling,0.0,0.14,0.0
III,Nueva Ecija,Science City of Muñoz,2023-05-17,Seedling,0.0,0.09,0.05
III,Nueva Ecija,Science City of Muñoz,2023-05-18,Seedling,0.0,0.0,0.14
III,Nueva Ecija,Science City of Muñoz,2023-05-19,Seedling,0.0,0.1,0.1
III,Nueva Ecija,Science City of Muñoz,2023-05-20,Seedling,0.0,0.18,0.05
III,Nueva Ecija,Science City of Muñoz,2023-05-21,Seedling,0.0,0.0,0.05
III,Nueva Ecija,Science City of Muñoz,2023-05-22,Seedling,0.0,0.02,0.18
III,Nueva Ecija,Science City of Muñoz,2023-05-23,Seedling,0.0,0.15,0.01
III,Nueva Ecija,Science City of Muñoz,2023-05-24,Seedling,0.0,0.03,0.03
III,Nueva Ecija,Science City of Muñoz,2023-05-25,Seedling,0.0,0.0,0.15
III,Nueva Ecija,Science City of Muñoz,2023-05-26,Seedling,1.0,0.13,0.07
III,Nueva Ecija,Science City of Muñoz,2023-05-27,Seedling,0.0,0.04,0.0
III,Nueva Ecija,Science City of Muñoz,2023-05-28,Seedling,0.0,0.04,0.1
III,Nueva Ecija,Science City of Muñoz,2023-05-29,Seedling,0.0,0.05,0.14
III,Nueva Ecija,Science City of Muñoz,2023-05-30,Seedling,0.0,0.05,0.0
III,Nueva Ecija,Science City of Muñoz,2023-05-31,Seedling,0.0,0.2,0.06
III,Nueva Ecija,Science City of Muñoz,2023-06-01,Seedling,0.0,0.23,0.0
III,Nueva Ecija,Science City of Muñoz,2023-06-02,Seedling,0.0,0.14,0.09
III,Nueva Ecija,Science City of Muñoz,2023-06-03,Seedling,0.0,0.14,0.17
III,Nueva Ecija,Science City of Muñoz,2023-06-04,Seedling,0.0,0.19,0.09
III,Nueva Ecija,Science City of Muñoz,2023-06-05,Seedling,15.0,3.3,0.02
III,Nueva Ecija,Science City of Muñoz,2023-06-06,Seedling,6.0,4.76,0.03
III,Nueva Ecija,Science City of Muñoz,2023-06-07,Seedling,7.0,3.91,0.08
III,Nueva Ecija,Science City of Muñoz,2023-06-08,Seedling,10.0,3.66,0.08
III,Nueva Ecija,Science City of Muñoz,2023-06-09,Seedling,9.0,3.45,0.0
III,Nueva Ecija,Science City of Muñoz,2023-06-10,Seedling,9.0,2.61,0.14
III,Nueva Ecija,Science City of Muñoz,2023-06-11,Seedling,6.0,2.84,0.04
III,Nueva Ecija,Science City of Muñoz,2023-06-12,Seedling,10.0,2.42,0.13
III,Nueva Ecija,Science City of Muñoz,2023-06-13,Seedling,11.0,1.84,0.02
III,Nueva Ecija,Science City of Muñoz,2023-06-14,Seedling,9.0,1.59,0.12
III,Nueva Ecija,Science City of Muñoz,2023-06-15,Seedling,10.0,1.5,0.09
III,Nueva Ecija,Science City of Muñoz,2023-06-16,Seedling,16.0,0.72,0.01
III,Nueva Ecija,Science City of Muñoz,2023-06-17,Seedling,9.0,0.15,0.05
III,Nueva Ecija,Science City of Muñoz,2023-06-18,Seedling,4.0,1.31,0.02
III,Nueva Ecija,Science City of Muñoz,2023-06-19,Seedling,10.0,1.01,0.03
III,Nueva Ecija,Science City of Muñoz,2023-06-20,Seedling,12.0,0.31,0.03
III,Nueva Ecija,Science City of Muñoz,2023-06-21,Tillering,17.0,0.52,0.15
III,Nueva Ecija,Science City of Muñoz,2023-06-22,Tillering,12.0,0.89,0.12
III,Nueva Ecija,Science City of Muñoz,2023-06-23,Tillering,13.0,0.48,0.16
III,Nueva Ecija,Science City of Muñoz,2023-06-24,Tillering,11.0,0.11,0.24
III,Nueva Ecija,Science City of Muñoz,2023-06-25,Tillering,15.0,0.6,0.02
III,Nueva Ecija,Science City of Muñoz,2023-06-26,Tillering,9.0,0.0,0.01
III,Nueva Ecija,Science City of Muñoz,2023-06-27,Tillering,8.0,0.92,0.16
III,Nueva Ecija,Science City of Muñoz,2023-06-28,Tillering,6.0,1.04,0.09
III,Nueva Ecija,Science City of Muñoz,2023-06-29,Tillering,2.0,0.43,0.17
III,Nueva Ecija,Science City of Muñoz,2023-06-30,Tillering,3.0,0.42,0.01
III,Nueva Ecija,Science City of Muñoz,2023-07-01,Tillering,1.0,0.9,0.06
III,Nueva Ecija,Science City of Muñoz,2023-07-02,Tillering,1.0,0.99,0.03
III,Nueva Ecija,Science City of Muñoz,2023-07-03,Tillering,3.0,1.86,0.07
III,Nueva Ecija,Science City of Muñoz,2023-07-04,Tillering,2.0,2.4,0.12
III,Nueva Ecija,Science City of Muñoz,2023-07-05,Tillering,3.0,1.04,0.0
III,Nueva Ecija,Science City of Muñoz,2023-07-06,Tillering,5.0,2.63,0.07
III,Nueva Ecija,Science City of Muñoz,2023-07-07,Tillering,5.0,2.61,0.13
III,Nueva Ecija,Science City of Muñoz,2023-07-08,Tillering,5.0,2.58,0.04
III,Nueva Ecija,Science City of Muñoz,2023-07-09,Tillering,3.0,0.85,
III,Nueva Ecija,Science City of Muñoz,2023-07-10,Tillering,2.0,2.09,
III,Nueva Ecija,Science City of Muñoz,2023-07-11,Tillering,3.0,1.72,
III,Nueva Ecija,Science City of Muñoz,2023-07-12,Tillering,4.0,0.73,
III,Nueva Ecija,Science City of Muñoz,2023-07-13,Tillering,7.0,0.49,0.08
III,Nueva Ecija,Science City of Muñoz,2023-07-14,Tillering,14.0,0.78,0.08
III,Nueva Ecija,Science City of Muñoz,2023-07-15,Tillering,23.0,1.7,0.09
III,Nueva Ecija,Science City of Muñoz,2023-07-16,Elongation,25.0,1.59,0.04
III,Nueva Ecija,Science City of Muñoz,2023-07-17,Elongation,15.0,1.9,0.02
III,Nueva Ecija,Science City of Muñoz,2023-07-18,Elongation,20.0,2.35,0.09
III,Nueva Ecija,Science City of Muñoz,2023-07-19,Elongation,17.0,2.05,0.16
III,Nueva Ecija,Science City of Muñoz,2023-07-20,Elongation,12.0,2.48,0.11
III,Nueva Ecija,Science City of Muñoz,2023-07-21,Elongation,23.0,1.78,0.02
III,Nueva Ecija,Science City of Muñoz,2023-07-22,Elongation,17.0,0.97,0.01
III,Nueva Ecija,Science City of Muñoz,2023-07-23,Elongation,29.0,0.86,0.0
III,Nueva Ecija,Science City of Muñoz,2023-07-24,Elongation,20.0,0.45,0.0
III,Nueva Ecija,Science City of Muñoz,2023-07-25,Elongation,18.0,0.44,0.08
III,Nueva Ecija,Science City of Muñoz,2023-07-26,Elongation,22.0,0.25,0.1
III,Nueva Ecija,Science City of Muñoz,2023-07-27,Elongation,18.0,0.99,0.01
III,Nueva Ecija,Science City of Muñoz,2023-07-28,Elongation,16.0,0.79,0.2
III,Nueva Ecija,Science City of Muñoz,2023-07-29,Elongation,7.0,0.92,0.07
III,Nueva Ecija,Science City of Muñoz,2023-07-30,Elongation,4.0,3.21,0.12
III,Nueva Ecija,Science City of Muñoz,2023-07-31,Elongation,2.0,1.36,0.0
III,Nueva Ecija,Science City of Muñoz,2023-08-01,Elongation,0.0,1.03,0.0
III,Nueva Ecija,Science City of Muñoz,2023-08-02,Elongation,4.0,0.95,0.17
III,Nueva Ecija,Science City of Muñoz,2023-08-03,Elongation,1.0,1.0,0.21
III,Nueva Ecija,Science City of Muñoz,2023-08-04,Elongation,5.0,1.33,0.14
III,Nueva Ecija,Science City of Muñoz,2023-08-05,Panicle,1.0,0.08,2.31
III,Nueva Ecija,Science City of Muñoz,2023-08-06,Panicle,3.0,0.07,2.67
III,Nueva Ecija,Science City of Muñoz,2023-08-07,Panicle,0.0,0.04,3.28
III,Nueva Ecija,Science City of Muñoz,2023-08-08,Panicle,2.0,0.12,4.37
III,Nueva Ecija,Science City of Muñoz,2023-08-09,Panicle,1.0,0.03,3.72
III,Nueva Ecija,Science City of Muñoz,2023-08-10,Panicle,1.0,0.02,3.12
III,Nueva Ecija,Science City of Muñoz,2023-08-11,Panicle,1.0,0.0,3.94
III,Nueva Ecija,Science City of Muñoz,2023-08-12,Panicle,2.0,0.21,2.41
III,Nueva Ecija,Science City of Muñoz,2023-08-13,Panicle,0.0,0.08,0.34
III,Nueva Ecija,Science City of Muñoz,2023-08-14,Panicle,3.0,0.01,2.17
III,Nueva Ecija,Science City of Muñoz,2023-08-15,Panicle,8.0,0.16,2.52
III,Nueva Ecija,Science City of Muñoz,2023-08-16,Panicle,10.0,0.0,2.65
III,Nueva Ecija,Science City of Muñoz,2023-08-17,Panicle,15.0,0.02,3.49
III,Nueva Ecija,Science City of Muñoz,2023-08-18,Panicle,11.0,0.08,2.23
III,Nueva Ecija,Science City of Muñoz,2023-08-19,Panicle,7.0,0.0,0.23
III,Nueva Ecija,Science City of Muñoz,2023-08-20,Panicle,22.0,0.18,0.88
III,Nueva Ecija,Science City of Muñoz,2023-08-21,Flowering,17.0,0.22,0.32
III,Nueva Ecija,Science City of Muñoz,2023-08-22,Flowering,16.0,0.09,0.59
III,Nueva Ecija,Science City of Muñoz,2023-08-23,Flowering,21.0,0.19,0.14
III,Nueva Ecija,Science City of Muñoz,2023-08-24,Flowering,15.0,0.14,1.3
III,Nueva Ecija,Science City of Muñoz,2023-08-25,Flowering,23.0,0.0,0.0
III,Nueva Ecija,Science City of Muñoz,2023-08-26,Flowering,19.0,0.14,0.96
III,Nueva Ecija,Science City of Muñoz,2023-08-27,Flowering,18.0,0.15,0.51
III,Nueva Ecija,Science City of Muñoz,2023-08-28,Flowering,14.0,0.05,0.41
III,Nueva Ecija,Science City of Muñoz,2023-08-29,Flowering,8.0,0.04,0.38
III,Nueva Ecija,Science City of Muñoz,2023-08-30,Flowering,7.0,0.0,0.03
III,Nueva Ecija,Science City of Muñoz,2023-08-31,Flowering,2.0,0.27,0.7
III,Nueva Ecija,Science City of Muñoz,2023-09-01,Flowering,6.0,0.1,0.0
III,Nueva Ecija,Science City of Muñoz,2023-09-02,Flowering,3.0,0.11,1.31
III,Nueva Ecija,Science City of Muñoz,2023-09-03,Flowering,7.0,0.16,0.0
III,Nueva Ecija,Science City of Muñoz,2023-09-04,Flowering,7.0,0.0,0.52
III,Nueva Ecija,Science City of Muñoz,2023-09-05,Ripening,3.0,0.07,0.98
III,Nueva Ecija,Science City of Muñoz,2023-09-06,Ripening,4.0,0.2,0.0
III,Nueva Ecija,Science City of Muñoz,2023-09-07,Ripening,1.0,0.07,0.15
III,Nueva Ecija,Science City of Muñoz,2023-09-08,Ripening,1.0,0.15,0.0
III,Nueva Ecija,Science City of Muñoz,2023-09-09,Ripening,2.0,0.1,1.25
III,Nueva Ecija,Science City of Muñoz,2023-09-10,Ripening,6.0,0.03,0.0
III,Nueva Ecija,Science City of Muñoz,2023-09-11,Ripening,2.0,0.0,0.38
III,Nueva Ecija,Science City of Muñoz,2023-09-12,Ripening,3.0,0.1,0.0
III,Nueva Ecija,Science City of Muñoz,2023-09-13,Ripening,4.0,0.15,0.0
III,Nueva Ecija,Science City of Muñoz,2023-09-14,Ripening,6.0,0.17,0.0
III,Nueva Ecija,Science City of Muñoz,2023-09-15,Ripening,8.0,0.2,0.0
III,Nueva Ecija,Science City of Muñoz,2023-09-16,Ripening,6.0,0.0,0.55
III,Nueva Ecija,Science City of Muñoz,2023-09-17,Ripening,10.0,0.07,1.19
III,Nueva Ecija,Science City of Muñoz,2023-09-18,Ripening,6.0,0.14,0.84
III,Nueva Ecija,Science City of Muñoz,2023-09-19,Ripening,5.0,0.08,0.21
III,Nueva Ecija,Science City of Muñoz,2023-09-20,Ripening,5.0,0.12,0.96
III,Nueva Ecija,Science City of Muñoz,2023-09-21,Ripening,4.0,0.1,1.53
III,Nueva Ecija,Science City of Muñoz,2023-09-22,Ripening,7.0,0.08,1.3
III,Nueva Ecija,Science City of Muñoz,2023-09-23,Ripening,8.0,0.09,1.62
III,Nueva Ecija,Science City of Muñoz,2023-09-24,Ripening,3.0,0.05,0.9
III,Nueva Ecija,Science City of Muñoz,2023-09-25,Ripening,7.0,0.1,1.01
III,Nueva Ecija,Science City of Muñoz,2023-09-26,Ripening,2.0,0.13,0.0
III,Nueva Ecija,Science City of Muñoz,2023-09-27,Ripening,3.0,0.1,0.0
III,Nueva Ecija,Science City of Muñoz,2023-09-28,Ripening,0.0,0.0,0.44
III,Nueva Ecija,Science City of Muñoz,2023-09-29,Ripening,0.0,0.05,0.5
III,Nueva Ecija,Science City of Muñoz,2023-09-30,Ripening,1.0,0.02,0.14
III,Nueva Ecija,Science City of Muñoz,2023-10-01,Ripening,0.0,0.09,0.15
III,Nueva Ecija,Science City of Muñoz,2023-10-02,Ripening,0.0,0.01,0.18
III,Nueva Ecija,Science City of Muñoz,2023-10-03,Ripening,0.0,0.1,0.03
III,Nueva Ecija,Science City of Muñoz,2023-10-04,Ripening,0.0,0.21,0.11
III,Nueva Ecija,Science City of Muñoz,2023-10-05,Ripening,0.0,0.1,0.0
III,Nueva Ecija,Science City of Muñoz,2023-10-06,Ripening,0.0,0.19,0.02
III,Nueva Ecija,Science City of Muñoz,2023-10-07,Ripening,0.0,0.13,0.0
III,Nueva Ecija,Science City of Muñoz,2023-10-08,Ripening,0.0,0.02,0.08
III,Nueva Ecija,Science City of Muñoz,2023-10-09,Ripening,0.0,0.01,0.0
III,Nueva Ecija,Science City of Muñoz,2023-10-10,Ripening,0.0,0.12,0.13
III,Nueva Ecija,Science City of Muñoz,2023-10-11,Ripening,0.0,0.15,0.11
III,Nueva Ecija,Science City of Muñoz,2023-10-12,Ripening,0.0,0.12,0.0
III,Nueva Ecija,Science City of Muñoz,2023-10-13,Ripening,0.0,0.06,0.14
III,Nueva Ecija,Science City of Muñoz,2023-10-14,Ripening,0.0,0.04,0.12
III,Nueva Ecija,Science City of Muñoz,2023-10-15,Ripening,0.0,0.01,0.08
III,Nueva Ecija,Science City of Muñoz,2023-10-16,Ripening,0.0,0.1,0.0
III,Nueva Ecija,Science City of Muñoz,2023-10-17,Ripening,0.0,0.0,0.14
III,Nueva Ecija,Science City of Muñoz,2023-10-18,Ripening,0.0,0.03,0.14
III,Nueva Ecija,Science City of Muñoz,2023-10-19,Ripening,0.0,0.13,0.11
III,Nueva Ecija,Science City of Muñoz,2023-10-20,Ripening,0.0,0.09,0.1
III,Nueva Ecija,Science City of Muñoz,2023-10-21,Ripening,0.0,,0.06
III,Nueva Ecija,Science City of Muñoz,2023-10-22,Ripening,0.0,,0.09
III,Nueva Ecija,Science City of Muñoz,2023-10-23,Ripening,0.0,0.01,0.15
III,Nueva Ecija,Science City of Muñoz,2023-10-24,Ripening,0.0,0.02,0.07
III,Nueva Ecija,Science City of Muñoz,2023-10-25,Ripening,0.0,0.16,0.23
III,Nueva Ecija,Science City of Muñoz,2023-10-26,Ripening,0.0,0.14,0.12
III,Nueva Ecija,Science City of Muñoz,2023-10-27,Ripening,0.0,0.13,0.16
III,Nueva Ecija,Science City of Muñoz,2023-10-28,Ripening,0.0,0.01,0.18
III,Nueva Ecija,Science City of Muñoz,2023-10-29,Ripening,0.0,0.06,0.16
III,Nueva Ecija,Science City of Muñoz,2023-10-30,Ripening,0.0,0.21,0.14
III,Nueva Ecija,Science City of Muñoz,2023-10-31,Ripening,0.0,0.11,0.0
III,Nueva Ecija,Science City of Muñoz,2023-11-01,Ripening,0.0,0.0,0.12
III,Nueva Ecija,Science City of Muñoz,2023-11-02,Ripening,0.0,0.0,0.07
III,Nueva Ecija,Science City of Muñoz,2023-11-03,Ripening,,0.18,0.0
III,Nueva Ecija,Science City of Muñoz,2023-11-04,Ripening,,0.0,0.11
III,Nueva Ecija,Science City of Muñoz,2023-11-05,Seedling,,0.09,0.05
III,Nueva Ecija,Science City of Muñoz,2023-11-06,Seedling,0.0,0.16,0.04
III,Nueva Ecija,Science City of Muñoz,2023-11-07,Seedling,0.0,0.04,0.0
III,Nueva Ecija,Science City of Muñoz,2023-11-08,Seedling,0.0,0.14,0.0
III,Nueva Ecija,Science City of Muñoz,2023-11-09,Seedling,0.0,0.2,0.28
III,Nueva Ecija,Science City of Muñoz,2023-11-10,Seedling,0.0,0.12,0.11
III,Nueva Ecija,Science City of Muñoz,2023-11-11,Seedling,0.0,0.12,0.1
III,Nueva Ecija,Science City of Muñoz,2023-11-12,Seedling,0.0,0.18,0.15
III,Nueva Ecija,Science City of Muñoz,2023-11-13,Seedling,0.0,0.19,0.01
III,Nueva Ecija,Science City of Muñoz,2023-11-14,Seedling,0.0,0.06,0.02
III,Nueva Ecija,Science City of Muñoz,2023-11-15,Seedling,0.0,0.03,0.06
III,Nueva Ecija,Science City of Muñoz,2023-11-16,Seedling,0.0,0.06,0.09
III,Nueva Ecija,Science City of Muñoz,2023-11-17,Seedling,0.0,0.1,0.1
III,Nueva Ecija,Science City of Muñoz,2023-11-18,Seedling,0.0,0.05,0.02
III,Nueva Ecija,Science City of Muñoz,2023-11-19,Seedling,0.0,0.04,0.15
III,Nueva Ecija,Science City of Muñoz,2023-11-20,Seedling,0.0,0.16,0.11
III,Nueva Ecija,Science City of Muñoz,2023-11-21,Seedling,0.0,0.04,0.1
III,Nueva Ecija,Science City of Muñoz,2023-11-22,Seedling,0.0,0.07,0.1
III,Nueva Ecija,Science City of Muñoz,2023-11-23,Seedling,0.0,0.08,0.01
III,Nueva Ecija,Science City of Muñoz,2023-11-24,Seedling,0.0,0.15,0.09
III,Nueva Ecija,Science City of Muñoz,2023-11-25,Seedling,0.0,0.27,0.13
III,Nueva Ecija,Science City of Muñoz,2023-11-26,Seedling,0.0,0.17,0.1
III,Nueva Ecija,Science City of Muñoz,2023-11-27,Seedling,0.0,0.04,0.0
III,Nueva Ecija,Science City of Muñoz,2023-11-28,Seedling,0.0,0.0,0.1
III,Nueva Ecija,Science City of Muñoz,2023-11-29,Seedling,0.0,0.04,0.0
III,Nueva Ecija,Science City of Muñoz,2023-11-30,Seedling,0.0,0.12,0.24
III,Nueva Ecija,Science City of Muñoz,2023-12-01,Seedling,0.0,0.06,0.13
III,Nueva Ecija,Science City of Muñoz,2023-12-02,Seedling,0.0,0.04,0.17
III,Nueva Ecija,Science City of Muñoz,2023-12-03,Seedling,0.0,0.02,0.18
III,Nueva Ecija,Science City of Muñoz,2023-12-04,Seedling,1.0,0.1,0.0
III,Nueva Ecija,Science City of Muñoz,2023-12-05,Seedling,0.0,0.01,0.17
III,Nueva Ecija,Science City of Muñoz,2023-12-06,Seedling,0.0,0.02,0.17
III,Nueva Ecija,Science City of Muñoz,2023-12-07,Seedling,0.0,0.1,0.13
III,Nueva Ecija,Science City of Muñoz,2023-12-08,Seedling,0.0,0.11,0.07
III,Nueva Ecija,Science City of Muñoz,2023-12-09,Seedling,0.0,0.19,0.0
III,Nueva Ecija,Science City of Muñoz,2023-12-10,Seedling,0.0,0.0,0.04
III,Nueva Ecija,Science City of Muñoz,2023-12-11,Seedling,0.0,0.04,0.25
III,Nueva Ecija,Science City of Muñoz,2023-12-12,Seedling,3.0,0.0,0.12
III,Nueva Ecija,Science City of Muñoz,2023-12-13,Seedling,3.0,0.46,0.09
III,Nueva Ecija,Science City of Muñoz,2023-12-14,Seedling,1.0,0.0,0.21
III,Nueva Ecija,Science City of Muñoz,2023-12-15,Seedling,3.0,0.8,0.08
III,Nueva Ecija,Science City of Muñoz,2023-12-16,Seedling,0.0,1.07,0.15
III,Nueva Ecija,Science City of Muñoz,2023-12-17,Seedling,0.0,0.38,0.16
III,Nueva Ecija,Science City of Muñoz,2023-12-18,Seedling,1.0,0.26,0.03
III,Nueva Ecija,Science City of Muñoz,2023-12-19,Seedling,0.0,0.34,0.15
III,Nueva Ecija,Science City of Muñoz,2023-12-20,Seedling,2.0,0.33,0.0
III,Nueva Ecija,Science City of Muñoz,2023-12-21,Seedling,1.0,1.93,0.01
III,Nueva Ecija,Science City of Muñoz,2023-12-22,Seedling,2.0,2.52,0.15
III,Nueva Ecija,Science City of Muñoz,2023-12-23,Seedling,1.0,4.47,0.07
III,Nueva Ecija,Science City of Muñoz,2023-12-24,Seedling,0.0,3.74,0.0
III,Nueva Ecija,Science City of Muñoz,2023-12-25,Seedling,2.0,3.68,0.22
III,Nueva Ecija,Science City of Muñoz,2023-12-26,Seedling,0.0,2.51,0.03
III,Nueva Ecija,Science City of Muñoz,2023-12-27,Tillering,2.0,3.14,0.13
III,Nueva Ecija,Science City of Muñoz,2023-12-28,Tillering,4.0,2.32,0.05
III,Nueva Ecija,Science City of Muñoz,2023-12-29,Tillering,8.0,1.69,0.14
III,Nueva Ecija,Science City of Muñoz,2023-12-30,Tillering,0.0,0.68,0.0
III,Nueva Ecija,Science City of Muñoz,2023-12-31,Tillering,7.0,1.08,0.11
III,Nueva Ecija,Science City of Muñoz,2024-01-01,Tillering,3.0,0.65,0.09
III,Nueva Ecija,Science City of Muñoz,2024-01-02,Tillering,1.0,0.1,0.11
III,Nueva Ecija,Science City of Muñoz,2024-01-03,Tillering,0.0,0.66,0.14
III,Nueva Ecija,Science City of Muñoz,2024-01-04,Tillering,5.0,0.35,0.0
III,Nueva Ecija,Science City of Muñoz,2024-01-05,Tillering,3.0,1.26,0.14
III,Nueva Ecija,Science City of Muñoz,2024-01-06,Tillering,2.0,1.07,0.0
III,Nueva Ecija,Science City of Muñoz,2024-01-07,Tillering,3.0,1.0,0.02
III,Nueva Ecija,Science City of Muñoz,2024-01-08,Tillering,3.0,0.68,0.0
III,Nueva Ecija,Science City of Muñoz,2024-01-09,Tillering,2.0,0.21,0.0
III,Nueva Ecija,Science City of Muñoz,2024-01-10,Tillering,2.0,1.23,0.11
III,Nueva Ecija,Science City of Muñoz,2024-01-11,Tillering,4.0,1.72,0.19
III,Nueva Ecija,Science City of Muñoz,2024-01-12,Tillering,6.0,1.54,0.04
III,Nueva Ecija,Science City of Muñoz,2024-01-13,Tillering,1.0,2.41,0.02
III,Nueva Ecija,Science City of Muñoz,2024-01-14,Tillering,2.0,2.77,0.0
III,Nueva Ecija,Science City of Muñoz,2024-01-15,Tillering,1.0,3.4,0.0
III,Nueva Ecija,Science City of Muñoz,2024-01-16,Tillering,1.0,3.7,0.02
III,Nueva Ecija,Science City of Muñoz,2024-01-17,Tillering,2.0,3.15,0.21
III,Nueva Ecija,Science City of Muñoz,2024-01-18,Tillering,3.0,2.72,0.0
III,Nueva Ecija,Science City of Muñoz,2024-01-19,Tillering,2.0,3.34,0.16
III,Nueva Ecija,Science City of Muñoz,2024-01-20,Tillering,1.0,2.37,0.16
III,Nueva Ecija,Science City of Muñoz,2024-01-21,Elongation,3.0,2.87,0.0
III,Nueva Ecija,Science City of Muñoz,2024-01-22,Elongation,1.0,3.81,0.09
III,Nueva Ecija,Science City of Muñoz,2024-01-23,Elongation,2.0,4.17,0.08
III,Nueva Ecija,Science City of Muñoz,2024-01-24,Elongation,1.0,3.63,0.14
III,Nueva Ecija,Science City of Muñoz,2024-01-25,Elongation,0.0,2.76,0.09
III,Nueva Ecija,Science City of Muñoz,2024-01-26,Elongation,2.0,2.33,0.07
III,Nueva Ecija,Science City of Muñoz,2024-01-27,Elongation,0.0,1.09,0.08
III,Nueva Ecija,Science City of Muñoz,2024-01-28,Elongation,2.0,0.74,0.07
III,Nueva Ecija,Science City of Muñoz,2024-01-29,Elongation,1.0,0.8,0.34
III,Nueva Ecija,Science City of Muñoz,2024-01-30,Elongation,2.0,0.2,0.02
III,Nueva Ecija,Science City of Muñoz,2024-01-31,Elongation,1.0,0.79,0.05
III,Nueva Ecija,Science City of Muñoz,2024-02-01,Elongation,4.0,0.12,0.0
III,Nueva Ecija,Science City of Muñoz,2024-02-02,Elongation,2.0,1.25,0.14
III,Nueva Ecija,Science City of Muñoz,2024-02-03,Elongation,1.0,0.05,0.04
III,Nueva Ecija,Science City of Muñoz,2024-02-04,Elongation,0.0,0.63,0.07
III,Nueva Ecija,Science City of Muñoz,2024-02-05,Elongation,4.0,0.18,0.19
III,Nueva Ecija,Science City of Muñoz,2024-02-06,Elongation,3.0,0.83,0.2
III,Nueva Ecija,Science City of Muñoz,2024-02-07,Elongation,3.0,0.87,0.19
III,Nueva Ecija,Science City of Muñoz,2024-02-08,Elongation,1.0,1.43,0.09
III,Nueva Ecija,Science City of Muñoz,2024-02-09,Panicle,2.0,0.22,0.66
III,Nueva Ecija,Science City of Muñoz,2024-02-10,Panicle,0.0,0.0,0.3
III,Nueva Ecija,Science City of Muñoz,2024-02-11,Panicle,0.0,0.04,0.97
III,Nueva Ecija,Science City of Muñoz,2024-02-12,Panicle,1.0,0.02,0.44
III,Nueva Ecija,Science City of Muñoz,2024-02-13,Panicle,2.0,0.12,0.85
III,Nueva Ecija,Science City of Muñoz,2024-02-14,Panicle,2.0,0.04,0.74
III,Nueva Ecija,Science City of Muñoz,2024-02-15,Panicle,1.0,0.0,0.65
III,Nueva Ecija,Science City of Muñoz,2024-02-16,Panicle,1.0,0.04,1.7
III,Nueva Ecija,Science City of Muñoz,2024-02-17,Panicle,0.0,0.04,1.37
III,Nueva Ecija,Science City of Muñoz,2024-02-18,Panicle,4.0,0.27,0.0
III,Nueva Ecija,Science City of Muñoz,2024-02-19,Panicle,0.0,0.07,1.41
III,Nueva Ecija,Science City of Muñoz,2024-02-20,Panicle,1.0,0.0,0.63
III,Nueva Ecija,Science City of Muñoz,2024-02-21,Panicle,0.0,0.01,1.42
III,Nueva Ecija,Science City of Muñoz,2024-02-22,Panicle,3.0,0.17,0.14
III,Nueva Ecija,Science City of Muñoz,2024-02-23,Panicle,1.0,0.0,1.58
III,Nueva Ecija,Science City of Muñoz,2024-02-24,Flowering,0.0,0.17,0.22
III,Nueva Ecija,Science City of Muñoz,2024-02-25,Flowering,0.0,0.14,0.29
III,Nueva Ecija,Science City of Muñoz,2024-02-26,Flowering,3.0,0.13,
III,Nueva Ecija,Science City of Muñoz,2024-02-27,Flowering,2.0,0.07,
III,Nueva Ecija,Science City of Muñoz,2024-02-28,Flowering,1.0,0.03,
III,Nueva Ecija,Science City of Muñoz,2024-02-29,Flowering,0.0,0.1,
III,Nueva Ecija,Science City of Muñoz,2024-03-01,Flowering,2.0,0.03,2.45
III,Nueva Ecija,Science City of Muñoz,2024-03-02,Flowering,1.0,0.01,0.82
III,Nueva Ecija,Science City of Muñoz,2024-03-03,Flowering,1.0,0.14,0.44
III,Nueva Ecija,Science City of Muñoz,2024-03-04,Flowering,2.0,0.11,1.77
III,Nueva Ecija,Science City of Muñoz,2024-03-05,Flowering,0.0,0.06,0.82
III,Nueva Ecija,Science City of Muñoz,2024-03-06,Flowering,0.0,0.0,0.0
III,Nueva Ecija,Science City of Muñoz,2024-03-07,Flowering,0.0,0.06,1.49
III,Nueva Ecija,Science City of Muñoz,2024-03-08,Flowering,0.0,0.12,1.76
III,Nueva Ecija,Science City of Muñoz,2024-03-09,Flowering,0.0,0.14,0.22
III,Nueva Ecija,Science City of Muñoz,2024-03-10,Ripening,1.0,0.08,1.56
III,Nueva Ecija,Science City of Muñoz,2024-03-11,Ripening,1.0,0.09,2.27
III,Nueva Ecija,Science City of Muñoz,2024-03-12,Ripening,2.0,0.12,2.28
III,Nueva Ecija,Science City of Muñoz,2024-03-13,Ripening,1.0,0.0,2.88
III,Nueva Ecija,Science City of Muñoz,2024-03-14,Ripening,2.0,0.0,1.03
III,Nueva Ecija,Science City of Muñoz,2024-03-15,Ripening,0.0,0.15,2.6
III,Nueva Ecija,Science City of Muñoz,2024-03-16,Ripening,0.0,0.0,2.87
III,Nueva Ecija,Science City of Muñoz,2024-03-17,Ripening,3.0,0.04,3.9
III,Nueva Ecija,Science City of Muñoz,2024-03-18,Ripening,1.0,0.04,4.51
III,Nueva Ecija,Science City of Muñoz,2024-03-19,Ripening,1.0,0.16,
III,Nueva Ecija,Science City of Muñoz,2024-03-20,Ripening,0.0,0.06,
III,Nueva Ecija,Science City of Muñoz,2024-03-21,Ripening,1.0,0.08,
III,Nueva Ecija,Science City of Muñoz,2024-03-22,Ripening,3.0,0.0,4.82
III,Nueva Ecija,Science City of Muñoz,2024-03-23,Ripening,1.0,0.12,3.22
III,Nueva Ecija,Science City of Muñoz,2024-03-24,Ripening,1.0,0.06,2.79
III,Nueva Ecija,Science City of Muñoz,2024-03-25,Ripening,1.0,0.16,3.08
III,Nueva Ecija,Science City of Muñoz,2024-03-26,Ripening,6.0,0.04,1.6
III,Nueva Ecija,Science City of Muñoz,2024-03-27,Ripening,1.0,0.0,3.22
III,Nueva Ecija,Science City of Muñoz,2024-03-28,Ripening,2.0,0.06,2.57
III,Nueva Ecija,Science City of Muñoz,2024-03-29,Ripening,6.0,0.0,3.12
III,Nueva Ecija,Science City of Muñoz,2024-03-30,Ripening,3.0,0.05,6.21
III,Nueva Ecija,Science City of Muñoz,2024-03-31,Ripening,4.0,0.03,6.69
III,Nueva Ecija,Science City of Muñoz,2024-04-01,Ripening,3.0,0.09,4.66
III,Nueva Ecija,Science City of Muñoz,2024-04-02,Ripening,6.0,0.0,4.49
III,Nueva Ecija,Science City of Muñoz,2024-04-03,Ripening,0.0,0.0,0.11
III,Nueva Ecija,Science City of Muñoz,2024-04-04,Ripening,0.0,0.0,0.07
III,Nueva Ecija,Science City of Muñoz,2024-04-05,Ripening,0.0,0.1,0.05
III,Nueva Ecija,Science City of Muñoz,2024-04-06,Ripening,0.0,0.08,0.0
III,Nueva Ecija,Science City of Muñoz,2024-04-07,Ripening,0.0,0.2,0.12
III,Nueva Ecija,Science City of Muñoz,2024-04-08,Ripening,1.0,0.02,0.02
III,Nueva Ecija,Science City of Muñoz,2024-04-09,Ripening,0.0,0.2,0.05
III,Nueva Ecija,Science City of Muñoz,2024-04-10,Ripening,0.0,0.05,0.0
III,Nueva Ecija,Science City of Muñoz,2024-04-11,Ripening,0.0,0.05,0.07
III,Nueva Ecija,Science City of Muñoz,2024-04-12,Ripening,0.0,0.2,0.14
III,Nueva Ecija,Science City of Muñoz,2024-04-13,Ripening,0.0,0.02,0.06
III,Nueva Ecija,Science City of Muñoz,2024-04-14,Ripening,0.0,0.11,0.11
III,Nueva Ecija,Science City of Muñoz,2024-04-15,Ripening,0.0,0.08,0.09
III,Nueva Ecija,Science City of Muñoz,2024-04-16,Ripening,0.0,0.04,0.05
III,Nueva Ecija,Science City of Muñoz,2024-04-17,Ripening,0.0,0.1,0.02
III,Nueva Ecija,Science City of Muñoz,2024-04-18,Ripening,0.0,0.13,0.11
III,Nueva Ecija,Science City of Muñoz,2024-04-19,Ripening,0.0,0.11,0.07
III,Nueva Ecija,Science City of Muñoz,2024-04-20,Ripening,0.0,0.16,0.13
III,Nueva Ecija,Science City of Muñoz,2024-04-21,Ripening,0.0,0.16,0.1
III,Nueva Ecija,Science City of Muñoz,2024-04-22,Ripening,0.0,0.04,0.04
III,Nueva Ecija,Science City of Muñoz,2024-04-23,Ripening,0.0,0.15,0.14
III,Nueva Ecija,Science City of Muñoz,2024-04-24,Ripening,0.0,0.19,0.0
III,Nueva Ecija,Science City of Muñoz,2024-04-25,Ripening,0.0,0.14,0.06
III,Nueva Ecija,Science City of Muñoz,2024-04-26,Ripening,0.0,0.09,0.13
III,Nueva Ecija,Science City of Muñoz,2024-04-27,Ripening,0.0,0.1,0.21
III,Nueva Ecija,Science City of Muñoz,2024-04-28,Ripening,0.0,0.03,
III,Nueva Ecija,Science City of Muñoz,2024-04-29,Ripening,0.0,0.17,
III,Nueva Ecija,Science City of Muñoz,2024-04-30,Ripening,0.0,0.07,
III,Nueva Ecija,Science City of Muñoz,2024-05-01,Ripening,0.0,0.14,
III,Nueva Ecija,Science City of Muñoz,2024-05-02,Ripening,0.0,0.06,0.06
III,Nueva Ecija,Science City of Muñoz,2024-05-03,Seedling,0.0,0.06,0.0
III,Nueva Ecija,Science City of Muñoz,2024-05-04,Seedling,0.0,0.0,0.18
III,Nueva Ecija,Science City of Muñoz,2024-05-05,Seedling,0.0,0.22,0.14
III,Nueva Ecija,Science City of Muñoz,2024-05-06,Seedling,0.0,0.14,0.18
III,Nueva Ecija,Science City of Muñoz,2024-05-07,Seedling,0.0,0.14,0.0
III,Nueva Ecija,Science City of Muñoz,2024-05-08,Seedling,0.0,0.08,0.21
III,Nueva Ecija,Science City of Muñoz,2024-05-09,Seedling,0.0,0.06,0.0
III,Nueva Ecija,Science City of Muñoz,2024-05-10,Seedling,0.0,0.0,0.21
III,Nueva Ecija,Science City of Muñoz,2024-05-11,Seedling,0.0,0.04,0.16
III,Nueva Ecija,Science City of Muñoz,2024-05-12,Seedling,0.0,0.06,0.01
III,Nueva Ecija,Science City of Muñoz,2024-05-13,Seedling,0.0,0.12,0.19
III,Nueva Ecija,Science City of Muñoz,2024-05-14,Seedling,0.0,0.24,0.06
III,Nueva Ecija,Science City of Muñoz,2024-05-15,Seedling,0.0,0.0,0.06
III,Nueva Ecija,Science City of Muñoz,2024-05-16,Seedling,0.0,0.08,0.0
III,Nueva Ecija,Science City of Muñoz,2024-05-17,Seedling,0.0,0.18,0.08
III,Nueva Ecija,Science City of Muñoz,2024-05-18,Seedling,0.0,0.01,0.08
III,Nueva Ecija,Science City of Muñoz,2024-05-19,Seedling  ,0.0,0.01,0.14
III,Nueva Ecija,Science City of Muñoz,2024-05-20,Seedling,0.0,0.06,0.16
III,Nueva Ecija,Science City of Muñoz,2024-05-21,Seedling,0.0,0.11,0.01
III,Nueva Ecija,Science City of Muñoz,2024-05-22,Seedling,0.0,0.0,0.04
III,Nueva Ecija,Science City of Muñoz,2024-05-23,Seedling,0.0,0.0,0.14
III,Nueva Ecija,Science City of Muñoz,2024-05-24,Seedling,0.0,0.0,0.27
III,Nueva Ecija,Science City of Muñoz,2024-05-25,Seedling,0.0,0.04,0.25
III,Nueva Ecija,Science City of Muñoz,2024-05-26,Seedling,0.0,0.18,0.07
III,Nueva Ecija,Science City of Muñoz,2024-05-27,Seedling,0.0,0.0,0.14
III,Nueva Ecija,Science City of Muñoz,2024-05-28,Seedling,0.0,0.0,0.0
III,Nueva Ecija,Science City of Muñoz,2024-05-29,Seedling,0.0,0.12,0.04
III,Nueva Ecija,Science City of Muñoz,2024-05-30,Seedling,0.0,0.01,0.03
III,Nueva Ecija,Science City of Muñoz,2024-05-31,Seedling,0.0,0.08,0.1
III,Nueva Ecija,Science City of Muñoz,2024-06-01,Seedling,0.0,0.11,0.06
III,Nueva Ecija,Science City of Muñoz,2024-06-02,Seedling,10.0,1.25,0.0
III,Nueva Ecija,Science City of Muñoz,2024-06-03,Seedling,10.0,0.21,0.12
III,Nueva Ecija,Science City of Muñoz,2024-06-04,Seedling,11.0,0.67,0.04
III,Nueva Ecija,Science City of Muñoz,2024-06-05,Seedling,17.0,0.0,0.09
III,Nueva Ecija,Science City of Muñoz,2024-06-06,Seedling,7.0,0.73,0.19
III,Nueva Ecija,Science City of Muñoz,2024-06-07,Seedling,8.0,0.13,0.13
III,Nueva Ecija,Science City of Muñoz,2024-06-08,Seedling,10.0,1.54,0.12
III,Nueva Ecija,Science City of Muñoz,2024-06-09,Seedling,9.0,0.9,0.0
III,Nueva Ecija,Science City of Muñoz,2024-06-10,Seedling,8.0,1.26,0.18
III,Nueva Ecija,Science City of Muñoz,2024-06-11,Seedling,5.0,1.17,0.16
III,Nueva Ecija,Science City of Muñoz,2024-06-12,Seedling,11.0,1.66,0.19
III,Nueva Ecija,Science City of Muñoz,2024-06-13,Seedling,14.0,1.08,0.11
III,Nueva Ecija,Science City of Muñoz,2024-06-14,Seedling,9.0,0.45,0.21
III,Nueva Ecija,Science City of Muñoz,2024-06-15,Seedling,12.0,0.44,0.17
III,Nueva Ecija,Science City of Muñoz,2024-06-16,Seedling,12.0,0.0,0.0
III,Nueva Ecija,Science City of Muñoz,2024-06-17,Tillering,17.0,0.0,0.13
III,Nueva Ecija,Science City of Muñoz,2024-06-18,Tillering,28.0,0.17,0.13
III,Nueva Ecija,Science City of Muñoz,2024-06-19,Tillering,14.0,0.97,0.03
III,Nueva Ecija,Science City of Muñoz,2024-06-20,Tillering,19.0,0.0,0.06
III,Nueva Ecija,Science City of Muñoz,2024-06-21,Tillering,24.0,0.78,0.07
III,Nueva Ecija,Science City of Muñoz,2024-06-22,Tillering,21.0,0.53,0.04
III,Nueva Ecija,Science City of Muñoz,2024-06-23,Tillering,20.0,0.0,0.11
III,Nueva Ecija,Science City of Muñoz,2024-06-24,Tillering,12.0,0.81,0.23
III,Nueva Ecija,Science City of Muñoz,2024-06-25,Tillering,10.0,0.0,0.03
III,Nueva Ecija,Science City of Muñoz,2024-06-26,Tillering,13.0,0.32,0.14
III,Nueva Ecija,Science City of Muñoz,2024-06-27,Tillering,6.0,0.3,0.16
III,Nueva Ecija,Science City of Muñoz,2024-06-28,Tillering,6.0,0.26,0.17
III,Nueva Ecija,Science City of Muñoz,2024-06-29,Tillering,7.0,0.01,0.1
III,Nueva Ecija,Science City of Muñoz,2024-06-30,Tillering,12.0,0.0,0.09
III,Nueva Ecija,Science City of Muñoz,2024-07-01,Tillering,9.0,1.34,0.2
III,Nueva Ecija,Science City of Muñoz,2024-07-02,Tillering,12.0,0.54,0.03
III,Nueva Ecija,Science City of Muñoz,2024-07-03,Tillering,12.0,0.62,0.04
III,Nueva Ecija,Science City of Muñoz,2024-07-04,Tillering,4.0,0.0,0.0
III,Nueva Ecija,Science City of Muñoz,2024-07-05,Tillering,3.0,0.0,0.15
III,Nueva Ecija,Science City of Muñoz,2024-07-06,Tillering,5.0,0.0,0.0
III,Nueva Ecija,Science City of Muñoz,2024-07-07,Tillering,16.0,1.0,0.02
III,Nueva Ecija,Science City of Muñoz,2024-07-08,Tillering,15.0,0.54,0.16
III,Nueva Ecija,Science City of Muñoz,2024-07-09,Tillering,16.0,0.38,0.17
III,Nueva Ecija,Science City of Muñoz,2024-07-10,Tillering,13.0,0.05,0.03
III,Nueva Ecija,Science City of Muñoz,2024-07-11,Elongation,10.0,1.14,0.0
III,Nueva Ecija,Science City of Muñoz,2024-07-12,Elongation,14.0,0.62,0.06
III,Nueva Ecija,Science City of Muñoz,2024-07-13,Elongation,15.0,0.56,0.13
III,Nueva Ecija,Science City of Muñoz,2024-07-14,Elongation,17.0,0.63,0.08
III,Nueva Ecija,Science City of Muñoz,2024-07-15,Elongation,15.0,0.0,0.07
III,Nueva Ecija,Science City of Muñoz,2024-07-16,Elongation,13.0,0.34,0.01
III,Nueva Ecija,Science City of Muñoz,2024-07-17,Elongation,13.0,0.39,0.0
III,Nueva Ecija,Science City of Muñoz,2024-07-18,Elongation,16.0,0.55,0.05
III,Nueva Ecija,Science City of Muñoz,2024-07-19,Elongation,15.0,0.45,0.1
III,Nueva Ecija,Science City of Muñoz,2024-07-20,Elongation,15.0,1.02,0.11
III,Nueva Ecija,Science City of Muñoz,2024-07-21,Elongation,17.0,1.69,0.15
III,Nueva Ecija,Science City of Muñoz,2024-07-22,Elongation,6.0,1.75,0.0
III,Nueva Ecija,Science City of Muñoz,2024-07-23,Elongation,15.0,0.71,0.0
III,Nueva Ecija,Science City of Muñoz,2024-07-24,Elongation,6.0,0.0,0.19
III,Nueva Ecija,Science City of Muñoz,2024-07-25,Elongation,9.0,1.28,0.05
III,Nueva Ecija,Science City of Muñoz,2024-07-26,Elongation,3.0,1.87,0.09
III,Nueva Ecija,Science City of Muñoz,2024-07-27,Elongation,1.0,2.6,0.11
III,Nueva Ecija,Science City of Muñoz,2024-07-28,Elongation,2.0,4.15,0.09
III,Nueva Ecija,Science City of Muñoz,2024-07-29,Elongation,2.0,4.59,0.03
III,Nueva Ecija,Science City of Muñoz,2024-07-30,Panicle,2.0,0.03,7.18
III,Nueva Ecija,Science City of Muñoz,2024-07-31,Panicle,7.0,0.1,9.34
III,Nueva Ecija,Science City of Muñoz,2024-08-01,Panicle,6.0,0.0,12.37
III,Nueva Ecija,Science City of Muñoz,2024-08-02,Panicle,9.0,0.23,10.32
III,Nueva Ecija,Science City of Muñoz,2024-08-03,Panicle,5.0,0.0,11.65
III,Nueva Ecija,Science City of Muñoz,2024-08-04,Panicle,12.0,0.02,9.14
III,Nueva Ecija,Science City of Muñoz,2024-08-05,Panicle,4.0,0.15,11.71
III,Nueva Ecija,Science City of Muñoz,2024-08-06,Panicle,8.0,0.09,12.02
III,Nueva Ecija,Science City of Muñoz,2024-08-07,Panicle,7.0,0.07,13.13
III,Nueva Ecija,Science City of Muñoz,2024-08-08,Panicle,11.0,0.18,13.7
III,Nueva Ecija,Science City of Muñoz,2024-08-09,Panicle,2.0,0.01,15.79
III,Nueva Ecija,Science City of Muñoz,2024-08-10,Panicle,5.0,0.13,15.29
III,Nueva Ecija,Science City of Muñoz,2024-08-11,Panicle,8.0,,13.89
III,Nueva Ecija,Science City of Muñoz,2024-08-12,Panicle,9.0,,13.89
III,Nueva Ecija,Science City of Muñoz,2024-08-13,Panicle,9.0,,12.13
III,Nueva Ecija,Science City of Muñoz,2024-08-14,Flowering,5.0,0.1,6.27
III,Nueva Ecija,Science City of Muñoz,2024-08-15,Flowering,3.0,0.13,6.0
III,Nueva Ecija,Science City of Muñoz,2024-08-16,Flowering,9.0,0.08,5.58
III,Nueva Ecija,Science City of Muñoz,2024-08-17,Flowering,5.0,0.09,5.45
III,Nueva Ecija,Science City of Muñoz,2024-08-18,Flowering,4.0,0.14,5.64
III,Nueva Ecija,Science City of Muñoz,2024-08-19,Flowering,2.0,0.03,6.21
III,Nueva Ecija,Science City of Muñoz,2024-08-20,Flowering,2.0,0.0,5.26
III,Nueva Ecija,Science City of Muñoz,2024-08-21,Flowering,0.0,0.05,5.99
III,Nueva Ecija,Science City of Muñoz,2024-08-22,Flowering,2.0,0.12,5.55
III,Nueva Ecija,Science City of Muñoz,2024-08-23,Flowering,2.0,0.15,4.3
III,Nueva Ecija,Science City of Muñoz,2024-08-24,Flowering,7.0,0.1,2.62
III,Nueva Ecija,Science City of Muñoz,2024-08-25,Flowering,6.0,0.0,3.28
III,Nueva Ecija,Science City of Muñoz,2024-08-26,Flowering,5.0,0.13,2.57
III,Nueva Ecija,Science City of Muñoz,2024-08-27,Flowering,5.0,0.0,1.14
III,Nueva Ecija,Science City of Muñoz,2024-08-28,Ripening,3.0,0.06,2.89
III,Nueva Ecija,Science City of Muñoz,2024-08-29,Ripening,3.0,0.0,3.03
III,Nueva Ecija,Science City of Muñoz,2024-08-30,Ripening,0.0,0.08,1.29
III,Nueva Ecija,Science City of Muñoz,2024-08-31,RIPENING,4.0,0.14,0.0
III,Nueva Ecija,Science City of Muñoz,2024-09-01,Ripening,0.0,0.08,1.38
III,Nueva Ecija,Science City of Muñoz,2024-09-02,Ripening,1.0,0.08,0.27
III,Nueva Ecija,Science City of Muñoz,2024-09-03,Ripening,4.0,0.08,0.0
III,Nueva Ecija,Science City of Muñoz,2024-09-04,Ripening,2.0,0.19,0.13
III,Nueva Ecija,Science City of Muñoz,2024-09-05,Ripening,4.0,0.05,0.22
III,Nueva Ecija,Science City of Muñoz,2024-09-06,Ripening,7.0,0.09,2.26
III,Nueva Ecija,Science City of Muñoz,2024-09-07,Ripening,3.0,0.04,0.43
III,Nueva Ecija,Science City of Muñoz,2024-09-08,Ripening  ,4.0,0.06,0.3
III,Nueva Ecija,Science City of Muñoz,2024-09-09,Ripening,0.0,0.13,0.79
III,Nueva Ecija,Science City of Muñoz,2024-09-10,Ripening,7.0,0.05,0.0
III,Nueva Ecija,Science City of Muñoz,2024-09-11,Ripening,0.0,0.0,1.44
III,Nueva Ecija,Science City of Muñoz,2024-09-12,Ripening,2.0,0.05,0.0
III,Nueva Ecija,Science City of Muñoz,2024-09-13,Ripening,1.0,0.11,0.49
III,Nueva Ecija,Science City of Muñoz,2024-09-14,Ripening,1.0,0.13,1.11
III,Nueva Ecija,Science City of Muñoz,2024-09-15,Ripening,4.0,0.14,0.71
III,Nueva Ecija,Science City of Muñoz,2024-09-16,Ripening,1.0,0.0,1.1
III,Nueva Ecija,Science City of Muñoz,2024-09-17,Ripening,1.0,0.11,0.0
III,Nueva Ecija,Science City of Muñoz,2024-09-18,Ripening,0.0,0.01,0.0
III,Nueva Ecija,Science City of Muñoz,2024-09-19,Ripening,0.0,0.02,0.17
III,Nueva Ecija,Science City of Muñoz,2024-09-20,Ripening,1.0,0.06,0.58
III,Nueva Ecija,Science City of Muñoz,2024-09-21,Ripening,0.0,0.11,0.21
III,Nueva Ecija,Science City of Muñoz,2024-09-22,Ripening,1.0,0.08,0.17
III,Nueva Ecija,Science City of Muñoz,2024-09-23,Ripening,0.0,0.0,0.13
III,Nueva Ecija,Science City of Muñoz,2024-09-24,Ripening,0.0,0.13,0.18
III,Nueva Ecija,Science City of Muñoz,2024-09-25,Ripening,0.0,0.28,0.08
III,Nueva Ecija,Science City of Muñoz,2024-09-26,Ripening,0.0,0.08,0.15
III,Nueva Ecija,Science City of Muñoz,2024-09-27,Ripening,0.0,0.19,0.12
III,Nueva Ecija,Science City of Muñoz,2024-09-28,Ripening,1.0,0.19,0.18
III,Nueva Ecija,Science City of Muñoz,2024-09-29,Ripening,0.0,0.23,0.11
III,Nueva Ecija,Science City of Muñoz,2024-09-30,Ripening,0.0,0.06,0.03
III,Nueva Ecija,Science City of Muñoz,2024-10-01,Ripening,0.0,0.12,0.0
III,Nueva Ecija,Science City of Muñoz,2024-10-02,Ripening,0.0,0.13,0.02
III,Nueva Ecija,Science City of Muñoz,2024-10-03,Ripening,0.0,0.19,0.14
III,Nueva Ecija,Science City of Muñoz,2024-10-04,Ripening,0.0,0.08,0.0
III,Nueva Ecija,Science City of Muñoz,2024-10-05,Ripening,0.0,0.0,0.0
III,Nueva Ecija,Science City of Muñoz,2024-10-06,Ripening,0.0,0.0,0.2
III,Nueva Ecija,Science City of Muñoz,2024-10-07,Ripening,0.0,0.27,0.0
III,Nueva Ecija,Science City of Muñoz,2024-10-08,Ripening,0.0,0.03,0.17
III,Nueva Ecija,Science City of Muñoz,2024-10-09,Ripening,0.0,0.07,0.0
III,Nueva Ecija,Science City of Muñoz,2024-10-10,Ripening,0.0,0.0,0.15
III,Nueva Ecija,Science City of Muñoz,2024-10-11,Ripening,0.0,0.03,0.0
III,Nueva Ecija,Science City of Muñoz,2024-10-12,Ripening,0.0,0.09,0.02
III,Nueva Ecija,Science City of Muñoz,2024-10-13,Ripening,0.0,0.27,0.14
III,Nueva Ecija,Science City of Muñoz,2024-10-14,Ripening,0.0,0.03,0.16
III,Nueva Ecija,Science City of Muñoz,2024-10-15,Ripening,0.0,0.23,0.0
III,Nueva Ecija,Science City of Muñoz,2024-10-16,Ripening,1.0,0.06,0.04
III,Nueva Ecija,Science City of Muñoz,2024-10-17,Ripening,0.0,0.11,0.04
III,Nueva Ecija,Science City of Muñoz,2024-10-18,Ripening,1.0,0.25,0.12
III,Nueva Ecija,Science City of Muñoz,2024-10-19,Ripening,0.0,0.13,0.0
III,Nueva Ecija,Science City of Muñoz,2024-10-20,Ripening,0.0,0.09,0.0
III,Nueva Ecija,Science City of Muñoz,2024-10-21,Ripening,0.0,0.07,0.02
III,Nueva Ecija,Science City of Muñoz,2024-10-22,Ripening,0.0,0.05,0.04
III,Nueva Ecija,Science City of Muñoz,2024-10-23,Ripening,0.0,0.16,0.1
III,Nueva Ecija,Science City of Muñoz,2024-10-24,Ripening,0.0,0.15,0.0
III,Nueva Ecija,Science City of Muñoz,2024-10-25,Ripening,0.0,0.08,0.08
III,Nueva Ecija,Science City of Muñoz,2024-10-26,Ripening,0.0,0.03,0.0
III,Nueva Ecija,Science City of Muñoz,2024-10-27,Ripening,0.0,0.13,0.0
III,Nueva Ecija,Science City of Muñoz,2024-10-28,Ripening,0.0,0.15,0.0
III,Nueva Ecija,Science City of Muñoz,2024-10-29,Seedling,0.0,0.03,0.07
III,Nueva Ecija,Science City of Muñoz,2024-10-30,Seedling,0.0,0.09,0.0
III,Nueva Ecija,Science City of Muñoz,2024-10-31,Seedling,0.0,0.04,0.13
III,Nueva Ecija,Science City of Muñoz,2024-11-01,Seedling,0.0,0.16,0.15
III,Nueva Ecija,Science City of Muñoz,2024-11-02,Seedling,0.0,0.1,0.0
III,Nueva Ecija,Science City of Muñoz,2024-11-03,Seedling,1.0,0.01,0.05
III,Nueva Ecija,Science City of Muñoz,2024-11-04,Seedling,0.0,0.02,0.03
III,Nueva Ecija,Science City of Muñoz,2024-11-05,Seedling,1.0,0.11,0.0
III,Nueva Ecija,Science City of Muñoz,2024-11-06,Seedling,0.0,0.16,0.06
III,Nueva Ecija,Science City of Muñoz,2024-11-07,Seedling,1.0,0.03,0.08
III,Nueva Ecija,Science City of Muñoz,2024-11-08,Seedling,0.0,0.1,0.21
III,Nueva Ecija,Science City of Muñoz,2024-11-09,Seedling,0.0,0.05,0.25
III,Nueva Ecija,Science City of Muñoz,2024-11-10,Seedling,0.0,0.11,0.05
III,Nueva Ecija,Science City of Muñoz,2024-11-11,Seedling,0.0,0.12,0.32
III,Nueva Ecija,Science City of Muñoz,2024-11-12,Seedling,0.0,0.19,0.12
III,Nueva Ecija,Science City of Muñoz,2024-11-13,Seedling,0.0,0.16,0.0
III,Nueva Ecija,Science City of Muñoz,2024-11-14,Seedling,0.0,0.09,0.18
III,Nueva Ecija,Science City of Muñoz,2024-11-15,Seedling,0.0,0.08,0.17
III,Nueva Ecija,Science City of Muñoz,2024-11-16,Seedling,0.0,0.17,0.0
III,Nueva Ecija,Science City of Muñoz,2024-11-17,Seedling,0.0,0.05,0.28
III,Nueva Ecija,Science City of Muñoz,2024-11-18,Seedling,0.0,0.0,0.14
III,Nueva Ecija,Science City of Muñoz,2024-11-19,Seedling,0.0,0.17,0.07
III,Nueva Ecija,Science City of Muñoz,2024-11-20,Seedling,0.0,0.07,0.16
III,Nueva Ecija,Science City of Muñoz,2024-11-21,Seedling,0.0,0.1,0.0
III,Nueva Ecija,Science City of Muñoz,2024-11-22,Seedling,0.0,0.1,0.0
III,Nueva Ecija,Science City of Muñoz,2024-11-23,Seedling,0.0,0.23,0.0
III,Nueva Ecija,Science City of Muñoz,2024-11-24,Seedling,0.0,0.0,0.0
III,Nueva Ecija,Science City of Muñoz,2024-11-25,Seedling,0.0,0.0,0.11
III,Nueva Ecija,Science City of Muñoz,2024-11-26,Seedling,0.0,0.13,0.0
III,Nueva Ecija,Science City of Muñoz,2024-11-27,Seedling,0.0,0.15,0.02
III,Nueva Ecija,Science City of Muñoz,2024-11-28,Seedling,0.0,0.09,0.16
III,Nueva Ecija,Science City of Muñoz,2024-11-29,Seedling,0.0,0.11,0.0
III,Nueva Ecija,Science City of Muñoz,2024-11-30,Seedling,0.0,0.0,0.04
III,Nueva Ecija,Science City of Muñoz,2024-12-01,Seedling,0.0,0.01,0.34
III,Nueva Ecija,Science City of Muñoz,2024-12-02,Seedling,0.0,0.07,0.0
III,Nueva Ecija,Science City of Muñoz,2024-12-03,Seedling,0.0,0.2,0.0
III,Nueva Ecija,Science City of Muñoz,2024-12-04,Seedling,0.0,0.05,0.07
III,Nueva Ecija,Science City of Muñoz,2024-12-05,Seedling,0.0,0.04,0.16
III,Nueva Ecija,Science City of Muñoz,2024-12-06,Seedling,0.0,0.0,0.14
III,Nueva Ecija,Science City of Muñoz,2024-12-07,Seedling,1.0,0.0,0.01
III,Nueva Ecija,Science City of Muñoz,2024-12-08,Seedling,,0.19,0.18
III,Nueva Ecija,Science City of Muñoz,2024-12-09,Seedling,,0.0,0.21
III,Nueva Ecija,Science City of Muñoz,2024-12-10,Seedling,,0.0,0.03
III,Nueva Ecija,Science City of Muñoz,2024-12-11,Seedling,1.0,1.28,0.08
III,Nueva Ecija,Science City of Muñoz,2024-12-11,Seedling,1.0,1.28,0.08
III,Nueva Ecija,Science City of Muñoz,2024-12-12,Seedling,1.0,0.44,0.15
III,Nueva Ecija,Science City of Muñoz,2024-12-13,Seedling,1.0,0.19,0.06
III,Nueva Ecija,Science City of Muñoz,2024-12-14,Seedling,1.0,0.92,0.15
III,Nueva Ecija,Science City of Muñoz,2024-12-15,Seedling,1.0,0.47,0.14
III,Nueva Ecija,Science City of Muñoz,2024-12-16,Seedling,1.0,0.42,0.13
III,Nueva Ecija,Science City of Muñoz,2024-12-17,Seedling,0.0,0.38,0.06
III,Nueva Ecija,Science City of Muñoz,2024-12-18,Seedling,1.0,0.95,0.17
III,Nueva Ecija,Science City of Muñoz,2024-12-19,Seedling,2.0,0.14,0.14
III,Nueva Ecija,Science City of Muñoz,2024-12-20,Seedling,0.0,0.44,0.11
III,Nueva Ecija,Science City of Muñoz,2024-12-21,Seedling,3.0,0.0,0.08
III,Nueva Ecija,Science City of Muñoz,2024-12-22,Seedling,0.0,0.67,0.17
III,Nueva Ecija,Science City of Muñoz,2024-12-23,Tillering,2.0,0.97,0.0
III,Nueva Ecija,Science City of Muñoz,2024-12-24,Tillering,2.0,0.78,0.0
III,Nueva Ecija,Science City of Muñoz,2024-12-25,Tillering,5.0,0.04,0.06
III,Nueva Ecija,Science City of Muñoz,2024-12-26,Tillering,1.0,0.0,0.17
III,Nueva Ecija,Science City of Muñoz,2024-12-27,Tillering,3.0,0.71,0.05
III,Nueva Ecija,Science City of Muñoz,2024-12-28,Tillering,3.0,0.25,0.03
III,Nueva Ecija,Science City of Muñoz,2024-12-29,Tillering,0.0,0.0,0.18
III,Nueva Ecija,Science City of Muñoz,2024-12-30,Tillering,4.0,0.04,0.13
III,Nueva Ecija,Science City of Muñoz,2024-12-31,Tillering,2.0,0.24,0.0
