Region,Province,Municipality,Date,Tmin,Tmax,Relative_Humidity,Rainfall,Dew_Point,Solar_Radiation
III,Pampanga,Arayat,2019-01-01,23.1,31.6,77.4,10.0,22.8,206.3
III,Pampanga,Arayat,2019-01-02,22.7,29.8,77.4,14.3,21.7,205.0
III,Pampanga,Arayat,2019-01-03,22.8,30.8,72.2,0.0,21.2,220.4
III,Pampanga,Arayat,2019-01-04,22.4,30.6,74.5,0.0,21.4,211.5
III,Pampanga,Arayat,2019-01-05,22.0,31.9,74.9,0.0,21.9,216.3
III,Pampanga,Arayat,2019-01-06,23.6,32.2,71.9,0.0,22.3,215.7
III,Pampanga,Arayat,2019-01-07,23.8,31.1,72.7,0.0,22.0,210.2
III,Pampanga,Arayat,2019-01-08,23.7,30.9,72.4,0.0,21.8,227.9
III,Pampanga,Arayat,2019-01-09,23.9,29.7,73.4,0.0,21.5,231.0
III,Pampanga,Arayat,2019-01-10,23.3,26.8,74.0,0.0,19.8,224.1
III,Pampanga,Arayat,2019-01-11,24.4,28.1,76.7,0.0,21.6,226.8
III,Pampanga,Arayat,2019-01-12,,30.9,75.2,0.0,22.7,229.5
III,Pampanga,Arayat,2019-01-13,,30.4,74.5,0.0,22.2,214.2
III,Pampanga,Arayat,2019-01-14,,31.2,75.2,0.0,23.0,216.5
III,Pampanga,Arayat,2019-01-15,,31.0,79.9,3.7,23.5,223.9
III,Pampanga,Arayat,2019-01-16,,31.6,75.9,0.0,22.9,226.0
III,Pampanga,Arayat,2019-01-17,22.7,31.8,71.1,0.0,21.5,207.7
III,Pampanga,Arayat,2019-01-18,22.5,33.5,71.6,0.0,22.3,214.4
III,Pampanga,Arayat,2019-01-19,22.0,33.0,74.0,0.0,22.3,227.8
III,Pampanga,Arayat,2019-01-20,21.9,31.2,73.6,0.0,21.3,225.1
III,Pampanga,Arayat,2019-01-21,22.1,32.3,73.4,0.0,21.9,218.7
III,Pampanga,Arayat,2019-01-22,23.6,31.7,71.1,0.0,21.9,222.2
III,Pampanga,Arayat,2019-01-23,24.1,33.3,71.8,0.0,23.1,213.5
III,Pampanga,Arayat,2019-01-24,24.2,33.6,75.3,0.0,24.0,237.1
III,Pampanga,Arayat,2019-01-25,24.3,33.2,77.2,0.0,24.2,224.0
III,Pampanga,Arayat,2019-01-26,24.7,34.3,76.0,0.0,24.7,222.7
III,Pampanga,Arayat,2019-01-27,24.7,33.6,75.9,0.0,24.3,219.0
III,Pampanga,Arayat,2019-01-28,24.6,32.1,81.0,9.1,24.6,217.2
III,Pampanga,Arayat,2019-01-29,24.4,33.7,75.6,0.0,24.2,233.9
III,Pampanga,Arayat,2019-01-30,25.1,32.2,77.1,0.0,24.1,221.3
III,Pampanga,Arayat,2019-01-31,24.4,30.7,72.2,0.0,22.0,217.3
III,Pampanga,Arayat,2019-02-01,,30.8,75.1,0.0,22.3,222.3
III,Pampanga,Arayat,2019-02-02,,32.0,69.3,0.0,22.0,217.1
III,Pampanga,Arayat,2019-02-03,,31.9,71.5,0.0,22.0,226.8
III,Pampanga,Arayat,2019-02-04,,32.1,72.4,0.0,22.5,228.8
III,Pampanga,Arayat,2019-02-05,,32.6,76.1,8.6,23.3,221.2
III,Pampanga,Arayat,2019-02-06,22.8,34.0,74.5,0.0,23.3,224.4
III,Pampanga,Arayat,2019-02-07,22.4,32.5,73.5,0.0,22.2,216.8
III,Pampanga,Arayat,2019-02-08,22.7,32.3,77.0,2.3,22.9,233.5
III,Pampanga,Arayat,2019-02-09,22.4,31.8,67.4,0.0,20.6,213.4
III,Pampanga,Arayat,2019-02-10,21.8,31.4,67.9,0.0,20.2,232.1
III,Pampanga,Arayat,2019-02-11,22.3,32.0,65.0,0.0,20.2,217.2
III,Pampanga,Arayat,2019-02-12,22.9,31.4,71.1,0.0,21.4,210.9
III,Pampanga,Arayat,2019-02-13,23.4,32.5,72.2,0.0,22.4,225.0
III,Pampanga,Arayat,2019-02-14,22.8,32.4,,0.0,21.6,228.6
III,Pampanga,Arayat,2019-02-15,22.7,33.3,,0.0,21.6,211.6
III,Pampanga,Arayat,2019-02-16,22.2,31.7,,0.0,20.7,227.0
III,Pampanga,Arayat,2019-02-17,21.3,31.0,,0.0,20.8,221.3
III,Pampanga,Arayat,2019-02-18,21.5,32.3,71.8,0.0,21.3,214.4
III,Pampanga,Arayat,2019-02-19,21.4,31.7,71.3,0.0,20.8,223.9
III,Pampanga,Arayat,2019-02-20,21.5,31.4,70.9,0.0,20.6,215.7
III,Pampanga,Arayat,2019-02-21,21.7,30.6,68.6,0.0,19.9,224.2
III,Pampanga,Arayat,2019-02-22,22.1,30.4,75.2,3.9,21.3,214.5
III,Pampanga,Arayat,2019-02-23,21.2,32.5,70.5,0.0,21.0,230.7
III,Pampanga,Arayat,2019-02-24,20.7,32.1,69.2,0.0,20.2,218.3
III,Pampanga,Arayat,2019-02-25,21.4,32.7,69.7,0.0,21.0,220.3
III,Pampanga,Arayat,2019-02-26,22.2,33.5,71.7,0.0,22.2,219.1
III,Pampanga,Arayat,2019-02-27,22.9,31.7,72.4,16.7,21.8,204.3
III,Pampanga,Arayat,2019-02-28,22.8,32.0,70.1,0.0,21.4,229.0
III,Pampanga,Arayat,2019-03-01,22.0,31.3,67.0,0.0,20.0,215.0
III,Pampanga,Arayat,2019-03-02,22.4,29.8,68.5,0.0,19.8,217.4
III,Pampanga,Arayat,2019-03-03,22.1,28.9,68.1,0.0,19.1,230.2
III,Pampanga,Arayat,2019-03-04,22.4,30.1,65.7,0.0,19.4,213.4
III,Pampanga,Arayat,2019-03-05,22.9,30.1,66.2,0.0,19.7,213.6
III,Pampanga,Arayat,2019-03-06,23.5,32.0,67.5,0.0,21.2,216.8
III,Pampanga,Arayat,2019-03-07,23.1,30.9,67.6,0.0,20.5,238.3
III,Pampanga,Arayat,2019-03-08,23.1,29.9,68.3,0.0,20.2,234.8
III,Pampanga,Arayat,2019-03-09,22.1,29.6,66.4,0.0,19.1,222.0
III,Pampanga,Arayat,2019-03-10,23.4,30.7,66.3,0.0,20.3,221.0
III,Pampanga,Arayat,2019-03-11,23.1,31.7,68.0,0.0,21.0,208.2
III,Pampanga,Arayat,2019-03-12,22.7,30.8,68.7,0.0,20.5,205.9
III,Pampanga,Arayat,2019-03-13,22.8,31.0,69.9,0.0,20.9,213.9
III,Pampanga,Arayat,2019-03-14,23.1,32.3,68.4,0.0,21.4,
III,Pampanga,Arayat,2019-03-15,23.1,31.7,70.5,0.0,21.5,
III,Pampanga,Arayat,2019-03-16,22.4,31.7,75.6,21.1,22.2,
III,Pampanga,Arayat,2019-03-17,23.1,31.9,75.8,1.9,22.7,
III,Pampanga,Arayat,2019-03-18,23.8,32.7,75.1,0.0,23.3,
III,Pampanga,Arayat,2019-03-19,23.8,32.6,74.3,0.0,23.1,223.5
III,Pampanga,Arayat,2019-03-20,24.3,32.9,74.3,0.0,23.5,227.6
III,Pampanga,Arayat,2019-03-21,23.9,32.5,73.9,0.0,23.0,216.0
III,Pampanga,Arayat,2019-03-22,23.3,33.3,79.3,5.1,24.2,222.7
III,Pampanga,Arayat,2019-03-23,22.9,31.5,74.9,4.1,22.2,214.7
III,Pampanga,Arayat,2019-03-24,23.3,30.9,71.4,0.0,21.4,205.9
III,Pampanga,Arayat,2019-03-25,23.6,32.2,69.0,,21.7,222.9
III,Pampanga,Arayat,2019-03-26,23.0,33.6,67.0,,21.7,206.2
III,Pampanga,Arayat,2019-03-27,22.6,32.8,70.5,,21.8,213.2
III,Pampanga,Arayat,2019-03-28,22.4,33.6,71.4,,22.3,221.2
III,Pampanga,Arayat,2019-03-29,22.8,32.6,77.9,1.6,23.3,219.1
III,Pampanga,Arayat,2019-03-30,22.6,32.5,,10.5,23.5,204.5
III,Pampanga,Arayat,2019-03-31,23.3,32.4,,0.0,23.0,214.6
III,Pampanga,Arayat,2019-04-01,22.4,32.5,,0.0,22.0,217.5
III,Pampanga,Arayat,2019-04-02,22.3,33.6,,0.0,22.3,207.5
III,Pampanga,Arayat,2019-04-03,23.5,33.8,,-2.2,23.5,205.6
III,Pampanga,Arayat,2019-04-04,21.6,31.1,70.9,0.0,20.5,222.5
III,Pampanga,Arayat,2019-04-05,21.7,31.7,74.0,0.0,21.5,224.7
III,Pampanga,Arayat,2019-04-06,22.3,32.0,72.4,0.0,21.6,
III,Pampanga,Arayat,2019-04-07,22.1,30.7,77.4,2.1,21.9,
III,Pampanga,Arayat,2019-04-08,22.8,30.6,74.6,0.0,21.6,
III,Pampanga,Arayat,2019-04-09,22.1,30.4,78.3,21.3,21.9,
III,Pampanga,Arayat,2019-04-10,22.9,30.2,78.7,33.2,22.3,
III,Pampanga,Arayat,2019-04-11,23.4,30.2,74.2,0.0,21.6,243.9
III,Pampanga,Arayat,2019-04-12,23.2,30.0,76.9,0.0,22.0,220.1
III,Pampanga,Arayat,2019-04-13,22.6,30.2,80.6,8.1,22.5,217.0
III,Pampanga,Arayat,2019-04-14,22.5,30.0,75.3,0.0,21.3,
III,Pampanga,Arayat,2019-04-15,21.8,29.5,74.1,0.0,20.5,
III,Pampanga,Arayat,2019-04-16,22.2,29.8,72.1,0.0,20.4,
III,Pampanga,Arayat,2019-04-17,22.4,31.5,78.2,1.3,22.6,215.6
III,Pampanga,Arayat,2019-04-18,22.1,32.1,76.2,0.0,22.3,224.4
III,Pampanga,Arayat,2019-04-19,21.8,32.7,82.1,3.8,23.7,217.4
III,Pampanga,Arayat,2019-04-20,23.6,32.1,77.6,0.0,23.4,221.3
III,Pampanga,Arayat,2019-04-21,23.8,33.8,75.0,0.0,23.8,210.3
III,Pampanga,Arayat,2019-04-22,23.0,32.9,78.3,5.7,23.6,216.6
III,Pampanga,Arayat,2019-04-23,22.4,33.4,75.3,0.0,23.0,210.8
III,Pampanga,Arayat,2019-04-24,22.5,31.5,77.4,10.3,22.5,214.4
III,Pampanga,Arayat,2019-04-25,21.7,32.2,75.6,0.0,22.1,222.6
III,Pampanga,Arayat,2019-04-26,22.4,31.6,74.5,0.0,21.9,210.3
III,Pampanga,Arayat,2019-04-27,22.5,31.2,77.0,3.9,22.2,208.9
III,Pampanga,Arayat,2019-04-28,23.9,31.4,72.2,0.0,22.1,223.3
III,Pampanga,Arayat,2019-04-29,23.3,32.2,72.4,0.0,22.2,215.0
III,Pampanga,Arayat,2019-04-30,22.3,32.6,75.3,0.0,22.5,228.4
III,Pampanga,Arayat,2019-05-01,22.7,32.3,,0.0,22.5,223.9
III,Pampanga,Arayat,2019-05-02,23.6,32.5,,0.0,23.0,216.7
III,Pampanga,Arayat,2019-05-03,24.1,32.3,73.5,0.0,22.9,219.5
III,Pampanga,Arayat,2019-05-04,23.7,32.7,71.8,0.0,22.6,206.0
III,Pampanga,Arayat,2019-05-05,23.3,30.4,75.8,14.0,22.0,216.6
III,Pampanga,Arayat,2019-05-06,24.0,32.1,74.5,0.0,23.0,216.4
III,Pampanga,Arayat,2019-05-07,23.7,31.4,73.5,0.0,22.2,211.8
III,Pampanga,Arayat,2019-05-08,22.4,31.6,73.0,0.0,21.6,221.6
III,Pampanga,Arayat,2019-05-09,23.2,31.2,81.0,9.8,23.4,207.9
III,Pampanga,Arayat,2019-05-10,23.4,32.9,73.4,0.0,22.8,211.4
III,Pampanga,Arayat,2019-05-11,22.3,34.3,77.1,9.5,23.7,204.4
III,Pampanga,Arayat,2019-05-12,21.9,34.1,73.7,0.0,22.7,212.4
III,Pampanga,Arayat,2019-05-13,22.4,32.9,75.5,0.0,22.8,212.5
III,Pampanga,Arayat,2019-05-14,22.2,33.2,74.9,0.0,22.7,213.5
III,Pampanga,Arayat,2019-05-15,22.4,32.9,73.7,0.0,22.4,201.9
III,Pampanga,Arayat,2019-05-16,22.8,30.4,78.8,14.8,22.4,208.1
III,Pampanga,Arayat,2019-05-17,22.5,33.0,74.5,2.3,22.6,198.6
III,Pampanga,Arayat,2019-05-18,23.6,32.8,76.4,26.8,23.5,187.9
III,Pampanga,Arayat,2019-05-19,25.2,32.8,74.8,0.0,24.0,204.8
III,Pampanga,Arayat,2019-05-20,24.4,32.3,78.2,21.5,24.0,183.2
III,Pampanga,Arayat,2019-05-21,24.8,32.9,77.0,7.2,24.2,213.2
III,Pampanga,Arayat,2019-05-22,24.5,33.9,74.2,0.0,24.0,204.6
III,Pampanga,Arayat,2019-05-23,23.1,33.6,77.7,0.0,23.9,210.1
III,Pampanga,Arayat,2019-05-24,23.7,33.1,81.5,14.5,24.7,200.1
III,Pampanga,Arayat,2019-05-25,22.5,34.5,71.9,0.0,22.9,207.5
III,Pampanga,Arayat,2019-05-26,23.2,34.2,72.8,0.0,,217.1
III,Pampanga,Arayat,2019-05-27,23.6,34.0,77.7,0.0,,192.4
III,Pampanga,Arayat,2019-05-28,23.1,32.9,80.9,14.8,,210.9
III,Pampanga,Arayat,2019-05-29,22.5,32.5,76.0,0.0,22.7,215.2
III,Pampanga,Arayat,2019-05-30,22.8,32.6,76.7,0.0,23.0,202.8
III,Pampanga,Arayat,2019-05-31,22.9,31.9,77.3,0.0,22.9,202.1
III,Pampanga,Arayat,2019-06-01,23.0,31.2,77.8,0.0,22.7,205.3
III,Pampanga,Arayat,2019-06-02,23.1,30.7,85.3,2.2,24.0,207.6
III,Pampanga,Arayat,2019-06-03,23.7,29.6,82.9,0.0,,208.0
III,Pampanga,Arayat,2019-06-04,23.5,31.4,83.2,0.0,,201.5
III,Pampanga,Arayat,2019-06-05,23.3,31.9,79.5,0.0,,206.2
III,Pampanga,Arayat,2019-06-06,23.2,31.4,79.8,0.0,,196.6
III,Pampanga,Arayat,2019-06-07,23.2,30.7,83.3,5.9,,204.2
III,Pampanga,Arayat,2019-06-08,24.1,29.5,83.1,3.5,23.4,209.3
III,Pampanga,Arayat,2019-06-09,23.5,32.6,80.7,,24.2,212.1
III,Pampanga,Arayat,2019-06-10,23.1,32.1,82.9,,24.2,201.3
III,Pampanga,Arayat,2019-06-11,23.8,32.4,83.4,,24.8,207.7
III,Pampanga,Arayat,2019-06-12,24.1,32.0,85.3,14.0,25.1,200.4
III,Pampanga,Arayat,2019-06-13,24.4,32.5,80.6,0.0,24.6,202.0
III,Pampanga,Arayat,2019-06-14,23.1,33.8,80.0,0.0,24.4,208.9
III,Pampanga,Arayat,2019-06-15,22.9,33.5,81.9,17.2,24.6,194.3
III,Pampanga,Arayat,2019-06-16,22.1,31.7,78.6,12.1,22.6,193.8
III,Pampanga,Arayat,2019-06-17,22.3,32.2,75.9,0.0,22.4,212.0
III,Pampanga,Arayat,2019-06-18,22.8,31.1,77.5,0.0,22.5,199.4
III,Pampanga,Arayat,2019-06-19,24.2,32.5,79.7,0.0,24.3,209.8
III,Pampanga,Arayat,2019-06-20,23.9,31.8,78.6,0.0,23.6,202.8
III,Pampanga,Arayat,2019-06-21,24.2,32.0,78.7,0.0,23.8,200.0
III,Pampanga,Arayat,2019-06-22,24.0,32.9,77.8,0.0,24.0,221.1
III,Pampanga,Arayat,2019-06-23,23.3,32.9,77.2,0.0,23.5,213.6
III,Pampanga,Arayat,2019-06-24,23.4,33.8,79.3,10.7,24.5,198.4
III,Pampanga,Arayat,2019-06-25,22.7,32.0,76.2,74.1,22.6,156.2
III,Pampanga,Arayat,2019-06-26,24.0,31.9,75.6,1.6,23.1,209.3
III,Pampanga,Arayat,2019-06-27,22.8,30.6,78.0,25.6,22.3,182.6
III,Pampanga,Arayat,2019-06-28,21.9,30.6,79.0,21.3,22.0,193.1
III,Pampanga,Arayat,2019-06-29,23.4,30.3,75.7,0.0,22.0,202.0
III,Pampanga,Arayat,2019-06-30,24.3,32.0,81.8,3.1,24.5,207.2
III,Pampanga,Arayat,2019-07-01,23.9,31.8,76.3,0.0,23.1,209.9
III,Pampanga,Arayat,2019-07-02,23.6,32.5,80.7,9.1,24.2,203.5
III,Pampanga,Arayat,2019-07-03,24.2,33.3,80.6,6.8,24.9,199.0
III,Pampanga,Arayat,2019-07-04,24.9,34.1,80.8,6.2,25.7,206.0
III,Pampanga,Arayat,2019-07-05,23.4,35.0,79.9,2.5,25.2,209.7
III,Pampanga,Arayat,2019-07-06,22.6,35.3,76.0,0.0,24.2,198.2
III,Pampanga,Arayat,2019-07-07,23.4,34.4,76.3,0.0,24.2,213.8
III,Pampanga,Arayat,2019-07-08,23.4,32.5,81.5,1.0,24.2,188.9
III,Pampanga,Arayat,2019-07-09,22.7,33.5,78.5,0.0,23.8,205.7
III,Pampanga,Arayat,2019-07-10,23.3,32.0,76.8,0.0,23.0,188.9
III,Pampanga,Arayat,2019-07-11,23.6,32.3,76.1,0.0,23.2,206.0
III,Pampanga,Arayat,2019-07-12,24.8,34.1,76.7,0.8,24.8,210.1
III,Pampanga,Arayat,2019-07-13,23.9,31.2,82.3,28.4,24.0,188.2
III,Pampanga,Arayat,2019-07-14,24.8,31.8,78.0,0.0,23.9,197.1
III,Pampanga,Arayat,2019-07-15,25.1,30.9,85.2,11.1,25.0,191.8
III,Pampanga,Arayat,2019-07-16,25.5,30.6,82.5,3.0,24.6,185.4
III,Pampanga,Arayat,2019-07-17,24.5,31.2,75.5,0.4,23.0,195.1
III,Pampanga,Arayat,2019-07-18,25.0,31.4,78.0,5.8,23.8,186.8
III,Pampanga,Arayat,2019-07-19,24.7,31.8,80.0,7.6,24.2,196.8
III,Pampanga,Arayat,2019-07-20,23.9,31.1,80.2,17.5,23.5,191.3
III,Pampanga,Arayat,2019-07-21,24.5,32.3,79.5,0.0,24.3,193.5
III,Pampanga,Arayat,2019-07-22,24.7,32.6,79.8,0.0,24.6,203.4
III,Pampanga,Arayat,2019-07-23,22.4,30.9,84.7,7.0,23.6,198.5
III,Pampanga,Arayat,2019-07-24,22.8,31.4,77.7,0.0,22.6,192.7
III,Pampanga,Arayat,2019-07-25,24.2,31.3,79.5,0.0,23.6,196.7
III,Pampanga,Arayat,2019-07-26,24.4,30.9,81.6,28.4,24.0,181.1
III,Pampanga,Arayat,2019-07-27,25.1,31.7,87.0,2.7,25.8,202.4
III,Pampanga,Arayat,2019-07-28,24.7,34.0,81.5,0.0,25.6,188.2
III,Pampanga,Arayat,2019-07-29,24.3,34.5,89.0,8.4,27.2,187.1
III,Pampanga,Arayat,2019-07-30,24.0,33.0,84.2,9.3,25.3,179.0
III,Pampanga,Arayat,2019-07-31,23.7,34.5,76.4,0.0,24.4,183.0
III,Pampanga,Arayat,2019-08-01,24.5,34.5,76.0,0.0,24.7,186.2
III,Pampanga,Arayat,2019-08-02,24.4,34.0,76.4,0.0,24.5,213.0
III,Pampanga,Arayat,2019-08-03,24.8,33.1,80.4,27.3,25.0,180.9
III,Pampanga,Arayat,2019-08-04,23.6,32.9,86.6,1.8,25.6,193.7
III,Pampanga,Arayat,2019-08-05,24.1,35.7,86.2,0.0,27.1,205.7
III,Pampanga,Arayat,2019-08-06,23.9,35.9,88.4,8.0,27.6,186.6
III,Pampanga,Arayat,2019-08-07,22.9,34.3,89.3,47.1,26.5,142.7
III,Pampanga,Arayat,2019-08-08,23.5,34.7,81.3,0.0,25.4,198.0
III,Pampanga,Arayat,2019-08-09,23.4,34.4,81.6,4.4,25.2,191.5
III,Pampanga,Arayat,2019-08-10,21.6,33.9,76.3,0.0,23.0,197.7
III,Pampanga,Arayat,2019-08-11,22.2,33.2,79.8,19.8,23.7,182.0
III,Pampanga,Arayat,2019-08-12,22.7,34.5,81.5,5.7,24.9,189.4
III,Pampanga,Arayat,2019-08-13,23.7,35.7,78.2,0.0,25.3,206.8
III,Pampanga,Arayat,2019-08-14,23.5,33.4,82.0,27.5,24.8,172.2
III,Pampanga,Arayat,2019-08-15,24.7,32.7,84.5,19.4,25.6,183.3
III,Pampanga,Arayat,2019-08-16,23.1,30.8,86.6,43.9,24.3,171.2
III,Pampanga,Arayat,2019-08-17,23.2,33.7,84.8,0.0,25.4,188.3
III,Pampanga,Arayat,2019-08-18,24.1,32.5,91.8,2.9,26.7,189.4
III,Pampanga,Arayat,2019-08-19,24.3,33.1,88.9,0.0,26.5,188.1
III,Pampanga,Arayat,2019-08-20,23.3,32.6,87.7,1.5,25.5,204.4
III,Pampanga,Arayat,2019-08-21,,33.4,78.0,0.4,23.6,182.9
III,Pampanga,Arayat,2019-08-22,,32.9,85.0,6.1,24.2,199.9
III,Pampanga,Arayat,2019-08-23,,32.8,79.7,0.0,23.8,192.7
III,Pampanga,Arayat,2019-08-24,24.1,32.3,83.2,3.6,24.8,186.8
III,Pampanga,Arayat,2019-08-25,23.5,33.7,84.0,2.5,25.4,185.4
III,Pampanga,Arayat,2019-08-26,24.0,34.1,83.1,76.5,25.7,146.5
III,Pampanga,Arayat,2019-08-27,24.3,34.6,80.0,1.9,25.5,188.8
III,Pampanga,Arayat,2019-08-28,23.5,32.6,80.8,19.6,24.2,184.1
III,Pampanga,Arayat,2019-08-29,23.8,32.7,78.8,3.0,24.0,188.3
III,Pampanga,Arayat,2019-08-30,23.3,33.1,82.0,2.3,24.6,195.3
III,Pampanga,Arayat,2019-08-31,23.3,30.4,82.4,13.3,23.3,186.0
III,Pampanga,Arayat,2019-09-01,23.2,28.6,82.9,19.7,22.5,187.6
III,Pampanga,Arayat,2019-09-02,23.7,31.7,85.6,2.1,24.8,202.6
III,Pampanga,Arayat,2019-09-03,24.5,,85.2,6.1,25.2,195.1
III,Pampanga,Arayat,2019-09-04,25.0,,83.6,1.6,25.0,193.9
III,Pampanga,Arayat,2019-09-05,24.7,,84.4,45.9,25.0,170.8
III,Pampanga,Arayat,2019-09-06,25.2,,83.7,4.3,26.3,198.6
III,Pampanga,Arayat,2019-09-07,24.8,33.5,80.3,16.0,25.2,175.2
III,Pampanga,Arayat,2019-09-08,,32.5,81.0,,24.3,192.1
III,Pampanga,Arayat,2019-09-09,,34.2,86.8,,25.9,203.7
III,Pampanga,Arayat,2019-09-10,,34.2,85.4,5.5,26.2,196.4
III,Pampanga,Arayat,2019-09-11,,33.7,82.0,0.6,25.0,203.3
III,Pampanga,Arayat,2019-09-12,22.9,33.1,84.9,10.1,25.0,187.5
III,Pampanga,Arayat,2019-09-13,24.5,33.2,83.2,0.0,25.5,193.3
III,Pampanga,Arayat,2019-09-14,24.4,32.6,87.2,15.6,25.9,178.0
III,Pampanga,Arayat,2019-09-15,25.0,33.8,87.8,10.9,27.0,182.2
III,Pampanga,Arayat,2019-09-16,24.3,34.3,87.6,4.3,26.8,209.9
III,Pampanga,Arayat,2019-09-17,23.2,33.4,85.1,15.6,25.3,172.1
III,Pampanga,Arayat,2019-09-18,22.7,32.5,87.4,4.5,25.1,191.6
III,Pampanga,Arayat,2019-09-19,23.8,32.5,82.7,0.0,24.7,198.5
III,Pampanga,Arayat,2019-09-20,22.9,30.4,84.2,12.8,23.5,190.9
III,Pampanga,Arayat,2019-09-21,22.9,29.6,82.7,13.0,22.8,180.2
III,Pampanga,Arayat,2019-09-22,22.8,31.7,80.0,0.0,23.2,200.5
III,Pampanga,Arayat,2019-09-23,23.8,32.8,78.3,0.0,24.0,182.4
III,Pampanga,Arayat,2019-09-24,23.2,32.8,78.1,0.0,23.6,188.9
III,Pampanga,Arayat,2019-09-25,22.2,32.5,86.4,4.0,24.6,192.2
III,Pampanga,Arayat,2019-09-26,22.8,33.2,83.1,0.0,24.6,204.3
III,Pampanga,Arayat,2019-09-27,23.6,33.9,87.1,5.5,26.2,204.6
III,Pampanga,Arayat,2019-09-28,23.7,33.2,80.0,0.0,24.5,191.2
III,Pampanga,Arayat,2019-09-29,23.0,31.7,83.5,0.0,24.0,194.6
III,Pampanga,Arayat,2019-09-30,22.3,32.3,85.8,0.0,24.5,192.4
III,Pampanga,Arayat,2019-10-01,22.8,32.5,85.7,0.0,24.8,208.3
III,Pampanga,Arayat,2019-10-02,23.5,31.5,89.7,2.7,25.4,190.5
III,Pampanga,Arayat,2019-10-03,23.5,31.6,,18.8,25.1,175.8
III,Pampanga,Arayat,2019-10-04,23.9,30.8,,13.5,25.5,187.2
III,Pampanga,Arayat,2019-10-05,24.1,29.9,,9.4,23.8,202.6
III,Pampanga,Arayat,2019-10-06,24.8,30.8,,13.2,24.4,189.7
III,Pampanga,Arayat,2019-10-07,23.4,30.4,81.1,17.8,23.1,181.5
III,Pampanga,Arayat,2019-10-08,23.4,33.5,74.7,0.0,23.4,193.9
III,Pampanga,Arayat,2019-10-09,23.0,34.6,78.6,6.5,24.5,206.7
III,Pampanga,Arayat,2019-10-10,23.2,34.2,83.2,8.8,25.3,185.9
III,Pampanga,Arayat,2019-10-11,22.9,34.2,78.5,12.3,24.2,184.7
III,Pampanga,Arayat,2019-10-12,22.0,34.4,82.0,15.8,24.6,192.7
III,Pampanga,Arayat,2019-10-13,22.2,35.2,77.9,0.0,24.3,205.1
III,Pampanga,Arayat,2019-10-14,21.7,33.6,83.3,22.4,24.3,180.7
III,Pampanga,Arayat,2019-10-15,21.8,32.5,84.8,9.7,24.1,194.3
III,Pampanga,Arayat,2019-10-16,23.7,32.3,77.8,0.0,23.6,203.3
III,Pampanga,Arayat,2019-10-17,24.1,31.4,80.2,6.0,23.8,187.6
III,Pampanga,Arayat,2019-10-18,24.0,31.9,81.4,2.2,24.2,199.9
III,Pampanga,Arayat,2019-10-19,23.4,32.3,80.0,2.9,23.8,210.3
III,Pampanga,Arayat,2019-10-20,23.9,32.4,81.0,14.0,24.3,184.7
III,Pampanga,Arayat,2019-10-21,23.7,32.6,75.0,0.0,23.2,224.4
III,Pampanga,Arayat,2019-10-22,23.4,33.2,81.8,4.8,24.7,198.7
III,Pampanga,Arayat,2019-10-23,23.8,32.9,77.5,0.0,23.8,200.8
III,Pampanga,Arayat,2019-10-24,24.7,34.5,79.4,0.0,25.5,188.2
III,Pampanga,Arayat,2019-10-25,24.5,33.3,79.9,0.0,24.9,208.7
III,Pampanga,Arayat,2019-10-26,24.1,32.3,80.3,0.0,24.3,197.2
III,Pampanga,Arayat,2019-10-27,,30.2,80.8,0.0,23.0,212.8
III,Pampanga,Arayat,2019-10-28,,29.8,82.5,21.4,23.0,183.8
III,Pampanga,Arayat,2019-10-29,,32.7,78.6,0.0,23.5,211.9
III,Pampanga,Arayat,2019-10-30,,34.2,83.6,1.1,24.9,201.3
III,Pampanga,Arayat,2019-10-31,22.4,35.2,76.4,0.0,24.1,205.0
III,Pampanga,Arayat,2019-11-01,23.6,34.8,79.6,0.0,25.1,196.7
III,Pampanga,Arayat,2019-11-02,22.9,35.3,79.7,4.2,25.0,204.9
III,Pampanga,Arayat,2019-11-03,22.9,34.0,77.0,0.0,23.8,216.2
III,Pampanga,Arayat,2019-11-04,22.7,33.1,77.5,0.0,23.4,199.6
III,Pampanga,Arayat,2019-11-05,22.7,32.9,75.4,0.0,22.9,208.5
III,Pampanga,Arayat,2019-11-06,22.5,33.9,76.6,0.0,23.5,209.8
III,Pampanga,Arayat,2019-11-07,23.1,33.8,78.1,0.0,24.1,200.0
III,Pampanga,Arayat,2019-11-08,23.1,32.1,87.0,3.1,25.0,197.7
III,Pampanga,Arayat,2019-11-09,23.0,32.5,85.3,4.1,24.8,198.7
III,Pampanga,Arayat,2019-11-10,23.9,31.8,81.7,0.0,24.2,194.9
III,Pampanga,Arayat,2019-11-11,22.8,30.6,82.9,11.2,23.3,189.7
III,Pampanga,Arayat,2019-11-12,24.2,31.8,82.9,3.5,24.6,193.4
III,Pampanga,Arayat,2019-11-13,24.1,32.8,81.2,4.1,24.7,197.4
III,Pampanga,Arayat,2019-11-14,23.6,32.5,82.3,23.8,24.5,184.3
III,Pampanga,Arayat,2019-11-15,23.7,33.8,76.8,0.0,24.1,206.8
III,Pampanga,Arayat,2019-11-16,24.1,33.2,78.3,0.0,24.3,215.1
III,Pampanga,Arayat,2019-11-17,22.9,32.5,,24.9,24.3,189.2
III,Pampanga,Arayat,2019-11-18,23.5,32.6,,0.0,23.4,199.4
III,Pampanga,Arayat,2019-11-19,24.2,32.9,,2.9,24.7,214.4
III,Pampanga,Arayat,2019-11-20,22.7,33.8,,14.2,24.2,196.3
III,Pampanga,Arayat,2019-11-21,22.9,32.5,,0.0,23.4,225.3
III,Pampanga,Arayat,2019-11-22,23.1,33.5,81.3,0.0,24.6,221.2
III,Pampanga,Arayat,2019-11-23,23.2,33.5,78.9,0.4,24.1,206.7
III,Pampanga,Arayat,2019-11-24,22.7,33.5,82.9,0.0,24.7,201.8
III,Pampanga,Arayat,2019-11-25,22.4,32.0,88.0,27.9,24.8,183.0
III,Pampanga,Arayat,2019-11-26,23.7,32.4,81.5,0.0,24.3,216.6
III,Pampanga,Arayat,2019-11-27,24.3,33.3,82.4,0.0,25.3,212.3
III,Pampanga,Arayat,2019-11-28,24.4,30.9,83.9,22.6,24.4,175.1
III,Pampanga,Arayat,2019-11-29,25.0,31.7,79.0,0.0,24.2,205.7
III,Pampanga,Arayat,2019-11-30,24.1,30.6,83.4,5.0,24.0,198.3
III,Pampanga,Arayat,2019-12-01,24.3,29.2,78.8,13.1,22.5,204.2
III,Pampanga,Arayat,2019-12-02,24.6,29.1,78.1,0.0,22.5,227.9
III,Pampanga,Arayat,2019-12-03,24.4,30.5,76.8,0.0,22.8,202.6
III,Pampanga,Arayat,2019-12-04,,30.2,79.1,0.0,22.9,226.4
III,Pampanga,Arayat,2019-12-05,,31.1,80.6,0.0,23.5,203.1
III,Pampanga,Arayat,2019-12-06,,31.5,78.5,0.0,23.4,218.4
III,Pampanga,Arayat,2019-12-07,,30.5,79.9,20.4,23.3,196.4
III,Pampanga,Arayat,2019-12-08,25.3,31.1,73.5,0.0,22.9,213.9
III,Pampanga,Arayat,2019-12-09,25.3,31.3,70.9,0.0,22.5,211.3
III,Pampanga,Arayat,2019-12-10,25.7,30.8,71.6,0.0,22.6,205.2
III,Pampanga,Arayat,2019-12-11,25.1,30.1,74.0,0.0,22.4,214.9
III,Pampanga,Arayat,2019-12-12,24.1,31.6,74.9,0.0,22.8,200.2
III,Pampanga,Arayat,2019-12-13,23.2,31.6,77.2,0.0,22.8,203.0
III,Pampanga,Arayat,2019-12-14,22.6,31.2,75.5,0.0,22.0,217.4
III,Pampanga,Arayat,2019-12-15,23.9,31.4,80.1,1.7,23.7,201.7
III,Pampanga,Arayat,2019-12-16,23.6,30.9,75.6,,22.4,208.9
III,Pampanga,Arayat,2019-12-17,23.2,30.8,79.3,,22.9,190.6
III,Pampanga,Arayat,2019-12-18,23.7,32.5,76.9,0.0,23.5,216.7
III,Pampanga,Arayat,2019-12-19,22.9,32.1,79.7,16.5,23.4,206.5
III,Pampanga,Arayat,2019-12-20,23.0,33.0,74.6,0.0,22.9,202.8
III,Pampanga,Arayat,2019-12-21,24.5,33.0,71.4,0.0,23.0,206.2
III,Pampanga,Arayat,2019-12-22,23.9,30.5,74.5,30.8,22.1,185.9
III,Pampanga,Arayat,2019-12-23,24.4,31.4,72.4,0.7,22.4,209.6
III,Pampanga,Arayat,2019-12-24,25.4,34.0,73.6,0.0,24.4,220.9
III,Pampanga,Arayat,2019-12-25,22.6,31.3,78.7,33.5,22.7,187.6
III,Pampanga,Arayat,2019-12-26,23.0,35.1,76.5,0.0,24.4,205.3
III,Pampanga,Arayat,2019-12-27,22.8,33.6,78.9,0.0,24.0,220.5
III,Pampanga,Arayat,2019-12-28,22.6,33.7,77.4,0.0,23.6,202.0
III,Pampanga,Arayat,2019-12-29,23.0,34.4,74.8,0.0,23.7,229.5
III,Pampanga,Arayat,2019-12-30,22.5,34.1,69.1,0.0,22.1,222.4
III,Pampanga,Arayat,2019-12-31,22.4,33.3,71.1,0.0,22.1,212.9
III,Pampanga,Arayat,2020-01-01,22.9,32.7,73.5,0.0,22.5,218.8
III,Pampanga,Arayat,2020-01-02,21.8,33.6,70.7,0.0,21.8,216.6
III,Pampanga,Arayat,2020-01-03,22.1,31.1,,7.4,22.2,207.6
III,Pampanga,Arayat,2020-01-04,22.5,31.7,,5.3,22.6,205.2
III,Pampanga,Arayat,2020-01-05,22.7,31.3,72.6,0.0,21.5,227.5
III,Pampanga,Arayat,2020-01-06,22.6,31.1,80.6,5.3,23.0,219.3
III,Pampanga,Arayat,2020-01-07,23.0,30.4,75.1,0.0,21.7,220.1
III,Pampanga,Arayat,2020-01-08,23.6,31.3,79.0,5.2,23.3,222.3
III,Pampanga,Arayat,2020-01-09,22.7,31.4,75.4,0.0,22.1,222.0
III,Pampanga,Arayat,2020-01-10,22.4,33.3,72.2,0.0,22.3,216.6
III,Pampanga,Arayat,2020-01-11,22.2,32.0,70.9,0.0,21.3,220.2
III,Pampanga,Arayat,2020-01-12,22.7,33.3,74.5,0.0,22.9,221.5
III,Pampanga,Arayat,2020-01-13,22.6,32.3,76.9,13.9,22.8,220.7
III,Pampanga,Arayat,2020-01-14,22.9,30.6,79.9,19.7,22.7,195.1
III,Pampanga,Arayat,2020-01-15,24.2,32.3,78.6,0.0,24.0,221.0
III,Pampanga,Arayat,2020-01-16,24.4,32.5,76.8,0.0,23.8,212.6
III,Pampanga,Arayat,2020-01-17,24.0,31.7,75.7,0.0,23.0,217.7
III,Pampanga,Arayat,2020-01-18,24.4,31.4,78.2,0.0,23.5,221.9
III,Pampanga,Arayat,2020-01-19,24.8,31.3,73.8,0.0,22.8,222.0
III,Pampanga,Arayat,2020-01-20,25.0,31.5,76.2,0.0,23.5,209.3
III,Pampanga,Arayat,2020-01-21,23.5,32.5,75.3,0.0,23.1,231.3
III,Pampanga,Arayat,2020-01-22,22.2,32.6,73.6,0.0,22.1,201.0
III,Pampanga,Arayat,2020-01-23,22.9,32.7,70.0,0.0,21.8,227.9
III,Pampanga,Arayat,2020-01-24,22.9,33.3,76.0,1.7,23.3,230.9
III,Pampanga,Arayat,2020-01-25,23.0,33.4,75.2,3.9,23.2,225.0
III,Pampanga,Arayat,2020-01-26,22.6,33.0,70.3,0.0,21.9,217.9
III,Pampanga,Arayat,2020-01-27,24.3,32.2,71.3,0.0,22.5,219.2
III,Pampanga,Arayat,2020-01-28,23.3,33.8,71.7,0.0,22.9,228.8
III,Pampanga,Arayat,2020-01-29,22.2,33.4,67.3,0.0,21.3,218.5
III,Pampanga,Arayat,2020-01-30,23.1,32.5,69.9,0.0,21.8,225.3
III,Pampanga,Arayat,2020-01-31,22.1,32.5,68.6,0.0,21.0,222.8
III,Pampanga,Arayat,2020-02-01,21.8,29.5,66.9,0.0,19.0,233.1
III,Pampanga,Arayat,2020-02-02,20.8,30.1,66.5,0.0,18.8,212.7
III,Pampanga,Arayat,2020-02-03,20.8,29.9,67.6,0.0,18.9,238.8
III,Pampanga,Arayat,2020-02-04,21.5,30.3,66.0,0.0,19.1,210.8
III,Pampanga,Arayat,2020-02-05,22.3,31.9,72.3,0.0,21.6,220.5
III,Pampanga,Arayat,2020-02-06,22.1,33.5,72.8,0.0,22.4,220.9
III,Pampanga,Arayat,2020-02-07,22.6,33.5,72.7,0.0,22.6,240.4
III,Pampanga,Arayat,2020-02-08,22.2,33.1,72.4,0.0,22.1,218.4
III,Pampanga,Arayat,2020-02-09,22.5,32.6,71.4,0.0,21.8,220.5
III,Pampanga,Arayat,2020-02-10,22.9,33.1,69.8,0.0,22.0,221.1
III,Pampanga,Arayat,2020-02-11,22.5,33.6,69.2,0.0,21.9,210.8
III,Pampanga,Arayat,2020-02-12,22.9,30.9,68.6,0.0,20.6,211.9
III,Pampanga,Arayat,2020-02-13,22.2,31.7,70.3,0.0,21.0,232.5
III,Pampanga,Arayat,2020-02-14,23.1,31.7,66.8,0.0,20.8,223.6
III,Pampanga,Arayat,2020-02-15,23.6,31.0,64.1,0.0,20.1,218.7
III,Pampanga,Arayat,2020-02-16,24.1,30.5,66.9,0.0,20.7,216.0
III,Pampanga,Arayat,2020-02-17,24.2,30.3,65.9,0.0,20.4,209.6
III,Pampanga,Arayat,2020-02-18,24.7,32.1,65.8,0.0,21.6,214.1
III,Pampanga,Arayat,2020-02-19,24.5,32.3,68.3,0.0,22.1,213.0
III,Pampanga,Arayat,2020-02-20,24.7,33.0,68.7,0.0,22.6,216.4
III,Pampanga,Arayat,2020-02-21,33.482155404691696,32.0,69.3,0.0,21.8,210.8
III,Pampanga,Arayat,2020-02-22,22.9,33.2,71.1,0.0,22.3,214.8
III,Pampanga,Arayat,2020-02-23,22.8,33.5,69.5,0.0,22.0,229.5
III,Pampanga,Arayat,2020-02-24,23.6,33.0,68.0,0.0,21.9,219.7
III,Pampanga,Arayat,2020-02-25,23.0,32.3,69.2,0.0,21.5,218.8
III,Pampanga,Arayat,2020-02-26,24.0,31.5,69.1,0.0,21.6,215.8
III,Pampanga,Arayat,2020-02-27,23.5,30.8,73.7,12.9,21.9,205.6
III,Pampanga,Arayat,2020-02-28,23.6,31.7,72.4,0.0,22.1,218.7
III,Pampanga,Arayat,2020-02-29,23.8,31.1,67.9,0.0,21.0,214.5
III,Pampanga,Arayat,2020-03-01,23.9,31.2,65.8,0.0,20.7,206.7
III,Pampanga,Arayat,2020-03-02,23.3,30.2,66.6,0.0,20.1,227.7
III,Pampanga,Arayat,2020-03-03,22.9,30.9,71.0,0.0,21.1,221.5
III,Pampanga,Arayat,2020-03-04,22.8,31.1,75.4,0.0,22.0,228.3
III,Pampanga,Arayat,2020-03-05,22.7,31.2,74.1,0.0,21.8,223.5
III,Pampanga,Arayat,2020-03-06,23.2,31.5,74.0,0.0,22.2,228.5
III,Pampanga,Arayat,2020-03-07,23.6,32.0,74.5,0.0,22.7,222.2
III,Pampanga,Arayat,2020-03-08,22.4,33.2,71.7,,22.1,228.2
III,Pampanga,Arayat,2020-03-09,22.9,31.0,72.2,,21.4,195.7
III,Pampanga,Arayat,2020-03-10,24.1,31.5,71.6,,22.1,233.4
III,Pampanga,Arayat,2020-03-11,23.0,32.3,74.3,,22.5,236.6
III,Pampanga,Arayat,2020-03-12,22.9,30.6,75.9,0.0,21.9,223.5
III,Pampanga,Arayat,2020-03-13,23.4,30.8,75.0,0.0,22.1,228.2
III,Pampanga,Arayat,2020-03-14,23.4,30.8,70.5,0.0,21.2,212.7
III,Pampanga,Arayat,2020-03-15,23.4,32.2,69.6,0.0,21.7,212.6
III,Pampanga,Arayat,2020-03-16,24.2,31.7,70.7,0.0,22.1,211.7
III,Pampanga,Arayat,2020-03-17,24.6,31.2,72.8,0.0,22.5,218.7
III,Pampanga,Arayat,2020-03-18,25.0,29.6,71.0,0.0,21.5,
III,Pampanga,Arayat,2020-03-19,24.5,30.3,71.9,0.0,21.8,
III,Pampanga,Arayat,2020-03-20,23.7,30.4,72.5,0.0,21.5,
III,Pampanga,Arayat,2020-03-21,24.6,30.4,72.3,0.0,22.0,232.1
III,Pampanga,Arayat,2020-03-22,24.1,30.3,68.8,0.0,21.0,224.3
III,Pampanga,Arayat,2020-03-23,24.1,29.6,70.5,0.0,21.0,217.3
III,Pampanga,Arayat,2020-03-24,23.8,29.8,71.9,0.0,21.2,228.4
III,Pampanga,Arayat,2020-03-25,23.9,30.8,72.3,0.0,21.8,219.6
III,Pampanga,Arayat,2020-03-26,23.3,32.3,73.2,0.0,22.4,216.4
III,Pampanga,Arayat,2020-03-27,22.8,31.5,74.3,0.0,22.0,213.1
III,Pampanga,Arayat,2020-03-28,22.8,32.4,70.4,0.0,21.7,223.3
III,Pampanga,Arayat,2020-03-29,22.0,31.6,75.5,18.3,21.9,198.2
III,Pampanga,Arayat,2020-03-30,21.2,33.2,70.0,0.0,21.2,211.9
III,Pampanga,Arayat,2020-03-31,22.1,33.2,74.3,11.1,22.5,220.2
III,Pampanga,Arayat,2020-04-01,22.4,33.7,70.2,0.0,22.1,226.8
III,Pampanga,Arayat,2020-04-02,22.1,33.7,70.9,0.0,22.1,234.3
III,Pampanga,Arayat,2020-04-03,22.5,33.3,69.5,0.0,21.8,226.8
III,Pampanga,Arayat,2020-04-04,22.7,32.0,69.5,0.0,21.2,225.3
III,Pampanga,Arayat,2020-04-05,22.8,31.4,71.2,0.0,21.3,215.5
III,Pampanga,Arayat,2020-04-06,23.6,32.8,68.9,0.0,22.0,226.3
III,Pampanga,Arayat,2020-04-07,23.6,33.7,67.3,0.0,22.1,220.9
III,Pampanga,Arayat,2020-04-08,22.0,33.6,73.1,2.6,22.4,218.5
III,Pampanga,Arayat,2020-04-09,21.7,33.0,69.5,0.0,21.2,215.6
III,Pampanga,Arayat,2020-04-10,22.8,33.8,74.9,12.1,23.3,216.9
III,Pampanga,Arayat,2020-04-11,,33.8,70.4,0.0,21.8,224.6
III,Pampanga,Arayat,2020-04-12,,33.3,69.6,0.0,22.4,222.0
III,Pampanga,Arayat,2020-04-13,,35.0,71.6,0.0,23.8,219.5
III,Pampanga,Arayat,2020-04-14,23.6,34.3,72.0,0.0,23.4,215.4
III,Pampanga,Arayat,2020-04-15,,34.2,73.0,0.0,23.0,221.1
III,Pampanga,Arayat,2020-04-16,,33.2,75.0,1.2,23.0,205.7
III,Pampanga,Arayat,2020-04-17,,34.4,75.1,13.9,23.6,212.8
III,Pampanga,Arayat,2020-04-18,,31.6,69.4,0.0,21.1,232.0
III,Pampanga,Arayat,2020-04-19,,31.7,71.3,0.0,21.3,226.3
III,Pampanga,Arayat,2020-04-20,22.8,31.6,,12.4,22.4,202.0
III,Pampanga,Arayat,2020-04-21,23.7,32.8,,0.0,22.7,228.3
III,Pampanga,Arayat,2020-04-22,22.6,34.1,,0.0,22.8,207.9
III,Pampanga,Arayat,2020-04-23,22.4,34.5,,0.0,22.6,217.6
III,Pampanga,Arayat,2020-04-24,22.1,35.2,,,23.4,212.2
III,Pampanga,Arayat,2020-04-25,22.8,34.5,78.8,,24.4,220.5
III,Pampanga,Arayat,2020-04-26,21.6,33.9,77.1,,23.2,212.4
III,Pampanga,Arayat,2020-04-27,21.0,32.8,76.2,,22.1,226.9
III,Pampanga,Arayat,2020-04-28,21.8,31.4,80.0,,22.6,217.6
III,Pampanga,Arayat,2020-04-29,22.6,32.0,77.6,0.0,22.8,220.3
III,Pampanga,Arayat,2020-04-30,23.1,32.1,75.0,0.0,22.6,223.3
III,Pampanga,Arayat,2020-05-01,23.1,32.8,77.2,0.0,23.4,214.6
III,Pampanga,Arayat,2020-05-02,22.7,33.4,76.9,0.0,23.4,218.7
III,Pampanga,Arayat,2020-05-03,22.9,31.9,75.9,0.0,22.6,219.6
III,Pampanga,Arayat,2020-05-04,23.0,30.5,74.3,17.8,21.6,210.6
III,Pampanga,Arayat,2020-05-05,24.0,31.7,74.5,0.0,22.8,214.8
III,Pampanga,Arayat,2020-05-06,24.5,32.6,74.5,0.0,23.5,212.4
III,Pampanga,Arayat,2020-05-07,24.5,33.9,73.3,0.0,23.9,220.0
III,Pampanga,Arayat,2020-05-08,23.9,34.0,78.1,2.0,24.6,213.4
III,Pampanga,Arayat,2020-05-09,24.0,33.6,74.3,0.0,23.7,205.1
III,Pampanga,Arayat,2020-05-10,23.7,32.5,78.1,4.5,23.7,215.3
III,Pampanga,Arayat,2020-05-11,23.7,31.6,73.9,0.0,22.4,209.5
III,Pampanga,Arayat,2020-05-12,23.2,32.6,72.5,0.0,22.4,215.0
III,Pampanga,Arayat,2020-05-13,23.8,32.5,73.7,0.0,22.9,215.5
III,Pampanga,Arayat,2020-05-14,24.5,31.7,74.6,0.0,23.0,220.5
III,Pampanga,Arayat,2020-05-15,24.7,31.6,75.3,0.0,23.2,219.4
III,Pampanga,Arayat,2020-05-16,24.6,31.8,72.6,0.0,22.7,213.7
III,Pampanga,Arayat,2020-05-17,23.8,33.8,73.8,0.0,23.6,201.7
III,Pampanga,Arayat,2020-05-18,23.3,32.7,71.7,0.0,22.3,215.5
III,Pampanga,Arayat,2020-05-19,23.5,32.4,72.5,0.0,22.4,210.9
III,Pampanga,Arayat,2020-05-20,23.1,30.9,,7.3,22.6,197.3
III,Pampanga,Arayat,2020-05-21,23.1,32.4,,0.0,21.8,224.5
III,Pampanga,Arayat,2020-05-22,23.5,31.8,74.4,0.0,22.5,212.3
III,Pampanga,Arayat,2020-05-23,23.4,30.0,73.8,0.0,21.5,211.5
III,Pampanga,Arayat,2020-05-24,24.2,30.9,75.4,,22.6,221.1
III,Pampanga,Arayat,2020-05-25,23.9,30.4,73.1,,21.8,219.0
III,Pampanga,Arayat,2020-05-26,23.6,31.6,71.3,,21.9,207.7
III,Pampanga,Arayat,2020-05-27,23.4,31.6,71.3,0.0,21.8,208.9
III,Pampanga,Arayat,2020-05-28,22.1,32.6,74.9,24.1,22.3,181.5
III,Pampanga,Arayat,2020-05-29,21.6,32.4,75.7,22.5,22.1,186.2
III,Pampanga,Arayat,2020-05-30,22.5,34.6,73.2,0.0,23.2,224.5
III,Pampanga,Arayat,2020-05-31,22.9,32.7,73.6,0.5,22.5,201.2
III,Pampanga,Arayat,2020-06-01,22.2,32.7,77.0,0.0,22.8,203.6
III,Pampanga,Arayat,2020-06-02,22.0,32.3,75.6,0.0,22.3,228.9
III,Pampanga,Arayat,2020-06-03,22.1,31.6,77.1,0.0,22.3,210.8
III,Pampanga,Arayat,2020-06-04,23.2,32.0,85.5,16.7,24.7,185.5
III,Pampanga,Arayat,2020-06-05,23.3,33.9,83.6,4.6,25.3,203.1
III,Pampanga,Arayat,2020-06-06,23.1,32.5,81.2,2.5,24.0,203.4
III,Pampanga,Arayat,2020-06-07,22.4,32.3,74.6,0.0,22.3,209.2
III,Pampanga,Arayat,2020-06-08,23.5,33.5,77.6,0.0,24.0,221.8
III,Pampanga,Arayat,2020-06-09,22.6,34.5,77.2,0.0,24.0,207.6
III,Pampanga,Arayat,2020-06-10,22.4,35.0,77.6,0.0,24.2,190.3
III,Pampanga,Arayat,2020-06-11,22.3,35.9,79.6,1.3,25.0,206.7
III,Pampanga,Arayat,2020-06-12,22.2,34.2,74.8,0.0,23.2,218.2
III,Pampanga,Arayat,2020-06-13,22.8,31.5,79.3,11.3,23.0,194.9
III,Pampanga,Arayat,2020-06-14,22.0,31.9,79.2,0.0,22.8,210.9
III,Pampanga,Arayat,2020-06-15,21.2,30.2,82.7,32.7,22.2,183.2
III,Pampanga,Arayat,2020-06-16,21.9,31.6,82.8,4.4,23.3,202.2
III,Pampanga,Arayat,2020-06-17,22.2,,79.1,0.0,22.8,216.0
III,Pampanga,Arayat,2020-06-18,24.0,,84.7,3.8,24.9,198.3
III,Pampanga,Arayat,2020-06-19,23.5,,81.7,0.0,23.7,211.5
III,Pampanga,Arayat,2020-06-20,24.2,,84.1,0.0,24.1,208.9
III,Pampanga,Arayat,2020-06-21,24.0,32.7,81.6,0.0,24.7,210.5
III,Pampanga,Arayat,2020-06-22,23.5,32.3,80.1,0.0,23.9,209.8
III,Pampanga,Arayat,2020-06-23,23.2,33.5,76.1,0.0,23.6,193.1
III,Pampanga,Arayat,2020-06-24,23.9,33.3,75.4,0.0,23.7,207.2
III,Pampanga,Arayat,2020-06-25,23.8,35.1,74.8,0.0,24.4,214.5
III,Pampanga,Arayat,2020-06-26,24.4,33.9,80.6,18.9,25.3,175.5
III,Pampanga,Arayat,2020-06-27,24.3,34.0,80.7,0.0,25.3,209.8
III,Pampanga,Arayat,2020-06-28,23.5,33.4,79.8,0.0,24.4,207.4
III,Pampanga,Arayat,2020-06-29,24.9,31.6,81.1,0.0,24.5,209.0
III,Pampanga,Arayat,2020-06-30,23.9,28.1,87.1,143.5,23.4,152.1
III,Pampanga,Arayat,2020-07-01,24.1,30.1,86.7,18.8,,180.3
III,Pampanga,Arayat,2020-07-02,23.7,31.8,85.5,6.5,,203.4
III,Pampanga,Arayat,2020-07-03,23.3,30.8,82.1,20.4,,175.7
III,Pampanga,Arayat,2020-07-04,23.7,31.9,78.2,0.0,,193.6
III,Pampanga,Arayat,2020-07-05,23.6,30.8,79.8,0.0,,196.1
III,Pampanga,Arayat,2020-07-06,23.4,32.9,80.3,0.0,24.2,197.2
III,Pampanga,Arayat,2020-07-07,23.5,31.8,88.4,13.6,25.3,189.4
III,Pampanga,Arayat,2020-07-08,24.7,32.6,84.8,0.0,25.6,214.6
III,Pampanga,Arayat,2020-07-09,24.5,31.4,89.0,18.9,25.8,204.7
III,Pampanga,Arayat,2020-07-10,24.5,32.3,85.7,4.3,25.5,187.7
III,Pampanga,Arayat,2020-07-11,24.4,34.1,80.7,0.0,25.4,195.4
III,Pampanga,Arayat,2020-07-12,23.4,32.3,86.7,12.4,25.2,195.2
III,Pampanga,Arayat,2020-07-13,23.7,33.4,85.5,2.9,25.6,184.1
III,Pampanga,Arayat,2020-07-14,23.6,33.2,88.8,1.2,26.2,206.5
III,Pampanga,Arayat,2020-07-15,23.6,31.8,86.6,17.3,25.0,179.3
III,Pampanga,Arayat,2020-07-16,24.9,33.4,85.3,14.7,26.2,188.6
III,Pampanga,Arayat,2020-07-17,25.4,32.8,87.0,2.1,26.5,185.4
III,Pampanga,Arayat,2020-07-18,24.8,31.1,85.7,32.0,25.1,174.5
III,Pampanga,Arayat,2020-07-19,24.7,32.4,79.8,0.0,24.5,203.1
III,Pampanga,Arayat,2020-07-20,23.2,34.1,78.6,0.0,24.4,195.3
III,Pampanga,Arayat,2020-07-21,23.2,33.9,81.7,3.9,24.9,190.8
III,Pampanga,Arayat,2020-07-22,22.4,34.4,79.6,2.7,24.3,204.2
III,Pampanga,Arayat,2020-07-23,23.6,33.8,79.3,0.0,24.6,209.5
III,Pampanga,Arayat,2020-07-24,23.1,33.1,,8.4,25.5,193.6
III,Pampanga,Arayat,2020-07-25,22.4,32.7,,201.6,24.2,141.0
III,Pampanga,Arayat,2020-07-26,22.8,34.0,,17.6,25.0,165.8
III,Pampanga,Arayat,2020-07-27,23.4,35.5,84.8,3.0,26.4,206.7
III,Pampanga,Arayat,2020-07-28,23.9,33.0,85.1,14.1,25.5,185.2
III,Pampanga,Arayat,2020-07-29,23.3,34.5,80.8,0.0,25.1,199.9
III,Pampanga,Arayat,2020-07-30,22.9,32.1,84.4,21.9,24.4,186.1
III,Pampanga,Arayat,2020-07-31,22.7,33.2,82.0,0.8,24.4,200.8
III,Pampanga,Arayat,2020-08-01,22.5,33.0,84.8,6.9,24.7,179.4
III,Pampanga,Arayat,2020-08-02,23.4,33.1,80.1,0.0,24.3,184.0
III,Pampanga,Arayat,2020-08-03,22.3,31.9,86.4,14.3,24.4,198.4
III,Pampanga,Arayat,2020-08-04,21.8,32.4,83.0,0.0,23.7,200.5
III,Pampanga,Arayat,2020-08-05,23.1,32.9,82.3,0.0,24.5,201.7
III,Pampanga,Arayat,2020-08-06,23.7,32.0,83.5,0.0,24.6,216.2
III,Pampanga,Arayat,2020-08-07,23.6,32.2,82.2,0.0,24.3,197.3
III,Pampanga,Arayat,2020-08-08,23.3,31.9,85.4,14.4,24.7,189.7
III,Pampanga,Arayat,2020-08-09,23.6,32.0,82.5,7.2,24.3,194.3
III,Pampanga,Arayat,2020-08-10,23.2,32.9,84.5,6.9,24.9,188.1
III,Pampanga,Arayat,2020-08-11,23.0,33.9,85.5,11.9,25.6,190.2
III,Pampanga,Arayat,2020-08-12,23.8,34.0,81.1,2.2,25.1,184.0
III,Pampanga,Arayat,2020-08-13,25.0,34.0,77.7,0.0,25.0,198.7
III,Pampanga,Arayat,2020-08-14,24.6,32.2,82.4,9.7,24.9,190.7
III,Pampanga,Arayat,2020-08-15,23.6,29.5,83.9,39.6,23.3,165.4
III,Pampanga,Arayat,2020-08-16,24.9,32.2,79.1,0.0,24.4,188.3
III,Pampanga,Arayat,2020-08-17,23.6,31.9,83.9,30.0,24.5,172.3
III,Pampanga,Arayat,2020-08-18,24.2,35.1,80.9,0.0,25.8,205.5
III,Pampanga,Arayat,2020-08-19,24.3,34.5,76.6,0.0,24.7,197.3
III,Pampanga,Arayat,2020-08-20,23.3,31.4,81.8,102.4,23.7,145.7
III,Pampanga,Arayat,2020-08-21,23.9,33.5,81.8,0.0,25.1,191.4
III,Pampanga,Arayat,2020-08-22,23.1,33.7,81.4,0.0,24.7,201.5
III,Pampanga,Arayat,2020-08-23,22.8,32.7,86.7,5.1,25.1,188.4
III,Pampanga,Arayat,2020-08-24,22.2,31.9,86.0,0.0,24.2,190.6
III,Pampanga,Arayat,2020-08-25,22.7,31.6,86.7,6.1,24.5,194.7
III,Pampanga,Arayat,2020-08-26,23.5,33.9,81.4,0.0,25.0,203.1
III,Pampanga,Arayat,2020-08-27,23.3,34.6,87.3,7.9,26.4,194.0
III,Pampanga,Arayat,2020-08-28,23.8,32.5,85.6,11.0,25.3,192.2
III,Pampanga,Arayat,2020-08-29,24.6,33.4,81.4,0.0,25.3,192.3
III,Pampanga,Arayat,2020-08-30,24.2,34.5,81.8,1.0,25.7,188.1
III,Pampanga,Arayat,2020-08-31,23.5,33.9,84.3,9.4,25.6,181.3
III,Pampanga,Arayat,2020-09-01,23.7,33.8,81.2,13.2,25.0,175.6
III,Pampanga,Arayat,2020-09-02,23.3,32.8,79.8,6.3,24.0,
III,Pampanga,Arayat,2020-09-03,23.0,32.6,81.3,9.9,24.1,
III,Pampanga,Arayat,2020-09-04,23.4,33.2,82.2,9.0,24.7,
III,Pampanga,Arayat,2020-09-05,23.5,33.3,,6.5,25.0,
III,Pampanga,Arayat,2020-09-06,24.8,32.5,,2.1,25.2,206.1
III,Pampanga,Arayat,2020-09-07,24.7,34.3,84.7,10.2,26.4,188.6
III,Pampanga,Arayat,2020-09-08,25.5,34.4,84.0,0.0,26.8,186.6
III,Pampanga,Arayat,2020-09-09,25.0,34.0,84.5,0.0,26.4,196.8
III,Pampanga,Arayat,2020-09-10,24.1,32.4,86.3,23.7,25.5,162.8
III,Pampanga,Arayat,2020-09-11,24.8,31.7,85.8,4.2,25.4,198.6
III,Pampanga,Arayat,2020-09-12,24.1,30.6,85.2,45.7,24.4,159.5
III,Pampanga,Arayat,2020-09-13,25.1,33.4,78.9,0.0,25.0,203.2
III,Pampanga,Arayat,2020-09-14,24.3,33.0,77.7,0.0,24.2,200.1
III,Pampanga,Arayat,2020-09-15,24.2,31.9,75.4,0.0,23.1,207.9
III,Pampanga,Arayat,2020-09-16,24.6,31.7,78.8,0.0,23.9,191.3
III,Pampanga,Arayat,2020-09-17,23.8,31.1,86.5,,24.8,164.9
III,Pampanga,Arayat,2020-09-18,25.3,32.9,84.4,,26.0,186.9
III,Pampanga,Arayat,2020-09-19,25.5,33.1,84.4,,26.2,216.5
III,Pampanga,Arayat,2020-09-20,24.3,33.1,82.5,,25.2,193.2
III,Pampanga,Arayat,2020-09-21,24.0,33.3,83.9,,25.4,196.0
III,Pampanga,Arayat,2020-09-22,24.8,33.7,85.4,9.4,26.3,171.9
III,Pampanga,Arayat,2020-09-23,25.7,34.9,85.4,0.0,27.4,208.5
III,Pampanga,Arayat,2020-09-24,24.9,35.8,86.4,,27.6,190.1
III,Pampanga,Arayat,2020-09-25,25.7,35.0,83.8,,27.1,187.7
III,Pampanga,Arayat,2020-09-26,26.0,34.4,,,27.1,201.3
III,Pampanga,Arayat,2020-09-27,25.1,33.2,,11.5,26.5,197.8
III,Pampanga,Arayat,2020-09-28,23.7,32.0,,15.6,25.0,186.9
III,Pampanga,Arayat,2020-09-29,24.0,33.5,,0.0,24.7,206.7
III,Pampanga,Arayat,2020-09-30,23.1,34.4,,0.0,24.0,189.9
III,Pampanga,Arayat,2020-10-01,23.8,32.8,78.2,0.0,23.9,203.1
III,Pampanga,Arayat,2020-10-02,24.4,31.3,78.7,0.0,,199.5
III,Pampanga,Arayat,2020-10-03,24.7,31.7,85.5,8.9,,190.4
III,Pampanga,Arayat,2020-10-04,24.4,33.2,79.9,0.0,,192.4
III,Pampanga,Arayat,2020-10-05,23.9,31.3,82.5,4.0,,207.2
III,Pampanga,Arayat,2020-10-06,22.9,31.9,82.3,5.3,,203.9
III,Pampanga,Arayat,2020-10-07,21.5,31.5,83.4,20.4,23.2,195.1
III,Pampanga,Arayat,2020-10-08,21.1,32.2,,27.2,23.4,186.9
III,Pampanga,Arayat,2020-10-09,23.2,33.3,,0.0,23.9,201.1
III,Pampanga,Arayat,2020-10-10,23.8,33.4,,0.0,24.2,201.2
III,Pampanga,Arayat,2020-10-11,23.1,33.2,,22.0,25.0,182.9
III,Pampanga,Arayat,2020-10-12,24.0,32.9,86.5,8.5,25.8,179.0
III,Pampanga,Arayat,2020-10-13,23.9,33.8,79.7,0.0,24.8,193.7
III,Pampanga,Arayat,2020-10-14,23.0,,81.1,0.0,24.5,213.2
III,Pampanga,Arayat,2020-10-15,22.9,,85.0,6.5,24.6,194.7
III,Pampanga,Arayat,2020-10-16,23.2,,86.5,14.1,25.0,194.5
III,Pampanga,Arayat,2020-10-17,24.3,,87.2,5.8,26.6,204.5
III,Pampanga,Arayat,2020-10-18,24.9,,87.2,10.6,26.7,183.6
III,Pampanga,Arayat,2020-10-19,24.6,34.2,84.2,5.3,,209.0
III,Pampanga,Arayat,2020-10-20,25.6,32.2,79.2,0.0,,202.3
III,Pampanga,Arayat,2020-10-21,25.1,32.9,78.9,0.0,,194.3
III,Pampanga,Arayat,2020-10-22,24.9,31.4,86.0,13.3,25.3,189.7
III,Pampanga,Arayat,2020-10-23,24.2,32.2,85.8,4.0,25.4,198.8
III,Pampanga,Arayat,2020-10-24,23.7,34.2,83.5,0.0,25.6,205.7
III,Pampanga,Arayat,2020-10-25,23.6,32.9,79.5,0.0,24.2,200.9
III,Pampanga,Arayat,2020-10-26,22.8,33.1,76.5,0.0,23.3,198.0
III,Pampanga,Arayat,2020-10-27,22.8,33.3,76.7,0.0,23.4,200.2
III,Pampanga,Arayat,2020-10-28,23.2,33.1,82.4,5.8,24.6,212.6
III,Pampanga,Arayat,2020-10-29,22.7,31.2,81.2,13.2,23.2,201.1
III,Pampanga,Arayat,2020-10-30,22.2,32.5,82.5,5.8,23.8,194.2
III,Pampanga,Arayat,2020-10-31,22.0,31.7,79.9,0.0,22.8,204.2
III,Pampanga,Arayat,2020-11-01,22.2,30.7,81.7,10.1,22.8,180.5
III,Pampanga,Arayat,2020-11-02,22.5,28.2,80.4,131.2,21.4,159.0
III,Pampanga,Arayat,2020-11-03,23.9,31.5,73.8,0.0,22.5,218.0
III,Pampanga,Arayat,2020-11-04,24.1,32.4,73.6,0.0,23.0,213.4
III,Pampanga,Arayat,2020-11-05,24.2,32.6,71.4,0.0,22.7,206.7
III,Pampanga,Arayat,2020-11-06,24.2,33.7,78.9,2.9,24.7,191.1
III,Pampanga,Arayat,2020-11-07,23.8,34.6,83.1,2.0,25.8,207.4
III,Pampanga,Arayat,2020-11-08,23.5,32.8,81.4,17.7,24.4,187.1
III,Pampanga,Arayat,2020-11-09,23.8,33.2,78.6,0.0,24.2,215.5
III,Pampanga,Arayat,2020-11-10,23.4,34.0,83.7,1.8,,210.3
III,Pampanga,Arayat,2020-11-11,23.5,35.3,76.0,0.0,,213.2
III,Pampanga,Arayat,2020-11-12,22.4,33.1,82.7,27.2,,191.3
III,Pampanga,Arayat,2020-11-13,23.8,34.1,79.0,8.6,,204.1
III,Pampanga,Arayat,2020-11-14,24.5,34.7,73.7,0.0,24.3,209.3
III,Pampanga,Arayat,2020-11-15,25.0,34.6,73.7,0.0,24.5,192.3
III,Pampanga,Arayat,2020-11-16,23.6,35.9,73.7,0.0,24.5,210.5
III,Pampanga,Arayat,2020-11-17,23.9,34.9,75.6,0.0,24.5,196.8
III,Pampanga,Arayat,2020-11-18,24.0,32.8,74.9,4.9,23.4,195.2
III,Pampanga,Arayat,2020-11-19,24.4,33.3,75.5,0.0,23.9,216.6
III,Pampanga,Arayat,2020-11-20,23.6,32.2,80.0,10.1,23.9,192.2
III,Pampanga,Arayat,2020-11-21,23.8,32.2,77.2,0.0,23.4,192.8
III,Pampanga,Arayat,2020-11-22,22.5,31.9,79.8,18.1,23.2,204.1
III,Pampanga,Arayat,2020-11-23,22.4,31.7,78.0,15.4,,195.7
III,Pampanga,Arayat,2020-11-23,22.4,31.7,78.0,15.4,,195.7
III,Pampanga,Arayat,2020-11-24,22.7,32.8,73.7,0.0,,210.8
III,Pampanga,Arayat,2020-11-25,23.2,33.2,74.3,0.0,,204.6
III,Pampanga,Arayat,2020-11-26,24.0,33.6,74.9,0.0,,212.9
III,Pampanga,Arayat,2020-11-27,23.9,33.0,76.0,2.8,23.6,209.1
III,Pampanga,Arayat,2020-11-28,23.8,33.3,73.4,0.0,23.2,208.7
III,Pampanga,Arayat,2020-11-29,23.9,32.0,81.6,4.5,24.3,214.8
III,Pampanga,Arayat,2020-11-30,25.0,32.9,78.8,11.1,24.7,209.1
III,Pampanga,Arayat,2020-12-01,24.9,33.2,75.4,0.0,24.1,214.9
III,Pampanga,Arayat,2020-12-02,25.1,33.1,76.3,0.0,24.4,222.8
III,Pampanga,Arayat,2020-12-03,25.0,32.7,76.4,0.0,24.1,223.2
III,Pampanga,Arayat,2020-12-04,24.8,32.6,76.6,0.0,24.0,206.8
III,Pampanga,Arayat,2020-12-05,24.0,34.1,76.7,10.9,24.4,207.3
III,Pampanga,Arayat,2020-12-06,24.5,34.0,74.2,0.0,24.1,219.4
III,Pampanga,Arayat,2020-12-07,23.5,31.5,75.3,25.4,22.6,189.2
III,Pampanga,Arayat,2020-12-08,23.5,33.8,71.0,0.0,22.8,228.8
III,Pampanga,Arayat,2020-12-09,23.6,34.2,70.8,0.0,23.1,210.2
III,Pampanga,Arayat,2020-12-10,24.0,33.7,69.9,0.0,22.8,198.2
III,Pampanga,Arayat,2020-12-11,23.9,31.9,68.3,0.0,21.6,217.8
III,Pampanga,Arayat,2020-12-12,24.2,31.2,67.6,0.0,21.2,224.5
III,Pampanga,Arayat,2020-12-13,23.2,32.1,77.2,2.1,23.1,216.4
III,Pampanga,Arayat,2020-12-14,22.8,33.9,74.1,0.0,23.2,226.3
III,Pampanga,Arayat,2020-12-15,22.8,34.4,77.3,0.0,24.1,229.3
III,Pampanga,Arayat,2020-12-16,23.5,33.3,80.4,0.0,24.5,226.8
III,Pampanga,Arayat,2020-12-17,22.7,32.6,83.2,0.0,24.3,205.5
III,Pampanga,Arayat,2020-12-18,22.5,32.8,84.6,6.8,24.6,195.5
III,Pampanga,Arayat,2020-12-19,22.5,33.2,75.4,0.0,22.9,214.5
III,Pampanga,Arayat,2020-12-20,22.8,31.7,76.8,0.0,22.6,211.0
III,Pampanga,Arayat,2020-12-21,22.4,32.5,75.7,0.0,22.6,226.5
III,Pampanga,Arayat,2020-12-22,21.9,32.9,74.9,0.0,22.4,215.9
III,Pampanga,Arayat,2020-12-23,22.9,32.9,78.3,3.2,23.6,221.2
III,Pampanga,Arayat,2020-12-24,23.6,33.8,73.1,0.0,23.3,213.9
III,Pampanga,Arayat,2020-12-25,24.3,32.0,75.0,0.0,23.2,209.5
III,Pampanga,Arayat,2020-12-26,24.6,32.2,70.8,0.0,22.6,216.7
III,Pampanga,Arayat,2020-12-27,24.1,31.9,74.6,0.0,22.9,208.7
III,Pampanga,Arayat,2020-12-28,24.4,32.8,75.5,0.0,23.7,214.0
III,Pampanga,Arayat,2020-12-29,23.7,32.1,78.8,9.2,23.7,202.7
III,Pampanga,Arayat,2020-12-30,24.3,33.3,74.8,0.0,23.8,211.1
III,Pampanga,Arayat,2020-12-31,24.8,33.2,76.3,0.0,24.3,197.8
III,Pampanga,Arayat,2021-01-01,25.2,32.9,74.4,0.0,23.9,225.4
III,Pampanga,Arayat,2021-01-02,23.5,31.1,78.8,13.8,23.1,206.8
III,Pampanga,Arayat,2021-01-03,23.8,31.9,77.2,,23.3,218.7
III,Pampanga,Arayat,2021-01-04,23.5,32.9,77.0,,23.6,215.3
III,Pampanga,Arayat,2021-01-05,23.6,31.6,78.4,,23.3,232.0
III,Pampanga,Arayat,2021-01-06,23.1,31.4,78.5,0.0,23.0,223.3
III,Pampanga,Arayat,2021-01-07,24.0,31.9,81.8,12.7,24.3,197.0
III,Pampanga,Arayat,2021-01-08,24.1,33.7,75.9,0.0,24.1,219.3
III,Pampanga,Arayat,2021-01-09,24.1,31.9,81.0,29.8,24.2,187.1
III,Pampanga,Arayat,2021-01-10,24.7,33.6,72.2,0.0,23.6,215.5
III,Pampanga,Arayat,2021-01-11,23.4,33.6,,0.0,23.8,209.9
III,Pampanga,Arayat,2021-01-12,22.5,34.0,,8.3,24.5,221.9
III,Pampanga,Arayat,2021-01-13,22.3,33.7,,0.0,22.8,217.4
III,Pampanga,Arayat,2021-01-14,22.9,34.1,,0.0,22.8,221.7
III,Pampanga,Arayat,2021-01-15,22.7,32.5,72.8,0.0,22.2,221.2
III,Pampanga,Arayat,2021-01-16,22.5,30.5,73.5,0.0,21.2,231.6
III,Pampanga,Arayat,2021-01-17,,30.5,71.4,0.0,20.2,230.6
III,Pampanga,Arayat,2021-01-18,,32.1,74.3,0.0,22.0,209.5
III,Pampanga,Arayat,2021-01-19,,31.4,71.4,0.0,21.6,210.2
III,Pampanga,Arayat,2021-01-20,22.6,31.6,74.1,10.1,21.9,221.2
III,Pampanga,Arayat,2021-01-21,23.6,31.6,69.2,0.0,21.4,230.8
III,Pampanga,Arayat,2021-01-22,22.6,31.8,70.1,0.0,,212.9
III,Pampanga,Arayat,2021-01-23,,30.8,68.8,0.0,,213.6
III,Pampanga,Arayat,2021-01-24,,29.5,65.6,0.0,19.3,226.1
III,Pampanga,Arayat,2021-01-25,,29.7,66.8,0.0,19.4,227.8
III,Pampanga,Arayat,2021-01-26,,31.2,69.6,0.0,20.6,213.0
III,Pampanga,Arayat,2021-01-27,22.5,31.4,67.7,0.0,20.5,217.6
III,Pampanga,Arayat,2021-01-28,23.4,30.9,67.3,0.0,20.6,230.7
III,Pampanga,Arayat,2021-01-29,23.0,30.6,76.5,0.0,22.1,208.1
III,Pampanga,Arayat,2021-01-30,23.7,31.4,75.7,0.0,22.7,226.0
III,Pampanga,Arayat,2021-01-31,23.8,30.5,71.3,0.0,21.4,207.2
III,Pampanga,Arayat,2021-02-01,23.5,30.1,76.6,2.0,22.1,222.4
III,Pampanga,Arayat,2021-02-02,22.5,30.1,73.0,0.0,20.9,212.9
III,Pampanga,Arayat,2021-02-03,22.5,30.0,72.1,0.0,20.7,217.3
III,Pampanga,Arayat,2021-02-04,22.6,30.6,73.3,0.0,21.3,213.8
III,Pampanga,Arayat,2021-02-05,22.9,31.2,70.2,0.0,21.1,225.5
III,Pampanga,Arayat,2021-02-06,23.7,31.7,68.3,0.0,21.4,219.2
III,Pampanga,Arayat,2021-02-07,23.5,32.1,70.5,0.0,21.9,223.5
III,Pampanga,Arayat,2021-02-08,23.3,30.6,72.2,0.0,21.4,223.4
III,Pampanga,Arayat,2021-02-09,23.0,32.7,69.2,0.0,21.7,225.6
III,Pampanga,Arayat,2021-02-10,23.0,32.4,75.6,7.5,22.8,214.1
III,Pampanga,Arayat,2021-02-11,23.4,30.4,71.9,0.0,21.3,228.8
III,Pampanga,Arayat,2021-02-12,23.2,28.4,66.7,0.0,19.1,214.3
III,Pampanga,Arayat,2021-02-13,23.2,30.2,64.1,0.0,19.5,232.6
III,Pampanga,Arayat,2021-02-14,22.5,30.8,64.4,0.0,19.5,223.4
III,Pampanga,Arayat,2021-02-15,22.5,32.4,63.8,0.0,20.2,194.5
III,Pampanga,Arayat,2021-02-16,22.2,31.9,63.9,0.0,19.8,217.1
III,Pampanga,Arayat,2021-02-17,21.7,32.3,64.5,0.0,19.9,226.1
III,Pampanga,Arayat,2021-02-18,21.8,32.2,65.3,0.0,20.1,221.8
III,Pampanga,Arayat,2021-02-19,22.5,33.6,68.1,0.0,21.7,233.3
III,Pampanga,Arayat,2021-02-20,23.1,32.8,71.6,0.0,22.3,233.1
III,Pampanga,Arayat,2021-02-21,23.5,32.4,69.0,0.0,21.8,215.5
III,Pampanga,Arayat,2021-02-22,23.1,31.3,75.3,,22.3,213.5
III,Pampanga,Arayat,2021-02-23,23.3,31.5,69.8,,21.4,219.2
III,Pampanga,Arayat,2021-02-24,23.0,31.7,69.2,,21.2,226.4
III,Pampanga,Arayat,2021-02-25,22.1,33.3,70.1,,21.7,226.6
III,Pampanga,Arayat,2021-02-26,23.1,32.3,71.2,,21.9,232.4
III,Pampanga,Arayat,2021-02-27,23.3,33.2,75.2,,23.3,213.9
III,Pampanga,Arayat,2021-02-28,22.3,32.7,73.9,0.0,22.3,221.8
III,Pampanga,Arayat,2021-03-01,22.1,31.6,71.7,0.0,21.2,221.4
III,Pampanga,Arayat,2021-03-02,21.8,30.7,71.2,0.0,20.5,236.8
III,Pampanga,Arayat,2021-03-03,22.0,29.9,70.2,0.0,20.0,220.7
III,Pampanga,Arayat,2021-03-04,22.3,28.0,71.9,0.0,19.5,231.0
III,Pampanga,Arayat,2021-03-05,22.6,29.3,77.4,9.3,21.4,240.7
III,Pampanga,Arayat,2021-03-06,23.2,30.4,71.1,0.0,21.0,230.1
III,Pampanga,Arayat,2021-03-07,23.6,29.8,80.0,1.8,22.7,226.1
III,Pampanga,Arayat,2021-03-08,24.6,30.4,74.2,0.0,22.3,233.5
III,Pampanga,Arayat,2021-03-09,24.3,30.2,75.1,0.0,22.3,231.9
III,Pampanga,Arayat,2021-03-10,23.4,28.0,73.1,0.0,20.3,210.9
III,Pampanga,Arayat,2021-03-11,22.4,29.4,75.2,0.0,20.9,216.5
III,Pampanga,Arayat,2021-03-12,22.3,30.9,76.7,0.0,21.9,224.1
III,Pampanga,Arayat,2021-03-13,23.5,31.6,74.1,0.0,22.4,225.5
III,Pampanga,Arayat,2021-03-14,23.8,32.5,76.2,0.0,23.4,233.6
III,Pampanga,Arayat,2021-03-15,22.9,32.6,79.1,0.0,23.6,216.0
III,Pampanga,Arayat,2021-03-16,23.2,31.6,72.2,0.0,21.8,214.9
III,Pampanga,Arayat,2021-03-17,23.2,32.9,71.7,0.0,22.4,234.5
III,Pampanga,Arayat,2021-03-18,23.2,32.9,73.0,0.0,22.6,211.6
III,Pampanga,Arayat,2021-03-19,23.0,33.1,72.7,0.0,22.6,205.6
III,Pampanga,Arayat,2021-03-20,23.9,32.8,69.5,0.0,22.2,223.5
III,Pampanga,Arayat,2021-03-21,23.2,33.2,71.5,0.0,22.5,212.1
III,Pampanga,Arayat,2021-03-22,22.4,32.9,,0.0,22.1,211.9
III,Pampanga,Arayat,2021-03-23,22.8,33.5,,0.0,22.1,227.1
III,Pampanga,Arayat,2021-03-24,22.9,34.4,,0.0,23.2,233.5
III,Pampanga,Arayat,2021-03-25,22.6,34.1,77.2,0.0,23.8,221.9
III,Pampanga,Arayat,2021-03-26,23.2,33.7,75.2,0.0,23.5,227.2
III,Pampanga,Arayat,2021-03-27,24.6,35.0,74.6,0.0,24.7,225.6
III,Pampanga,Arayat,2021-03-28,23.9,34.6,73.1,0.0,23.9,227.5
III,Pampanga,Arayat,2021-03-29,23.7,34.9,70.1,0.0,23.3,221.3
III,Pampanga,Arayat,2021-03-30,23.6,33.5,80.7,15.6,24.7,213.5
III,Pampanga,Arayat,2021-03-31,23.1,,74.6,8.1,22.7,214.0
III,Pampanga,Arayat,2021-04-01,23.7,,71.0,0.0,23.1,207.3
III,Pampanga,Arayat,2021-04-02,23.0,,73.8,4.0,23.0,218.5
III,Pampanga,Arayat,2021-04-03,23.5,,72.3,0.0,23.2,211.5
III,Pampanga,Arayat,2021-04-04,24.5,,70.7,0.0,23.5,221.7
III,Pampanga,Arayat,2021-04-05,24.1,32.8,71.6,0.0,22.8,224.2
III,Pampanga,Arayat,2021-04-06,24.5,32.9,73.6,0.0,23.4,225.2
III,Pampanga,Arayat,2021-04-07,24.3,31.6,73.1,0.0,22.6,213.4
III,Pampanga,Arayat,2021-04-08,24.7,29.0,72.4,0.0,21.3,219.2
III,Pampanga,Arayat,2021-04-09,25.0,29.7,69.6,0.0,21.3,214.3
III,Pampanga,Arayat,2021-04-10,,31.1,66.9,0.0,21.3,227.3
III,Pampanga,Arayat,2021-04-11,,32.8,70.1,0.0,22.7,219.1
III,Pampanga,Arayat,2021-04-12,,32.7,72.0,0.0,23.3,233.4
III,Pampanga,Arayat,2021-04-13,23.5,32.4,73.5,,22.6,217.5
III,Pampanga,Arayat,2021-04-14,23.4,32.7,75.2,,23.1,223.6
III,Pampanga,Arayat,2021-04-15,24.0,33.7,75.8,,24.0,219.9
III,Pampanga,Arayat,2021-04-16,23.7,32.8,76.0,,23.4,209.0
III,Pampanga,Arayat,2021-04-17,23.2,32.6,81.5,,24.2,219.5
III,Pampanga,Arayat,2021-04-18,24.2,32.3,79.4,1.2,24.1,219.2
III,Pampanga,Arayat,2021-04-19,24.9,30.7,76.5,2.4,23.1,214.1
III,Pampanga,Arayat,2021-04-20,23.8,30.5,69.8,0.0,21.1,225.5
III,Pampanga,Arayat,2021-04-21,22.9,31.2,75.7,12.5,22.2,207.3
III,Pampanga,Arayat,2021-04-22,23.0,31.5,72.2,0.0,21.7,221.7
III,Pampanga,Arayat,2021-04-23,23.5,31.8,73.7,0.0,22.4,215.8
III,Pampanga,Arayat,2021-04-24,24.3,31.8,75.9,0.0,23.2,230.8
III,Pampanga,Arayat,2021-04-25,24.4,32.8,75.7,0.0,23.7,198.5
III,Pampanga,Arayat,2021-04-26,23.7,33.6,73.4,0.0,23.3,219.5
III,Pampanga,Arayat,2021-04-27,23.5,33.2,76.5,0.0,23.7,212.2
III,Pampanga,Arayat,2021-04-28,23.7,33.2,,0.0,24.0,203.5
III,Pampanga,Arayat,2021-04-29,23.7,32.2,,0.0,24.2,205.2
III,Pampanga,Arayat,2021-04-30,23.7,32.2,,0.0,23.8,219.4
III,Pampanga,Arayat,2021-05-01,24.8,32.2,76.3,0.0,23.8,214.2
III,Pampanga,Arayat,2021-05-02,23.9,32.6,74.6,0.0,23.2,215.4
III,Pampanga,Arayat,2021-05-03,23.4,33.2,76.8,0.0,23.7,216.2
III,Pampanga,Arayat,2021-05-04,23.7,32.4,80.7,4.5,24.2,214.3
III,Pampanga,Arayat,2021-05-05,24.0,33.4,73.9,0.0,23.5,225.2
III,Pampanga,Arayat,2021-05-06,23.5,32.7,74.0,0.0,22.9,214.5
III,Pampanga,Arayat,2021-05-07,24.2,32.7,74.7,0.0,23.4,206.5
III,Pampanga,Arayat,2021-05-08,24.0,31.2,78.4,2.9,23.3,211.3
III,Pampanga,Arayat,2021-05-09,24.1,31.2,76.2,5.6,22.9,197.5
III,Pampanga,Arayat,2021-05-10,24.2,32.0,70.7,0.0,22.2,227.6
III,Pampanga,Arayat,2021-05-11,24.6,32.2,75.9,9.2,23.6,205.4
III,Pampanga,Arayat,2021-05-12,24.4,32.9,73.2,0.0,23.3,228.6
III,Pampanga,Arayat,2021-05-13,23.6,33.2,75.5,0.0,23.5,220.3
III,Pampanga,Arayat,2021-05-14,23.1,32.1,77.2,0.0,23.0,213.1
III,Pampanga,Arayat,2021-05-15,22.1,31.5,82.9,34.3,23.4,180.8
III,Pampanga,Arayat,2021-05-16,22.2,32.5,78.2,0.0,23.0,214.7
III,Pampanga,Arayat,2021-05-17,22.8,32.0,79.1,0.0,23.2,210.6
III,Pampanga,Arayat,2021-05-18,22.4,32.3,78.9,0.0,23.1,209.8
III,Pampanga,Arayat,2021-05-19,22.9,32.7,75.5,0.0,22.9,205.2
III,Pampanga,Arayat,2021-05-20,22.9,32.7,73.3,0.0,22.5,214.6
III,Pampanga,Arayat,2021-05-21,24.0,32.9,71.6,0.0,22.8,215.9
III,Pampanga,Arayat,2021-05-22,23.3,30.9,80.1,7.3,23.1,214.1
III,Pampanga,Arayat,2021-05-23,22.3,29.7,78.4,0.0,21.7,198.3
III,Pampanga,Arayat,2021-05-24,22.6,30.6,77.4,0.0,22.1,206.0
III,Pampanga,Arayat,2021-05-25,23.2,30.2,79.5,8.7,22.6,205.4
III,Pampanga,Arayat,2021-05-26,23.3,32.1,79.1,0.0,23.5,210.7
III,Pampanga,Arayat,2021-05-27,22.7,31.6,79.0,17.7,23.0,204.9
III,Pampanga,Arayat,2021-05-28,22.3,34.1,75.4,0.0,23.3,205.8
III,Pampanga,Arayat,2021-05-29,23.5,33.1,76.5,0.0,23.6,230.6
III,Pampanga,Arayat,2021-05-30,23.6,33.3,,0.0,23.6,205.3
III,Pampanga,Arayat,2021-05-31,24.1,32.7,,0.0,23.5,205.0
III,Pampanga,Arayat,2021-06-01,23.5,32.0,,1.7,23.4,221.1
III,Pampanga,Arayat,2021-06-02,23.3,31.0,,0.0,,197.9
III,Pampanga,Arayat,2021-06-03,23.1,31.2,79.9,4.9,,203.2
III,Pampanga,Arayat,2021-06-04,22.6,31.4,78.8,0.0,22.8,216.8
III,Pampanga,Arayat,2021-06-05,22.8,32.3,80.3,8.2,23.6,196.7
III,Pampanga,Arayat,2021-06-06,22.8,31.4,74.8,0.3,22.1,200.0
III,Pampanga,Arayat,2021-06-07,22.6,31.4,75.6,0.0,22.1,201.0
III,Pampanga,Arayat,2021-06-08,,31.1,71.9,0.0,21.7,210.5
III,Pampanga,Arayat,2021-06-09,,29.9,77.0,18.3,22.2,205.0
III,Pampanga,Arayat,2021-06-10,23.7,31.4,75.3,0.0,22.6,206.3
III,Pampanga,Arayat,2021-06-11,23.8,32.2,77.3,0.0,23.5,215.7
III,Pampanga,Arayat,2021-06-12,23.7,31.4,77.4,0.0,23.0,207.0
III,Pampanga,Arayat,2021-06-13,24.4,30.8,83.8,7.3,24.4,193.5
III,Pampanga,Arayat,2021-06-14,23.9,31.2,83.5,0.0,24.2,206.2
III,Pampanga,Arayat,2021-06-15,22.9,30.6,86.4,53.0,24.0,158.5
III,Pampanga,Arayat,2021-06-16,22.8,32.0,81.3,0.0,23.7,204.9
III,Pampanga,Arayat,2021-06-17,22.9,31.3,80.6,0.0,23.2,201.2
III,Pampanga,Arayat,2021-06-18,23.7,29.8,82.7,51.0,23.3,
III,Pampanga,Arayat,2021-06-19,23.9,31.0,80.0,0.0,23.4,
III,Pampanga,Arayat,2021-06-20,,30.6,85.1,4.7,23.2,
III,Pampanga,Arayat,2021-06-21,,30.2,78.0,0.0,22.0,187.7
III,Pampanga,Arayat,2021-06-22,,30.6,79.2,1.6,22.2,205.1
III,Pampanga,Arayat,2021-06-23,,29.7,78.8,16.0,22.3,192.8
III,Pampanga,Arayat,2021-06-24,23.2,31.9,76.4,0.0,22.8,208.1
III,Pampanga,Arayat,2021-06-25,22.8,32.6,80.3,8.2,23.8,205.7
III,Pampanga,Arayat,2021-06-26,24.7,33.7,72.7,0.0,23.7,223.4
III,Pampanga,Arayat,2021-06-27,23.9,34.8,77.2,5.2,24.8,211.9
III,Pampanga,Arayat,2021-06-28,25.3,33.6,76.4,0.0,24.7,204.3
III,Pampanga,Arayat,2021-06-29,24.2,34.2,80.8,0.0,25.4,188.6
III,Pampanga,Arayat,2021-06-30,24.2,33.4,79.3,0.0,24.7,209.1
III,Pampanga,Arayat,2021-07-01,24.3,33.8,81.5,0.0,25.3,196.8
III,Pampanga,Arayat,2021-07-02,22.9,33.5,85.7,6.2,25.3,196.3
III,Pampanga,Arayat,2021-07-03,24.4,35.0,86.5,6.1,27.0,191.1
III,Pampanga,Arayat,2021-07-04,24.7,34.7,83.2,17.8,26.3,188.3
III,Pampanga,Arayat,2021-07-05,24.9,33.5,85.1,11.4,26.2,178.7
III,Pampanga,Arayat,2021-07-06,24.4,33.3,80.9,6.8,25.0,194.2
III,Pampanga,Arayat,2021-07-07,24.7,32.9,74.4,0.0,23.7,190.2
III,Pampanga,Arayat,2021-07-08,25.0,34.8,78.2,5.6,25.5,198.9
III,Pampanga,Arayat,2021-07-09,24.5,33.8,77.6,7.2,24.7,191.0
III,Pampanga,Arayat,2021-07-10,24.0,33.4,81.7,29.5,25.0,175.3
III,Pampanga,Arayat,2021-07-11,24.6,34.7,79.9,2.7,25.6,189.0
III,Pampanga,Arayat,2021-07-12,24.9,33.5,76.2,0.0,24.4,200.1
III,Pampanga,Arayat,2021-07-13,24.0,32.2,82.4,8.0,24.6,183.8
III,Pampanga,Arayat,2021-07-14,25.0,33.5,80.5,2.0,25.4,203.4
III,Pampanga,Arayat,2021-07-15,25.5,33.4,81.3,10.0,25.7,172.9
III,Pampanga,Arayat,2021-07-16,24.7,32.5,81.2,18.4,24.8,188.7
III,Pampanga,Arayat,2021-07-17,24.6,33.3,77.8,0.0,24.5,207.9
III,Pampanga,Arayat,2021-07-18,24.8,32.1,77.9,0.6,24.0,208.6
III,Pampanga,Arayat,2021-07-19,24.9,33.8,77.9,0.0,24.9,206.3
III,Pampanga,Arayat,2021-07-20,24.8,32.3,79.3,21.3,24.4,175.2
III,Pampanga,Arayat,2021-07-21,24.6,33.6,79.3,7.0,25.0,184.6
III,Pampanga,Arayat,2021-07-22,24.3,33.1,77.6,12.1,24.2,180.1
III,Pampanga,Arayat,2021-07-23,23.8,33.8,78.3,0.0,24.5,207.4
III,Pampanga,Arayat,2021-07-24,24.4,32.8,81.2,0.0,24.8,215.1
III,Pampanga,Arayat,2021-07-25,24.2,32.4,84.1,0.0,25.1,201.9
III,Pampanga,Arayat,2021-07-26,24.6,33.7,85.3,0.5,26.2,218.7
III,Pampanga,Arayat,2021-07-27,25.0,33.8,87.2,1.6,26.8,204.1
III,Pampanga,Arayat,2021-07-28,24.1,32.9,85.9,13.6,25.7,190.6
III,Pampanga,Arayat,2021-07-29,24.5,33.5,81.2,0.0,25.2,194.4
III,Pampanga,Arayat,2021-07-30,24.2,33.8,86.1,4.9,26.2,198.1
III,Pampanga,Arayat,2021-07-31,23.9,33.6,82.5,0.0,25.2,194.6
III,Pampanga,Arayat,2021-08-01,25.0,32.8,79.4,0.0,24.8,196.0
III,Pampanga,Arayat,2021-08-02,24.7,33.5,83.9,3.2,25.9,189.3
III,Pampanga,Arayat,2021-08-03,23.7,32.0,85.6,11.2,25.0,187.7
III,Pampanga,Arayat,2021-08-04,23.5,32.5,85.7,5.9,25.1,197.8
III,Pampanga,Arayat,2021-08-05,23.8,32.8,82.4,0.0,24.8,211.2
III,Pampanga,Arayat,2021-08-06,24.2,32.7,81.7,0.0,24.8,190.6
III,Pampanga,Arayat,2021-08-07,23.7,32.8,,0.0,24.6,195.4
III,Pampanga,Arayat,2021-08-08,23.8,33.0,,11.6,25.4,186.0
III,Pampanga,Arayat,2021-08-09,24.0,34.0,82.8,0.0,25.6,192.5
III,Pampanga,Arayat,2021-08-10,24.5,35.3,82.6,0.8,26.4,192.5
III,Pampanga,Arayat,2021-08-11,24.0,36.1,83.0,0.0,26.6,196.3
III,Pampanga,Arayat,2021-08-12,24.4,34.2,83.4,0.0,26.0,190.7
III,Pampanga,Arayat,2021-08-13,23.9,32.1,85.9,31.9,25.2,177.1
III,Pampanga,Arayat,2021-08-14,24.9,32.6,85.3,17.0,25.8,190.1
III,Pampanga,Arayat,2021-08-15,26.2,33.1,78.5,0.0,25.3,204.3
III,Pampanga,Arayat,2021-08-16,24.8,33.1,82.7,16.2,25.5,176.8
III,Pampanga,Arayat,2021-08-17,25.0,33.3,77.5,0.0,24.6,202.7
III,Pampanga,Arayat,2021-08-18,23.7,31.1,81.8,35.3,23.8,165.7
III,Pampanga,Arayat,2021-08-19,24.5,34.4,81.5,2.7,25.8,192.7
III,Pampanga,Arayat,2021-08-20,23.2,32.4,81.7,3.7,,211.4
III,Pampanga,Arayat,2021-08-21,21.9,31.2,81.0,26.0,,162.8
III,Pampanga,Arayat,2021-08-22,22.0,31.7,84.2,8.6,,185.9
III,Pampanga,Arayat,2021-08-23,,32.5,81.8,2.7,,192.3
III,Pampanga,Arayat,2021-08-24,,31.8,76.7,0.0,23.6,203.5
III,Pampanga,Arayat,2021-08-25,,32.7,78.2,0.0,24.2,202.5
III,Pampanga,Arayat,2021-08-26,,30.9,82.0,26.1,23.8,167.1
III,Pampanga,Arayat,2021-08-27,24.6,31.1,83.1,3.7,24.5,180.0
III,Pampanga,Arayat,2021-08-28,24.6,31.4,76.9,0.0,23.4,194.6
III,Pampanga,Arayat,2021-08-29,24.1,30.1,81.7,7.6,23.4,205.6
III,Pampanga,Arayat,2021-08-30,24.6,30.5,76.3,0.0,22.8,213.7
III,Pampanga,Arayat,2021-08-31,,32.4,78.8,0.0,24.4,193.3
III,Pampanga,Arayat,2021-09-01,,31.0,80.5,16.1,23.8,190.0
III,Pampanga,Arayat,2021-09-02,24.3,31.5,80.5,11.8,24.0,193.1
III,Pampanga,Arayat,2021-09-03,23.8,33.9,78.4,0.0,24.5,203.0
III,Pampanga,Arayat,2021-09-04,23.1,33.1,83.4,0.0,24.8,210.2
III,Pampanga,Arayat,2021-09-05,23.9,31.1,81.5,0.0,23.8,202.5
III,Pampanga,Arayat,2021-09-06,22.8,29.0,86.8,11.3,23.3,203.4
III,Pampanga,Arayat,2021-09-07,22.7,30.4,87.2,11.1,24.0,189.8
III,Pampanga,Arayat,2021-09-08,22.1,31.5,87.7,36.6,,167.8
III,Pampanga,Arayat,2021-09-09,23.8,33.6,80.6,0.0,,197.2
III,Pampanga,Arayat,2021-09-10,24.1,32.2,88.3,5.8,,199.3
III,Pampanga,Arayat,2021-09-11,25.0,32.3,83.5,0.0,,194.7
III,Pampanga,Arayat,2021-09-12,25.2,31.9,85.4,8.4,25.6,183.9
III,Pampanga,Arayat,2021-09-13,25.1,33.0,81.4,0.0,25.3,210.4
III,Pampanga,Arayat,2021-09-14,24.1,33.2,83.1,0.0,25.3,195.2
III,Pampanga,Arayat,2021-09-15,23.3,33.0,88.8,8.7,25.9,189.9
III,Pampanga,Arayat,2021-09-16,23.8,31.7,88.5,13.8,25.4,185.7
III,Pampanga,Arayat,2021-09-17,24.0,33.0,89.6,0.0,26.4,198.9
III,Pampanga,Arayat,2021-09-18,24.7,32.3,89.6,0.9,26.4,194.7
III,Pampanga,Arayat,2021-09-19,23.9,31.3,91.0,18.2,25.8,188.2
III,Pampanga,Arayat,2021-09-20,24.3,31.0,88.5,4.1,25.3,185.4
III,Pampanga,Arayat,2021-09-21,23.8,32.1,84.0,0.0,24.8,214.9
III,Pampanga,Arayat,2021-09-22,23.6,31.3,,3.5,25.2,189.4
III,Pampanga,Arayat,2021-09-23,23.7,32.8,,0.0,25.2,209.4
III,Pampanga,Arayat,2021-09-24,23.2,31.6,82.1,0.0,23.8,202.3
III,Pampanga,Arayat,2021-09-25,23.8,31.7,86.8,24.8,25.1,184.1
III,Pampanga,Arayat,2021-09-26,24.5,31.0,82.5,0.0,24.2,202.9
III,Pampanga,Arayat,2021-09-27,24.2,31.5,86.5,14.2,25.2,187.0
III,Pampanga,Arayat,2021-09-28,23.6,31.8,84.6,14.2,24.6,176.0
III,Pampanga,Arayat,2021-09-29,23.0,32.5,84.3,18.1,24.6,188.3
III,Pampanga,Arayat,2021-09-30,23.1,32.3,84.8,3.6,24.7,211.5
III,Pampanga,Arayat,2021-10-01,23.5,33.6,80.1,0.0,24.6,187.8
III,Pampanga,Arayat,2021-10-02,25.4,32.8,80.5,0.0,25.2,191.6
III,Pampanga,Arayat,2021-10-03,25.5,33.8,80.4,0.0,25.7,195.4
III,Pampanga,Arayat,2021-10-04,24.0,34.3,86.2,2.3,26.4,198.4
III,Pampanga,Arayat,2021-10-05,24.4,34.0,80.2,1.9,25.2,192.5
III,Pampanga,Arayat,2021-10-06,24.0,32.9,85.0,7.4,25.4,201.5
III,Pampanga,Arayat,2021-10-07,25.1,32.0,80.8,0.0,24.7,213.0
III,Pampanga,Arayat,2021-10-08,25.4,32.5,86.4,8.9,26.2,199.6
III,Pampanga,Arayat,2021-10-09,25.2,31.1,88.7,14.7,25.9,189.6
III,Pampanga,Arayat,2021-10-10,25.1,31.3,89.3,14.1,26.1,183.0
III,Pampanga,Arayat,2021-10-11,25.2,31.6,88.5,28.7,26.1,174.1
III,Pampanga,Arayat,2021-10-12,25.6,33.7,89.3,2.7,27.5,194.7
III,Pampanga,Arayat,2021-10-13,25.4,34.4,80.7,0.0,26.0,207.7
III,Pampanga,Arayat,2021-10-14,25.3,33.4,81.7,0.0,25.7,189.5
III,Pampanga,Arayat,2021-10-15,23.8,31.7,81.9,0.0,24.1,204.7
III,Pampanga,Arayat,2021-10-16,24.1,30.5,84.9,17.1,24.3,189.4
III,Pampanga,Arayat,2021-10-17,23.8,29.9,84.3,,23.7,184.4
III,Pampanga,Arayat,2021-10-18,24.0,30.5,85.4,,24.3,191.6
III,Pampanga,Arayat,2021-10-19,23.5,33.9,82.6,3.6,25.2,195.1
III,Pampanga,Arayat,2021-10-20,23.3,33.3,82.7,7.1,24.8,192.2
III,Pampanga,Arayat,2021-10-21,22.1,33.4,80.1,14.0,23.8,186.2
III,Pampanga,Arayat,2021-10-22,23.7,33.5,75.7,0.0,23.7,195.1
III,Pampanga,Arayat,2021-10-23,23.3,32.6,81.7,23.4,24.3,188.4
III,Pampanga,Arayat,2021-10-24,23.0,33.2,78.9,6.4,23.9,177.9
III,Pampanga,Arayat,2021-10-25,23.8,34.9,74.5,0.0,24.2,222.2
III,Pampanga,Arayat,2021-10-26,22.9,34.0,79.4,81.0,24.3,138.3
III,Pampanga,Arayat,2021-10-27,23.2,35.6,74.9,0.0,24.4,191.6
III,Pampanga,Arayat,2021-10-28,23.4,33.0,75.7,15.1,23.3,178.5
III,Pampanga,Arayat,2021-10-29,21.9,35.5,79.1,2.0,24.5,201.6
III,Pampanga,Arayat,2021-10-30,22.1,34.8,77.9,0.0,24.0,205.8
III,Pampanga,Arayat,2021-10-31,22.6,33.7,78.4,0.0,23.8,196.8
III,Pampanga,Arayat,2021-11-01,23.7,34.9,77.3,0.0,24.8,209.0
III,Pampanga,Arayat,2021-11-02,23.4,34.5,81.3,9.1,25.2,197.6
III,Pampanga,Arayat,2021-11-03,24.3,34.4,86.0,11.1,26.6,196.9
III,Pampanga,Arayat,2021-11-04,22.9,33.4,83.4,0.0,24.8,202.0
III,Pampanga,Arayat,2021-11-05,22.3,32.2,80.2,0.0,23.3,209.7
III,Pampanga,Arayat,2021-11-06,23.4,31.8,80.2,0.0,23.6,205.7
III,Pampanga,Arayat,2021-11-07,24.2,32.4,85.8,12.1,25.5,191.1
III,Pampanga,Arayat,2021-11-08,24.4,32.2,84.9,2.2,25.3,197.2
III,Pampanga,Arayat,2021-11-09,23.1,31.8,74.9,0.0,22.4,217.0
III,Pampanga,Arayat,2021-11-10,23.3,31.1,75.6,41.1,22.3,157.2
III,Pampanga,Arayat,2021-11-11,24.5,33.8,69.8,0.0,23.1,215.1
III,Pampanga,Arayat,2021-11-12,,33.4,70.8,0.0,22.8,208.0
III,Pampanga,Arayat,2021-11-13,,32.2,78.3,11.2,23.4,183.1
III,Pampanga,Arayat,2021-11-14,,32.1,76.2,0.0,22.9,202.8
III,Pampanga,Arayat,2021-11-15,23.2,31.3,79.7,6.6,23.2,204.5
III,Pampanga,Arayat,2021-11-16,22.2,30.8,80.1,17.8,22.5,192.3
III,Pampanga,Arayat,2021-11-17,22.6,31.6,76.0,0.9,22.3,212.6
III,Pampanga,Arayat,2021-11-18,22.3,32.4,80.8,5.8,23.5,192.3
III,Pampanga,Arayat,2021-11-19,22.8,32.4,74.1,0.0,22.4,204.2
III,Pampanga,Arayat,2021-11-20,24.0,31.4,75.7,0.0,22.8,204.6
III,Pampanga,Arayat,2021-11-21,23.6,32.3,77.5,11.8,23.4,205.3
III,Pampanga,Arayat,2021-11-22,24.7,33.2,74.9,0.0,23.9,203.4
III,Pampanga,Arayat,2021-11-23,24.1,33.3,76.8,1.3,24.1,217.0
III,Pampanga,Arayat,2021-11-24,24.0,31.5,75.2,0.0,22.8,209.7
III,Pampanga,Arayat,2021-11-25,24.2,32.5,78.7,0.0,24.1,197.2
III,Pampanga,Arayat,2021-11-26,23.7,33.7,86.0,8.1,25.9,191.4
III,Pampanga,Arayat,2021-11-27,,34.5,81.1,0.0,25.7,205.4
III,Pampanga,Arayat,2021-11-28,,33.9,86.1,4.6,26.6,213.5
III,Pampanga,Arayat,2021-11-29,,32.9,81.4,7.5,24.7,205.5
III,Pampanga,Arayat,2021-11-30,,33.1,78.1,0.0,24.0,205.5
III,Pampanga,Arayat,2021-12-01,24.1,32.2,78.0,0.0,23.8,212.8
III,Pampanga,Arayat,2021-12-02,24.3,33.0,77.4,5.6,24.1,219.1
III,Pampanga,Arayat,2021-12-03,23.3,31.7,72.7,0.0,22.0,209.0
III,Pampanga,Arayat,2021-12-04,22.8,33.1,76.5,0.0,23.3,201.6
III,Pampanga,Arayat,2021-12-05,22.0,32.1,78.8,0.0,22.8,227.9
III,Pampanga,Arayat,2021-12-06,22.3,32.7,81.5,8.1,23.8,210.0
III,Pampanga,Arayat,2021-12-07,23.2,33.7,74.0,0.0,23.3,226.3
III,Pampanga,Arayat,2021-12-08,23.3,32.8,80.9,5.4,24.2,204.1
III,Pampanga,Arayat,2021-12-09,23.2,32.1,75.1,0.0,22.7,198.9
III,Pampanga,Arayat,2021-12-10,23.9,31.9,75.8,0.0,23.1,196.1
III,Pampanga,Arayat,2021-12-11,23.7,33.5,75.4,0.0,23.7,213.3
III,Pampanga,Arayat,2021-12-12,24.0,32.9,77.0,0.0,23.8,224.3
III,Pampanga,Arayat,2021-12-13,23.6,32.7,81.3,9.7,24.4,203.3
III,Pampanga,Arayat,2021-12-14,23.6,33.4,80.9,0.0,24.7,215.1
III,Pampanga,Arayat,2021-12-15,23.4,31.8,85.2,5.6,24.6,212.6
III,Pampanga,Arayat,2021-12-16,24.2,32.2,83.4,0.0,24.9,211.1
III,Pampanga,Arayat,2021-12-17,24.1,31.6,83.4,0.0,24.5,203.6
III,Pampanga,Arayat,2021-12-18,24.1,30.0,85.8,20.9,24.2,187.7
III,Pampanga,Arayat,2021-12-19,24.4,32.1,77.9,0.0,23.8,226.8
III,Pampanga,Arayat,2021-12-20,25.1,31.0,76.6,0.0,23.4,210.3
III,Pampanga,Arayat,2021-12-21,25.4,32.5,79.5,0.0,24.8,220.3
III,Pampanga,Arayat,2021-12-22,24.5,32.4,79.2,0.0,24.3,223.6
III,Pampanga,Arayat,2021-12-23,24.2,30.6,78.8,0.0,23.2,223.9
III,Pampanga,Arayat,2021-12-24,24.7,31.1,80.6,0.0,24.0,215.9
III,Pampanga,Arayat,2021-12-25,24.9,29.6,79.2,0.0,23.1,199.6
III,Pampanga,Arayat,2021-12-26,24.3,31.0,75.2,0.0,22.7,217.9
III,Pampanga,Arayat,2021-12-27,25.1,31.2,74.7,0.0,23.1,207.0
III,Pampanga,Arayat,2021-12-28,25.8,30.3,74.8,0.0,23.0,224.6
III,Pampanga,Arayat,2021-12-29,25.1,30.8,78.8,0.0,23.7,208.3
III,Pampanga,Arayat,2021-12-30,24.7,32.3,82.9,0.0,25.1,222.9
III,Pampanga,Arayat,2021-12-31,24.4,32.7,80.0,0.0,24.6,213.2
III,Pampanga,Arayat,2022-01-01,23.9,32.4,77.7,0.0,23.7,202.8
III,Pampanga,Arayat,2022-01-02,23.4,32.2,81.2,10.4,24.0,210.3
III,Pampanga,Arayat,2022-01-03,23.3,32.4,73.3,0.0,22.5,224.0
III,Pampanga,Arayat,2022-01-04,23.5,31.4,79.7,13.5,23.4,200.1
III,Pampanga,Arayat,2022-01-05,22.9,32.1,72.6,0.0,22.0,205.2
III,Pampanga,Arayat,2022-01-06,23.0,32.3,74.4,0.0,22.5,213.7
III,Pampanga,Arayat,2022-01-07,22.7,32.1,77.2,0.0,22.8,211.2
III,Pampanga,Arayat,2022-01-08,23.8,30.1,78.9,0.0,22.7,216.7
III,Pampanga,Arayat,2022-01-09,23.6,30.8,77.3,0.0,22.7,213.9
III,Pampanga,Arayat,2022-01-10,23.8,29.8,76.8,0.0,22.2,226.5
III,Pampanga,Arayat,2022-01-11,22.9,31.7,74.4,0.0,22.2,225.8
III,Pampanga,Arayat,2022-01-12,23.4,31.1,73.4,0.0,21.9,226.5
III,Pampanga,Arayat,2022-01-13,24.2,31.5,69.2,0.0,21.7,216.4
III,Pampanga,Arayat,2022-01-14,23.8,31.2,71.8,26.4,21.9,196.2
III,Pampanga,Arayat,2022-01-15,24.9,32.7,73.4,0.0,23.5,229.3
III,Pampanga,Arayat,2022-01-16,24.6,32.9,78.7,8.6,24.5,206.8
III,Pampanga,Arayat,2022-01-17,25.6,32.7,75.4,0.0,24.2,221.8
III,Pampanga,Arayat,2022-01-18,25.0,31.8,73.6,0.0,23.1,216.7
III,Pampanga,Arayat,2022-01-19,24.4,30.4,74.2,0.0,22.2,213.6
III,Pampanga,Arayat,2022-01-20,24.6,31.6,74.7,,23.0,221.3
III,Pampanga,Arayat,2022-01-21,,31.4,73.5,,22.6,212.0
III,Pampanga,Arayat,2022-01-22,,31.6,72.9,,22.9,214.8
III,Pampanga,Arayat,2022-01-23,24.1,30.0,78.9,,22.8,217.0
III,Pampanga,Arayat,2022-01-24,23.7,28.6,76.0,,21.3,210.8
III,Pampanga,Arayat,2022-01-25,23.8,29.8,75.3,0.0,21.9,217.2
III,Pampanga,Arayat,2022-01-26,24.7,31.5,74.0,0.0,22.9,215.2
III,Pampanga,Arayat,2022-01-27,24.5,31.1,104.4,0.0,23.0,226.3
III,Pampanga,Arayat,2022-01-28,23.7,31.5,76.0,0.0,22.8,221.2
III,Pampanga,Arayat,2022-01-29,24.3,32.5,73.7,0.0,23.1,223.8
III,Pampanga,Arayat,2022-01-30,22.9,33.0,72.9,0.0,22.5,217.6
III,Pampanga,Arayat,2022-01-31,23.3,31.8,72.4,0.0,22.0,215.1
III,Pampanga,Arayat,2022-02-01,23.5,31.2,72.3,0.0,21.8,235.1
III,Pampanga,Arayat,2022-02-02,22.8,31.8,69.1,0.0,21.1,237.3
III,Pampanga,Arayat,2022-02-03,22.9,32.1,69.0,0.0,21.3,215.8
III,Pampanga,Arayat,2022-02-04,23.3,32.7,71.7,0.0,22.3,229.2
III,Pampanga,Arayat,2022-02-05,22.5,31.2,73.0,0.0,21.5,221.1
III,Pampanga,Arayat,2022-02-06,23.4,32.7,73.9,0.0,22.8,228.7
III,Pampanga,Arayat,2022-02-07,23.1,33.7,73.2,0.0,23.0,229.3
III,Pampanga,Arayat,2022-02-08,22.7,33.6,72.0,0.0,22.5,212.4
III,Pampanga,Arayat,2022-02-09,22.9,32.4,73.0,0.0,22.2,226.6
III,Pampanga,Arayat,2022-02-10,22.9,32.0,75.9,0.0,22.6,246.4
III,Pampanga,Arayat,2022-02-11,23.0,32.1,74.2,0.0,22.4,216.2
III,Pampanga,Arayat,2022-02-12,23.3,32.1,73.9,0.0,22.5,221.8
III,Pampanga,Arayat,2022-02-13,24.0,31.5,71.4,0.0,22.0,212.3
III,Pampanga,Arayat,2022-02-14,23.6,31.4,72.6,0.0,22.0,222.3
III,Pampanga,Arayat,2022-02-15,23.7,30.4,71.3,0.0,21.3,223.4
III,Pampanga,Arayat,2022-02-16,23.8,30.5,69.7,0.0,21.1,219.8
III,Pampanga,Arayat,2022-02-17,23.6,31.4,69.2,0.0,21.3,235.3
III,Pampanga,Arayat,2022-02-18,23.0,32.4,66.9,0.0,21.1,233.5
III,Pampanga,Arayat,2022-02-19,23.1,31.6,67.5,0.0,20.8,241.7
III,Pampanga,Arayat,2022-02-20,23.6,32.7,70.3,0.0,22.2,228.1
III,Pampanga,Arayat,2022-02-21,24.2,32.3,76.6,0.0,23.6,232.7
III,Pampanga,Arayat,2022-02-22,23.3,31.8,73.8,0.0,22.3,219.7
III,Pampanga,Arayat,2022-02-23,22.8,33.8,71.3,0.0,22.6,219.6
III,Pampanga,Arayat,2022-02-24,22.5,34.8,70.3,0.0,22.7,232.6
III,Pampanga,Arayat,2022-02-25,21.9,33.5,66.6,0.0,21.0,224.9
III,Pampanga,Arayat,2022-02-26,22.6,33.5,70.3,0.0,22.1,223.7
III,Pampanga,Arayat,2022-02-27,23.3,31.2,70.2,0.0,21.3,222.2
III,Pampanga,Arayat,2022-02-28,22.7,30.9,64.9,0.0,19.8,212.2
III,Pampanga,Arayat,2022-03-01,23.5,31.5,65.9,0.0,20.7,219.8
III,Pampanga,Arayat,2022-03-02,23.2,30.8,69.0,0.0,20.8,236.6
III,Pampanga,Arayat,2022-03-03,23.1,31.8,67.3,0.0,20.9,217.4
III,Pampanga,Arayat,2022-03-04,22.8,31.9,67.5,0.0,20.8,232.1
III,Pampanga,Arayat,2022-03-05,22.6,29.2,70.1,0.0,19.9,217.7
III,Pampanga,Arayat,2022-03-06,22.7,30.4,74.2,7.4,21.4,207.6
III,Pampanga,Arayat,2022-03-07,,30.5,68.5,0.0,20.2,228.0
III,Pampanga,Arayat,2022-03-08,,30.5,64.6,0.0,19.8,219.5
III,Pampanga,Arayat,2022-03-09,,30.9,65.6,0.0,20.1,223.1
III,Pampanga,Arayat,2022-03-10,,31.3,64.6,0.0,20.2,209.2
III,Pampanga,Arayat,2022-03-11,23.1,30.9,62.8,0.0,19.6,225.8
III,Pampanga,Arayat,2022-03-12,23.5,30.1,67.0,0.0,20.2,219.1
III,Pampanga,Arayat,2022-03-13,22.5,29.8,64.9,0.0,19.1,218.2
III,Pampanga,Arayat,2022-03-14,22.6,30.5,69.9,0.0,20.5,240.2
III,Pampanga,Arayat,2022-03-15,22.9,29.7,69.9,0.0,20.3,248.3
III,Pampanga,Arayat,2022-03-16,23.4,32.0,70.5,0.0,21.8,223.8
III,Pampanga,Arayat,2022-03-17,23.2,31.1,71.0,0.0,21.3,217.6
III,Pampanga,Arayat,2022-03-18,22.8,31.8,70.6,0.0,21.4,231.1
III,Pampanga,Arayat,2022-03-19,23.5,31.7,68.6,0.0,21.3,227.4
III,Pampanga,Arayat,2022-03-20,22.7,31.1,73.5,2.6,21.6,214.7
III,Pampanga,Arayat,2022-03-21,22.3,31.6,70.6,0.0,21.1,216.8
III,Pampanga,Arayat,2022-03-22,22.6,30.9,69.0,0.0,20.6,224.5
III,Pampanga,Arayat,2022-03-23,23.4,,69.4,0.0,21.4,218.9
III,Pampanga,Arayat,2022-03-24,23.0,,68.2,0.0,21.0,228.5
III,Pampanga,Arayat,2022-03-25,23.1,,69.3,0.0,21.0,221.6
III,Pampanga,Arayat,2022-03-26,22.6,,72.3,0.0,21.8,222.4
III,Pampanga,Arayat,2022-03-27,22.8,,72.7,0.0,20.8,215.3
III,Pampanga,Arayat,2022-03-28,22.6,30.7,72.1,0.0,21.1,235.2
III,Pampanga,Arayat,2022-03-29,23.6,30.2,70.0,0.0,20.9,222.0
III,Pampanga,Arayat,2022-03-30,23.3,29.6,77.6,26.7,22.0,196.3
III,Pampanga,Arayat,2022-03-31,23.8,31.3,74.9,0.0,22.5,225.4
III,Pampanga,Arayat,2022-04-01,24.0,30.6,79.6,0.0,23.2,223.5
III,Pampanga,Arayat,2022-04-02,24.6,31.7,76.4,0.0,23.4,215.8
III,Pampanga,Arayat,2022-04-03,23.7,32.1,78.7,0.0,23.6,220.3
III,Pampanga,Arayat,2022-04-04,23.5,32.6,77.1,0.0,23.5,225.6
III,Pampanga,Arayat,2022-04-05,22.6,32.6,77.1,0.0,23.0,223.7
III,Pampanga,Arayat,2022-04-06,22.8,31.8,75.2,0.0,22.3,215.8
III,Pampanga,Arayat,2022-04-07,22.4,34.1,71.1,0.0,22.5,223.4
III,Pampanga,Arayat,2022-04-08,22.7,32.0,68.3,0.0,21.0,212.4
III,Pampanga,Arayat,2022-04-09,22.4,32.1,69.6,0.0,21.2,224.3
III,Pampanga,Arayat,2022-04-10,22.7,30.9,72.5,0.0,21.3,212.8
III,Pampanga,Arayat,2022-04-11,23.3,30.8,73.4,0.0,21.7,217.3
III,Pampanga,Arayat,2022-04-12,23.5,30.4,71.3,0.0,21.2,215.1
III,Pampanga,Arayat,2022-04-13,23.8,31.2,76.3,2.6,22.8,218.3
III,Pampanga,Arayat,2022-04-14,23.6,33.1,72.1,0.0,22.8,217.1
III,Pampanga,Arayat,2022-04-15,23.5,31.5,76.4,0.0,22.8,218.1
III,Pampanga,Arayat,2022-04-16,23.8,31.9,76.6,0.0,23.2,
III,Pampanga,Arayat,2022-04-17,24.6,30.3,76.3,0.0,22.7,
III,Pampanga,Arayat,2022-04-18,23.7,31.2,74.8,0.0,22.4,
III,Pampanga,Arayat,2022-04-19,23.1,32.3,74.4,0.0,22.6,219.3
III,Pampanga,Arayat,2022-04-20,23.6,32.2,73.1,0.0,22.5,203.1
III,Pampanga,Arayat,2022-04-21,23.5,32.0,71.3,0.0,22.0,220.0
III,Pampanga,Arayat,2022-04-22,22.8,30.3,77.7,13.8,22.1,218.0
III,Pampanga,Arayat,2022-04-23,23.0,29.5,78.6,3.4,22.0,208.6
III,Pampanga,Arayat,2022-04-24,22.5,30.1,70.6,0.0,20.4,216.1
III,Pampanga,Arayat,2022-04-25,23.9,29.0,70.5,0.0,20.5,213.9
III,Pampanga,Arayat,2022-04-26,22.9,30.5,71.7,3.7,21.0,213.7
III,Pampanga,Arayat,2022-04-26,22.9,30.5,71.7,3.7,21.0,213.7
III,Pampanga,Arayat,2022-04-27,23.6,30.8,68.5,0.0,20.9,219.0
III,Pampanga,Arayat,2022-04-28,25.1,31.5,67.2,0.0,21.7,206.6
III,Pampanga,Arayat,2022-04-29,24.7,31.6,69.9,0.0,22.1,226.2
III,Pampanga,Arayat,2022-04-30,25.9,31.7,72.6,0.0,23.3,217.1
III,Pampanga,Arayat,2022-05-01,24.5,32.8,73.4,0.0,23.3,224.8
III,Pampanga,Arayat,2022-05-02,22.9,33.2,69.8,0.0,22.0,211.3
III,Pampanga,Arayat,2022-05-03,23.1,32.0,71.2,0.0,21.8,218.0
III,Pampanga,Arayat,2022-05-04,22.9,30.7,73.5,17.4,21.5,217.6
III,Pampanga,Arayat,2022-05-05,23.5,31.5,69.8,0.0,21.5,215.0
III,Pampanga,Arayat,2022-05-06,24.1,33.0,68.0,0.0,22.2,206.9
III,Pampanga,Arayat,2022-05-07,23.8,32.3,67.4,0.0,21.5,217.8
III,Pampanga,Arayat,2022-05-08,23.1,31.8,71.2,7.2,21.7,205.3
III,Pampanga,Arayat,2022-05-09,23.6,33.3,71.3,0.0,22.7,206.1
III,Pampanga,Arayat,2022-05-10,24.1,33.2,73.5,0.0,23.4,212.7
III,Pampanga,Arayat,2022-05-11,24.0,33.5,73.8,0.0,23.5,216.7
III,Pampanga,Arayat,2022-05-12,25.4,33.3,74.9,0.0,24.3,218.9
III,Pampanga,Arayat,2022-05-13,24.8,34.5,76.4,1.8,24.9,216.6
III,Pampanga,Arayat,2022-05-14,24.7,33.4,80.1,21.9,25.1,197.1
III,Pampanga,Arayat,2022-05-15,24.8,35.0,74.8,0.0,24.9,220.2
III,Pampanga,Arayat,2022-05-16,24.3,34.0,73.8,0.0,23.9,208.2
III,Pampanga,Arayat,2022-05-17,24.3,32.2,72.7,0.0,22.8,212.4
III,Pampanga,Arayat,2022-05-18,22.9,32.2,72.1,0.0,22.0,210.8
III,Pampanga,Arayat,2022-05-19,23.2,30.3,76.2,0.0,22.0,201.4
III,Pampanga,Arayat,2022-05-20,23.2,31.0,73.6,0.0,21.8,213.9
III,Pampanga,Arayat,2022-05-21,22.5,31.5,75.6,0.0,22.1,213.2
III,Pampanga,Arayat,2022-05-22,23.4,30.8,76.4,0.0,22.4,208.4
III,Pampanga,Arayat,2022-05-23,23.6,30.1,75.5,0.0,22.0,220.0
III,Pampanga,Arayat,2022-05-24,23.9,30.2,79.0,0.0,22.8,219.5
III,Pampanga,Arayat,2022-05-25,22.7,30.3,82.5,13.9,23.0,201.4
III,Pampanga,Arayat,2022-05-26,,30.6,81.4,3.9,23.2,202.4
III,Pampanga,Arayat,2022-05-27,,30.3,79.3,0.0,22.7,208.2
III,Pampanga,Arayat,2022-05-28,,31.1,81.9,7.9,23.0,198.6
III,Pampanga,Arayat,2022-05-29,,31.9,77.2,0.0,22.9,214.0
III,Pampanga,Arayat,2022-05-30,,31.8,76.8,0.0,23.0,216.5
III,Pampanga,Arayat,2022-05-31,,32.1,76.5,0.0,23.0,200.8
III,Pampanga,Arayat,2022-06-01,,31.6,76.4,12.3,22.5,189.3
III,Pampanga,Arayat,2022-06-02,,32.2,72.1,0.0,22.0,210.0
III,Pampanga,Arayat,2022-06-03,,33.4,76.7,5.7,23.2,193.5
III,Pampanga,Arayat,2022-06-04,22.3,33.4,74.6,0.0,22.8,206.4
III,Pampanga,Arayat,2022-06-05,22.2,32.3,74.7,0.0,22.2,212.5
III,Pampanga,Arayat,2022-06-06,22.0,32.2,80.2,18.1,23.1,192.8
III,Pampanga,Arayat,2022-06-07,22.7,33.4,80.6,13.2,24.2,188.3
III,Pampanga,Arayat,2022-06-08,22.6,33.7,76.8,0.0,23.5,205.1
III,Pampanga,Arayat,2022-06-09,22.4,33.1,75.9,0.0,22.9,203.6
III,Pampanga,Arayat,2022-06-10,21.9,30.9,79.6,32.3,22.3,189.6
III,Pampanga,Arayat,2022-06-11,22.7,33.4,75.2,0.0,23.1,212.4
III,Pampanga,Arayat,2022-06-12,22.6,33.1,83.0,5.1,24.5,206.6
III,Pampanga,Arayat,2022-06-13,21.3,33.5,79.9,0.0,23.4,199.8
III,Pampanga,Arayat,2022-06-14,21.8,32.2,83.6,11.4,23.7,190.2
III,Pampanga,Arayat,2022-06-15,22.6,33.1,80.0,0.0,23.8,199.6
III,Pampanga,Arayat,2022-06-16,22.2,32.6,83.7,15.6,24.1,180.4
III,Pampanga,Arayat,2022-06-17,23.3,32.4,78.7,0.0,23.6,198.4
III,Pampanga,Arayat,2022-06-18,22.7,32.0,78.0,0.0,23.0,203.3
III,Pampanga,Arayat,2022-06-19,23.5,32.3,75.7,0.0,23.0,201.8
III,Pampanga,Arayat,2022-06-20,23.9,32.1,81.0,1.7,,220.0
III,Pampanga,Arayat,2022-06-21,24.0,31.4,80.9,10.4,,200.8
III,Pampanga,Arayat,2022-06-22,23.2,30.9,76.1,0.0,,203.1
III,Pampanga,Arayat,2022-06-23,23.9,31.7,73.9,0.0,,196.9
III,Pampanga,Arayat,2022-06-24,24.3,34.0,75.2,0.0,,215.8
III,Pampanga,Arayat,2022-06-25,24.7,32.9,77.6,4.3,24.3,198.3
III,Pampanga,Arayat,2022-06-26,24.3,33.1,78.4,7.7,24.4,195.0
III,Pampanga,Arayat,2022-06-27,23.2,30.9,76.8,16.3,22.4,187.7
III,Pampanga,Arayat,2022-06-28,23.4,32.2,73.5,0.0,22.5,217.3
III,Pampanga,Arayat,2022-06-29,23.0,30.6,79.2,0.0,22.6,211.1
III,Pampanga,Arayat,2022-06-30,,31.7,81.7,0.0,23.6,212.3
III,Pampanga,Arayat,2022-07-01,,31.2,82.0,0.0,23.3,206.7
III,Pampanga,Arayat,2022-07-02,,30.8,80.5,0.0,23.4,214.3
III,Pampanga,Arayat,2022-07-03,,30.8,84.2,0.0,24.0,203.0
III,Pampanga,Arayat,2022-07-04,24.5,31.1,85.2,8.1,24.8,182.4
III,Pampanga,Arayat,2022-07-05,24.2,30.4,80.2,0.0,23.3,191.2
III,Pampanga,Arayat,2022-07-06,24.7,31.6,80.8,0.0,24.3,198.7
III,Pampanga,Arayat,2022-07-07,24.5,30.2,85.4,15.3,24.4,201.3
III,Pampanga,Arayat,2022-07-08,24.7,30.0,87.1,16.6,24.8,187.7
III,Pampanga,Arayat,2022-07-09,24.4,31.5,84.6,0.0,24.9,202.8
III,Pampanga,Arayat,2022-07-10,24.6,32.9,86.0,2.5,26.0,205.3
III,Pampanga,Arayat,2022-07-11,23.7,32.9,79.9,0.0,24.3,202.1
III,Pampanga,Arayat,2022-07-12,23.7,32.8,80.5,7.4,,190.8
III,Pampanga,Arayat,2022-07-13,23.8,33.1,83.6,4.5,,214.6
III,Pampanga,Arayat,2022-07-14,24.2,32.7,79.6,0.0,,194.9
III,Pampanga,Arayat,2022-07-15,23.4,33.2,83.4,7.0,25.0,192.0
III,Pampanga,Arayat,2022-07-16,23.8,33.6,86.6,5.0,26.0,209.3
III,Pampanga,Arayat,2022-07-17,23.3,31.7,76.5,0.1,22.8,203.8
III,Pampanga,Arayat,2022-07-18,23.1,32.5,82.6,23.5,24.3,178.0
III,Pampanga,Arayat,2022-07-19,23.9,33.9,81.6,1.8,25.2,207.9
III,Pampanga,Arayat,2022-07-20,23.8,33.0,77.9,0.0,24.0,198.6
III,Pampanga,Arayat,2022-07-21,23.8,32.2,78.4,0.0,23.7,203.1
III,Pampanga,Arayat,2022-07-22,24.1,30.6,85.5,37.0,24.5,162.8
III,Pampanga,Arayat,2022-07-23,24.8,32.6,79.7,0.0,24.6,208.7
III,Pampanga,Arayat,2022-07-24,22.4,31.1,84.6,50.6,23.7,160.6
III,Pampanga,Arayat,2022-07-25,24.5,34.6,82.5,7.5,26.0,205.1
III,Pampanga,Arayat,2022-07-26,25.6,34.2,81.2,0.0,26.1,195.0
III,Pampanga,Arayat,2022-07-27,24.1,32.3,86.6,34.6,25.5,172.1
III,Pampanga,Arayat,2022-07-28,23.9,33.4,86.9,4.5,26.0,207.9
III,Pampanga,Arayat,2022-07-29,23.8,31.6,89.7,13.6,25.6,187.6
III,Pampanga,Arayat,2022-07-30,24.4,32.4,86.2,0.0,25.6,193.9
III,Pampanga,Arayat,2022-07-31,23.5,32.5,87.9,7.3,25.6,183.8
III,Pampanga,Arayat,2022-08-01,23.4,33.3,81.5,0.0,24.6,198.8
III,Pampanga,Arayat,2022-08-02,24.1,33.8,79.3,0.0,24.8,195.7
III,Pampanga,Arayat,2022-08-03,23.7,34.2,85.9,12.0,26.1,193.8
III,Pampanga,Arayat,2022-08-04,23.4,34.7,85.9,18.5,26.2,199.5
III,Pampanga,Arayat,2022-08-05,24.0,36.0,79.5,0.0,25.9,204.9
III,Pampanga,Arayat,2022-08-06,23.4,34.5,78.0,0.0,24.5,190.4
III,Pampanga,Arayat,2022-08-07,24.5,33.0,84.5,14.2,25.6,196.9
III,Pampanga,Arayat,2022-08-08,23.9,30.8,84.7,45.1,24.3,155.4
III,Pampanga,Arayat,2022-08-09,24.8,32.8,83.9,2.1,25.6,190.1
III,Pampanga,Arayat,2022-08-10,24.9,32.6,81.3,0.0,25.0,188.0
III,Pampanga,Arayat,2022-08-11,24.2,32.4,82.6,16.4,24.8,183.2
III,Pampanga,Arayat,2022-08-12,25.1,34.2,77.5,0.0,25.2,198.7
III,Pampanga,Arayat,2022-08-13,24.7,31.7,81.0,30.4,24.4,157.5
III,Pampanga,Arayat,2022-08-14,25.0,31.9,83.6,27.8,25.2,172.7
III,Pampanga,Arayat,2022-08-15,24.3,33.2,81.1,0.0,25.0,190.3
III,Pampanga,Arayat,2022-08-16,24.0,32.3,79.1,0.0,24.0,192.0
III,Pampanga,Arayat,2022-08-17,24.4,31.1,82.1,0.0,24.2,194.3
III,Pampanga,Arayat,2022-08-18,24.9,33.8,84.4,0.0,26.2,189.1
III,Pampanga,Arayat,2022-08-19,24.6,31.2,86.6,18.1,25.2,174.0
III,Pampanga,Arayat,2022-08-20,24.5,32.7,88.1,28.1,26.2,172.4
III,Pampanga,Arayat,2022-08-21,25.4,33.2,89.1,4.2,27.1,181.6
III,Pampanga,Arayat,2022-08-22,25.1,34.1,81.5,0.0,25.9,199.6
III,Pampanga,Arayat,2022-08-23,24.5,34.7,83.3,0.0,26.3,208.1
III,Pampanga,Arayat,2022-08-24,23.8,32.9,86.9,15.3,25.7,191.4
III,Pampanga,Arayat,2022-08-25,23.8,31.7,82.6,0.0,24.3,207.5
III,Pampanga,Arayat,2022-08-26,23.1,31.0,85.1,0.0,24.1,194.3
III,Pampanga,Arayat,2022-08-27,23.1,31.0,87.7,17.4,24.6,182.9
III,Pampanga,Arayat,2022-08-28,23.5,31.5,83.8,0.0,24.3,189.3
III,Pampanga,Arayat,2022-08-29,23.6,29.9,89.8,67.2,,147.6
III,Pampanga,Arayat,2022-08-30,24.4,31.6,82.3,0.0,,202.7
III,Pampanga,Arayat,2022-08-31,24.0,29.4,87.8,30.1,24.3,166.0
III,Pampanga,Arayat,2022-09-01,23.7,28.2,86.1,,23.2,136.1
III,Pampanga,Arayat,2022-09-02,23.9,29.0,83.7,,23.2,167.6
III,Pampanga,Arayat,2022-09-03,24.6,29.2,83.4,,23.6,191.0
III,Pampanga,Arayat,2022-09-04,25.1,33.0,80.4,0.0,25.1,192.1
III,Pampanga,Arayat,2022-09-05,24.9,31.8,82.0,17.2,24.8,177.0
III,Pampanga,Arayat,2022-09-06,25.3,32.8,82.9,0.0,25.6,197.8
III,Pampanga,Arayat,2022-09-07,25.3,31.6,85.9,9.7,25.6,185.3
III,Pampanga,Arayat,2022-09-08,24.0,30.7,84.6,10.1,24.3,192.4
III,Pampanga,Arayat,2022-09-09,23.6,31.2,88.0,9.2,25.0,183.9
III,Pampanga,Arayat,2022-09-10,23.1,31.6,86.7,21.5,24.7,181.0
III,Pampanga,Arayat,2022-09-11,22.8,32.1,86.7,13.3,24.8,180.5
III,Pampanga,Arayat,2022-09-12,23.0,32.5,87.5,24.3,25.2,177.9
III,Pampanga,Arayat,2022-09-13,24.7,34.0,82.7,0.0,25.9,201.3
III,Pampanga,Arayat,2022-09-14,24.4,32.5,82.1,0.0,24.9,194.4
III,Pampanga,Arayat,2022-09-15,24.8,32.9,86.9,3.7,26.2,202.1
III,Pampanga,Arayat,2022-09-16,24.4,31.8,82.0,0.0,24.5,198.5
III,Pampanga,Arayat,2022-09-17,24.3,32.6,81.7,0.0,24.8,192.0
III,Pampanga,Arayat,2022-09-18,25.2,32.2,85.8,5.3,25.9,202.5
III,Pampanga,Arayat,2022-09-19,23.7,31.4,82.9,4.1,24.1,209.9
III,Pampanga,Arayat,2022-09-20,23.6,33.2,77.4,0.0,23.9,201.4
III,Pampanga,Arayat,2022-09-21,23.6,32.9,79.4,0.0,24.1,189.4
III,Pampanga,Arayat,2022-09-22,23.9,32.7,79.3,6.2,24.2,190.4
III,Pampanga,Arayat,2022-09-23,23.2,32.8,74.9,0.0,23.0,189.1
III,Pampanga,Arayat,2022-09-24,23.8,32.7,80.2,9.0,24.3,188.9
III,Pampanga,Arayat,2022-09-25,23.4,32.2,79.9,34.5,23.8,171.7
III,Pampanga,Arayat,2022-09-26,23.4,31.6,83.6,37.6,24.2,156.0
III,Pampanga,Arayat,2022-09-27,24.1,33.6,77.5,0.0,24.4,198.8
III,Pampanga,Arayat,2022-09-28,24.0,31.7,81.9,8.4,24.2,188.7
III,Pampanga,Arayat,2022-09-29,22.8,33.5,77.3,0.0,23.6,213.1
III,Pampanga,Arayat,2022-09-30,23.0,33.0,82.7,15.8,24.5,184.5
III,Pampanga,Arayat,2022-10-01,22.0,32.0,79.3,35.5,22.9,167.2
III,Pampanga,Arayat,2022-10-02,22.3,32.6,76.0,0.0,22.7,197.0
III,Pampanga,Arayat,2022-10-03,22.8,31.2,82.4,28.7,23.5,175.5
III,Pampanga,Arayat,2022-10-04,22.9,31.8,76.2,0.0,22.6,207.4
III,Pampanga,Arayat,2022-10-05,23.1,32.4,83.8,6.2,24.5,195.7
III,Pampanga,Arayat,2022-10-06,23.3,33.1,80.5,0.0,24.3,202.5
III,Pampanga,Arayat,2022-10-07,23.0,32.7,82.9,0.0,24.4,214.4
III,Pampanga,Arayat,2022-10-08,23.0,34.6,85.1,0.0,25.8,210.4
III,Pampanga,Arayat,2022-10-09,22.8,34.2,83.1,0.0,25.1,209.5
III,Pampanga,Arayat,2022-10-10,22.5,33.0,80.9,0.0,23.9,190.6
III,Pampanga,Arayat,2022-10-11,22.3,32.7,84.0,1.6,24.3,187.9
III,Pampanga,Arayat,2022-10-12,23.2,33.5,81.7,0.0,24.7,208.0
III,Pampanga,Arayat,2022-10-13,24.0,32.6,87.4,1.7,25.8,196.1
III,Pampanga,Arayat,2022-10-14,23.8,33.5,86.8,5.8,26.0,204.6
III,Pampanga,Arayat,2022-10-15,23.9,33.7,87.5,0.0,26.3,205.8
III,Pampanga,Arayat,2022-10-16,24.1,32.9,78.0,0.0,24.1,214.7
III,Pampanga,Arayat,2022-10-17,25.4,32.4,79.7,0.0,24.8,186.0
III,Pampanga,Arayat,2022-10-18,25.1,31.7,83.8,10.2,25.2,200.1
III,Pampanga,Arayat,2022-10-19,24.7,31.6,85.0,14.1,25.2,188.2
III,Pampanga,Arayat,2022-10-20,25.7,32.4,78.5,0.0,24.7,192.2
III,Pampanga,Arayat,2022-10-21,24.0,32.5,79.5,9.1,24.2,205.3
III,Pampanga,Arayat,2022-10-22,24.1,32.7,83.8,9.2,25.2,187.8
III,Pampanga,Arayat,2022-10-23,24.4,34.1,79.4,0.0,25.1,212.4
III,Pampanga,Arayat,2022-10-24,23.4,34.9,82.4,12.0,25.6,
III,Pampanga,Arayat,2022-10-25,23.0,34.0,85.9,49.4,25.7,
III,Pampanga,Arayat,2022-10-26,23.3,33.6,86.4,32.2,25.7,169.1
III,Pampanga,Arayat,2022-10-27,25.1,33.1,85.3,12.7,26.2,205.4
III,Pampanga,Arayat,2022-10-28,25.6,32.4,85.3,8.5,26.1,183.3
III,Pampanga,Arayat,2022-10-29,25.1,32.6,85.3,10.8,25.9,205.4
III,Pampanga,Arayat,2022-10-30,24.2,32.4,82.9,15.7,24.9,197.8
III,Pampanga,Arayat,2022-10-31,24.6,34.0,79.1,0.0,25.1,221.6
III,Pampanga,Arayat,2022-11-01,33.01437186532832,32.4,81.2,0.0,24.2,199.6
III,Pampanga,Arayat,2022-11-02,22.9,33.3,85.2,3.1,25.1,191.1
III,Pampanga,Arayat,2022-11-03,21.7,31.5,85.9,39.3,23.8,171.0
III,Pampanga,Arayat,2022-11-04,23.2,33.0,77.2,0.0,23.5,201.3
III,Pampanga,Arayat,2022-11-05,23.6,32.9,84.0,2.9,25.0,209.0
III,Pampanga,Arayat,2022-11-06,23.1,32.9,80.3,0.0,24.1,192.0
III,Pampanga,Arayat,2022-11-07,22.9,32.6,79.6,0.0,23.7,212.7
III,Pampanga,Arayat,2022-11-08,22.4,31.1,76.6,0.0,22.1,211.0
III,Pampanga,Arayat,2022-11-09,23.1,31.9,82.7,3.4,24.0,203.1
III,Pampanga,Arayat,2022-11-10,24.2,32.6,79.0,0.0,24.2,214.1
III,Pampanga,Arayat,2022-11-11,22.9,32.1,78.2,0.0,23.1,193.6
III,Pampanga,Arayat,2022-11-12,23.0,32.3,79.9,2.6,23.6,192.2
III,Pampanga,Arayat,2022-11-13,23.4,32.2,76.6,0.0,23.1,199.6
III,Pampanga,Arayat,2022-11-14,23.6,32.3,80.4,6.7,24.0,183.0
III,Pampanga,Arayat,2022-11-15,23.3,31.6,80.1,11.2,23.5,208.5
III,Pampanga,Arayat,2022-11-16,22.9,31.1,78.2,-2.0,22.6,206.4
III,Pampanga,Arayat,2022-11-17,23.4,31.5,82.5,12.5,24.0,199.2
III,Pampanga,Arayat,2022-11-18,23.9,32.3,74.0,0.0,22.9,187.8
III,Pampanga,Arayat,2022-11-19,23.7,33.4,73.1,0.0,23.2,221.4
III,Pampanga,Arayat,2022-11-20,23.5,33.7,71.9,0.0,23.0,210.7
III,Pampanga,Arayat,2022-11-21,24.0,33.4,76.1,6.9,23.9,224.5
III,Pampanga,Arayat,2022-11-22,23.8,34.3,71.6,0.0,23.4,206.5
III,Pampanga,Arayat,2022-11-23,23.5,33.6,70.0,0.0,22.6,221.8
III,Pampanga,Arayat,2022-11-24,23.5,31.3,75.3,8.8,22.5,201.7
III,Pampanga,Arayat,2022-11-25,23.2,31.3,76.3,5.2,22.5,212.5
III,Pampanga,Arayat,2022-11-26,23.4,31.3,75.1,10.6,22.4,210.9
III,Pampanga,Arayat,2022-11-27,23.1,30.9,75.6,24.8,22.1,175.8
III,Pampanga,Arayat,2022-11-28,23.1,32.0,69.8,0.0,21.5,206.8
III,Pampanga,Arayat,2022-11-29,22.6,32.4,74.7,0.0,22.4,205.9
III,Pampanga,Arayat,2022-11-30,23.2,31.3,78.3,12.2,22.9,204.6
III,Pampanga,Arayat,2022-12-01,23.8,32.5,73.2,0.0,22.8,195.4
III,Pampanga,Arayat,2022-12-02,22.7,33.4,74.0,0.0,22.8,213.2
III,Pampanga,Arayat,2022-12-03,22.6,32.4,77.4,1.8,23.0,201.9
III,Pampanga,Arayat,2022-12-04,23.7,33.7,71.2,0.0,22.9,198.9
III,Pampanga,Arayat,2022-12-05,24.2,33.1,74.5,0.0,23.5,195.3
III,Pampanga,Arayat,2022-12-06,24.7,32.2,76.9,0.0,23.8,207.1
III,Pampanga,Arayat,2022-12-07,23.1,30.4,78.9,18.1,22.5,201.6
III,Pampanga,Arayat,2022-12-08,23.5,33.4,70.0,0.0,22.4,212.3
III,Pampanga,Arayat,2022-12-09,24.2,33.6,70.3,0.0,23.0,212.1
III,Pampanga,Arayat,2022-12-10,24.0,34.5,73.8,0.0,24.0,207.2
III,Pampanga,Arayat,2022-12-11,24.2,34.7,72.3,0.0,23.9,212.5
III,Pampanga,Arayat,2022-12-12,23.6,32.9,76.8,0.0,23.6,224.1
III,Pampanga,Arayat,2022-12-13,24.0,33.1,82.3,7.1,25.0,208.7
III,Pampanga,Arayat,2022-12-14,24.4,33.5,77.0,0.0,24.4,223.6
III,Pampanga,Arayat,2022-12-15,25.1,34.3,80.4,2.0,25.8,227.0
III,Pampanga,Arayat,2022-12-16,23.9,32.1,80.0,3.5,24.0,203.5
III,Pampanga,Arayat,2022-12-17,24.6,33.2,77.0,0.0,24.3,211.5
III,Pampanga,Arayat,2022-12-18,24.7,33.1,81.9,13.2,25.3,201.2
III,Pampanga,Arayat,2022-12-19,24.7,33.8,79.8,0.0,25.2,211.5
III,Pampanga,Arayat,2022-12-20,25.1,33.0,77.5,0.0,24.6,226.2
III,Pampanga,Arayat,2022-12-21,24.6,36.0,79.1,0.0,26.1,224.1
III,Pampanga,Arayat,2022-12-22,24.6,35.0,78.7,0.0,25.5,227.8
III,Pampanga,Arayat,2022-12-23,23.5,33.8,83.7,15.6,25.4,
III,Pampanga,Arayat,2022-12-24,22.5,35.7,76.0,0.0,24.3,
III,Pampanga,Arayat,2022-12-25,22.5,34.6,79.7,0.0,24.5,
III,Pampanga,Arayat,2022-12-26,22.6,34.4,77.0,0.0,23.9,202.2
III,Pampanga,Arayat,2022-12-27,23.2,34.2,79.9,5.3,24.7,209.7
III,Pampanga,Arayat,2022-12-28,23.1,32.3,79.0,0.0,23.5,227.1
III,Pampanga,Arayat,2022-12-29,23.2,32.3,75.7,0.0,22.9,224.2
III,Pampanga,Arayat,2022-12-30,24.0,31.5,79.1,0.0,23.6,221.4
III,Pampanga,Arayat,2022-12-31,23.4,31.6,76.8,0.0,22.9,211.9
III,Pampanga,Arayat,2023-01-01,24.0,32.7,75.0,0.0,23.4,216.2
III,Pampanga,Arayat,2023-01-02,24.8,32.1,72.9,0.0,23.0,223.8
III,Pampanga,Arayat,2023-01-03,24.6,30.9,76.1,1.4,23.0,216.5
III,Pampanga,Arayat,2023-01-04,24.7,28.7,71.3,0.0,21.0,226.4
III,Pampanga,Arayat,2023-01-05,23.7,30.7,70.0,0.0,21.2,213.1
III,Pampanga,Arayat,2023-01-06,23.4,31.1,71.1,0.0,21.5,219.7
III,Pampanga,Arayat,2023-01-07,22.9,30.1,72.0,0.0,20.9,230.3
III,Pampanga,Arayat,2023-01-08,22.7,30.0,71.1,0.0,20.6,231.8
III,Pampanga,Arayat,2023-01-09,24.5,30.2,69.8,0.0,21.3,224.0
III,Pampanga,Arayat,2023-01-10,24.1,31.5,74.1,0.0,22.6,221.5
III,Pampanga,Arayat,2023-01-11,24.7,32.8,68.8,0.0,22.5,206.9
III,Pampanga,Arayat,2023-01-12,24.0,32.3,71.3,0.0,22.4,221.7
III,Pampanga,Arayat,2023-01-13,23.7,33.0,69.7,0.0,22.3,216.8
III,Pampanga,Arayat,2023-01-14,22.7,33.3,70.4,0.0,22.1,216.3
III,Pampanga,Arayat,2023-01-15,22.9,33.2,72.3,0.0,22.5,219.6
III,Pampanga,Arayat,2023-01-16,23.1,32.5,74.3,3.7,22.7,216.7
III,Pampanga,Arayat,2023-01-17,22.6,33.5,69.5,0.0,22.0,221.3
III,Pampanga,Arayat,2023-01-18,22.5,32.8,72.6,0.0,22.2,216.6
III,Pampanga,Arayat,2023-01-19,21.4,30.7,74.6,0.8,21.0,205.8
III,Pampanga,Arayat,2023-01-20,20.5,29.7,69.6,0.0,19.0,219.7
III,Pampanga,Arayat,2023-01-21,21.2,30.3,66.6,0.0,19.1,232.6
III,Pampanga,Arayat,2023-01-22,21.5,31.6,69.1,0.0,20.4,216.2
III,Pampanga,Arayat,2023-01-23,22.5,32.9,69.8,0.0,21.7,210.6
III,Pampanga,Arayat,2023-01-24,23.4,33.0,69.9,,22.2,224.2
III,Pampanga,Arayat,2023-01-25,23.3,31.7,70.4,,21.6,216.9
III,Pampanga,Arayat,2023-01-26,23.1,33.6,70.3,,22.4,236.3
III,Pampanga,Arayat,2023-01-27,23.0,33.4,71.8,0.0,22.6,221.5
III,Pampanga,Arayat,2023-01-28,23.5,32.0,72.2,0.0,22.2,214.8
III,Pampanga,Arayat,2023-01-29,23.6,30.0,73.3,7.6,21.5,218.8
III,Pampanga,Arayat,2023-01-30,23.9,29.9,70.2,0.0,20.9,207.1
III,Pampanga,Arayat,2023-01-31,23.3,30.7,,0.0,20.9,213.2
III,Pampanga,Arayat,2023-02-01,23.7,30.5,,0.0,21.0,226.6
III,Pampanga,Arayat,2023-02-02,22.1,31.0,,0.0,21.2,229.7
III,Pampanga,Arayat,2023-02-03,21.6,31.7,,0.0,21.5,221.9
III,Pampanga,Arayat,2023-02-04,21.9,33.2,70.8,0.0,21.7,218.8
III,Pampanga,Arayat,2023-02-05,21.5,32.4,71.9,0.0,21.3,207.8
III,Pampanga,Arayat,2023-02-06,21.1,33.4,76.6,3.9,22.6,220.9
III,Pampanga,Arayat,2023-02-07,21.8,33.7,67.8,0.0,21.3,222.9
III,Pampanga,Arayat,2023-02-08,22.1,31.7,68.8,0.0,20.7,237.4
III,Pampanga,Arayat,2023-02-09,22.5,31.9,71.8,0.0,21.6,209.5
III,Pampanga,Arayat,2023-02-10,23.8,31.8,74.3,0.0,22.7,215.7
III,Pampanga,Arayat,2023-02-11,23.7,29.7,71.7,0.0,21.0,223.1
III,Pampanga,Arayat,2023-02-12,22.5,30.3,73.1,0.0,21.0,207.2
III,Pampanga,Arayat,2023-02-13,22.5,27.6,69.3,0.0,18.9,220.8
III,Pampanga,Arayat,2023-02-14,23.2,29.7,71.8,0.0,20.8,221.1
III,Pampanga,Arayat,2023-02-15,22.7,30.7,71.4,0.0,21.0,218.6
III,Pampanga,Arayat,2023-02-16,22.9,30.6,73.0,0.0,21.4,234.1
III,Pampanga,Arayat,2023-02-17,23.0,30.4,78.2,6.0,22.3,217.2
III,Pampanga,Arayat,2023-02-18,24.1,30.7,71.7,0.0,21.7,227.5
III,Pampanga,Arayat,2023-02-19,23.8,31.2,71.0,0.0,21.7,218.4
III,Pampanga,Arayat,2023-02-20,24.7,31.9,69.1,0.0,22.1,224.7
III,Pampanga,Arayat,2023-02-21,24.9,33.0,71.1,0.0,23.2,230.2
III,Pampanga,Arayat,2023-02-22,23.9,31.1,70.2,0.0,21.5,227.4
III,Pampanga,Arayat,2023-02-23,23.6,30.8,72.0,0.0,21.6,221.2
III,Pampanga,Arayat,2023-02-24,22.6,31.4,71.2,0.0,21.2,222.7
III,Pampanga,Arayat,2023-02-25,22.8,33.0,73.4,0.0,22.6,214.5
III,Pampanga,Arayat,2023-02-26,22.1,32.6,69.2,0.0,21.2,216.6
III,Pampanga,Arayat,2023-02-27,21.8,32.6,66.4,0.0,20.5,216.2
III,Pampanga,Arayat,2023-02-28,22.5,32.9,68.7,0.0,21.4,237.1
III,Pampanga,Arayat,2023-03-01,22.1,32.9,70.4,0.0,21.6,222.5
III,Pampanga,Arayat,2023-03-02,21.8,32.6,69.8,0.0,21.2,218.2
III,Pampanga,Arayat,2023-03-03,22.0,32.6,70.5,0.0,21.4,217.5
III,Pampanga,Arayat,2023-03-04,21.5,32.3,68.9,0.0,,215.1
III,Pampanga,Arayat,2023-03-05,22.1,31.3,70.9,0.0,,227.6
III,Pampanga,Arayat,2023-03-06,22.0,29.9,73.6,8.9,20.7,204.8
III,Pampanga,Arayat,2023-03-07,21.5,31.4,72.9,2.3,21.0,207.3
III,Pampanga,Arayat,2023-03-08,21.8,31.7,69.5,0.0,20.6,223.0
III,Pampanga,Arayat,2023-03-09,21.3,33.2,73.8,0.0,22.0,212.1
III,Pampanga,Arayat,2023-03-10,21.5,32.7,72.5,0.0,21.6,224.4
III,Pampanga,Arayat,2023-03-11,22.4,33.2,73.7,0.0,22.5,230.1
III,Pampanga,Arayat,2023-03-12,24.2,30.4,71.8,0.0,21.7,213.2
III,Pampanga,Arayat,2023-03-13,24.1,31.4,71.1,0.0,22.0,217.9
III,Pampanga,Arayat,2023-03-14,23.3,31.4,70.9,0.0,21.5,222.7
III,Pampanga,Arayat,2023-03-15,22.4,30.4,72.5,0.0,20.9,216.6
III,Pampanga,Arayat,2023-03-16,22.2,30.2,71.2,0.0,20.4,209.0
III,Pampanga,Arayat,2023-03-17,22.4,31.2,69.5,0.0,20.7,227.0
III,Pampanga,Arayat,2023-03-18,22.9,31.5,69.8,0.0,21.2,220.4
III,Pampanga,Arayat,2023-03-19,23.5,30.3,,0.0,21.0,217.4
III,Pampanga,Arayat,2023-03-20,23.3,30.1,,0.0,21.2,227.8
III,Pampanga,Arayat,2023-03-21,23.3,29.2,,0.0,21.4,205.4
III,Pampanga,Arayat,2023-03-22,23.8,29.5,76.3,0.0,21.9,233.0
III,Pampanga,Arayat,2023-03-23,24.0,30.3,,0.0,22.2,223.1
III,Pampanga,Arayat,2023-03-24,23.7,30.7,,0.0,21.1,214.4
III,Pampanga,Arayat,2023-03-25,24.1,31.2,,0.0,22.5,226.2
III,Pampanga,Arayat,2023-03-26,23.5,31.1,,0.0,21.9,224.3
III,Pampanga,Arayat,2023-03-27,23.6,31.1,72.0,0.0,21.8,218.9
III,Pampanga,Arayat,2023-03-28,23.5,32.2,74.7,0.0,22.8,222.9
III,Pampanga,Arayat,2023-03-29,,32.2,75.1,0.0,22.7,216.6
III,Pampanga,Arayat,2023-03-30,,31.7,75.8,0.0,23.2,217.4
III,Pampanga,Arayat,2023-03-31,,30.9,76.8,0.0,22.7,220.5
III,Pampanga,Arayat,2023-04-01,,29.5,77.5,10.5,22.0,214.2
III,Pampanga,Arayat,2023-04-02,,30.6,71.7,0.0,21.4,224.9
III,Pampanga,Arayat,2023-04-03,24.5,30.4,69.7,0.0,21.4,219.2
III,Pampanga,Arayat,2023-04-04,24.0,30.0,72.5,17.9,21.5,219.6
III,Pampanga,Arayat,2023-04-05,24.5,31.8,71.3,0.0,22.4,217.7
III,Pampanga,Arayat,2023-04-06,24.1,31.6,69.5,0.0,21.8,210.3
III,Pampanga,Arayat,2023-04-07,23.9,32.1,73.2,0.0,22.6,239.3
III,Pampanga,Arayat,2023-04-08,22.9,31.8,70.4,0.0,21.4,218.4
III,Pampanga,Arayat,2023-04-09,24.1,31.4,72.5,0.0,22.2,208.6
III,Pampanga,Arayat,2023-04-10,24.3,32.2,69.7,0.0,22.2,224.1
III,Pampanga,Arayat,2023-04-11,23.3,33.3,70.6,0.0,22.4,227.4
III,Pampanga,Arayat,2023-04-12,23.8,34.6,71.1,0.0,23.4,225.7
III,Pampanga,Arayat,2023-04-13,23.5,34.2,71.5,0.0,23.2,238.6
III,Pampanga,Arayat,2023-04-14,23.1,32.4,76.8,2.7,23.1,223.7
III,Pampanga,Arayat,2023-04-15,23.3,33.0,71.3,0.0,22.4,222.7
III,Pampanga,Arayat,2023-04-16,23.2,32.4,71.9,0.0,22.2,211.4
III,Pampanga,Arayat,2023-04-17,23.2,31.6,70.9,0.0,21.6,226.2
III,Pampanga,Arayat,2023-04-18,22.7,32.0,76.5,0.0,22.7,216.7
III,Pampanga,Arayat,2023-04-19,22.9,34.1,78.7,0.0,24.2,215.9
III,Pampanga,Arayat,2023-04-20,22.0,33.2,77.4,0.0,23.1,217.4
III,Pampanga,Arayat,2023-04-21,21.6,30.5,82.1,9.8,22.5,218.1
III,Pampanga,Arayat,2023-04-22,22.2,31.7,78.5,0.0,22.6,224.3
III,Pampanga,Arayat,2023-04-23,22.4,30.6,72.8,0.0,21.1,226.3
III,Pampanga,Arayat,2023-04-24,23.0,30.8,74.4,0.0,21.8,220.1
III,Pampanga,Arayat,2023-04-25,22.6,30.0,77.4,17.4,21.8,196.8
III,Pampanga,Arayat,2023-04-26,23.5,31.4,70.5,0.0,21.5,221.3
III,Pampanga,Arayat,2023-04-27,23.9,32.8,72.0,0.0,22.8,218.9
III,Pampanga,Arayat,2023-04-28,23.8,33.0,73.2,0.0,23.0,223.1
III,Pampanga,Arayat,2023-04-29,23.9,31.7,74.1,0.0,22.6,206.9
III,Pampanga,Arayat,2023-04-30,23.7,31.8,76.5,5.6,23.0,218.0
III,Pampanga,Arayat,2023-05-01,23.9,30.6,71.3,0.0,21.5,218.9
III,Pampanga,Arayat,2023-05-02,23.3,31.3,73.1,0.0,21.9,222.9
III,Pampanga,Arayat,2023-05-03,23.2,31.4,72.3,30.0,21.8,175.0
III,Pampanga,Arayat,2023-05-04,23.8,33.2,70.3,0.0,22.6,216.3
III,Pampanga,Arayat,2023-05-05,23.6,32.3,74.5,0.0,22.8,227.0
III,Pampanga,Arayat,2023-05-06,23.3,30.6,78.3,0.0,22.6,209.4
III,Pampanga,Arayat,2023-05-07,22.4,30.0,80.2,23.5,22.2,186.4
III,Pampanga,Arayat,2023-05-08,22.6,29.8,76.2,0.0,21.4,212.6
III,Pampanga,Arayat,2023-05-09,21.9,27.2,83.3,27.7,21.2,195.4
III,Pampanga,Arayat,2023-05-10,24.0,30.2,76.9,0.0,22.5,228.7
III,Pampanga,Arayat,2023-05-11,23.0,30.3,76.7,0.0,22.0,211.4
III,Pampanga,Arayat,2023-05-12,22.7,32.0,76.2,0.0,22.6,211.3
III,Pampanga,Arayat,2023-05-13,22.7,32.6,74.4,0.0,22.5,221.2
III,Pampanga,Arayat,2023-05-14,23.4,32.7,74.3,0.0,22.9,210.2
III,Pampanga,Arayat,2023-05-15,23.1,31.3,80.9,8.6,23.4,207.7
III,Pampanga,Arayat,2023-05-16,23.1,,76.3,0.0,22.4,210.2
III,Pampanga,Arayat,2023-05-17,23.0,,74.9,0.0,22.2,204.3
III,Pampanga,Arayat,2023-05-18,23.7,,76.3,14.7,22.6,208.7
III,Pampanga,Arayat,2023-05-19,23.8,,75.4,0.0,22.3,216.6
III,Pampanga,Arayat,2023-05-20,25.0,,76.4,0.0,22.9,212.2
III,Pampanga,Arayat,2023-05-21,24.4,30.7,78.8,25.7,23.3,189.6
III,Pampanga,Arayat,2023-05-22,24.2,31.1,79.4,0.0,23.5,210.7
III,Pampanga,Arayat,2023-05-23,23.7,31.5,80.8,17.4,23.8,206.1
III,Pampanga,Arayat,2023-05-24,24.2,30.7,79.1,17.0,23.3,186.6
III,Pampanga,Arayat,2023-05-25,22.6,32.6,76.0,0.0,22.8,214.9
III,Pampanga,Arayat,2023-05-26,23.7,32.5,75.5,0.0,23.2,212.0
III,Pampanga,Arayat,2023-05-27,23.0,32.2,80.1,7.9,23.6,206.3
III,Pampanga,Arayat,2023-05-28,22.7,32.6,78.9,0.0,23.4,216.1
III,Pampanga,Arayat,2023-05-29,23.6,33.2,78.6,0.0,24.1,209.9
III,Pampanga,Arayat,2023-05-30,23.6,31.5,78.1,0.0,23.2,218.4
III,Pampanga,Arayat,2023-05-31,22.2,31.4,79.8,0.0,22.8,204.2
III,Pampanga,Arayat,2023-06-01,22.4,29.9,83.2,2.6,22.8,215.1
III,Pampanga,Arayat,2023-06-02,22.3,32.0,82.9,7.0,23.7,213.6
III,Pampanga,Arayat,2023-06-03,21.7,33.0,81.1,21.3,23.6,197.3
III,Pampanga,Arayat,2023-06-04,21.5,32.8,76.9,0.0,22.5,210.3
III,Pampanga,Arayat,2023-06-05,22.4,34.0,80.2,3.4,24.2,219.2
III,Pampanga,Arayat,2023-06-06,23.8,32.5,80.4,0.0,24.2,195.9
III,Pampanga,Arayat,2023-06-07,23.4,32.7,76.5,0.0,23.4,219.6
III,Pampanga,Arayat,2023-06-08,22.0,32.0,81.4,13.8,23.3,201.0
III,Pampanga,Arayat,2023-06-09,22.3,33.0,73.7,0.0,22.4,204.1
III,Pampanga,Arayat,2023-06-10,23.1,33.0,80.6,14.3,24.2,204.5
III,Pampanga,Arayat,2023-06-11,23.6,32.2,81.4,20.2,24.2,189.4
III,Pampanga,Arayat,2023-06-12,23.8,34.2,78.0,0.0,24.6,205.4
III,Pampanga,Arayat,2023-06-13,23.5,35.0,74.5,0.0,24.2,201.5
III,Pampanga,Arayat,2023-06-14,23.4,35.1,80.8,5.2,25.4,199.5
III,Pampanga,Arayat,2023-06-15,24.0,32.3,72.3,0.0,22.6,199.0
III,Pampanga,Arayat,2023-06-16,24.2,33.2,76.3,0.0,24.0,205.9
III,Pampanga,Arayat,2023-06-17,23.5,33.7,77.3,0.0,24.1,210.4
III,Pampanga,Arayat,2023-06-18,22.4,33.1,78.6,0.0,23.5,201.7
III,Pampanga,Arayat,2023-06-19,24.0,33.3,77.0,0.0,24.0,205.4
III,Pampanga,Arayat,2023-06-20,24.2,32.7,81.0,6.7,24.7,195.7
III,Pampanga,Arayat,2023-06-21,23.7,33.7,76.4,0.6,24.0,212.3
III,Pampanga,Arayat,2023-06-22,23.1,31.7,79.3,33.1,23.3,167.8
III,Pampanga,Arayat,2023-06-23,24.4,33.4,81.0,0.0,25.1,193.0
III,Pampanga,Arayat,2023-06-24,25.3,33.8,80.3,0.0,25.6,221.7
III,Pampanga,Arayat,2023-06-25,24.9,34.0,80.0,6.5,25.4,197.8
III,Pampanga,Arayat,2023-06-26,23.1,32.0,82.1,61.7,24.0,145.2
III,Pampanga,Arayat,2023-06-27,23.4,32.5,80.5,7.0,24.0,200.6
III,Pampanga,Arayat,2023-06-28,24.0,34.0,73.8,0.0,23.8,206.9
III,Pampanga,Arayat,2023-06-29,24.9,33.9,72.7,0.0,23.9,212.1
III,Pampanga,Arayat,2023-06-30,24.8,33.9,75.3,0.0,,209.0
III,Pampanga,Arayat,2023-07-01,24.0,32.4,80.3,11.0,,190.9
III,Pampanga,Arayat,2023-07-02,23.9,33.4,76.4,0.0,,203.6
III,Pampanga,Arayat,2023-07-03,23.4,33.9,82.2,7.1,,215.3
III,Pampanga,Arayat,2023-07-04,23.1,33.5,80.0,0.0,,203.3
III,Pampanga,Arayat,2023-07-05,23.4,34.8,75.4,0.0,24.2,211.5
III,Pampanga,Arayat,2023-07-06,22.0,34.7,79.5,4.4,24.2,206.1
III,Pampanga,Arayat,2023-07-07,22.5,33.2,81.2,5.9,24.1,209.3
III,Pampanga,Arayat,2023-07-08,23.6,33.0,77.5,0.0,23.8,195.3
III,Pampanga,Arayat,2023-07-09,23.5,33.4,80.8,6.8,24.6,210.0
III,Pampanga,Arayat,2023-07-10,23.3,33.9,81.8,3.5,25.0,187.0
III,Pampanga,Arayat,2023-07-11,23.1,32.1,82.4,23.6,,193.6
III,Pampanga,Arayat,2023-07-12,24.9,32.3,79.3,0.0,,200.4
III,Pampanga,Arayat,2023-07-13,24.0,32.5,77.6,,,195.9
III,Pampanga,Arayat,2023-07-14,24.6,33.5,76.4,,,206.3
III,Pampanga,Arayat,2023-07-15,23.7,32.3,81.4,,,168.9
III,Pampanga,Arayat,2023-07-16,24.6,31.4,79.6,,23.9,203.1
III,Pampanga,Arayat,2023-07-17,24.0,33.2,74.8,0.0,23.6,207.7
III,Pampanga,Arayat,2023-07-18,24.8,33.7,75.6,0.0,24.4,195.4
III,Pampanga,Arayat,2023-07-19,24.5,35.2,76.3,0.0,25.1,207.7
III,Pampanga,Arayat,2023-07-20,23.3,33.2,76.6,0.0,23.6,205.7
III,Pampanga,Arayat,2023-07-21,23.0,32.2,78.1,0.0,23.2,208.4
III,Pampanga,Arayat,2023-07-22,22.4,29.0,83.6,57.6,22.4,148.4
III,Pampanga,Arayat,2023-07-23,22.5,32.5,,16.1,24.2,183.4
III,Pampanga,Arayat,2023-07-24,23.6,34.4,,0.0,25.1,202.4
III,Pampanga,Arayat,2023-07-25,23.9,33.5,,0.0,24.4,198.5
III,Pampanga,Arayat,2023-07-26,22.9,33.8,,10.2,25.2,187.9
III,Pampanga,Arayat,2023-07-27,25.1,34.9,,0.0,25.7,196.4
III,Pampanga,Arayat,2023-07-28,23.4,34.2,83.0,8.2,25.4,185.1
III,Pampanga,Arayat,2023-07-29,23.5,33.6,81.8,0.0,24.9,198.1
III,Pampanga,Arayat,2023-07-30,24.3,33.8,86.9,5.6,26.4,198.3
III,Pampanga,Arayat,2023-07-31,23.9,33.3,83.4,0.0,25.3,200.2
III,Pampanga,Arayat,2023-08-01,24.3,33.8,84.7,0.0,26.0,199.0
III,Pampanga,Arayat,2023-08-02,24.7,34.4,82.3,0.0,26.0,220.9
III,Pampanga,Arayat,2023-08-03,24.3,34.0,86.3,6.4,26.4,199.3
III,Pampanga,Arayat,2023-08-04,24.2,32.4,85.9,9.4,25.5,191.2
III,Pampanga,Arayat,2023-08-05,23.8,31.7,87.0,25.5,25.2,169.2
III,Pampanga,Arayat,2023-08-06,25.5,32.1,80.7,0.0,,198.0
III,Pampanga,Arayat,2023-08-07,,30.2,86.6,7.2,,180.4
III,Pampanga,Arayat,2023-08-08,,30.2,86.8,13.0,,194.9
III,Pampanga,Arayat,2023-08-08,,30.2,86.8,13.0,,194.9
III,Pampanga,Arayat,2023-08-09,,31.2,85.7,16.5,,183.7
III,Pampanga,Arayat,2023-08-10,,31.4,88.7,17.8,24.8,168.9
III,Pampanga,Arayat,2023-08-11,,32.9,82.2,0.0,24.4,202.2
III,Pampanga,Arayat,2023-08-12,24.5,33.5,82.4,0.0,25.5,207.7
III,Pampanga,Arayat,2023-08-13,24.0,34.1,87.2,16.3,26.5,178.0
III,Pampanga,Arayat,2023-08-14,24.5,35.2,80.0,0.0,25.8,193.8
III,Pampanga,Arayat,2023-08-15,24.1,35.6,79.6,0.0,25.8,209.9
III,Pampanga,Arayat,2023-08-16,25.7,33.7,82.3,0.0,26.2,186.1
III,Pampanga,Arayat,2023-08-17,25.0,33.6,83.9,0.0,26.1,195.8
III,Pampanga,Arayat,2023-08-18,24.4,34.0,82.7,0.0,25.7,201.1
III,Pampanga,Arayat,2023-08-19,22.5,34.1,78.8,0.6,24.1,196.6
III,Pampanga,Arayat,2023-08-20,22.6,33.5,85.1,15.1,25.1,189.1
III,Pampanga,Arayat,2023-08-21,23.6,33.9,77.6,0.0,24.3,192.4
III,Pampanga,Arayat,2023-08-22,23.4,32.0,83.3,52.3,24.4,148.4
III,Pampanga,Arayat,2023-08-23,24.8,32.5,84.8,13.8,25.6,193.2
III,Pampanga,Arayat,2023-08-24,25.4,31.1,86.0,3.2,25.4,184.6
III,Pampanga,Arayat,2023-08-25,24.9,32.1,82.5,0.0,25.0,202.0
III,Pampanga,Arayat,2023-08-26,24.0,32.2,82.5,18.5,24.6,164.9
III,Pampanga,Arayat,2023-08-27,24.3,34.1,86.1,3.0,26.4,192.6
III,Pampanga,Arayat,2023-08-28,24.1,34.7,85.7,5.3,26.5,172.2
III,Pampanga,Arayat,2023-08-29,24.6,34.2,84.2,4.9,26.2,199.3
III,Pampanga,Arayat,2023-08-30,24.0,34.1,80.6,0.0,25.2,214.3
III,Pampanga,Arayat,2023-08-31,22.7,32.0,82.2,24.8,23.8,171.3
III,Pampanga,Arayat,2023-09-01,23.7,31.9,82.5,31.7,24.3,178.6
III,Pampanga,Arayat,2023-09-02,24.5,33.4,76.9,0.0,24.3,210.1
III,Pampanga,Arayat,2023-09-03,22.8,31.7,80.8,105.6,23.4,139.1
III,Pampanga,Arayat,2023-09-04,23.1,32.7,80.0,5.7,23.9,192.8
III,Pampanga,Arayat,2023-09-05,23.4,33.1,76.0,0.0,23.4,207.3
III,Pampanga,Arayat,2023-09-06,22.6,33.9,83.1,11.5,24.9,184.2
III,Pampanga,Arayat,2023-09-07,22.7,33.3,85.0,22.5,25.0,185.7
III,Pampanga,Arayat,2023-09-08,23.3,32.7,82.0,0.0,24.4,193.8
III,Pampanga,Arayat,2023-09-09,23.0,32.5,83.4,0.0,24.4,192.0
III,Pampanga,Arayat,2023-09-10,23.0,30.3,85.0,205.7,23.6,154.5
III,Pampanga,Arayat,2023-09-11,24.4,32.9,84.7,0.0,25.6,199.4
III,Pampanga,Arayat,2023-09-12,24.5,33.0,89.8,6.6,26.7,196.8
III,Pampanga,Arayat,2023-09-13,24.7,33.5,83.2,0.0,25.7,216.2
III,Pampanga,Arayat,2023-09-14,24.2,32.1,84.8,9.9,25.1,187.9
III,Pampanga,Arayat,2023-09-15,24.2,31.4,80.0,15.0,23.8,187.4
III,Pampanga,Arayat,2023-09-16,23.4,32.2,79.4,6.8,23.7,186.6
III,Pampanga,Arayat,2023-09-17,23.1,31.0,78.9,5.2,22.8,191.6
III,Pampanga,Arayat,2023-09-18,23.2,28.8,83.9,39.0,22.8,139.0
III,Pampanga,Arayat,2023-09-19,24.1,31.0,78.8,0.0,23.3,191.6
III,Pampanga,Arayat,2023-09-20,22.9,29.7,80.1,23.2,22.3,188.3
III,Pampanga,Arayat,2023-09-21,23.2,32.1,77.0,0.0,23.0,203.4
III,Pampanga,Arayat,2023-09-22,22.5,33.3,82.8,4.4,24.5,182.1
III,Pampanga,Arayat,2023-09-23,23.5,30.9,82.6,33.3,23.7,175.3
III,Pampanga,Arayat,2023-09-24,24.7,32.7,81.7,0.0,25.0,204.7
III,Pampanga,Arayat,2023-09-25,24.4,32.7,84.2,0.0,25.4,217.8
III,Pampanga,Arayat,2023-09-26,24.1,32.8,84.2,0.0,25.3,190.2
III,Pampanga,Arayat,2023-09-27,24.6,31.9,79.2,0.0,24.1,197.8
III,Pampanga,Arayat,2023-09-28,22.3,30.9,87.0,30.2,24.0,173.9
III,Pampanga,Arayat,2023-09-29,23.0,32.3,88.8,13.6,25.4,192.8
III,Pampanga,Arayat,2023-09-30,23.6,33.1,87.0,6.3,25.8,198.9
III,Pampanga,Arayat,2023-10-01,23.2,31.0,84.7,49.4,24.0,163.0
III,Pampanga,Arayat,2023-10-02,23.5,31.9,85.2,7.3,24.7,199.3
III,Pampanga,Arayat,2023-10-03,22.7,32.0,84.8,5.4,24.3,198.2
III,Pampanga,Arayat,2023-10-04,23.7,33.2,87.7,5.3,26.0,187.2
III,Pampanga,Arayat,2023-10-05,23.2,34.2,82.5,0.0,25.2,208.7
III,Pampanga,Arayat,2023-10-06,22.7,33.6,84.7,4.6,25.1,187.1
III,Pampanga,Arayat,2023-10-07,23.3,33.7,84.1,29.9,25.3,169.0
III,Pampanga,Arayat,2023-10-08,24.4,34.5,84.2,8.7,26.3,181.9
III,Pampanga,Arayat,2023-10-09,23.8,34.9,80.5,14.4,25.5,181.6
III,Pampanga,Arayat,2023-10-10,24.7,33.6,76.1,0.0,24.4,207.5
III,Pampanga,Arayat,2023-10-11,24.8,,75.5,0.0,24.2,200.6
III,Pampanga,Arayat,2023-10-12,23.1,,73.4,0.0,22.2,199.6
III,Pampanga,Arayat,2023-10-13,22.7,,80.8,3.6,23.5,209.4
III,Pampanga,Arayat,2023-10-14,23.5,34.1,72.3,0.0,23.3,186.7
III,Pampanga,Arayat,2023-10-15,22.9,34.5,72.6,0.0,23.2,194.7
III,Pampanga,Arayat,2023-10-16,24.5,32.9,75.0,2.2,23.7,200.6
III,Pampanga,Arayat,2023-10-17,23.3,33.5,74.4,15.9,23.3,187.2
III,Pampanga,Arayat,2023-10-18,23.0,33.0,72.3,0.0,22.5,185.8
III,Pampanga,Arayat,2023-10-19,22.4,30.5,78.6,36.2,22.2,174.3
III,Pampanga,Arayat,2023-10-20,23.1,32.9,75.8,0.0,23.2,197.1
III,Pampanga,Arayat,2023-10-21,23.4,,78.4,3.6,23.8,192.4
III,Pampanga,Arayat,2023-10-22,23.4,,82.9,6.2,,203.5
III,Pampanga,Arayat,2023-10-23,23.3,,83.0,4.4,,196.5
III,Pampanga,Arayat,2023-10-24,23.6,,83.2,12.1,,171.4
III,Pampanga,Arayat,2023-10-25,22.5,,84.3,29.9,24.5,190.3
III,Pampanga,Arayat,2023-10-26,23.3,,79.2,0.0,23.9,212.7
III,Pampanga,Arayat,2023-10-27,22.7,,86.7,9.3,24.8,189.6
III,Pampanga,Arayat,2023-10-28,23.1,,83.1,0.0,24.8,200.7
III,Pampanga,Arayat,2023-10-29,23.7,33.6,80.1,0.0,24.7,209.0
III,Pampanga,Arayat,2023-10-30,24.1,34.0,80.4,0.0,25.1,203.4
III,Pampanga,Arayat,2023-10-31,24.3,33.5,80.3,0.0,25.0,209.0
III,Pampanga,Arayat,2023-11-01,24.8,32.2,85.2,17.9,25.5,191.1
III,Pampanga,Arayat,2023-11-02,24.1,33.1,87.9,12.4,26.2,183.1
III,Pampanga,Arayat,2023-11-03,26.5,33.3,79.3,0.0,25.8,199.5
III,Pampanga,Arayat,2023-11-04,25.1,31.3,82.6,64.3,24.7,139.7
III,Pampanga,Arayat,2023-11-05,25.0,32.0,81.1,0.8,24.7,206.0
III,Pampanga,Arayat,2023-11-06,24.1,31.8,78.7,0.0,23.7,213.5
III,Pampanga,Arayat,2023-11-07,24.3,31.4,77.2,0.0,23.3,206.8
III,Pampanga,Arayat,2023-11-08,24.6,30.7,79.5,22.3,23.5,173.8
III,Pampanga,Arayat,2023-11-09,24.1,30.5,83.6,20.0,24.0,188.0
III,Pampanga,Arayat,2023-11-10,24.3,32.4,78.3,0.0,24.0,203.1
III,Pampanga,Arayat,2023-11-11,24.1,31.5,81.1,0.0,24.0,204.6
III,Pampanga,Arayat,2023-11-12,23.9,31.7,77.3,0.0,23.3,204.6
III,Pampanga,Arayat,2023-11-13,23.4,31.9,87.2,12.6,25.1,188.2
III,Pampanga,Arayat,2023-11-14,24.8,31.3,80.0,0.0,24.0,203.1
III,Pampanga,Arayat,2023-11-15,24.5,31.0,79.0,6.5,23.6,207.5
III,Pampanga,Arayat,2023-11-16,24.1,31.7,71.2,0.7,22.1,201.7
III,Pampanga,Arayat,2023-11-17,23.7,32.2,75.4,3.4,23.0,201.3
III,Pampanga,Arayat,2023-11-18,23.2,33.3,73.3,0.0,22.9,207.6
III,Pampanga,Arayat,2023-11-19,23.3,35.0,70.0,0.1,23.2,220.1
III,Pampanga,Arayat,2023-11-20,23.7,33.3,75.3,15.1,23.6,194.4
III,Pampanga,Arayat,2023-11-21,23.5,31.5,79.1,117.5,23.3,139.2
III,Pampanga,Arayat,2023-11-22,23.4,32.7,79.6,0.0,24.0,213.5
III,Pampanga,Arayat,2023-11-23,23.0,31.1,77.1,0.0,22.5,210.5
III,Pampanga,Arayat,2023-11-24,21.8,29.7,85.3,42.3,22.8,167.5
III,Pampanga,Arayat,2023-11-25,24.2,32.3,85.5,6.5,25.4,210.7
III,Pampanga,Arayat,2023-11-26,23.6,31.1,76.4,0.0,22.6,200.9
III,Pampanga,Arayat,2023-11-27,24.4,31.8,77.2,0.0,23.5,221.1
III,Pampanga,Arayat,2023-11-28,25.5,32.1,,0.0,24.3,201.1
III,Pampanga,Arayat,2023-11-29,26.1,32.7,,8.6,25.8,195.5
III,Pampanga,Arayat,2023-11-30,25.2,33.6,,0.0,25.5,212.4
III,Pampanga,Arayat,2023-12-01,24.1,35.4,,0.0,25.3,217.8
III,Pampanga,Arayat,2023-12-02,24.2,35.0,78.3,0.0,25.3,219.6
III,Pampanga,Arayat,2023-12-03,22.7,34.3,76.3,0.0,23.8,208.8
III,Pampanga,Arayat,2023-12-04,22.8,32.4,72.8,0.0,22.2,214.2
III,Pampanga,Arayat,2023-12-05,21.4,33.2,74.4,0.0,22.2,199.4
III,Pampanga,Arayat,2023-12-06,21.5,33.6,78.6,0.0,23.3,220.2
III,Pampanga,Arayat,2023-12-07,22.0,31.6,75.1,0.0,21.8,215.2
III,Pampanga,Arayat,2023-12-08,20.9,31.7,83.9,12.1,23.1,193.7
III,Pampanga,Arayat,2023-12-09,23.1,32.4,80.1,0.0,23.8,214.4
III,Pampanga,Arayat,2023-12-10,22.8,33.7,76.0,0.0,23.4,215.9
III,Pampanga,Arayat,2023-12-11,23.6,33.0,74.1,0.0,23.1,213.9
III,Pampanga,Arayat,2023-12-12,24.0,32.2,75.1,0.0,23.1,219.7
III,Pampanga,Arayat,2023-12-13,25.0,32.4,75.7,0.0,23.8,238.4
III,Pampanga,Arayat,2023-12-14,25.4,31.6,76.1,0.0,23.7,228.1
III,Pampanga,Arayat,2023-12-15,24.5,32.1,80.4,21.1,24.4,180.6
III,Pampanga,Arayat,2023-12-16,24.7,31.7,79.3,0.0,24.1,213.8
III,Pampanga,Arayat,2023-12-17,24.3,30.0,77.3,0.0,22.6,204.1
III,Pampanga,Arayat,2023-12-18,24.7,31.6,78.0,0.0,23.8,214.4
III,Pampanga,Arayat,2023-12-19,24.4,32.4,77.8,0.0,24.0,207.7
III,Pampanga,Arayat,2023-12-20,24.1,31.1,73.9,0.0,22.4,229.5
III,Pampanga,Arayat,2023-12-21,23.2,31.5,79.2,3.2,23.2,203.4
III,Pampanga,Arayat,2023-12-22,23.4,32.2,74.7,0.0,22.7,223.5
III,Pampanga,Arayat,2023-12-23,23.2,30.5,81.5,4.6,23.2,209.5
III,Pampanga,Arayat,2023-12-24,23.5,30.5,78.7,7.4,22.7,207.2
III,Pampanga,Arayat,2023-12-25,23.6,30.4,78.9,5.6,22.8,220.2
III,Pampanga,Arayat,2023-12-26,23.5,31.3,77.6,9.8,22.9,193.5
III,Pampanga,Arayat,2023-12-27,24.6,30.4,67.1,0.0,20.9,220.0
III,Pampanga,Arayat,2023-12-28,24.3,30.8,68.3,0.0,21.2,232.0
III,Pampanga,Arayat,2023-12-29,23.0,31.3,74.4,16.7,22.0,199.7
III,Pampanga,Arayat,2023-12-30,24.2,31.7,74.7,0.0,22.9,207.6
III,Pampanga,Arayat,2023-12-31,23.4,31.7,74.4,0.0,22.4,220.0
III,Pampanga,Arayat,2024-01-01,23.0,31.7,73.2,0.0,22.0,218.2
III,Pampanga,Arayat,2024-01-02,22.5,31.2,79.5,1.5,22.8,212.9
III,Pampanga,Arayat,2024-01-03,23.1,31.6,73.6,0.0,22.1,219.3
III,Pampanga,Arayat,2024-01-04,23.8,32.5,73.1,0.0,22.8,224.5
III,Pampanga,Arayat,2024-01-05,23.1,32.2,72.1,0.0,22.1,213.9
III,Pampanga,Arayat,2024-01-06,23.1,31.3,72.1,0.0,21.6,212.4
III,Pampanga,Arayat,2024-01-07,23.9,31.1,70.7,0.0,21.6,214.3
III,Pampanga,Arayat,2024-01-08,23.2,31.0,71.2,0.0,21.3,227.2
III,Pampanga,Arayat,2024-01-09,23.7,29.4,77.1,0.0,22.0,225.5
III,Pampanga,Arayat,2024-01-10,23.5,30.1,79.3,0.0,22.7,219.4
III,Pampanga,Arayat,2024-01-11,23.2,29.9,78.9,6.0,22.3,195.5
III,Pampanga,Arayat,2024-01-12,24.6,31.2,73.3,0.0,22.6,217.8
III,Pampanga,Arayat,2024-01-13,24.6,31.3,70.6,0.0,22.1,225.6
III,Pampanga,Arayat,2024-01-14,25.0,32.0,69.1,0.0,22.3,217.0
III,Pampanga,Arayat,2024-01-15,25.5,32.1,71.6,0.0,23.1,215.2
III,Pampanga,Arayat,2024-01-16,24.5,32.5,71.8,0.0,22.9,222.7
III,Pampanga,Arayat,2024-01-17,25.4,33.8,72.0,0.0,24.0,230.5
III,Pampanga,Arayat,2024-01-18,24.5,33.0,70.6,0.0,22.9,224.2
III,Pampanga,Arayat,2024-01-19,23.5,32.8,70.2,0.0,22.2,223.9
III,Pampanga,Arayat,2024-01-19,23.5,32.8,70.2,0.0,22.2,223.9
III,Pampanga,Arayat,2024-01-20,23.8,32.2,75.0,0.0,23.0,221.1
III,Pampanga,Arayat,2024-01-21,22.9,32.2,77.5,0.0,23.0,217.1
III,Pampanga,Arayat,2024-01-22,23.9,31.2,78.1,0.0,23.2,222.5
III,Pampanga,Arayat,2024-01-23,23.9,32.9,78.1,0.0,24.0,217.3
III,Pampanga,Arayat,2024-01-24,23.3,33.5,75.1,0.0,23.4,221.1
III,Pampanga,Arayat,2024-01-25,24.1,31.8,76.2,0.0,23.2,230.6
III,Pampanga,Arayat,2024-01-26,24.6,31.9,74.5,0.0,23.2,223.5
III,Pampanga,Arayat,2024-01-27,24.2,31.5,76.2,0.0,23.1,226.2
III,Pampanga,Arayat,2024-01-28,23.7,32.7,71.5,0.0,22.5,219.0
III,Pampanga,Arayat,2024-01-29,,33.0,71.2,0.0,22.7,219.8
III,Pampanga,Arayat,2024-01-30,,32.0,70.9,0.0,22.2,216.9
III,Pampanga,Arayat,2024-01-31,,32.3,69.1,0.0,21.6,221.8
III,Pampanga,Arayat,2024-02-01,23.8,30.7,68.7,0.0,21.0,225.5
III,Pampanga,Arayat,2024-02-02,23.6,29.6,71.0,0.0,20.8,223.9
III,Pampanga,Arayat,2024-02-03,23.7,29.7,70.9,0.0,20.9,223.2
III,Pampanga,Arayat,2024-02-04,22.5,30.7,69.8,0.0,20.6,228.5
III,Pampanga,Arayat,2024-02-05,22.8,31.9,74.0,5.8,22.2,240.7
III,Pampanga,Arayat,2024-02-06,22.8,31.5,68.2,0.0,20.8,229.3
III,Pampanga,Arayat,2024-02-07,21.4,31.8,72.5,0.0,21.1,212.5
III,Pampanga,Arayat,2024-02-08,21.5,32.2,73.0,0.0,21.5,224.8
III,Pampanga,Arayat,2024-02-09,21.9,32.8,73.0,1.4,21.9,222.5
III,Pampanga,Arayat,2024-02-10,22.7,32.2,72.6,0.0,22.0,206.1
III,Pampanga,Arayat,2024-02-11,22.6,,70.6,0.0,20.9,213.4
III,Pampanga,Arayat,2024-02-12,22.8,,72.4,0.0,21.9,214.4
III,Pampanga,Arayat,2024-02-13,23.1,,72.9,0.0,21.9,239.5
III,Pampanga,Arayat,2024-02-14,22.2,,72.3,0.0,22.1,212.5
III,Pampanga,Arayat,2024-02-15,22.9,,72.1,0.0,22.3,223.8
III,Pampanga,Arayat,2024-02-16,22.6,31.6,73.6,0.0,21.8,202.2
III,Pampanga,Arayat,2024-02-17,23.2,32.3,69.4,0.0,21.6,217.8
III,Pampanga,Arayat,2024-02-18,23.2,31.6,70.2,0.0,21.4,219.7
III,Pampanga,Arayat,2024-02-19,24.0,32.5,68.6,0.0,22.0,236.7
III,Pampanga,Arayat,2024-02-20,22.8,32.5,67.2,0.0,21.1,223.3
III,Pampanga,Arayat,2024-02-21,23.9,32.1,64.1,0.0,20.8,215.6
III,Pampanga,Arayat,2024-02-22,23.7,31.3,66.4,0.0,20.8,225.2
III,Pampanga,Arayat,2024-02-23,23.0,30.8,65.5,0.0,20.0,222.5
III,Pampanga,Arayat,2024-02-24,22.9,32.2,69.0,0.0,21.4,217.0
III,Pampanga,Arayat,2024-02-25,22.4,31.2,66.9,0.0,20.2,225.1
III,Pampanga,Arayat,2024-02-26,23.4,32.2,66.5,0.0,21.1,225.1
III,Pampanga,Arayat,2024-02-27,22.9,34.0,67.3,0.0,21.9,225.0
III,Pampanga,Arayat,2024-02-28,23.8,35.0,68.0,0.0,23.0,209.8
III,Pampanga,Arayat,2024-02-29,24.3,32.8,71.7,0.0,22.9,215.8
III,Pampanga,Arayat,2024-03-01,24.0,33.1,74.7,0.0,23.5,236.7
III,Pampanga,Arayat,2024-03-02,23.7,32.9,72.9,0.0,22.9,234.9
III,Pampanga,Arayat,2024-03-03,24.2,32.4,72.7,0.0,22.8,226.9
III,Pampanga,Arayat,2024-03-04,24.0,31.2,69.6,0.0,21.5,221.6
III,Pampanga,Arayat,2024-03-05,23.0,30.5,67.4,0.0,20.2,219.5
III,Pampanga,Arayat,2024-03-06,23.1,30.2,70.3,0.0,20.7,220.8
III,Pampanga,Arayat,2024-03-07,23.3,30.4,75.1,1.1,21.9,228.5
III,Pampanga,Arayat,2024-03-08,23.5,31.0,73.6,0.0,22.0,217.1
III,Pampanga,Arayat,2024-03-09,23.9,31.2,69.0,0.0,21.3,229.8
III,Pampanga,Arayat,2024-03-10,23.7,31.3,68.3,0.0,21.2,231.3
III,Pampanga,Arayat,2024-03-11,23.6,30.9,69.3,0.0,,231.8
III,Pampanga,Arayat,2024-03-12,24.4,30.9,69.5,0.0,,222.7
III,Pampanga,Arayat,2024-03-13,24.4,31.6,72.0,0.0,,216.3
III,Pampanga,Arayat,2024-03-14,24.5,31.2,69.0,0.0,,209.4
III,Pampanga,Arayat,2024-03-15,23.5,32.6,64.9,0.0,,222.8
III,Pampanga,Arayat,2024-03-16,22.5,30.9,70.8,16.4,20.9,204.3
III,Pampanga,Arayat,2024-03-17,23.3,30.5,71.1,0.0,21.1,215.6
III,Pampanga,Arayat,2024-03-18,23.3,30.2,66.6,0.0,20.1,216.3
III,Pampanga,Arayat,2024-03-19,23.9,31.8,65.4,0.0,20.9,223.0
III,Pampanga,Arayat,2024-03-20,23.7,32.7,65.4,0.0,21.3,220.9
III,Pampanga,Arayat,2024-03-21,23.0,33.3,67.3,0.0,21.6,224.6
III,Pampanga,Arayat,2024-03-22,22.7,31.4,74.8,19.5,22.0,220.9
III,Pampanga,Arayat,2024-03-23,24.6,30.6,69.5,0.0,21.5,219.4
III,Pampanga,Arayat,2024-03-24,24.7,30.5,70.3,0.0,21.7,216.6
III,Pampanga,Arayat,2024-03-25,23.7,31.4,74.8,0.0,22.5,214.1
III,Pampanga,Arayat,2024-03-26,23.5,31.6,75.7,0.0,22.7,210.7
III,Pampanga,Arayat,2024-03-27,22.9,32.8,73.1,0.0,22.5,
III,Pampanga,Arayat,2024-03-28,22.7,32.1,73.4,0.0,22.1,
III,Pampanga,Arayat,2024-03-29,23.7,32.3,71.1,0.0,22.2,216.6
III,Pampanga,Arayat,2024-03-30,23.4,33.0,72.9,0.0,22.8,238.4
III,Pampanga,Arayat,2024-03-31,23.7,31.8,67.6,0.0,21.3,218.0
III,Pampanga,Arayat,2024-04-01,22.8,31.7,71.2,0.0,21.5,223.3
III,Pampanga,Arayat,2024-04-02,23.7,32.5,69.4,0.0,22.0,217.4
III,Pampanga,Arayat,2024-04-03,24.0,32.2,68.2,0.0,21.7,211.6
III,Pampanga,Arayat,2024-04-04,24.2,32.0,69.7,0.0,22.0,224.2
III,Pampanga,Arayat,2024-04-05,25.5,32.9,70.1,0.0,23.2,224.6
III,Pampanga,Arayat,2024-04-06,24.4,33.8,71.8,0.0,23.5,223.7
III,Pampanga,Arayat,2024-04-07,24.0,33.1,70.9,0.0,22.7,219.9
III,Pampanga,Arayat,2024-04-08,23.5,31.2,74.6,0.0,22.3,213.2
III,Pampanga,Arayat,2024-04-09,23.7,32.7,76.1,0.0,23.4,217.8
III,Pampanga,Arayat,2024-04-10,23.6,28.9,74.7,22.9,21.2,196.2
III,Pampanga,Arayat,2024-04-11,24.8,29.3,72.7,0.0,21.6,217.3
III,Pampanga,Arayat,2024-04-12,25.3,28.4,71.4,0.0,21.1,218.1
III,Pampanga,Arayat,2024-04-13,,29.3,70.4,0.0,21.6,220.3
III,Pampanga,Arayat,2024-04-14,,31.4,70.3,0.0,22.2,226.5
III,Pampanga,Arayat,2024-04-15,,31.8,69.7,0.0,22.0,219.6
III,Pampanga,Arayat,2024-04-16,,31.5,71.3,0.8,21.9,210.1
III,Pampanga,Arayat,2024-04-17,23.5,32.0,72.8,0.0,22.3,213.4
III,Pampanga,Arayat,2024-04-18,23.1,32.1,70.6,0.0,21.7,202.1
III,Pampanga,Arayat,2024-04-19,23.4,32.9,70.7,0.0,22.3,211.2
III,Pampanga,Arayat,2024-04-20,24.1,31.8,73.4,0.0,22.6,223.3
III,Pampanga,Arayat,2024-04-21,23.5,30.1,71.9,0.0,21.2,217.7
III,Pampanga,Arayat,2024-04-22,23.1,32.1,73.6,0.0,22.3,220.5
III,Pampanga,Arayat,2024-04-23,22.7,33.7,70.2,0.0,22.2,207.6
III,Pampanga,Arayat,2024-04-24,22.5,33.5,69.8,0.0,22.0,216.2
III,Pampanga,Arayat,2024-04-25,22.2,31.6,77.1,6.3,22.3,220.7
III,Pampanga,Arayat,2024-04-26,23.3,32.5,68.3,0.0,21.6,218.5
III,Pampanga,Arayat,2024-04-27,23.5,32.8,71.0,0.0,22.3,209.0
III,Pampanga,Arayat,2024-04-28,23.5,32.0,73.5,1.0,22.4,211.3
III,Pampanga,Arayat,2024-04-29,23.0,31.1,74.1,0.0,21.9,225.0
III,Pampanga,Arayat,2024-04-30,23.5,29.3,75.0,,21.4,208.9
III,Pampanga,Arayat,2024-05-01,22.5,31.0,73.0,,21.4,218.8
III,Pampanga,Arayat,2024-05-02,22.9,31.2,71.0,,21.2,216.4
III,Pampanga,Arayat,2024-05-03,23.0,32.2,74.9,4.3,22.6,213.8
III,Pampanga,Arayat,2024-05-04,22.9,32.4,68.6,0.0,21.4,219.6
III,Pampanga,Arayat,2024-05-05,23.8,31.4,75.1,2.1,22.6,217.1
III,Pampanga,Arayat,2024-05-06,22.7,31.3,70.1,0.0,21.0,211.1
III,Pampanga,Arayat,2024-05-07,21.9,31.2,68.9,0.0,20.3,193.3
III,Pampanga,Arayat,2024-05-08,20.9,29.4,73.5,27.4,19.8,195.3
III,Pampanga,Arayat,2024-05-09,20.8,29.9,69.6,0.0,19.3,213.3
III,Pampanga,Arayat,2024-05-10,21.0,29.9,74.7,,20.4,205.1
III,Pampanga,Arayat,2024-05-11,20.7,29.8,71.5,,19.6,211.7
III,Pampanga,Arayat,2024-05-12,21.3,29.6,77.0,12.1,20.8,204.4
III,Pampanga,Arayat,2024-05-13,21.2,30.0,77.4,5.5,21.1,217.4
III,Pampanga,Arayat,2024-05-14,22.3,31.4,74.1,0.0,21.7,215.7
III,Pampanga,Arayat,2024-05-15,21.8,31.5,76.5,23.0,22.0,185.5
III,Pampanga,Arayat,2024-05-16,22.9,32.8,73.4,0.0,22.5,224.4
III,Pampanga,Arayat,2024-05-17,23.2,32.6,76.9,3.1,23.3,203.0
III,Pampanga,Arayat,2024-05-18,22.9,32.3,76.5,20.0,22.9,208.1
III,Pampanga,Arayat,2024-05-19,23.8,33.1,74.9,0.0,23.4,212.2
III,Pampanga,Arayat,2024-05-20,23.0,33.3,79.6,4.8,24.1,205.6
III,Pampanga,Arayat,2024-05-21,23.4,31.7,79.3,7.7,23.4,218.9
III,Pampanga,Arayat,2024-05-22,24.1,31.9,76.2,0.0,23.2,213.0
III,Pampanga,Arayat,2024-05-23,24.6,32.1,75.9,0.0,23.5,211.9
III,Pampanga,Arayat,2024-05-24,24.1,32.8,76.9,11.5,23.8,203.4
III,Pampanga,Arayat,2024-05-25,24.0,33.0,77.0,4.7,23.9,209.9
III,Pampanga,Arayat,2024-05-26,23.7,32.3,73.5,1.0,22.7,204.3
III,Pampanga,Arayat,2024-05-27,24.0,33.3,73.5,0.0,23.3,204.8
III,Pampanga,Arayat,2024-05-28,23.1,32.4,77.2,2.9,23.2,200.5
III,Pampanga,Arayat,2024-05-29,23.4,32.2,75.7,0.0,22.9,211.4
III,Pampanga,Arayat,2024-05-30,22.7,31.9,76.2,0.0,22.5,210.0
III,Pampanga,Arayat,2024-05-31,23.1,31.5,76.6,0.0,22.6,211.2
III,Pampanga,Arayat,2024-06-01,22.3,33.0,79.0,0.0,23.4,208.5
III,Pampanga,Arayat,2024-06-02,21.7,34.2,82.4,0.0,24.4,208.3
III,Pampanga,Arayat,2024-06-03,23.0,32.9,82.5,0.0,24.4,222.6
III,Pampanga,Arayat,2024-06-04,22.9,32.5,79.9,0.0,23.7,208.0
III,Pampanga,Arayat,2024-06-05,23.4,31.4,80.4,0.0,23.5,201.5
III,Pampanga,Arayat,2024-06-06,23.8,30.9,85.8,7.9,24.5,212.8
III,Pampanga,Arayat,2024-06-07,24.4,31.9,80.7,0.0,24.3,213.7
III,Pampanga,Arayat,2024-06-08,23.7,31.6,81.4,9.0,23.9,199.1
III,Pampanga,Arayat,2024-06-09,23.5,32.5,77.9,0.0,23.6,204.5
III,Pampanga,Arayat,2024-06-10,24.1,31.3,83.2,2.3,24.3,212.0
III,Pampanga,Arayat,2024-06-11,24.0,30.9,81.0,6.5,23.6,208.3
III,Pampanga,Arayat,2024-06-12,23.5,29.2,78.0,0.0,22.0,212.5
III,Pampanga,Arayat,2024-06-13,23.3,30.0,79.6,0.0,,198.0
III,Pampanga,Arayat,2024-06-14,23.2,32.2,79.0,0.0,,206.8
III,Pampanga,Arayat,2024-06-15,23.0,33.2,78.0,0.0,,202.4
III,Pampanga,Arayat,2024-06-16,22.1,32.5,81.3,17.6,,189.4
III,Pampanga,Arayat,2024-06-17,22.2,32.7,82.1,14.4,,184.7
III,Pampanga,Arayat,2024-06-18,22.3,32.4,75.5,0.0,22.5,196.2
III,Pampanga,Arayat,2024-06-19,23.7,33.1,75.1,0.0,23.4,209.8
III,Pampanga,Arayat,2024-06-20,23.8,30.4,80.6,24.2,23.2,195.3
III,Pampanga,Arayat,2024-06-21,22.6,30.2,84.8,17.8,23.4,191.7
III,Pampanga,Arayat,2024-06-22,24.5,30.9,81.8,0.0,24.1,213.4
III,Pampanga,Arayat,2024-06-23,25.0,30.8,80.1,0.0,23.9,208.9
III,Pampanga,Arayat,2024-06-24,23.9,31.5,77.8,0.0,23.3,204.9
III,Pampanga,Arayat,2024-06-25,23.6,32.4,76.8,0.0,23.4,202.4
III,Pampanga,Arayat,2024-06-26,23.5,33.5,74.7,0.0,23.4,218.9
III,Pampanga,Arayat,2024-06-27,23.2,32.3,77.3,0.0,23.2,209.1
III,Pampanga,Arayat,2024-06-28,24.4,33.0,,4.6,24.8,193.2
III,Pampanga,Arayat,2024-06-29,24.7,31.5,,2.5,24.3,199.9
III,Pampanga,Arayat,2024-06-30,24.3,31.6,,0.0,24.0,203.5
III,Pampanga,Arayat,2024-07-01,24.1,31.3,83.5,0.0,24.4,196.3
III,Pampanga,Arayat,2024-07-02,24.4,32.6,83.0,0.0,25.1,206.9
III,Pampanga,Arayat,2024-07-03,23.8,33.5,84.2,12.0,25.5,189.5
III,Pampanga,Arayat,2024-07-04,24.5,,84.5,1.4,25.6,201.8
III,Pampanga,Arayat,2024-07-05,22.9,,87.0,2.5,25.3,203.9
III,Pampanga,Arayat,2024-07-06,23.6,32.1,82.2,0.0,24.3,202.4
III,Pampanga,Arayat,2024-07-07,23.9,31.3,82.4,0.0,24.1,208.5
III,Pampanga,Arayat,2024-07-08,23.5,31.0,81.2,0.0,23.5,196.2
III,Pampanga,Arayat,2024-07-09,24.4,32.1,81.4,0.0,24.5,190.3
III,Pampanga,Arayat,2024-07-10,23.9,33.6,82.8,10.2,25.3,201.3
III,Pampanga,Arayat,2024-07-11,23.7,35.5,80.2,0.0,25.6,190.4
III,Pampanga,Arayat,2024-07-12,23.4,33.6,84.3,23.9,25.4,183.2
III,Pampanga,Arayat,2024-07-13,24.0,34.2,82.0,0.0,25.5,206.7
III,Pampanga,Arayat,2024-07-14,25.4,33.5,84.2,0.0,26.3,202.5
III,Pampanga,Arayat,2024-07-15,25.4,34.1,83.7,0.0,26.5,205.9
III,Pampanga,Arayat,2024-07-16,24.6,32.4,87.5,11.7,26.0,177.6
III,Pampanga,Arayat,2024-07-17,24.3,33.0,82.5,0.9,25.2,200.1
III,Pampanga,Arayat,2024-07-18,23.6,33.3,83.3,2.2,25.1,211.8
III,Pampanga,Arayat,2024-07-19,23.1,32.5,81.4,14.3,24.1,179.7
III,Pampanga,Arayat,2024-07-20,23.8,33.0,81.1,2.3,24.6,195.9
III,Pampanga,Arayat,2024-07-21,23.3,33.4,78.8,0.0,24.1,197.0
III,Pampanga,Arayat,2024-07-22,24.0,33.2,80.0,0.0,24.6,197.7
III,Pampanga,Arayat,2024-07-23,23.3,33.8,81.1,0.0,24.8,207.0
III,Pampanga,Arayat,2024-07-24,23.3,33.1,82.9,0.0,24.8,197.4
III,Pampanga,Arayat,2024-07-25,22.9,31.4,84.8,24.0,24.1,183.2
III,Pampanga,Arayat,2024-07-26,23.6,32.5,87.2,9.2,25.5,186.3
III,Pampanga,Arayat,2024-07-27,23.1,31.8,89.3,14.4,25.3,177.6
III,Pampanga,Arayat,2024-07-28,22.9,33.0,81.3,5.4,24.2,198.7
III,Pampanga,Arayat,2024-07-29,23.8,32.9,83.6,7.6,25.1,194.7
III,Pampanga,Arayat,2024-07-30,23.8,32.4,83.2,25.7,24.7,177.3
III,Pampanga,Arayat,2024-07-31,25.1,33.7,80.6,1.4,25.5,170.3
III,Pampanga,Arayat,2024-08-01,25.1,33.7,82.6,3.8,25.9,189.3
III,Pampanga,Arayat,2024-08-02,25.3,33.2,82.3,0.0,25.7,197.7
III,Pampanga,Arayat,2024-08-03,24.7,34.2,89.4,3.5,27.3,208.0
III,Pampanga,Arayat,2024-08-04,23.2,32.9,86.9,25.3,25.4,175.6
III,Pampanga,Arayat,2024-08-05,23.6,33.9,84.1,0.0,25.6,199.7
III,Pampanga,Arayat,2024-08-06,23.5,33.2,88.8,17.6,26.1,185.5
III,Pampanga,Arayat,2024-08-07,22.9,33.1,90.5,4.0,26.1,214.3
III,Pampanga,Arayat,2024-08-08,23.8,30.3,89.8,17.0,25.0,175.1
III,Pampanga,Arayat,2024-08-09,23.8,31.3,90.1,15.8,25.6,171.2
III,Pampanga,Arayat,2024-08-10,23.7,32.7,87.6,20.9,25.7,177.2
III,Pampanga,Arayat,2024-08-11,24.0,33.1,88.0,9.9,26.2,182.2
III,Pampanga,Arayat,2024-08-12,24.1,33.3,86.5,0.0,26.0,200.0
III,Pampanga,Arayat,2024-08-13,23.5,32.7,86.2,0.0,25.3,198.8
III,Pampanga,Arayat,2024-08-14,24.3,32.5,86.2,0.0,25.6,185.8
III,Pampanga,Arayat,2024-08-15,24.2,33.8,90.3,2.9,27.1,192.1
III,Pampanga,Arayat,2024-08-16,24.5,32.6,,13.8,26.3,165.7
III,Pampanga,Arayat,2024-08-17,25.6,34.0,,5.9,27.5,196.3
III,Pampanga,Arayat,2024-08-18,23.5,31.8,,24.5,25.2,181.4
III,Pampanga,Arayat,2024-08-19,23.9,34.2,,6.3,26.6,180.2
III,Pampanga,Arayat,2024-08-20,23.2,33.3,82.6,0.0,24.8,181.8
III,Pampanga,Arayat,2024-08-21,22.9,33.1,104.5,9.9,24.8,193.1
III,Pampanga,Arayat,2024-08-22,22.8,32.4,84.7,17.7,24.5,183.7
III,Pampanga,Arayat,2024-08-23,23.0,32.4,78.9,0.0,23.5,215.3
III,Pampanga,Arayat,2024-08-24,23.5,30.1,83.1,39.9,23.4,154.0
III,Pampanga,Arayat,2024-08-25,23.9,32.2,79.9,0.0,24.0,199.4
III,Pampanga,Arayat,2024-08-26,23.2,32.2,85.7,9.9,24.8,193.8
III,Pampanga,Arayat,2024-08-27,23.8,31.7,87.5,4.0,25.2,190.4
III,Pampanga,Arayat,2024-08-28,23.1,32.9,90.6,8.8,26.1,200.9
III,Pampanga,Arayat,2024-08-29,22.6,34.1,83.3,0.0,25.0,188.2
III,Pampanga,Arayat,2024-08-30,22.8,32.4,,19.7,24.6,179.3
III,Pampanga,Arayat,2024-08-31,22.6,33.2,,7.1,25.1,189.7
III,Pampanga,Arayat,2024-09-01,,30.8,,9.4,24.5,182.3
III,Pampanga,Arayat,2024-09-02,,31.3,86.5,0.0,24.5,178.8
III,Pampanga,Arayat,2024-09-03,,32.0,83.2,0.0,24.8,195.6
III,Pampanga,Arayat,2024-09-04,24.2,33.2,87.4,5.5,26.2,196.0
III,Pampanga,Arayat,2024-09-05,24.2,31.3,89.2,25.0,25.6,170.8
III,Pampanga,Arayat,2024-09-06,25.7,30.6,85.0,7.4,25.2,193.9
III,Pampanga,Arayat,2024-09-07,25.7,29.4,85.4,3.3,24.6,201.3
III,Pampanga,Arayat,2024-09-08,25.0,29.2,86.2,10.3,24.3,172.2
III,Pampanga,Arayat,2024-09-09,25.6,29.7,81.1,0.0,23.9,190.6
III,Pampanga,Arayat,2024-09-10,25.0,32.3,86.1,1.4,25.9,198.2
III,Pampanga,Arayat,2024-09-11,24.8,33.3,86.1,5.1,26.3,205.5
III,Pampanga,Arayat,2024-09-12,23.9,33.9,85.9,27.5,26.1,169.9
III,Pampanga,Arayat,2024-09-13,24.4,34.9,84.8,3.0,26.6,211.1
III,Pampanga,Arayat,2024-09-14,24.2,35.4,82.0,10.3,26.2,203.1
III,Pampanga,Arayat,2024-09-15,24.7,34.5,83.8,11.4,26.4,179.2
III,Pampanga,Arayat,2024-09-16,24.6,35.1,80.5,0.0,26.0,203.9
III,Pampanga,Arayat,2024-09-17,25.0,33.9,78.6,0.0,25.2,196.6
III,Pampanga,Arayat,2024-09-18,25.0,34.7,85.1,6.1,26.9,183.8
III,Pampanga,Arayat,2024-09-19,24.0,33.5,86.8,19.2,26.1,175.8
III,Pampanga,Arayat,2024-09-20,24.8,34.3,82.9,0.0,26.1,208.9
III,Pampanga,Arayat,2024-09-21,23.8,34.8,82.5,0.0,25.8,220.2
III,Pampanga,Arayat,2024-09-22,23.3,36.0,84.4,0.0,26.5,187.2
III,Pampanga,Arayat,2024-09-23,23.3,35.0,84.6,3.4,26.1,198.7
III,Pampanga,Arayat,2024-09-24,22.9,35.5,82.0,0.0,25.6,201.4
III,Pampanga,Arayat,2024-09-25,21.9,33.5,83.2,33.3,24.3,166.5
III,Pampanga,Arayat,2024-09-26,23.1,32.1,79.6,0.0,23.5,202.6
III,Pampanga,Arayat,2024-09-27,22.7,32.9,79.8,0.0,23.8,190.5
III,Pampanga,Arayat,2024-09-28,23.2,33.6,86.0,11.4,25.6,198.3
III,Pampanga,Arayat,2024-09-29,23.8,32.8,85.2,2.7,25.3,208.6
III,Pampanga,Arayat,2024-09-30,23.2,33.2,84.4,11.2,25.1,201.6
III,Pampanga,Arayat,2024-10-01,24.1,34.4,81.6,0.0,25.6,196.4
III,Pampanga,Arayat,2024-10-02,24.1,33.0,86.1,28.1,25.8,171.1
III,Pampanga,Arayat,2024-10-03,23.7,33.7,83.6,24.5,25.4,180.2
III,Pampanga,Arayat,2024-10-04,23.7,33.9,79.6,0.0,24.7,206.6
III,Pampanga,Arayat,2024-10-05,24.6,34.3,79.7,0.0,25.4,211.0
III,Pampanga,Arayat,2024-10-06,25.1,36.1,77.3,0.0,26.1,189.0
III,Pampanga,Arayat,2024-10-07,25.0,35.5,80.4,0.0,26.3,209.4
III,Pampanga,Arayat,2024-10-08,24.9,34.3,79.2,0.0,25.4,202.5
III,Pampanga,Arayat,2024-10-09,24.6,33.4,80.1,1.9,25.0,200.6
III,Pampanga,Arayat,2024-10-10,24.1,33.1,81.1,2.1,24.8,198.1
III,Pampanga,Arayat,2024-10-11,22.9,33.8,78.5,0.0,24.0,196.6
III,Pampanga,Arayat,2024-10-12,22.9,33.0,83.6,11.1,24.7,190.5
III,Pampanga,Arayat,2024-10-13,22.8,32.6,75.7,0.0,22.8,202.3
III,Pampanga,Arayat,2024-10-14,23.1,33.2,82.6,12.9,24.7,211.5
III,Pampanga,Arayat,2024-10-15,22.0,32.1,85.4,25.7,24.1,190.2
III,Pampanga,Arayat,2024-10-16,23.7,32.6,82.3,0.0,24.6,197.2
III,Pampanga,Arayat,2024-10-17,23.3,35.3,80.4,0.0,25.4,205.1
III,Pampanga,Arayat,2024-10-18,21.3,32.6,84.9,28.0,23.9,170.7
III,Pampanga,Arayat,2024-10-19,22.4,34.1,82.2,0.0,24.7,188.5
III,Pampanga,Arayat,2024-10-20,23.1,33.8,77.9,0.0,24.0,197.2
III,Pampanga,Arayat,2024-10-21,23.2,33.3,79.0,0.0,24.0,206.2
III,Pampanga,Arayat,2024-10-22,23.5,34.0,85.3,2.1,25.8,194.0
III,Pampanga,Arayat,2024-10-23,24.0,33.6,78.7,0.0,24.5,218.3
III,Pampanga,Arayat,2024-10-24,24.3,33.2,79.7,0.0,24.7,191.7
III,Pampanga,Arayat,2024-10-25,23.4,32.6,85.6,7.8,25.1,214.8
III,Pampanga,Arayat,2024-10-26,23.0,33.1,,0.0,24.7,211.1
III,Pampanga,Arayat,2024-10-27,22.9,33.2,,0.0,23.9,205.9
III,Pampanga,Arayat,2024-10-28,22.4,32.8,,2.4,25.0,209.7
III,Pampanga,Arayat,2024-10-29,22.4,31.5,,2.7,23.9,202.6
III,Pampanga,Arayat,2024-10-30,23.1,29.4,84.0,9.6,23.0,192.6
III,Pampanga,Arayat,2024-10-31,22.5,31.5,84.6,2.0,23.9,200.2
III,Pampanga,Arayat,2024-11-01,23.0,30.5,78.7,0.0,22.5,205.4
III,Pampanga,Arayat,2024-11-02,23.5,32.7,85.0,1.7,25.1,200.4
III,Pampanga,Arayat,2024-11-03,24.6,31.1,80.1,0.0,23.9,212.8
III,Pampanga,Arayat,2024-11-04,23.5,32.7,81.7,3.4,24.4,206.5
III,Pampanga,Arayat,2024-11-05,24.1,34.2,74.1,0.0,24.0,199.9
III,Pampanga,Arayat,2024-11-06,24.6,33.4,73.4,0.0,23.7,208.6
III,Pampanga,Arayat,2024-11-07,23.7,33.1,77.5,3.8,23.9,189.0
III,Pampanga,Arayat,2024-11-08,23.8,32.1,80.4,13.4,24.0,192.8
III,Pampanga,Arayat,2024-11-09,22.4,32.8,76.5,0.0,22.9,207.6
III,Pampanga,Arayat,2024-11-10,23.4,32.6,76.5,0.0,23.3,213.6
III,Pampanga,Arayat,2024-11-11,24.0,32.5,76.6,10.4,23.6,204.1
III,Pampanga,Arayat,2024-11-12,24.2,33.3,75.0,0.0,23.8,198.3
III,Pampanga,Arayat,2024-11-13,23.4,31.4,83.3,10.2,24.1,200.9
III,Pampanga,Arayat,2024-11-14,23.9,32.3,79.4,0.0,24.0,199.0
III,Pampanga,Arayat,2024-11-15,23.5,32.2,78.8,0.0,23.6,201.9
III,Pampanga,Arayat,2024-11-16,23.8,32.0,84.1,43.9,24.7,173.3
III,Pampanga,Arayat,2024-11-17,24.4,33.3,80.0,0.0,24.8,214.3
III,Pampanga,Arayat,2024-11-18,23.6,32.0,85.4,27.6,24.9,188.4
III,Pampanga,Arayat,2024-11-19,24.2,33.1,83.5,6.6,25.3,202.7
III,Pampanga,Arayat,2024-11-20,23.9,32.3,78.8,0.0,23.9,220.5
III,Pampanga,Arayat,2024-11-21,23.1,33.0,86.3,1.7,25.3,209.5
III,Pampanga,Arayat,2024-11-22,23.0,33.2,81.9,10.8,24.5,196.0
III,Pampanga,Arayat,2024-11-23,22.6,33.3,81.3,1.6,24.2,212.2
III,Pampanga,Arayat,2024-11-24,22.8,33.7,76.7,0.0,23.6,202.8
III,Pampanga,Arayat,2024-11-25,22.9,34.9,75.5,0.0,24.0,191.5
III,Pampanga,Arayat,2024-11-26,22.6,33.1,79.3,9.0,23.7,204.6
III,Pampanga,Arayat,2024-11-27,22.5,34.3,76.0,0.0,23.6,214.0
III,Pampanga,Arayat,2024-11-28,23.5,32.6,75.1,0.9,23.1,207.9
III,Pampanga,Arayat,2024-11-29,23.7,32.5,73.4,0.0,22.8,208.4
III,Pampanga,Arayat,2024-11-30,23.4,32.8,74.0,0.0,22.9,224.3
III,Pampanga,Arayat,2024-12-01,23.3,31.6,76.5,0.0,22.8,205.5
III,Pampanga,Arayat,2024-12-02,23.7,29.8,75.3,0.0,21.8,228.2
III,Pampanga,Arayat,2024-12-03,23.7,31.0,80.8,5.8,23.5,207.2
III,Pampanga,Arayat,2024-12-04,24.1,32.3,74.0,0.0,23.0,205.1
III,Pampanga,Arayat,2024-12-05,23.8,32.0,70.9,0.0,22.1,217.3
III,Pampanga,Arayat,2024-12-06,23.4,32.7,72.2,0.0,22.5,202.2
III,Pampanga,Arayat,2024-12-07,22.7,32.8,74.7,0.0,22.7,206.3
III,Pampanga,Arayat,2024-12-08,24.3,33.1,74.5,0.0,23.6,199.9
III,Pampanga,Arayat,2024-12-09,25.7,32.1,77.7,0.0,24.4,221.5
III,Pampanga,Arayat,2024-12-10,25.0,31.5,74.8,0.0,23.2,217.1
III,Pampanga,Arayat,2024-12-11,24.9,32.6,72.6,0.0,23.3,
III,Pampanga,Arayat,2024-12-12,25.4,31.6,75.5,0.0,23.6,
III,Pampanga,Arayat,2024-12-13,25.5,,72.7,0.0,22.9,
III,Pampanga,Arayat,2024-12-14,24.4,,73.8,0.8,22.9,218.9
III,Pampanga,Arayat,2024-12-15,24.7,,73.3,0.0,23.8,235.3
III,Pampanga,Arayat,2024-12-16,24.8,33.5,75.3,0.0,24.2,220.2
III,Pampanga,Arayat,2024-12-17,24.5,32.7,74.0,0.0,23.4,218.9
III,Pampanga,Arayat,2024-12-18,24.7,32.4,76.6,7.9,23.9,212.7
III,Pampanga,Arayat,2024-12-19,23.2,31.1,76.6,11.2,22.5,189.5
III,Pampanga,Arayat,2024-12-20,23.9,32.3,72.8,0.0,22.7,228.2
III,Pampanga,Arayat,2024-12-21,23.8,32.4,74.2,0.0,22.9,219.9
III,Pampanga,Arayat,2024-12-22,24.0,33.9,77.9,1.3,24.5,206.4
III,Pampanga,Arayat,2024-12-23,24.5,33.8,73.9,0.0,23.9,217.6
III,Pampanga,Arayat,2024-12-24,24.1,33.3,72.8,0.0,23.3,212.5
III,Pampanga,Arayat,2024-12-25,23.6,33.3,73.9,0.0,23.2,218.2
III,Pampanga,Arayat,2024-12-26,22.9,32.7,72.2,0.0,22.2,215.3
III,Pampanga,Arayat,2024-12-27,23.7,32.4,72.6,0.5,22.6,216.1
III,Pampanga,Arayat,2024-12-28,23.0,32.3,67.9,0.0,21.2,209.2
III,Pampanga,Arayat,2024-12-29,22.1,33.1,71.1,0.0,21.8,211.9
III,Pampanga,Arayat,2024-12-30,21.8,31.5,76.6,44.8,22.0,175.9
III,Pampanga,Arayat,2024-12-31,21.7,33.2,70.6,0.0,21.6,220.4
III,Nueva Ecija,Cabanatuan City,2019-01-01,22.5,33.3,68.4,0.0,21.6,230.9
III,Nueva Ecija,Cabanatuan City,2019-01-02,21.7,32.3,70.4,2.7,21.1,222.4
III,Nueva Ecija,Cabanatuan City,2019-01-03,22.2,32.6,67.5,0.0,20.9,248.9
III,Nueva Ecija,Cabanatuan City,2019-01-04,22.2,32.8,75.0,7.0,22.5,230.8
III,Nueva Ecija,Cabanatuan City,2019-01-05,21.9,32.4,,0.0,21.2,225.0
III,Nueva Ecija,Cabanatuan City,2019-01-06,21.5,32.9,,0.0,21.4,230.3
III,Nueva Ecija,Cabanatuan City,2019-01-07,20.6,32.9,,0.0,21.0,236.2
III,Nueva Ecija,Cabanatuan City,2019-01-08,20.8,34.1,70.0,0.0,21.5,232.8
III,Nueva Ecija,Cabanatuan City,2019-01-09,20.8,33.4,68.0,0.0,20.7,246.9
III,Nueva Ecija,Cabanatuan City,2019-01-10,20.3,33.5,64.0,0.0,19.7,236.9
III,Nueva Ecija,Cabanatuan City,2019-01-11,20.4,32.9,63.4,0.0,19.3,230.4
III,Nueva Ecija,Cabanatuan City,2019-01-12,21.1,33.0,66.4,0.0,20.3,232.3
III,Nueva Ecija,Cabanatuan City,2019-01-13,21.4,33.0,62.5,0.0,19.7,239.1
III,Nueva Ecija,Cabanatuan City,2019-01-14,21.3,32.2,61.5,0.0,19.0,253.4
III,Nueva Ecija,Cabanatuan City,2019-01-15,21.5,33.6,60.5,0.0,19.6,244.2
III,Nueva Ecija,Cabanatuan City,2019-01-16,21.9,33.3,66.0,0.0,20.8,238.0
III,Nueva Ecija,Cabanatuan City,2019-01-17,22.2,33.6,67.0,0.0,21.3,223.1
III,Nueva Ecija,Cabanatuan City,2019-01-18,21.4,33.2,68.2,0.0,20.9,233.3
III,Nueva Ecija,Cabanatuan City,2019-01-19,21.6,32.1,68.8,0.0,20.6,238.2
III,Nueva Ecija,Cabanatuan City,2019-01-20,21.5,32.3,66.5,0.0,20.2,234.5
III,Nueva Ecija,Cabanatuan City,2019-01-21,22.1,31.0,62.5,0.0,19.0,235.7
III,Nueva Ecija,Cabanatuan City,2019-01-22,22.0,29.6,67.7,3.2,19.3,233.9
III,Nueva Ecija,Cabanatuan City,2019-01-23,22.3,30.0,67.3,3.3,19.6,228.1
III,Nueva Ecija,Cabanatuan City,2019-01-24,20.9,31.4,64.7,0.0,19.1,231.0
III,Nueva Ecija,Cabanatuan City,2019-01-25,21.8,32.1,64.1,0.0,19.8,236.7
III,Nueva Ecija,Cabanatuan City,2019-01-26,21.3,31.9,67.3,0.0,20.1,244.5
III,Nueva Ecija,Cabanatuan City,2019-01-27,21.3,33.0,68.7,0.0,20.9,238.8
III,Nueva Ecija,Cabanatuan City,2019-01-28,21.3,34.2,68.4,0.0,21.4,225.5
III,Nueva Ecija,Cabanatuan City,2019-01-29,21.3,34.0,67.9,0.0,21.2,245.1
III,Nueva Ecija,Cabanatuan City,2019-01-30,21.7,32.6,67.0,0.0,20.5,238.2
III,Nueva Ecija,Cabanatuan City,2019-01-31,21.1,32.5,68.3,0.0,20.5,232.6
III,Nueva Ecija,Cabanatuan City,2019-02-01,20.9,33.2,69.2,0.0,20.9,237.6
III,Nueva Ecija,Cabanatuan City,2019-02-02,22.0,33.1,68.0,0.0,21.2,221.7
III,Nueva Ecija,Cabanatuan City,2019-02-03,23.0,33.2,66.0,0.0,21.3,232.8
III,Nueva Ecija,Cabanatuan City,2019-02-04,22.6,32.2,65.2,0.0,20.4,231.4
III,Nueva Ecija,Cabanatuan City,2019-02-05,23.5,30.7,66.4,0.0,20.4,246.8
III,Nueva Ecija,Cabanatuan City,2019-02-06,22.5,31.3,70.1,1.1,20.9,231.5
III,Nueva Ecija,Cabanatuan City,2019-02-07,22.3,31.6,67.2,0.0,20.4,230.5
III,Nueva Ecija,Cabanatuan City,2019-02-08,22.2,31.2,65.5,0.0,19.8,238.3
III,Nueva Ecija,Cabanatuan City,2019-02-09,21.5,33.1,62.9,0.0,19.9,233.8
III,Nueva Ecija,Cabanatuan City,2019-02-10,22.0,33.2,64.1,0.0,20.4,256.8
III,Nueva Ecija,Cabanatuan City,2019-02-11,21.2,32.9,65.2,0.0,20.1,233.5
III,Nueva Ecija,Cabanatuan City,2019-02-12,23.0,32.8,66.7,0.0,21.2,239.6
III,Nueva Ecija,Cabanatuan City,2019-02-13,23.2,32.4,66.8,0.0,21.2,233.3
III,Nueva Ecija,Cabanatuan City,2019-02-14,22.8,32.6,69.9,0.0,21.7,232.9
III,Nueva Ecija,Cabanatuan City,2019-02-15,22.2,31.5,69.9,0.0,20.8,237.6
III,Nueva Ecija,Cabanatuan City,2019-02-16,21.7,32.3,69.9,0.0,21.0,221.4
III,Nueva Ecija,Cabanatuan City,2019-02-17,22.6,33.6,67.8,0.0,21.7,247.3
III,Nueva Ecija,Cabanatuan City,2019-02-18,23.0,34.5,65.3,0.0,21.8,260.5
III,Nueva Ecija,Cabanatuan City,2019-02-19,23.5,34.4,67.0,0.0,22.4,244.2
III,Nueva Ecija,Cabanatuan City,2019-02-20,22.9,32.4,70.1,20.0,21.7,207.5
III,Nueva Ecija,Cabanatuan City,2019-02-21,24.0,33.7,70.1,0.0,22.9,237.4
III,Nueva Ecija,Cabanatuan City,2019-02-22,23.3,33.7,72.2,0.0,22.9,246.1
III,Nueva Ecija,Cabanatuan City,2019-02-23,22.8,34.3,68.5,0.0,22.2,247.7
III,Nueva Ecija,Cabanatuan City,2019-02-24,23.1,34.6,67.6,0.0,22.4,246.5
III,Nueva Ecija,Cabanatuan City,2019-02-25,23.1,36.1,65.6,0.0,22.7,244.3
III,Nueva Ecija,Cabanatuan City,2019-02-26,21.8,34.1,67.3,0.0,21.4,232.7
III,Nueva Ecija,Cabanatuan City,2019-02-27,22.0,33.7,64.6,0.0,20.8,231.1
III,Nueva Ecija,Cabanatuan City,2019-02-28,22.4,34.9,61.7,0.0,21.0,245.3
III,Nueva Ecija,Cabanatuan City,2019-03-01,22.1,35.2,61.0,0.0,20.8,229.2
III,Nueva Ecija,Cabanatuan City,2019-03-02,22.1,34.8,60.9,0.0,20.6,243.7
III,Nueva Ecija,Cabanatuan City,2019-03-03,22.4,34.2,64.5,0.0,21.2,
III,Nueva Ecija,Cabanatuan City,2019-03-04,21.7,33.2,63.6,0.0,20.2,
III,Nueva Ecija,Cabanatuan City,2019-03-05,21.4,34.9,66.5,0.0,21.4,
III,Nueva Ecija,Cabanatuan City,2019-03-06,21.2,34.5,67.6,0.0,21.4,224.7
III,Nueva Ecija,Cabanatuan City,2019-03-07,21.4,34.0,66.9,0.0,21.1,255.1
III,Nueva Ecija,Cabanatuan City,2019-03-08,21.4,34.3,68.9,0.0,21.6,233.8
III,Nueva Ecija,Cabanatuan City,2019-03-09,22.2,33.8,67.3,0.0,21.5,237.3
III,Nueva Ecija,Cabanatuan City,2019-03-10,21.8,35.4,68.3,0.0,22.3,230.5
III,Nueva Ecija,Cabanatuan City,2019-03-11,21.6,35.6,66.1,0.3,21.8,242.1
III,Nueva Ecija,Cabanatuan City,2019-03-12,21.9,35.5,67.1,0.0,22.1,253.4
III,Nueva Ecija,Cabanatuan City,2019-03-13,21.8,35.9,65.3,0.0,21.9,237.2
III,Nueva Ecija,Cabanatuan City,2019-03-14,20.5,35.4,69.5,0.0,21.8,220.3
III,Nueva Ecija,Cabanatuan City,2019-03-15,21.8,34.9,69.8,0.0,22.3,240.7
III,Nueva Ecija,Cabanatuan City,2019-03-16,22.3,32.9,71.7,0.0,,230.1
III,Nueva Ecija,Cabanatuan City,2019-03-17,23.2,32.9,69.8,0.0,,234.6
III,Nueva Ecija,Cabanatuan City,2019-03-18,22.8,32.1,66.7,0.0,,239.9
III,Nueva Ecija,Cabanatuan City,2019-03-19,24.0,32.6,65.7,0.0,21.4,245.6
III,Nueva Ecija,Cabanatuan City,2019-03-20,23.5,32.9,67.0,0.0,21.6,223.2
III,Nueva Ecija,Cabanatuan City,2019-03-21,23.4,32.6,67.7,0.0,21.5,239.6
III,Nueva Ecija,Cabanatuan City,2019-03-22,24.3,33.7,68.3,0.0,22.7,235.0
III,Nueva Ecija,Cabanatuan City,2019-03-23,23.9,34.3,70.7,0.0,23.2,229.4
III,Nueva Ecija,Cabanatuan City,2019-03-24,23.1,32.3,74.0,1.8,22.5,234.7
III,Nueva Ecija,Cabanatuan City,2019-03-25,,32.5,69.4,0.0,21.7,246.3
III,Nueva Ecija,Cabanatuan City,2019-03-26,,33.7,64.4,0.0,21.0,230.3
III,Nueva Ecija,Cabanatuan City,2019-03-27,,33.8,66.6,0.0,21.3,226.9
III,Nueva Ecija,Cabanatuan City,2019-03-28,,33.0,68.3,0.0,21.7,236.9
III,Nueva Ecija,Cabanatuan City,2019-03-29,23.8,32.0,72.6,0.0,22.4,236.2
III,Nueva Ecija,Cabanatuan City,2019-03-30,22.8,30.7,73.3,5.1,21.4,237.9
III,Nueva Ecija,Cabanatuan City,2019-03-31,23.3,30.7,70.1,0.0,21.0,223.5
III,Nueva Ecija,Cabanatuan City,2019-04-01,21.8,30.7,72.1,1.6,20.7,253.0
III,Nueva Ecija,Cabanatuan City,2019-04-02,21.8,31.9,66.0,0.0,,239.4
III,Nueva Ecija,Cabanatuan City,2019-04-03,22.3,33.2,68.9,2.7,,237.7
III,Nueva Ecija,Cabanatuan City,2019-04-04,20.9,33.1,63.6,0.0,,231.9
III,Nueva Ecija,Cabanatuan City,2019-04-05,19.6,35.0,67.3,0.0,20.8,228.4
III,Nueva Ecija,Cabanatuan City,2019-04-06,20.6,33.6,67.5,0.0,20.6,239.2
III,Nueva Ecija,Cabanatuan City,2019-04-07,21.0,33.9,67.6,0.0,21.0,236.5
III,Nueva Ecija,Cabanatuan City,2019-04-08,21.6,34.4,66.6,0.0,21.3,240.1
III,Nueva Ecija,Cabanatuan City,2019-04-09,21.9,34.5,66.5,0.0,21.5,230.2
III,Nueva Ecija,Cabanatuan City,2019-04-10,21.9,36.4,65.9,0.0,22.3,237.7
III,Nueva Ecija,Cabanatuan City,2019-04-11,22.2,36.8,65.2,0.0,22.5,232.6
III,Nueva Ecija,Cabanatuan City,2019-04-12,23.2,35.1,66.4,0.0,22.4,232.8
III,Nueva Ecija,Cabanatuan City,2019-04-13,23.7,34.7,69.7,0.0,23.1,239.2
III,Nueva Ecija,Cabanatuan City,2019-04-14,22.0,33.9,66.4,0.0,21.2,232.2
III,Nueva Ecija,Cabanatuan City,2019-04-15,23.0,33.7,67.8,0.0,21.9,239.7
III,Nueva Ecija,Cabanatuan City,2019-04-16,22.9,32.3,67.4,0.0,21.1,250.1
III,Nueva Ecija,Cabanatuan City,2019-04-17,23.5,33.2,65.4,0.0,21.4,228.7
III,Nueva Ecija,Cabanatuan City,2019-04-18,,34.4,68.7,3.6,22.6,224.2
III,Nueva Ecija,Cabanatuan City,2019-04-19,,33.1,71.7,1.9,21.9,229.2
III,Nueva Ecija,Cabanatuan City,2019-04-20,,33.5,66.3,0.0,20.7,242.3
III,Nueva Ecija,Cabanatuan City,2019-04-21,,33.2,68.5,0.0,21.2,243.4
III,Nueva Ecija,Cabanatuan City,2019-04-22,21.5,34.0,67.9,0.0,21.3,244.3
III,Nueva Ecija,Cabanatuan City,2019-04-23,21.6,33.2,65.9,0.0,20.6,230.3
III,Nueva Ecija,Cabanatuan City,2019-04-24,21.9,33.5,66.2,0.0,20.9,239.6
III,Nueva Ecija,Cabanatuan City,2019-04-25,21.5,33.6,67.3,0.0,21.0,232.9
III,Nueva Ecija,Cabanatuan City,2019-04-26,22.3,33.5,70.7,6.4,22.0,215.7
III,Nueva Ecija,Cabanatuan City,2019-04-27,23.2,32.2,69.7,0.0,21.6,230.6
III,Nueva Ecija,Cabanatuan City,2019-04-28,23.5,32.3,67.1,0.0,21.3,236.8
III,Nueva Ecija,Cabanatuan City,2019-04-29,23.1,32.6,71.0,0.0,22.0,230.6
III,Nueva Ecija,Cabanatuan City,2019-04-30,21.2,33.3,67.8,,20.8,229.6
III,Nueva Ecija,Cabanatuan City,2019-05-01,20.2,34.3,66.5,,20.6,236.6
III,Nueva Ecija,Cabanatuan City,2019-05-02,20.7,34.8,66.8,,21.1,237.7
III,Nueva Ecija,Cabanatuan City,2019-05-03,21.1,32.2,69.5,,20.6,218.8
III,Nueva Ecija,Cabanatuan City,2019-05-04,22.6,32.3,66.1,,20.7,232.9
III,Nueva Ecija,Cabanatuan City,2019-05-05,21.8,33.6,67.8,0.0,21.3,246.2
III,Nueva Ecija,Cabanatuan City,2019-05-06,22.9,33.3,72.4,16.1,22.6,231.2
III,Nueva Ecija,Cabanatuan City,2019-05-07,22.2,32.6,68.8,0.0,21.2,235.4
III,Nueva Ecija,Cabanatuan City,2019-05-08,22.7,34.3,71.8,0.0,22.9,230.4
III,Nueva Ecija,Cabanatuan City,2019-05-09,23.1,34.2,72.6,0.0,23.2,225.6
III,Nueva Ecija,Cabanatuan City,2019-05-10,21.9,35.1,73.4,3.3,23.2,231.4
III,Nueva Ecija,Cabanatuan City,2019-05-11,21.7,34.0,67.7,0.0,21.4,225.3
III,Nueva Ecija,Cabanatuan City,2019-05-12,22.1,33.5,73.2,4.4,22.4,225.9
III,Nueva Ecija,Cabanatuan City,2019-05-13,21.6,33.8,73.2,0.0,22.3,243.4
III,Nueva Ecija,Cabanatuan City,2019-05-14,22.4,33.5,76.4,12.3,23.2,221.5
III,Nueva Ecija,Cabanatuan City,2019-05-15,22.4,33.4,68.3,0.0,21.6,231.0
III,Nueva Ecija,Cabanatuan City,2019-05-16,22.7,33.5,70.2,0.0,22.1,237.5
III,Nueva Ecija,Cabanatuan City,2019-05-17,22.9,35.0,68.6,0.0,22.7,233.4
III,Nueva Ecija,Cabanatuan City,2019-05-18,23.3,35.5,69.4,0.0,23.3,235.6
III,Nueva Ecija,Cabanatuan City,2019-05-19,22.4,33.8,74.2,3.8,22.9,234.7
III,Nueva Ecija,Cabanatuan City,2019-05-20,23.1,34.9,70.2,0.0,23.0,241.9
III,Nueva Ecija,Cabanatuan City,2019-05-21,23.5,33.4,68.4,0.0,22.1,217.8
III,Nueva Ecija,Cabanatuan City,2019-05-22,22.6,29.6,74.7,27.1,21.0,204.2
III,Nueva Ecija,Cabanatuan City,2019-05-23,23.4,31.3,73.2,0.0,22.0,243.5
III,Nueva Ecija,Cabanatuan City,2019-05-24,22.7,32.0,71.0,0.0,21.6,226.2
III,Nueva Ecija,Cabanatuan City,2019-05-25,23.7,32.5,69.4,0.0,22.0,241.5
III,Nueva Ecija,Cabanatuan City,2019-05-26,24.1,32.5,70.9,0.0,22.5,221.9
III,Nueva Ecija,Cabanatuan City,2019-05-27,23.3,34.3,68.7,0.0,22.5,241.5
III,Nueva Ecija,Cabanatuan City,2019-05-28,22.7,34.3,70.9,,22.7,223.8
III,Nueva Ecija,Cabanatuan City,2019-05-29,22.1,34.7,75.2,,23.4,212.4
III,Nueva Ecija,Cabanatuan City,2019-05-30,22.3,34.5,70.4,,22.5,216.6
III,Nueva Ecija,Cabanatuan City,2019-05-31,22.1,34.8,72.3,0.0,22.9,225.7
III,Nueva Ecija,Cabanatuan City,2019-06-01,22.4,33.3,77.2,21.0,23.3,211.1
III,Nueva Ecija,Cabanatuan City,2019-06-02,22.2,34.6,77.3,8.1,23.9,223.3
III,Nueva Ecija,Cabanatuan City,2019-06-03,22.6,34.2,79.7,8.0,24.3,230.1
III,Nueva Ecija,Cabanatuan City,2019-06-04,22.3,33.2,72.9,0.0,22.3,239.2
III,Nueva Ecija,Cabanatuan City,2019-06-05,22.2,34.6,73.0,0.0,23.0,224.7
III,Nueva Ecija,Cabanatuan City,2019-06-06,23.1,35.0,72.3,0.0,23.5,236.7
III,Nueva Ecija,Cabanatuan City,2019-06-07,24.1,34.7,74.4,1.9,24.3,228.2
III,Nueva Ecija,Cabanatuan City,2019-06-08,24.1,36.3,72.1,0.0,24.6,231.0
III,Nueva Ecija,Cabanatuan City,2019-06-09,23.5,34.2,71.3,0.0,23.1,231.8
III,Nueva Ecija,Cabanatuan City,2019-06-10,24.1,32.5,76.6,9.3,23.6,216.2
III,Nueva Ecija,Cabanatuan City,2019-06-11,23.9,32.5,75.4,6.6,23.3,226.2
III,Nueva Ecija,Cabanatuan City,2019-06-12,23.2,33.0,75.6,6.0,23.2,218.2
III,Nueva Ecija,Cabanatuan City,2019-06-13,22.4,33.0,73.3,0.0,22.4,215.3
III,Nueva Ecija,Cabanatuan City,2019-06-14,22.1,30.1,78.8,104.3,21.9,165.9
III,Nueva Ecija,Cabanatuan City,2019-06-15,22.1,32.6,75.5,2.3,22.5,227.9
III,Nueva Ecija,Cabanatuan City,2019-06-16,22.5,31.7,73.4,0.0,21.8,212.9
III,Nueva Ecija,Cabanatuan City,2019-06-17,22.6,31.1,73.7,0.0,21.6,221.0
III,Nueva Ecija,Cabanatuan City,2019-06-18,22.8,31.7,74.4,0.0,22.1,215.8
III,Nueva Ecija,Cabanatuan City,2019-06-19,21.6,31.8,79.6,25.6,22.6,193.5
III,Nueva Ecija,Cabanatuan City,2019-06-20,22.7,33.2,72.6,0.0,22.5,227.2
III,Nueva Ecija,Cabanatuan City,2019-06-21,23.1,34.9,76.2,12.5,24.2,192.7
III,Nueva Ecija,Cabanatuan City,2019-06-22,23.0,35.9,73.0,0.0,24.0,234.8
III,Nueva Ecija,Cabanatuan City,2019-06-23,23.0,34.9,70.2,0.0,23.0,215.1
III,Nueva Ecija,Cabanatuan City,2019-06-24,23.0,34.3,70.4,6.7,22.7,211.6
III,Nueva Ecija,Cabanatuan City,2019-06-25,22.4,34.4,72.3,19.8,22.9,202.8
III,Nueva Ecija,Cabanatuan City,2019-06-26,22.6,32.7,72.6,8.4,22.2,221.0
III,Nueva Ecija,Cabanatuan City,2019-06-27,22.4,32.3,74.6,6.7,22.3,198.8
III,Nueva Ecija,Cabanatuan City,2019-06-28,21.8,31.0,74.8,39.5,21.4,171.5
III,Nueva Ecija,Cabanatuan City,2019-06-29,22.2,32.4,76.4,17.4,22.6,198.4
III,Nueva Ecija,Cabanatuan City,2019-06-30,23.0,32.9,71.6,0.0,22.3,213.1
III,Nueva Ecija,Cabanatuan City,2019-07-01,22.0,33.9,73.4,0.0,22.6,213.3
III,Nueva Ecija,Cabanatuan City,2019-07-02,22.6,,74.9,0.0,23.9,220.5
III,Nueva Ecija,Cabanatuan City,2019-07-03,22.4,,79.8,10.6,24.7,217.4
III,Nueva Ecija,Cabanatuan City,2019-07-04,22.8,,73.1,0.0,24.4,222.4
III,Nueva Ecija,Cabanatuan City,2019-07-05,22.8,37.1,73.4,0.0,24.6,229.1
III,Nueva Ecija,Cabanatuan City,2019-07-06,22.9,35.1,76.0,28.7,24.2,196.9
III,Nueva Ecija,Cabanatuan City,2019-07-07,24.9,36.7,77.3,10.2,26.3,196.4
III,Nueva Ecija,Cabanatuan City,2019-07-08,24.2,36.7,74.2,0.0,25.3,229.8
III,Nueva Ecija,Cabanatuan City,2019-07-09,23.2,35.5,81.7,1.4,25.7,224.6
III,Nueva Ecija,Cabanatuan City,2019-07-10,23.0,34.2,78.2,0.0,24.2,218.2
III,Nueva Ecija,Cabanatuan City,2019-07-11,22.1,34.6,80.5,9.5,24.5,206.2
III,Nueva Ecija,Cabanatuan City,2019-07-12,22.1,33.0,79.6,15.5,23.5,199.3
III,Nueva Ecija,Cabanatuan City,2019-07-13,22.5,34.2,77.5,0.0,23.8,211.9
III,Nueva Ecija,Cabanatuan City,2019-07-14,23.4,34.2,74.0,,23.6,227.4
III,Nueva Ecija,Cabanatuan City,2019-07-15,23.4,33.1,73.8,,23.0,221.1
III,Nueva Ecija,Cabanatuan City,2019-07-16,33.79016109497986,32.3,79.0,,23.6,204.5
III,Nueva Ecija,Cabanatuan City,2019-07-17,23.8,34.6,70.1,,23.2,211.9
III,Nueva Ecija,Cabanatuan City,2019-07-18,22.9,34.4,71.1,,22.9,228.3
III,Nueva Ecija,Cabanatuan City,2019-07-19,23.4,32.8,68.8,0.0,21.9,212.1
III,Nueva Ecija,Cabanatuan City,2019-07-20,23.7,34.7,70.9,0.0,,220.4
III,Nueva Ecija,Cabanatuan City,2019-07-21,21.2,33.6,76.1,52.1,,157.7
III,Nueva Ecija,Cabanatuan City,2019-07-22,22.9,34.8,73.8,12.4,23.6,206.8
III,Nueva Ecija,Cabanatuan City,2019-07-23,22.6,34.4,71.2,0.0,22.7,223.3
III,Nueva Ecija,Cabanatuan City,2019-07-24,22.7,34.2,78.3,4.1,24.1,213.5
III,Nueva Ecija,Cabanatuan City,2019-07-25,23.8,34.3,77.6,0.0,24.6,221.6
III,Nueva Ecija,Cabanatuan City,2019-07-26,22.8,34.9,74.9,0.0,23.8,213.7
III,Nueva Ecija,Cabanatuan City,2019-07-27,23.4,36.4,80.3,1.8,26.0,228.8
III,Nueva Ecija,Cabanatuan City,2019-07-28,22.7,38.4,77.4,14.1,26.0,200.4
III,Nueva Ecija,Cabanatuan City,2019-07-29,23.2,37.8,81.3,4.6,26.8,204.1
III,Nueva Ecija,Cabanatuan City,2019-07-30,23.4,37.4,77.2,6.3,25.8,219.7
III,Nueva Ecija,Cabanatuan City,2019-07-31,23.6,36.1,74.0,10.2,24.7,193.9
III,Nueva Ecija,Cabanatuan City,2019-08-01,22.8,35.4,73.5,0.0,23.8,212.6
III,Nueva Ecija,Cabanatuan City,2019-08-02,22.4,35.7,81.3,2.1,25.3,213.2
III,Nueva Ecija,Cabanatuan City,2019-08-03,23.1,35.3,79.6,9.0,25.1,199.8
III,Nueva Ecija,Cabanatuan City,2019-08-04,22.3,36.0,75.9,0.0,24.3,217.4
III,Nueva Ecija,Cabanatuan City,2019-08-05,23.6,37.2,76.1,0.0,25.6,213.0
III,Nueva Ecija,Cabanatuan City,2019-08-06,23.1,35.0,79.0,10.2,24.8,193.0
III,Nueva Ecija,Cabanatuan City,2019-08-07,23.7,34.1,76.4,0.0,24.2,228.1
III,Nueva Ecija,Cabanatuan City,2019-08-08,23.7,33.8,81.6,4.2,25.1,216.0
III,Nueva Ecija,Cabanatuan City,2019-08-09,23.4,34.7,80.6,2.2,25.2,215.4
III,Nueva Ecija,Cabanatuan City,2019-08-10,23.2,34.7,76.8,0.0,24.3,213.3
III,Nueva Ecija,Cabanatuan City,2019-08-11,22.9,34.0,74.9,0.0,23.4,221.6
III,Nueva Ecija,Cabanatuan City,2019-08-12,22.6,35.7,78.6,6.0,24.9,207.3
III,Nueva Ecija,Cabanatuan City,2019-08-13,23.4,35.1,78.0,0.0,24.8,226.3
III,Nueva Ecija,Cabanatuan City,2019-08-14,23.2,33.0,81.6,14.2,24.4,200.6
III,Nueva Ecija,Cabanatuan City,2019-08-15,24.8,33.5,78.2,0.0,24.8,213.7
III,Nueva Ecija,Cabanatuan City,2019-08-16,23.6,32.2,80.4,21.3,24.0,195.9
III,Nueva Ecija,Cabanatuan City,2019-08-17,24.6,35.1,79.7,17.2,25.8,187.8
III,Nueva Ecija,Cabanatuan City,2019-08-18,23.8,33.1,83.7,20.9,25.2,206.2
III,Nueva Ecija,Cabanatuan City,2019-08-19,24.4,34.6,82.1,9.0,25.9,209.1
III,Nueva Ecija,Cabanatuan City,2019-08-20,24.8,34.3,82.3,6.5,26.0,211.2
III,Nueva Ecija,Cabanatuan City,2019-08-21,23.5,32.3,82.1,24.6,24.3,192.0
III,Nueva Ecija,Cabanatuan City,2019-08-22,23.0,33.1,78.2,0.0,23.7,210.1
III,Nueva Ecija,Cabanatuan City,2019-08-23,23.3,33.2,78.8,2.2,24.0,213.1
III,Nueva Ecija,Cabanatuan City,2019-08-24,22.2,33.3,80.6,11.7,23.9,204.0
III,Nueva Ecija,Cabanatuan City,2019-08-25,22.9,33.0,80.2,11.2,24.0,200.3
III,Nueva Ecija,Cabanatuan City,2019-08-26,22.4,34.7,80.0,0.0,24.6,221.1
III,Nueva Ecija,Cabanatuan City,2019-08-27,21.1,36.5,84.8,4.3,25.8,209.3
III,Nueva Ecija,Cabanatuan City,2019-08-28,21.0,33.9,84.5,27.3,24.3,179.4
III,Nueva Ecija,Cabanatuan City,2019-08-29,22.0,35.6,86.1,10.5,26.0,207.5
III,Nueva Ecija,Cabanatuan City,2019-08-30,21.2,33.6,84.4,14.6,24.3,204.7
III,Nueva Ecija,Cabanatuan City,2019-08-31,23.1,34.2,84.2,2.1,25.5,217.7
III,Nueva Ecija,Cabanatuan City,2019-09-01,23.3,33.2,89.4,3.1,26.1,219.6
III,Nueva Ecija,Cabanatuan City,2019-09-02,23.1,34.6,86.2,,26.1,215.5
III,Nueva Ecija,Cabanatuan City,2019-09-03,23.3,32.7,79.4,,23.9,191.9
III,Nueva Ecija,Cabanatuan City,2019-09-04,23.9,33.8,75.0,,23.8,212.2
III,Nueva Ecija,Cabanatuan City,2019-09-05,23.7,34.1,77.0,2.6,24.3,213.4
III,Nueva Ecija,Cabanatuan City,2019-09-06,22.1,34.7,80.6,16.5,24.5,226.6
III,Nueva Ecija,Cabanatuan City,2019-09-07,22.8,35.6,79.6,0.0,25.1,214.1
III,Nueva Ecija,Cabanatuan City,2019-09-08,22.4,37.1,78.7,0.0,25.5,211.1
III,Nueva Ecija,Cabanatuan City,2019-09-09,23.2,37.4,83.5,9.4,27.0,211.2
III,Nueva Ecija,Cabanatuan City,2019-09-10,22.6,38.2,76.8,0.0,25.8,212.2
III,Nueva Ecija,Cabanatuan City,2019-09-11,24.0,38.6,85.0,1.8,28.3,205.5
III,Nueva Ecija,Cabanatuan City,2019-09-12,24.0,34.8,81.3,16.2,25.7,191.4
III,Nueva Ecija,Cabanatuan City,2019-09-13,24.1,34.5,79.7,8.9,25.2,213.4
III,Nueva Ecija,Cabanatuan City,2019-09-14,23.1,33.7,76.6,0.0,23.7,218.1
III,Nueva Ecija,Cabanatuan City,2019-09-15,22.2,35.0,78.1,0.0,24.2,216.2
III,Nueva Ecija,Cabanatuan City,2019-09-16,22.4,34.8,78.5,1.7,24.3,203.9
III,Nueva Ecija,Cabanatuan City,2019-09-17,22.2,34.3,78.6,7.2,24.0,213.5
III,Nueva Ecija,Cabanatuan City,2019-09-18,23.2,35.2,76.1,0.0,24.4,218.0
III,Nueva Ecija,Cabanatuan City,2019-09-19,22.1,34.1,74.2,0.0,22.9,202.5
III,Nueva Ecija,Cabanatuan City,2019-09-20,22.0,32.5,79.2,0.0,23.1,230.3
III,Nueva Ecija,Cabanatuan City,2019-09-21,22.4,33.4,78.3,0.0,23.6,217.8
III,Nueva Ecija,Cabanatuan City,2019-09-22,23.2,34.3,79.6,0.0,24.7,215.8
III,Nueva Ecija,Cabanatuan City,2019-09-23,23.7,35.5,75.3,0.0,24.7,218.3
III,Nueva Ecija,Cabanatuan City,2019-09-24,23.5,34.4,78.7,6.2,24.7,207.3
III,Nueva Ecija,Cabanatuan City,2019-09-25,24.2,35.8,78.0,7.6,25.6,202.8
III,Nueva Ecija,Cabanatuan City,2019-09-26,24.4,34.4,80.0,18.9,25.4,202.0
III,Nueva Ecija,Cabanatuan City,2019-09-27,24.4,32.1,79.2,22.8,24.1,197.1
III,Nueva Ecija,Cabanatuan City,2019-09-28,24.6,33.4,78.4,4.8,24.7,207.8
III,Nueva Ecija,Cabanatuan City,2019-09-29,24.8,31.6,76.6,21.2,23.5,192.5
III,Nueva Ecija,Cabanatuan City,2019-09-30,23.3,33.5,78.2,7.7,24.0,207.9
III,Nueva Ecija,Cabanatuan City,2019-10-01,23.0,33.2,78.3,4.9,23.8,208.7
III,Nueva Ecija,Cabanatuan City,2019-10-02,22.5,33.0,77.6,0.0,23.3,202.3
III,Nueva Ecija,Cabanatuan City,2019-10-03,22.0,33.0,79.5,2.2,23.4,234.6
III,Nueva Ecija,Cabanatuan City,2019-10-04,22.9,33.5,84.5,10.4,25.1,211.3
III,Nueva Ecija,Cabanatuan City,2019-10-05,23.2,32.6,80.3,0.0,24.0,211.2
III,Nueva Ecija,Cabanatuan City,2019-10-06,22.3,32.6,82.7,28.1,24.0,198.8
III,Nueva Ecija,Cabanatuan City,2019-10-07,22.8,33.1,75.6,0.0,23.1,211.3
III,Nueva Ecija,Cabanatuan City,2019-10-08,23.1,33.3,78.9,9.5,24.0,197.7
III,Nueva Ecija,Cabanatuan City,2019-10-09,22.5,33.8,76.5,0.0,23.4,212.7
III,Nueva Ecija,Cabanatuan City,2019-10-10,22.7,35.2,73.3,0.0,23.6,225.4
III,Nueva Ecija,Cabanatuan City,2019-10-11,23.0,32.5,79.2,4.6,23.6,210.5
III,Nueva Ecija,Cabanatuan City,2019-10-12,22.9,32.3,74.3,0.0,22.5,221.7
III,Nueva Ecija,Cabanatuan City,2019-10-13,22.9,32.7,78.5,16.0,23.5,204.1
III,Nueva Ecija,Cabanatuan City,2019-10-14,22.9,33.1,77.6,6.9,23.5,221.9
III,Nueva Ecija,Cabanatuan City,2019-10-15,23.2,34.3,70.7,0.0,22.9,234.5
III,Nueva Ecija,Cabanatuan City,2019-10-16,23.4,36.9,72.0,0.0,24.5,224.3
III,Nueva Ecija,Cabanatuan City,2019-10-17,22.9,35.7,73.5,6.0,24.0,213.2
III,Nueva Ecija,Cabanatuan City,2019-10-18,22.7,35.7,69.6,0.0,23.1,230.6
III,Nueva Ecija,Cabanatuan City,2019-10-19,22.3,33.9,69.1,0.0,21.9,217.5
III,Nueva Ecija,Cabanatuan City,2019-10-20,22.0,33.7,70.1,0.0,21.9,221.8
III,Nueva Ecija,Cabanatuan City,2019-10-21,22.4,33.6,73.9,7.1,22.8,217.8
III,Nueva Ecija,Cabanatuan City,2019-10-22,23.6,33.9,75.3,17.8,23.8,204.5
III,Nueva Ecija,Cabanatuan City,2019-10-23,23.0,34.6,72.8,0.0,23.4,215.5
III,Nueva Ecija,Cabanatuan City,2019-10-24,23.0,34.7,76.6,0.0,24.2,216.7
III,Nueva Ecija,Cabanatuan City,2019-10-25,22.6,33.2,75.6,10.8,23.0,218.8
III,Nueva Ecija,Cabanatuan City,2019-10-26,23.4,34.3,68.4,0.0,22.5,228.0
III,Nueva Ecija,Cabanatuan City,2019-10-27,23.6,33.0,71.5,4.1,22.6,218.9
III,Nueva Ecija,Cabanatuan City,2019-10-28,23.0,33.1,73.7,0.1,22.8,216.0
III,Nueva Ecija,Cabanatuan City,2019-10-29,22.5,34.8,74.2,0.0,23.5,221.7
III,Nueva Ecija,Cabanatuan City,2019-10-30,21.8,33.4,71.0,0.0,21.8,221.3
III,Nueva Ecija,Cabanatuan City,2019-10-31,22.4,33.5,74.4,2.2,22.8,210.2
III,Nueva Ecija,Cabanatuan City,2019-11-01,22.1,33.2,70.2,0.0,21.7,228.1
III,Nueva Ecija,Cabanatuan City,2019-11-02,22.7,34.5,69.1,0.0,,213.4
III,Nueva Ecija,Cabanatuan City,2019-11-03,23.5,34.4,69.5,0.0,,229.2
III,Nueva Ecija,Cabanatuan City,2019-11-04,23.7,33.9,73.9,10.2,,208.3
III,Nueva Ecija,Cabanatuan City,2019-11-05,23.5,33.4,75.6,13.7,23.6,211.9
III,Nueva Ecija,Cabanatuan City,2019-11-06,25.0,33.3,73.7,0.0,23.9,211.1
III,Nueva Ecija,Cabanatuan City,2019-11-07,24.7,34.0,74.5,0.0,24.2,230.3
III,Nueva Ecija,Cabanatuan City,2019-11-08,23.5,33.7,78.1,4.6,24.2,218.4
III,Nueva Ecija,Cabanatuan City,2019-11-09,24.7,33.4,79.3,11.8,24.9,219.0
III,Nueva Ecija,Cabanatuan City,2019-11-10,24.5,34.6,76.8,2.8,24.9,221.3
III,Nueva Ecija,Cabanatuan City,2019-11-11,24.2,35.3,73.1,0.0,24.4,223.3
III,Nueva Ecija,Cabanatuan City,2019-11-12,23.6,34.1,76.3,5.1,24.1,214.9
III,Nueva Ecija,Cabanatuan City,2019-11-13,25.2,32.7,71.6,0.0,23.3,228.7
III,Nueva Ecija,Cabanatuan City,2019-11-14,24.5,35.7,71.1,0.0,24.3,227.3
III,Nueva Ecija,Cabanatuan City,2019-11-15,23.7,35.4,74.5,0.0,24.4,216.5
III,Nueva Ecija,Cabanatuan City,2019-11-16,22.7,34.5,78.2,0.0,24.2,221.4
III,Nueva Ecija,Cabanatuan City,2019-11-17,21.8,34.0,75.2,0.0,22.9,215.9
III,Nueva Ecija,Cabanatuan City,2019-11-18,22.0,32.2,76.3,10.5,22.4,218.9
III,Nueva Ecija,Cabanatuan City,2019-11-19,21.5,33.4,72.5,0.0,22.0,231.5
III,Nueva Ecija,Cabanatuan City,2019-11-20,20.3,32.1,78.1,37.6,21.8,192.5
III,Nueva Ecija,Cabanatuan City,2019-11-21,22.3,33.1,71.1,0.0,21.9,217.3
III,Nueva Ecija,Cabanatuan City,2019-11-22,22.2,32.7,69.5,0.0,21.4,218.2
III,Nueva Ecija,Cabanatuan City,2019-11-23,21.7,33.6,69.2,0.0,21.5,233.9
III,Nueva Ecija,Cabanatuan City,2019-11-24,20.4,34.4,73.1,0.0,22.0,218.4
III,Nueva Ecija,Cabanatuan City,2019-11-25,20.5,35.2,74.8,2.1,22.8,235.0
III,Nueva Ecija,Cabanatuan City,2019-11-26,22.0,32.6,77.3,4.3,22.8,213.8
III,Nueva Ecija,Cabanatuan City,2019-11-27,22.6,35.5,72.0,0.0,23.5,223.0
III,Nueva Ecija,Cabanatuan City,2019-11-28,23.6,34.1,69.6,0.0,22.8,223.4
III,Nueva Ecija,Cabanatuan City,2019-11-29,22.3,33.9,67.4,0.0,21.6,221.0
III,Nueva Ecija,Cabanatuan City,2019-11-30,22.1,33.3,73.2,0.0,22.3,208.2
III,Nueva Ecija,Cabanatuan City,2019-12-01,22.2,34.2,73.8,0.0,23.0,237.2
III,Nueva Ecija,Cabanatuan City,2019-12-02,21.6,33.7,70.4,0.0,21.7,240.2
III,Nueva Ecija,Cabanatuan City,2019-12-03,23.0,31.5,74.5,8.2,22.2,227.6
III,Nueva Ecija,Cabanatuan City,2019-12-04,22.2,31.3,69.6,17.3,20.7,208.2
III,Nueva Ecija,Cabanatuan City,2019-12-05,22.4,31.5,74.3,8.4,21.8,220.0
III,Nueva Ecija,Cabanatuan City,2019-12-06,23.7,33.5,70.0,0.0,22.6,220.3
III,Nueva Ecija,Cabanatuan City,2019-12-07,22.4,35.2,73.8,0.0,23.6,231.0
III,Nueva Ecija,Cabanatuan City,2019-12-08,21.9,36.7,72.6,0.0,23.8,218.2
III,Nueva Ecija,Cabanatuan City,2019-12-09,22.5,35.0,73.7,0.0,23.5,226.8
III,Nueva Ecija,Cabanatuan City,2019-12-10,23.1,34.2,75.2,1.6,23.7,221.9
III,Nueva Ecija,Cabanatuan City,2019-12-11,23.4,32.1,69.8,0.0,21.7,235.6
III,Nueva Ecija,Cabanatuan City,2019-12-12,,31.1,74.6,7.6,22.2,215.1
III,Nueva Ecija,Cabanatuan City,2019-12-13,,32.5,70.3,0.0,22.3,233.0
III,Nueva Ecija,Cabanatuan City,2019-12-14,,32.6,72.8,7.7,22.1,230.9
III,Nueva Ecija,Cabanatuan City,2019-12-15,,33.5,70.3,0.0,21.7,243.7
III,Nueva Ecija,Cabanatuan City,2019-12-16,,32.9,75.6,0.0,22.6,245.3
III,Nueva Ecija,Cabanatuan City,2019-12-17,,32.7,72.3,0.0,22.0,233.7
III,Nueva Ecija,Cabanatuan City,2019-12-18,,33.8,69.1,0.0,22.1,244.8
III,Nueva Ecija,Cabanatuan City,2019-12-18,,33.8,69.1,0.0,22.1,244.8
III,Nueva Ecija,Cabanatuan City,2019-12-19,,34.4,68.0,0.0,21.8,208.2
III,Nueva Ecija,Cabanatuan City,2019-12-20,,34.2,67.1,0.0,21.4,228.6
III,Nueva Ecija,Cabanatuan City,2019-12-21,,34.7,74.6,5.7,23.8,221.3
III,Nueva Ecija,Cabanatuan City,2019-12-22,23.0,34.9,66.5,0.0,22.2,225.8
III,Nueva Ecija,Cabanatuan City,2019-12-23,23.3,35.4,70.3,0.0,23.4,237.1
III,Nueva Ecija,Cabanatuan City,2019-12-24,22.3,33.4,68.8,0.0,21.6,223.9
III,Nueva Ecija,Cabanatuan City,2019-12-25,21.9,33.8,70.1,0.0,21.9,241.8
III,Nueva Ecija,Cabanatuan City,2019-12-26,20.7,34.5,71.1,17.2,21.8,221.7
III,Nueva Ecija,Cabanatuan City,2019-12-27,21.0,34.2,72.5,7.9,22.1,224.6
III,Nueva Ecija,Cabanatuan City,2019-12-28,21.6,36.0,68.3,0.0,22.5,229.5
III,Nueva Ecija,Cabanatuan City,2019-12-29,20.7,37.3,66.3,0.0,22.3,229.2
III,Nueva Ecija,Cabanatuan City,2019-12-30,20.2,36.1,68.4,0.0,21.8,248.3
III,Nueva Ecija,Cabanatuan City,2019-12-31,19.5,35.6,66.7,0.0,20.9,248.9
III,Nueva Ecija,Cabanatuan City,2020-01-01,20.2,34.3,65.3,0.0,20.3,231.6
III,Nueva Ecija,Cabanatuan City,2020-01-02,20.5,32.8,,,21.1,219.7
III,Nueva Ecija,Cabanatuan City,2020-01-03,21.7,33.6,,,21.6,225.2
III,Nueva Ecija,Cabanatuan City,2020-01-04,21.7,33.0,,,21.4,251.3
III,Nueva Ecija,Cabanatuan City,2020-01-05,21.7,33.1,68.7,0.0,21.1,246.0
III,Nueva Ecija,Cabanatuan City,2020-01-06,21.7,33.8,74.3,1.9,22.6,246.5
III,Nueva Ecija,Cabanatuan City,2020-01-07,22.0,34.0,69.6,0.0,21.9,213.8
III,Nueva Ecija,Cabanatuan City,2020-01-08,23.2,,65.2,0.0,21.6,216.0
III,Nueva Ecija,Cabanatuan City,2020-01-09,23.2,,66.0,0.0,22.0,245.2
III,Nueva Ecija,Cabanatuan City,2020-01-10,21.9,34.3,66.8,0.0,21.5,223.9
III,Nueva Ecija,Cabanatuan City,2020-01-11,21.0,32.1,66.4,0.0,19.8,232.0
III,Nueva Ecija,Cabanatuan City,2020-01-12,20.9,32.8,66.9,0.0,20.2,232.6
III,Nueva Ecija,Cabanatuan City,2020-01-13,20.1,32.7,71.5,0.0,20.7,244.3
III,Nueva Ecija,Cabanatuan City,2020-01-14,20.7,33.8,68.8,0.0,21.0,247.0
III,Nueva Ecija,Cabanatuan City,2020-01-15,21.9,32.9,67.3,0.0,20.9,241.8
III,Nueva Ecija,Cabanatuan City,2020-01-16,21.9,32.4,70.6,0.0,21.3,243.5
III,Nueva Ecija,Cabanatuan City,2020-01-17,22.0,33.0,70.6,0.0,21.6,240.1
III,Nueva Ecija,Cabanatuan City,2020-01-18,21.4,33.6,70.8,0.0,21.7,238.1
III,Nueva Ecija,Cabanatuan City,2020-01-19,22.3,33.2,66.2,0.0,21.0,234.5
III,Nueva Ecija,Cabanatuan City,2020-01-20,21.5,34.2,66.9,0.0,21.2,232.5
III,Nueva Ecija,Cabanatuan City,2020-01-21,22.2,34.2,65.8,0.0,21.4,242.3
III,Nueva Ecija,Cabanatuan City,2020-01-22,21.9,33.6,71.1,0.0,22.0,237.0
III,Nueva Ecija,Cabanatuan City,2020-01-23,21.5,34.5,70.2,0.0,22.0,249.2
III,Nueva Ecija,Cabanatuan City,2020-01-24,21.8,35.3,67.9,-2.1,22.1,227.6
III,Nueva Ecija,Cabanatuan City,2020-01-25,22.0,34.3,71.1,0.6,22.4,242.1
III,Nueva Ecija,Cabanatuan City,2020-01-26,21.7,34.2,74.4,0.0,22.8,248.3
III,Nueva Ecija,Cabanatuan City,2020-01-27,21.8,32.9,69.6,0.0,21.3,241.6
III,Nueva Ecija,Cabanatuan City,2020-01-28,21.9,32.0,72.6,2.4,21.5,219.2
III,Nueva Ecija,Cabanatuan City,2020-01-29,21.3,32.2,68.0,0.0,20.4,244.9
III,Nueva Ecija,Cabanatuan City,2020-01-30,21.7,31.9,66.2,0.0,20.0,235.7
III,Nueva Ecija,Cabanatuan City,2020-01-31,22.2,33.0,64.6,0.0,20.5,230.2
III,Nueva Ecija,Cabanatuan City,2020-02-01,21.8,32.4,65.1,0.0,20.1,249.5
III,Nueva Ecija,Cabanatuan City,2020-02-02,21.8,32.7,64.4,0.0,20.1,238.8
III,Nueva Ecija,Cabanatuan City,2020-02-03,20.7,32.5,65.2,0.0,19.6,245.0
III,Nueva Ecija,Cabanatuan City,2020-02-04,21.3,33.7,71.4,4.4,21.8,228.6
III,Nueva Ecija,Cabanatuan City,2020-02-05,21.7,34.5,66.6,0.0,21.4,248.1
III,Nueva Ecija,Cabanatuan City,2020-02-06,21.5,35.6,67.2,0.0,22.0,244.1
III,Nueva Ecija,Cabanatuan City,2020-02-07,21.0,34.7,67.0,0.0,21.2,245.4
III,Nueva Ecija,Cabanatuan City,2020-02-08,20.4,33.6,67.3,0.0,20.5,241.5
III,Nueva Ecija,Cabanatuan City,2020-02-09,21.4,32.4,62.0,0.0,19.3,243.1
III,Nueva Ecija,Cabanatuan City,2020-02-10,22.2,31.3,60.9,0.0,18.9,245.9
III,Nueva Ecija,Cabanatuan City,2020-02-11,22.2,30.8,64.7,8.0,19.4,240.7
III,Nueva Ecija,Cabanatuan City,2020-02-12,22.0,31.7,63.9,0.0,19.6,250.2
III,Nueva Ecija,Cabanatuan City,2020-02-13,21.4,33.4,62.2,0.0,19.8,240.7
III,Nueva Ecija,Cabanatuan City,2020-02-14,21.3,34.6,64.6,0.0,20.9,247.5
III,Nueva Ecija,Cabanatuan City,2020-02-15,21.8,,65.2,0.0,21.2,239.7
III,Nueva Ecija,Cabanatuan City,2020-02-16,22.4,,69.2,0.0,22.0,241.4
III,Nueva Ecija,Cabanatuan City,2020-02-17,22.5,,66.2,0.0,21.0,220.2
III,Nueva Ecija,Cabanatuan City,2020-02-18,22.4,,71.8,0.0,21.7,230.9
III,Nueva Ecija,Cabanatuan City,2020-02-19,23.0,,69.8,0.0,22.0,244.5
III,Nueva Ecija,Cabanatuan City,2020-02-20,22.3,34.4,66.8,0.0,21.7,242.7
III,Nueva Ecija,Cabanatuan City,2020-02-21,22.5,32.3,61.8,,19.8,234.2
III,Nueva Ecija,Cabanatuan City,2020-02-22,22.5,32.6,60.8,,19.7,234.8
III,Nueva Ecija,Cabanatuan City,2020-02-23,23.1,33.2,59.7,,20.1,238.6
III,Nueva Ecija,Cabanatuan City,2020-02-24,23.8,34.0,58.1,0.0,20.5,245.9
III,Nueva Ecija,Cabanatuan City,2020-02-25,23.6,33.7,58.2,0.0,20.3,234.5
III,Nueva Ecija,Cabanatuan City,2020-02-26,22.2,33.5,60.6,0.0,,228.9
III,Nueva Ecija,Cabanatuan City,2020-02-27,22.7,35.1,60.9,0.0,,231.8
III,Nueva Ecija,Cabanatuan City,2020-02-28,22.8,34.2,63.1,0.0,,253.3
III,Nueva Ecija,Cabanatuan City,2020-02-29,21.0,34.3,69.1,4.5,,228.6
III,Nueva Ecija,Cabanatuan City,2020-03-01,22.5,33.4,63.9,0.0,20.7,241.5
III,Nueva Ecija,Cabanatuan City,2020-03-02,23.2,32.4,66.7,2.7,21.1,236.6
III,Nueva Ecija,Cabanatuan City,2020-03-03,23.1,31.8,63.8,0.0,20.2,230.9
III,Nueva Ecija,Cabanatuan City,2020-03-04,23.8,33.0,64.4,0.0,21.3,231.0
III,Nueva Ecija,Cabanatuan City,2020-03-05,22.8,32.8,61.5,0.0,20.1,227.7
III,Nueva Ecija,Cabanatuan City,2020-03-06,22.8,33.4,63.7,11.9,20.8,237.9
III,Nueva Ecija,Cabanatuan City,2020-03-07,22.1,32.9,61.4,0.0,19.8,250.1
III,Nueva Ecija,Cabanatuan City,2020-03-08,22.7,32.5,,0.0,19.7,243.7
III,Nueva Ecija,Cabanatuan City,2020-03-09,22.4,32.8,,0.0,19.8,233.0
III,Nueva Ecija,Cabanatuan City,2020-03-10,,33.3,,2.2,20.5,237.3
III,Nueva Ecija,Cabanatuan City,2020-03-11,,32.8,,9.2,20.9,234.1
III,Nueva Ecija,Cabanatuan City,2020-03-12,23.4,34.2,65.6,0.0,21.9,236.3
III,Nueva Ecija,Cabanatuan City,2020-03-13,23.0,33.1,64.5,0.0,21.0,244.3
III,Nueva Ecija,Cabanatuan City,2020-03-14,22.2,31.1,68.0,0.0,20.2,245.7
III,Nueva Ecija,Cabanatuan City,2020-03-15,21.3,32.4,65.8,0.0,20.0,238.9
III,Nueva Ecija,Cabanatuan City,2020-03-16,21.4,32.9,66.7,0.0,20.5,228.5
III,Nueva Ecija,Cabanatuan City,2020-03-17,21.2,33.3,65.1,0.0,20.3,241.2
III,Nueva Ecija,Cabanatuan City,2020-03-18,21.6,32.9,65.8,0.0,20.4,238.2
III,Nueva Ecija,Cabanatuan City,2020-03-19,21.2,31.6,70.1,8.6,20.4,230.0
III,Nueva Ecija,Cabanatuan City,2020-03-20,21.4,31.3,66.1,0.0,19.6,240.7
III,Nueva Ecija,Cabanatuan City,2020-03-21,22.3,31.2,66.0,0.0,20.0,242.2
III,Nueva Ecija,Cabanatuan City,2020-03-22,23.0,31.3,67.4,0.0,20.6,231.9
III,Nueva Ecija,Cabanatuan City,2020-03-23,22.1,29.6,66.1,0.0,19.1,253.2
III,Nueva Ecija,Cabanatuan City,2020-03-24,19.0,31.4,71.0,8.2,19.4,237.3
III,Nueva Ecija,Cabanatuan City,2020-03-25,20.6,30.5,67.0,0.0,19.0,232.9
III,Nueva Ecija,Cabanatuan City,2020-03-26,21.9,31.3,64.9,0.0,19.6,249.0
III,Nueva Ecija,Cabanatuan City,2020-03-27,22.9,32.5,69.2,0.0,21.5,233.9
III,Nueva Ecija,Cabanatuan City,2020-03-28,22.3,31.1,72.6,0.0,21.2,249.7
III,Nueva Ecija,Cabanatuan City,2020-03-29,22.0,34.5,72.6,0.0,22.8,244.6
III,Nueva Ecija,Cabanatuan City,2020-03-30,22.5,34.7,69.2,0.0,22.4,234.2
III,Nueva Ecija,Cabanatuan City,2020-03-31,22.3,33.8,67.6,0.0,21.6,247.6
III,Nueva Ecija,Cabanatuan City,2020-04-01,21.6,34.4,68.0,0.0,21.6,244.5
III,Nueva Ecija,Cabanatuan City,2020-04-02,21.0,34.3,65.7,0.0,20.8,244.2
III,Nueva Ecija,Cabanatuan City,2020-04-03,20.8,34.0,63.8,0.0,20.2,241.9
III,Nueva Ecija,Cabanatuan City,2020-04-04,21.5,33.8,66.6,0.0,21.0,242.8
III,Nueva Ecija,Cabanatuan City,2020-04-05,21.2,34.7,66.6,0.0,21.3,236.5
III,Nueva Ecija,Cabanatuan City,2020-04-06,22.2,35.4,70.8,2.8,23.0,237.0
III,Nueva Ecija,Cabanatuan City,2020-04-07,22.3,34.8,68.3,0.0,22.2,239.6
III,Nueva Ecija,Cabanatuan City,2020-04-08,21.0,35.4,66.5,0.0,21.5,238.5
III,Nueva Ecija,Cabanatuan City,2020-04-09,21.9,35.1,67.4,0.0,22.0,235.9
III,Nueva Ecija,Cabanatuan City,2020-04-10,22.1,34.3,65.5,0.0,21.3,243.2
III,Nueva Ecija,Cabanatuan City,2020-04-11,21.8,33.3,68.2,1.1,21.2,233.8
III,Nueva Ecija,Cabanatuan City,2020-04-12,22.3,33.4,65.3,0.0,20.9,249.1
III,Nueva Ecija,Cabanatuan City,2020-04-13,22.0,30.2,68.9,0.0,19.9,252.3
III,Nueva Ecija,Cabanatuan City,2020-04-14,22.5,30.9,69.6,0.0,20.6,243.4
III,Nueva Ecija,Cabanatuan City,2020-04-15,22.9,32.3,66.3,0.0,20.9,232.1
III,Nueva Ecija,Cabanatuan City,2020-04-16,22.3,30.9,67.9,0.0,20.2,238.1
III,Nueva Ecija,Cabanatuan City,2020-04-17,22.5,30.9,66.8,0.0,20.1,248.5
III,Nueva Ecija,Cabanatuan City,2020-04-18,22.5,30.4,64.4,0.0,19.3,234.7
III,Nueva Ecija,Cabanatuan City,2020-04-19,22.9,29.7,70.6,5.2,20.4,219.4
III,Nueva Ecija,Cabanatuan City,2020-04-20,22.9,31.0,65.0,0.0,20.0,228.8
III,Nueva Ecija,Cabanatuan City,2020-04-21,21.3,31.8,66.5,0.0,19.8,243.6
III,Nueva Ecija,Cabanatuan City,2020-04-22,20.3,31.1,74.1,21.4,20.5,222.8
III,Nueva Ecija,Cabanatuan City,2020-04-23,21.4,34.5,70.0,0.0,22.0,235.5
III,Nueva Ecija,Cabanatuan City,2020-04-24,21.8,33.6,69.6,0.0,21.6,241.9
III,Nueva Ecija,Cabanatuan City,2020-04-25,21.2,32.9,69.7,0.0,21.0,242.7
III,Nueva Ecija,Cabanatuan City,2020-04-26,21.6,33.7,68.1,0.0,21.3,225.6
III,Nueva Ecija,Cabanatuan City,2020-04-27,22.2,33.3,68.5,0.0,21.4,227.5
III,Nueva Ecija,Cabanatuan City,2020-04-28,21.8,33.4,69.9,0.0,21.6,233.1
III,Nueva Ecija,Cabanatuan City,2020-04-29,20.7,32.5,71.4,0.0,20.9,233.5
III,Nueva Ecija,Cabanatuan City,2020-04-30,21.8,32.9,69.4,0.0,21.2,245.9
III,Nueva Ecija,Cabanatuan City,2020-05-01,22.2,34.9,67.3,0.0,22.0,240.9
III,Nueva Ecija,Cabanatuan City,2020-05-02,21.7,33.3,69.8,0.0,21.5,225.3
III,Nueva Ecija,Cabanatuan City,2020-05-03,22.2,33.8,70.3,0.0,22.1,233.1
III,Nueva Ecija,Cabanatuan City,2020-05-04,22.5,34.4,73.8,5.2,23.2,224.9
III,Nueva Ecija,Cabanatuan City,2020-05-05,22.2,34.0,68.2,0.0,21.7,228.3
III,Nueva Ecija,Cabanatuan City,2020-05-06,22.2,34.3,65.3,0.0,21.3,238.0
III,Nueva Ecija,Cabanatuan City,2020-05-07,22.0,34.5,67.8,0.0,21.8,240.6
III,Nueva Ecija,Cabanatuan City,2020-05-08,22.5,32.7,68.2,0.0,21.2,236.3
III,Nueva Ecija,Cabanatuan City,2020-05-09,23.1,31.3,73.7,19.0,21.9,225.2
III,Nueva Ecija,Cabanatuan City,2020-05-10,23.3,33.5,66.6,0.0,21.7,232.6
III,Nueva Ecija,Cabanatuan City,2020-05-11,23.2,33.1,64.5,,21.0,237.8
III,Nueva Ecija,Cabanatuan City,2020-05-12,21.9,32.8,,,21.2,218.7
III,Nueva Ecija,Cabanatuan City,2020-05-13,22.4,32.6,,,20.9,250.2
III,Nueva Ecija,Cabanatuan City,2020-05-14,22.4,34.1,,,21.4,235.1
III,Nueva Ecija,Cabanatuan City,2020-05-15,20.9,34.9,,,20.7,242.3
III,Nueva Ecija,Cabanatuan City,2020-05-16,21.5,32.4,69.1,8.3,20.8,224.4
III,Nueva Ecija,Cabanatuan City,2020-05-17,21.1,33.4,72.5,6.5,21.8,224.2
III,Nueva Ecija,Cabanatuan City,2020-05-18,21.7,34.4,76.2,4.1,23.3,243.9
III,Nueva Ecija,Cabanatuan City,2020-05-19,22.4,33.9,73.1,0.0,22.8,223.4
III,Nueva Ecija,Cabanatuan City,2020-05-20,21.7,32.7,74.4,7.2,22.1,220.3
III,Nueva Ecija,Cabanatuan City,2020-05-21,21.9,32.9,69.3,0.0,21.3,239.5
III,Nueva Ecija,Cabanatuan City,2020-05-22,22.3,32.9,69.8,,21.6,219.6
III,Nueva Ecija,Cabanatuan City,2020-05-23,21.6,33.2,72.6,,21.9,208.5
III,Nueva Ecija,Cabanatuan City,2020-05-24,21.6,33.0,68.0,,20.9,225.3
III,Nueva Ecija,Cabanatuan City,2020-05-25,22.2,33.2,68.9,0.0,21.5,232.9
III,Nueva Ecija,Cabanatuan City,2020-05-26,22.6,32.5,69.1,0.0,21.4,
III,Nueva Ecija,Cabanatuan City,2020-05-27,21.6,31.9,74.1,11.6,21.6,
III,Nueva Ecija,Cabanatuan City,2020-05-28,22.2,33.6,72.2,0.0,22.3,
III,Nueva Ecija,Cabanatuan City,2020-05-29,22.3,34.6,76.4,8.4,23.7,
III,Nueva Ecija,Cabanatuan City,2020-05-30,22.7,36.8,72.3,0.0,24.2,230.4
III,Nueva Ecija,Cabanatuan City,2020-05-31,23.2,35.6,73.7,0.0,24.1,219.3
III,Nueva Ecija,Cabanatuan City,2020-06-01,23.3,32.8,74.2,8.6,22.9,213.3
III,Nueva Ecija,Cabanatuan City,2020-06-02,22.9,34.2,78.5,2.3,24.2,225.0
III,Nueva Ecija,Cabanatuan City,2020-06-03,22.1,33.7,73.4,0.0,22.6,226.8
III,Nueva Ecija,Cabanatuan City,2020-06-04,22.6,35.9,71.3,0.0,23.5,218.7
III,Nueva Ecija,Cabanatuan City,2020-06-05,22.2,35.2,68.0,0.0,22.3,217.2
III,Nueva Ecija,Cabanatuan City,2020-06-06,22.3,32.6,74.8,48.7,22.4,189.1
III,Nueva Ecija,Cabanatuan City,2020-06-07,23.5,32.2,73.9,15.2,22.6,212.9
III,Nueva Ecija,Cabanatuan City,2020-06-08,23.7,34.3,71.2,0.0,23.2,217.6
III,Nueva Ecija,Cabanatuan City,2020-06-09,23.1,33.7,72.2,4.3,22.8,214.3
III,Nueva Ecija,Cabanatuan City,2020-06-10,22.4,31.8,73.0,15.3,21.7,217.6
III,Nueva Ecija,Cabanatuan City,2020-06-11,23.1,34.0,70.8,0.0,22.7,231.1
III,Nueva Ecija,Cabanatuan City,2020-06-12,23.3,32.0,74.2,18.5,22.5,210.2
III,Nueva Ecija,Cabanatuan City,2020-06-13,22.4,32.1,69.2,0.0,21.1,205.8
III,Nueva Ecija,Cabanatuan City,2020-06-14,21.2,32.2,72.4,0.0,21.2,219.9
III,Nueva Ecija,Cabanatuan City,2020-06-15,23.0,32.9,73.5,3.1,22.6,211.6
III,Nueva Ecija,Cabanatuan City,2020-06-16,22.6,33.1,74.5,16.0,22.8,213.5
III,Nueva Ecija,Cabanatuan City,2020-06-17,22.7,34.3,74.9,9.9,23.5,202.3
III,Nueva Ecija,Cabanatuan City,2020-06-18,22.8,35.5,71.9,0.0,23.5,222.8
III,Nueva Ecija,Cabanatuan City,2020-06-19,23.4,34.1,73.4,0.0,23.4,196.6
III,Nueva Ecija,Cabanatuan City,2020-06-20,22.4,34.1,72.9,0.0,22.8,203.0
III,Nueva Ecija,Cabanatuan City,2020-06-21,22.2,34.1,72.7,0.0,22.7,225.6
III,Nueva Ecija,Cabanatuan City,2020-06-22,22.9,33.3,73.8,0.0,22.9,220.4
III,Nueva Ecija,Cabanatuan City,2020-06-23,22.6,33.3,81.6,8.0,24.3,205.5
III,Nueva Ecija,Cabanatuan City,2020-06-24,22.9,34.2,74.8,0.0,23.5,215.0
III,Nueva Ecija,Cabanatuan City,2020-06-25,23.8,,77.3,0.0,25.2,216.1
III,Nueva Ecija,Cabanatuan City,2020-06-26,23.2,,80.3,32.3,24.6,189.0
III,Nueva Ecija,Cabanatuan City,2020-06-27,23.5,,77.0,0.0,24.0,220.7
III,Nueva Ecija,Cabanatuan City,2020-06-28,23.1,,77.6,0.0,24.3,210.6
III,Nueva Ecija,Cabanatuan City,2020-06-29,23.2,33.3,82.7,148.7,24.8,171.8
III,Nueva Ecija,Cabanatuan City,2020-06-30,22.9,33.5,82.2,19.9,24.6,198.1
III,Nueva Ecija,Cabanatuan City,2020-07-01,22.9,33.2,76.7,0.0,23.4,212.5
III,Nueva Ecija,Cabanatuan City,2020-07-02,22.7,35.4,77.0,0.0,24.4,233.0
III,Nueva Ecija,Cabanatuan City,2020-07-03,23.2,34.7,72.1,0.0,23.4,204.8
III,Nueva Ecija,Cabanatuan City,2020-07-04,23.5,35.1,71.1,0.0,23.5,210.9
III,Nueva Ecija,Cabanatuan City,2020-07-05,23.7,33.6,75.9,8.4,23.8,215.5
III,Nueva Ecija,Cabanatuan City,2020-07-06,23.1,35.2,77.7,4.9,24.7,199.6
III,Nueva Ecija,Cabanatuan City,2020-07-07,23.8,,,0.0,23.6,221.2
III,Nueva Ecija,Cabanatuan City,2020-07-08,23.8,,,7.8,24.1,203.4
III,Nueva Ecija,Cabanatuan City,2020-07-09,24.5,33.9,76.0,0.0,24.4,223.5
III,Nueva Ecija,Cabanatuan City,2020-07-10,24.4,33.3,74.3,0.0,23.7,227.7
III,Nueva Ecija,Cabanatuan City,2020-07-11,,33.4,73.0,0.0,23.0,217.7
III,Nueva Ecija,Cabanatuan City,2020-07-12,,33.8,76.7,1.8,24.3,217.7
III,Nueva Ecija,Cabanatuan City,2020-07-13,,34.0,77.6,0.0,24.5,228.8
III,Nueva Ecija,Cabanatuan City,2020-07-14,,33.4,,0.0,24.5,229.5
III,Nueva Ecija,Cabanatuan City,2020-07-15,25.1,33.2,,0.0,24.4,213.7
III,Nueva Ecija,Cabanatuan City,2020-07-16,23.2,34.0,,,25.0,207.3
III,Nueva Ecija,Cabanatuan City,2020-07-17,23.4,34.0,,,24.1,203.7
III,Nueva Ecija,Cabanatuan City,2020-07-18,23.7,35.6,,0.0,23.5,216.2
III,Nueva Ecija,Cabanatuan City,2020-07-19,23.6,34.6,74.0,16.6,23.9,215.4
III,Nueva Ecija,Cabanatuan City,2020-07-20,23.6,34.5,67.4,0.0,22.5,222.6
III,Nueva Ecija,Cabanatuan City,2020-07-21,22.7,33.9,74.7,6.6,23.2,212.8
III,Nueva Ecija,Cabanatuan City,2020-07-22,22.2,35.3,75.1,16.8,23.8,191.4
III,Nueva Ecija,Cabanatuan City,2020-07-23,23.2,34.5,75.9,6.7,24.0,212.6
III,Nueva Ecija,Cabanatuan City,2020-07-24,23.3,36.1,77.5,2.1,25.2,214.0
III,Nueva Ecija,Cabanatuan City,2020-07-25,23.5,36.4,78.8,4.9,25.7,213.4
III,Nueva Ecija,Cabanatuan City,2020-07-26,24.8,36.3,76.2,0.0,25.8,220.3
III,Nueva Ecija,Cabanatuan City,2020-07-27,23.6,35.1,81.1,22.3,25.6,191.1
III,Nueva Ecija,Cabanatuan City,2020-07-28,23.8,36.2,81.8,6.9,26.4,211.6
III,Nueva Ecija,Cabanatuan City,2020-07-29,24.7,36.5,78.1,0.0,26.2,220.5
III,Nueva Ecija,Cabanatuan City,2020-07-30,24.1,36.1,78.7,7.6,25.8,204.7
III,Nueva Ecija,Cabanatuan City,2020-07-31,23.6,35.2,75.8,1.6,24.6,223.0
III,Nueva Ecija,Cabanatuan City,2020-08-01,23.4,37.2,73.5,0.0,25.0,220.7
III,Nueva Ecija,Cabanatuan City,2020-08-02,22.4,35.9,77.9,23.8,24.7,196.9
III,Nueva Ecija,Cabanatuan City,2020-08-03,23.3,37.0,76.3,2.6,25.4,203.1
III,Nueva Ecija,Cabanatuan City,2020-08-04,23.8,35.2,76.6,10.5,24.8,216.1
III,Nueva Ecija,Cabanatuan City,2020-08-05,24.1,34.5,73.3,0.0,24.0,214.9
III,Nueva Ecija,Cabanatuan City,2020-08-06,23.9,34.2,72.3,0.0,23.5,205.4
III,Nueva Ecija,Cabanatuan City,2020-08-07,22.8,33.9,82.8,5.4,24.9,206.3
III,Nueva Ecija,Cabanatuan City,2020-08-08,23.0,35.7,84.4,8.0,26.2,214.1
III,Nueva Ecija,Cabanatuan City,2020-08-09,22.0,33.7,82.1,22.1,24.3,204.7
III,Nueva Ecija,Cabanatuan City,2020-08-10,22.6,35.3,82.1,7.1,25.4,195.3
III,Nueva Ecija,Cabanatuan City,2020-08-11,22.7,35.1,80.5,0.0,25.0,212.3
III,Nueva Ecija,Cabanatuan City,2020-08-12,22.5,32.4,78.3,21.1,23.1,185.4
III,Nueva Ecija,Cabanatuan City,2020-08-13,21.6,33.5,77.2,16.5,23.0,199.5
III,Nueva Ecija,Cabanatuan City,2020-08-14,22.2,34.3,78.4,,23.9,208.4
III,Nueva Ecija,Cabanatuan City,2020-08-15,23.3,34.9,75.0,,24.1,217.9
III,Nueva Ecija,Cabanatuan City,2020-08-16,22.6,33.8,79.0,,,205.0
III,Nueva Ecija,Cabanatuan City,2020-08-17,23.1,34.5,79.4,7.7,,203.5
III,Nueva Ecija,Cabanatuan City,2020-08-18,22.4,35.5,78.5,16.2,,185.8
III,Nueva Ecija,Cabanatuan City,2020-08-19,22.5,36.2,76.9,19.3,,188.9
III,Nueva Ecija,Cabanatuan City,2020-08-20,22.4,36.6,75.7,13.1,24.6,203.8
III,Nueva Ecija,Cabanatuan City,2020-08-21,22.6,35.8,76.0,9.3,24.4,206.9
III,Nueva Ecija,Cabanatuan City,2020-08-22,23.0,35.6,71.2,0.0,23.5,217.2
III,Nueva Ecija,Cabanatuan City,2020-08-23,23.1,36.9,74.1,0.0,24.8,209.1
III,Nueva Ecija,Cabanatuan City,2020-08-24,23.7,34.9,74.8,0.0,24.3,224.9
III,Nueva Ecija,Cabanatuan City,2020-08-25,24.1,35.4,77.5,9.7,25.2,208.9
III,Nueva Ecija,Cabanatuan City,2020-08-26,24.7,36.3,77.7,0.0,26.0,215.4
III,Nueva Ecija,Cabanatuan City,2020-08-27,23.7,35.0,80.1,0.0,25.4,220.5
III,Nueva Ecija,Cabanatuan City,2020-08-28,22.9,33.7,85.4,27.4,25.4,188.5
III,Nueva Ecija,Cabanatuan City,2020-08-29,22.8,33.1,84.3,18.4,24.8,197.9
III,Nueva Ecija,Cabanatuan City,2020-08-30,22.9,33.5,79.7,0.0,24.1,206.8
III,Nueva Ecija,Cabanatuan City,2020-08-31,22.4,32.4,82.6,3.9,23.9,215.0
III,Nueva Ecija,Cabanatuan City,2020-09-01,23.0,33.1,76.9,0.0,23.4,204.1
III,Nueva Ecija,Cabanatuan City,2020-09-02,22.6,32.4,75.4,20.5,22.6,195.9
III,Nueva Ecija,Cabanatuan City,2020-09-03,23.1,33.7,77.1,9.1,23.8,212.4
III,Nueva Ecija,Cabanatuan City,2020-09-04,22.8,32.8,76.9,5.3,23.2,207.6
III,Nueva Ecija,Cabanatuan City,2020-09-05,22.1,33.0,77.2,15.8,23.0,183.5
III,Nueva Ecija,Cabanatuan City,2020-09-06,22.6,34.6,72.0,0.0,23.0,210.3
III,Nueva Ecija,Cabanatuan City,2020-09-07,23.0,34.7,72.8,0.0,23.4,209.9
III,Nueva Ecija,Cabanatuan City,2020-09-08,23.5,33.7,77.2,2.5,24.0,225.8
III,Nueva Ecija,Cabanatuan City,2020-09-09,23.4,33.4,78.4,5.5,24.1,204.4
III,Nueva Ecija,Cabanatuan City,2020-09-10,23.5,34.2,75.8,0.0,24.0,214.8
III,Nueva Ecija,Cabanatuan City,2020-09-11,23.5,34.1,83.0,21.3,25.4,205.4
III,Nueva Ecija,Cabanatuan City,2020-09-12,22.9,34.2,77.7,0.0,24.1,218.2
III,Nueva Ecija,Cabanatuan City,2020-09-13,22.5,33.2,80.3,5.2,23.9,220.0
III,Nueva Ecija,Cabanatuan City,2020-09-14,22.3,31.3,75.1,0.0,21.8,216.6
III,Nueva Ecija,Cabanatuan City,2020-09-15,23.8,31.2,79.9,22.3,23.5,193.0
III,Nueva Ecija,Cabanatuan City,2020-09-16,23.6,32.2,71.6,0.0,22.2,227.3
III,Nueva Ecija,Cabanatuan City,2020-09-17,22.8,30.9,74.4,8.8,21.7,217.4
III,Nueva Ecija,Cabanatuan City,2020-09-18,22.1,31.7,73.1,7.1,21.5,199.6
III,Nueva Ecija,Cabanatuan City,2020-09-19,21.7,31.7,76.1,24.5,21.9,199.5
III,Nueva Ecija,Cabanatuan City,2020-09-20,22.5,32.6,73.0,0.0,22.2,212.4
III,Nueva Ecija,Cabanatuan City,2020-09-21,22.7,31.4,76.1,4.4,22.3,207.2
III,Nueva Ecija,Cabanatuan City,2020-09-22,22.6,32.5,74.0,0.6,22.4,210.0
III,Nueva Ecija,Cabanatuan City,2020-09-23,23.2,31.9,73.3,0.0,22.2,223.3
III,Nueva Ecija,Cabanatuan City,2020-09-24,23.9,32.4,80.2,3.8,24.2,212.8
III,Nueva Ecija,Cabanatuan City,2020-09-25,23.6,33.2,75.9,0.0,23.6,216.6
III,Nueva Ecija,Cabanatuan City,2020-09-26,22.6,35.4,78.8,9.7,24.8,206.6
III,Nueva Ecija,Cabanatuan City,2020-09-27,22.7,36.5,76.9,0.0,25.0,214.9
III,Nueva Ecija,Cabanatuan City,2020-09-28,23.1,35.5,76.1,0.0,24.5,211.1
III,Nueva Ecija,Cabanatuan City,2020-09-29,22.3,33.2,77.9,19.6,23.3,198.2
III,Nueva Ecija,Cabanatuan City,2020-09-30,22.9,32.6,75.0,4.0,22.8,206.1
III,Nueva Ecija,Cabanatuan City,2020-10-01,22.7,33.5,75.0,7.4,23.1,201.4
III,Nueva Ecija,Cabanatuan City,2020-10-02,22.8,34.4,74.4,0.0,23.5,220.3
III,Nueva Ecija,Cabanatuan City,2020-10-03,21.8,34.9,79.4,9.5,24.2,210.2
III,Nueva Ecija,Cabanatuan City,2020-10-04,22.6,34.3,80.4,22.5,24.5,185.2
III,Nueva Ecija,Cabanatuan City,2020-10-05,23.5,35.0,83.1,11.2,25.9,215.7
III,Nueva Ecija,Cabanatuan City,2020-10-06,23.5,35.3,84.8,8.3,26.4,215.1
III,Nueva Ecija,Cabanatuan City,2020-10-07,23.2,32.6,83.9,117.3,24.7,170.2
III,Nueva Ecija,Cabanatuan City,2020-10-08,23.5,35.3,83.4,3.5,26.1,223.3
III,Nueva Ecija,Cabanatuan City,2020-10-09,22.6,34.0,79.9,6.3,24.3,205.7
III,Nueva Ecija,Cabanatuan City,2020-10-10,23.5,33.8,77.4,0.0,24.1,221.2
III,Nueva Ecija,Cabanatuan City,2020-10-11,23.5,34.1,78.3,2.4,24.5,215.7
III,Nueva Ecija,Cabanatuan City,2020-10-12,23.4,34.3,78.8,16.7,24.6,196.4
III,Nueva Ecija,Cabanatuan City,2020-10-13,23.0,35.9,78.5,0.0,25.2,219.3
III,Nueva Ecija,Cabanatuan City,2020-10-14,23.3,34.8,77.7,0.0,24.6,212.2
III,Nueva Ecija,Cabanatuan City,2020-10-15,23.0,34.1,79.5,2.8,24.5,212.9
III,Nueva Ecija,Cabanatuan City,2020-10-16,22.9,34.8,77.0,0.0,24.2,216.6
III,Nueva Ecija,Cabanatuan City,2020-10-17,22.9,34.5,78.2,0.0,24.3,232.0
III,Nueva Ecija,Cabanatuan City,2020-10-18,22.5,33.7,77.3,0.0,23.6,218.7
III,Nueva Ecija,Cabanatuan City,2020-10-19,22.9,33.2,78.8,3.8,23.8,227.9
III,Nueva Ecija,Cabanatuan City,2020-10-20,22.8,34.3,81.3,13.9,24.8,209.0
III,Nueva Ecija,Cabanatuan City,2020-10-21,23.3,34.3,78.9,6.6,24.6,221.1
III,Nueva Ecija,Cabanatuan City,2020-10-22,22.3,34.9,73.1,0.0,23.2,219.9
III,Nueva Ecija,Cabanatuan City,2020-10-23,21.7,34.0,74.5,48.9,22.8,181.1
III,Nueva Ecija,Cabanatuan City,2020-10-24,22.4,35.7,74.5,11.6,24.0,217.7
III,Nueva Ecija,Cabanatuan City,2020-10-25,23.1,36.7,74.0,1.5,24.7,213.3
III,Nueva Ecija,Cabanatuan City,2020-10-26,24.6,36.4,75.0,0.0,25.5,219.8
III,Nueva Ecija,Cabanatuan City,2020-10-27,23.7,34.7,78.0,18.1,24.8,195.8
III,Nueva Ecija,Cabanatuan City,2020-10-28,23.8,33.3,75.1,0.0,23.6,224.7
III,Nueva Ecija,Cabanatuan City,2020-10-29,23.6,32.1,79.5,7.6,23.8,214.7
III,Nueva Ecija,Cabanatuan City,2020-10-30,23.2,31.8,75.4,30.5,,193.3
III,Nueva Ecija,Cabanatuan City,2020-10-31,23.4,32.4,71.7,0.0,,218.0
III,Nueva Ecija,Cabanatuan City,2020-11-01,23.1,,78.4,14.2,,200.1
III,Nueva Ecija,Cabanatuan City,2020-11-02,23.3,,81.6,2.5,,210.4
III,Nueva Ecija,Cabanatuan City,2020-11-03,22.8,,78.7,5.5,23.5,217.4
III,Nueva Ecija,Cabanatuan City,2020-11-04,22.0,,73.2,0.0,22.6,217.6
III,Nueva Ecija,Cabanatuan City,2020-11-05,22.4,,81.2,15.8,23.8,197.8
III,Nueva Ecija,Cabanatuan City,2020-11-06,23.2,34.3,82.9,6.7,25.3,221.5
III,Nueva Ecija,Cabanatuan City,2020-11-07,22.7,33.9,79.4,3.3,24.2,223.4
III,Nueva Ecija,Cabanatuan City,2020-11-08,21.9,33.2,72.7,0.0,22.1,229.9
III,Nueva Ecija,Cabanatuan City,2020-11-09,21.8,32.0,74.1,0.0,21.7,220.6
III,Nueva Ecija,Cabanatuan City,2020-11-10,21.8,32.3,77.3,8.9,22.5,199.9
III,Nueva Ecija,Cabanatuan City,2020-11-11,22.6,32.7,75.1,0.0,22.7,227.4
III,Nueva Ecija,Cabanatuan City,2020-11-12,22.1,32.0,78.5,32.1,22.8,218.8
III,Nueva Ecija,Cabanatuan City,2020-11-13,22.8,31.5,74.1,0.0,22.0,217.9
III,Nueva Ecija,Cabanatuan City,2020-11-14,22.8,32.6,,0.0,22.5,237.2
III,Nueva Ecija,Cabanatuan City,2020-11-15,22.7,32.7,,0.0,22.3,225.6
III,Nueva Ecija,Cabanatuan City,2020-11-16,21.2,32.7,,2.9,22.0,227.7
III,Nueva Ecija,Cabanatuan City,2020-11-17,22.1,31.8,75.7,1.6,22.1,224.5
III,Nueva Ecija,Cabanatuan City,2020-11-18,23.2,31.6,72.3,0.3,21.9,218.7
III,Nueva Ecija,Cabanatuan City,2020-11-19,22.9,32.5,73.2,0.0,22.3,242.3
III,Nueva Ecija,Cabanatuan City,2020-11-20,23.0,32.9,72.9,0.0,22.5,218.2
III,Nueva Ecija,Cabanatuan City,2020-11-21,22.5,31.8,72.6,0.0,21.7,224.6
III,Nueva Ecija,Cabanatuan City,2020-11-22,23.0,32.8,71.0,0.0,22.1,222.9
III,Nueva Ecija,Cabanatuan City,2020-11-23,21.7,33.1,77.0,15.2,22.8,213.0
III,Nueva Ecija,Cabanatuan City,2020-11-24,22.5,33.7,71.3,0.0,22.4,233.9
III,Nueva Ecija,Cabanatuan City,2020-11-25,22.1,33.4,75.1,6.5,22.8,203.0
III,Nueva Ecija,Cabanatuan City,2020-11-26,22.3,,77.5,15.6,23.0,224.4
III,Nueva Ecija,Cabanatuan City,2020-11-27,22.7,,69.4,0.0,21.8,227.0
III,Nueva Ecija,Cabanatuan City,2020-11-28,23.8,,69.7,0.0,22.7,217.7
III,Nueva Ecija,Cabanatuan City,2020-11-29,23.9,,70.4,0.0,22.7,225.7
III,Nueva Ecija,Cabanatuan City,2020-11-30,24.1,,68.6,0.0,23.0,228.3
III,Nueva Ecija,Cabanatuan City,2020-12-01,24.4,33.8,69.1,0.0,22.9,226.6
III,Nueva Ecija,Cabanatuan City,2020-12-02,23.4,32.3,71.3,23.4,22.1,216.6
III,Nueva Ecija,Cabanatuan City,2020-12-03,23.0,32.2,74.9,3.2,22.6,217.6
III,Nueva Ecija,Cabanatuan City,2020-12-04,22.5,30.9,71.3,0.0,21.0,242.0
III,Nueva Ecija,Cabanatuan City,2020-12-05,24.0,32.6,74.9,0.0,23.3,232.0
III,Nueva Ecija,Cabanatuan City,2020-12-06,23.0,33.4,75.6,0.0,23.3,226.7
III,Nueva Ecija,Cabanatuan City,2020-12-07,,31.4,76.3,0.0,22.4,240.7
III,Nueva Ecija,Cabanatuan City,2020-12-08,,32.3,71.5,0.0,21.8,213.1
III,Nueva Ecija,Cabanatuan City,2020-12-09,,33.2,68.9,0.0,21.9,248.6
III,Nueva Ecija,Cabanatuan City,2020-12-10,,33.2,70.1,0.0,22.1,230.1
III,Nueva Ecija,Cabanatuan City,2020-12-11,21.8,34.7,70.5,0.0,22.4,237.0
III,Nueva Ecija,Cabanatuan City,2020-12-12,23.0,34.1,70.8,0.0,22.7,222.4
III,Nueva Ecija,Cabanatuan City,2020-12-13,23.2,33.0,67.7,0.0,21.6,237.5
III,Nueva Ecija,Cabanatuan City,2020-12-14,22.7,34.2,66.9,0.0,21.8,235.3
III,Nueva Ecija,Cabanatuan City,2020-12-15,22.2,35.0,63.6,0.0,21.3,226.2
III,Nueva Ecija,Cabanatuan City,2020-12-16,22.4,35.5,64.0,0.0,21.8,231.6
III,Nueva Ecija,Cabanatuan City,2020-12-17,22.7,35.8,67.9,0.0,22.8,230.0
III,Nueva Ecija,Cabanatuan City,2020-12-18,22.5,34.1,65.5,0.0,21.4,216.5
III,Nueva Ecija,Cabanatuan City,2020-12-19,22.5,33.3,66.1,0.0,21.1,244.8
III,Nueva Ecija,Cabanatuan City,2020-12-20,23.6,33.1,66.9,0.0,21.7,225.5
III,Nueva Ecija,Cabanatuan City,2020-12-21,23.1,31.9,68.1,0.0,21.1,245.3
III,Nueva Ecija,Cabanatuan City,2020-12-22,32.662527224719696,31.9,65.8,0.0,20.2,228.3
III,Nueva Ecija,Cabanatuan City,2020-12-23,21.7,32.2,64.3,0.0,19.8,241.3
III,Nueva Ecija,Cabanatuan City,2020-12-24,21.9,30.1,68.8,,19.8,213.0
III,Nueva Ecija,Cabanatuan City,2020-12-25,22.3,31.8,66.9,,20.4,232.0
III,Nueva Ecija,Cabanatuan City,2020-12-26,22.6,33.2,68.0,,21.5,242.4
III,Nueva Ecija,Cabanatuan City,2020-12-27,22.3,32.8,67.7,0.0,21.1,233.0
III,Nueva Ecija,Cabanatuan City,2020-12-28,22.2,32.2,69.6,0.0,21.1,235.5
III,Nueva Ecija,Cabanatuan City,2020-12-29,23.3,33.7,70.8,0.0,22.7,
III,Nueva Ecija,Cabanatuan City,2020-12-30,23.0,32.9,69.5,0.0,21.8,
III,Nueva Ecija,Cabanatuan City,2020-12-31,22.0,31.6,71.0,21.9,21.0,
III,Nueva Ecija,Cabanatuan City,2021-01-01,22.4,33.8,67.7,0.0,21.6,
III,Nueva Ecija,Cabanatuan City,2021-01-02,22.4,33.4,67.5,0.0,21.4,223.7
III,Nueva Ecija,Cabanatuan City,2021-01-03,23.9,33.7,68.1,0.0,22.4,223.4
III,Nueva Ecija,Cabanatuan City,2021-01-04,23.1,32.7,69.6,1.1,21.8,226.6
III,Nueva Ecija,Cabanatuan City,2021-01-05,22.8,32.8,61.7,0.0,20.1,242.6
III,Nueva Ecija,Cabanatuan City,2021-01-06,23.2,33.0,67.9,2.8,21.7,240.8
III,Nueva Ecija,Cabanatuan City,2021-01-07,23.4,34.7,66.4,0.0,22.3,222.9
III,Nueva Ecija,Cabanatuan City,2021-01-08,22.8,32.6,73.4,5.4,22.4,224.5
III,Nueva Ecija,Cabanatuan City,2021-01-09,23.0,34.1,68.5,0.0,22.2,234.0
III,Nueva Ecija,Cabanatuan City,2021-01-10,22.8,32.2,68.4,0.0,21.2,223.4
III,Nueva Ecija,Cabanatuan City,2021-01-11,21.7,32.4,66.5,0.0,20.3,219.5
III,Nueva Ecija,Cabanatuan City,2021-01-12,22.1,31.6,69.8,0.0,20.8,229.4
III,Nueva Ecija,Cabanatuan City,2021-01-13,22.4,32.1,70.6,0.0,21.4,229.5
III,Nueva Ecija,Cabanatuan City,2021-01-14,22.2,32.0,68.9,0.5,20.9,231.1
III,Nueva Ecija,Cabanatuan City,2021-01-15,21.4,32.2,70.1,0.0,20.8,236.4
III,Nueva Ecija,Cabanatuan City,2021-01-16,22.0,31.9,74.0,16.5,21.8,211.3
III,Nueva Ecija,Cabanatuan City,2021-01-17,22.0,34.5,68.0,0.0,21.8,241.4
III,Nueva Ecija,Cabanatuan City,2021-01-18,22.4,33.6,69.7,0.0,21.9,244.5
III,Nueva Ecija,Cabanatuan City,2021-01-19,22.5,34.6,71.8,4.9,22.9,217.2
III,Nueva Ecija,Cabanatuan City,2021-01-20,22.6,34.6,66.0,0.0,21.8,216.3
III,Nueva Ecija,Cabanatuan City,2021-01-21,21.9,33.7,65.9,0.0,21.0,228.1
III,Nueva Ecija,Cabanatuan City,2021-01-22,22.0,32.9,64.0,0.0,20.2,239.4
III,Nueva Ecija,Cabanatuan City,2021-01-23,23.3,31.7,67.6,0.0,21.0,226.4
III,Nueva Ecija,Cabanatuan City,2021-01-24,23.1,32.3,67.7,0.0,21.2,229.5
III,Nueva Ecija,Cabanatuan City,2021-01-25,22.6,32.2,67.0,0.0,20.8,238.7
III,Nueva Ecija,Cabanatuan City,2021-01-26,22.4,32.8,68.0,0.0,21.2,229.7
III,Nueva Ecija,Cabanatuan City,2021-01-27,21.5,33.2,65.6,0.0,20.5,229.4
III,Nueva Ecija,Cabanatuan City,2021-01-28,21.4,33.2,69.9,0.0,21.3,241.8
III,Nueva Ecija,Cabanatuan City,2021-01-29,20.7,33.6,70.8,0.0,21.3,242.2
III,Nueva Ecija,Cabanatuan City,2021-01-30,21.4,34.0,73.2,0.0,22.3,250.3
III,Nueva Ecija,Cabanatuan City,2021-01-31,21.7,34.2,68.3,0.0,21.6,229.6
III,Nueva Ecija,Cabanatuan City,2021-02-01,20.9,32.6,72.2,10.3,21.2,232.5
III,Nueva Ecija,Cabanatuan City,2021-02-02,21.1,33.3,64.8,0.0,20.2,250.5
III,Nueva Ecija,Cabanatuan City,2021-02-03,21.6,32.8,61.7,0.0,19.5,229.9
III,Nueva Ecija,Cabanatuan City,2021-02-04,22.6,32.6,64.8,0.0,20.6,231.5
III,Nueva Ecija,Cabanatuan City,2021-02-05,22.0,31.5,66.3,0.9,20.0,
III,Nueva Ecija,Cabanatuan City,2021-02-06,22.4,31.5,66.1,0.0,20.2,
III,Nueva Ecija,Cabanatuan City,2021-02-07,22.7,30.9,64.3,0.0,19.7,
III,Nueva Ecija,Cabanatuan City,2021-02-08,22.7,32.0,65.1,0.0,20.4,
III,Nueva Ecija,Cabanatuan City,2021-02-09,23.0,32.2,67.5,0.0,21.1,
III,Nueva Ecija,Cabanatuan City,2021-02-10,22.4,31.5,65.4,0.0,20.0,230.8
III,Nueva Ecija,Cabanatuan City,2021-02-11,23.0,31.0,68.5,0.0,20.7,247.1
III,Nueva Ecija,Cabanatuan City,2021-02-12,21.6,31.6,70.8,0.0,20.8,235.7
III,Nueva Ecija,Cabanatuan City,2021-02-13,21.4,31.4,68.4,0.0,20.1,248.8
III,Nueva Ecija,Cabanatuan City,2021-02-14,21.9,33.4,68.5,0.0,21.3,248.4
III,Nueva Ecija,Cabanatuan City,2021-02-15,21.4,34.3,72.1,0.0,22.3,228.7
III,Nueva Ecija,Cabanatuan City,2021-02-16,22.3,33.5,71.8,0.0,22.3,235.6
III,Nueva Ecija,Cabanatuan City,2021-02-17,23.3,32.7,73.4,0.0,22.7,233.1
III,Nueva Ecija,Cabanatuan City,2021-02-18,23.4,32.9,68.7,0.0,21.9,224.1
III,Nueva Ecija,Cabanatuan City,2021-02-19,22.9,33.0,68.3,0.0,21.6,242.1
III,Nueva Ecija,Cabanatuan City,2021-02-20,23.6,31.1,67.3,0.0,20.8,227.3
III,Nueva Ecija,Cabanatuan City,2021-02-21,23.1,30.9,69.3,0.0,20.9,246.7
III,Nueva Ecija,Cabanatuan City,2021-02-22,22.3,31.4,68.7,0.0,20.6,222.2
III,Nueva Ecija,Cabanatuan City,2021-02-23,22.6,31.6,67.7,0.0,20.6,232.8
III,Nueva Ecija,Cabanatuan City,2021-02-24,22.8,31.1,67.0,0.0,20.4,247.0
III,Nueva Ecija,Cabanatuan City,2021-02-25,22.7,32.3,65.1,0.0,20.5,233.0
III,Nueva Ecija,Cabanatuan City,2021-02-26,22.1,33.9,67.8,0.0,21.6,246.4
III,Nueva Ecija,Cabanatuan City,2021-02-27,21.0,34.0,65.9,0.0,20.7,241.5
III,Nueva Ecija,Cabanatuan City,2021-02-28,21.6,34.2,66.4,0.0,21.2,252.0
III,Nueva Ecija,Cabanatuan City,2021-03-01,21.3,34.7,68.4,0.0,21.7,246.1
III,Nueva Ecija,Cabanatuan City,2021-03-02,21.8,33.1,63.4,0.0,20.1,234.1
III,Nueva Ecija,Cabanatuan City,2021-03-03,22.3,32.1,63.5,0.0,19.9,245.3
III,Nueva Ecija,Cabanatuan City,2021-03-04,22.7,32.4,63.0,0.0,20.2,236.0
III,Nueva Ecija,Cabanatuan City,2021-03-05,22.0,33.5,64.1,0.0,20.6,231.9
III,Nueva Ecija,Cabanatuan City,2021-03-06,21.8,32.5,64.8,0.0,20.1,249.1
III,Nueva Ecija,Cabanatuan City,2021-03-07,21.9,33.0,65.8,0.0,20.6,240.9
III,Nueva Ecija,Cabanatuan City,2021-03-08,22.7,32.9,63.9,0.0,20.6,238.7
III,Nueva Ecija,Cabanatuan City,2021-03-09,22.6,31.4,68.1,0.0,20.6,245.9
III,Nueva Ecija,Cabanatuan City,2021-03-10,21.8,31.5,66.9,0.0,20.0,243.3
III,Nueva Ecija,Cabanatuan City,2021-03-11,21.6,32.1,66.6,0.0,20.2,244.8
III,Nueva Ecija,Cabanatuan City,2021-03-12,22.4,31.9,68.0,0.0,20.8,251.0
III,Nueva Ecija,Cabanatuan City,2021-03-13,21.7,31.3,69.1,0.0,20.3,230.7
III,Nueva Ecija,Cabanatuan City,2021-03-14,22.2,32.0,65.3,0.0,20.2,239.2
III,Nueva Ecija,Cabanatuan City,2021-03-15,22.7,32.4,64.8,0.0,20.5,238.1
III,Nueva Ecija,Cabanatuan City,2021-03-16,22.2,32.3,64.7,0.0,20.2,231.8
III,Nueva Ecija,Cabanatuan City,2021-03-17,22.8,33.8,68.2,0.0,21.9,231.9
III,Nueva Ecija,Cabanatuan City,2021-03-18,22.8,33.3,66.9,0.0,21.4,236.9
III,Nueva Ecija,Cabanatuan City,2021-03-19,,33.1,65.5,0.0,21.2,238.7
III,Nueva Ecija,Cabanatuan City,2021-03-20,,31.5,67.5,0.0,20.6,250.1
III,Nueva Ecija,Cabanatuan City,2021-03-21,,32.4,68.4,0.0,21.0,240.7
III,Nueva Ecija,Cabanatuan City,2021-03-22,,32.1,66.8,0.0,20.0,244.0
III,Nueva Ecija,Cabanatuan City,2021-03-23,20.9,32.3,67.0,2.0,20.0,240.7
III,Nueva Ecija,Cabanatuan City,2021-03-24,22.1,,63.3,0.0,20.1,242.9
III,Nueva Ecija,Cabanatuan City,2021-03-25,22.2,,62.3,0.0,19.9,232.3
III,Nueva Ecija,Cabanatuan City,2021-03-26,21.6,,66.3,0.0,20.5,229.6
III,Nueva Ecija,Cabanatuan City,2021-03-27,21.2,30.9,65.9,0.0,19.2,242.4
III,Nueva Ecija,Cabanatuan City,2021-03-28,21.5,31.0,66.1,0.0,19.5,246.5
III,Nueva Ecija,Cabanatuan City,2021-03-29,21.7,29.8,63.2,0.0,18.4,227.2
III,Nueva Ecija,Cabanatuan City,2021-03-30,22.3,29.7,61.9,0.0,18.4,246.1
III,Nueva Ecija,Cabanatuan City,2021-03-31,22.9,30.8,72.6,2.8,21.4,228.7
III,Nueva Ecija,Cabanatuan City,2021-04-01,22.9,31.3,69.2,0.0,20.9,229.2
III,Nueva Ecija,Cabanatuan City,2021-04-02,21.5,30.9,73.1,0.0,20.8,226.4
III,Nueva Ecija,Cabanatuan City,2021-04-03,22.7,31.9,73.9,0.0,22.1,244.4
III,Nueva Ecija,Cabanatuan City,2021-04-04,22.4,32.6,69.7,0.0,21.4,240.4
III,Nueva Ecija,Cabanatuan City,2021-04-05,21.5,31.2,69.1,0.0,20.2,225.0
III,Nueva Ecija,Cabanatuan City,2021-04-06,22.1,32.4,66.6,0.0,20.6,261.8
III,Nueva Ecija,Cabanatuan City,2021-04-07,22.1,33.5,62.8,0.0,20.4,239.1
III,Nueva Ecija,Cabanatuan City,2021-04-08,21.6,32.9,64.2,0.0,20.1,266.2
III,Nueva Ecija,Cabanatuan City,2021-04-09,22.3,32.7,71.5,4.1,21.8,230.2
III,Nueva Ecija,Cabanatuan City,2021-04-10,22.1,31.8,69.2,2.0,20.8,234.0
III,Nueva Ecija,Cabanatuan City,2021-04-11,22.1,32.2,65.9,0.0,20.3,244.0
III,Nueva Ecija,Cabanatuan City,2021-04-12,22.1,32.4,70.6,4.2,21.4,229.5
III,Nueva Ecija,Cabanatuan City,2021-04-13,21.5,30.9,69.3,-2.2,20.1,236.8
III,Nueva Ecija,Cabanatuan City,2021-04-14,21.7,33.5,66.0,0.0,20.8,245.3
III,Nueva Ecija,Cabanatuan City,2021-04-15,,32.4,64.5,0.0,20.4,244.9
III,Nueva Ecija,Cabanatuan City,2021-04-16,,30.4,70.1,1.9,20.4,232.3
III,Nueva Ecija,Cabanatuan City,2021-04-17,22.5,31.2,65.6,0.0,20.0,238.5
III,Nueva Ecija,Cabanatuan City,2021-04-18,22.8,31.0,65.2,0.0,19.9,242.3
III,Nueva Ecija,Cabanatuan City,2021-04-19,22.7,32.1,66.0,0.0,20.6,238.4
III,Nueva Ecija,Cabanatuan City,2021-04-20,22.4,33.3,63.9,0.0,20.6,223.6
III,Nueva Ecija,Cabanatuan City,2021-04-21,23.2,33.6,65.3,0.0,21.5,228.4
III,Nueva Ecija,Cabanatuan City,2021-04-22,23.4,33.7,64.0,0.0,21.4,239.5
III,Nueva Ecija,Cabanatuan City,2021-04-23,22.7,34.2,65.6,0.0,21.6,219.0
III,Nueva Ecija,Cabanatuan City,2021-04-24,22.9,33.9,66.9,0.0,21.8,233.2
III,Nueva Ecija,Cabanatuan City,2021-04-25,21.7,32.8,64.2,0.0,20.1,232.0
III,Nueva Ecija,Cabanatuan City,2021-04-26,21.1,32.8,65.6,0.0,20.1,234.2
III,Nueva Ecija,Cabanatuan City,2021-04-27,21.8,32.2,64.4,0.0,19.9,250.8
III,Nueva Ecija,Cabanatuan City,2021-04-28,22.5,32.3,66.6,0.0,20.7,243.9
III,Nueva Ecija,Cabanatuan City,2021-04-29,22.4,33.6,67.9,0.0,21.6,235.1
III,Nueva Ecija,Cabanatuan City,2021-04-30,22.2,32.8,67.3,0.0,21.0,232.4
III,Nueva Ecija,Cabanatuan City,2021-05-01,22.2,32.8,68.1,0.0,21.1,231.1
III,Nueva Ecija,Cabanatuan City,2021-05-02,22.4,33.0,70.5,0.0,21.8,239.3
III,Nueva Ecija,Cabanatuan City,2021-05-03,21.9,33.9,70.0,0.0,21.9,235.5
III,Nueva Ecija,Cabanatuan City,2021-05-04,23.2,33.8,69.6,0.0,22.4,242.7
III,Nueva Ecija,Cabanatuan City,2021-05-05,22.9,33.6,67.5,0.0,21.8,233.1
III,Nueva Ecija,Cabanatuan City,2021-05-06,21.5,33.5,70.9,4.8,21.7,222.4
III,Nueva Ecija,Cabanatuan City,2021-05-07,22.8,33.6,68.9,0.0,22.0,229.8
III,Nueva Ecija,Cabanatuan City,2021-05-08,22.5,35.3,68.1,0.0,22.5,230.1
III,Nueva Ecija,Cabanatuan City,2021-05-09,22.0,34.5,65.3,0.0,21.3,225.6
III,Nueva Ecija,Cabanatuan City,2021-05-10,21.3,34.1,68.2,0.0,21.3,236.9
III,Nueva Ecija,Cabanatuan City,2021-05-11,21.4,32.8,66.7,0.0,20.4,233.4
III,Nueva Ecija,Cabanatuan City,2021-05-12,21.5,33.2,70.0,0.0,21.4,235.8
III,Nueva Ecija,Cabanatuan City,2021-05-13,22.6,31.7,70.2,0.0,21.2,234.8
III,Nueva Ecija,Cabanatuan City,2021-05-14,22.1,32.7,71.0,5.1,21.6,225.6
III,Nueva Ecija,Cabanatuan City,2021-05-15,23.5,33.7,67.5,0.0,22.1,237.7
III,Nueva Ecija,Cabanatuan City,2021-05-16,23.0,31.8,72.2,15.8,,206.2
III,Nueva Ecija,Cabanatuan City,2021-05-17,22.9,32.5,70.4,1.9,,225.7
III,Nueva Ecija,Cabanatuan City,2021-05-18,23.8,34.6,67.7,0.0,22.7,231.0
III,Nueva Ecija,Cabanatuan City,2021-05-19,22.7,35.0,67.1,0.0,22.3,221.2
III,Nueva Ecija,Cabanatuan City,2021-05-20,22.7,33.8,72.6,12.6,22.8,220.7
III,Nueva Ecija,Cabanatuan City,2021-05-21,22.5,,69.6,0.0,22.2,240.4
III,Nueva Ecija,Cabanatuan City,2021-05-22,22.2,,67.2,0.0,22.5,225.3
III,Nueva Ecija,Cabanatuan City,2021-05-23,22.2,,65.5,0.0,21.8,219.1
III,Nueva Ecija,Cabanatuan City,2021-05-24,22.3,,68.2,0.0,22.9,231.5
III,Nueva Ecija,Cabanatuan City,2021-05-25,21.4,36.3,75.2,0.0,23.9,233.9
III,Nueva Ecija,Cabanatuan City,2021-05-26,22.7,36.2,78.6,4.1,25.2,227.5
III,Nueva Ecija,Cabanatuan City,2021-05-27,21.9,36.8,76.8,0.0,24.7,238.2
III,Nueva Ecija,Cabanatuan City,2021-05-28,22.7,34.1,71.7,0.0,22.7,235.3
III,Nueva Ecija,Cabanatuan City,2021-05-29,23.7,33.9,73.0,0.0,23.4,232.1
III,Nueva Ecija,Cabanatuan City,2021-05-30,23.8,32.9,70.8,0.0,22.5,230.3
III,Nueva Ecija,Cabanatuan City,2021-05-31,,33.3,71.2,0.0,23.1,226.6
III,Nueva Ecija,Cabanatuan City,2021-06-01,,31.8,68.9,0.0,21.9,228.6
III,Nueva Ecija,Cabanatuan City,2021-06-02,24.1,32.1,74.1,0.0,22.9,212.2
III,Nueva Ecija,Cabanatuan City,2021-06-03,24.2,32.9,73.6,0.0,23.3,225.5
III,Nueva Ecija,Cabanatuan City,2021-06-04,24.2,32.5,75.1,2.2,23.4,217.1
III,Nueva Ecija,Cabanatuan City,2021-06-05,23.3,33.4,71.0,0.0,22.6,229.5
III,Nueva Ecija,Cabanatuan City,2021-06-06,23.5,34.5,70.5,0.0,23.1,236.4
III,Nueva Ecija,Cabanatuan City,2021-06-07,21.9,34.9,76.7,3.9,23.7,220.9
III,Nueva Ecija,Cabanatuan City,2021-06-08,22.2,33.2,67.6,0.0,21.2,231.7
III,Nueva Ecija,Cabanatuan City,2021-06-09,21.8,34.0,69.7,0.0,21.8,225.8
III,Nueva Ecija,Cabanatuan City,2021-06-10,22.5,33.7,70.2,0.0,22.1,234.9
III,Nueva Ecija,Cabanatuan City,2021-06-11,23.1,33.4,70.3,0.0,22.3,231.3
III,Nueva Ecija,Cabanatuan City,2021-06-12,22.6,34.1,73.5,0.0,23.0,238.7
III,Nueva Ecija,Cabanatuan City,2021-06-13,21.8,33.8,69.8,0.0,21.8,211.8
III,Nueva Ecija,Cabanatuan City,2021-06-14,21.6,34.8,71.2,0.0,22.4,223.6
III,Nueva Ecija,Cabanatuan City,2021-06-15,22.5,34.7,72.0,0.0,23.0,218.7
III,Nueva Ecija,Cabanatuan City,2021-06-16,21.5,35.1,77.7,1.4,23.8,219.8
III,Nueva Ecija,Cabanatuan City,2021-06-17,22.2,35.0,75.0,0.0,23.6,229.3
III,Nueva Ecija,Cabanatuan City,2021-06-18,21.3,36.4,76.2,0.0,24.1,220.2
III,Nueva Ecija,Cabanatuan City,2021-06-19,22.3,36.1,73.2,0.0,23.8,224.8
III,Nueva Ecija,Cabanatuan City,2021-06-20,21.9,36.6,73.9,0.0,24.0,222.8
III,Nueva Ecija,Cabanatuan City,2021-06-21,22.0,37.4,74.2,0.0,24.5,222.2
III,Nueva Ecija,Cabanatuan City,2021-06-22,22.3,35.9,73.5,0.0,23.8,230.1
III,Nueva Ecija,Cabanatuan City,2021-06-23,22.3,33.7,76.5,8.2,23.3,231.7
III,Nueva Ecija,Cabanatuan City,2021-06-24,22.0,32.4,74.1,0.0,22.0,221.7
III,Nueva Ecija,Cabanatuan City,2021-06-25,21.6,32.5,75.6,21.8,22.2,207.9
III,Nueva Ecija,Cabanatuan City,2021-06-26,22.4,33.1,75.9,16.6,22.9,192.5
III,Nueva Ecija,Cabanatuan City,2021-06-27,22.9,32.5,79.7,14.8,23.6,209.8
III,Nueva Ecija,Cabanatuan City,2021-06-28,23.3,32.4,69.5,0.0,21.8,236.2
III,Nueva Ecija,Cabanatuan City,2021-06-29,22.7,32.2,70.7,8.6,21.6,232.9
III,Nueva Ecija,Cabanatuan City,2021-06-30,23.5,32.8,72.0,12.9,22.5,205.9
III,Nueva Ecija,Cabanatuan City,2021-07-01,22.8,32.2,73.4,5.9,22.2,227.2
III,Nueva Ecija,Cabanatuan City,2021-07-02,23.3,34.5,68.3,0.0,22.6,231.9
III,Nueva Ecija,Cabanatuan City,2021-07-03,23.6,34.8,65.9,0.0,22.4,239.3
III,Nueva Ecija,Cabanatuan City,2021-07-04,22.8,33.9,70.6,7.6,22.5,213.8
III,Nueva Ecija,Cabanatuan City,2021-07-05,22.7,35.2,69.8,0.0,22.9,227.2
III,Nueva Ecija,Cabanatuan City,2021-07-06,22.2,34.8,77.7,6.2,24.0,211.6
III,Nueva Ecija,Cabanatuan City,2021-07-07,22.1,34.0,76.5,9.1,23.4,220.1
III,Nueva Ecija,Cabanatuan City,2021-07-08,21.9,35.0,78.6,8.2,24.2,225.6
III,Nueva Ecija,Cabanatuan City,2021-07-09,22.2,34.9,77.3,0.0,24.0,219.3
III,Nueva Ecija,Cabanatuan City,2021-07-10,23.3,35.9,80.0,9.1,25.6,210.6
III,Nueva Ecija,Cabanatuan City,2021-07-11,24.2,35.5,80.7,4.4,26.0,224.6
III,Nueva Ecija,Cabanatuan City,2021-07-12,23.9,36.9,81.8,7.5,26.8,219.5
III,Nueva Ecija,Cabanatuan City,2021-07-13,24.2,36.0,77.7,0.0,25.6,219.1
III,Nueva Ecija,Cabanatuan City,2021-07-14,23.6,36.0,75.3,0.0,24.9,227.2
III,Nueva Ecija,Cabanatuan City,2021-07-15,23.6,35.4,78.8,7.2,25.3,201.8
III,Nueva Ecija,Cabanatuan City,2021-07-16,24.0,35.4,73.2,0.1,24.3,225.3
III,Nueva Ecija,Cabanatuan City,2021-07-17,24.4,35.1,77.3,2.4,25.2,224.1
III,Nueva Ecija,Cabanatuan City,2021-07-18,23.1,36.0,73.6,0.0,24.3,212.7
III,Nueva Ecija,Cabanatuan City,2021-07-19,22.0,34.8,77.7,10.4,23.9,209.5
III,Nueva Ecija,Cabanatuan City,2021-07-20,21.7,35.3,73.4,0.0,23.2,218.3
III,Nueva Ecija,Cabanatuan City,2021-07-21,21.3,35.4,78.2,31.1,24.0,184.6
III,Nueva Ecija,Cabanatuan City,2021-07-22,22.0,36.0,73.2,0.0,23.6,211.2
III,Nueva Ecija,Cabanatuan City,2021-07-23,22.3,34.6,76.4,17.3,23.7,199.4
III,Nueva Ecija,Cabanatuan City,2021-07-24,22.3,34.8,74.9,0.0,,227.3
III,Nueva Ecija,Cabanatuan City,2021-07-25,22.9,34.1,73.1,0.0,,215.9
III,Nueva Ecija,Cabanatuan City,2021-07-26,23.6,32.3,79.7,9.1,,211.8
III,Nueva Ecija,Cabanatuan City,2021-07-27,23.8,32.5,75.9,0.0,,212.3
III,Nueva Ecija,Cabanatuan City,2021-07-28,23.4,32.5,80.4,16.9,,193.4
III,Nueva Ecija,Cabanatuan City,2021-07-29,23.2,32.6,77.9,2.3,,203.2
III,Nueva Ecija,Cabanatuan City,2021-07-30,23.7,31.9,76.1,0.0,,216.4
III,Nueva Ecija,Cabanatuan City,2021-07-31,22.8,32.1,77.2,26.0,,194.5
III,Nueva Ecija,Cabanatuan City,2021-08-01,21.7,32.6,79.5,11.7,23.0,208.3
III,Nueva Ecija,Cabanatuan City,2021-08-02,23.1,33.3,78.5,0.0,23.9,216.6
III,Nueva Ecija,Cabanatuan City,2021-08-03,22.0,32.5,78.0,0.0,22.8,224.6
III,Nueva Ecija,Cabanatuan City,2021-08-04,21.6,33.4,82.4,8.8,24.0,211.7
III,Nueva Ecija,Cabanatuan City,2021-08-05,21.9,32.2,,9.7,23.4,200.2
III,Nueva Ecija,Cabanatuan City,2021-08-06,23.1,32.6,,3.3,23.7,209.0
III,Nueva Ecija,Cabanatuan City,2021-08-07,23.3,32.7,,5.1,23.5,213.2
III,Nueva Ecija,Cabanatuan City,2021-08-08,22.8,34.2,,1.3,24.1,217.2
III,Nueva Ecija,Cabanatuan City,2021-08-09,22.4,33.2,,4.2,23.2,219.4
III,Nueva Ecija,Cabanatuan City,2021-08-10,22.7,33.6,77.0,15.2,23.5,196.3
III,Nueva Ecija,Cabanatuan City,2021-08-11,22.7,33.8,77.9,97.3,23.8,174.6
III,Nueva Ecija,Cabanatuan City,2021-08-12,23.6,35.8,75.6,0.0,24.8,203.7
III,Nueva Ecija,Cabanatuan City,2021-08-13,23.0,35.5,75.6,0.0,24.4,210.3
III,Nueva Ecija,Cabanatuan City,2021-08-14,22.5,36.3,78.4,0.0,25.1,216.8
III,Nueva Ecija,Cabanatuan City,2021-08-15,23.3,36.9,79.5,0.0,26.0,213.5
III,Nueva Ecija,Cabanatuan City,2021-08-16,22.8,36.3,77.8,0.0,25.1,212.0
III,Nueva Ecija,Cabanatuan City,2021-08-17,23.5,35.8,83.1,6.3,26.3,203.2
III,Nueva Ecija,Cabanatuan City,2021-08-18,23.6,36.1,84.8,7.0,26.8,215.9
III,Nueva Ecija,Cabanatuan City,2021-08-19,23.5,34.8,82.0,5.9,25.5,209.9
III,Nueva Ecija,Cabanatuan City,2021-08-20,24.0,35.3,82.2,4.7,26.1,209.0
III,Nueva Ecija,Cabanatuan City,2021-08-21,22.9,35.4,79.1,4.0,25.0,199.3
III,Nueva Ecija,Cabanatuan City,2021-08-22,22.8,35.4,77.9,0.0,24.7,210.8
III,Nueva Ecija,Cabanatuan City,2021-08-23,22.1,33.0,76.7,0.0,22.9,219.0
III,Nueva Ecija,Cabanatuan City,2021-08-24,23.4,34.6,79.4,0.0,24.9,213.2
III,Nueva Ecija,Cabanatuan City,2021-08-25,23.5,33.2,83.0,9.2,25.0,208.0
III,Nueva Ecija,Cabanatuan City,2021-08-26,24.0,34.1,78.6,0.0,24.8,211.4
III,Nueva Ecija,Cabanatuan City,2021-08-27,23.5,32.9,77.5,0.0,23.7,212.4
III,Nueva Ecija,Cabanatuan City,2021-08-28,23.0,31.2,83.4,40.3,23.8,182.6
III,Nueva Ecija,Cabanatuan City,2021-08-29,23.8,34.1,81.5,0.0,25.3,203.5
III,Nueva Ecija,Cabanatuan City,2021-08-30,23.6,33.7,84.9,6.4,25.6,205.9
III,Nueva Ecija,Cabanatuan City,2021-08-31,23.6,32.7,85.2,33.0,25.2,194.5
III,Nueva Ecija,Cabanatuan City,2021-09-01,23.8,35.8,76.9,0.0,25.2,220.1
III,Nueva Ecija,Cabanatuan City,2021-09-02,23.8,35.0,81.5,1.1,25.7,199.5
III,Nueva Ecija,Cabanatuan City,2021-09-03,24.5,35.3,82.3,2.9,26.4,213.1
III,Nueva Ecija,Cabanatuan City,2021-09-04,23.6,35.6,76.1,0.0,24.8,204.9
III,Nueva Ecija,Cabanatuan City,2021-09-05,24.4,35.4,80.1,5.8,,208.6
III,Nueva Ecija,Cabanatuan City,2021-09-06,25.1,34.0,77.2,17.5,,202.7
III,Nueva Ecija,Cabanatuan City,2021-09-07,24.4,34.6,72.6,0.0,,218.3
III,Nueva Ecija,Cabanatuan City,2021-09-08,25.1,34.7,74.6,0.0,,215.2
III,Nueva Ecija,Cabanatuan City,2021-09-09,24.8,33.2,81.1,19.2,,202.1
III,Nueva Ecija,Cabanatuan City,2021-09-10,23.3,31.5,80.6,34.3,23.5,192.8
III,Nueva Ecija,Cabanatuan City,2021-09-11,24.6,33.4,75.1,0.0,24.0,224.4
III,Nueva Ecija,Cabanatuan City,2021-09-12,24.8,33.5,77.7,1.8,24.7,210.3
III,Nueva Ecija,Cabanatuan City,2021-09-13,23.9,33.7,79.2,1.4,24.6,200.7
III,Nueva Ecija,Cabanatuan City,2021-09-14,23.4,34.5,76.6,9.8,24.3,211.5
III,Nueva Ecija,Cabanatuan City,2021-09-15,23.9,34.4,79.1,2.9,25.0,210.7
III,Nueva Ecija,Cabanatuan City,2021-09-16,23.1,36.1,81.2,17.6,25.8,194.4
III,Nueva Ecija,Cabanatuan City,2021-09-17,23.3,36.2,75.2,0.0,24.8,230.7
III,Nueva Ecija,Cabanatuan City,2021-09-18,23.6,,81.3,4.6,25.6,204.1
III,Nueva Ecija,Cabanatuan City,2021-09-19,23.3,,76.8,0.0,24.4,217.4
III,Nueva Ecija,Cabanatuan City,2021-09-20,23.2,,78.7,3.5,24.5,215.6
III,Nueva Ecija,Cabanatuan City,2021-09-21,22.6,,78.6,8.1,23.9,193.8
III,Nueva Ecija,Cabanatuan City,2021-09-22,23.1,34.1,75.2,0.0,23.6,221.0
III,Nueva Ecija,Cabanatuan City,2021-09-23,22.7,33.4,81.0,9.6,24.2,217.8
III,Nueva Ecija,Cabanatuan City,2021-09-24,24.9,33.9,78.6,0.0,25.1,229.3
III,Nueva Ecija,Cabanatuan City,2021-09-25,25.7,34.7,81.9,2.0,26.6,217.2
III,Nueva Ecija,Cabanatuan City,2021-09-26,24.9,34.8,81.1,2.4,26.1,213.9
III,Nueva Ecija,Cabanatuan City,2021-09-27,24.6,33.2,82.0,4.5,25.3,207.7
III,Nueva Ecija,Cabanatuan City,2021-09-28,24.0,32.6,76.3,10.7,23.6,208.8
III,Nueva Ecija,Cabanatuan City,2021-09-29,22.6,32.7,79.7,20.5,23.6,197.5
III,Nueva Ecija,Cabanatuan City,2021-09-30,23.7,34.4,76.8,0.0,24.4,214.0
III,Nueva Ecija,Cabanatuan City,2021-10-01,23.1,35.2,76.1,0.8,24.4,202.3
III,Nueva Ecija,Cabanatuan City,2021-10-02,23.6,34.5,80.7,13.2,25.2,207.4
III,Nueva Ecija,Cabanatuan City,2021-10-03,24.5,35.4,78.7,2.0,25.7,200.4
III,Nueva Ecija,Cabanatuan City,2021-10-04,24.1,35.4,72.8,0.0,24.3,205.6
III,Nueva Ecija,Cabanatuan City,2021-10-05,23.9,35.3,71.3,0.0,23.9,202.7
III,Nueva Ecija,Cabanatuan City,2021-10-06,23.4,34.2,75.2,5.9,23.8,214.0
III,Nueva Ecija,Cabanatuan City,2021-10-07,24.1,34.0,74.8,0.0,24.0,211.6
III,Nueva Ecija,Cabanatuan City,2021-10-08,24.6,33.5,78.6,7.1,24.8,194.4
III,Nueva Ecija,Cabanatuan City,2021-10-09,23.8,33.4,76.6,0.0,23.9,223.8
III,Nueva Ecija,Cabanatuan City,2021-10-10,23.7,33.8,83.1,10.6,25.4,215.7
III,Nueva Ecija,Cabanatuan City,2021-10-11,22.8,34.7,75.4,0.5,23.8,218.7
III,Nueva Ecija,Cabanatuan City,2021-10-12,22.4,35.0,77.4,25.5,24.2,184.0
III,Nueva Ecija,Cabanatuan City,2021-10-13,22.7,36.0,74.6,0.0,24.3,213.7
III,Nueva Ecija,Cabanatuan City,2021-10-14,23.5,36.5,72.2,0.0,24.4,223.0
III,Nueva Ecija,Cabanatuan City,2021-10-15,22.5,34.9,71.3,0.0,23.0,224.2
III,Nueva Ecija,Cabanatuan City,2021-10-16,,33.7,70.2,0.0,21.8,220.7
III,Nueva Ecija,Cabanatuan City,2021-10-17,,32.9,72.1,0.0,21.5,223.0
III,Nueva Ecija,Cabanatuan City,2021-10-18,,32.0,77.4,17.5,22.4,211.1
III,Nueva Ecija,Cabanatuan City,2021-10-19,,33.9,68.7,0.0,21.6,209.4
III,Nueva Ecija,Cabanatuan City,2021-10-20,,,75.2,15.2,22.2,214.0
III,Nueva Ecija,Cabanatuan City,2021-10-21,22.4,,74.4,0.0,23.1,226.0
III,Nueva Ecija,Cabanatuan City,2021-10-22,22.5,,72.7,0.0,23.5,209.9
III,Nueva Ecija,Cabanatuan City,2021-10-23,22.5,,75.7,0.8,24.0,193.3
III,Nueva Ecija,Cabanatuan City,2021-10-24,23.5,,79.3,6.2,23.6,216.5
III,Nueva Ecija,Cabanatuan City,2021-10-25,23.2,32.8,77.7,5.2,23.5,206.8
III,Nueva Ecija,Cabanatuan City,2021-10-26,23.5,33.2,75.1,4.0,23.4,220.0
III,Nueva Ecija,Cabanatuan City,2021-10-27,24.1,33.8,71.4,0.0,23.2,227.6
III,Nueva Ecija,Cabanatuan City,2021-10-28,23.1,33.1,73.5,0.9,22.8,230.5
III,Nueva Ecija,Cabanatuan City,2021-10-29,22.8,34.0,70.6,0.0,22.5,219.3
III,Nueva Ecija,Cabanatuan City,2021-10-30,23.4,34.1,71.8,0.0,23.1,213.7
III,Nueva Ecija,Cabanatuan City,2021-10-31,22.6,33.4,75.8,11.7,23.2,210.7
III,Nueva Ecija,Cabanatuan City,2021-11-01,23.5,34.2,80.1,13.6,24.9,199.9
III,Nueva Ecija,Cabanatuan City,2021-11-02,23.3,33.5,74.1,0.0,23.2,218.3
III,Nueva Ecija,Cabanatuan City,2021-11-03,22.8,33.3,76.9,0.0,23.4,213.2
III,Nueva Ecija,Cabanatuan City,2021-11-04,22.8,34.4,73.9,0.0,23.4,221.6
III,Nueva Ecija,Cabanatuan City,2021-11-05,22.6,33.2,73.5,0.0,22.6,228.5
III,Nueva Ecija,Cabanatuan City,2021-11-06,21.8,31.9,77.1,18.1,22.3,209.5
III,Nueva Ecija,Cabanatuan City,2021-11-07,23.1,32.8,74.7,4.0,22.9,223.3
III,Nueva Ecija,Cabanatuan City,2021-11-08,23.0,34.6,69.7,0.0,22.7,221.4
III,Nueva Ecija,Cabanatuan City,2021-11-09,22.6,35.4,71.1,0.5,23.2,216.3
III,Nueva Ecija,Cabanatuan City,2021-11-10,22.3,34.8,74.9,1.8,23.5,217.7
III,Nueva Ecija,Cabanatuan City,2021-11-11,22.6,33.9,72.1,0.0,22.7,223.3
III,Nueva Ecija,Cabanatuan City,2021-11-12,22.5,33.6,71.2,0.0,22.3,211.2
III,Nueva Ecija,Cabanatuan City,2021-11-13,21.8,32.9,77.8,6.7,22.9,200.7
III,Nueva Ecija,Cabanatuan City,2021-11-14,23.1,32.3,72.9,0.0,22.3,226.7
III,Nueva Ecija,Cabanatuan City,2021-11-15,22.7,32.7,73.1,0.0,22.3,227.8
III,Nueva Ecija,Cabanatuan City,2021-11-16,22.9,34.2,71.1,0.0,22.8,227.7
III,Nueva Ecija,Cabanatuan City,2021-11-17,22.6,33.4,74.4,9.3,22.9,225.0
III,Nueva Ecija,Cabanatuan City,2021-11-18,23.1,33.6,71.4,12.7,22.6,211.9
III,Nueva Ecija,Cabanatuan City,2021-11-19,22.8,36.1,71.4,0.0,23.7,217.7
III,Nueva Ecija,Cabanatuan City,2021-11-20,22.4,35.3,71.1,0.0,23.1,223.2
III,Nueva Ecija,Cabanatuan City,2021-11-21,22.4,35.8,78.5,9.9,24.8,209.8
III,Nueva Ecija,Cabanatuan City,2021-11-22,23.7,35.3,73.8,0.0,24.3,215.6
III,Nueva Ecija,Cabanatuan City,2021-11-23,22.8,34.6,72.0,0.0,23.1,225.9
III,Nueva Ecija,Cabanatuan City,2021-11-24,23.2,33.1,72.6,0.0,22.7,218.0
III,Nueva Ecija,Cabanatuan City,2021-11-25,24.2,31.5,69.1,0.0,21.7,227.4
III,Nueva Ecija,Cabanatuan City,2021-11-26,24.1,32.2,75.4,16.7,23.2,212.4
III,Nueva Ecija,Cabanatuan City,2021-11-27,24.7,32.6,72.0,0.0,23.0,238.3
III,Nueva Ecija,Cabanatuan City,2021-11-28,22.7,32.6,73.4,0.0,22.3,232.9
III,Nueva Ecija,Cabanatuan City,2021-11-29,21.8,31.9,69.8,0.0,20.8,219.4
III,Nueva Ecija,Cabanatuan City,2021-11-30,21.7,31.6,72.6,8.7,21.2,216.8
III,Nueva Ecija,Cabanatuan City,2021-12-01,22.2,33.1,68.9,0.0,21.4,221.6
III,Nueva Ecija,Cabanatuan City,2021-12-02,21.9,33.1,71.0,0.0,21.7,235.9
III,Nueva Ecija,Cabanatuan City,2021-12-03,21.7,33.7,73.8,0.0,22.5,229.9
III,Nueva Ecija,Cabanatuan City,2021-12-04,21.5,33.4,77.0,2.2,22.8,211.5
III,Nueva Ecija,Cabanatuan City,2021-12-05,22.4,32.5,79.2,1.8,23.3,230.0
III,Nueva Ecija,Cabanatuan City,2021-12-06,22.8,32.8,71.5,0.0,22.1,241.0
III,Nueva Ecija,Cabanatuan City,2021-12-07,22.1,31.8,73.7,0.0,21.7,231.1
III,Nueva Ecija,Cabanatuan City,2021-12-08,21.7,33.2,77.1,8.5,22.9,237.7
III,Nueva Ecija,Cabanatuan City,2021-12-09,21.4,33.8,72.7,0.0,,231.1
III,Nueva Ecija,Cabanatuan City,2021-12-10,22.1,32.9,72.8,0.0,,227.1
III,Nueva Ecija,Cabanatuan City,2021-12-11,21.0,33.3,72.5,0.0,,230.4
III,Nueva Ecija,Cabanatuan City,2021-12-12,21.6,33.8,72.2,0.0,,221.5
III,Nueva Ecija,Cabanatuan City,2021-12-13,21.6,34.6,73.0,0.0,22.7,220.6
III,Nueva Ecija,Cabanatuan City,2021-12-14,23.0,33.9,70.0,0.0,22.4,229.9
III,Nueva Ecija,Cabanatuan City,2021-12-15,22.2,32.7,69.7,0.0,21.4,223.8
III,Nueva Ecija,Cabanatuan City,2021-12-16,21.8,32.9,68.4,0.0,21.0,224.9
III,Nueva Ecija,Cabanatuan City,2021-12-17,22.3,34.5,68.7,0.6,22.1,230.3
III,Nueva Ecija,Cabanatuan City,2021-12-18,22.3,34.0,72.5,,22.6,226.2
III,Nueva Ecija,Cabanatuan City,2021-12-19,22.3,34.6,70.9,,22.6,235.0
III,Nueva Ecija,Cabanatuan City,2021-12-20,22.0,32.9,68.5,,21.2,227.9
III,Nueva Ecija,Cabanatuan City,2021-12-21,22.1,33.1,72.4,,22.1,222.8
III,Nueva Ecija,Cabanatuan City,2021-12-22,21.8,33.7,67.6,0.0,21.3,241.5
III,Nueva Ecija,Cabanatuan City,2021-12-23,21.6,34.0,70.8,0.0,22.0,239.5
III,Nueva Ecija,Cabanatuan City,2021-12-24,22.5,35.3,72.1,0.0,23.3,229.0
III,Nueva Ecija,Cabanatuan City,2021-12-25,22.9,32.3,72.9,0.0,22.2,226.1
III,Nueva Ecija,Cabanatuan City,2021-12-26,22.3,32.9,73.5,3.3,22.3,229.8
III,Nueva Ecija,Cabanatuan City,2021-12-27,23.1,35.0,67.1,0.0,22.5,228.2
III,Nueva Ecija,Cabanatuan City,2021-12-28,22.5,33.6,66.7,0.0,21.4,242.7
III,Nueva Ecija,Cabanatuan City,2021-12-29,21.5,34.0,66.5,0.0,21.0,226.2
III,Nueva Ecija,Cabanatuan City,2021-12-30,21.6,32.4,70.3,0.0,21.1,229.6
III,Nueva Ecija,Cabanatuan City,2021-12-31,22.4,34.2,71.5,0.0,22.6,235.5
III,Nueva Ecija,Cabanatuan City,2022-01-01,21.8,35.2,66.4,0.0,21.8,238.0
III,Nueva Ecija,Cabanatuan City,2022-01-02,20.3,33.7,72.0,10.3,21.4,230.6
III,Nueva Ecija,Cabanatuan City,2022-01-03,20.0,31.3,67.1,0.0,19.1,240.0
III,Nueva Ecija,Cabanatuan City,2022-01-04,21.2,31.6,64.9,0.0,19.4,213.5
III,Nueva Ecija,Cabanatuan City,2022-01-05,21.6,32.3,65.9,0.0,20.1,239.8
III,Nueva Ecija,Cabanatuan City,2022-01-06,21.1,33.2,65.3,0.0,20.2,232.3
III,Nueva Ecija,Cabanatuan City,2022-01-07,21.9,33.2,64.0,0.0,20.4,236.9
III,Nueva Ecija,Cabanatuan City,2022-01-08,22.8,33.7,63.7,0.0,21.0,251.3
III,Nueva Ecija,Cabanatuan City,2022-01-09,22.9,33.5,66.6,0.0,21.5,230.6
III,Nueva Ecija,Cabanatuan City,2022-01-10,23.4,33.9,68.9,0.0,22.4,232.0
III,Nueva Ecija,Cabanatuan City,2022-01-11,22.9,33.5,66.8,0.0,21.6,252.2
III,Nueva Ecija,Cabanatuan City,2022-01-12,22.7,32.5,66.7,0.0,20.9,221.0
III,Nueva Ecija,Cabanatuan City,2022-01-13,22.9,32.2,,0.0,20.5,224.6
III,Nueva Ecija,Cabanatuan City,2022-01-14,23.5,32.0,,0.0,20.6,
III,Nueva Ecija,Cabanatuan City,2022-01-15,23.5,32.1,,0.0,21.2,
III,Nueva Ecija,Cabanatuan City,2022-01-16,23.3,32.5,,0.0,21.1,
III,Nueva Ecija,Cabanatuan City,2022-01-17,23.0,33.5,64.7,0.0,21.2,
III,Nueva Ecija,Cabanatuan City,2022-01-18,23.8,33.8,64.9,0.0,21.8,
III,Nueva Ecija,Cabanatuan City,2022-01-19,22.5,35.8,64.0,0.0,22.0,240.2
III,Nueva Ecija,Cabanatuan City,2022-01-20,21.6,35.3,67.7,0.0,22.0,229.4
III,Nueva Ecija,Cabanatuan City,2022-01-21,20.7,34.6,71.2,0.0,21.9,238.8
III,Nueva Ecija,Cabanatuan City,2022-01-22,20.6,33.9,70.2,0.0,21.3,238.6
III,Nueva Ecija,Cabanatuan City,2022-01-23,22.1,34.6,69.2,0.0,22.2,241.4
III,Nueva Ecija,Cabanatuan City,2022-01-24,23.0,33.8,69.1,0.0,22.2,234.2
III,Nueva Ecija,Cabanatuan City,2022-01-25,23.6,34.7,73.2,0.0,23.8,233.7
III,Nueva Ecija,Cabanatuan City,2022-01-26,23.5,33.5,73.2,0.6,23.1,225.7
III,Nueva Ecija,Cabanatuan City,2022-01-27,23.3,34.7,71.5,0.0,,234.0
III,Nueva Ecija,Cabanatuan City,2022-01-28,23.7,34.4,69.7,0.0,,236.6
III,Nueva Ecija,Cabanatuan City,2022-01-29,23.4,34.3,67.8,0.0,,238.6
III,Nueva Ecija,Cabanatuan City,2022-01-30,23.5,33.1,68.2,0.0,21.9,257.3
III,Nueva Ecija,Cabanatuan City,2022-01-31,22.9,33.7,70.2,0.0,22.3,231.8
III,Nueva Ecija,Cabanatuan City,2022-02-01,21.5,33.7,67.8,0.0,21.2,231.8
III,Nueva Ecija,Cabanatuan City,2022-02-02,21.9,32.4,70.6,0.0,,236.8
III,Nueva Ecija,Cabanatuan City,2022-02-03,21.8,32.7,68.1,0.0,,245.0
III,Nueva Ecija,Cabanatuan City,2022-02-04,21.9,31.9,70.4,0.0,,230.9
III,Nueva Ecija,Cabanatuan City,2022-02-05,21.2,33.0,66.5,0.0,,228.7
III,Nueva Ecija,Cabanatuan City,2022-02-06,21.2,31.8,67.0,0.0,,220.4
III,Nueva Ecija,Cabanatuan City,2022-02-07,20.9,32.9,67.8,0.0,20.5,230.4
III,Nueva Ecija,Cabanatuan City,2022-02-08,22.1,34.0,67.0,0.0,21.5,224.5
III,Nueva Ecija,Cabanatuan City,2022-02-09,22.3,32.6,67.4,0.0,20.9,245.1
III,Nueva Ecija,Cabanatuan City,2022-02-10,22.9,31.1,67.4,0.0,20.5,228.3
III,Nueva Ecija,Cabanatuan City,2022-02-11,22.6,31.7,65.2,0.0,20.2,242.6
III,Nueva Ecija,Cabanatuan City,2022-02-12,22.6,32.1,65.7,0.0,20.5,250.3
III,Nueva Ecija,Cabanatuan City,2022-02-13,22.6,31.5,70.2,0.0,21.1,236.7
III,Nueva Ecija,Cabanatuan City,2022-02-14,22.2,30.0,68.9,0.0,19.9,243.5
III,Nueva Ecija,Cabanatuan City,2022-02-15,22.2,30.9,69.5,0.0,20.4,246.8
III,Nueva Ecija,Cabanatuan City,2022-02-16,22.7,31.4,68.1,0.0,20.7,247.5
III,Nueva Ecija,Cabanatuan City,2022-02-17,21.9,32.2,66.0,0.0,20.2,230.2
III,Nueva Ecija,Cabanatuan City,2022-02-18,20.6,32.7,65.9,0.0,19.8,245.4
III,Nueva Ecija,Cabanatuan City,2022-02-19,20.5,33.1,64.4,0.0,19.7,253.0
III,Nueva Ecija,Cabanatuan City,2022-02-20,20.5,32.4,65.6,0.0,19.6,255.7
III,Nueva Ecija,Cabanatuan City,2022-02-21,21.8,33.1,66.1,0.0,20.7,226.9
III,Nueva Ecija,Cabanatuan City,2022-02-22,22.3,32.7,63.2,0.0,20.1,241.9
III,Nueva Ecija,Cabanatuan City,2022-02-23,22.7,32.0,64.0,0.0,20.2,256.4
III,Nueva Ecija,Cabanatuan City,2022-02-24,22.3,32.6,63.7,0.0,20.2,254.2
III,Nueva Ecija,Cabanatuan City,2022-02-25,21.6,33.0,67.0,0.0,20.7,237.2
III,Nueva Ecija,Cabanatuan City,2022-02-26,21.4,32.7,69.5,0.0,21.0,247.8
III,Nueva Ecija,Cabanatuan City,2022-02-27,21.4,32.0,72.2,0.0,21.1,238.2
III,Nueva Ecija,Cabanatuan City,2022-02-28,22.0,33.2,69.3,0.0,21.5,241.1
III,Nueva Ecija,Cabanatuan City,2022-03-01,23.1,33.8,68.5,0.0,22.2,239.1
III,Nueva Ecija,Cabanatuan City,2022-03-02,23.1,34.2,68.7,0.0,22.4,242.0
III,Nueva Ecija,Cabanatuan City,2022-03-03,22.7,34.0,68.3,0.0,22.0,244.4
III,Nueva Ecija,Cabanatuan City,2022-03-04,22.7,33.4,66.3,0.0,21.3,225.4
III,Nueva Ecija,Cabanatuan City,2022-03-05,22.9,35.1,64.8,0.0,22.0,255.4
III,Nueva Ecija,Cabanatuan City,2022-03-06,23.0,32.1,62.9,0.0,20.1,251.9
III,Nueva Ecija,Cabanatuan City,2022-03-07,23.8,32.8,62.5,0.0,20.8,234.6
III,Nueva Ecija,Cabanatuan City,2022-03-08,23.4,32.0,65.4,0.0,20.8,245.4
III,Nueva Ecija,Cabanatuan City,2022-03-09,22.8,31.6,63.3,0.0,19.9,245.0
III,Nueva Ecija,Cabanatuan City,2022-03-10,22.2,33.4,64.6,,20.7,238.2
III,Nueva Ecija,Cabanatuan City,2022-03-11,20.9,32.5,64.3,,19.6,247.2
III,Nueva Ecija,Cabanatuan City,2022-03-12,22.2,32.1,64.2,0.0,20.0,242.7
III,Nueva Ecija,Cabanatuan City,2022-03-13,22.1,32.2,68.1,0.0,20.8,238.2
III,Nueva Ecija,Cabanatuan City,2022-03-14,21.9,32.5,64.9,0.0,20.2,246.4
III,Nueva Ecija,Cabanatuan City,2022-03-15,22.5,32.3,65.8,0.0,20.6,244.5
III,Nueva Ecija,Cabanatuan City,2022-03-16,21.7,31.7,66.2,0.0,19.9,251.8
III,Nueva Ecija,Cabanatuan City,2022-03-17,21.6,31.6,65.0,0.0,19.6,242.8
III,Nueva Ecija,Cabanatuan City,2022-03-18,21.5,31.9,65.2,0.0,19.7,247.6
III,Nueva Ecija,Cabanatuan City,2022-03-19,22.5,31.9,,0.0,,250.2
III,Nueva Ecija,Cabanatuan City,2022-03-20,23.9,33.3,,0.0,,249.2
III,Nueva Ecija,Cabanatuan City,2022-03-21,23.4,32.1,,0.0,,233.0
III,Nueva Ecija,Cabanatuan City,2022-03-22,24.0,32.8,,0.0,,246.7
III,Nueva Ecija,Cabanatuan City,2022-03-23,23.6,32.2,66.5,0.0,,239.0
III,Nueva Ecija,Cabanatuan City,2022-03-24,23.2,34.4,65.3,0.0,21.9,227.4
III,Nueva Ecija,Cabanatuan City,2022-03-25,22.9,34.1,65.8,0.0,21.7,241.4
III,Nueva Ecija,Cabanatuan City,2022-03-26,23.6,34.5,66.1,0.0,22.3,237.2
III,Nueva Ecija,Cabanatuan City,2022-03-27,22.8,33.9,67.0,0.0,21.8,236.6
III,Nueva Ecija,Cabanatuan City,2022-03-28,22.9,33.2,63.5,0.0,20.8,229.8
III,Nueva Ecija,Cabanatuan City,2022-03-29,22.7,33.1,66.9,0.0,21.3,227.2
III,Nueva Ecija,Cabanatuan City,2022-03-30,22.7,33.4,69.1,0.0,21.9,232.2
III,Nueva Ecija,Cabanatuan City,2022-03-31,21.0,32.0,68.4,0.0,20.2,235.9
III,Nueva Ecija,Cabanatuan City,2022-04-01,21.0,32.9,66.8,0.8,20.3,249.4
III,Nueva Ecija,Cabanatuan City,2022-04-02,21.8,34.5,65.4,0.0,21.2,241.8
III,Nueva Ecija,Cabanatuan City,2022-04-03,21.7,33.2,65.7,0.0,20.6,223.4
III,Nueva Ecija,Cabanatuan City,2022-04-04,22.4,33.5,65.2,0.0,21.0,238.0
III,Nueva Ecija,Cabanatuan City,2022-04-05,23.0,35.8,67.7,0.0,22.9,234.7
III,Nueva Ecija,Cabanatuan City,2022-04-06,23.2,34.0,72.2,2.2,23.0,242.6
III,Nueva Ecija,Cabanatuan City,2022-04-07,23.8,35.3,67.8,0.0,23.1,244.5
III,Nueva Ecija,Cabanatuan City,2022-04-08,23.3,37.2,66.6,0.0,23.6,234.8
III,Nueva Ecija,Cabanatuan City,2022-04-09,22.5,36.2,65.9,,22.5,237.4
III,Nueva Ecija,Cabanatuan City,2022-04-10,22.3,34.9,63.8,,21.4,242.2
III,Nueva Ecija,Cabanatuan City,2022-04-11,23.1,35.0,64.6,,22.0,225.0
III,Nueva Ecija,Cabanatuan City,2022-04-12,23.1,34.8,65.2,,22.0,244.7
III,Nueva Ecija,Cabanatuan City,2022-04-13,23.2,33.0,65.8,0.0,21.3,240.8
III,Nueva Ecija,Cabanatuan City,2022-04-14,22.9,33.3,66.7,0.0,21.4,230.6
III,Nueva Ecija,Cabanatuan City,2022-04-15,22.8,33.4,66.8,0.0,21.5,237.9
III,Nueva Ecija,Cabanatuan City,2022-04-16,22.7,32.9,64.7,0.0,20.7,253.5
III,Nueva Ecija,Cabanatuan City,2022-04-17,22.1,32.2,68.2,6.6,20.8,222.1
III,Nueva Ecija,Cabanatuan City,2022-04-18,23.4,32.8,67.4,0.0,21.6,235.7
III,Nueva Ecija,Cabanatuan City,2022-04-19,21.8,33.8,69.4,0.0,21.7,234.6
III,Nueva Ecija,Cabanatuan City,2022-04-20,21.0,34.1,67.5,0.0,21.0,235.0
III,Nueva Ecija,Cabanatuan City,2022-04-21,21.9,33.0,66.5,0.0,20.8,237.7
III,Nueva Ecija,Cabanatuan City,2022-04-22,22.1,32.7,68.3,0.0,21.1,231.9
III,Nueva Ecija,Cabanatuan City,2022-04-23,23.0,32.4,70.1,8.3,21.7,209.6
III,Nueva Ecija,Cabanatuan City,2022-04-24,22.8,32.9,67.2,0.0,21.3,236.4
III,Nueva Ecija,Cabanatuan City,2022-04-25,22.2,32.1,68.9,0.0,20.9,212.9
III,Nueva Ecija,Cabanatuan City,2022-04-26,23.0,30.5,66.1,0.0,20.0,250.0
III,Nueva Ecija,Cabanatuan City,2022-04-27,23.4,31.4,67.0,0.0,20.8,246.8
III,Nueva Ecija,Cabanatuan City,2022-04-28,23.4,32.4,70.5,1.3,22.0,232.8
III,Nueva Ecija,Cabanatuan City,2022-04-29,22.9,33.1,68.1,0.0,21.6,229.3
III,Nueva Ecija,Cabanatuan City,2022-04-30,23.2,33.5,67.9,0.0,21.9,230.5
III,Nueva Ecija,Cabanatuan City,2022-05-01,22.5,31.2,70.8,0.0,21.0,227.4
III,Nueva Ecija,Cabanatuan City,2022-05-02,23.6,31.8,68.0,0.0,21.3,250.4
III,Nueva Ecija,Cabanatuan City,2022-05-03,22.0,30.8,73.0,2.2,21.0,226.4
III,Nueva Ecija,Cabanatuan City,2022-05-04,22.9,32.3,71.8,0.0,22.0,230.3
III,Nueva Ecija,Cabanatuan City,2022-05-05,22.4,32.5,71.4,0.0,21.7,232.0
III,Nueva Ecija,Cabanatuan City,2022-05-06,22.8,34.0,72.1,0.0,22.8,234.4
III,Nueva Ecija,Cabanatuan City,2022-05-07,23.6,33.8,68.2,0.0,22.3,243.9
III,Nueva Ecija,Cabanatuan City,2022-05-08,23.4,34.1,75.5,4.2,23.8,229.7
III,Nueva Ecija,Cabanatuan City,2022-05-09,23.2,35.2,67.0,0.0,22.6,230.5
III,Nueva Ecija,Cabanatuan City,2022-05-10,23.3,34.1,72.9,16.5,23.3,214.4
III,Nueva Ecija,Cabanatuan City,2022-05-11,23.9,34.0,66.8,0.0,22.3,226.5
III,Nueva Ecija,Cabanatuan City,2022-05-12,22.9,34.7,68.9,6.1,22.6,225.0
III,Nueva Ecija,Cabanatuan City,2022-05-13,24.3,35.3,66.1,0.0,23.0,221.2
III,Nueva Ecija,Cabanatuan City,2022-05-14,23.9,33.4,64.2,0.0,21.5,228.9
III,Nueva Ecija,Cabanatuan City,2022-05-15,22.8,32.1,70.4,4.7,21.5,220.0
III,Nueva Ecija,Cabanatuan City,2022-05-16,22.2,33.0,66.9,0.0,21.0,224.6
III,Nueva Ecija,Cabanatuan City,2022-05-17,,33.7,65.7,0.0,21.1,236.2
III,Nueva Ecija,Cabanatuan City,2022-05-18,,35.2,71.1,0.0,22.9,236.9
III,Nueva Ecija,Cabanatuan City,2022-05-19,22.8,,65.4,0.0,22.2,240.5
III,Nueva Ecija,Cabanatuan City,2022-05-20,23.7,,66.0,0.0,22.5,226.7
III,Nueva Ecija,Cabanatuan City,2022-05-21,23.4,33.5,63.2,0.0,21.1,242.4
III,Nueva Ecija,Cabanatuan City,2022-05-22,23.3,33.4,63.7,0.0,21.1,228.1
III,Nueva Ecija,Cabanatuan City,2022-05-23,22.6,32.3,69.6,0.0,21.4,223.5
III,Nueva Ecija,Cabanatuan City,2022-05-24,22.0,32.2,76.7,13.0,22.4,227.9
III,Nueva Ecija,Cabanatuan City,2022-05-25,22.4,32.9,75.7,19.0,22.8,217.3
III,Nueva Ecija,Cabanatuan City,2022-05-26,22.9,34.2,73.0,0.0,23.2,222.7
III,Nueva Ecija,Cabanatuan City,2022-05-27,23.2,34.4,74.3,0.0,23.7,214.1
III,Nueva Ecija,Cabanatuan City,2022-05-28,23.2,32.3,71.3,0.0,22.0,223.2
III,Nueva Ecija,Cabanatuan City,2022-05-29,23.5,32.8,71.8,0.0,22.5,221.6
III,Nueva Ecija,Cabanatuan City,2022-05-30,24.5,34.0,70.3,0.0,23.3,222.8
III,Nueva Ecija,Cabanatuan City,2022-05-31,25.3,31.8,75.4,9.3,23.6,223.7
III,Nueva Ecija,Cabanatuan City,2022-06-01,24.0,32.0,75.7,17.7,23.1,201.8
III,Nueva Ecija,Cabanatuan City,2022-06-02,23.5,31.7,72.9,12.0,22.2,215.3
III,Nueva Ecija,Cabanatuan City,2022-06-03,23.5,33.6,68.2,0.0,,220.2
III,Nueva Ecija,Cabanatuan City,2022-06-04,23.0,33.2,64.5,0.0,,220.2
III,Nueva Ecija,Cabanatuan City,2022-06-05,23.1,34.4,71.1,5.4,,227.4
III,Nueva Ecija,Cabanatuan City,2022-06-06,22.5,32.3,69.1,14.3,,224.2
III,Nueva Ecija,Cabanatuan City,2022-06-07,23.1,33.3,69.9,0.0,,227.4
III,Nueva Ecija,Cabanatuan City,2022-06-08,23.5,33.6,69.7,0.0,22.5,221.4
III,Nueva Ecija,Cabanatuan City,2022-06-09,23.2,32.1,74.5,14.7,22.5,208.9
III,Nueva Ecija,Cabanatuan City,2022-06-10,23.5,30.3,75.0,60.8,21.9,172.5
III,Nueva Ecija,Cabanatuan City,2022-06-11,24.7,33.5,76.4,5.5,24.4,214.2
III,Nueva Ecija,Cabanatuan City,2022-06-12,24.7,34.6,71.1,0.0,23.9,223.5
III,Nueva Ecija,Cabanatuan City,2022-06-13,24.7,34.5,67.8,0.0,23.2,223.9
III,Nueva Ecija,Cabanatuan City,2022-06-14,24.5,33.7,67.7,0.0,22.6,222.6
III,Nueva Ecija,Cabanatuan City,2022-06-15,23.5,31.0,72.7,7.1,21.8,205.8
III,Nueva Ecija,Cabanatuan City,2022-06-16,23.1,33.0,68.0,0.0,21.6,227.7
III,Nueva Ecija,Cabanatuan City,2022-06-17,23.7,34.2,72.5,0.0,23.5,225.6
III,Nueva Ecija,Cabanatuan City,2022-06-18,24.0,32.7,74.4,0.0,23.2,222.7
III,Nueva Ecija,Cabanatuan City,2022-06-19,23.4,33.6,77.1,0.0,23.9,216.8
III,Nueva Ecija,Cabanatuan City,2022-06-20,22.8,33.1,74.2,0.0,22.8,218.3
III,Nueva Ecija,Cabanatuan City,2022-06-21,23.2,34.6,76.2,0.0,24.1,235.3
III,Nueva Ecija,Cabanatuan City,2022-06-22,22.0,34.1,80.2,3.1,24.1,229.3
III,Nueva Ecija,Cabanatuan City,2022-06-23,22.1,34.7,71.7,0.0,22.7,208.2
III,Nueva Ecija,Cabanatuan City,2022-06-24,22.9,32.7,70.8,0.0,22.0,228.2
III,Nueva Ecija,Cabanatuan City,2022-06-25,22.7,32.0,73.5,4.4,22.0,202.7
III,Nueva Ecija,Cabanatuan City,2022-06-26,22.5,33.1,70.6,0.0,21.9,219.6
III,Nueva Ecija,Cabanatuan City,2022-06-27,21.5,30.8,77.1,47.6,21.6,189.6
III,Nueva Ecija,Cabanatuan City,2022-06-28,22.4,33.7,70.5,0.0,22.2,235.7
III,Nueva Ecija,Cabanatuan City,2022-06-29,22.2,34.0,69.0,0.0,21.9,220.3
III,Nueva Ecija,Cabanatuan City,2022-06-30,21.7,34.8,74.8,4.2,23.2,218.3
III,Nueva Ecija,Cabanatuan City,2022-07-01,22.4,34.1,77.0,16.7,23.6,218.2
III,Nueva Ecija,Cabanatuan City,2022-07-02,22.6,34.8,73.0,0.0,23.3,221.8
III,Nueva Ecija,Cabanatuan City,2022-07-03,21.7,34.4,74.4,0.0,22.9,213.1
III,Nueva Ecija,Cabanatuan City,2022-07-04,22.3,34.9,77.8,2.2,24.2,219.1
III,Nueva Ecija,Cabanatuan City,2022-07-05,23.5,34.5,79.6,11.3,24.9,213.0
III,Nueva Ecija,Cabanatuan City,2022-07-06,23.5,34.3,80.4,0.0,25.0,233.0
III,Nueva Ecija,Cabanatuan City,2022-07-07,24.6,34.3,82.8,7.5,26.0,209.1
III,Nueva Ecija,Cabanatuan City,2022-07-08,25.1,33.6,81.4,1.6,25.6,210.5
III,Nueva Ecija,Cabanatuan City,2022-07-09,25.0,34.4,76.8,0.0,25.1,228.8
III,Nueva Ecija,Cabanatuan City,2022-07-10,24.2,33.3,75.5,0.0,23.8,226.9
III,Nueva Ecija,Cabanatuan City,2022-07-11,23.4,34.4,79.7,4.7,24.8,216.4
III,Nueva Ecija,Cabanatuan City,2022-07-12,22.8,32.6,81.7,5.9,24.0,214.5
III,Nueva Ecija,Cabanatuan City,2022-07-13,23.0,32.6,78.7,4.7,23.5,209.1
III,Nueva Ecija,Cabanatuan City,2022-07-14,22.5,33.8,73.0,0.0,22.8,221.8
III,Nueva Ecija,Cabanatuan City,2022-07-15,22.9,33.3,81.2,8.4,24.3,218.7
III,Nueva Ecija,Cabanatuan City,2022-07-16,23.2,32.3,78.8,32.0,23.5,189.1
III,Nueva Ecija,Cabanatuan City,2022-07-17,23.9,32.5,81.6,4.8,24.5,213.7
III,Nueva Ecija,Cabanatuan City,2022-07-18,24.5,33.4,76.4,0.0,24.2,216.9
III,Nueva Ecija,Cabanatuan City,2022-07-19,24.3,34.0,80.4,9.7,25.2,205.9
III,Nueva Ecija,Cabanatuan City,2022-07-20,24.6,34.8,78.6,3.6,25.4,205.1
III,Nueva Ecija,Cabanatuan City,2022-07-21,24.2,35.3,75.6,0.0,24.9,218.1
III,Nueva Ecija,Cabanatuan City,2022-07-22,24.2,35.0,79.6,2.8,25.5,214.7
III,Nueva Ecija,Cabanatuan City,2022-07-23,23.2,35.9,80.1,,25.6,221.9
III,Nueva Ecija,Cabanatuan City,2022-07-24,23.7,34.8,78.6,,25.0,220.5
III,Nueva Ecija,Cabanatuan City,2022-07-25,24.1,33.7,73.0,,23.5,205.9
III,Nueva Ecija,Cabanatuan City,2022-07-26,23.2,33.8,76.5,,23.8,209.2
III,Nueva Ecija,Cabanatuan City,2022-07-27,23.1,33.9,79.6,18.1,24.4,200.6
III,Nueva Ecija,Cabanatuan City,2022-07-28,23.0,35.5,77.2,0.0,24.7,212.9
III,Nueva Ecija,Cabanatuan City,2022-07-29,23.5,34.3,82.1,5.3,25.3,230.9
III,Nueva Ecija,Cabanatuan City,2022-07-30,24.0,35.2,80.9,0.0,25.8,197.9
III,Nueva Ecija,Cabanatuan City,2022-07-31,22.9,36.0,82.3,0.0,25.9,202.8
III,Nueva Ecija,Cabanatuan City,2022-08-01,,35.6,80.5,0.0,25.9,214.0
III,Nueva Ecija,Cabanatuan City,2022-08-02,,33.3,81.7,4.1,25.0,208.5
III,Nueva Ecija,Cabanatuan City,2022-08-03,,33.8,80.9,10.2,24.9,221.7
III,Nueva Ecija,Cabanatuan City,2022-08-04,,36.2,77.2,0.0,25.4,218.0
III,Nueva Ecija,Cabanatuan City,2022-08-05,24.2,33.3,75.3,0.0,23.8,208.7
III,Nueva Ecija,Cabanatuan City,2022-08-06,24.0,33.1,78.2,5.5,24.2,221.7
III,Nueva Ecija,Cabanatuan City,2022-08-07,22.6,33.7,79.7,5.5,24.1,205.7
III,Nueva Ecija,Cabanatuan City,2022-08-08,23.2,35.2,76.7,0.0,24.5,209.6
III,Nueva Ecija,Cabanatuan City,2022-08-09,23.5,36.3,77.9,5.1,25.5,219.5
III,Nueva Ecija,Cabanatuan City,2022-08-10,24.1,36.0,74.1,0.0,24.9,224.8
III,Nueva Ecija,Cabanatuan City,2022-08-11,22.9,35.0,71.2,0.0,23.2,220.0
III,Nueva Ecija,Cabanatuan City,2022-08-12,22.4,33.4,80.9,9.2,24.1,213.6
III,Nueva Ecija,Cabanatuan City,2022-08-13,23.5,33.7,81.4,0.0,24.9,222.1
III,Nueva Ecija,Cabanatuan City,2022-08-14,23.2,30.8,83.7,86.7,23.7,148.9
III,Nueva Ecija,Cabanatuan City,2022-08-15,22.9,33.5,78.8,0.0,24.0,219.3
III,Nueva Ecija,Cabanatuan City,2022-08-16,22.4,31.9,83.4,19.6,23.8,197.3
III,Nueva Ecija,Cabanatuan City,2022-08-17,23.4,33.6,78.4,0.0,24.2,210.1
III,Nueva Ecija,Cabanatuan City,2022-08-18,24.3,33.5,76.7,0.0,24.2,218.5
III,Nueva Ecija,Cabanatuan City,2022-08-19,24.0,32.0,82.6,34.3,24.5,187.0
III,Nueva Ecija,Cabanatuan City,2022-08-20,24.4,33.1,86.2,-2.2,26.0,207.8
III,Nueva Ecija,Cabanatuan City,2022-08-21,23.5,33.7,84.9,14.6,25.6,199.0
III,Nueva Ecija,Cabanatuan City,2022-08-22,24.2,36.0,80.3,0.0,26.2,222.8
III,Nueva Ecija,Cabanatuan City,2022-08-23,23.4,35.9,76.6,0.0,25.0,206.4
III,Nueva Ecija,Cabanatuan City,2022-08-24,24.1,34.3,79.9,12.5,25.2,208.3
III,Nueva Ecija,Cabanatuan City,2022-08-25,24.5,34.1,76.3,0.0,24.6,220.6
III,Nueva Ecija,Cabanatuan City,2022-08-26,23.9,33.0,77.3,8.5,23.9,
III,Nueva Ecija,Cabanatuan City,2022-08-27,22.6,32.7,74.1,0.0,22.5,
III,Nueva Ecija,Cabanatuan City,2022-08-28,22.6,34.5,76.2,0.0,23.8,
III,Nueva Ecija,Cabanatuan City,2022-08-29,22.2,33.8,81.7,5.9,24.3,
III,Nueva Ecija,Cabanatuan City,2022-08-30,23.3,32.7,81.1,5.0,24.2,
III,Nueva Ecija,Cabanatuan City,2022-08-31,24.3,33.1,82.6,2.1,25.2,217.8
III,Nueva Ecija,Cabanatuan City,2022-09-01,23.3,34.3,78.6,0.0,24.5,216.3
III,Nueva Ecija,Cabanatuan City,2022-09-02,23.1,36.1,81.8,2.9,26.0,210.1
III,Nueva Ecija,Cabanatuan City,2022-09-03,23.5,36.6,80.2,0.0,26.1,213.0
III,Nueva Ecija,Cabanatuan City,2022-09-04,24.1,35.7,81.0,8.2,26.1,201.2
III,Nueva Ecija,Cabanatuan City,2022-09-05,23.5,37.2,78.6,0.0,26.1,212.8
III,Nueva Ecija,Cabanatuan City,2022-09-06,23.9,36.6,80.0,10.1,26.2,190.9
III,Nueva Ecija,Cabanatuan City,2022-09-07,22.6,35.3,80.8,18.9,25.1,192.6
III,Nueva Ecija,Cabanatuan City,2022-09-08,21.7,36.5,82.5,0.0,25.6,215.0
III,Nueva Ecija,Cabanatuan City,2022-09-09,22.0,34.5,86.2,14.2,25.5,202.4
III,Nueva Ecija,Cabanatuan City,2022-09-10,22.4,33.5,83.4,10.6,24.6,204.8
III,Nueva Ecija,Cabanatuan City,2022-09-11,23.3,33.8,83.5,10.4,25.2,203.1
III,Nueva Ecija,Cabanatuan City,2022-09-12,23.2,34.5,83.6,4.6,25.6,213.4
III,Nueva Ecija,Cabanatuan City,2022-09-13,24.4,34.6,80.1,22.0,25.5,193.3
III,Nueva Ecija,Cabanatuan City,2022-09-14,24.5,36.1,81.3,12.3,26.6,200.2
III,Nueva Ecija,Cabanatuan City,2022-09-15,24.6,33.7,76.5,9.9,24.5,209.2
III,Nueva Ecija,Cabanatuan City,2022-09-16,23.4,33.3,80.1,65.2,24.4,175.8
III,Nueva Ecija,Cabanatuan City,2022-09-17,23.5,34.4,81.4,23.8,25.2,189.4
III,Nueva Ecija,Cabanatuan City,2022-09-18,23.9,35.7,72.5,1.0,24.3,233.5
III,Nueva Ecija,Cabanatuan City,2022-09-19,22.8,35.7,76.6,8.1,24.6,222.2
III,Nueva Ecija,Cabanatuan City,2022-09-20,23.2,35.0,77.7,2.8,24.6,216.6
III,Nueva Ecija,Cabanatuan City,2022-09-21,23.6,34.2,80.1,5.2,24.9,214.5
III,Nueva Ecija,Cabanatuan City,2022-09-22,24.1,34.4,78.8,6.0,25.0,208.8
III,Nueva Ecija,Cabanatuan City,2022-09-23,24.8,35.2,77.0,4.5,25.4,206.2
III,Nueva Ecija,Cabanatuan City,2022-09-24,23.6,35.0,77.7,3.1,24.8,223.3
III,Nueva Ecija,Cabanatuan City,2022-09-25,24.3,33.4,78.8,45.6,24.6,176.6
III,Nueva Ecija,Cabanatuan City,2022-09-26,25.4,34.5,75.1,0.0,25.0,213.9
III,Nueva Ecija,Cabanatuan City,2022-09-27,24.7,34.1,81.7,15.6,25.7,210.5
III,Nueva Ecija,Cabanatuan City,2022-09-28,24.0,36.1,81.0,6.8,26.2,207.5
III,Nueva Ecija,Cabanatuan City,2022-09-29,23.9,32.9,80.5,86.6,24.5,170.2
III,Nueva Ecija,Cabanatuan City,2022-09-30,23.0,34.4,80.7,8.9,24.8,211.3
III,Nueva Ecija,Cabanatuan City,2022-10-01,24.0,33.8,78.8,0.0,24.7,214.9
III,Nueva Ecija,Cabanatuan City,2022-10-02,24.1,33.6,80.7,11.4,25.0,200.7
III,Nueva Ecija,Cabanatuan City,2022-10-03,24.6,35.5,77.1,0.5,25.5,217.3
III,Nueva Ecija,Cabanatuan City,2022-10-04,22.8,34.4,77.2,1.0,24.0,218.7
III,Nueva Ecija,Cabanatuan City,2022-10-05,23.2,33.3,81.9,13.7,24.6,211.3
III,Nueva Ecija,Cabanatuan City,2022-10-06,24.4,35.2,77.4,0.0,25.3,209.0
III,Nueva Ecija,Cabanatuan City,2022-10-07,23.7,36.0,78.0,0.0,25.5,207.7
III,Nueva Ecija,Cabanatuan City,2022-10-08,23.9,34.4,82.5,16.9,,203.8
III,Nueva Ecija,Cabanatuan City,2022-10-09,23.8,34.0,77.6,0.0,,216.1
III,Nueva Ecija,Cabanatuan City,2022-10-10,21.8,32.4,81.2,0.0,,222.5
III,Nueva Ecija,Cabanatuan City,2022-10-11,21.5,32.6,81.5,1.5,,216.2
III,Nueva Ecija,Cabanatuan City,2022-10-12,21.6,33.7,81.6,3.6,24.0,203.3
III,Nueva Ecija,Cabanatuan City,2022-10-13,21.5,33.5,79.8,19.8,23.5,205.1
III,Nueva Ecija,Cabanatuan City,2022-10-14,23.4,34.9,81.1,1.2,25.4,219.6
III,Nueva Ecija,Cabanatuan City,2022-10-15,22.7,32.2,78.5,48.7,23.2,181.1
III,Nueva Ecija,Cabanatuan City,2022-10-16,23.2,33.1,76.9,0.0,23.5,227.6
III,Nueva Ecija,Cabanatuan City,2022-10-17,24.4,32.8,75.6,0.0,23.7,233.4
III,Nueva Ecija,Cabanatuan City,2022-10-18,25.4,31.8,81.9,13.0,25.0,224.7
III,Nueva Ecija,Cabanatuan City,2022-10-19,24.8,33.9,76.6,0.0,24.7,230.7
III,Nueva Ecija,Cabanatuan City,2022-10-20,23.3,33.5,80.6,4.6,24.5,209.6
III,Nueva Ecija,Cabanatuan City,2022-10-21,23.3,33.4,81.0,3.8,24.6,213.4
III,Nueva Ecija,Cabanatuan City,2022-10-22,23.5,34.0,80.4,9.3,24.8,211.5
III,Nueva Ecija,Cabanatuan City,2022-10-23,23.4,33.3,79.3,1.6,24.2,234.6
III,Nueva Ecija,Cabanatuan City,2022-10-24,23.1,34.9,79.9,5.5,25.0,
III,Nueva Ecija,Cabanatuan City,2022-10-25,24.1,34.4,75.9,0.0,24.4,
III,Nueva Ecija,Cabanatuan City,2022-10-26,24.2,35.0,77.8,0.6,25.2,
III,Nueva Ecija,Cabanatuan City,2022-10-27,24.4,34.4,82.6,1.5,25.9,216.8
III,Nueva Ecija,Cabanatuan City,2022-10-28,23.6,36.5,,0.0,25.8,227.8
III,Nueva Ecija,Cabanatuan City,2022-10-29,23.9,34.7,,0.0,24.9,210.5
III,Nueva Ecija,Cabanatuan City,2022-10-30,22.8,34.8,,7.2,25.0,207.1
III,Nueva Ecija,Cabanatuan City,2022-10-31,23.2,34.4,,19.5,24.6,206.7
III,Nueva Ecija,Cabanatuan City,2022-11-01,23.1,35.7,74.1,0.0,24.2,223.1
III,Nueva Ecija,Cabanatuan City,2022-11-02,22.3,34.9,74.3,0.0,23.5,225.3
III,Nueva Ecija,Cabanatuan City,2022-11-03,21.7,36.2,81.1,4.8,25.2,220.7
III,Nueva Ecija,Cabanatuan City,2022-11-04,22.8,36.1,74.7,0.0,24.4,222.9
III,Nueva Ecija,Cabanatuan City,2022-11-05,22.7,35.5,81.5,3.1,25.4,212.7
III,Nueva Ecija,Cabanatuan City,2022-11-06,23.3,35.9,75.0,0.0,24.6,230.6
III,Nueva Ecija,Cabanatuan City,2022-11-07,23.6,34.1,74.9,0.0,23.8,214.1
III,Nueva Ecija,Cabanatuan City,2022-11-08,23.4,33.9,75.7,0.0,23.8,220.4
III,Nueva Ecija,Cabanatuan City,2022-11-09,23.3,34.6,80.3,,25.0,185.2
III,Nueva Ecija,Cabanatuan City,2022-11-10,23.3,35.9,78.1,,25.2,242.6
III,Nueva Ecija,Cabanatuan City,2022-11-11,21.9,34.1,79.6,,23.9,197.2
III,Nueva Ecija,Cabanatuan City,2022-11-12,21.2,34.7,78.3,18.2,23.6,207.4
III,Nueva Ecija,Cabanatuan City,2022-11-13,20.9,35.5,79.8,4.3,24.2,201.0
III,Nueva Ecija,Cabanatuan City,2022-11-14,22.7,34.6,81.4,6.4,24.9,224.1
III,Nueva Ecija,Cabanatuan City,2022-11-15,23.8,35.1,75.7,0.0,24.6,221.2
III,Nueva Ecija,Cabanatuan City,2022-11-16,24.6,33.5,72.2,0.0,23.5,211.7
III,Nueva Ecija,Cabanatuan City,2022-11-17,24.1,34.4,77.7,0.0,24.8,216.8
III,Nueva Ecija,Cabanatuan City,2022-11-18,23.4,35.3,79.7,4.7,25.3,211.0
III,Nueva Ecija,Cabanatuan City,2022-11-19,23.4,34.9,77.4,10.6,24.6,215.3
III,Nueva Ecija,Cabanatuan City,2022-11-20,23.7,35.4,71.2,0.0,23.8,234.0
III,Nueva Ecija,Cabanatuan City,2022-11-21,23.8,34.3,69.0,0.0,22.8,209.7
III,Nueva Ecija,Cabanatuan City,2022-11-22,23.1,34.1,70.9,0.0,22.8,234.4
III,Nueva Ecija,Cabanatuan City,2022-11-23,22.0,33.5,72.7,0.5,22.3,219.4
III,Nueva Ecija,Cabanatuan City,2022-11-24,22.5,34.2,75.7,0.0,23.5,219.6
III,Nueva Ecija,Cabanatuan City,2022-11-25,22.4,34.8,73.0,0.0,23.2,217.3
III,Nueva Ecija,Cabanatuan City,2022-11-26,22.6,33.9,73.8,0.0,23.0,214.8
III,Nueva Ecija,Cabanatuan City,2022-11-27,23.7,33.6,73.7,5.0,23.4,210.4
III,Nueva Ecija,Cabanatuan City,2022-11-28,22.4,34.3,67.3,0.0,21.8,224.0
III,Nueva Ecija,Cabanatuan City,2022-11-29,22.3,32.6,72.9,7.1,22.0,
III,Nueva Ecija,Cabanatuan City,2022-11-30,22.9,34.6,72.3,0.0,23.2,
III,Nueva Ecija,Cabanatuan City,2022-12-01,22.9,35.0,69.9,0.0,22.9,
III,Nueva Ecija,Cabanatuan City,2022-12-02,22.6,34.8,79.4,6.5,24.6,
III,Nueva Ecija,Cabanatuan City,2022-12-03,21.7,34.6,80.3,1.8,24.2,
III,Nueva Ecija,Cabanatuan City,2022-12-04,22.2,34.4,77.1,1.4,23.7,233.4
III,Nueva Ecija,Cabanatuan City,2022-12-05,21.6,35.9,74.6,0.0,23.7,235.4
III,Nueva Ecija,Cabanatuan City,2022-12-06,21.9,34.3,70.3,0.0,22.2,222.8
III,Nueva Ecija,Cabanatuan City,2022-12-07,21.9,31.8,68.5,0.0,20.6,230.1
III,Nueva Ecija,Cabanatuan City,2022-12-08,21.8,34.0,73.4,0.0,22.6,209.5
III,Nueva Ecija,Cabanatuan City,2022-12-09,23.3,34.1,72.3,3.2,23.2,234.5
III,Nueva Ecija,Cabanatuan City,2022-12-10,22.7,33.2,74.5,3.4,22.8,221.6
III,Nueva Ecija,Cabanatuan City,2022-12-11,23.0,33.1,69.5,0.0,22.0,240.6
III,Nueva Ecija,Cabanatuan City,2022-12-12,23.1,32.5,74.5,3.4,22.7,225.7
III,Nueva Ecija,Cabanatuan City,2022-12-13,22.5,32.2,73.9,2.2,22.1,236.1
III,Nueva Ecija,Cabanatuan City,2022-12-14,23.4,33.0,70.9,0.0,22.4,230.6
III,Nueva Ecija,Cabanatuan City,2022-12-15,22.8,32.1,69.3,0.0,21.3,224.2
III,Nueva Ecija,Cabanatuan City,2022-12-16,22.2,33.0,71.3,0.0,21.9,240.6
III,Nueva Ecija,Cabanatuan City,2022-12-17,21.7,33.7,70.0,-1.5,21.7,232.0
III,Nueva Ecija,Cabanatuan City,2022-12-18,22.3,33.8,73.3,5.1,22.7,233.7
III,Nueva Ecija,Cabanatuan City,2022-12-19,23.0,33.8,71.5,0.0,22.7,240.0
III,Nueva Ecija,Cabanatuan City,2022-12-20,22.5,33.3,69.0,0.0,21.7,220.4
III,Nueva Ecija,Cabanatuan City,2022-12-21,22.5,,66.4,0.0,21.6,251.0
III,Nueva Ecija,Cabanatuan City,2022-12-22,23.1,,68.9,0.0,22.1,232.8
III,Nueva Ecija,Cabanatuan City,2022-12-23,22.2,,72.8,3.5,22.6,221.3
III,Nueva Ecija,Cabanatuan City,2022-12-24,21.7,34.5,68.9,0.0,21.9,225.2
III,Nueva Ecija,Cabanatuan City,2022-12-25,22.0,35.0,67.5,0.0,22.0,219.3
III,Nueva Ecija,Cabanatuan City,2022-12-26,23.1,33.8,67.4,0.0,21.9,232.6
III,Nueva Ecija,Cabanatuan City,2022-12-27,22.4,33.6,66.5,0.0,21.3,245.9
III,Nueva Ecija,Cabanatuan City,2022-12-28,22.2,31.7,69.2,0.0,20.8,229.8
III,Nueva Ecija,Cabanatuan City,2022-12-29,21.7,32.6,66.8,0.0,20.5,235.8
III,Nueva Ecija,Cabanatuan City,2022-12-30,21.0,32.5,65.5,0.0,19.8,226.0
III,Nueva Ecija,Cabanatuan City,2022-12-31,20.7,33.2,68.5,0.0,20.7,222.3
III,Nueva Ecija,Cabanatuan City,2023-01-01,22.0,31.5,69.9,0.0,20.7,236.4
III,Nueva Ecija,Cabanatuan City,2023-01-02,22.2,33.6,65.7,0.0,21.0,233.1
III,Nueva Ecija,Cabanatuan City,2023-01-03,22.4,32.4,66.0,0.0,20.6,239.2
III,Nueva Ecija,Cabanatuan City,2023-01-04,22.5,33.0,68.2,0.0,21.4,237.9
III,Nueva Ecija,Cabanatuan City,2023-01-05,21.4,33.7,68.0,0.0,21.2,233.5
III,Nueva Ecija,Cabanatuan City,2023-01-06,21.9,34.4,67.9,0.0,21.7,230.4
III,Nueva Ecija,Cabanatuan City,2023-01-07,21.8,34.4,65.0,0.0,21.1,238.4
III,Nueva Ecija,Cabanatuan City,2023-01-08,21.9,34.8,68.2,0.0,22.0,261.6
III,Nueva Ecija,Cabanatuan City,2023-01-09,22.1,34.5,67.2,0.0,21.7,229.0
III,Nueva Ecija,Cabanatuan City,2023-01-10,23.6,33.1,70.7,0.0,22.5,231.3
III,Nueva Ecija,Cabanatuan City,2023-01-11,24.2,32.4,65.4,0.0,21.4,241.3
III,Nueva Ecija,Cabanatuan City,2023-01-12,24.5,31.6,68.1,0.0,21.7,233.5
III,Nueva Ecija,Cabanatuan City,2023-01-13,23.9,32.5,69.0,0.0,22.0,252.7
III,Nueva Ecija,Cabanatuan City,2023-01-14,22.3,31.9,67.9,0.0,20.7,225.8
III,Nueva Ecija,Cabanatuan City,2023-01-15,21.1,32.4,65.9,0.0,19.9,236.9
III,Nueva Ecija,Cabanatuan City,2023-01-16,21.5,34.1,65.2,0.0,20.8,222.0
III,Nueva Ecija,Cabanatuan City,2023-01-17,21.9,35.4,66.5,0.0,22.0,238.5
III,Nueva Ecija,Cabanatuan City,2023-01-18,23.0,35.1,67.5,0.0,22.6,251.6
III,Nueva Ecija,Cabanatuan City,2023-01-19,22.8,33.1,66.1,0.0,21.2,237.1
III,Nueva Ecija,Cabanatuan City,2023-01-20,22.8,32.6,66.8,0.0,21.1,245.7
III,Nueva Ecija,Cabanatuan City,2023-01-21,22.6,33.4,66.5,0.0,21.3,240.6
III,Nueva Ecija,Cabanatuan City,2023-01-22,22.3,32.5,68.7,0.0,21.1,244.5
III,Nueva Ecija,Cabanatuan City,2023-01-23,21.7,33.6,69.9,2.9,21.6,231.8
III,Nueva Ecija,Cabanatuan City,2023-01-24,22.6,32.9,66.4,0.0,21.0,235.9
III,Nueva Ecija,Cabanatuan City,2023-01-25,22.8,32.0,74.4,4.6,22.3,239.6
III,Nueva Ecija,Cabanatuan City,2023-01-26,23.6,33.5,67.6,0.0,22.1,228.5
III,Nueva Ecija,Cabanatuan City,2023-01-27,23.3,33.6,73.4,7.3,23.1,225.6
III,Nueva Ecija,Cabanatuan City,2023-01-28,23.1,32.9,72.1,1.3,22.4,236.9
III,Nueva Ecija,Cabanatuan City,2023-01-29,21.9,33.5,69.4,0.0,21.6,240.4
III,Nueva Ecija,Cabanatuan City,2023-01-30,22.1,32.0,73.8,4.1,21.8,237.6
III,Nueva Ecija,Cabanatuan City,2023-01-31,22.7,31.1,70.5,0.0,21.0,238.5
III,Nueva Ecija,Cabanatuan City,2023-02-01,21.9,32.2,72.4,0.0,21.5,226.3
III,Nueva Ecija,Cabanatuan City,2023-02-02,22.5,32.0,69.1,0.0,21.1,222.5
III,Nueva Ecija,Cabanatuan City,2023-02-03,21.7,30.8,66.1,0.0,19.5,219.5
III,Nueva Ecija,Cabanatuan City,2023-02-04,21.6,30.1,65.2,0.0,18.9,235.3
III,Nueva Ecija,Cabanatuan City,2023-02-05,22.3,31.7,64.4,0.0,19.9,240.6
III,Nueva Ecija,Cabanatuan City,2023-02-06,21.0,32.4,65.7,0.0,19.8,240.0
III,Nueva Ecija,Cabanatuan City,2023-02-07,21.7,33.2,67.7,0.0,21.0,241.3
III,Nueva Ecija,Cabanatuan City,2023-02-08,22.3,31.6,68.6,0.0,20.7,238.7
III,Nueva Ecija,Cabanatuan City,2023-02-09,21.8,32.1,68.2,0.0,20.6,254.9
III,Nueva Ecija,Cabanatuan City,2023-02-10,23.5,32.3,68.8,0.0,21.7,241.6
III,Nueva Ecija,Cabanatuan City,2023-02-11,23.2,31.5,69.6,19.5,21.3,229.0
III,Nueva Ecija,Cabanatuan City,2023-02-12,23.3,31.2,66.9,4.4,20.6,230.1
III,Nueva Ecija,Cabanatuan City,2023-02-13,22.9,31.5,64.5,0.0,20.1,248.0
III,Nueva Ecija,Cabanatuan City,2023-02-14,22.6,31.6,64.3,0.0,20.0,235.7
III,Nueva Ecija,Cabanatuan City,2023-02-15,22.3,32.0,64.0,0.0,20.0,244.4
III,Nueva Ecija,Cabanatuan City,2023-02-16,21.4,31.8,66.8,0.0,20.0,234.0
III,Nueva Ecija,Cabanatuan City,2023-02-17,22.5,32.6,64.6,0.0,20.5,233.7
III,Nueva Ecija,Cabanatuan City,2023-02-18,22.9,33.4,64.1,0.0,21.0,252.2
III,Nueva Ecija,Cabanatuan City,2023-02-19,22.4,33.4,64.6,0.0,20.8,232.9
III,Nueva Ecija,Cabanatuan City,2023-02-20,21.9,33.8,63.9,0.0,20.6,243.3
III,Nueva Ecija,Cabanatuan City,2023-02-21,22.1,34.3,64.0,0.0,21.0,236.1
III,Nueva Ecija,Cabanatuan City,2023-02-22,21.7,34.7,63.5,0.0,20.9,231.1
III,Nueva Ecija,Cabanatuan City,2023-02-23,22.6,34.8,67.1,0.0,22.1,238.0
III,Nueva Ecija,Cabanatuan City,2023-02-24,22.7,33.7,64.2,0.0,21.0,239.7
III,Nueva Ecija,Cabanatuan City,2023-02-25,22.5,34.8,66.2,0.0,21.9,237.5
III,Nueva Ecija,Cabanatuan City,2023-02-26,22.2,34.2,67.9,0.0,21.8,255.5
III,Nueva Ecija,Cabanatuan City,2023-02-27,23.5,34.5,64.3,0.0,21.9,236.0
III,Nueva Ecija,Cabanatuan City,2023-02-28,22.9,33.4,64.6,0.0,21.1,234.5
III,Nueva Ecija,Cabanatuan City,2023-03-01,23.5,34.6,63.7,0.0,21.8,252.7
III,Nueva Ecija,Cabanatuan City,2023-03-02,23.6,34.3,67.4,0.0,22.4,229.7
III,Nueva Ecija,Cabanatuan City,2023-03-03,23.1,33.2,67.4,0.0,21.6,233.8
III,Nueva Ecija,Cabanatuan City,2023-03-04,23.7,33.1,66.3,0.0,21.7,232.7
III,Nueva Ecija,Cabanatuan City,2023-03-05,22.9,33.1,65.9,0.0,21.2,240.3
III,Nueva Ecija,Cabanatuan City,2023-03-06,22.5,30.8,67.0,0.0,20.0,236.2
III,Nueva Ecija,Cabanatuan City,2023-03-07,22.7,32.2,65.8,0.0,20.6,248.3
III,Nueva Ecija,Cabanatuan City,2023-03-08,23.1,34.2,70.5,0.0,22.8,235.5
III,Nueva Ecija,Cabanatuan City,2023-03-09,21.7,34.3,68.3,0.0,21.7,244.6
III,Nueva Ecija,Cabanatuan City,2023-03-10,21.9,34.5,69.0,0.0,22.0,232.6
III,Nueva Ecija,Cabanatuan City,2023-03-11,22.2,33.0,66.4,0.0,20.9,247.0
III,Nueva Ecija,Cabanatuan City,2023-03-12,22.4,33.2,67.6,0.0,21.3,237.3
III,Nueva Ecija,Cabanatuan City,2023-03-13,22.5,32.7,67.6,0.0,21.1,248.7
III,Nueva Ecija,Cabanatuan City,2023-03-14,22.0,32.2,66.2,0.0,20.3,217.9
III,Nueva Ecija,Cabanatuan City,2023-03-15,22.3,31.2,65.8,0.0,19.9,235.7
III,Nueva Ecija,Cabanatuan City,2023-03-16,21.3,31.6,62.8,0.0,19.0,243.1
III,Nueva Ecija,Cabanatuan City,2023-03-17,21.3,33.0,64.4,0.0,20.0,245.5
III,Nueva Ecija,Cabanatuan City,2023-03-18,21.9,32.3,67.3,0.0,20.6,251.2
III,Nueva Ecija,Cabanatuan City,2023-03-19,22.0,32.9,68.1,0.0,21.1,244.7
III,Nueva Ecija,Cabanatuan City,2023-03-20,22.6,33.4,64.1,0.0,20.8,238.0
III,Nueva Ecija,Cabanatuan City,2023-03-21,22.3,32.4,65.0,0.0,20.4,256.1
III,Nueva Ecija,Cabanatuan City,2023-03-22,22.5,33.4,64.6,0.0,20.9,225.1
III,Nueva Ecija,Cabanatuan City,2023-03-23,22.3,34.7,68.5,0.0,22.2,240.3
III,Nueva Ecija,Cabanatuan City,2023-03-24,22.0,35.9,68.8,0.0,22.7,250.2
III,Nueva Ecija,Cabanatuan City,2023-03-25,21.8,35.1,71.8,5.4,,216.4
III,Nueva Ecija,Cabanatuan City,2023-03-26,22.0,35.6,70.0,,,231.0
III,Nueva Ecija,Cabanatuan City,2023-03-27,22.5,34.4,66.8,,,246.5
III,Nueva Ecija,Cabanatuan City,2023-03-28,22.4,,67.6,,20.9,238.6
III,Nueva Ecija,Cabanatuan City,2023-03-29,22.0,,68.2,,21.0,251.6
III,Nueva Ecija,Cabanatuan City,2023-03-30,22.0,,66.1,0.0,20.9,233.8
III,Nueva Ecija,Cabanatuan City,2023-03-31,21.5,34.0,65.9,0.0,20.9,253.0
III,Nueva Ecija,Cabanatuan City,2023-04-01,22.2,34.7,67.3,0.3,21.9,242.5
III,Nueva Ecija,Cabanatuan City,2023-04-02,21.5,34.0,68.4,0.0,21.4,237.5
III,Nueva Ecija,Cabanatuan City,2023-04-03,22.2,32.1,70.2,0.0,21.2,240.4
III,Nueva Ecija,Cabanatuan City,2023-04-04,22.1,32.2,69.7,0.0,21.1,240.1
III,Nueva Ecija,Cabanatuan City,2023-04-05,21.0,31.2,67.6,0.0,19.6,237.2
III,Nueva Ecija,Cabanatuan City,2023-04-06,20.1,31.3,65.7,0.0,18.8,252.3
III,Nueva Ecija,Cabanatuan City,2023-04-07,21.3,31.0,69.0,0.0,20.0,238.4
III,Nueva Ecija,Cabanatuan City,2023-04-08,20.9,30.7,66.1,0.0,19.0,248.9
III,Nueva Ecija,Cabanatuan City,2023-04-09,21.6,30.7,66.3,0.0,19.4,234.0
III,Nueva Ecija,Cabanatuan City,2023-04-09,21.6,30.7,66.3,0.0,19.4,234.0
III,Nueva Ecija,Cabanatuan City,2023-04-10,20.6,30.3,66.2,0.0,18.7,235.3
III,Nueva Ecija,Cabanatuan City,2023-04-11,21.4,30.4,63.7,0.0,18.6,229.3
III,Nueva Ecija,Cabanatuan City,2023-04-12,21.1,32.1,59.7,0.0,18.5,242.6
III,Nueva Ecija,Cabanatuan City,2023-04-13,21.0,32.0,65.1,12.0,19.5,240.3
III,Nueva Ecija,Cabanatuan City,2023-04-14,21.9,32.8,62.1,0.0,19.8,237.4
III,Nueva Ecija,Cabanatuan City,2023-04-15,21.8,33.1,66.9,0.8,20.8,233.1
III,Nueva Ecija,Cabanatuan City,2023-04-16,22.2,33.3,68.6,0.0,21.5,238.6
III,Nueva Ecija,Cabanatuan City,2023-04-17,22.1,35.4,70.1,0.0,22.8,228.2
III,Nueva Ecija,Cabanatuan City,2023-04-18,21.4,33.8,74.7,0.0,22.5,233.5
III,Nueva Ecija,Cabanatuan City,2023-04-19,22.1,33.6,70.8,0.0,22.0,251.6
III,Nueva Ecija,Cabanatuan City,2023-04-20,21.8,30.2,72.7,24.6,20.5,208.9
III,Nueva Ecija,Cabanatuan City,2023-04-21,22.7,32.4,68.2,8.9,21.2,241.6
III,Nueva Ecija,Cabanatuan City,2023-04-22,22.6,30.8,70.0,7.8,20.7,230.9
III,Nueva Ecija,Cabanatuan City,2023-04-23,21.2,31.0,66.5,0.0,19.4,228.9
III,Nueva Ecija,Cabanatuan City,2023-04-24,21.8,31.6,67.5,4.5,20.2,240.2
III,Nueva Ecija,Cabanatuan City,2023-04-25,22.4,31.2,73.1,1.2,21.4,230.9
III,Nueva Ecija,Cabanatuan City,2023-04-26,22.1,33.1,65.7,0.0,20.7,230.2
III,Nueva Ecija,Cabanatuan City,2023-04-27,22.3,32.7,62.7,0.0,20.0,235.0
III,Nueva Ecija,Cabanatuan City,2023-04-28,23.3,32.6,62.9,0.0,20.5,227.9
III,Nueva Ecija,Cabanatuan City,2023-04-29,22.2,31.6,68.6,2.5,20.6,222.0
III,Nueva Ecija,Cabanatuan City,2023-04-30,22.8,33.0,66.2,0.0,21.1,225.9
III,Nueva Ecija,Cabanatuan City,2023-05-01,22.4,32.6,66.3,0.0,20.8,225.0
III,Nueva Ecija,Cabanatuan City,2023-05-02,22.4,33.5,66.0,0.0,21.2,238.6
III,Nueva Ecija,Cabanatuan City,2023-05-03,22.7,32.9,68.2,11.9,21.4,226.3
III,Nueva Ecija,Cabanatuan City,2023-05-04,23.6,33.0,69.8,0.0,22.3,236.2
III,Nueva Ecija,Cabanatuan City,2023-05-05,23.3,34.4,72.6,0.0,23.4,220.4
III,Nueva Ecija,Cabanatuan City,2023-05-06,24.1,34.2,69.5,0.0,23.1,237.4
III,Nueva Ecija,Cabanatuan City,2023-05-07,24.1,33.8,65.5,0.0,22.0,238.4
III,Nueva Ecija,Cabanatuan City,2023-05-08,24.1,33.4,64.2,0.0,21.6,242.6
III,Nueva Ecija,Cabanatuan City,2023-05-09,23.2,31.1,68.6,6.9,20.9,225.8
III,Nueva Ecija,Cabanatuan City,2023-05-10,23.6,31.0,64.6,0.0,20.2,247.5
III,Nueva Ecija,Cabanatuan City,2023-05-11,22.6,31.8,67.0,0.0,20.6,233.1
III,Nueva Ecija,Cabanatuan City,2023-05-12,22.6,33.3,73.7,4.3,22.7,219.3
III,Nueva Ecija,Cabanatuan City,2023-05-13,23.3,32.5,73.6,2.4,22.6,229.8
III,Nueva Ecija,Cabanatuan City,2023-05-14,23.4,33.1,69.5,0.0,22.2,229.0
III,Nueva Ecija,Cabanatuan City,2023-05-15,23.2,32.3,67.5,0.0,21.2,220.2
III,Nueva Ecija,Cabanatuan City,2023-05-16,22.3,33.8,68.8,0.0,21.8,230.9
III,Nueva Ecija,Cabanatuan City,2023-05-17,22.6,33.1,72.1,6.7,22.3,243.3
III,Nueva Ecija,Cabanatuan City,2023-05-18,22.4,33.2,70.4,0.0,,245.6
III,Nueva Ecija,Cabanatuan City,2023-05-19,23.0,34.4,74.3,0.0,,242.8
III,Nueva Ecija,Cabanatuan City,2023-05-20,22.7,33.4,72.6,0.0,,216.6
III,Nueva Ecija,Cabanatuan City,2023-05-21,23.6,33.2,72.9,0.0,,239.2
III,Nueva Ecija,Cabanatuan City,2023-05-22,22.4,34.5,74.3,0.0,,214.8
III,Nueva Ecija,Cabanatuan City,2023-05-23,23.0,33.1,78.3,5.8,23.7,215.0
III,Nueva Ecija,Cabanatuan City,2023-05-24,22.9,35.0,74.9,0.0,23.9,240.7
III,Nueva Ecija,Cabanatuan City,2023-05-25,22.9,35.2,77.2,2.0,24.5,226.5
III,Nueva Ecija,Cabanatuan City,2023-05-26,22.9,34.0,72.7,0.0,23.0,232.4
III,Nueva Ecija,Cabanatuan City,2023-05-27,23.0,34.4,71.6,0.0,23.0,229.3
III,Nueva Ecija,Cabanatuan City,2023-05-28,23.3,36.0,73.4,0.0,24.3,236.1
III,Nueva Ecija,Cabanatuan City,2023-05-29,23.4,34.0,70.6,0.0,22.8,228.8
III,Nueva Ecija,Cabanatuan City,2023-05-30,23.6,34.2,67.8,0.0,22.5,231.4
III,Nueva Ecija,Cabanatuan City,2023-05-31,23.5,33.4,67.7,1.0,22.0,230.0
III,Nueva Ecija,Cabanatuan City,2023-06-01,23.6,33.5,67.9,1.2,22.1,224.0
III,Nueva Ecija,Cabanatuan City,2023-06-02,23.7,35.2,63.8,0.0,22.2,228.2
III,Nueva Ecija,Cabanatuan City,2023-06-03,22.7,34.3,64.7,0.0,21.4,237.7
III,Nueva Ecija,Cabanatuan City,2023-06-04,22.7,33.9,69.7,3.2,22.2,220.6
III,Nueva Ecija,Cabanatuan City,2023-06-05,22.8,34.1,72.5,15.5,23.0,207.4
III,Nueva Ecija,Cabanatuan City,2023-06-06,22.7,34.5,70.4,0.0,22.7,231.5
III,Nueva Ecija,Cabanatuan City,2023-06-07,22.7,33.6,71.6,0.0,22.5,231.6
III,Nueva Ecija,Cabanatuan City,2023-06-08,23.4,33.0,71.3,8.3,22.5,218.4
III,Nueva Ecija,Cabanatuan City,2023-06-09,23.7,32.9,72.2,4.7,22.7,210.3
III,Nueva Ecija,Cabanatuan City,2023-06-10,24.3,34.4,73.4,3.0,24.0,225.9
III,Nueva Ecija,Cabanatuan City,2023-06-11,23.5,32.5,80.1,21.2,24.0,219.0
III,Nueva Ecija,Cabanatuan City,2023-06-12,23.2,34.2,77.5,4.6,24.2,231.5
III,Nueva Ecija,Cabanatuan City,2023-06-13,24.1,33.9,78.3,8.7,24.7,223.0
III,Nueva Ecija,Cabanatuan City,2023-06-14,24.1,35.0,72.7,0.0,24.1,228.6
III,Nueva Ecija,Cabanatuan City,2023-06-15,24.0,35.8,72.8,0.0,24.5,230.6
III,Nueva Ecija,Cabanatuan City,2023-06-16,24.5,35.3,74.2,7.1,24.7,221.0
III,Nueva Ecija,Cabanatuan City,2023-06-17,24.4,34.8,73.3,11.9,24.3,219.1
III,Nueva Ecija,Cabanatuan City,2023-06-18,24.8,32.3,76.8,23.9,23.9,197.4
III,Nueva Ecija,Cabanatuan City,2023-06-19,22.9,33.5,73.4,0.0,22.9,223.6
III,Nueva Ecija,Cabanatuan City,2023-06-20,22.4,35.3,74.1,0.0,23.7,201.5
III,Nueva Ecija,Cabanatuan City,2023-06-21,22.4,34.3,72.1,0.0,22.8,218.3
III,Nueva Ecija,Cabanatuan City,2023-06-22,22.1,34.1,77.0,2.1,23.5,211.6
III,Nueva Ecija,Cabanatuan City,2023-06-23,22.6,34.6,73.2,0.0,23.2,223.7
III,Nueva Ecija,Cabanatuan City,2023-06-24,23.1,35.6,69.2,0.0,23.2,220.6
III,Nueva Ecija,Cabanatuan City,2023-06-25,22.6,35.6,70.1,9.4,23.1,224.5
III,Nueva Ecija,Cabanatuan City,2023-06-26,22.5,36.0,68.2,0.0,22.9,210.8
III,Nueva Ecija,Cabanatuan City,2023-06-27,22.7,34.8,69.5,0.0,22.6,228.6
III,Nueva Ecija,Cabanatuan City,2023-06-28,23.2,35.2,68.5,0.7,22.9,224.9
III,Nueva Ecija,Cabanatuan City,2023-06-29,23.2,35.8,72.8,0.2,24.1,211.5
III,Nueva Ecija,Cabanatuan City,2023-06-30,21.6,33.1,76.0,76.4,22.6,162.2
III,Nueva Ecija,Cabanatuan City,2023-07-01,23.0,35.9,72.4,0.0,23.9,209.0
III,Nueva Ecija,Cabanatuan City,2023-07-02,22.4,37.4,76.4,3.4,25.2,216.1
III,Nueva Ecija,Cabanatuan City,2023-07-03,22.9,37.1,75.6,0.3,25.1,228.7
III,Nueva Ecija,Cabanatuan City,2023-07-04,22.7,35.9,80.7,20.9,25.4,188.3
III,Nueva Ecija,Cabanatuan City,2023-07-05,22.7,36.7,76.6,0.0,25.0,230.9
III,Nueva Ecija,Cabanatuan City,2023-07-06,22.1,35.1,78.0,0.0,24.2,220.5
III,Nueva Ecija,Cabanatuan City,2023-07-07,21.6,33.5,79.1,7.9,23.4,212.2
III,Nueva Ecija,Cabanatuan City,2023-07-08,22.0,32.7,77.2,12.6,22.8,209.3
III,Nueva Ecija,Cabanatuan City,2023-07-09,22.1,34.1,71.5,0.0,22.4,226.2
III,Nueva Ecija,Cabanatuan City,2023-07-10,22.9,33.8,74.4,3.7,23.2,205.4
III,Nueva Ecija,Cabanatuan City,2023-07-11,22.9,33.3,73.3,0.0,22.8,218.1
III,Nueva Ecija,Cabanatuan City,2023-07-12,23.3,34.0,80.1,11.9,24.7,216.6
III,Nueva Ecija,Cabanatuan City,2023-07-13,23.5,34.0,82.3,12.1,25.2,212.3
III,Nueva Ecija,Cabanatuan City,2023-07-14,22.8,33.4,82.0,3.9,24.5,206.9
III,Nueva Ecija,Cabanatuan City,2023-07-15,23.0,34.1,81.2,0.0,24.8,
III,Nueva Ecija,Cabanatuan City,2023-07-16,24.5,33.3,79.1,0.0,24.7,
III,Nueva Ecija,Cabanatuan City,2023-07-17,24.0,33.5,81.5,4.2,25.0,218.0
III,Nueva Ecija,Cabanatuan City,2023-07-18,24.1,32.1,80.2,125.6,24.1,155.7
III,Nueva Ecija,Cabanatuan City,2023-07-19,23.4,34.3,74.3,0.0,23.7,223.4
III,Nueva Ecija,Cabanatuan City,2023-07-20,22.7,34.2,75.7,0.0,23.6,237.5
III,Nueva Ecija,Cabanatuan City,2023-07-21,23.2,34.4,81.6,17.3,25.1,203.7
III,Nueva Ecija,Cabanatuan City,2023-07-22,23.6,36.8,77.2,0.0,25.6,219.8
III,Nueva Ecija,Cabanatuan City,2023-07-23,22.9,34.1,80.8,23.7,24.7,
III,Nueva Ecija,Cabanatuan City,2023-07-24,22.2,35.1,81.1,14.4,24.9,
III,Nueva Ecija,Cabanatuan City,2023-07-25,21.3,32.9,80.7,5.9,23.2,
III,Nueva Ecija,Cabanatuan City,2023-07-26,20.0,,75.2,27.5,21.5,
III,Nueva Ecija,Cabanatuan City,2023-07-27,21.4,,73.6,2.7,22.3,213.5
III,Nueva Ecija,Cabanatuan City,2023-07-28,22.1,34.2,70.4,0.0,22.2,231.1
III,Nueva Ecija,Cabanatuan City,2023-07-29,22.0,35.1,73.1,1.7,23.2,209.5
III,Nueva Ecija,Cabanatuan City,2023-07-30,21.4,33.2,74.6,24.4,22.2,185.3
III,Nueva Ecija,Cabanatuan City,2023-07-31,22.1,35.0,76.3,8.9,23.8,208.4
III,Nueva Ecija,Cabanatuan City,2023-08-01,23.1,34.2,79.0,5.7,,220.6
III,Nueva Ecija,Cabanatuan City,2023-08-02,22.8,35.2,72.4,0.0,,210.0
III,Nueva Ecija,Cabanatuan City,2023-08-03,23.3,33.8,78.1,9.5,,218.6
III,Nueva Ecija,Cabanatuan City,2023-08-04,23.9,36.1,78.7,0.0,,211.3
III,Nueva Ecija,Cabanatuan City,2023-08-05,23.6,35.1,80.7,3.7,25.5,201.5
III,Nueva Ecija,Cabanatuan City,2023-08-06,21.5,33.2,78.4,0.0,23.0,220.5
III,Nueva Ecija,Cabanatuan City,2023-08-07,22.2,32.6,77.5,0.0,22.9,222.8
III,Nueva Ecija,Cabanatuan City,2023-08-08,23.2,32.7,77.7,0.0,23.5,215.6
III,Nueva Ecija,Cabanatuan City,2023-08-09,22.8,32.5,83.6,7.1,24.4,212.1
III,Nueva Ecija,Cabanatuan City,2023-08-10,23.1,32.6,78.3,0.0,23.5,210.0
III,Nueva Ecija,Cabanatuan City,2023-08-11,23.2,34.0,77.9,0.0,24.2,221.4
III,Nueva Ecija,Cabanatuan City,2023-08-12,23.8,35.6,80.0,4.2,25.7,186.8
III,Nueva Ecija,Cabanatuan City,2023-08-13,24.5,35.8,74.7,0.0,25.1,210.2
III,Nueva Ecija,Cabanatuan City,2023-08-14,24.7,35.4,76.8,6.3,25.4,217.5
III,Nueva Ecija,Cabanatuan City,2023-08-15,24.4,35.8,77.3,12.0,25.6,207.7
III,Nueva Ecija,Cabanatuan City,2023-08-16,24.9,37.4,71.2,0.0,25.4,228.4
III,Nueva Ecija,Cabanatuan City,2023-08-17,23.5,38.0,72.5,0.0,25.2,207.2
III,Nueva Ecija,Cabanatuan City,2023-08-18,23.7,,77.4,10.5,26.2,204.6
III,Nueva Ecija,Cabanatuan City,2023-08-19,22.6,,79.4,11.4,25.6,215.0
III,Nueva Ecija,Cabanatuan City,2023-08-20,23.0,,77.1,,25.6,217.9
III,Nueva Ecija,Cabanatuan City,2023-08-21,23.7,,72.4,,24.5,208.6
III,Nueva Ecija,Cabanatuan City,2023-08-22,24.0,,74.4,,24.2,211.8
III,Nueva Ecija,Cabanatuan City,2023-08-23,22.6,34.8,73.4,,23.4,202.9
III,Nueva Ecija,Cabanatuan City,2023-08-24,23.2,34.5,77.0,1.8,24.2,224.5
III,Nueva Ecija,Cabanatuan City,2023-08-25,23.3,34.6,78.1,1.2,24.6,203.1
III,Nueva Ecija,Cabanatuan City,2023-08-26,23.7,33.0,81.6,24.4,24.7,189.6
III,Nueva Ecija,Cabanatuan City,2023-08-27,23.4,34.9,79.4,3.8,25.0,207.2
III,Nueva Ecija,Cabanatuan City,2023-08-28,23.4,33.9,78.3,16.0,24.3,203.8
III,Nueva Ecija,Cabanatuan City,2023-08-29,23.7,33.5,79.5,3.1,24.5,211.7
III,Nueva Ecija,Cabanatuan City,2023-08-30,23.9,34.2,76.2,1.6,24.3,225.1
III,Nueva Ecija,Cabanatuan City,2023-08-31,23.5,35.6,75.6,0.8,24.7,207.2
III,Nueva Ecija,Cabanatuan City,2023-09-01,24.3,34.7,74.3,0.0,24.4,207.7
III,Nueva Ecija,Cabanatuan City,2023-09-02,24.2,36.0,76.4,0.0,25.4,208.7
III,Nueva Ecija,Cabanatuan City,2023-09-03,22.6,34.7,77.2,20.2,24.1,202.1
III,Nueva Ecija,Cabanatuan City,2023-09-04,24.0,35.0,74.4,0.0,24.4,216.4
III,Nueva Ecija,Cabanatuan City,2023-09-05,23.7,34.0,78.5,6.7,24.6,210.9
III,Nueva Ecija,Cabanatuan City,2023-09-06,23.1,34.1,78.6,4.6,24.3,213.3
III,Nueva Ecija,Cabanatuan City,2023-09-07,22.7,36.0,79.2,0.0,25.2,205.2
III,Nueva Ecija,Cabanatuan City,2023-09-08,21.8,35.9,75.5,0.5,24.0,213.2
III,Nueva Ecija,Cabanatuan City,2023-09-09,21.4,36.3,80.3,3.7,24.9,221.8
III,Nueva Ecija,Cabanatuan City,2023-09-10,22.5,37.1,75.7,0.0,24.9,215.2
III,Nueva Ecija,Cabanatuan City,2023-09-11,22.2,35.4,78.8,0.0,24.6,208.6
III,Nueva Ecija,Cabanatuan City,2023-09-12,22.2,32.3,83.0,50.7,23.8,153.8
III,Nueva Ecija,Cabanatuan City,2023-09-13,24.5,34.3,79.2,4.2,25.2,225.0
III,Nueva Ecija,Cabanatuan City,2023-09-14,24.2,33.8,76.1,0.0,24.2,216.8
III,Nueva Ecija,Cabanatuan City,2023-09-15,24.0,34.1,73.8,0.0,23.8,217.4
III,Nueva Ecija,Cabanatuan City,2023-09-16,23.5,34.3,73.0,0.0,23.5,221.4
III,Nueva Ecija,Cabanatuan City,2023-09-17,23.6,33.5,72.5,0.0,23.0,215.3
III,Nueva Ecija,Cabanatuan City,2023-09-18,23.9,33.5,76.8,19.2,24.1,202.9
III,Nueva Ecija,Cabanatuan City,2023-09-19,24.9,34.7,80.3,8.6,25.9,212.7
III,Nueva Ecija,Cabanatuan City,2023-09-20,24.1,34.4,79.9,1.2,25.2,217.1
III,Nueva Ecija,Cabanatuan City,2023-09-21,24.2,34.5,74.0,0.0,24.2,206.3
III,Nueva Ecija,Cabanatuan City,2023-09-22,23.1,34.0,74.5,1.6,23.5,229.4
III,Nueva Ecija,Cabanatuan City,2023-09-23,22.5,33.3,76.7,0.0,23.2,210.7
III,Nueva Ecija,Cabanatuan City,2023-09-24,22.3,32.6,77.1,0.0,22.9,229.4
III,Nueva Ecija,Cabanatuan City,2023-09-25,21.9,31.8,76.6,6.0,22.2,211.9
III,Nueva Ecija,Cabanatuan City,2023-09-26,22.8,32.1,77.4,2.0,22.9,222.8
III,Nueva Ecija,Cabanatuan City,2023-09-27,21.5,32.2,75.4,15.1,21.9,199.1
III,Nueva Ecija,Cabanatuan City,2023-09-28,22.8,32.4,72.7,21.3,22.1,188.0
III,Nueva Ecija,Cabanatuan City,2023-09-29,23.3,34.3,73.3,3.3,23.5,198.1
III,Nueva Ecija,Cabanatuan City,2023-09-30,23.7,33.4,71.4,9.0,22.8,219.5
III,Nueva Ecija,Cabanatuan City,2023-10-01,24.1,33.2,67.6,0.0,22.2,212.1
III,Nueva Ecija,Cabanatuan City,2023-10-02,25.7,31.2,73.3,20.7,23.1,198.9
III,Nueva Ecija,Cabanatuan City,2023-10-03,26.5,,70.3,0.7,23.7,206.0
III,Nueva Ecija,Cabanatuan City,2023-10-04,26.0,,71.4,9.2,23.2,197.2
III,Nueva Ecija,Cabanatuan City,2023-10-05,25.0,,66.5,0.0,21.9,208.5
III,Nueva Ecija,Cabanatuan City,2023-10-06,24.6,,67.2,0.0,22.2,218.9
III,Nueva Ecija,Cabanatuan City,2023-10-07,24.0,32.6,74.1,7.4,23.1,214.1
III,Nueva Ecija,Cabanatuan City,2023-10-08,23.2,35.8,70.5,0.0,23.6,207.6
III,Nueva Ecija,Cabanatuan City,2023-10-09,22.3,36.1,70.6,0.0,23.3,208.8
III,Nueva Ecija,Cabanatuan City,2023-10-10,22.3,32.9,73.2,3.9,22.2,210.1
III,Nueva Ecija,Cabanatuan City,2023-10-11,22.9,32.2,71.2,0.0,21.8,220.5
III,Nueva Ecija,Cabanatuan City,2023-10-12,22.3,31.2,72.0,0.0,21.2,220.7
III,Nueva Ecija,Cabanatuan City,2023-10-13,22.6,30.5,70.5,0.0,20.6,208.6
III,Nueva Ecija,Cabanatuan City,2023-10-14,21.9,30.6,75.0,14.0,21.2,202.2
III,Nueva Ecija,Cabanatuan City,2023-10-15,21.9,29.9,78.7,39.3,21.6,170.1
III,Nueva Ecija,Cabanatuan City,2023-10-16,23.9,34.1,73.6,0.0,23.7,214.3
III,Nueva Ecija,Cabanatuan City,2023-10-17,23.3,35.0,77.6,0.0,24.7,216.2
III,Nueva Ecija,Cabanatuan City,2023-10-18,23.0,33.8,79.5,1.2,24.3,205.3
III,Nueva Ecija,Cabanatuan City,2023-10-19,23.6,34.5,78.7,3.0,24.8,221.3
III,Nueva Ecija,Cabanatuan City,2023-10-20,24.3,34.3,75.0,0.0,24.3,206.0
III,Nueva Ecija,Cabanatuan City,2023-10-21,24.1,33.3,73.6,0.0,23.4,210.7
III,Nueva Ecija,Cabanatuan City,2023-10-22,22.6,31.9,79.6,16.3,23.2,205.8
III,Nueva Ecija,Cabanatuan City,2023-10-23,24.1,32.5,80.8,7.5,24.5,219.7
III,Nueva Ecija,Cabanatuan City,2023-10-24,25.1,33.8,77.3,6.5,24.9,230.8
III,Nueva Ecija,Cabanatuan City,2023-10-25,24.7,33.8,75.1,0.0,24.3,226.5
III,Nueva Ecija,Cabanatuan City,2023-10-26,24.3,34.4,76.1,0.0,24.6,220.1
III,Nueva Ecija,Cabanatuan City,2023-10-27,23.8,33.8,75.8,0.0,24.0,216.9
III,Nueva Ecija,Cabanatuan City,2023-10-28,23.0,34.3,74.3,0.0,23.5,219.3
III,Nueva Ecija,Cabanatuan City,2023-10-29,23.1,,79.3,6.4,24.4,221.2
III,Nueva Ecija,Cabanatuan City,2023-10-30,21.9,,75.6,0.0,23.1,234.3
III,Nueva Ecija,Cabanatuan City,2023-10-31,21.9,,79.0,8.1,23.4,212.9
III,Nueva Ecija,Cabanatuan City,2023-11-01,21.9,,70.8,0.0,21.9,227.5
III,Nueva Ecija,Cabanatuan City,2023-11-02,21.3,,78.7,11.0,,204.6
III,Nueva Ecija,Cabanatuan City,2023-11-03,22.5,33.4,71.5,0.0,,218.3
III,Nueva Ecija,Cabanatuan City,2023-11-04,22.3,31.2,76.0,14.1,,228.3
III,Nueva Ecija,Cabanatuan City,2023-11-05,23.3,33.3,74.1,0.4,23.1,214.8
III,Nueva Ecija,Cabanatuan City,2023-11-06,24.4,33.5,74.4,0.0,23.8,227.5
III,Nueva Ecija,Cabanatuan City,2023-11-07,22.9,33.2,77.2,0.0,23.5,215.9
III,Nueva Ecija,Cabanatuan City,2023-11-08,22.9,32.8,76.6,0.0,23.2,230.4
III,Nueva Ecija,Cabanatuan City,2023-11-08,22.9,32.8,76.6,0.0,23.2,230.4
III,Nueva Ecija,Cabanatuan City,2023-11-09,23.1,35.6,79.9,2.3,25.3,212.0
III,Nueva Ecija,Cabanatuan City,2023-11-10,22.4,35.3,75.1,0.0,23.9,213.9
III,Nueva Ecija,Cabanatuan City,2023-11-11,22.8,34.2,78.3,14.9,24.2,205.0
III,Nueva Ecija,Cabanatuan City,2023-11-12,24.1,34.2,70.3,0.0,23.2,238.5
III,Nueva Ecija,Cabanatuan City,2023-11-13,22.2,34.1,70.3,0.0,22.2,224.3
III,Nueva Ecija,Cabanatuan City,2023-11-14,22.6,33.5,78.5,1.9,23.8,214.3
III,Nueva Ecija,Cabanatuan City,2023-11-15,22.0,34.1,73.8,0.0,22.8,230.8
III,Nueva Ecija,Cabanatuan City,2023-11-16,23.2,,74.1,0.0,23.5,221.8
III,Nueva Ecija,Cabanatuan City,2023-11-17,22.3,,72.6,21.3,23.0,196.3
III,Nueva Ecija,Cabanatuan City,2023-11-18,22.8,,67.6,0.0,22.4,222.8
III,Nueva Ecija,Cabanatuan City,2023-11-19,22.3,,75.6,12.2,23.5,203.8
III,Nueva Ecija,Cabanatuan City,2023-11-20,21.2,,75.0,1.9,22.6,226.2
III,Nueva Ecija,Cabanatuan City,2023-11-21,23.3,34.5,67.6,0.0,22.4,217.9
III,Nueva Ecija,Cabanatuan City,2023-11-22,24.0,32.2,73.2,18.9,22.7,203.3
III,Nueva Ecija,Cabanatuan City,2023-11-23,23.6,32.8,68.9,0.0,22.0,215.9
III,Nueva Ecija,Cabanatuan City,2023-11-24,23.4,33.0,70.3,0.0,22.3,222.9
III,Nueva Ecija,Cabanatuan City,2023-11-25,22.8,33.9,71.6,0.0,22.7,218.0
III,Nueva Ecija,Cabanatuan City,2023-11-26,22.8,34.8,72.2,0.0,23.2,232.5
III,Nueva Ecija,Cabanatuan City,2023-11-27,22.2,35.7,69.3,0.0,22.8,221.2
III,Nueva Ecija,Cabanatuan City,2023-11-28,22.2,34.3,68.5,0.0,22.0,227.6
III,Nueva Ecija,Cabanatuan City,2023-11-29,22.5,35.2,68.5,0.0,22.6,211.6
III,Nueva Ecija,Cabanatuan City,2023-11-30,22.0,33.9,75.1,11.4,23.0,220.0
III,Nueva Ecija,Cabanatuan City,2023-12-01,22.9,34.2,105.0,3.2,24.1,218.7
III,Nueva Ecija,Cabanatuan City,2023-12-02,22.7,34.5,74.3,0.0,23.5,240.2
III,Nueva Ecija,Cabanatuan City,2023-12-03,23.8,34.2,73.0,0.0,23.6,230.1
III,Nueva Ecija,Cabanatuan City,2023-12-04,23.9,34.9,77.1,2.2,24.8,225.2
III,Nueva Ecija,Cabanatuan City,2023-12-05,23.7,35.7,76.7,0.0,25.0,221.8
III,Nueva Ecija,Cabanatuan City,2023-12-06,23.7,34.8,77.3,0.0,24.7,227.0
III,Nueva Ecija,Cabanatuan City,2023-12-07,23.2,35.5,78.4,0.0,25.0,218.6
III,Nueva Ecija,Cabanatuan City,2023-12-08,23.1,34.6,80.3,11.6,24.9,217.9
III,Nueva Ecija,Cabanatuan City,2023-12-09,22.6,34.6,74.5,0.0,23.5,225.3
III,Nueva Ecija,Cabanatuan City,2023-12-10,23.2,32.9,74.9,8.8,23.0,222.9
III,Nueva Ecija,Cabanatuan City,2023-12-11,23.3,32.3,73.8,24.6,22.6,212.2
III,Nueva Ecija,Cabanatuan City,2023-12-12,23.7,31.8,75.7,16.2,22.9,208.3
III,Nueva Ecija,Cabanatuan City,2023-12-13,24.1,32.1,72.9,11.8,22.7,223.6
III,Nueva Ecija,Cabanatuan City,2023-12-14,23.0,32.8,64.0,0.0,20.7,228.7
III,Nueva Ecija,Cabanatuan City,2023-12-15,22.2,33.0,64.8,0.0,20.6,228.6
III,Nueva Ecija,Cabanatuan City,2023-12-16,22.7,31.3,62.8,0.0,19.6,229.6
III,Nueva Ecija,Cabanatuan City,2023-12-17,22.2,31.6,63.9,0.0,19.7,221.3
III,Nueva Ecija,Cabanatuan City,2023-12-18,22.6,31.7,65.3,0.0,20.2,229.0
III,Nueva Ecija,Cabanatuan City,2023-12-19,22.0,32.3,64.4,0.0,20.0,235.5
III,Nueva Ecija,Cabanatuan City,2023-12-20,21.8,,61.9,0.0,19.9,237.1
III,Nueva Ecija,Cabanatuan City,2023-12-21,21.6,,68.9,20.6,20.3,213.3
III,Nueva Ecija,Cabanatuan City,2023-12-22,22.9,31.3,63.2,0.0,19.7,217.4
III,Nueva Ecija,Cabanatuan City,2023-12-23,23.4,31.3,65.2,0.0,20.4,225.3
III,Nueva Ecija,Cabanatuan City,2023-12-24,23.4,31.8,70.1,0.9,21.6,221.6
III,Nueva Ecija,Cabanatuan City,2023-12-25,23.0,32.9,70.8,0.0,22.1,237.2
III,Nueva Ecija,Cabanatuan City,2023-12-26,22.4,34.1,68.2,0.0,21.9,226.2
III,Nueva Ecija,Cabanatuan City,2023-12-27,22.1,35.1,68.7,0.0,22.3,228.7
III,Nueva Ecija,Cabanatuan City,2023-12-28,21.3,33.3,73.6,25.0,22.0,211.4
III,Nueva Ecija,Cabanatuan City,2023-12-29,21.3,35.1,72.1,0.0,22.6,238.7
III,Nueva Ecija,Cabanatuan City,2023-12-30,21.1,34.3,76.1,1.1,22.9,229.4
III,Nueva Ecija,Cabanatuan City,2023-12-31,21.8,34.8,72.6,0.0,22.8,235.7
III,Nueva Ecija,Cabanatuan City,2024-01-01,21.2,33.7,73.1,10.8,22.1,229.7
III,Nueva Ecija,Cabanatuan City,2024-01-02,22.1,34.1,65.9,0.0,21.3,236.2
III,Nueva Ecija,Cabanatuan City,2024-01-03,21.5,33.8,68.1,0.0,21.3,233.4
III,Nueva Ecija,Cabanatuan City,2024-01-04,21.7,33.3,68.4,0.0,21.2,227.4
III,Nueva Ecija,Cabanatuan City,2024-01-05,20.9,33.9,63.8,0.0,20.2,228.8
III,Nueva Ecija,Cabanatuan City,2024-01-06,21.2,35.7,66.1,0.0,21.7,229.5
III,Nueva Ecija,Cabanatuan City,2024-01-07,23.3,34.0,66.9,0.0,22.0,253.4
III,Nueva Ecija,Cabanatuan City,2024-01-08,22.8,31.8,63.8,0.0,20.1,236.9
III,Nueva Ecija,Cabanatuan City,2024-01-09,23.2,32.1,63.9,0.0,20.4,217.9
III,Nueva Ecija,Cabanatuan City,2024-01-10,22.8,32.3,66.5,0.0,20.8,237.4
III,Nueva Ecija,Cabanatuan City,2024-01-11,22.6,33.4,63.8,0.0,20.8,233.7
III,Nueva Ecija,Cabanatuan City,2024-01-12,22.4,33.7,64.1,0.0,20.9,256.1
III,Nueva Ecija,Cabanatuan City,2024-01-13,21.6,33.7,69.7,0.0,21.6,239.4
III,Nueva Ecija,Cabanatuan City,2024-01-14,22.4,31.8,69.7,0.0,21.0,244.6
III,Nueva Ecija,Cabanatuan City,2024-01-15,22.5,32.3,73.7,2.1,22.1,233.8
III,Nueva Ecija,Cabanatuan City,2024-01-16,21.7,31.1,67.7,0.0,19.9,224.1
III,Nueva Ecija,Cabanatuan City,2024-01-17,22.1,30.8,66.1,0.0,19.7,239.8
III,Nueva Ecija,Cabanatuan City,2024-01-18,22.4,31.4,65.8,0.0,20.1,243.8
III,Nueva Ecija,Cabanatuan City,2024-01-19,22.3,31.8,67.1,0.0,20.5,234.7
III,Nueva Ecija,Cabanatuan City,2024-01-20,21.6,31.9,70.7,12.1,20.9,230.8
III,Nueva Ecija,Cabanatuan City,2024-01-21,20.8,32.0,66.5,0.0,19.7,244.4
III,Nueva Ecija,Cabanatuan City,2024-01-22,21.3,32.7,66.2,0.0,20.2,249.5
III,Nueva Ecija,Cabanatuan City,2024-01-23,21.6,31.5,66.5,0.0,19.8,229.2
III,Nueva Ecija,Cabanatuan City,2024-01-24,21.0,31.0,65.8,0.0,19.2,245.6
III,Nueva Ecija,Cabanatuan City,2024-01-25,20.9,30.9,68.0,0.0,19.5,225.9
III,Nueva Ecija,Cabanatuan City,2024-01-26,21.2,30.3,74.0,5.2,20.6,230.8
III,Nueva Ecija,Cabanatuan City,2024-01-27,22.1,30.1,69.6,0.0,20.0,241.9
III,Nueva Ecija,Cabanatuan City,2024-01-28,22.2,30.9,70.8,0.0,20.7,226.3
III,Nueva Ecija,Cabanatuan City,2024-01-29,20.8,29.5,74.7,9.5,20.1,229.4
III,Nueva Ecija,Cabanatuan City,2024-01-30,21.1,30.4,67.5,0.0,19.2,227.4
III,Nueva Ecija,Cabanatuan City,2024-01-31,21.8,32.0,74.4,2.8,21.8,235.4
III,Nueva Ecija,Cabanatuan City,2024-02-01,21.7,33.5,66.7,0.0,20.9,237.2
III,Nueva Ecija,Cabanatuan City,2024-02-02,21.6,32.8,67.2,0.0,20.6,238.7
III,Nueva Ecija,Cabanatuan City,2024-02-03,21.8,31.3,67.4,0.0,20.0,239.8
III,Nueva Ecija,Cabanatuan City,2024-02-04,22.4,31.2,67.2,0.0,20.2,234.7
III,Nueva Ecija,Cabanatuan City,2024-02-05,22.4,32.4,68.5,0.0,21.1,240.9
III,Nueva Ecija,Cabanatuan City,2024-02-06,22.6,34.5,65.8,0.0,21.7,238.8
III,Nueva Ecija,Cabanatuan City,2024-02-07,22.6,35.5,67.4,0.0,22.5,240.3
III,Nueva Ecija,Cabanatuan City,2024-02-08,22.0,35.4,67.6,0.0,22.2,247.5
III,Nueva Ecija,Cabanatuan City,2024-02-09,22.8,34.6,68.2,0.0,22.3,246.0
III,Nueva Ecija,Cabanatuan City,2024-02-10,22.6,33.2,66.7,0.0,21.2,245.0
III,Nueva Ecija,Cabanatuan City,2024-02-11,21.6,31.9,71.8,4.4,21.1,235.0
III,Nueva Ecija,Cabanatuan City,2024-02-12,23.0,,67.2,0.0,21.1,241.7
III,Nueva Ecija,Cabanatuan City,2024-02-13,23.1,,65.8,0.0,20.7,246.1
III,Nueva Ecija,Cabanatuan City,2024-02-14,22.2,,62.6,0.0,19.8,231.8
III,Nueva Ecija,Cabanatuan City,2024-02-15,21.1,32.4,61.9,0.0,19.1,224.3
III,Nueva Ecija,Cabanatuan City,2024-02-16,21.9,31.9,66.0,0.0,20.1,225.4
III,Nueva Ecija,Cabanatuan City,2024-02-17,22.1,32.5,68.9,0.0,21.1,251.1
III,Nueva Ecija,Cabanatuan City,2024-02-18,21.8,33.1,68.7,0.0,21.2,234.2
III,Nueva Ecija,Cabanatuan City,2024-02-19,22.2,31.9,73.8,5.9,21.8,239.5
III,Nueva Ecija,Cabanatuan City,2024-02-20,22.5,31.3,70.5,0.0,21.0,246.9
III,Nueva Ecija,Cabanatuan City,2024-02-21,23.5,32.1,65.6,0.0,20.9,244.3
III,Nueva Ecija,Cabanatuan City,2024-02-22,24.0,30.7,63.7,0.0,20.1,241.4
III,Nueva Ecija,Cabanatuan City,2024-02-23,23.5,31.6,63.6,0.0,20.3,242.2
III,Nueva Ecija,Cabanatuan City,2024-02-24,23.1,32.4,63.9,0.0,20.5,237.0
III,Nueva Ecija,Cabanatuan City,2024-02-25,22.8,33.3,65.1,0.0,21.1,248.5
III,Nueva Ecija,Cabanatuan City,2024-02-26,22.5,35.0,70.3,1.8,22.8,242.6
III,Nueva Ecija,Cabanatuan City,2024-02-27,22.9,33.4,67.6,0.0,21.7,239.2
III,Nueva Ecija,Cabanatuan City,2024-02-28,23.0,32.5,63.7,0.0,20.5,243.0
III,Nueva Ecija,Cabanatuan City,2024-02-29,23.4,33.1,64.2,0.0,21.1,236.8
III,Nueva Ecija,Cabanatuan City,2024-03-01,23.2,33.9,66.2,0.0,21.8,239.3
III,Nueva Ecija,Cabanatuan City,2024-03-02,22.0,33.7,66.9,0.0,21.2,231.5
III,Nueva Ecija,Cabanatuan City,2024-03-03,23.3,35.1,68.7,0.0,22.9,239.8
III,Nueva Ecija,Cabanatuan City,2024-03-04,23.2,33.9,68.1,0.0,22.2,243.2
III,Nueva Ecija,Cabanatuan City,2024-03-05,23.0,33.2,67.2,0.0,21.5,234.9
III,Nueva Ecija,Cabanatuan City,2024-03-06,22.5,34.1,69.0,0.0,22.1,248.3
III,Nueva Ecija,Cabanatuan City,2024-03-07,21.9,33.7,68.2,0.0,21.4,230.3
III,Nueva Ecija,Cabanatuan City,2024-03-08,22.1,33.0,66.2,0.0,20.8,242.3
III,Nueva Ecija,Cabanatuan City,2024-03-09,21.7,33.7,67.5,0.0,21.2,238.6
III,Nueva Ecija,Cabanatuan City,2024-03-10,,34.4,66.6,0.0,21.6,238.2
III,Nueva Ecija,Cabanatuan City,2024-03-11,,34.4,71.9,2.0,22.2,238.3
III,Nueva Ecija,Cabanatuan City,2024-03-12,,34.5,70.0,0.0,21.8,242.1
III,Nueva Ecija,Cabanatuan City,2024-03-13,,32.5,66.5,0.0,20.4,245.0
III,Nueva Ecija,Cabanatuan City,2024-03-14,,32.6,66.8,0.0,20.6,237.1
III,Nueva Ecija,Cabanatuan City,2024-03-15,22.6,32.7,66.8,0.0,21.0,239.5
III,Nueva Ecija,Cabanatuan City,2024-03-16,22.9,32.3,64.2,0.0,20.4,238.7
III,Nueva Ecija,Cabanatuan City,2024-03-17,22.2,32.4,66.6,0.0,20.6,228.1
III,Nueva Ecija,Cabanatuan City,2024-03-18,22.2,32.4,66.8,0.0,20.7,225.7
III,Nueva Ecija,Cabanatuan City,2024-03-19,21.4,32.1,65.9,0.0,19.9,238.5
III,Nueva Ecija,Cabanatuan City,2024-03-20,21.4,31.3,61.8,0.0,18.7,235.5
III,Nueva Ecija,Cabanatuan City,2024-03-21,22.4,31.2,61.0,0.0,19.0,231.9
III,Nueva Ecija,Cabanatuan City,2024-03-22,22.8,32.1,65.4,0.0,20.5,250.8
III,Nueva Ecija,Cabanatuan City,2024-03-23,22.6,32.5,65.5,0.0,20.6,227.4
III,Nueva Ecija,Cabanatuan City,2024-03-24,22.9,33.9,64.7,0.0,21.3,236.3
III,Nueva Ecija,Cabanatuan City,2024-03-25,21.6,33.8,66.6,0.0,21.0,243.1
III,Nueva Ecija,Cabanatuan City,2024-03-26,22.6,33.9,69.4,0.0,22.1,236.2
III,Nueva Ecija,Cabanatuan City,2024-03-27,21.5,33.2,72.7,0.0,21.9,240.5
III,Nueva Ecija,Cabanatuan City,2024-03-28,,34.7,71.6,0.0,22.5,240.1
III,Nueva Ecija,Cabanatuan City,2024-03-29,,33.8,72.2,0.0,22.4,241.1
III,Nueva Ecija,Cabanatuan City,2024-03-30,,33.1,76.6,8.6,22.9,225.5
III,Nueva Ecija,Cabanatuan City,2024-03-31,21.7,34.8,71.2,0.0,22.5,232.5
III,Nueva Ecija,Cabanatuan City,2024-04-01,21.5,33.4,72.2,11.1,21.9,237.0
III,Nueva Ecija,Cabanatuan City,2024-04-02,21.4,33.1,68.3,0.0,20.9,236.4
III,Nueva Ecija,Cabanatuan City,2024-04-03,21.6,33.5,69.5,0.0,21.5,250.2
III,Nueva Ecija,Cabanatuan City,2024-04-04,21.3,34.1,68.1,0.0,21.3,252.6
III,Nueva Ecija,Cabanatuan City,2024-04-05,22.7,31.6,65.4,0.0,20.2,221.7
III,Nueva Ecija,Cabanatuan City,2024-04-06,22.2,32.5,65.6,0.0,20.5,263.1
III,Nueva Ecija,Cabanatuan City,2024-04-07,22.8,33.0,66.1,0.0,21.1,232.3
III,Nueva Ecija,Cabanatuan City,2024-04-08,22.7,33.3,66.6,0.0,21.3,247.7
III,Nueva Ecija,Cabanatuan City,2024-04-09,21.9,32.7,71.4,13.2,21.6,230.7
III,Nueva Ecija,Cabanatuan City,2024-04-10,22.4,34.3,68.9,0.0,22.1,247.5
III,Nueva Ecija,Cabanatuan City,2024-04-11,22.5,33.6,70.6,8.5,22.2,230.6
III,Nueva Ecija,Cabanatuan City,2024-04-12,22.1,33.2,67.2,0.0,21.1,244.5
III,Nueva Ecija,Cabanatuan City,2024-04-13,21.5,32.5,70.5,1.6,21.1,237.6
III,Nueva Ecija,Cabanatuan City,2024-04-14,21.9,32.2,66.6,0.0,20.4,242.3
III,Nueva Ecija,Cabanatuan City,2024-04-15,21.9,33.8,65.9,0.6,21.0,240.3
III,Nueva Ecija,Cabanatuan City,2024-04-16,21.7,32.8,67.7,0.0,20.8,232.5
III,Nueva Ecija,Cabanatuan City,2024-04-17,20.5,32.1,63.3,0.0,19.0,231.7
III,Nueva Ecija,Cabanatuan City,2024-04-18,20.8,32.5,67.0,2.4,20.0,242.1
III,Nueva Ecija,Cabanatuan City,2024-04-19,20.6,31.5,69.8,,20.0,221.8
III,Nueva Ecija,Cabanatuan City,2024-04-20,21.9,32.5,65.7,,20.3,235.6
III,Nueva Ecija,Cabanatuan City,2024-04-21,22.6,31.8,68.2,,20.8,233.3
III,Nueva Ecija,Cabanatuan City,2024-04-22,22.1,33.5,70.4,17.0,21.9,207.8
III,Nueva Ecija,Cabanatuan City,2024-04-23,22.3,35.3,66.4,0.0,22.1,233.9
III,Nueva Ecija,Cabanatuan City,2024-04-24,21.2,34.4,72.1,0.0,22.2,234.7
III,Nueva Ecija,Cabanatuan City,2024-04-25,20.5,32.5,72.2,0.0,20.9,231.9
III,Nueva Ecija,Cabanatuan City,2024-04-26,20.6,33.9,73.6,0.0,22.0,246.5
III,Nueva Ecija,Cabanatuan City,2024-04-27,34.7578627882889,34.2,74.0,0.0,22.3,232.0
III,Nueva Ecija,Cabanatuan City,2024-04-28,21.3,32.5,74.6,0.0,21.8,215.0
III,Nueva Ecija,Cabanatuan City,2024-04-29,22.3,31.7,72.1,0.0,21.4,241.4
III,Nueva Ecija,Cabanatuan City,2024-04-30,22.2,30.7,69.0,0.0,20.2,237.7
III,Nueva Ecija,Cabanatuan City,2024-05-01,22.9,32.3,69.0,0.0,21.4,229.1
III,Nueva Ecija,Cabanatuan City,2024-05-02,21.1,32.5,66.9,0.0,20.2,236.2
III,Nueva Ecija,Cabanatuan City,2024-05-03,21.1,33.4,65.3,0.0,20.3,220.4
III,Nueva Ecija,Cabanatuan City,2024-05-04,20.9,32.3,63.2,0.0,19.2,245.5
III,Nueva Ecija,Cabanatuan City,2024-05-05,20.8,33.2,69.5,7.8,20.9,204.9
III,Nueva Ecija,Cabanatuan City,2024-05-06,21.7,31.5,65.9,0.0,19.8,233.6
III,Nueva Ecija,Cabanatuan City,2024-05-07,22.5,31.5,67.0,0.0,20.4,224.7
III,Nueva Ecija,Cabanatuan City,2024-05-08,22.4,32.1,70.1,9.8,21.3,218.5
III,Nueva Ecija,Cabanatuan City,2024-05-09,22.2,31.9,69.1,0.0,20.9,234.0
III,Nueva Ecija,Cabanatuan City,2024-05-10,22.2,31.7,79.1,5.2,22.8,222.7
III,Nueva Ecija,Cabanatuan City,2024-05-11,22.7,32.3,77.9,6.8,23.1,222.5
III,Nueva Ecija,Cabanatuan City,2024-05-12,24.3,31.2,74.4,0.0,22.6,234.5
III,Nueva Ecija,Cabanatuan City,2024-05-13,23.0,32.7,72.3,0.0,22.3,225.4
III,Nueva Ecija,Cabanatuan City,2024-05-14,23.7,32.6,69.4,0.0,22.0,219.3
III,Nueva Ecija,Cabanatuan City,2024-05-15,23.8,33.6,70.2,0.0,22.7,219.4
III,Nueva Ecija,Cabanatuan City,2024-05-16,23.3,34.4,73.4,6.0,23.5,209.5
III,Nueva Ecija,Cabanatuan City,2024-05-17,23.1,35.7,73.2,0.0,24.0,237.5
III,Nueva Ecija,Cabanatuan City,2024-05-18,22.7,35.4,71.7,0.0,23.4,238.9
III,Nueva Ecija,Cabanatuan City,2024-05-19,22.9,33.1,71.6,0.0,22.3,221.1
III,Nueva Ecija,Cabanatuan City,2024-05-20,24.2,33.9,75.2,0.0,24.1,229.4
III,Nueva Ecija,Cabanatuan City,2024-05-21,23.4,33.0,72.9,0.0,,237.0
III,Nueva Ecija,Cabanatuan City,2024-05-22,21.9,32.9,75.9,16.1,,230.4
III,Nueva Ecija,Cabanatuan City,2024-05-23,21.1,33.3,73.6,0.0,,215.4
III,Nueva Ecija,Cabanatuan City,2024-05-24,21.0,32.5,72.0,0.0,21.2,229.7
III,Nueva Ecija,Cabanatuan City,2024-05-25,21.8,33.6,74.2,5.8,22.5,233.9
III,Nueva Ecija,Cabanatuan City,2024-05-26,20.9,34.2,72.8,22.8,22.1,210.6
III,Nueva Ecija,Cabanatuan City,2024-05-27,21.2,35.4,68.0,0.0,21.9,223.2
III,Nueva Ecija,Cabanatuan City,2024-05-28,20.7,36.4,68.4,0.0,22.2,224.2
III,Nueva Ecija,Cabanatuan City,2024-05-29,20.7,35.2,69.0,6.0,21.8,223.9
III,Nueva Ecija,Cabanatuan City,2024-05-30,20.9,35.3,70.5,9.1,22.2,232.7
III,Nueva Ecija,Cabanatuan City,2024-05-31,22.1,36.3,76.9,2.1,24.6,217.9
III,Nueva Ecija,Cabanatuan City,2024-06-01,22.6,36.5,74.5,0.0,24.5,245.8
III,Nueva Ecija,Cabanatuan City,2024-06-02,22.5,35.4,78.9,3.7,24.7,229.2
III,Nueva Ecija,Cabanatuan City,2024-06-03,22.9,33.9,73.2,0.0,23.0,225.5
III,Nueva Ecija,Cabanatuan City,2024-06-04,23.2,33.5,73.8,0.5,23.1,229.0
III,Nueva Ecija,Cabanatuan City,2024-06-05,24.4,35.4,73.3,0.0,24.6,228.1
III,Nueva Ecija,Cabanatuan City,2024-06-06,22.4,33.5,79.3,86.6,23.8,188.4
III,Nueva Ecija,Cabanatuan City,2024-06-07,23.5,34.7,82.3,6.5,25.6,221.1
III,Nueva Ecija,Cabanatuan City,2024-06-08,24.2,32.6,78.3,11.7,24.1,205.8
III,Nueva Ecija,Cabanatuan City,2024-06-09,23.6,34.4,74.7,0.0,23.9,239.9
III,Nueva Ecija,Cabanatuan City,2024-06-10,22.5,34.2,74.9,0.0,23.3,224.5
III,Nueva Ecija,Cabanatuan City,2024-06-11,22.4,34.2,70.9,0.0,22.5,223.1
III,Nueva Ecija,Cabanatuan City,2024-06-12,22.1,34.0,76.4,2.3,23.3,228.6
III,Nueva Ecija,Cabanatuan City,2024-06-13,22.4,34.9,72.4,0.0,23.1,218.3
III,Nueva Ecija,Cabanatuan City,2024-06-14,24.0,34.0,70.3,0.0,23.1,232.8
III,Nueva Ecija,Cabanatuan City,2024-06-15,24.7,34.2,73.3,9.4,24.1,225.0
III,Nueva Ecija,Cabanatuan City,2024-06-16,23.8,33.1,72.4,2.5,22.9,242.9
III,Nueva Ecija,Cabanatuan City,2024-06-17,22.6,33.7,76.9,7.2,23.5,204.9
III,Nueva Ecija,Cabanatuan City,2024-06-18,22.9,34.4,73.1,0.0,23.3,214.5
III,Nueva Ecija,Cabanatuan City,2024-06-19,23.2,35.3,74.7,0.0,24.2,226.8
III,Nueva Ecija,Cabanatuan City,2024-06-20,22.7,34.8,82.4,20.2,25.2,211.4
III,Nueva Ecija,Cabanatuan City,2024-06-21,21.0,34.3,79.4,13.3,23.5,210.0
III,Nueva Ecija,Cabanatuan City,2024-06-22,21.4,36.2,72.7,0.0,23.3,199.4
III,Nueva Ecija,Cabanatuan City,2024-06-23,22.2,37.1,74.4,0.1,24.5,221.8
III,Nueva Ecija,Cabanatuan City,2024-06-24,23.1,35.0,73.0,0.0,23.6,211.8
III,Nueva Ecija,Cabanatuan City,2024-06-25,23.0,35.4,72.2,0.0,23.6,206.8
III,Nueva Ecija,Cabanatuan City,2024-06-26,21.9,36.1,78.7,14.6,24.7,198.4
III,Nueva Ecija,Cabanatuan City,2024-06-27,23.1,33.4,77.6,13.5,23.8,215.9
III,Nueva Ecija,Cabanatuan City,2024-06-28,23.0,34.7,79.1,0.0,24.7,223.4
III,Nueva Ecija,Cabanatuan City,2024-06-29,23.5,34.8,78.2,10.2,24.8,210.2
III,Nueva Ecija,Cabanatuan City,2024-06-30,24.1,34.2,79.7,3.5,25.1,225.2
III,Nueva Ecija,Cabanatuan City,2024-07-01,25.0,33.4,79.4,5.6,25.1,217.9
III,Nueva Ecija,Cabanatuan City,2024-07-02,24.9,33.3,79.0,2.4,24.9,220.4
III,Nueva Ecija,Cabanatuan City,2024-07-03,24.4,33.2,78.1,6.1,24.4,221.5
III,Nueva Ecija,Cabanatuan City,2024-07-04,24.2,34.8,75.5,0.0,24.6,211.3
III,Nueva Ecija,Cabanatuan City,2024-07-05,24.5,35.8,77.8,0.0,25.7,213.2
III,Nueva Ecija,Cabanatuan City,2024-07-06,24.0,34.1,75.2,0.0,24.1,217.5
III,Nueva Ecija,Cabanatuan City,2024-07-07,23.2,34.1,68.4,0.0,22.3,221.5
III,Nueva Ecija,Cabanatuan City,2024-07-08,22.4,31.5,71.9,269.5,21.3,155.7
III,Nueva Ecija,Cabanatuan City,2024-07-09,22.8,32.1,75.5,15.1,22.6,205.5
III,Nueva Ecija,Cabanatuan City,2024-07-10,23.5,32.8,78.7,1.3,23.9,219.0
III,Nueva Ecija,Cabanatuan City,2024-07-11,23.0,32.1,79.6,12.4,23.5,217.1
III,Nueva Ecija,Cabanatuan City,2024-07-12,22.9,32.4,77.4,13.1,23.1,204.6
III,Nueva Ecija,Cabanatuan City,2024-07-13,24.1,33.1,73.4,2.9,23.3,218.0
III,Nueva Ecija,Cabanatuan City,2024-07-14,22.9,32.4,76.2,29.5,22.9,191.5
III,Nueva Ecija,Cabanatuan City,2024-07-15,23.5,33.1,76.6,2.8,23.6,216.6
III,Nueva Ecija,Cabanatuan City,2024-07-16,34.92729053093588,33.8,69.4,0.0,22.8,226.8
III,Nueva Ecija,Cabanatuan City,2024-07-17,25.5,33.8,74.1,0.0,24.5,212.4
III,Nueva Ecija,Cabanatuan City,2024-07-18,25.1,34.1,77.8,15.1,25.2,209.4
III,Nueva Ecija,Cabanatuan City,2024-07-19,25.7,34.3,74.1,0.0,24.8,227.3
III,Nueva Ecija,Cabanatuan City,2024-07-20,24.2,31.6,80.2,39.3,23.9,178.3
III,Nueva Ecija,Cabanatuan City,2024-07-21,22.8,32.6,76.7,38.1,23.0,188.9
III,Nueva Ecija,Cabanatuan City,2024-07-22,23.8,34.5,76.2,4.6,24.4,219.4
III,Nueva Ecija,Cabanatuan City,2024-07-23,23.0,34.3,79.3,23.9,24.5,192.2
III,Nueva Ecija,Cabanatuan City,2024-07-24,24.2,34.3,78.5,0.0,25.0,223.6
III,Nueva Ecija,Cabanatuan City,2024-07-25,24.2,33.5,77.6,0.0,24.4,214.8
III,Nueva Ecija,Cabanatuan City,2024-07-26,23.3,33.3,80.3,6.8,24.4,216.4
III,Nueva Ecija,Cabanatuan City,2024-07-27,22.5,32.8,79.6,15.1,23.6,191.9
III,Nueva Ecija,Cabanatuan City,2024-07-28,23.4,32.4,79.1,12.5,23.7,190.4
III,Nueva Ecija,Cabanatuan City,2024-07-29,23.3,33.4,79.8,1.9,24.3,220.8
III,Nueva Ecija,Cabanatuan City,2024-07-30,23.3,33.9,77.1,5.7,24.0,204.5
III,Nueva Ecija,Cabanatuan City,2024-07-31,23.3,32.5,70.5,0.0,22.0,207.2
III,Nueva Ecija,Cabanatuan City,2024-08-01,23.5,32.0,76.9,7.6,23.1,225.1
III,Nueva Ecija,Cabanatuan City,2024-08-02,22.5,32.6,71.1,0.0,21.8,234.8
III,Nueva Ecija,Cabanatuan City,2024-08-03,22.7,32.7,75.1,10.1,22.7,212.3
III,Nueva Ecija,Cabanatuan City,2024-08-04,22.1,33.1,72.2,0.0,22.0,210.2
III,Nueva Ecija,Cabanatuan City,2024-08-05,22.7,33.7,72.9,0.0,22.8,229.6
III,Nueva Ecija,Cabanatuan City,2024-08-06,23.0,34.6,74.8,0.0,23.8,208.6
III,Nueva Ecija,Cabanatuan City,2024-08-07,22.8,33.6,81.5,11.8,24.5,217.8
III,Nueva Ecija,Cabanatuan City,2024-08-08,23.2,35.1,74.8,,24.1,236.6
III,Nueva Ecija,Cabanatuan City,2024-08-09,23.1,34.9,73.2,,23.6,204.9
III,Nueva Ecija,Cabanatuan City,2024-08-10,22.6,31.9,,,23.0,213.4
III,Nueva Ecija,Cabanatuan City,2024-08-11,22.7,31.7,,9.4,23.0,213.4
III,Nueva Ecija,Cabanatuan City,2024-08-12,22.4,33.1,,0.0,23.0,226.9
III,Nueva Ecija,Cabanatuan City,2024-08-13,22.6,34.6,,2.9,24.4,219.4
III,Nueva Ecija,Cabanatuan City,2024-08-14,22.6,35.4,,0.0,24.8,213.6
III,Nueva Ecija,Cabanatuan City,2024-08-15,22.9,36.2,84.0,6.9,26.4,208.9
III,Nueva Ecija,Cabanatuan City,2024-08-16,23.4,36.9,83.8,17.7,,193.4
III,Nueva Ecija,Cabanatuan City,2024-08-17,24.0,37.2,79.6,0.0,,223.3
III,Nueva Ecija,Cabanatuan City,2024-08-18,24.1,36.9,79.3,1.5,,207.5
III,Nueva Ecija,Cabanatuan City,2024-08-19,24.6,36.1,74.6,0.0,,213.6
III,Nueva Ecija,Cabanatuan City,2024-08-20,24.1,34.6,79.6,3.1,,
III,Nueva Ecija,Cabanatuan City,2024-08-21,25.3,35.4,72.9,0.0,24.9,
III,Nueva Ecija,Cabanatuan City,2024-08-22,24.8,34.8,75.6,0.0,24.9,
III,Nueva Ecija,Cabanatuan City,2024-08-23,23.6,34.4,75.6,0.0,24.1,213.0
III,Nueva Ecija,Cabanatuan City,2024-08-24,22.8,35.2,77.8,1.7,24.6,209.6
III,Nueva Ecija,Cabanatuan City,2024-08-25,23.8,35.8,72.5,0.0,24.3,205.8
III,Nueva Ecija,Cabanatuan City,2024-08-26,23.6,35.9,79.6,11.1,25.7,202.7
III,Nueva Ecija,Cabanatuan City,2024-08-27,22.8,35.9,79.7,25.9,25.3,198.9
III,Nueva Ecija,Cabanatuan City,2024-08-28,22.4,36.0,80.4,8.9,25.3,202.2
III,Nueva Ecija,Cabanatuan City,2024-08-29,23.1,36.6,80.4,4.8,25.9,220.8
III,Nueva Ecija,Cabanatuan City,2024-08-30,23.3,36.3,81.0,11.1,26.0,195.2
III,Nueva Ecija,Cabanatuan City,2024-08-31,22.7,37.8,76.8,0.0,25.6,216.6
III,Nueva Ecija,Cabanatuan City,2024-09-01,23.0,36.9,79.5,7.2,25.8,194.6
III,Nueva Ecija,Cabanatuan City,2024-09-02,23.9,35.1,78.5,0.0,25.2,223.7
III,Nueva Ecija,Cabanatuan City,2024-09-03,23.1,34.9,84.6,8.1,25.9,206.1
III,Nueva Ecija,Cabanatuan City,2024-09-04,23.5,35.7,80.9,4.2,25.8,217.1
III,Nueva Ecija,Cabanatuan City,2024-09-05,23.7,35.5,75.5,0.0,24.7,207.9
III,Nueva Ecija,Cabanatuan City,2024-09-06,23.3,32.6,79.9,10.8,23.9,211.5
III,Nueva Ecija,Cabanatuan City,2024-09-07,22.7,32.0,79.7,3.9,23.3,202.2
III,Nueva Ecija,Cabanatuan City,2024-09-08,22.6,33.0,83.2,2.8,24.4,216.5
III,Nueva Ecija,Cabanatuan City,2024-09-09,22.5,34.3,81.0,21.8,24.6,199.1
III,Nueva Ecija,Cabanatuan City,2024-09-10,23.0,34.5,78.1,0.0,24.4,213.3
III,Nueva Ecija,Cabanatuan City,2024-09-11,22.8,31.4,104.2,20.3,23.1,202.4
III,Nueva Ecija,Cabanatuan City,2024-09-12,22.9,32.2,79.6,19.9,23.5,204.5
III,Nueva Ecija,Cabanatuan City,2024-09-13,22.0,33.5,79.6,4.8,23.7,216.1
III,Nueva Ecija,Cabanatuan City,2024-09-14,22.4,32.7,79.7,1.3,23.5,204.8
III,Nueva Ecija,Cabanatuan City,2024-09-15,22.6,33.8,77.4,5.0,23.7,207.8
III,Nueva Ecija,Cabanatuan City,2024-09-16,21.7,31.6,74.3,18.2,21.5,217.7
III,Nueva Ecija,Cabanatuan City,2024-09-17,23.2,33.1,75.2,4.3,23.2,198.9
III,Nueva Ecija,Cabanatuan City,2024-09-18,22.3,32.1,79.5,26.0,23.1,189.1
III,Nueva Ecija,Cabanatuan City,2024-09-19,23.2,34.6,79.7,4.2,24.8,207.2
III,Nueva Ecija,Cabanatuan City,2024-09-20,22.8,33.4,75.1,0.0,23.1,215.6
III,Nueva Ecija,Cabanatuan City,2024-09-21,22.5,32.9,81.6,9.9,24.0,209.7
III,Nueva Ecija,Cabanatuan City,2024-09-22,24.0,33.2,78.5,9.2,24.3,203.8
III,Nueva Ecija,Cabanatuan City,2024-09-23,24.7,33.4,79.6,2.6,25.0,220.0
III,Nueva Ecija,Cabanatuan City,2024-09-24,24.4,33.5,73.5,0.0,23.6,210.3
III,Nueva Ecija,Cabanatuan City,2024-09-25,24.0,32.4,78.0,20.1,23.8,197.5
III,Nueva Ecija,Cabanatuan City,2024-09-26,24.0,33.8,74.0,0.0,23.7,237.3
III,Nueva Ecija,Cabanatuan City,2024-09-27,24.5,33.1,71.3,0.0,23.1,213.2
III,Nueva Ecija,Cabanatuan City,2024-09-28,24.4,33.4,71.6,0.0,23.2,217.8
III,Nueva Ecija,Cabanatuan City,2024-09-29,23.3,32.9,78.8,5.0,23.9,219.8
III,Nueva Ecija,Cabanatuan City,2024-09-30,23.2,34.8,77.4,5.3,24.5,225.9
III,Nueva Ecija,Cabanatuan City,2024-10-01,23.3,36.0,76.5,5.7,25.0,204.8
III,Nueva Ecija,Cabanatuan City,2024-10-02,23.6,36.0,77.8,4.9,25.4,217.8
III,Nueva Ecija,Cabanatuan City,2024-10-03,24.2,35.3,73.1,0.0,24.4,205.2
III,Nueva Ecija,Cabanatuan City,2024-10-04,23.5,33.5,78.0,21.2,24.1,198.8
III,Nueva Ecija,Cabanatuan City,2024-10-05,24.1,36.1,81.0,6.4,26.3,211.0
III,Nueva Ecija,Cabanatuan City,2024-10-06,24.4,,77.1,0.0,25.4,219.7
III,Nueva Ecija,Cabanatuan City,2024-10-07,23.4,,77.9,15.5,24.4,201.5
III,Nueva Ecija,Cabanatuan City,2024-10-08,23.2,35.2,71.6,0.0,23.5,225.8
III,Nueva Ecija,Cabanatuan City,2024-10-09,23.8,34.1,72.7,0.0,23.5,221.6
III,Nueva Ecija,Cabanatuan City,2024-10-10,23.3,34.8,75.2,0.0,24.1,219.8
III,Nueva Ecija,Cabanatuan City,2024-10-11,23.4,35.3,78.4,0.0,25.0,202.8
III,Nueva Ecija,Cabanatuan City,2024-10-12,22.8,36.2,77.6,0.0,25.0,222.1
III,Nueva Ecija,Cabanatuan City,2024-10-13,22.0,35.0,81.3,4.6,24.8,217.9
III,Nueva Ecija,Cabanatuan City,2024-10-14,22.1,33.9,80.7,15.7,24.1,217.1
III,Nueva Ecija,Cabanatuan City,2024-10-15,22.7,35.7,76.4,0.0,24.5,231.6
III,Nueva Ecija,Cabanatuan City,2024-10-16,22.6,34.9,80.4,6.0,24.8,225.6
III,Nueva Ecija,Cabanatuan City,2024-10-17,22.3,34.8,75.6,0.0,23.7,210.7
III,Nueva Ecija,Cabanatuan City,2024-10-18,22.5,33.1,80.8,15.2,24.0,199.9
III,Nueva Ecija,Cabanatuan City,2024-10-19,22.9,32.5,81.5,4.5,24.0,207.7
III,Nueva Ecija,Cabanatuan City,2024-10-20,23.5,34.2,82.9,7.4,25.4,207.8
III,Nueva Ecija,Cabanatuan City,2024-10-21,23.6,34.5,83.7,4.9,25.8,230.6
III,Nueva Ecija,Cabanatuan City,2024-10-22,22.6,34.1,82.9,5.3,24.9,219.4
III,Nueva Ecija,Cabanatuan City,2024-10-23,21.6,34.1,75.8,0.0,23.0,222.7
III,Nueva Ecija,Cabanatuan City,2024-10-24,21.7,32.3,78.3,29.0,22.7,187.3
III,Nueva Ecija,Cabanatuan City,2024-10-25,22.7,34.2,69.2,0.0,22.3,226.1
III,Nueva Ecija,Cabanatuan City,2024-10-26,22.5,32.8,67.7,0.0,21.2,217.7
III,Nueva Ecija,Cabanatuan City,2024-10-27,22.6,31.8,72.6,20.0,21.7,206.5
III,Nueva Ecija,Cabanatuan City,2024-10-28,22.3,33.5,69.1,0.0,21.7,221.8
III,Nueva Ecija,Cabanatuan City,2024-10-29,21.5,31.6,75.2,43.8,21.6,187.5
III,Nueva Ecija,Cabanatuan City,2024-10-30,23.1,33.3,71.1,0.0,22.4,212.1
III,Nueva Ecija,Cabanatuan City,2024-10-31,23.3,33.1,72.0,0.0,22.6,220.9
III,Nueva Ecija,Cabanatuan City,2024-11-01,22.7,32.0,71.9,0.0,21.7,231.0
III,Nueva Ecija,Cabanatuan City,2024-11-02,22.2,31.0,74.5,0.0,21.5,220.7
III,Nueva Ecija,Cabanatuan City,2024-11-03,21.9,32.9,74.0,0.0,22.2,211.4
III,Nueva Ecija,Cabanatuan City,2024-11-04,22.0,32.4,72.0,0.0,21.6,203.6
III,Nueva Ecija,Cabanatuan City,2024-11-05,22.7,33.8,73.4,0.0,22.9,232.7
III,Nueva Ecija,Cabanatuan City,2024-11-06,22.3,32.9,72.3,0.0,22.1,211.9
III,Nueva Ecija,Cabanatuan City,2024-11-07,21.8,31.8,77.1,13.5,22.2,
III,Nueva Ecija,Cabanatuan City,2024-11-08,23.9,33.5,78.8,2.1,24.5,
III,Nueva Ecija,Cabanatuan City,2024-11-09,23.3,33.3,70.9,0.0,22.5,
III,Nueva Ecija,Cabanatuan City,2024-11-10,22.9,33.3,79.9,2.6,24.1,
III,Nueva Ecija,Cabanatuan City,2024-11-11,22.8,33.5,73.9,0.0,22.9,
III,Nueva Ecija,Cabanatuan City,2024-11-12,24.0,32.4,77.6,9.6,23.7,214.9
III,Nueva Ecija,Cabanatuan City,2024-11-13,23.5,35.1,77.1,0.0,24.7,226.5
III,Nueva Ecija,Cabanatuan City,2024-11-14,22.8,33.9,82.7,17.2,24.9,206.6
III,Nueva Ecija,Cabanatuan City,2024-11-15,23.7,36.8,75.2,0.0,25.3,226.2
III,Nueva Ecija,Cabanatuan City,2024-11-16,23.2,35.5,75.6,0.0,24.5,231.5
III,Nueva Ecija,Cabanatuan City,2024-11-17,22.9,35.9,78.0,0.0,25.0,225.8
III,Nueva Ecija,Cabanatuan City,2024-11-18,22.0,35.3,75.1,0.0,23.7,231.3
III,Nueva Ecija,Cabanatuan City,2024-11-19,22.0,35.3,75.0,0.0,23.6,231.6
III,Nueva Ecija,Cabanatuan City,2024-11-20,21.7,34.9,75.1,0.0,23.3,237.0
III,Nueva Ecija,Cabanatuan City,2024-11-21,21.5,34.2,74.8,12.6,22.8,219.7
III,Nueva Ecija,Cabanatuan City,2024-11-22,21.7,33.7,72.4,2.9,22.2,228.1
III,Nueva Ecija,Cabanatuan City,2024-11-23,21.5,33.6,67.4,0.0,21.0,222.9
III,Nueva Ecija,Cabanatuan City,2024-11-24,21.5,30.8,78.8,3.9,21.9,218.4
III,Nueva Ecija,Cabanatuan City,2024-11-25,21.5,30.5,77.8,22.0,21.6,217.0
III,Nueva Ecija,Cabanatuan City,2024-11-26,21.4,32.4,73.4,0.0,21.6,221.9
III,Nueva Ecija,Cabanatuan City,2024-11-27,22.5,33.6,72.1,0.0,22.5,232.9
III,Nueva Ecija,Cabanatuan City,2024-11-28,22.4,35.4,74.4,0.0,23.8,228.8
III,Nueva Ecija,Cabanatuan City,2024-11-29,23.4,37.8,70.1,0.0,24.6,227.4
III,Nueva Ecija,Cabanatuan City,2024-11-30,23.5,37.1,70.1,0.0,24.3,218.8
III,Nueva Ecija,Cabanatuan City,2024-12-01,23.6,37.5,68.1,0.0,24.2,230.4
III,Nueva Ecija,Cabanatuan City,2024-12-02,24.4,35.1,68.8,0.0,23.5,224.3
III,Nueva Ecija,Cabanatuan City,2024-12-03,23.7,36.0,69.7,0.0,23.8,222.0
III,Nueva Ecija,Cabanatuan City,2024-12-04,23.1,35.7,72.7,0.0,23.9,228.1
III,Nueva Ecija,Cabanatuan City,2024-12-05,23.9,34.0,72.2,0.0,23.4,238.7
III,Nueva Ecija,Cabanatuan City,2024-12-06,24.1,33.0,72.7,0.0,23.1,238.9
III,Nueva Ecija,Cabanatuan City,2024-12-07,22.9,32.4,71.9,0.0,22.0,241.8
III,Nueva Ecija,Cabanatuan City,2024-12-08,22.5,33.8,73.6,5.6,22.9,219.6
III,Nueva Ecija,Cabanatuan City,2024-12-09,22.7,33.8,70.1,0.0,22.3,225.4
III,Nueva Ecija,Cabanatuan City,2024-12-10,22.6,32.3,75.2,9.5,22.5,221.2
III,Nueva Ecija,Cabanatuan City,2024-12-11,23.3,33.2,71.7,0.0,22.6,
III,Nueva Ecija,Cabanatuan City,2024-12-12,22.7,33.6,70.6,0.0,22.3,
III,Nueva Ecija,Cabanatuan City,2024-12-13,22.7,33.6,70.1,0.0,22.2,243.9
III,Nueva Ecija,Cabanatuan City,2024-12-14,23.1,32.4,69.3,0.0,21.6,221.1
III,Nueva Ecija,Cabanatuan City,2024-12-15,,32.4,70.8,0.0,21.7,232.1
III,Nueva Ecija,Cabanatuan City,2024-12-16,,31.5,69.0,0.0,20.7,231.5
III,Nueva Ecija,Cabanatuan City,2024-12-17,21.7,29.3,73.1,0.0,20.1,243.5
III,Nueva Ecija,Cabanatuan City,2024-12-18,21.2,29.0,74.0,8.8,19.9,234.0
III,Nueva Ecija,Cabanatuan City,2024-12-19,21.1,30.0,71.3,0.0,19.8,234.3
III,Nueva Ecija,Cabanatuan City,2024-12-20,21.7,32.6,71.2,0.0,21.4,233.1
III,Nueva Ecija,Cabanatuan City,2024-12-21,22.4,33.8,73.4,0.0,22.8,223.2
III,Nueva Ecija,Cabanatuan City,2024-12-22,22.5,33.7,72.4,0.0,22.6,230.3
III,Nueva Ecija,Cabanatuan City,2024-12-23,21.3,33.5,76.3,3.0,22.7,228.6
III,Nueva Ecija,Cabanatuan City,2024-12-24,22.9,33.3,70.8,0.0,22.3,228.9
III,Nueva Ecija,Cabanatuan City,2024-12-25,23.1,32.1,71.9,0.0,22.0,220.8
III,Nueva Ecija,Cabanatuan City,2024-12-26,23.0,32.4,73.5,9.3,22.4,219.4
III,Nueva Ecija,Cabanatuan City,2024-12-27,23.7,33.7,70.5,0.0,22.8,231.6
III,Nueva Ecija,Cabanatuan City,2024-12-28,22.9,33.3,68.5,0.0,21.8,235.0
III,Nueva Ecija,Cabanatuan City,2024-12-29,22.5,32.1,71.1,0.0,21.5,240.6
III,Nueva Ecija,Cabanatuan City,2024-12-30,21.8,31.5,66.9,0.0,20.0,240.7
III,Nueva Ecija,Cabanatuan City,2024-12-31,22.1,31.7,65.2,0.0,19.9,234.5
III,Tarlac,Concepcion,2019-01-01,22.5,33.3,68.4,0.0,21.6,225.8
III,Tarlac,Concepcion,2019-01-02,22.7,33.1,73.8,10.1,22.7,223.8
III,Tarlac,Concepcion,2019-01-03,23.2,33.6,66.0,0.0,21.6,251.1
III,Tarlac,Concepcion,2019-01-04,21.6,32.6,73.0,3.1,21.7,234.5
III,Tarlac,Concepcion,2019-01-05,22.7,33.2,66.3,0.0,21.2,215.9
III,Tarlac,Concepcion,2019-01-06,22.1,31.1,61.7,0.0,18.9,228.1
III,Tarlac,Concepcion,2019-01-07,21.7,32.3,64.0,0.0,19.8,234.6
III,Tarlac,Concepcion,2019-01-08,22.3,33.6,65.4,0.0,21.0,240.2
III,Tarlac,Concepcion,2019-01-09,21.7,34.3,66.2,0.0,21.2,222.1
III,Tarlac,Concepcion,2019-01-10,22.4,34.6,66.1,0.0,21.7,230.6
III,Tarlac,Concepcion,2019-01-11,21.6,34.4,69.0,8.0,21.8,220.3
III,Tarlac,Concepcion,2019-01-12,21.9,31.5,65.3,0.0,19.8,241.6
III,Tarlac,Concepcion,2019-01-13,22.2,31.5,67.2,0.0,20.3,229.3
III,Tarlac,Concepcion,2019-01-14,22.2,32.0,64.7,0.0,20.0,238.5
III,Tarlac,Concepcion,2019-01-15,22.8,31.1,64.8,0.0,19.9,249.9
III,Tarlac,Concepcion,2019-01-16,22.5,29.5,68.4,18.5,19.7,213.1
III,Tarlac,Concepcion,2019-01-17,22.7,32.7,65.6,0.0,20.8,241.4
III,Tarlac,Concepcion,2019-01-18,22.0,33.3,67.9,7.1,21.2,204.6
III,Tarlac,Concepcion,2019-01-19,22.2,33.5,66.3,0.0,21.1,239.3
III,Tarlac,Concepcion,2019-01-20,21.5,34.0,66.1,0.0,21.0,239.7
III,Tarlac,Concepcion,2019-01-21,21.6,34.6,66.9,0.0,21.5,235.2
III,Tarlac,Concepcion,2019-01-22,21.7,34.6,65.6,0.0,21.3,247.7
III,Tarlac,Concepcion,2019-01-23,21.6,33.7,67.1,0.0,21.1,239.6
III,Tarlac,Concepcion,2019-01-24,22.5,33.3,62.6,0.0,20.4,239.2
III,Tarlac,Concepcion,2019-01-25,22.7,33.7,62.8,0.0,20.8,233.7
III,Tarlac,Concepcion,2019-01-26,23.0,33.8,63.5,0.0,21.1,252.4
III,Tarlac,Concepcion,2019-01-27,22.1,32.9,66.5,3.2,20.8,224.4
III,Tarlac,Concepcion,2019-01-28,21.6,33.8,65.6,0.0,20.8,244.8
III,Tarlac,Concepcion,2019-01-29,21.7,33.8,65.1,0.0,20.8,230.3
III,Tarlac,Concepcion,2019-01-30,21.4,32.9,73.1,11.0,21.8,216.0
III,Tarlac,Concepcion,2019-01-31,21.1,32.5,73.0,11.1,,218.9
III,Tarlac,Concepcion,2019-02-01,21.8,32.6,71.7,0.0,,239.6
III,Tarlac,Concepcion,2019-02-02,21.2,33.2,70.2,,,242.0
III,Tarlac,Concepcion,2019-02-03,20.6,34.1,64.9,,,236.8
III,Tarlac,Concepcion,2019-02-04,21.2,34.1,65.6,,,252.0
III,Tarlac,Concepcion,2019-02-05,20.6,33.5,65.3,,20.1,240.5
III,Tarlac,Concepcion,2019-02-06,21.2,33.4,65.4,,20.4,235.9
III,Tarlac,Concepcion,2019-02-07,20.6,33.4,69.8,4.3,21.0,231.8
III,Tarlac,Concepcion,2019-02-08,20.8,32.3,66.3,0.0,19.8,230.3
III,Tarlac,Concepcion,2019-02-09,21.3,32.1,66.8,0.0,20.1,258.0
III,Tarlac,Concepcion,2019-02-10,22.6,32.3,62.5,0.0,20.0,239.0
III,Tarlac,Concepcion,2019-02-11,23.2,32.9,64.4,0.0,20.9,237.5
III,Tarlac,Concepcion,2019-02-12,23.4,33.1,61.6,0.0,20.6,245.3
III,Tarlac,Concepcion,2019-02-13,22.9,33.3,63.5,0.0,20.8,242.6
III,Tarlac,Concepcion,2019-02-14,23.8,33.4,66.6,0.0,21.9,237.5
III,Tarlac,Concepcion,2019-02-15,23.6,33.8,63.6,0.0,21.4,249.0
III,Tarlac,Concepcion,2019-02-16,22.9,34.5,63.5,0.0,21.4,238.6
III,Tarlac,Concepcion,2019-02-17,22.5,34.1,63.2,0.0,20.9,226.8
III,Tarlac,Concepcion,2019-02-18,22.0,33.1,62.1,0.0,20.0,234.1
III,Tarlac,Concepcion,2019-02-19,23.0,33.7,63.5,0.0,21.0,243.5
III,Tarlac,Concepcion,2019-02-20,23.6,33.8,60.8,0.0,20.9,232.2
III,Tarlac,Concepcion,2019-02-21,22.5,33.5,61.5,0.0,20.3,237.4
III,Tarlac,Concepcion,2019-02-22,21.8,34.0,61.4,0.0,20.2,250.9
III,Tarlac,Concepcion,2019-02-23,21.3,35.0,64.7,0.0,21.1,247.0
III,Tarlac,Concepcion,2019-02-24,21.6,35.1,64.7,0.0,21.3,234.6
III,Tarlac,Concepcion,2019-02-25,22.1,34.5,67.2,0.0,21.7,256.3
III,Tarlac,Concepcion,2019-02-26,22.5,32.9,69.3,0.0,21.6,244.5
III,Tarlac,Concepcion,2019-02-27,22.3,33.5,71.6,0.0,22.2,243.7
III,Tarlac,Concepcion,2019-02-28,21.7,33.0,70.1,0.0,21.4,249.1
III,Tarlac,Concepcion,2019-03-01,22.1,31.7,71.4,3.4,21.2,226.2
III,Tarlac,Concepcion,2019-03-02,22.6,31.7,65.1,0.0,20.2,244.1
III,Tarlac,Concepcion,2019-03-03,22.3,31.0,64.7,0.0,19.6,240.2
III,Tarlac,Concepcion,2019-03-04,21.6,31.6,65.4,0.0,19.7,250.7
III,Tarlac,Concepcion,2019-03-05,23.0,30.0,67.0,0.0,19.9,243.9
III,Tarlac,Concepcion,2019-03-06,23.5,32.3,62.7,0.0,20.4,233.9
III,Tarlac,Concepcion,2019-03-07,23.4,32.0,67.3,0.0,21.2,240.3
III,Tarlac,Concepcion,2019-03-08,22.6,30.7,67.1,0.0,20.1,257.9
III,Tarlac,Concepcion,2019-03-09,22.1,32.0,68.1,0.0,20.7,234.7
III,Tarlac,Concepcion,2019-03-10,23.2,30.9,70.9,0.0,21.2,236.9
III,Tarlac,Concepcion,2019-03-11,23.7,31.2,70.2,0.0,21.5,241.0
III,Tarlac,Concepcion,2019-03-12,22.6,32.2,69.1,0.0,21.2,235.2
III,Tarlac,Concepcion,2019-03-13,21.9,32.3,63.9,0.0,19.9,242.6
III,Tarlac,Concepcion,2019-03-14,22.1,33.6,,0.0,20.5,248.6
III,Tarlac,Concepcion,2019-03-15,21.6,32.5,,0.0,19.8,235.0
III,Tarlac,Concepcion,2019-03-16,22.2,31.1,,0.0,20.1,229.3
III,Tarlac,Concepcion,2019-03-17,22.2,31.0,64.0,0.0,19.4,233.6
III,Tarlac,Concepcion,2019-03-18,23.5,31.4,67.0,0.0,20.8,244.8
III,Tarlac,Concepcion,2019-03-19,22.8,31.1,69.6,0.0,20.9,255.5
III,Tarlac,Concepcion,2019-03-20,21.9,31.0,65.6,0.0,19.6,242.2
III,Tarlac,Concepcion,2019-03-21,21.2,30.0,64.8,0.0,18.6,247.4
III,Tarlac,Concepcion,2019-03-22,22.0,30.1,68.0,0.0,19.6,240.6
III,Tarlac,Concepcion,2019-03-23,23.1,30.0,70.1,0.0,20.6,239.7
III,Tarlac,Concepcion,2019-03-24,22.9,30.9,71.2,0.0,21.1,235.1
III,Tarlac,Concepcion,2019-03-25,21.4,30.3,71.3,0.0,20.1,237.9
III,Tarlac,Concepcion,2019-03-26,22.1,31.1,69.6,0.0,20.5,242.3
III,Tarlac,Concepcion,2019-03-27,22.8,31.0,67.2,0.0,20.3,243.6
III,Tarlac,Concepcion,2019-03-28,22.6,,64.2,0.0,19.7,245.1
III,Tarlac,Concepcion,2019-03-29,21.7,,62.5,0.0,20.1,238.4
III,Tarlac,Concepcion,2019-03-30,21.4,,103.2,0.0,20.6,243.6
III,Tarlac,Concepcion,2019-03-31,20.9,32.6,67.7,0.0,20.3,239.4
III,Tarlac,Concepcion,2019-04-01,20.5,32.3,68.9,0.0,20.2,234.4
III,Tarlac,Concepcion,2019-04-02,20.9,30.2,69.3,0.0,19.4,231.3
III,Tarlac,Concepcion,2019-04-03,21.0,30.2,72.4,10.0,20.1,228.4
III,Tarlac,Concepcion,2019-04-04,22.4,31.2,68.1,0.0,20.4,244.3
III,Tarlac,Concepcion,2019-04-05,22.1,31.8,69.0,0.0,20.8,235.4
III,Tarlac,Concepcion,2019-04-06,22.6,32.1,73.5,6.7,22.0,236.7
III,Tarlac,Concepcion,2019-04-07,22.2,32.7,64.8,0.0,20.4,225.0
III,Tarlac,Concepcion,2019-04-08,22.4,33.2,63.7,0.0,20.5,232.3
III,Tarlac,Concepcion,2019-04-09,22.2,34.2,62.9,0.0,20.8,229.6
III,Tarlac,Concepcion,2019-04-10,22.6,33.2,62.7,0.0,20.4,242.0
III,Tarlac,Concepcion,2019-04-11,23.0,32.9,65.3,0.0,21.0,233.0
III,Tarlac,Concepcion,2019-04-12,23.6,32.3,70.1,16.0,22.0,221.5
III,Tarlac,Concepcion,2019-04-13,24.3,31.8,64.8,0.0,21.0,227.6
III,Tarlac,Concepcion,2019-04-14,23.9,32.0,69.3,0.0,21.8,217.7
III,Tarlac,Concepcion,2019-04-15,23.4,31.8,69.6,0.0,21.5,237.9
III,Tarlac,Concepcion,2019-04-16,23.0,34.0,66.0,0.0,21.7,239.7
III,Tarlac,Concepcion,2019-04-17,22.2,34.2,67.4,0.0,21.7,239.1
III,Tarlac,Concepcion,2019-04-18,22.0,36.5,73.7,1.4,24.0,241.7
III,Tarlac,Concepcion,2019-04-19,22.5,35.4,68.4,0.0,22.6,222.9
III,Tarlac,Concepcion,2019-04-20,22.5,35.3,71.9,0.0,23.3,244.0
III,Tarlac,Concepcion,2019-04-21,23.2,35.7,67.6,0.0,23.0,239.6
III,Tarlac,Concepcion,2019-04-22,22.8,36.1,71.8,0.0,23.8,234.5
III,Tarlac,Concepcion,2019-04-23,23.1,36.4,71.3,0.0,24.0,237.6
III,Tarlac,Concepcion,2019-04-24,22.8,34.7,105.4,0.0,23.4,224.8
III,Tarlac,Concepcion,2019-04-25,22.4,32.9,70.2,0.0,21.7,233.3
III,Tarlac,Concepcion,2019-04-26,21.6,33.0,74.9,0.0,22.3,231.5
III,Tarlac,Concepcion,2019-04-27,21.2,32.0,75.7,13.7,21.7,233.2
III,Tarlac,Concepcion,2019-04-28,20.5,35.0,74.7,0.0,22.7,233.5
III,Tarlac,Concepcion,2019-04-29,21.1,33.3,74.7,0.0,22.1,250.3
III,Tarlac,Concepcion,2019-04-30,20.8,31.4,75.4,6.5,21.2,231.9
III,Tarlac,Concepcion,2019-05-01,21.1,32.0,72.9,2.0,21.1,227.1
III,Tarlac,Concepcion,2019-05-02,20.8,33.4,70.7,1.5,21.2,229.7
III,Tarlac,Concepcion,2019-05-03,21.0,32.9,63.6,0.0,19.7,237.3
III,Tarlac,Concepcion,2019-05-04,21.1,32.8,69.9,9.7,20.9,213.0
III,Tarlac,Concepcion,2019-05-05,21.7,33.1,,0.0,20.5,242.8
III,Tarlac,Concepcion,2019-05-06,22.6,33.4,,0.0,21.0,231.7
III,Tarlac,Concepcion,2019-05-07,22.7,33.4,,0.0,21.8,217.9
III,Tarlac,Concepcion,2019-05-08,22.8,33.9,,0.0,22.2,233.6
III,Tarlac,Concepcion,2019-05-09,21.6,33.6,69.9,0.0,21.6,230.2
III,Tarlac,Concepcion,2019-05-10,22.3,32.6,67.3,0.0,20.9,237.8
III,Tarlac,Concepcion,2019-05-11,22.6,31.7,69.0,0.0,21.0,231.0
III,Tarlac,Concepcion,2019-05-12,22.6,31.9,72.3,9.8,21.7,221.7
III,Tarlac,Concepcion,2019-05-13,23.5,31.5,70.6,0.9,21.6,235.9
III,Tarlac,Concepcion,2019-05-14,22.3,31.2,71.0,0.0,21.0,240.9
III,Tarlac,Concepcion,2019-05-15,22.0,33.4,75.0,6.2,22.7,236.6
III,Tarlac,Concepcion,2019-05-16,23.1,33.8,70.0,0.0,22.4,227.8
III,Tarlac,Concepcion,2019-05-17,23.6,35.7,73.6,,24.4,223.8
III,Tarlac,Concepcion,2019-05-18,23.4,35.1,66.4,,22.5,229.4
III,Tarlac,Concepcion,2019-05-19,22.6,32.6,73.9,10.4,22.4,216.3
III,Tarlac,Concepcion,2019-05-20,23.4,34.8,73.6,4.6,23.8,228.5
III,Tarlac,Concepcion,2019-05-21,22.9,31.3,73.9,35.2,21.9,203.0
III,Tarlac,Concepcion,2019-05-22,22.8,32.6,70.7,0.0,21.8,242.1
III,Tarlac,Concepcion,2019-05-23,21.2,31.7,72.4,0.0,20.9,230.1
III,Tarlac,Concepcion,2019-05-24,22.0,32.4,71.4,0.0,21.5,220.5
III,Tarlac,Concepcion,2019-05-25,22.2,32.8,75.7,4.1,22.6,222.5
III,Tarlac,Concepcion,2019-05-26,22.7,33.6,,0.0,22.8,234.9
III,Tarlac,Concepcion,2019-05-27,22.6,33.5,,0.0,22.0,224.3
III,Tarlac,Concepcion,2019-05-28,22.8,33.3,,4.6,23.3,215.5
III,Tarlac,Concepcion,2019-05-29,22.7,32.9,,1.2,22.8,224.5
III,Tarlac,Concepcion,2019-05-30,23.3,32.4,,0.0,22.1,224.8
III,Tarlac,Concepcion,2019-05-31,23.5,33.8,71.4,0.0,22.9,234.5
III,Tarlac,Concepcion,2019-06-01,23.6,33.6,71.8,0.0,23.0,231.4
III,Tarlac,Concepcion,2019-06-02,24.1,33.2,72.7,0.0,23.2,225.5
III,Tarlac,Concepcion,2019-06-03,25.1,33.3,72.9,0.0,23.8,232.3
III,Tarlac,Concepcion,2019-06-04,24.1,33.3,71.9,0.0,23.1,227.1
III,Tarlac,Concepcion,2019-06-05,23.3,33.2,72.7,1.3,22.8,232.2
III,Tarlac,Concepcion,2019-06-06,21.9,35.4,68.0,0.0,22.2,224.7
III,Tarlac,Concepcion,2019-06-07,22.5,36.2,67.2,,22.8,228.1
III,Tarlac,Concepcion,2019-06-08,21.8,35.0,73.8,,23.2,219.7
III,Tarlac,Concepcion,2019-06-09,22.0,35.8,73.3,,23.6,225.4
III,Tarlac,Concepcion,2019-06-10,21.2,35.3,77.4,1.9,23.7,226.6
III,Tarlac,Concepcion,2019-06-11,22.6,35.5,73.6,0.0,23.8,217.3
III,Tarlac,Concepcion,2019-06-12,22.9,35.3,79.4,6.6,25.0,209.1
III,Tarlac,Concepcion,2019-06-13,22.5,34.7,72.0,0.0,23.0,227.3
III,Tarlac,Concepcion,2019-06-14,22.2,36.0,71.6,0.0,23.4,209.7
III,Tarlac,Concepcion,2019-06-15,22.8,36.5,71.0,0.0,23.8,225.8
III,Tarlac,Concepcion,2019-06-16,22.6,35.3,73.8,0.0,23.7,245.3
III,Tarlac,Concepcion,2019-06-17,22.9,34.1,76.9,0.0,23.9,233.9
III,Tarlac,Concepcion,2019-06-18,22.5,33.1,79.3,17.4,23.7,199.4
III,Tarlac,Concepcion,2019-06-19,22.6,32.9,77.2,9.5,23.2,203.9
III,Tarlac,Concepcion,2019-06-20,23.7,33.6,72.2,0.0,23.1,226.5
III,Tarlac,Concepcion,2019-06-21,23.6,34.3,69.7,0.0,22.9,216.0
III,Tarlac,Concepcion,2019-06-22,22.9,33.8,73.3,13.8,23.0,217.4
III,Tarlac,Concepcion,2019-06-23,22.9,34.7,71.5,0.0,23.1,217.7
III,Tarlac,Concepcion,2019-06-24,23.1,34.4,73.6,0.0,23.5,222.0
III,Tarlac,Concepcion,2019-06-25,22.5,32.3,76.5,10.4,22.7,205.1
III,Tarlac,Concepcion,2019-06-26,22.0,31.4,72.0,0.0,21.1,233.2
III,Tarlac,Concepcion,2019-06-27,21.8,33.7,76.5,6.6,23.0,238.0
III,Tarlac,Concepcion,2019-06-28,21.9,,74.6,7.3,23.3,217.5
III,Tarlac,Concepcion,2019-06-29,22.5,,72.1,0.0,22.5,228.5
III,Tarlac,Concepcion,2019-06-30,22.3,,79.3,19.2,23.8,198.6
III,Tarlac,Concepcion,2019-07-01,22.2,,78.7,9.2,24.9,225.5
III,Tarlac,Concepcion,2019-07-02,21.5,35.4,76.2,10.1,23.7,216.6
III,Tarlac,Concepcion,2019-07-03,22.4,36.5,72.8,0.0,24.0,220.6
III,Tarlac,Concepcion,2019-07-04,22.3,35.7,76.0,22.6,24.2,212.4
III,Tarlac,Concepcion,2019-07-05,21.9,37.1,73.2,0.8,24.1,213.0
III,Tarlac,Concepcion,2019-07-06,22.9,35.3,72.9,0.0,23.7,199.2
III,Tarlac,Concepcion,2019-07-07,23.6,35.9,75.3,11.8,24.8,191.6
III,Tarlac,Concepcion,2019-07-08,24.0,35.7,76.8,15.1,25.2,220.4
III,Tarlac,Concepcion,2019-07-09,23.9,36.1,72.3,0.0,24.5,212.3
III,Tarlac,Concepcion,2019-07-10,23.4,36.3,69.6,0.0,23.8,212.2
III,Tarlac,Concepcion,2019-07-11,23.8,35.4,70.5,0.0,23.7,217.2
III,Tarlac,Concepcion,2019-07-12,23.7,36.1,73.8,0.0,24.7,222.1
III,Tarlac,Concepcion,2019-07-13,24.1,35.0,72.3,0.0,24.0,213.2
III,Tarlac,Concepcion,2019-07-14,24.1,34.7,78.8,94.8,25.2,170.0
III,Tarlac,Concepcion,2019-07-15,24.4,35.5,68.9,0.0,23.7,210.1
III,Tarlac,Concepcion,2019-07-16,24.4,34.2,70.6,0.0,23.4,207.1
III,Tarlac,Concepcion,2019-07-17,24.6,34.5,71.6,0.0,23.9,215.2
III,Tarlac,Concepcion,2019-07-18,24.2,35.1,74.0,0.0,24.4,214.9
III,Tarlac,Concepcion,2019-07-19,24.1,33.6,76.0,4.7,24.0,219.5
III,Tarlac,Concepcion,2019-07-20,24.4,33.5,,0.0,23.1,220.7
III,Tarlac,Concepcion,2019-07-21,24.3,33.1,,0.0,23.2,218.1
III,Tarlac,Concepcion,2019-07-22,24.0,34.0,,0.0,23.9,221.1
III,Tarlac,Concepcion,2019-07-23,23.3,32.6,76.2,0.0,23.2,213.1
III,Tarlac,Concepcion,2019-07-24,22.5,32.8,79.0,0.0,23.4,221.2
III,Tarlac,Concepcion,2019-07-25,22.7,35.3,82.8,8.3,25.6,201.9
III,Tarlac,Concepcion,2019-07-26,22.5,35.1,81.0,0.0,25.0,219.8
III,Tarlac,Concepcion,2019-07-27,23.4,33.2,75.1,0.0,23.3,221.7
III,Tarlac,Concepcion,2019-07-28,22.6,32.7,73.1,0.0,22.3,205.4
III,Tarlac,Concepcion,2019-07-29,22.0,32.1,75.8,34.9,22.2,188.0
III,Tarlac,Concepcion,2019-07-30,23.5,35.6,71.7,0.0,23.9,225.1
III,Tarlac,Concepcion,2019-07-31,23.4,34.6,73.8,0.0,23.8,224.3
III,Tarlac,Concepcion,2019-08-01,22.3,35.8,78.1,6.2,24.7,191.8
III,Tarlac,Concepcion,2019-08-02,23.4,36.0,79.4,1.1,25.6,202.4
III,Tarlac,Concepcion,2019-08-03,23.0,35.4,76.2,0.0,24.4,203.4
III,Tarlac,Concepcion,2019-08-04,23.5,33.8,77.4,4.7,24.1,208.2
III,Tarlac,Concepcion,2019-08-05,24.2,33.5,73.8,0.0,23.6,204.5
III,Tarlac,Concepcion,2019-08-06,23.4,34.3,77.0,15.2,24.2,189.2
III,Tarlac,Concepcion,2019-08-07,23.6,34.9,78.3,13.4,24.9,202.8
III,Tarlac,Concepcion,2019-08-08,23.9,34.8,81.1,14.7,25.6,182.7
III,Tarlac,Concepcion,2019-08-09,22.8,35.7,80.8,14.3,25.4,201.8
III,Tarlac,Concepcion,2019-08-10,23.3,34.8,76.9,0.0,24.4,209.1
III,Tarlac,Concepcion,2019-08-11,24.3,33.9,77.7,0.0,24.6,233.0
III,Tarlac,Concepcion,2019-08-12,23.4,33.0,77.0,0.0,23.6,235.5
III,Tarlac,Concepcion,2019-08-13,24.7,32.7,83.9,3.0,25.5,220.1
III,Tarlac,Concepcion,2019-08-14,24.6,31.4,82.0,24.6,24.4,187.1
III,Tarlac,Concepcion,2019-08-15,23.7,31.3,77.3,29.1,23.0,186.8
III,Tarlac,Concepcion,2019-08-16,23.7,32.9,75.0,0.0,23.3,210.1
III,Tarlac,Concepcion,2019-08-17,24.4,33.2,78.9,0.0,24.6,201.4
III,Tarlac,Concepcion,2019-08-18,23.0,30.8,84.7,23.8,23.8,198.3
III,Tarlac,Concepcion,2019-08-19,24.2,30.7,82.9,3.4,24.0,201.5
III,Tarlac,Concepcion,2019-08-20,24.7,31.8,82.4,7.0,24.7,210.9
III,Tarlac,Concepcion,2019-08-21,24.5,31.7,77.7,9.7,23.6,200.5
III,Tarlac,Concepcion,2019-08-22,24.7,32.9,79.8,4.7,24.8,199.3
III,Tarlac,Concepcion,2019-08-23,23.3,33.9,77.7,0.0,24.1,204.6
III,Tarlac,Concepcion,2019-08-24,22.7,33.2,84.4,2.4,24.8,211.5
III,Tarlac,Concepcion,2019-08-25,22.7,34.9,84.7,8.3,25.7,194.0
III,Tarlac,Concepcion,2019-08-26,,34.1,82.4,37.3,24.3,181.7
III,Tarlac,Concepcion,2019-08-27,,35.4,82.1,2.8,25.1,214.1
III,Tarlac,Concepcion,2019-08-28,,37.0,78.0,0.0,26.0,231.1
III,Tarlac,Concepcion,2019-08-29,,37.3,80.3,4.1,26.2,208.3
III,Tarlac,Concepcion,2019-08-30,,37.5,69.0,0.0,24.2,206.5
III,Tarlac,Concepcion,2019-08-31,21.9,36.0,76.6,37.3,24.3,177.3
III,Tarlac,Concepcion,2019-09-01,23.2,37.3,73.4,0.0,24.9,221.9
III,Tarlac,Concepcion,2019-09-02,23.1,37.0,72.5,0.0,24.6,207.5
III,Tarlac,Concepcion,2019-09-03,22.1,34.9,75.8,19.1,23.7,200.1
III,Tarlac,Concepcion,2019-09-04,22.1,35.4,76.7,6.7,24.1,212.4
III,Tarlac,Concepcion,2019-09-05,21.4,33.5,77.0,30.2,22.8,184.4
III,Tarlac,Concepcion,2019-09-06,22.5,35.2,75.3,0.0,23.9,225.1
III,Tarlac,Concepcion,2019-09-07,22.1,34.2,74.0,0.0,23.0,213.6
III,Tarlac,Concepcion,2019-09-08,22.1,34.4,77.9,4.3,23.8,218.3
III,Tarlac,Concepcion,2019-09-09,22.7,33.8,73.9,0.0,23.0,214.2
III,Tarlac,Concepcion,2019-09-10,21.6,33.0,78.6,10.6,23.0,189.4
III,Tarlac,Concepcion,2019-09-11,22.9,32.9,83.1,2.1,24.5,221.2
III,Tarlac,Concepcion,2019-09-12,23.1,32.4,79.8,11.9,23.7,194.3
III,Tarlac,Concepcion,2019-09-13,23.7,33.4,76.1,11.4,23.8,204.7
III,Tarlac,Concepcion,2019-09-14,24.1,33.6,71.0,0.0,23.0,213.4
III,Tarlac,Concepcion,2019-09-15,24.4,33.4,76.1,4.4,24.1,212.4
III,Tarlac,Concepcion,2019-09-16,23.9,33.5,76.1,6.7,23.9,218.3
III,Tarlac,Concepcion,2019-09-17,23.5,35.3,75.0,16.0,24.4,195.9
III,Tarlac,Concepcion,2019-09-18,22.6,34.9,75.9,1.3,23.9,206.4
III,Tarlac,Concepcion,2019-09-19,22.7,34.9,78.8,17.1,24.6,205.3
III,Tarlac,Concepcion,2019-09-20,23.6,36.2,78.6,15.7,25.6,212.8
III,Tarlac,Concepcion,2019-09-21,22.6,34.8,81.1,10.2,24.9,213.4
III,Tarlac,Concepcion,2019-09-22,23.6,36.2,83.7,6.8,26.6,205.0
III,Tarlac,Concepcion,2019-09-23,22.8,36.5,78.8,0.0,25.4,208.5
III,Tarlac,Concepcion,2019-09-24,23.4,36.2,75.1,0.0,24.8,213.1
III,Tarlac,Concepcion,2019-09-25,23.1,35.5,79.1,26.9,25.1,188.5
III,Tarlac,Concepcion,2019-09-26,23.0,36.7,79.5,3.4,25.8,202.9
III,Tarlac,Concepcion,2019-09-27,22.9,35.5,77.2,29.8,24.6,195.2
III,Tarlac,Concepcion,2019-09-28,22.3,34.7,74.2,0.0,23.3,208.5
III,Tarlac,Concepcion,2019-09-29,21.9,33.6,79.3,11.8,23.6,203.8
III,Tarlac,Concepcion,2019-09-30,22.1,34.5,79.1,10.3,24.1,217.3
III,Tarlac,Concepcion,2019-10-01,23.0,33.8,74.6,2.9,23.3,216.8
III,Tarlac,Concepcion,2019-10-02,23.1,35.2,70.7,1.3,23.3,214.8
III,Tarlac,Concepcion,2019-10-03,23.2,35.0,66.2,0.0,22.3,216.1
III,Tarlac,Concepcion,2019-10-04,22.6,33.8,73.8,5.2,23.0,214.9
III,Tarlac,Concepcion,2019-10-05,22.7,32.7,76.3,19.2,23.0,199.2
III,Tarlac,Concepcion,2019-10-06,23.8,34.3,76.4,6.6,24.3,207.9
III,Tarlac,Concepcion,2019-10-07,24.4,34.6,76.6,4.6,24.8,215.7
III,Tarlac,Concepcion,2019-10-08,23.6,34.6,73.7,0.0,23.8,215.9
III,Tarlac,Concepcion,2019-10-09,23.1,34.9,79.6,6.3,24.9,203.7
III,Tarlac,Concepcion,2019-10-10,23.8,34.2,79.9,0.0,25.0,213.8
III,Tarlac,Concepcion,2019-10-11,23.6,33.2,76.6,0.0,23.7,204.6
III,Tarlac,Concepcion,2019-10-12,22.0,33.1,78.5,0.0,23.2,218.5
III,Tarlac,Concepcion,2019-10-13,22.3,33.8,75.7,0.0,23.2,224.5
III,Tarlac,Concepcion,2019-10-14,22.5,34.2,77.2,9.8,23.8,205.6
III,Tarlac,Concepcion,2019-10-15,,34.7,79.0,2.0,24.5,205.7
III,Tarlac,Concepcion,2019-10-16,,31.7,79.6,44.1,22.3,184.0
III,Tarlac,Concepcion,2019-10-17,,34.0,78.3,0.0,23.1,216.8
III,Tarlac,Concepcion,2019-10-18,,33.6,76.2,0.0,23.0,221.5
III,Tarlac,Concepcion,2019-10-19,,34.6,81.9,9.5,24.8,217.2
III,Tarlac,Concepcion,2019-10-20,22.2,35.7,80.0,0.0,25.0,216.4
III,Tarlac,Concepcion,2019-10-21,22.7,34.5,82.5,10.4,25.1,227.3
III,Tarlac,Concepcion,2019-10-22,23.0,33.9,82.9,89.6,25.0,162.7
III,Tarlac,Concepcion,2019-10-23,24.3,33.9,76.0,0.0,24.3,219.2
III,Tarlac,Concepcion,2019-10-24,24.4,35.4,78.0,6.0,25.5,203.0
III,Tarlac,Concepcion,2019-10-25,24.2,36.6,74.2,0.0,25.2,239.6
III,Tarlac,Concepcion,2019-10-26,24.5,34.9,80.0,11.6,25.7,212.7
III,Tarlac,Concepcion,2019-10-27,24.9,35.0,76.7,0.0,25.3,232.3
III,Tarlac,Concepcion,2019-10-28,24.1,37.7,76.8,4.5,26.3,216.7
III,Tarlac,Concepcion,2019-10-29,24.3,34.4,75.6,0.0,24.5,218.4
III,Tarlac,Concepcion,2019-10-30,23.7,,81.1,13.5,25.6,212.5
III,Tarlac,Concepcion,2019-10-31,24.7,,80.7,5.2,26.3,212.2
III,Tarlac,Concepcion,2019-11-01,25.0,,73.4,0.0,24.5,217.6
III,Tarlac,Concepcion,2019-11-02,24.2,,73.4,0.0,24.0,232.8
III,Tarlac,Concepcion,2019-11-03,24.7,,74.6,0.0,23.9,213.7
III,Tarlac,Concepcion,2019-11-04,24.1,32.2,74.7,0.0,23.1,224.9
III,Tarlac,Concepcion,2019-11-05,24.0,33.4,77.1,7.1,,218.0
III,Tarlac,Concepcion,2019-11-06,24.7,34.5,71.1,0.0,,213.8
III,Tarlac,Concepcion,2019-11-07,23.3,33.6,77.2,,,215.5
III,Tarlac,Concepcion,2019-11-08,23.7,32.3,75.2,,,223.5
III,Tarlac,Concepcion,2019-11-09,24.6,32.1,79.7,9.3,24.3,219.8
III,Tarlac,Concepcion,2019-11-10,24.9,30.9,79.7,4.3,23.8,220.8
III,Tarlac,Concepcion,2019-11-11,25.0,31.9,73.9,0.0,23.2,227.6
III,Tarlac,Concepcion,2019-11-12,25.2,32.3,75.2,0.0,23.8,217.8
III,Tarlac,Concepcion,2019-11-13,23.6,31.9,77.9,12.7,23.3,219.8
III,Tarlac,Concepcion,2019-11-14,23.8,31.6,80.3,3.2,23.8,214.6
III,Tarlac,Concepcion,2019-11-15,22.4,32.7,77.4,9.7,23.0,221.5
III,Tarlac,Concepcion,2019-11-16,23.5,33.0,70.7,0.0,22.4,220.9
III,Tarlac,Concepcion,2019-11-17,23.4,33.1,69.1,0.0,22.1,219.7
III,Tarlac,Concepcion,2019-11-18,22.5,31.9,71.3,16.3,21.5,214.5
III,Tarlac,Concepcion,2019-11-19,24.0,33.0,68.8,6.2,22.3,214.7
III,Tarlac,Concepcion,2019-11-20,23.1,32.8,68.0,8.0,21.5,217.7
III,Tarlac,Concepcion,2019-11-21,23.9,33.2,64.0,0.0,21.4,212.4
III,Tarlac,Concepcion,2019-11-22,23.5,32.2,62.9,0.0,20.4,230.4
III,Tarlac,Concepcion,2019-11-23,23.8,33.1,66.0,0.0,21.7,209.5
III,Tarlac,Concepcion,2019-11-24,24.5,34.2,68.4,0.0,23.0,243.2
III,Tarlac,Concepcion,2019-11-25,23.8,32.6,72.7,8.8,22.7,233.4
III,Tarlac,Concepcion,2019-11-26,24.5,31.5,69.8,0.0,22.0,229.1
III,Tarlac,Concepcion,2019-11-27,23.7,30.8,71.1,0.0,21.5,217.5
III,Tarlac,Concepcion,2019-11-28,23.6,31.9,76.5,1.4,23.0,229.7
III,Tarlac,Concepcion,2019-11-29,23.0,32.0,72.5,0.0,22.0,221.8
III,Tarlac,Concepcion,2019-11-30,22.0,33.9,73.6,0.0,22.7,234.2
III,Tarlac,Concepcion,2019-11-30,22.0,33.9,73.6,0.0,22.7,234.2
III,Tarlac,Concepcion,2019-12-01,22.3,33.3,71.3,0.0,22.1,220.7
III,Tarlac,Concepcion,2019-12-02,22.1,32.0,72.4,0.0,21.5,234.8
III,Tarlac,Concepcion,2019-12-03,21.4,31.6,72.6,0.0,21.0,241.3
III,Tarlac,Concepcion,2019-12-04,21.7,32.7,74.2,0.0,22.0,226.7
III,Tarlac,Concepcion,2019-12-05,22.4,32.2,70.6,0.0,21.4,216.3
III,Tarlac,Concepcion,2019-12-06,21.7,31.8,73.0,16.6,21.4,213.8
III,Tarlac,Concepcion,2019-12-07,21.9,34.3,72.2,1.6,22.5,223.9
III,Tarlac,Concepcion,2019-12-08,22.9,33.8,71.7,0.0,22.7,231.0
III,Tarlac,Concepcion,2019-12-09,22.4,34.0,74.9,2.1,23.2,233.4
III,Tarlac,Concepcion,2019-12-10,22.3,33.3,74.8,13.6,22.8,211.2
III,Tarlac,Concepcion,2019-12-11,22.4,33.7,71.9,6.9,22.4,235.4
III,Tarlac,Concepcion,2019-12-12,22.1,33.1,65.2,0.0,20.6,233.4
III,Tarlac,Concepcion,2019-12-13,22.3,33.4,63.4,0.3,20.5,231.7
III,Tarlac,Concepcion,2019-12-14,22.6,34.9,68.5,0.0,22.4,224.6
III,Tarlac,Concepcion,2019-12-15,22.7,35.1,73.6,,23.6,226.4
III,Tarlac,Concepcion,2019-12-16,23.8,34.0,67.6,,22.4,226.8
III,Tarlac,Concepcion,2019-12-17,23.0,33.7,67.8,,21.9,222.7
III,Tarlac,Concepcion,2019-12-18,22.9,33.5,69.6,,22.1,224.1
III,Tarlac,Concepcion,2019-12-19,22.9,33.9,69.6,,22.3,228.3
III,Tarlac,Concepcion,2019-12-20,22.7,32.3,66.9,0.0,20.9,226.2
III,Tarlac,Concepcion,2019-12-21,22.3,32.5,69.4,0.0,21.3,221.5
III,Tarlac,Concepcion,2019-12-22,22.1,32.4,68.5,0.0,21.0,227.2
III,Tarlac,Concepcion,2019-12-23,22.5,31.6,67.7,0.0,20.6,228.3
III,Tarlac,Concepcion,2019-12-24,22.4,32.0,62.8,0.0,19.8,244.5
III,Tarlac,Concepcion,2019-12-25,22.9,33.6,64.3,0.0,21.1,229.4
III,Tarlac,Concepcion,2019-12-26,22.7,32.6,69.2,0.0,21.5,212.7
III,Tarlac,Concepcion,2019-12-27,23.0,31.6,72.4,1.5,21.8,229.8
III,Tarlac,Concepcion,2019-12-28,23.2,31.7,67.3,0.0,20.9,241.6
III,Tarlac,Concepcion,2019-12-29,23.9,31.5,65.7,0.2,20.8,225.1
III,Tarlac,Concepcion,2019-12-30,23.7,31.5,67.6,0.0,21.1,230.1
III,Tarlac,Concepcion,2019-12-31,23.2,30.7,67.6,16.7,20.5,228.0
III,Tarlac,Concepcion,2020-01-01,23.1,30.5,63.8,0.0,19.6,238.7
III,Tarlac,Concepcion,2020-01-02,22.3,31.1,67.6,0.0,20.2,230.6
III,Tarlac,Concepcion,2020-01-03,22.3,31.9,68.9,16.2,20.9,214.2
III,Tarlac,Concepcion,2020-01-04,23.9,31.5,64.8,0.0,20.7,247.1
III,Tarlac,Concepcion,2020-01-05,23.4,32.6,66.5,0.0,21.3,236.8
III,Tarlac,Concepcion,2020-01-06,22.2,32.8,67.7,0.0,21.0,240.0
III,Tarlac,Concepcion,2020-01-07,22.6,34.7,67.1,0.0,22.1,234.3
III,Tarlac,Concepcion,2020-01-08,22.2,32.7,68.3,0.0,21.1,234.1
III,Tarlac,Concepcion,2020-01-09,22.0,33.4,69.4,0.0,21.6,235.1
III,Tarlac,Concepcion,2020-01-10,23.3,34.1,70.3,0.0,22.8,236.2
III,Tarlac,Concepcion,2020-01-11,23.2,32.9,71.1,4.9,22.3,223.0
III,Tarlac,Concepcion,2020-01-12,23.5,33.4,67.9,0.0,22.0,231.1
III,Tarlac,Concepcion,2020-01-13,23.7,32.7,71.4,3.0,22.5,225.3
III,Tarlac,Concepcion,2020-01-14,23.5,32.8,66.6,0.0,21.5,226.6
III,Tarlac,Concepcion,2020-01-15,23.8,32.7,65.2,0.0,21.3,245.6
III,Tarlac,Concepcion,2020-01-16,23.8,31.4,65.5,0.0,20.7,232.6
III,Tarlac,Concepcion,2020-01-17,22.5,32.5,67.3,0.0,21.0,240.1
III,Tarlac,Concepcion,2020-01-18,22.8,32.8,68.4,0.0,21.5,243.4
III,Tarlac,Concepcion,2020-01-19,22.3,33.5,70.3,0.0,22.0,231.1
III,Tarlac,Concepcion,2020-01-20,21.1,34.4,64.2,0.0,20.6,232.6
III,Tarlac,Concepcion,2020-01-21,21.7,36.5,65.7,0.0,22.2,229.7
III,Tarlac,Concepcion,2020-01-22,21.1,34.5,70.1,4.9,21.8,223.1
III,Tarlac,Concepcion,2020-01-23,22.8,34.8,69.0,0.0,22.6,233.5
III,Tarlac,Concepcion,2020-01-24,22.6,35.6,69.9,0.0,23.1,242.8
III,Tarlac,Concepcion,2020-01-25,22.2,34.7,69.6,0.0,22.4,251.1
III,Tarlac,Concepcion,2020-01-26,23.4,34.5,67.4,0.0,22.4,239.1
III,Tarlac,Concepcion,2020-01-27,23.5,34.6,71.1,0.0,23.3,239.9
III,Tarlac,Concepcion,2020-01-28,22.9,33.2,71.2,0.0,22.3,234.7
III,Tarlac,Concepcion,2020-01-29,23.6,35.1,66.3,0.0,22.6,237.6
III,Tarlac,Concepcion,2020-01-30,22.8,35.7,66.3,0.0,22.5,239.5
III,Tarlac,Concepcion,2020-01-31,23.2,35.7,64.6,0.0,22.4,235.4
III,Tarlac,Concepcion,2020-02-01,22.7,35.2,66.1,0.0,22.2,235.6
III,Tarlac,Concepcion,2020-02-02,22.5,35.9,66.1,0.0,22.4,228.9
III,Tarlac,Concepcion,2020-02-03,22.8,33.9,67.7,0.0,21.9,230.6
III,Tarlac,Concepcion,2020-02-04,23.3,34.9,68.7,8.6,22.8,229.5
III,Tarlac,Concepcion,2020-02-05,24.3,34.9,66.4,0.0,22.9,240.3
III,Tarlac,Concepcion,2020-02-06,23.1,34.2,66.8,0.0,22.0,247.7
III,Tarlac,Concepcion,2020-02-07,22.9,34.5,67.2,0.0,22.1,242.1
III,Tarlac,Concepcion,2020-02-08,23.3,33.7,64.6,0.0,21.4,231.6
III,Tarlac,Concepcion,2020-02-09,22.7,33.7,66.5,0.0,21.5,248.0
III,Tarlac,Concepcion,2020-02-10,22.7,33.6,67.8,0.0,21.7,241.1
III,Tarlac,Concepcion,2020-02-11,22.0,32.6,66.3,0.0,20.6,242.2
III,Tarlac,Concepcion,2020-02-12,22.8,32.6,64.8,0.0,20.7,249.0
III,Tarlac,Concepcion,2020-02-13,23.2,32.8,64.6,0.0,20.9,245.0
III,Tarlac,Concepcion,2020-02-14,23.5,32.2,66.7,0.0,21.2,234.6
III,Tarlac,Concepcion,2020-02-15,22.6,33.7,62.3,0.0,20.6,233.9
III,Tarlac,Concepcion,2020-02-16,23.5,32.2,66.0,0.0,21.0,232.4
III,Tarlac,Concepcion,2020-02-17,22.7,32.3,67.8,0.0,21.1,242.3
III,Tarlac,Concepcion,2020-02-18,22.4,32.6,68.5,0.0,21.2,236.8
III,Tarlac,Concepcion,2020-02-19,22.9,32.3,68.5,0.0,21.3,253.3
III,Tarlac,Concepcion,2020-02-20,22.9,32.6,67.9,0.0,21.3,245.9
III,Tarlac,Concepcion,2020-02-21,22.9,32.7,64.5,0.0,20.7,244.3
III,Tarlac,Concepcion,2020-02-22,22.5,32.3,68.2,2.7,21.0,253.0
III,Tarlac,Concepcion,2020-02-23,21.7,32.2,62.8,0.0,19.5,239.6
III,Tarlac,Concepcion,2020-02-24,21.7,32.6,63.3,0.0,19.8,256.2
III,Tarlac,Concepcion,2020-02-25,21.5,32.9,64.8,0.0,20.2,238.6
III,Tarlac,Concepcion,2020-02-26,21.4,32.5,64.7,0.0,19.9,234.9
III,Tarlac,Concepcion,2020-02-27,21.4,30.9,65.6,0.0,19.3,238.6
III,Tarlac,Concepcion,2020-02-28,21.8,31.2,68.6,0.0,20.2,237.8
III,Tarlac,Concepcion,2020-02-29,21.5,32.0,67.9,0.0,20.3,250.7
III,Tarlac,Concepcion,2020-03-01,21.8,32.4,69.8,0.0,21.1,242.5
III,Tarlac,Concepcion,2020-03-02,20.7,33.3,70.8,0.0,21.2,234.9
III,Tarlac,Concepcion,2020-03-03,21.8,32.5,68.9,0.0,,238.4
III,Tarlac,Concepcion,2020-03-04,21.6,33.8,68.1,0.0,,235.3
III,Tarlac,Concepcion,2020-03-05,21.2,32.0,75.5,8.0,21.7,226.2
III,Tarlac,Concepcion,2020-03-06,21.5,32.5,68.5,0.0,20.7,238.8
III,Tarlac,Concepcion,2020-03-07,21.3,32.6,70.1,0.0,21.0,247.4
III,Tarlac,Concepcion,2020-03-08,21.7,31.5,68.6,0.0,20.3,231.7
III,Tarlac,Concepcion,2020-03-09,22.9,32.9,66.4,0.0,21.2,238.3
III,Tarlac,Concepcion,2020-03-10,23.6,33.8,67.5,0.0,22.2,234.5
III,Tarlac,Concepcion,2020-03-11,22.7,33.2,69.4,0.0,21.8,242.3
III,Tarlac,Concepcion,2020-03-12,22.8,33.5,72.2,0.0,22.6,245.4
III,Tarlac,Concepcion,2020-03-13,22.3,34.9,69.1,0.0,22.4,241.3
III,Tarlac,Concepcion,2020-03-14,20.9,32.6,67.7,0.0,20.3,252.0
III,Tarlac,Concepcion,2020-03-15,20.8,32.7,69.4,0.0,20.6,238.8
III,Tarlac,Concepcion,2020-03-16,20.0,33.5,69.0,0.0,20.6,253.1
III,Tarlac,Concepcion,2020-03-17,19.7,33.7,67.2,0.0,20.1,231.2
III,Tarlac,Concepcion,2020-03-18,19.8,33.9,67.1,0.0,20.3,244.4
III,Tarlac,Concepcion,2020-03-19,20.2,33.5,66.0,0.0,20.0,235.0
III,Tarlac,Concepcion,2020-03-20,20.2,33.0,67.7,4.8,20.1,251.5
III,Tarlac,Concepcion,2020-03-21,21.0,32.3,65.3,0.0,19.7,232.7
III,Tarlac,Concepcion,2020-03-22,21.2,32.9,66.0,0.0,20.2,240.5
III,Tarlac,Concepcion,2020-03-23,22.4,33.2,65.9,0.0,21.0,250.2
III,Tarlac,Concepcion,2020-03-24,22.8,32.4,65.5,0.0,20.7,
III,Tarlac,Concepcion,2020-03-25,22.0,32.0,64.1,0.0,19.8,
III,Tarlac,Concepcion,2020-03-26,21.6,32.8,69.8,10.1,21.2,
III,Tarlac,Concepcion,2020-03-27,21.6,32.6,68.8,0.0,20.9,
III,Tarlac,Concepcion,2020-03-28,21.3,33.7,67.1,0.0,20.9,
III,Tarlac,Concepcion,2020-03-29,22.0,33.8,66.7,0.0,21.2,257.4
III,Tarlac,Concepcion,2020-03-30,21.9,31.6,72.9,9.5,21.3,231.7
III,Tarlac,Concepcion,2020-03-31,22.9,31.2,74.2,6.2,21.9,238.8
III,Tarlac,Concepcion,2020-04-01,22.5,32.5,69.3,0.0,21.4,232.7
III,Tarlac,Concepcion,2020-04-02,21.5,31.7,67.7,3.9,20.1,232.9
III,Tarlac,Concepcion,2020-04-03,21.5,32.9,62.2,0.0,19.6,230.9
III,Tarlac,Concepcion,2020-04-04,21.2,32.7,64.1,0.0,19.8,239.7
III,Tarlac,Concepcion,2020-04-05,21.3,31.9,64.3,0.0,19.5,225.9
III,Tarlac,Concepcion,2020-04-06,23.5,32.2,65.1,0.0,20.9,239.5
III,Tarlac,Concepcion,2020-04-07,22.9,33.1,66.3,0.0,21.3,242.6
III,Tarlac,Concepcion,2020-04-08,22.5,31.5,67.8,0.0,20.6,211.9
III,Tarlac,Concepcion,2020-04-09,22.5,31.0,68.8,0.0,20.5,239.3
III,Tarlac,Concepcion,2020-04-10,21.7,31.4,70.5,9.1,20.6,227.6
III,Tarlac,Concepcion,2020-04-11,22.3,31.1,65.8,0.0,19.9,229.2
III,Tarlac,Concepcion,2020-04-12,23.2,33.1,67.4,6.0,21.6,236.6
III,Tarlac,Concepcion,2020-04-13,23.0,33.4,63.0,0.0,20.8,233.8
III,Tarlac,Concepcion,2020-04-14,22.7,33.4,62.8,0.0,20.6,226.6
III,Tarlac,Concepcion,2020-04-15,22.6,32.8,62.8,0.0,20.3,236.0
III,Tarlac,Concepcion,2020-04-16,23.1,32.4,64.0,0.0,20.6,232.8
III,Tarlac,Concepcion,2020-04-17,23.0,33.2,62.2,0.0,20.5,239.7
III,Tarlac,Concepcion,2020-04-18,22.8,32.8,62.4,0.0,20.3,
III,Tarlac,Concepcion,2020-04-19,22.1,32.4,66.0,0.0,20.4,
III,Tarlac,Concepcion,2020-04-20,22.9,31.2,65.0,0.0,20.0,
III,Tarlac,Concepcion,2020-04-21,22.7,31.8,63.3,0.0,19.9,236.4
III,Tarlac,Concepcion,2020-04-22,23.0,32.7,64.0,0.0,20.7,236.6
III,Tarlac,Concepcion,2020-04-23,23.5,33.6,63.8,0.0,21.3,238.9
III,Tarlac,Concepcion,2020-04-24,23.9,34.9,62.8,0.0,22.0,231.8
III,Tarlac,Concepcion,2020-04-25,23.5,34.2,64.2,0.0,21.7,231.3
III,Tarlac,Concepcion,2020-04-26,23.6,34.1,65.2,0.0,21.9,208.6
III,Tarlac,Concepcion,2020-04-27,22.8,33.4,65.9,0.0,21.3,219.5
III,Tarlac,Concepcion,2020-04-28,21.9,33.3,71.9,12.1,22.0,224.6
III,Tarlac,Concepcion,2020-04-29,21.8,33.7,67.1,0.0,21.2,226.9
III,Tarlac,Concepcion,2020-04-30,21.3,34.4,69.0,0.0,21.7,241.2
III,Tarlac,Concepcion,2020-05-01,21.2,34.5,68.8,0.0,21.6,236.6
III,Tarlac,Concepcion,2020-05-02,21.6,36.1,69.1,0.0,22.7,224.8
III,Tarlac,Concepcion,2020-05-03,21.5,34.5,75.2,0.0,23.0,244.2
III,Tarlac,Concepcion,2020-05-04,20.8,33.4,72.2,0.0,21.5,243.9
III,Tarlac,Concepcion,2020-05-05,21.6,32.4,69.7,0.0,20.9,234.2
III,Tarlac,Concepcion,2020-05-06,21.8,33.1,71.7,0.0,21.8,215.1
III,Tarlac,Concepcion,2020-05-07,22.6,33.0,67.7,0.0,21.3,215.4
III,Tarlac,Concepcion,2020-05-08,23.1,32.6,70.8,5.3,22.0,220.6
III,Tarlac,Concepcion,2020-05-09,22.3,32.6,70.4,0.0,21.5,235.1
III,Tarlac,Concepcion,2020-05-10,22.0,32.4,69.7,0.0,21.1,233.6
III,Tarlac,Concepcion,2020-05-11,21.8,34.0,71.7,0.0,22.2,218.7
III,Tarlac,Concepcion,2020-05-12,22.4,35.5,70.5,0.0,23.0,221.1
III,Tarlac,Concepcion,2020-05-13,23.2,34.8,70.5,0.0,23.1,214.3
III,Tarlac,Concepcion,2020-05-14,23.0,33.2,68.8,0.0,21.9,228.6
III,Tarlac,Concepcion,2020-05-15,22.1,33.5,72.8,0.0,,212.8
III,Tarlac,Concepcion,2020-05-16,21.8,32.5,76.0,3.7,,216.0
III,Tarlac,Concepcion,2020-05-17,22.7,33.4,70.0,0.0,,236.6
III,Tarlac,Concepcion,2020-05-18,24.4,34.0,72.5,2.0,,225.1
III,Tarlac,Concepcion,2020-05-19,23.3,33.0,68.8,0.0,21.9,211.6
III,Tarlac,Concepcion,2020-05-20,23.5,32.6,76.6,1.3,23.4,225.6
III,Tarlac,Concepcion,2020-05-21,23.1,33.5,72.6,0.0,22.8,227.0
III,Tarlac,Concepcion,2020-05-22,22.9,31.3,72.3,0.0,21.6,233.9
III,Tarlac,Concepcion,2020-05-23,22.9,31.6,72.0,0.0,21.6,234.7
III,Tarlac,Concepcion,2020-05-24,23.7,31.9,69.7,0.0,21.7,231.1
III,Tarlac,Concepcion,2020-05-25,23.8,32.9,70.5,0.0,22.5,216.7
III,Tarlac,Concepcion,2020-05-26,23.1,31.7,73.7,11.7,22.1,215.3
III,Tarlac,Concepcion,2020-05-27,22.3,33.2,69.2,0.5,21.6,227.9
III,Tarlac,Concepcion,2020-05-28,22.3,34.7,71.2,0.0,22.7,226.0
III,Tarlac,Concepcion,2020-05-29,22.8,34.4,70.6,0.0,22.7,229.3
III,Tarlac,Concepcion,2020-05-30,22.4,33.4,67.9,0.0,21.5,213.5
III,Tarlac,Concepcion,2020-05-31,21.7,34.0,73.6,3.9,22.6,215.9
III,Tarlac,Concepcion,2020-06-01,22.1,35.0,76.6,2.3,23.9,222.5
III,Tarlac,Concepcion,2020-06-02,22.8,34.2,69.0,0.0,22.3,226.0
III,Tarlac,Concepcion,2020-06-03,21.7,33.0,76.4,21.1,22.6,212.8
III,Tarlac,Concepcion,2020-06-04,21.9,34.1,76.5,5.4,23.3,226.7
III,Tarlac,Concepcion,2020-06-05,21.6,33.8,73.2,0.0,22.3,220.5
III,Tarlac,Concepcion,2020-06-06,22.0,33.9,73.9,0.0,22.7,223.7
III,Tarlac,Concepcion,2020-06-07,22.4,34.5,72.3,0.0,22.9,225.9
III,Tarlac,Concepcion,2020-06-08,22.4,32.7,74.9,0.0,22.5,228.3
III,Tarlac,Concepcion,2020-06-09,21.9,32.1,82.2,18.3,23.4,202.2
III,Tarlac,Concepcion,2020-06-10,21.8,35.0,77.9,0.0,24.0,225.4
III,Tarlac,Concepcion,2020-06-11,22.4,34.7,76.1,0.2,23.8,228.7
III,Tarlac,Concepcion,2020-06-12,22.7,34.4,82.5,11.2,25.0,211.1
III,Tarlac,Concepcion,2020-06-13,21.2,32.9,80.0,15.6,23.0,224.3
III,Tarlac,Concepcion,2020-06-14,21.2,33.1,75.0,0.0,22.2,219.4
III,Tarlac,Concepcion,2020-06-15,21.3,30.4,80.4,30.4,21.9,189.4
III,Tarlac,Concepcion,2020-06-16,22.6,32.0,78.5,0.0,23.0,224.7
III,Tarlac,Concepcion,2020-06-17,22.4,32.7,78.3,0.0,23.2,224.9
III,Tarlac,Concepcion,2020-06-18,20.2,33.1,76.6,0.0,22.0,212.1
III,Tarlac,Concepcion,2020-06-19,,33.4,77.7,1.8,23.0,212.9
III,Tarlac,Concepcion,2020-06-20,,33.3,71.5,0.0,22.5,219.8
III,Tarlac,Concepcion,2020-06-21,23.4,32.7,74.7,32.5,23.0,201.6
III,Tarlac,Concepcion,2020-06-22,22.3,32.8,72.0,16.6,21.9,223.3
III,Tarlac,Concepcion,2020-06-23,22.9,34.5,69.2,0.0,22.5,217.4
III,Tarlac,Concepcion,2020-06-24,22.9,33.9,73.8,14.9,23.2,205.6
III,Tarlac,Concepcion,2020-06-25,22.5,34.3,71.4,11.2,22.7,213.2
III,Tarlac,Concepcion,2020-06-26,22.5,33.9,,8.7,22.6,203.1
III,Tarlac,Concepcion,2020-06-27,22.8,34.4,,0.2,22.6,226.5
III,Tarlac,Concepcion,2020-06-28,23.5,34.4,,7.3,24.6,216.6
III,Tarlac,Concepcion,2020-06-29,23.2,34.8,,0.0,23.3,198.2
III,Tarlac,Concepcion,2020-06-30,22.4,36.0,75.5,0.0,24.3,220.6
III,Tarlac,Concepcion,2020-07-01,22.8,36.8,77.2,9.6,25.2,210.4
III,Tarlac,Concepcion,2020-07-02,24.5,35.1,71.0,0.0,24.0,230.6
III,Tarlac,Concepcion,2020-07-03,23.5,35.5,74.6,8.9,24.4,217.4
III,Tarlac,Concepcion,2020-07-04,23.3,35.2,74.3,0.0,24.1,216.7
III,Tarlac,Concepcion,2020-07-05,23.0,34.6,79.7,8.6,24.7,217.1
III,Tarlac,Concepcion,2020-07-06,22.3,34.1,75.1,14.1,23.2,206.5
III,Tarlac,Concepcion,2020-07-07,23.2,34.3,75.5,9.6,23.8,233.8
III,Tarlac,Concepcion,2020-07-08,22.3,33.4,76.9,31.9,23.2,190.8
III,Tarlac,Concepcion,2020-07-09,22.6,35.4,76.9,0.0,24.4,220.1
III,Tarlac,Concepcion,2020-07-10,22.9,36.3,77.8,0.0,25.2,218.1
III,Tarlac,Concepcion,2020-07-11,23.0,35.8,77.8,0.0,25.0,227.3
III,Tarlac,Concepcion,2020-07-12,23.0,35.5,74.4,0.0,24.1,224.6
III,Tarlac,Concepcion,2020-07-13,22.2,33.5,76.7,27.8,23.2,178.8
III,Tarlac,Concepcion,2020-07-14,23.2,35.1,78.3,12.8,24.8,211.6
III,Tarlac,Concepcion,2020-07-15,22.4,34.8,73.6,0.0,23.3,214.3
III,Tarlac,Concepcion,2020-07-16,22.1,35.4,73.7,0.0,23.5,225.3
III,Tarlac,Concepcion,2020-07-17,22.0,34.7,73.6,0.0,23.1,228.2
III,Tarlac,Concepcion,2020-07-18,23.6,33.6,76.4,0.0,23.9,230.4
III,Tarlac,Concepcion,2020-07-19,23.7,34.4,78.5,0.0,24.7,229.6
III,Tarlac,Concepcion,2020-07-20,23.0,32.7,79.3,13.1,23.7,188.9
III,Tarlac,Concepcion,2020-07-21,23.7,33.1,75.0,0.0,23.4,211.3
III,Tarlac,Concepcion,2020-07-22,23.9,32.0,79.6,2.3,23.9,221.6
III,Tarlac,Concepcion,2020-07-23,24.4,34.5,75.8,0.0,24.6,208.8
III,Tarlac,Concepcion,2020-07-24,24.7,34.2,73.4,0.0,24.1,216.1
III,Tarlac,Concepcion,2020-07-25,23.8,34.3,75.6,17.8,24.2,190.2
III,Tarlac,Concepcion,2020-07-26,23.2,35.0,78.5,15.9,24.8,189.7
III,Tarlac,Concepcion,2020-07-27,23.3,35.4,74.7,0.0,24.3,208.9
III,Tarlac,Concepcion,2020-07-28,22.4,35.2,75.9,4.1,24.0,218.5
III,Tarlac,Concepcion,2020-07-29,22.1,34.2,72.4,0.0,22.6,209.7
III,Tarlac,Concepcion,2020-07-30,21.6,33.9,75.0,7.5,22.8,206.7
III,Tarlac,Concepcion,2020-07-31,20.9,33.9,75.2,25.7,22.4,198.6
III,Tarlac,Concepcion,2020-08-01,19.9,34.8,71.7,0.0,21.7,222.2
III,Tarlac,Concepcion,2020-08-02,21.0,34.6,79.7,3.7,23.7,207.4
III,Tarlac,Concepcion,2020-08-03,22.6,34.6,74.7,0.0,23.5,228.8
III,Tarlac,Concepcion,2020-08-04,24.0,35.7,78.1,13.5,25.5,205.2
III,Tarlac,Concepcion,2020-08-05,23.9,35.0,81.9,13.0,25.8,201.0
III,Tarlac,Concepcion,2020-08-06,24.6,33.7,82.3,8.4,25.6,209.3
III,Tarlac,Concepcion,2020-08-07,24.8,35.5,78.8,1.1,25.9,222.5
III,Tarlac,Concepcion,2020-08-08,24.1,34.5,76.0,0.0,24.5,213.7
III,Tarlac,Concepcion,2020-08-09,22.8,32.8,72.6,0.0,22.3,217.1
III,Tarlac,Concepcion,2020-08-10,22.8,31.6,77.9,12.7,22.8,192.2
III,Tarlac,Concepcion,2020-08-11,21.9,33.5,73.9,0.0,22.5,214.5
III,Tarlac,Concepcion,2020-08-12,21.2,32.7,75.8,27.4,22.1,179.3
III,Tarlac,Concepcion,2020-08-13,22.2,34.1,74.9,0.0,23.1,223.0
III,Tarlac,Concepcion,2020-08-14,23.3,34.0,75.9,7.5,,209.9
III,Tarlac,Concepcion,2020-08-15,22.7,32.1,76.9,7.6,,208.3
III,Tarlac,Concepcion,2020-08-16,22.1,31.8,79.0,35.0,,185.8
III,Tarlac,Concepcion,2020-08-17,22.4,33.2,80.1,11.6,,202.7
III,Tarlac,Concepcion,2020-08-18,22.5,34.9,76.2,2.9,23.9,209.2
III,Tarlac,Concepcion,2020-08-19,22.8,34.8,75.4,8.8,23.9,198.1
III,Tarlac,Concepcion,2020-08-20,23.6,33.8,79.0,11.7,24.5,204.2
III,Tarlac,Concepcion,2020-08-21,22.9,33.5,72.3,0.0,22.7,214.5
III,Tarlac,Concepcion,2020-08-22,22.7,33.8,78.7,0.0,24.0,202.0
III,Tarlac,Concepcion,2020-08-23,23.0,32.8,81.1,25.3,24.1,183.4
III,Tarlac,Concepcion,2020-08-24,24.1,32.8,80.8,29.7,24.6,194.3
III,Tarlac,Concepcion,2020-08-25,23.6,32.9,78.3,0.0,23.9,226.9
III,Tarlac,Concepcion,2020-08-26,23.3,33.8,81.0,3.7,24.7,214.8
III,Tarlac,Concepcion,2020-08-27,24.0,34.9,80.8,4.6,25.6,213.1
III,Tarlac,Concepcion,2020-08-28,23.7,35.9,74.3,0.0,24.7,198.0
III,Tarlac,Concepcion,2020-08-29,24.1,35.4,75.4,7.8,24.8,199.7
III,Tarlac,Concepcion,2020-08-30,23.4,35.4,75.1,9.6,24.4,208.3
III,Tarlac,Concepcion,2020-08-31,23.3,35.2,75.6,2.0,24.4,216.3
III,Tarlac,Concepcion,2020-09-01,24.2,34.2,78.6,3.0,24.9,214.5
III,Tarlac,Concepcion,2020-09-02,24.2,35.1,80.7,4.1,25.8,205.2
III,Tarlac,Concepcion,2020-09-03,24.9,34.3,79.3,13.0,25.5,197.4
III,Tarlac,Concepcion,2020-09-04,24.4,36.1,79.9,2.5,26.2,207.1
III,Tarlac,Concepcion,2020-09-05,37.3538878797047,36.4,79.6,6.0,26.6,209.6
III,Tarlac,Concepcion,2020-09-06,24.6,35.2,78.0,13.5,25.5,194.4
III,Tarlac,Concepcion,2020-09-07,24.9,36.4,74.3,0.0,25.5,216.7
III,Tarlac,Concepcion,2020-09-08,24.9,35.4,81.2,2.0,26.4,205.1
III,Tarlac,Concepcion,2020-09-09,24.3,35.2,79.1,0.0,25.6,206.7
III,Tarlac,Concepcion,2020-09-10,23.2,36.1,,3.9,26.4,215.5
III,Tarlac,Concepcion,2020-09-11,24.4,35.4,,3.3,26.7,216.3
III,Tarlac,Concepcion,2020-09-12,24.4,34.6,,0.0,25.5,218.5
III,Tarlac,Concepcion,2020-09-13,24.2,35.8,,6.9,26.4,217.5
III,Tarlac,Concepcion,2020-09-14,24.7,37.1,,0.0,26.2,208.2
III,Tarlac,Concepcion,2020-09-15,24.5,36.4,81.9,6.4,26.8,202.1
III,Tarlac,Concepcion,2020-09-16,24.8,34.7,84.5,3.4,26.6,214.8
III,Tarlac,Concepcion,2020-09-17,24.5,31.4,82.2,25.0,24.4,186.2
III,Tarlac,Concepcion,2020-09-18,23.4,33.2,83.7,4.3,25.0,211.1
III,Tarlac,Concepcion,2020-09-19,23.2,33.5,77.8,0.0,23.9,224.0
III,Tarlac,Concepcion,2020-09-20,22.7,34.8,78.6,0.0,24.5,216.7
III,Tarlac,Concepcion,2020-09-21,22.9,34.7,82.3,3.3,25.3,205.0
III,Tarlac,Concepcion,2020-09-22,21.9,34.7,84.2,7.3,25.1,206.2
III,Tarlac,Concepcion,2020-09-23,23.2,34.8,78.4,5.5,24.7,212.0
III,Tarlac,Concepcion,2020-09-24,22.8,33.4,79.5,5.7,24.0,220.1
III,Tarlac,Concepcion,2020-09-25,23.6,33.4,74.8,10.1,23.5,192.5
III,Tarlac,Concepcion,2020-09-26,22.8,32.7,75.8,19.0,22.9,204.2
III,Tarlac,Concepcion,2020-09-27,24.6,34.5,77.6,1.2,25.1,214.8
III,Tarlac,Concepcion,2020-09-28,24.7,35.6,76.6,0.0,25.5,212.9
III,Tarlac,Concepcion,2020-09-29,25.1,34.3,75.0,0.0,24.7,230.6
III,Tarlac,Concepcion,2020-09-30,24.8,33.4,77.4,6.4,24.6,215.6
III,Tarlac,Concepcion,2020-10-01,24.0,34.8,74.4,0.0,24.3,214.3
III,Tarlac,Concepcion,2020-10-02,23.8,32.8,78.0,8.5,23.9,212.2
III,Tarlac,Concepcion,2020-10-03,23.9,33.8,74.3,1.3,23.7,221.8
III,Tarlac,Concepcion,2020-10-04,23.7,33.7,72.4,0.0,23.2,221.8
III,Tarlac,Concepcion,2020-10-05,22.8,34.7,,4.8,24.4,193.6
III,Tarlac,Concepcion,2020-10-06,21.3,33.3,,7.2,22.5,204.3
III,Tarlac,Concepcion,2020-10-07,21.8,36.4,74.0,0.0,23.9,222.7
III,Tarlac,Concepcion,2020-10-08,22.4,35.7,74.3,0.0,23.9,210.4
III,Tarlac,Concepcion,2020-10-09,22.2,32.0,76.4,38.6,22.4,196.2
III,Tarlac,Concepcion,2020-10-10,21.8,33.0,78.5,20.6,23.1,199.6
III,Tarlac,Concepcion,2020-10-11,21.3,34.6,78.7,24.2,23.7,203.2
III,Tarlac,Concepcion,2020-10-12,23.2,35.9,73.7,0.0,24.3,211.2
III,Tarlac,Concepcion,2020-10-13,22.4,36.1,73.7,0.0,24.0,228.0
III,Tarlac,Concepcion,2020-10-14,22.6,35.5,75.3,0.0,24.1,215.5
III,Tarlac,Concepcion,2020-10-15,22.9,34.5,77.0,5.3,24.1,206.5
III,Tarlac,Concepcion,2020-10-16,22.2,33.7,73.1,0.0,22.6,212.3
III,Tarlac,Concepcion,2020-10-17,22.0,,77.2,26.2,23.2,195.8
III,Tarlac,Concepcion,2020-10-18,22.9,,77.2,0.0,24.4,218.3
III,Tarlac,Concepcion,2020-10-19,22.8,,79.4,0.0,23.9,207.4
III,Tarlac,Concepcion,2020-10-20,22.9,,82.7,18.5,24.1,200.7
III,Tarlac,Concepcion,2020-10-21,23.4,,76.2,0.0,23.0,215.2
III,Tarlac,Concepcion,2020-10-22,22.7,33.2,80.0,5.4,24.0,224.1
III,Tarlac,Concepcion,2020-10-23,23.3,35.3,75.6,0.0,24.4,211.8
III,Tarlac,Concepcion,2020-10-24,22.9,36.6,81.0,1.8,26.0,218.8
III,Tarlac,Concepcion,2020-10-25,22.3,35.8,78.7,3.7,24.8,202.5
III,Tarlac,Concepcion,2020-10-26,22.2,35.4,75.7,0.0,23.9,231.5
III,Tarlac,Concepcion,2020-10-27,22.8,35.4,79.6,4.3,25.0,209.7
III,Tarlac,Concepcion,2020-10-28,22.9,34.8,79.0,17.6,24.6,202.1
III,Tarlac,Concepcion,2020-10-29,22.5,34.0,78.8,7.1,24.0,221.6
III,Tarlac,Concepcion,2020-10-30,22.9,32.7,78.6,6.7,23.5,207.6
III,Tarlac,Concepcion,2020-10-31,23.2,33.0,78.2,2.7,23.7,226.2
III,Tarlac,Concepcion,2020-11-01,22.9,33.4,75.8,0.0,23.3,221.1
III,Tarlac,Concepcion,2020-11-02,22.0,34.7,79.7,5.1,24.3,218.0
III,Tarlac,Concepcion,2020-11-03,23.3,34.3,75.1,0.0,23.8,216.7
III,Tarlac,Concepcion,2020-11-04,22.7,34.7,76.6,3.0,24.0,225.9
III,Tarlac,Concepcion,2020-11-05,23.0,34.1,74.9,0.0,23.5,208.3
III,Tarlac,Concepcion,2020-11-06,22.1,33.7,78.7,3.1,23.6,212.9
III,Tarlac,Concepcion,2020-11-07,22.8,34.2,79.4,6.4,24.4,216.4
III,Tarlac,Concepcion,2020-11-08,23.5,33.2,74.0,0.0,23.2,214.9
III,Tarlac,Concepcion,2020-11-09,23.6,32.5,75.0,0.0,23.0,220.4
III,Tarlac,Concepcion,2020-11-10,23.7,34.1,81.5,2.6,25.2,213.7
III,Tarlac,Concepcion,2020-11-11,24.4,32.8,75.8,22.2,23.8,212.6
III,Tarlac,Concepcion,2020-11-12,23.5,32.2,75.4,30.6,22.9,196.3
III,Tarlac,Concepcion,2020-11-13,23.8,33.4,73.1,0.0,23.2,211.8
III,Tarlac,Concepcion,2020-11-14,23.4,34.0,72.0,0.0,23.1,223.5
III,Tarlac,Concepcion,2020-11-15,23.9,33.1,72.3,6.2,23.0,209.2
III,Tarlac,Concepcion,2020-11-16,24.3,32.6,69.0,0.0,22.3,230.7
III,Tarlac,Concepcion,2020-11-17,23.8,32.8,75.0,8.5,23.3,222.8
III,Tarlac,Concepcion,2020-11-18,25.0,33.3,68.0,0.0,22.8,214.1
III,Tarlac,Concepcion,2020-11-19,24.5,34.5,68.8,0.0,23.3,219.1
III,Tarlac,Concepcion,2020-11-20,23.7,35.1,70.9,0.0,23.6,231.5
III,Tarlac,Concepcion,2020-11-21,23.2,35.2,70.7,0.0,23.3,220.0
III,Tarlac,Concepcion,2020-11-22,21.6,34.6,71.7,0.0,22.4,218.2
III,Tarlac,Concepcion,2020-11-23,22.3,34.5,70.2,0.0,22.4,229.6
III,Tarlac,Concepcion,2020-11-24,20.8,32.6,73.5,13.8,21.4,219.3
III,Tarlac,Concepcion,2020-11-25,20.9,34.3,66.6,0.0,20.9,229.8
III,Tarlac,Concepcion,2020-11-26,20.6,34.4,69.7,1.9,21.4,229.4
III,Tarlac,Concepcion,2020-11-27,20.7,34.1,66.1,0.0,20.6,219.5
III,Tarlac,Concepcion,2020-11-28,21.1,33.4,69.8,3.1,21.2,208.3
III,Tarlac,Concepcion,2020-11-29,22.2,33.6,70.0,5.2,21.9,217.9
III,Tarlac,Concepcion,2020-11-30,22.9,32.4,68.1,0.0,21.3,233.4
III,Tarlac,Concepcion,2020-12-01,22.4,31.9,68.4,0.0,20.8,232.3
III,Tarlac,Concepcion,2020-12-02,22.6,33.8,68.3,0.0,21.9,229.8
III,Tarlac,Concepcion,2020-12-03,22.9,33.1,68.6,0.0,21.7,240.8
III,Tarlac,Concepcion,2020-12-04,21.6,33.2,104.3,0.0,21.5,236.4
III,Tarlac,Concepcion,2020-12-05,21.9,33.1,69.8,,21.5,229.1
III,Tarlac,Concepcion,2020-12-06,22.0,31.4,,,21.1,234.0
III,Tarlac,Concepcion,2020-12-07,21.7,33.6,,,21.9,234.9
III,Tarlac,Concepcion,2020-12-08,22.1,34.1,,0.0,21.9,228.2
III,Tarlac,Concepcion,2020-12-09,20.4,33.4,,0.0,20.5,243.0
III,Tarlac,Concepcion,2020-12-10,20.6,33.6,,0.0,20.9,231.0
III,Tarlac,Concepcion,2020-12-11,21.8,34.1,71.3,0.0,22.2,235.2
III,Tarlac,Concepcion,2020-12-12,21.1,33.9,71.0,0.0,21.7,220.5
III,Tarlac,Concepcion,2020-12-13,21.3,33.8,72.7,8.2,22.1,226.0
III,Tarlac,Concepcion,2020-12-14,21.1,34.8,75.8,4.8,23.1,224.6
III,Tarlac,Concepcion,2020-12-15,21.5,34.3,72.7,0.0,22.4,230.7
III,Tarlac,Concepcion,2020-12-16,22.4,36.2,75.8,3.1,24.5,226.6
III,Tarlac,Concepcion,2020-12-17,22.9,34.4,71.6,0.0,23.0,228.0
III,Tarlac,Concepcion,2020-12-18,23.8,36.0,72.3,0.0,24.4,217.6
III,Tarlac,Concepcion,2020-12-19,23.2,36.1,76.3,1.7,24.9,225.8
III,Tarlac,Concepcion,2020-12-20,22.8,35.4,74.6,0.0,24.0,233.6
III,Tarlac,Concepcion,2020-12-21,22.7,35.5,75.7,2.2,24.2,225.3
III,Tarlac,Concepcion,2020-12-22,23.0,35.2,76.2,0.0,24.3,235.2
III,Tarlac,Concepcion,2020-12-23,23.0,34.9,70.3,0.0,23.0,243.4
III,Tarlac,Concepcion,2020-12-24,21.9,34.0,71.5,13.8,22.2,208.3
III,Tarlac,Concepcion,2020-12-25,21.6,35.1,70.2,,22.4,229.3
III,Tarlac,Concepcion,2020-12-26,21.5,36.0,77.1,,24.2,224.0
III,Tarlac,Concepcion,2020-12-27,22.2,33.9,72.3,,22.5,214.5
III,Tarlac,Concepcion,2020-12-28,22.3,33.7,70.5,,22.1,231.2
III,Tarlac,Concepcion,2020-12-29,23.4,32.8,78.6,11.0,23.8,229.8
III,Tarlac,Concepcion,2020-12-30,22.6,34.3,71.3,0.0,22.7,234.0
III,Tarlac,Concepcion,2020-12-31,22.5,34.2,72.8,0.0,22.9,231.8
III,Tarlac,Concepcion,2021-01-01,22.5,32.2,71.5,0.0,21.7,222.5
III,Tarlac,Concepcion,2021-01-02,21.8,31.7,72.7,15.1,21.3,221.1
III,Tarlac,Concepcion,2021-01-03,21.7,31.9,69.8,0.0,20.8,229.3
III,Tarlac,Concepcion,2021-01-04,22.5,31.7,73.3,11.7,21.8,214.1
III,Tarlac,Concepcion,2021-01-05,22.8,31.9,69.5,0.0,21.2,239.6
III,Tarlac,Concepcion,2021-01-06,22.8,31.4,70.2,0.0,21.1,224.1
III,Tarlac,Concepcion,2021-01-07,23.8,31.6,68.3,0.0,21.4,237.4
III,Tarlac,Concepcion,2021-01-08,22.7,31.1,65.5,0.0,20.0,235.7
III,Tarlac,Concepcion,2021-01-09,23.0,31.0,63.7,0.0,19.7,226.8
III,Tarlac,Concepcion,2021-01-10,22.5,30.9,73.1,3.9,21.3,241.2
III,Tarlac,Concepcion,2021-01-11,22.4,33.1,71.7,0.0,22.1,217.3
III,Tarlac,Concepcion,2021-01-12,22.7,32.5,71.5,0.0,21.9,233.6
III,Tarlac,Concepcion,2021-01-13,,33.0,70.6,0.0,22.1,233.5
III,Tarlac,Concepcion,2021-01-14,,32.3,73.5,7.3,22.4,247.7
III,Tarlac,Concepcion,2021-01-15,,33.6,66.1,0.0,21.7,234.1
III,Tarlac,Concepcion,2021-01-16,,34.8,66.3,0.0,22.3,259.6
III,Tarlac,Concepcion,2021-01-17,,34.3,70.1,0.0,22.3,236.6
III,Tarlac,Concepcion,2021-01-18,22.7,33.7,67.9,0.0,21.8,243.7
III,Tarlac,Concepcion,2021-01-19,22.3,35.8,70.3,0.0,23.1,258.9
III,Tarlac,Concepcion,2021-01-20,22.7,33.4,67.8,0.0,21.6,238.5
III,Tarlac,Concepcion,2021-01-21,22.3,33.7,68.8,0.0,21.8,216.6
III,Tarlac,Concepcion,2021-01-22,22.8,34.9,70.6,0.0,23.0,227.4
III,Tarlac,Concepcion,2021-01-23,22.5,33.6,64.4,0.0,20.9,244.3
III,Tarlac,Concepcion,2021-01-24,23.1,31.9,63.2,0.0,20.1,249.9
III,Tarlac,Concepcion,2021-01-25,23.7,34.0,69.5,6.7,22.8,228.7
III,Tarlac,Concepcion,2021-01-26,24.1,33.2,69.7,0.0,22.6,233.4
III,Tarlac,Concepcion,2021-01-27,23.0,31.6,70.0,0.0,21.3,255.9
III,Tarlac,Concepcion,2021-01-28,21.4,31.8,72.4,0.0,21.1,237.0
III,Tarlac,Concepcion,2021-01-29,22.4,30.9,68.8,0.0,20.4,234.8
III,Tarlac,Concepcion,2021-01-30,22.3,31.4,69.7,6.3,20.8,235.5
III,Tarlac,Concepcion,2021-01-31,22.8,33.2,67.8,0.0,21.6,238.0
III,Tarlac,Concepcion,2021-02-01,22.3,32.9,67.7,0.0,21.1,235.1
III,Tarlac,Concepcion,2021-02-02,22.3,32.8,75.7,4.7,22.7,241.4
III,Tarlac,Concepcion,2021-02-03,21.5,33.6,71.4,0.0,21.8,232.7
III,Tarlac,Concepcion,2021-02-04,21.1,33.1,72.4,0.0,21.6,229.0
III,Tarlac,Concepcion,2021-02-05,21.6,33.4,71.3,0.0,21.8,232.0
III,Tarlac,Concepcion,2021-02-06,21.3,33.4,74.9,5.8,22.3,233.0
III,Tarlac,Concepcion,2021-02-07,21.8,32.7,65.5,0.0,20.4,237.2
III,Tarlac,Concepcion,2021-02-08,22.4,33.6,65.2,0.0,21.0,232.6
III,Tarlac,Concepcion,2021-02-09,22.4,32.7,66.9,0.0,20.9,238.4
III,Tarlac,Concepcion,2021-02-10,22.7,31.3,66.2,0.0,20.2,236.3
III,Tarlac,Concepcion,2021-02-11,22.0,30.9,65.4,2.1,19.5,246.5
III,Tarlac,Concepcion,2021-02-12,21.7,32.8,63.4,0.0,19.9,238.7
III,Tarlac,Concepcion,2021-02-13,21.4,34.0,66.8,5.0,21.1,250.6
III,Tarlac,Concepcion,2021-02-14,22.8,35.0,61.5,0.0,21.2,220.4
III,Tarlac,Concepcion,2021-02-15,23.0,35.9,64.8,0.0,22.4,235.4
III,Tarlac,Concepcion,2021-02-15,23.0,35.9,64.8,0.0,22.4,235.4
III,Tarlac,Concepcion,2021-02-16,22.5,34.7,66.7,0.0,21.9,230.7
III,Tarlac,Concepcion,2021-02-17,23.7,33.9,65.5,0.0,21.9,246.8
III,Tarlac,Concepcion,2021-02-18,24.0,33.9,62.7,0.0,21.5,231.5
III,Tarlac,Concepcion,2021-02-19,23.8,34.3,64.9,0.0,,232.8
III,Tarlac,Concepcion,2021-02-20,24.0,33.6,64.7,0.0,,249.3
III,Tarlac,Concepcion,2021-02-21,22.1,31.4,70.0,25.4,,223.5
III,Tarlac,Concepcion,2021-02-22,,32.6,67.8,0.0,21.5,236.1
III,Tarlac,Concepcion,2021-02-23,,32.0,63.8,0.0,20.5,243.6
III,Tarlac,Concepcion,2021-02-24,,31.8,65.4,0.0,20.9,238.1
III,Tarlac,Concepcion,2021-02-25,23.4,31.8,65.2,0.0,20.6,234.8
III,Tarlac,Concepcion,2021-02-26,22.5,30.8,68.3,12.6,20.3,229.0
III,Tarlac,Concepcion,2021-02-27,21.9,33.3,62.9,0.0,20.2,238.9
III,Tarlac,Concepcion,2021-02-28,21.4,34.0,64.3,3.2,20.6,239.6
III,Tarlac,Concepcion,2021-03-01,21.3,32.9,60.3,0.0,19.2,248.1
III,Tarlac,Concepcion,2021-03-02,21.5,31.4,64.2,0.0,19.3,237.3
III,Tarlac,Concepcion,2021-03-03,22.2,33.4,66.2,0.0,21.0,247.2
III,Tarlac,Concepcion,2021-03-04,22.8,32.8,65.9,0.0,21.0,231.3
III,Tarlac,Concepcion,2021-03-05,22.7,32.6,67.0,0.0,21.0,247.3
III,Tarlac,Concepcion,2021-03-06,22.3,33.4,67.4,0.0,21.3,240.3
III,Tarlac,Concepcion,2021-03-07,22.6,33.8,68.9,0.0,22.0,245.0
III,Tarlac,Concepcion,2021-03-08,23.3,33.4,68.8,0.0,22.1,242.2
III,Tarlac,Concepcion,2021-03-09,23.1,31.7,68.1,0.0,21.0,235.3
III,Tarlac,Concepcion,2021-03-10,21.5,32.8,71.3,1.8,21.4,243.3
III,Tarlac,Concepcion,2021-03-11,21.3,32.4,65.0,0.0,19.8,246.8
III,Tarlac,Concepcion,2021-03-12,21.5,31.4,65.6,0.0,19.6,254.2
III,Tarlac,Concepcion,2021-03-13,23.3,32.0,64.0,0.0,20.4,214.2
III,Tarlac,Concepcion,2021-03-14,22.8,33.0,65.5,0.0,21.0,232.6
III,Tarlac,Concepcion,2021-03-15,23.9,32.3,65.1,0.0,21.1,236.3
III,Tarlac,Concepcion,2021-03-16,23.2,32.6,65.3,0.0,21.0,237.2
III,Tarlac,Concepcion,2021-03-17,23.1,32.0,73.1,8.8,22.2,227.9
III,Tarlac,Concepcion,2021-03-18,23.4,32.8,68.1,0.0,21.7,250.5
III,Tarlac,Concepcion,2021-03-19,22.6,34.0,65.8,0.0,,246.4
III,Tarlac,Concepcion,2021-03-20,22.7,34.5,67.5,0.0,,243.2
III,Tarlac,Concepcion,2021-03-21,23.0,33.7,65.6,0.0,21.5,226.4
III,Tarlac,Concepcion,2021-03-22,23.6,31.5,65.0,0.0,20.6,240.8
III,Tarlac,Concepcion,2021-03-23,22.8,33.4,62.7,,20.6,249.2
III,Tarlac,Concepcion,2021-03-24,23.0,32.2,62.5,,20.1,239.1
III,Tarlac,Concepcion,2021-03-25,23.1,33.6,63.9,,21.1,238.8
III,Tarlac,Concepcion,2021-03-26,22.9,34.0,64.6,,21.4,232.1
III,Tarlac,Concepcion,2021-03-27,21.2,33.3,68.6,,21.0,230.9
III,Tarlac,Concepcion,2021-03-28,21.5,33.6,68.8,0.0,21.3,227.6
III,Tarlac,Concepcion,2021-03-29,21.8,33.1,72.2,0.0,21.9,245.6
III,Tarlac,Concepcion,2021-03-30,21.3,33.8,70.8,0.0,21.7,227.3
III,Tarlac,Concepcion,2021-03-31,21.9,33.3,68.9,0.0,21.4,231.6
III,Tarlac,Concepcion,2021-04-01,22.3,32.4,71.6,6.9,21.7,229.7
III,Tarlac,Concepcion,2021-04-02,23.2,,72.4,8.2,23.4,224.1
III,Tarlac,Concepcion,2021-04-03,23.2,,67.9,0.0,21.8,241.2
III,Tarlac,Concepcion,2021-04-04,,,68.3,0.0,22.6,233.4
III,Tarlac,Concepcion,2021-04-05,,,72.5,5.1,23.2,226.6
III,Tarlac,Concepcion,2021-04-06,22.8,34.8,67.8,0.0,22.4,237.6
III,Tarlac,Concepcion,2021-04-07,22.5,35.0,67.3,0.0,22.2,232.1
III,Tarlac,Concepcion,2021-04-08,21.6,34.0,68.5,0.0,21.5,243.7
III,Tarlac,Concepcion,2021-04-09,22.1,34.3,70.7,0.0,22.3,247.2
III,Tarlac,Concepcion,2021-04-10,22.4,33.7,68.7,0.0,21.8,247.4
III,Tarlac,Concepcion,2021-04-11,23.5,33.3,76.1,2.8,23.6,240.2
III,Tarlac,Concepcion,2021-04-12,24.9,32.8,67.8,0.0,22.4,238.2
III,Tarlac,Concepcion,2021-04-13,24.1,33.0,67.1,0.0,22.0,236.5
III,Tarlac,Concepcion,2021-04-14,24.1,35.2,68.9,0.0,23.4,232.0
III,Tarlac,Concepcion,2021-04-15,23.9,34.7,66.8,0.0,,227.5
III,Tarlac,Concepcion,2021-04-16,24.1,32.6,67.4,0.0,,234.1
III,Tarlac,Concepcion,2021-04-17,23.9,33.6,64.4,0.0,,228.4
III,Tarlac,Concepcion,2021-04-18,24.0,32.8,65.1,0.0,21.4,230.9
III,Tarlac,Concepcion,2021-04-19,22.6,32.4,64.1,0.0,20.3,226.7
III,Tarlac,Concepcion,2021-04-20,23.2,30.6,70.1,11.3,20.9,235.0
III,Tarlac,Concepcion,2021-04-21,23.5,33.5,66.9,0.1,21.9,241.8
III,Tarlac,Concepcion,2021-04-22,23.1,34.3,69.4,0.0,22.6,244.9
III,Tarlac,Concepcion,2021-04-23,22.2,34.5,71.7,0.0,22.7,220.3
III,Tarlac,Concepcion,2021-04-24,22.4,33.6,70.9,0.0,22.2,238.4
III,Tarlac,Concepcion,2021-04-25,22.0,32.3,71.3,0.0,21.4,
III,Tarlac,Concepcion,2021-04-26,23.1,32.6,73.2,0.0,22.5,
III,Tarlac,Concepcion,2021-04-27,22.3,33.9,74.2,0.0,22.9,224.8
III,Tarlac,Concepcion,2021-04-28,21.9,34.2,,2.7,23.1,225.6
III,Tarlac,Concepcion,2021-04-29,22.4,34.7,,0.0,22.7,235.8
III,Tarlac,Concepcion,2021-04-30,22.7,32.4,68.2,0.0,21.2,241.5
III,Tarlac,Concepcion,2021-05-01,21.9,33.1,67.8,0.0,21.1,225.6
III,Tarlac,Concepcion,2021-05-02,22.4,32.2,71.1,0.0,21.5,222.3
III,Tarlac,Concepcion,2021-05-03,22.7,33.3,71.9,0.0,22.4,237.5
III,Tarlac,Concepcion,2021-05-04,22.9,32.7,69.2,0.0,21.6,234.6
III,Tarlac,Concepcion,2021-05-05,22.9,32.7,71.0,1.0,22.0,234.4
III,Tarlac,Concepcion,2021-05-06,22.2,32.1,69.1,0.0,21.0,239.9
III,Tarlac,Concepcion,2021-05-07,,33.9,66.7,0.0,21.5,238.8
III,Tarlac,Concepcion,2021-05-08,,33.9,67.8,0.0,22.0,241.4
III,Tarlac,Concepcion,2021-05-09,,33.9,64.9,0.0,21.1,226.2
III,Tarlac,Concepcion,2021-05-10,,32.9,65.7,0.0,20.7,234.8
III,Tarlac,Concepcion,2021-05-11,,34.3,64.2,0.0,,225.1
III,Tarlac,Concepcion,2021-05-12,22.7,33.4,64.4,0.0,,238.1
III,Tarlac,Concepcion,2021-05-13,23.3,31.0,66.6,0.0,20.5,248.5
III,Tarlac,Concepcion,2021-05-14,22.5,30.7,67.8,0.0,20.2,221.4
III,Tarlac,Concepcion,2021-05-15,23.4,31.9,103.8,0.0,21.0,236.7
III,Tarlac,Concepcion,2021-05-16,22.4,32.1,67.7,0.0,20.8,228.4
III,Tarlac,Concepcion,2021-05-17,21.0,32.2,70.7,2.8,20.7,228.1
III,Tarlac,Concepcion,2021-05-18,21.3,31.8,71.1,0.0,20.8,220.4
III,Tarlac,Concepcion,2021-05-19,21.9,30.8,69.0,0.0,20.2,230.5
III,Tarlac,Concepcion,2021-05-20,22.1,31.5,66.0,0.0,20.0,235.8
III,Tarlac,Concepcion,2021-05-21,22.3,32.9,66.9,0.0,21.0,222.7
III,Tarlac,Concepcion,2021-05-22,21.9,33.4,70.5,0.0,21.8,224.5
III,Tarlac,Concepcion,2021-05-23,20.8,33.4,68.1,0.0,20.7,227.9
III,Tarlac,Concepcion,2021-05-24,20.4,33.7,69.6,0.0,21.0,222.1
III,Tarlac,Concepcion,2021-05-25,20.8,34.0,70.5,0.0,21.5,233.6
III,Tarlac,Concepcion,2021-05-26,20.9,34.0,72.1,0.0,21.9,222.1
III,Tarlac,Concepcion,2021-05-27,22.1,32.7,78.5,4.1,23.1,220.1
III,Tarlac,Concepcion,2021-05-28,22.5,32.2,71.5,0.0,21.7,232.8
III,Tarlac,Concepcion,2021-05-29,22.8,32.9,72.0,0.0,22.2,237.4
III,Tarlac,Concepcion,2021-05-30,22.5,32.9,73.1,0.0,22.3,209.2
III,Tarlac,Concepcion,2021-05-31,22.9,33.9,73.4,0.0,23.1,236.9
III,Tarlac,Concepcion,2021-06-01,23.1,34.0,74.9,0.0,23.5,212.6
III,Tarlac,Concepcion,2021-06-02,23.1,32.4,76.4,0.0,23.0,221.5
III,Tarlac,Concepcion,2021-06-03,22.8,32.0,75.2,0.0,22.4,242.3
III,Tarlac,Concepcion,2021-06-04,24.6,30.2,75.4,0.0,22.5,220.3
III,Tarlac,Concepcion,2021-06-05,24.0,31.4,77.5,0.0,23.2,219.9
III,Tarlac,Concepcion,2021-06-06,24.7,32.8,77.6,0.0,24.3,211.8
III,Tarlac,Concepcion,2021-06-07,24.7,33.1,80.7,5.6,25.0,224.0
III,Tarlac,Concepcion,2021-06-08,24.1,33.7,73.8,0.0,23.7,221.6
III,Tarlac,Concepcion,2021-06-09,23.3,33.0,72.6,0.0,22.7,221.7
III,Tarlac,Concepcion,2021-06-10,23.3,35.1,74.7,0.0,24.1,227.2
III,Tarlac,Concepcion,2021-06-11,22.9,35.2,75.4,0.0,24.1,221.7
III,Tarlac,Concepcion,2021-06-12,23.2,33.8,80.0,7.5,24.5,212.7
III,Tarlac,Concepcion,2021-06-13,23.4,34.2,74.5,0.0,23.7,228.0
III,Tarlac,Concepcion,2021-06-14,22.5,35.3,74.7,0.0,23.8,225.7
III,Tarlac,Concepcion,2021-06-15,23.9,35.6,73.0,0.0,24.4,216.2
III,Tarlac,Concepcion,2021-06-16,23.8,34.7,73.8,0.0,24.0,215.2
III,Tarlac,Concepcion,2021-06-17,23.7,34.2,69.2,0.0,22.8,232.5
III,Tarlac,Concepcion,2021-06-18,21.9,32.3,77.6,22.4,22.6,212.2
III,Tarlac,Concepcion,2021-06-19,22.7,33.5,75.5,0.0,23.2,231.1
III,Tarlac,Concepcion,2021-06-20,23.1,32.1,71.0,0.0,21.8,213.3
III,Tarlac,Concepcion,2021-06-21,24.4,30.7,72.9,11.5,22.1,213.8
III,Tarlac,Concepcion,2021-06-22,22.7,29.5,72.4,35.7,20.6,181.4
III,Tarlac,Concepcion,2021-06-23,23.6,32.0,69.1,0.0,21.6,233.2
III,Tarlac,Concepcion,2021-06-24,23.5,30.1,71.6,0.0,21.1,228.0
III,Tarlac,Concepcion,2021-06-25,23.4,29.8,77.2,20.0,22.0,205.1
III,Tarlac,Concepcion,2021-06-26,23.2,31.8,75.4,0.0,22.6,233.9
III,Tarlac,Concepcion,2021-06-27,22.8,32.0,79.2,8.3,23.2,214.5
III,Tarlac,Concepcion,2021-06-28,22.2,32.1,77.7,0.0,22.7,206.3
III,Tarlac,Concepcion,2021-06-29,22.2,33.3,80.4,4.5,23.8,227.8
III,Tarlac,Concepcion,2021-06-30,22.6,32.9,77.9,0.0,23.3,221.9
III,Tarlac,Concepcion,2021-07-01,23.1,33.1,78.7,12.0,23.8,217.5
III,Tarlac,Concepcion,2021-07-02,22.0,33.9,75.7,0.0,23.1,231.7
III,Tarlac,Concepcion,2021-07-03,23.0,34.6,76.9,1.3,24.2,225.7
III,Tarlac,Concepcion,2021-07-04,22.7,33.8,75.6,2.1,23.4,232.4
III,Tarlac,Concepcion,2021-07-05,22.7,35.2,74.1,0.0,23.8,223.5
III,Tarlac,Concepcion,2021-07-06,22.3,35.3,71.3,0.0,23.1,225.6
III,Tarlac,Concepcion,2021-07-07,21.7,33.8,76.1,6.0,23.0,209.2
III,Tarlac,Concepcion,2021-07-08,21.6,35.2,72.2,0.0,22.8,201.0
III,Tarlac,Concepcion,2021-07-09,21.5,35.7,78.5,10.5,24.3,208.7
III,Tarlac,Concepcion,2021-07-10,22.2,35.9,71.2,0.3,23.3,219.6
III,Tarlac,Concepcion,2021-07-11,22.0,36.7,74.3,0.0,24.2,235.4
III,Tarlac,Concepcion,2021-07-12,21.4,33.6,77.2,1.6,22.9,202.8
III,Tarlac,Concepcion,2021-07-13,22.4,33.0,75.3,0.0,22.8,230.1
III,Tarlac,Concepcion,2021-07-14,23.0,34.4,76.0,0.0,23.9,216.4
III,Tarlac,Concepcion,2021-07-15,22.5,34.7,80.8,8.2,24.8,212.8
III,Tarlac,Concepcion,2021-07-16,22.5,30.9,81.9,233.7,23.1,174.5
III,Tarlac,Concepcion,2021-07-17,23.1,34.2,82.3,3.8,25.1,222.4
III,Tarlac,Concepcion,2021-07-18,23.2,34.0,79.1,0.0,24.4,220.3
III,Tarlac,Concepcion,2021-07-19,23.0,32.5,,21.5,24.9,200.9
III,Tarlac,Concepcion,2021-07-20,23.5,33.5,,11.1,25.4,222.4
III,Tarlac,Concepcion,2021-07-21,23.1,34.3,77.5,0.0,24.2,225.5
III,Tarlac,Concepcion,2021-07-22,23.1,36.0,78.1,0.0,25.2,206.0
III,Tarlac,Concepcion,2021-07-22,23.1,36.0,78.1,0.0,25.2,206.0
III,Tarlac,Concepcion,2021-07-23,22.7,35.4,81.3,4.9,25.3,202.9
III,Tarlac,Concepcion,2021-07-24,22.0,34.3,80.9,7.5,24.3,208.8
III,Tarlac,Concepcion,2021-07-25,22.4,34.3,78.0,4.8,23.9,211.2
III,Tarlac,Concepcion,2021-07-26,24.0,34.6,71.8,0.0,23.7,215.6
III,Tarlac,Concepcion,2021-07-27,23.7,34.8,78.6,17.6,25.0,208.4
III,Tarlac,Concepcion,2021-07-28,23.2,35.8,74.3,0.0,24.4,229.9
III,Tarlac,Concepcion,2021-07-29,22.1,34.9,74.8,0.0,23.5,206.5
III,Tarlac,Concepcion,2021-07-30,22.6,33.4,78.8,0.0,23.8,216.6
III,Tarlac,Concepcion,2021-07-31,22.0,35.0,81.6,1.7,24.8,225.3
III,Tarlac,Concepcion,2021-08-01,23.7,34.5,77.0,0.0,24.5,209.7
III,Tarlac,Concepcion,2021-08-02,22.8,34.4,83.6,7.1,25.3,197.3
III,Tarlac,Concepcion,2021-08-03,23.4,33.4,82.6,7.0,24.9,201.2
III,Tarlac,Concepcion,2021-08-04,23.6,31.5,82.7,25.3,24.1,193.5
III,Tarlac,Concepcion,2021-08-05,22.9,34.0,74.5,0.0,23.4,208.5
III,Tarlac,Concepcion,2021-08-06,23.3,34.2,103.5,0.0,23.8,
III,Tarlac,Concepcion,2021-08-07,23.9,33.2,75.0,0.0,23.6,
III,Tarlac,Concepcion,2021-08-08,24.1,33.8,80.7,1.2,25.1,
III,Tarlac,Concepcion,2021-08-09,23.4,34.4,75.4,0.0,24.0,206.6
III,Tarlac,Concepcion,2021-08-10,24.1,33.8,79.2,3.1,24.8,214.7
III,Tarlac,Concepcion,2021-08-11,24.1,34.6,79.6,7.5,25.3,204.8
III,Tarlac,Concepcion,2021-08-12,24.2,34.2,74.2,3.2,24.0,216.8
III,Tarlac,Concepcion,2021-08-13,23.2,34.0,74.0,12.7,23.4,209.0
III,Tarlac,Concepcion,2021-08-14,23.3,33.8,78.6,4.6,24.3,210.0
III,Tarlac,Concepcion,2021-08-15,23.2,32.5,77.9,3.1,23.4,202.2
III,Tarlac,Concepcion,2021-08-16,22.7,31.7,78.0,16.0,22.8,193.6
III,Tarlac,Concepcion,2021-08-17,23.9,33.9,76.6,13.4,24.2,190.4
III,Tarlac,Concepcion,2021-08-18,22.2,34.4,79.3,20.3,24.2,191.7
III,Tarlac,Concepcion,2021-08-19,23.2,34.9,73.6,0.0,23.8,228.3
III,Tarlac,Concepcion,2021-08-20,21.8,34.5,79.2,3.9,24.0,215.5
III,Tarlac,Concepcion,2021-08-21,22.3,34.4,75.7,0.0,23.5,226.5
III,Tarlac,Concepcion,2021-08-22,22.5,33.9,77.8,0.0,23.8,208.0
III,Tarlac,Concepcion,2021-08-23,22.2,34.0,76.0,0.0,23.3,203.1
III,Tarlac,Concepcion,2021-08-24,22.9,32.7,80.0,1.1,23.8,226.1
III,Tarlac,Concepcion,2021-08-25,23.1,34.1,76.8,0.0,24.0,215.8
III,Tarlac,Concepcion,2021-08-26,22.7,32.8,77.9,17.2,23.3,203.1
III,Tarlac,Concepcion,2021-08-27,22.9,33.6,77.4,2.2,23.7,214.9
III,Tarlac,Concepcion,2021-08-28,23.4,34.7,75.2,1.8,24.1,221.4
III,Tarlac,Concepcion,2021-08-29,22.4,34.5,75.8,30.2,23.6,184.1
III,Tarlac,Concepcion,2021-08-30,23.1,36.1,78.5,2.2,25.3,217.9
III,Tarlac,Concepcion,2021-08-31,22.3,35.8,76.6,0.0,24.4,208.5
III,Tarlac,Concepcion,2021-09-01,22.9,36.0,77.1,0.0,24.9,215.2
III,Tarlac,Concepcion,2021-09-02,22.1,35.1,81.1,1.8,24.8,212.0
III,Tarlac,Concepcion,2021-09-03,22.1,34.6,78.9,0.0,24.1,220.6
III,Tarlac,Concepcion,2021-09-04,,35.2,80.9,11.5,24.9,203.8
III,Tarlac,Concepcion,2021-09-05,,33.3,80.6,26.0,23.4,191.9
III,Tarlac,Concepcion,2021-09-06,,37.7,75.7,0.0,25.2,218.3
III,Tarlac,Concepcion,2021-09-07,22.7,36.0,79.0,21.7,25.2,209.2
III,Tarlac,Concepcion,2021-09-08,23.5,35.1,75.6,4.6,24.4,209.9
III,Tarlac,Concepcion,2021-09-09,23.2,35.2,72.2,0.0,23.6,223.7
III,Tarlac,Concepcion,2021-09-10,23.6,36.1,72.4,0.0,24.3,222.4
III,Tarlac,Concepcion,2021-09-11,23.5,35.4,79.1,4.3,25.3,203.2
III,Tarlac,Concepcion,2021-09-12,23.4,34.5,76.9,0.0,24.3,215.1
III,Tarlac,Concepcion,2021-09-13,23.0,35.5,72.7,0.0,23.8,213.8
III,Tarlac,Concepcion,2021-09-14,22.8,36.8,78.5,0.0,25.5,
III,Tarlac,Concepcion,2021-09-15,22.9,36.1,83.0,14.5,26.1,
III,Tarlac,Concepcion,2021-09-16,23.0,36.1,75.7,0.0,24.7,
III,Tarlac,Concepcion,2021-09-17,22.8,34.6,80.9,22.5,24.9,201.3
III,Tarlac,Concepcion,2021-09-18,24.0,34.8,76.7,0.0,,225.4
III,Tarlac,Concepcion,2021-09-19,23.7,34.3,79.2,0.0,,207.2
III,Tarlac,Concepcion,2021-09-20,24.2,33.4,76.2,0.0,,215.0
III,Tarlac,Concepcion,2021-09-21,24.1,32.2,81.3,5.1,,214.8
III,Tarlac,Concepcion,2021-09-22,24.2,32.0,79.9,2.7,,213.9
III,Tarlac,Concepcion,2021-09-23,23.5,31.5,81.8,59.2,23.9,162.5
III,Tarlac,Concepcion,2021-09-24,23.3,32.2,102.6,9.4,24.8,213.2
III,Tarlac,Concepcion,2021-09-25,22.7,33.3,83.7,19.5,24.7,185.5
III,Tarlac,Concepcion,2021-09-26,22.9,35.8,84.5,1.8,26.2,203.7
III,Tarlac,Concepcion,2021-09-27,24.6,36.1,79.6,0.0,26.3,212.1
III,Tarlac,Concepcion,2021-09-28,25.2,35.3,78.1,0.0,25.9,220.7
III,Tarlac,Concepcion,2021-09-29,24.2,33.7,79.5,19.0,24.8,205.7
III,Tarlac,Concepcion,2021-09-30,23.8,34.9,77.9,14.9,24.9,196.0
III,Tarlac,Concepcion,2021-10-01,24.4,34.3,70.8,0.0,23.5,214.8
III,Tarlac,Concepcion,2021-10-02,24.0,34.7,76.2,7.8,24.6,204.4
III,Tarlac,Concepcion,2021-10-03,24.4,34.2,71.7,0.0,23.6,221.5
III,Tarlac,Concepcion,2021-10-04,23.6,31.2,76.9,18.1,22.8,214.6
III,Tarlac,Concepcion,2021-10-05,23.8,31.4,77.0,8.1,23.0,212.3
III,Tarlac,Concepcion,2021-10-06,25.2,34.1,73.3,0.0,24.3,215.5
III,Tarlac,Concepcion,2021-10-07,24.2,33.6,83.7,10.1,25.6,210.1
III,Tarlac,Concepcion,2021-10-08,23.8,34.0,79.1,0.0,24.7,205.0
III,Tarlac,Concepcion,2021-10-09,23.6,34.8,73.6,0.0,23.9,223.2
III,Tarlac,Concepcion,2021-10-10,22.8,33.1,78.4,6.8,23.6,220.9
III,Tarlac,Concepcion,2021-10-11,22.5,33.1,78.6,0.0,23.5,215.7
III,Tarlac,Concepcion,2021-10-12,22.4,34.5,80.8,9.4,24.6,193.6
III,Tarlac,Concepcion,2021-10-13,23.3,32.2,79.3,8.7,23.6,229.5
III,Tarlac,Concepcion,2021-10-14,22.8,33.4,71.9,0.0,22.5,223.5
III,Tarlac,Concepcion,2021-10-15,23.2,32.6,70.8,0.0,22.1,202.7
III,Tarlac,Concepcion,2021-10-16,22.6,32.1,75.1,38.7,22.4,178.1
III,Tarlac,Concepcion,2021-10-17,23.9,33.7,74.1,0.0,23.6,213.5
III,Tarlac,Concepcion,2021-10-18,23.9,32.8,74.3,0.0,23.2,215.4
III,Tarlac,Concepcion,2021-10-19,22.7,31.6,72.9,0.0,21.7,226.3
III,Tarlac,Concepcion,2021-10-20,22.8,30.9,80.0,10.5,22.8,219.0
III,Tarlac,Concepcion,2021-10-21,24.3,31.9,74.4,0.0,23.0,231.6
III,Tarlac,Concepcion,2021-10-22,24.0,32.0,79.3,2.3,23.9,228.3
III,Tarlac,Concepcion,2021-10-23,24.4,33.7,75.1,0.0,24.1,225.2
III,Tarlac,Concepcion,2021-10-24,23.2,33.3,77.3,7.7,23.7,224.9
III,Tarlac,Concepcion,2021-10-25,22.8,34.0,77.6,6.2,23.9,206.7
III,Tarlac,Concepcion,2021-10-26,23.2,34.2,79.5,3.2,24.6,221.8
III,Tarlac,Concepcion,2021-10-27,22.7,32.9,74.0,0.0,22.6,214.0
III,Tarlac,Concepcion,2021-10-28,23.1,33.5,82.4,6.4,24.8,210.8
III,Tarlac,Concepcion,2021-10-29,22.7,34.8,80.3,3.2,24.8,216.9
III,Tarlac,Concepcion,2021-10-30,22.1,34.3,79.0,13.0,24.0,225.1
III,Tarlac,Concepcion,2021-10-31,23.1,34.5,74.6,0.0,23.7,222.5
III,Tarlac,Concepcion,2021-11-01,22.3,34.1,72.3,0.0,22.7,228.1
III,Tarlac,Concepcion,2021-11-02,21.0,34.0,72.7,0.0,22.0,214.5
III,Tarlac,Concepcion,2021-11-03,22.6,33.0,70.3,0.0,21.9,217.8
III,Tarlac,Concepcion,2021-11-04,22.0,30.8,70.4,0.0,20.5,215.3
III,Tarlac,Concepcion,2021-11-05,21.1,31.7,77.5,85.0,21.9,173.3
III,Tarlac,Concepcion,2021-11-06,22.1,34.0,79.0,4.5,23.8,221.2
III,Tarlac,Concepcion,2021-11-07,21.7,33.6,76.6,7.9,23.0,217.4
III,Tarlac,Concepcion,2021-11-08,22.2,32.1,74.2,0.0,22.0,230.7
III,Tarlac,Concepcion,2021-11-09,21.3,33.2,80.5,19.2,23.4,207.6
III,Tarlac,Concepcion,2021-11-10,22.0,36.0,78.8,1.3,,231.3
III,Tarlac,Concepcion,2021-11-11,36.12793532395804,34.9,75.4,12.5,,216.8
III,Tarlac,Concepcion,2021-11-12,23.7,34.3,76.2,5.5,,217.7
III,Tarlac,Concepcion,2021-11-13,23.8,33.9,71.2,0.0,,222.8
III,Tarlac,Concepcion,2021-11-14,23.4,36.0,72.9,4.2,24.3,223.4
III,Tarlac,Concepcion,2021-11-15,23.4,34.6,72.5,9.1,23.5,207.3
III,Tarlac,Concepcion,2021-11-16,23.1,33.9,74.8,12.6,23.5,214.9
III,Tarlac,Concepcion,2021-11-17,23.2,33.2,70.6,0.0,22.3,230.5
III,Tarlac,Concepcion,2021-11-18,22.7,33.4,73.3,2.1,22.7,220.3
III,Tarlac,Concepcion,2021-11-19,22.6,33.6,69.2,0.0,21.9,221.5
III,Tarlac,Concepcion,2021-11-20,22.7,34.0,68.8,0.0,22.1,219.5
III,Tarlac,Concepcion,2021-11-21,23.0,34.0,70.0,0.0,22.5,224.0
III,Tarlac,Concepcion,2021-11-22,22.7,33.4,72.3,0.0,,208.0
III,Tarlac,Concepcion,2021-11-23,23.3,33.3,74.5,0.0,,223.0
III,Tarlac,Concepcion,2021-11-24,22.2,32.4,72.6,0.0,21.8,223.2
III,Tarlac,Concepcion,2021-11-25,22.0,34.5,71.0,0.0,22.4,229.7
III,Tarlac,Concepcion,2021-11-26,21.3,35.8,71.0,0.7,22.7,225.1
III,Tarlac,Concepcion,2021-11-27,20.7,35.6,76.2,13.2,23.4,219.2
III,Tarlac,Concepcion,2021-11-28,22.1,34.7,75.0,4.8,23.4,229.4
III,Tarlac,Concepcion,2021-11-29,22.6,33.9,76.6,9.0,23.6,208.5
III,Tarlac,Concepcion,2021-11-30,23.3,34.1,69.1,0.0,22.5,228.5
III,Tarlac,Concepcion,2021-12-01,22.8,35.3,70.6,0.0,23.2,222.0
III,Tarlac,Concepcion,2021-12-02,23.1,35.4,71.1,0.0,23.5,240.4
III,Tarlac,Concepcion,2021-12-03,21.9,35.7,68.4,0.0,22.5,226.2
III,Tarlac,Concepcion,2021-12-04,22.8,33.9,70.0,0.0,22.4,230.6
III,Tarlac,Concepcion,2021-12-05,22.7,34.3,72.7,0.0,23.0,239.6
III,Tarlac,Concepcion,2021-12-06,22.1,34.0,72.9,0.0,22.6,212.5
III,Tarlac,Concepcion,2021-12-07,22.5,34.2,71.8,0.8,22.7,232.5
III,Tarlac,Concepcion,2021-12-08,21.8,33.5,73.2,0.0,22.3,218.2
III,Tarlac,Concepcion,2021-12-09,23.2,33.4,74.3,,23.2,240.8
III,Tarlac,Concepcion,2021-12-10,23.2,33.1,72.5,,22.6,237.1
III,Tarlac,Concepcion,2021-12-11,22.2,33.2,73.0,,22.3,226.0
III,Tarlac,Concepcion,2021-12-12,22.8,33.4,73.2,,22.7,232.1
III,Tarlac,Concepcion,2021-12-13,22.3,34.0,72.8,,22.7,227.9
III,Tarlac,Concepcion,2021-12-14,22.6,34.5,73.9,0.0,23.3,225.9
III,Tarlac,Concepcion,2021-12-15,22.8,34.4,72.3,0.0,23.1,229.2
III,Tarlac,Concepcion,2021-12-16,22.8,34.2,69.3,0.0,22.4,221.5
III,Tarlac,Concepcion,2021-12-17,21.9,33.5,68.3,0.0,21.4,225.8
III,Tarlac,Concepcion,2021-12-18,21.8,33.7,66.8,0.0,21.1,229.0
III,Tarlac,Concepcion,2021-12-19,21.8,33.6,70.5,0.0,21.8,231.3
III,Tarlac,Concepcion,2021-12-20,22.0,33.2,68.6,0.0,21.3,227.3
III,Tarlac,Concepcion,2021-12-21,22.0,33.3,66.6,0.0,21.0,242.6
III,Tarlac,Concepcion,2021-12-22,22.2,31.6,64.5,0.0,19.8,225.2
III,Tarlac,Concepcion,2021-12-23,,32.7,67.9,0.0,20.9,244.3
III,Tarlac,Concepcion,2021-12-24,,33.7,70.0,0.0,22.0,229.7
III,Tarlac,Concepcion,2021-12-25,,33.6,68.7,0.0,22.1,236.7
III,Tarlac,Concepcion,2021-12-26,22.5,34.7,70.8,0.0,,222.8
III,Tarlac,Concepcion,2021-12-27,22.1,33.5,73.5,9.5,,208.0
III,Tarlac,Concepcion,2021-12-28,22.5,34.4,66.5,0.0,,228.1
III,Tarlac,Concepcion,2021-12-29,21.7,34.3,64.9,0.0,21.0,236.9
III,Tarlac,Concepcion,2021-12-30,22.1,33.1,65.9,0.0,20.8,230.9
III,Tarlac,Concepcion,2021-12-31,23.3,33.3,63.2,0.0,20.9,230.8
III,Tarlac,Concepcion,2022-01-01,23.0,33.8,61.3,0.0,20.7,235.9
III,Tarlac,Concepcion,2022-01-02,22.2,33.1,64.9,0.0,20.6,229.4
III,Tarlac,Concepcion,2022-01-03,22.6,33.9,67.5,0.0,21.8,232.6
III,Tarlac,Concepcion,2022-01-04,21.5,34.0,73.1,12.2,22.4,214.4
III,Tarlac,Concepcion,2022-01-05,21.9,33.1,74.7,10.8,22.4,236.8
III,Tarlac,Concepcion,2022-01-06,22.5,33.7,69.4,0.0,22.0,220.8
III,Tarlac,Concepcion,2022-01-07,22.5,33.4,70.9,0.0,22.1,237.4
III,Tarlac,Concepcion,2022-01-08,23.3,33.3,69.8,0.0,22.3,243.5
III,Tarlac,Concepcion,2022-01-09,22.2,32.8,65.4,0.0,20.6,241.7
III,Tarlac,Concepcion,2022-01-10,21.1,33.9,64.6,0.0,20.4,242.2
III,Tarlac,Concepcion,2022-01-11,21.8,33.7,67.2,0.0,21.2,226.2
III,Tarlac,Concepcion,2022-01-12,22.0,32.6,74.2,11.2,22.1,225.5
III,Tarlac,Concepcion,2022-01-13,22.2,30.9,68.8,0.0,,236.9
III,Tarlac,Concepcion,2022-01-14,20.9,31.3,67.9,0.0,,240.4
III,Tarlac,Concepcion,2022-01-15,21.2,32.5,66.9,0.0,,231.6
III,Tarlac,Concepcion,2022-01-16,,31.8,71.1,6.1,,224.4
III,Tarlac,Concepcion,2022-01-17,,31.8,66.7,0.0,19.5,232.0
III,Tarlac,Concepcion,2022-01-18,,32.2,66.9,0.0,20.4,243.9
III,Tarlac,Concepcion,2022-01-19,,33.4,66.5,0.0,20.9,246.1
III,Tarlac,Concepcion,2022-01-20,21.7,33.9,65.4,0.0,20.9,240.3
III,Tarlac,Concepcion,2022-01-21,21.1,33.1,67.6,0.0,20.6,242.6
III,Tarlac,Concepcion,2022-01-22,21.2,32.3,66.2,0.0,20.0,231.4
III,Tarlac,Concepcion,2022-01-23,20.6,33.4,68.9,0.0,20.8,243.0
III,Tarlac,Concepcion,2022-01-24,21.6,33.9,69.8,0.0,21.7,233.3
III,Tarlac,Concepcion,2022-01-25,22.8,33.1,69.8,0.0,21.9,243.6
III,Tarlac,Concepcion,2022-01-26,22.5,32.3,70.3,0.0,21.5,239.4
III,Tarlac,Concepcion,2022-01-27,22.8,32.5,70.0,0.0,21.6,230.6
III,Tarlac,Concepcion,2022-01-28,22.6,34.0,74.3,4.2,23.2,228.3
III,Tarlac,Concepcion,2022-01-29,22.8,33.2,66.3,0.0,21.3,220.1
III,Tarlac,Concepcion,2022-01-30,23.6,33.2,68.6,0.0,22.1,235.2
III,Tarlac,Concepcion,2022-01-31,22.7,31.6,76.3,5.6,22.4,231.4
III,Tarlac,Concepcion,2022-02-01,21.5,32.6,77.0,26.3,22.5,202.7
III,Tarlac,Concepcion,2022-02-02,22.4,33.0,70.2,0.0,21.7,231.1
III,Tarlac,Concepcion,2022-02-03,21.0,33.8,69.9,0.0,21.4,237.8
III,Tarlac,Concepcion,2022-02-04,21.2,33.2,71.4,0.0,21.5,249.6
III,Tarlac,Concepcion,2022-02-05,20.9,32.7,73.0,0.0,21.4,223.3
III,Tarlac,Concepcion,2022-02-06,22.0,32.4,71.2,0.0,21.4,241.6
III,Tarlac,Concepcion,2022-02-07,22.2,31.9,69.9,0.0,21.0,238.6
III,Tarlac,Concepcion,2022-02-08,22.2,31.9,72.5,0.0,21.5,238.5
III,Tarlac,Concepcion,2022-02-09,22.0,33.6,71.5,0.0,22.1,234.9
III,Tarlac,Concepcion,2022-02-10,21.8,34.1,70.4,0.0,22.0,249.8
III,Tarlac,Concepcion,2022-02-11,22.4,35.2,72.4,0.0,23.3,241.3
III,Tarlac,Concepcion,2022-02-12,22.5,35.2,71.0,0.0,23.0,223.4
III,Tarlac,Concepcion,2022-02-13,,35.7,70.3,0.0,23.3,247.9
III,Tarlac,Concepcion,2022-02-14,,34.3,70.4,0.0,22.3,229.9
III,Tarlac,Concepcion,2022-02-15,,35.7,70.6,0.0,22.9,231.5
III,Tarlac,Concepcion,2022-02-16,,33.9,70.0,0.0,21.9,251.6
III,Tarlac,Concepcion,2022-02-17,,35.2,62.9,0.0,21.4,242.1
III,Tarlac,Concepcion,2022-02-18,23.2,33.5,62.7,0.0,20.9,229.3
III,Tarlac,Concepcion,2022-02-19,22.9,34.1,63.9,0.0,21.3,237.5
III,Tarlac,Concepcion,2022-02-20,22.3,34.4,65.8,0.0,,240.7
III,Tarlac,Concepcion,2022-02-21,22.6,34.4,68.1,0.0,,241.7
III,Tarlac,Concepcion,2022-02-22,22.9,33.4,67.2,0.0,,247.9
III,Tarlac,Concepcion,2022-02-23,22.3,32.6,66.5,0.0,,232.6
III,Tarlac,Concepcion,2022-02-24,22.9,32.7,66.1,0.0,,237.0
III,Tarlac,Concepcion,2022-02-25,23.1,32.8,64.1,0.0,20.8,230.9
III,Tarlac,Concepcion,2022-02-26,22.5,32.9,64.9,0.0,20.7,241.0
III,Tarlac,Concepcion,2022-02-27,23.2,31.6,65.6,0.0,20.5,243.5
III,Tarlac,Concepcion,2022-02-28,22.4,31.2,62.5,0.0,19.3,246.4
III,Tarlac,Concepcion,2022-03-01,22.1,31.9,62.4,0.0,19.5,238.0
III,Tarlac,Concepcion,2022-03-02,22.2,31.3,61.5,0.0,19.0,242.8
III,Tarlac,Concepcion,2022-03-03,21.2,32.4,63.6,0.0,19.5,241.9
III,Tarlac,Concepcion,2022-03-04,21.4,31.7,66.8,0.0,19.9,229.1
III,Tarlac,Concepcion,2022-03-05,23.6,30.5,64.2,0.0,19.9,242.7
III,Tarlac,Concepcion,2022-03-06,23.4,30.4,66.9,0.0,20.3,242.3
III,Tarlac,Concepcion,2022-03-07,23.2,32.1,64.5,0.0,20.5,252.7
III,Tarlac,Concepcion,2022-03-08,22.9,31.8,63.7,0.0,20.1,239.5
III,Tarlac,Concepcion,2022-03-09,23.3,31.9,69.6,5.5,21.5,241.8
III,Tarlac,Concepcion,2022-03-10,23.2,32.1,70.4,4.8,21.7,238.5
III,Tarlac,Concepcion,2022-03-11,22.0,34.7,66.7,0.0,21.7,235.1
III,Tarlac,Concepcion,2022-03-12,21.7,34.6,65.3,0.0,21.2,253.4
III,Tarlac,Concepcion,2022-03-13,21.8,34.4,66.5,0.0,21.4,249.6
III,Tarlac,Concepcion,2022-03-14,21.8,34.2,66.0,0.0,21.2,224.3
III,Tarlac,Concepcion,2022-03-15,22.2,33.8,66.1,0.0,21.2,235.3
III,Tarlac,Concepcion,2022-03-16,22.4,33.2,65.4,0.0,20.9,239.4
III,Tarlac,Concepcion,2022-03-17,23.5,32.1,64.9,0.0,20.8,241.8
III,Tarlac,Concepcion,2022-03-18,23.9,32.7,64.1,0.0,21.1,239.3
III,Tarlac,Concepcion,2022-03-19,23.7,31.6,65.5,0.0,20.8,239.0
III,Tarlac,Concepcion,2022-03-20,23.4,30.5,66.6,0.0,20.3,239.3
III,Tarlac,Concepcion,2022-03-21,22.8,31.0,68.3,0.0,20.6,245.7
III,Tarlac,Concepcion,2022-03-22,22.1,31.6,67.2,0.0,20.3,241.9
III,Tarlac,Concepcion,2022-03-23,23.2,32.8,64.8,0.0,21.0,249.9
III,Tarlac,Concepcion,2022-03-24,22.2,32.1,62.8,0.0,19.7,229.3
III,Tarlac,Concepcion,2022-03-25,22.9,33.8,64.8,0.0,21.3,239.0
III,Tarlac,Concepcion,2022-03-26,21.5,33.7,67.3,0.0,21.1,235.5
III,Tarlac,Concepcion,2022-03-27,21.6,35.3,65.4,0.0,21.5,234.5
III,Tarlac,Concepcion,2022-03-28,21.3,34.9,68.1,0.0,21.7,240.1
III,Tarlac,Concepcion,2022-03-29,21.7,36.2,63.7,0.0,21.7,236.9
III,Tarlac,Concepcion,2022-03-30,21.4,35.6,67.0,0.0,21.9,238.2
III,Tarlac,Concepcion,2022-03-31,21.4,35.0,67.0,0.0,21.6,241.0
III,Tarlac,Concepcion,2022-04-01,20.4,35.7,66.6,0.0,21.4,250.6
III,Tarlac,Concepcion,2022-04-02,20.0,35.5,64.5,0.0,20.6,242.5
III,Tarlac,Concepcion,2022-04-03,21.0,35.0,68.3,0.0,21.7,237.7
III,Tarlac,Concepcion,2022-04-04,21.3,34.6,69.6,0.0,21.9,245.4
III,Tarlac,Concepcion,2022-04-05,22.1,33.8,69.3,0.0,21.8,240.1
III,Tarlac,Concepcion,2022-04-06,22.3,32.7,69.5,8.2,21.4,231.8
III,Tarlac,Concepcion,2022-04-07,22.2,34.8,68.8,3.5,22.3,231.2
III,Tarlac,Concepcion,2022-04-08,22.4,33.6,63.0,0.0,20.6,237.4
III,Tarlac,Concepcion,2022-04-09,21.6,32.1,,0.0,19.8,238.1
III,Tarlac,Concepcion,2022-04-10,23.3,32.9,,0.0,21.1,238.0
III,Tarlac,Concepcion,2022-04-11,23.3,32.5,,0.0,20.6,225.3
III,Tarlac,Concepcion,2022-04-12,,33.4,68.6,6.1,21.7,215.7
III,Tarlac,Concepcion,2022-04-13,,32.7,63.7,0.0,20.1,232.3
III,Tarlac,Concepcion,2022-04-14,,33.5,64.5,0.0,20.6,241.0
III,Tarlac,Concepcion,2022-04-15,,33.7,64.0,0.0,20.8,246.3
III,Tarlac,Concepcion,2022-04-16,,32.4,70.0,5.5,21.2,226.9
III,Tarlac,Concepcion,2022-04-17,20.8,34.5,66.7,0.0,21.0,227.5
III,Tarlac,Concepcion,2022-04-18,21.1,33.4,67.9,0.0,20.8,239.6
III,Tarlac,Concepcion,2022-04-19,22.2,32.9,68.3,0.0,21.2,248.9
III,Tarlac,Concepcion,2022-04-20,22.5,33.1,68.9,4.7,21.6,227.1
III,Tarlac,Concepcion,2022-04-21,23.1,33.1,63.6,0.8,20.8,244.4
III,Tarlac,Concepcion,2022-04-22,22.7,31.2,68.4,0.0,20.6,247.5
III,Tarlac,Concepcion,2022-04-23,23.3,32.8,70.7,0.0,22.2,243.8
III,Tarlac,Concepcion,2022-04-24,23.3,33.3,71.6,0.0,22.6,239.2
III,Tarlac,Concepcion,2022-04-25,21.1,33.9,70.1,0.0,21.5,228.3
III,Tarlac,Concepcion,2022-04-26,,31.9,71.2,0.0,20.8,249.7
III,Tarlac,Concepcion,2022-04-27,,33.2,69.0,0.0,21.3,241.9
III,Tarlac,Concepcion,2022-04-28,,33.7,68.9,0.0,21.7,233.9
III,Tarlac,Concepcion,2022-04-29,,34.5,67.4,0.0,22.1,226.4
III,Tarlac,Concepcion,2022-04-30,22.8,33.3,70.5,7.2,22.2,223.1
III,Tarlac,Concepcion,2022-05-01,23.9,33.1,69.6,0.0,22.4,234.8
III,Tarlac,Concepcion,2022-05-02,23.1,33.6,69.6,0.0,22.3,233.5
III,Tarlac,Concepcion,2022-05-03,22.7,33.5,73.8,9.7,22.9,212.1
III,Tarlac,Concepcion,2022-05-04,23.6,35.6,72.1,0.0,24.0,226.1
III,Tarlac,Concepcion,2022-05-05,22.8,36.1,72.7,0.0,24.0,225.4
III,Tarlac,Concepcion,2022-05-06,23.6,34.7,74.5,,24.1,228.3
III,Tarlac,Concepcion,2022-05-07,23.0,34.3,71.1,,22.9,222.7
III,Tarlac,Concepcion,2022-05-08,23.1,32.4,73.0,,22.4,225.9
III,Tarlac,Concepcion,2022-05-09,22.0,33.6,66.3,0.0,21.1,230.9
III,Tarlac,Concepcion,2022-05-10,21.3,33.4,69.6,0.0,21.3,232.9
III,Tarlac,Concepcion,2022-05-11,22.1,32.6,71.0,0.0,21.6,228.6
III,Tarlac,Concepcion,2022-05-12,23.5,34.0,71.8,2.2,23.1,232.5
III,Tarlac,Concepcion,2022-05-13,23.3,34.2,70.5,0.0,22.8,228.7
III,Tarlac,Concepcion,2022-05-14,24.3,35.2,74.0,0.0,24.6,224.5
III,Tarlac,Concepcion,2022-05-15,23.4,34.1,73.3,0.0,23.4,240.1
III,Tarlac,Concepcion,2022-05-16,23.3,33.9,74.6,0.0,23.5,225.1
III,Tarlac,Concepcion,2022-05-17,22.8,34.4,74.9,0.0,23.6,243.6
III,Tarlac,Concepcion,2022-05-18,22.6,35.7,71.8,0.0,23.5,
III,Tarlac,Concepcion,2022-05-19,23.5,34.0,72.7,0.0,23.3,
III,Tarlac,Concepcion,2022-05-20,23.6,33.8,77.1,7.3,24.1,
III,Tarlac,Concepcion,2022-05-21,23.2,31.8,74.0,0.0,22.3,
III,Tarlac,Concepcion,2022-05-22,23.4,31.8,76.1,0.0,22.8,
III,Tarlac,Concepcion,2022-05-23,23.7,32.8,76.2,0.0,23.5,228.0
III,Tarlac,Concepcion,2022-05-24,23.9,33.6,76.9,0.0,24.1,234.2
III,Tarlac,Concepcion,2022-05-25,23.5,35.5,75.8,0.0,24.7,230.1
III,Tarlac,Concepcion,2022-05-26,23.0,35.8,73.0,0.0,24.0,229.3
III,Tarlac,Concepcion,2022-05-27,23.5,34.8,76.8,1.2,24.5,226.1
III,Tarlac,Concepcion,2022-05-28,23.4,32.9,75.8,5.2,23.3,236.1
III,Tarlac,Concepcion,2022-05-29,23.7,33.9,76.2,2.3,24.0,242.5
III,Tarlac,Concepcion,2022-05-30,23.2,34.1,70.8,0.2,22.8,213.7
III,Tarlac,Concepcion,2022-05-31,23.9,35.1,75.9,12.2,24.7,198.5
III,Tarlac,Concepcion,2022-06-01,23.4,,70.5,0.0,23.9,221.6
III,Tarlac,Concepcion,2022-06-02,23.5,,74.0,3.3,24.0,239.0
III,Tarlac,Concepcion,2022-06-03,22.0,,71.1,0.0,23.2,234.6
III,Tarlac,Concepcion,2022-06-04,22.5,35.3,69.5,0.0,22.8,235.2
III,Tarlac,Concepcion,2022-06-05,22.2,34.7,71.1,0.0,22.7,234.2
III,Tarlac,Concepcion,2022-06-06,22.5,34.1,70.6,2.5,22.4,234.9
III,Tarlac,Concepcion,2022-06-07,21.7,33.2,68.4,7.2,21.1,218.1
III,Tarlac,Concepcion,2022-06-08,22.8,33.7,67.6,0.0,21.8,225.9
III,Tarlac,Concepcion,2022-06-09,23.1,34.9,72.0,11.2,23.4,208.2
III,Tarlac,Concepcion,2022-06-10,23.8,35.3,75.2,11.2,24.6,195.4
III,Tarlac,Concepcion,2022-06-11,23.5,36.3,72.8,0.0,24.5,212.0
III,Tarlac,Concepcion,2022-06-12,24.2,36.1,73.4,0.0,24.8,222.2
III,Tarlac,Concepcion,2022-06-13,24.0,36.0,75.4,0.0,25.1,225.3
III,Tarlac,Concepcion,2022-06-14,23.3,33.1,77.3,4.5,23.7,221.7
III,Tarlac,Concepcion,2022-06-15,24.0,33.2,72.9,0.0,23.2,219.2
III,Tarlac,Concepcion,2022-06-16,24.6,33.1,73.4,0.0,23.5,219.9
III,Tarlac,Concepcion,2022-06-17,24.0,33.5,74.4,0.0,23.6,
III,Tarlac,Concepcion,2022-06-18,23.4,33.8,78.3,6.8,24.3,
III,Tarlac,Concepcion,2022-06-19,23.3,35.7,72.7,0.0,24.0,
III,Tarlac,Concepcion,2022-06-20,23.0,36.7,76.5,0.0,25.2,
III,Tarlac,Concepcion,2022-06-21,22.8,37.3,75.4,0.0,25.1,
III,Tarlac,Concepcion,2022-06-22,23.5,37.2,74.8,0.0,25.3,231.5
III,Tarlac,Concepcion,2022-06-23,22.5,35.9,78.4,5.1,24.9,218.9
III,Tarlac,Concepcion,2022-06-24,22.8,34.1,81.3,9.9,24.7,205.7
III,Tarlac,Concepcion,2022-06-25,22.6,35.8,73.7,0.0,23.9,234.0
III,Tarlac,Concepcion,2022-06-26,23.1,35.4,71.9,0.0,23.6,215.4
III,Tarlac,Concepcion,2022-06-27,24.1,36.4,73.2,0.0,24.9,230.0
III,Tarlac,Concepcion,2022-06-28,23.7,35.0,76.9,2.8,24.7,226.7
III,Tarlac,Concepcion,2022-06-29,22.8,33.9,77.2,64.1,23.8,172.9
III,Tarlac,Concepcion,2022-06-30,22.7,36.4,72.6,0.0,24.1,218.6
III,Tarlac,Concepcion,2022-07-01,23.0,34.4,74.8,0.0,23.7,210.9
III,Tarlac,Concepcion,2022-07-02,22.7,34.9,75.6,0.0,23.9,237.7
III,Tarlac,Concepcion,2022-07-03,22.9,33.8,80.9,28.4,24.5,198.6
III,Tarlac,Concepcion,2022-07-04,23.5,35.1,76.3,0.0,24.6,236.0
III,Tarlac,Concepcion,2022-07-05,22.8,,77.5,7.5,24.1,220.8
III,Tarlac,Concepcion,2022-07-06,22.7,,77.2,15.3,23.1,196.6
III,Tarlac,Concepcion,2022-07-07,22.9,33.9,71.0,0.0,22.6,227.0
III,Tarlac,Concepcion,2022-07-08,23.1,34.2,82.5,6.3,25.2,211.1
III,Tarlac,Concepcion,2022-07-09,24.1,35.2,79.2,0.0,25.5,210.7
III,Tarlac,Concepcion,2022-07-10,23.8,34.1,77.6,0.0,24.5,233.2
III,Tarlac,Concepcion,2022-07-11,22.5,33.6,77.5,0.0,23.6,227.4
III,Tarlac,Concepcion,2022-07-12,22.7,32.5,83.6,20.9,24.3,208.6
III,Tarlac,Concepcion,2022-07-13,23.0,33.3,81.7,0.0,24.5,235.4
III,Tarlac,Concepcion,2022-07-14,22.5,31.6,87.7,3.0,24.6,217.2
III,Tarlac,Concepcion,2022-07-15,22.3,32.6,82.4,1.7,23.9,223.8
III,Tarlac,Concepcion,2022-07-16,22.2,32.8,83.8,18.6,24.3,213.9
III,Tarlac,Concepcion,2022-07-17,23.7,32.9,78.2,0.0,23.9,220.7
III,Tarlac,Concepcion,2022-07-18,22.6,31.9,78.3,0.0,22.9,226.8
III,Tarlac,Concepcion,2022-07-19,22.6,32.2,86.9,3.7,24.8,219.5
III,Tarlac,Concepcion,2022-07-20,21.8,32.7,84.2,6.8,24.1,220.3
III,Tarlac,Concepcion,2022-07-21,21.7,32.6,82.3,3.6,23.6,199.9
III,Tarlac,Concepcion,2022-07-22,21.9,34.2,78.3,9.6,23.7,207.1
III,Tarlac,Concepcion,2022-07-23,22.3,34.4,75.9,0.0,23.5,224.5
III,Tarlac,Concepcion,2022-07-24,23.3,33.9,78.1,0.0,24.2,210.9
III,Tarlac,Concepcion,2022-07-25,23.2,33.6,82.6,0.0,24.9,230.7
III,Tarlac,Concepcion,2022-07-26,22.4,,77.9,0.0,23.8,221.0
III,Tarlac,Concepcion,2022-07-27,22.2,,78.8,12.6,23.6,201.9
III,Tarlac,Concepcion,2022-07-28,22.2,35.5,80.9,1.5,25.0,219.4
III,Tarlac,Concepcion,2022-07-29,21.6,33.6,82.6,11.9,24.1,203.6
III,Tarlac,Concepcion,2022-07-30,22.6,34.4,78.9,0.0,24.3,213.4
III,Tarlac,Concepcion,2022-07-31,22.2,35.5,80.9,5.9,25.0,211.5
III,Tarlac,Concepcion,2022-08-01,22.9,35.4,82.0,3.7,25.5,219.5
III,Tarlac,Concepcion,2022-08-02,22.4,35.5,82.5,22.1,25.4,180.5
III,Tarlac,Concepcion,2022-08-03,23.1,37.1,76.4,0.0,25.4,212.2
III,Tarlac,Concepcion,2022-08-04,21.5,34.4,79.7,106.8,23.9,152.5
III,Tarlac,Concepcion,2022-08-05,22.3,35.3,74.2,0.0,23.6,215.3
III,Tarlac,Concepcion,2022-08-06,22.5,35.7,79.5,3.0,25.0,204.5
III,Tarlac,Concepcion,2022-08-07,23.1,34.7,73.9,0.0,23.7,209.6
III,Tarlac,Concepcion,2022-08-08,23.9,36.2,74.6,0.0,25.0,227.0
III,Tarlac,Concepcion,2022-08-09,24.3,35.0,75.6,0.0,24.8,213.7
III,Tarlac,Concepcion,2022-08-10,23.8,33.7,76.6,0.0,24.1,220.5
III,Tarlac,Concepcion,2022-08-11,22.9,32.2,78.9,19.0,23.3,205.6
III,Tarlac,Concepcion,2022-08-12,23.1,34.5,75.5,0.0,23.9,214.4
III,Tarlac,Concepcion,2022-08-13,22.9,34.2,81.3,8.6,24.8,213.3
III,Tarlac,Concepcion,2022-08-14,22.5,35.9,78.8,0.0,25.0,213.2
III,Tarlac,Concepcion,2022-08-15,23.3,35.9,81.9,5.6,26.0,210.4
III,Tarlac,Concepcion,2022-08-16,23.6,33.8,81.7,23.2,25.0,191.8
III,Tarlac,Concepcion,2022-08-17,,34.2,81.8,6.1,25.4,208.0
III,Tarlac,Concepcion,2022-08-18,,34.5,78.3,0.0,24.7,216.1
III,Tarlac,Concepcion,2022-08-19,,34.3,81.4,10.9,25.2,199.5
III,Tarlac,Concepcion,2022-08-20,,35.3,77.4,0.0,25.0,223.6
III,Tarlac,Concepcion,2022-08-21,,35.8,77.1,0.0,25.2,205.3
III,Tarlac,Concepcion,2022-08-22,,35.0,82.6,7.1,25.9,212.5
III,Tarlac,Concepcion,2022-08-23,,35.0,82.8,3.7,26.2,221.5
III,Tarlac,Concepcion,2022-08-24,,33.8,81.8,45.8,24.8,171.9
III,Tarlac,Concepcion,2022-08-25,23.3,32.8,79.7,61.3,24.0,155.7
III,Tarlac,Concepcion,2022-08-26,23.5,33.8,78.6,9.0,24.4,209.0
III,Tarlac,Concepcion,2022-08-27,23.6,33.7,77.8,6.3,24.2,206.1
III,Tarlac,Concepcion,2022-08-28,23.0,33.4,75.9,0.0,23.4,214.6
III,Tarlac,Concepcion,2022-08-29,23.0,35.2,73.4,0.0,23.8,213.6
III,Tarlac,Concepcion,2022-08-30,23.5,33.7,75.9,9.8,23.8,194.5
III,Tarlac,Concepcion,2022-08-31,22.9,33.0,80.0,18.4,24.0,189.4
III,Tarlac,Concepcion,2022-09-01,22.2,33.4,79.4,15.2,23.7,195.2
III,Tarlac,Concepcion,2022-09-02,22.5,35.1,80.3,14.0,24.9,206.3
III,Tarlac,Concepcion,2022-09-03,23.2,35.0,72.8,0.0,23.7,220.9
III,Tarlac,Concepcion,2022-09-04,23.1,33.7,72.6,15.5,22.9,199.3
III,Tarlac,Concepcion,2022-09-05,22.7,35.0,76.4,19.0,24.1,195.9
III,Tarlac,Concepcion,2022-09-06,22.2,35.6,82.8,11.0,25.5,209.9
III,Tarlac,Concepcion,2022-09-07,22.1,35.9,75.4,0.3,24.1,201.0
III,Tarlac,Concepcion,2022-09-08,21.3,34.4,79.2,96.6,23.7,176.5
III,Tarlac,Concepcion,2022-09-09,22.8,37.0,76.1,0.0,25.1,224.2
III,Tarlac,Concepcion,2022-09-10,21.9,36.6,79.5,0.0,25.2,227.1
III,Tarlac,Concepcion,2022-09-10,21.9,36.6,79.5,0.0,25.2,227.1
III,Tarlac,Concepcion,2022-09-11,23.1,35.8,74.5,0.0,24.4,226.7
III,Tarlac,Concepcion,2022-09-12,23.0,35.4,77.7,0.0,24.7,215.9
III,Tarlac,Concepcion,2022-09-13,22.4,33.6,80.8,3.5,24.2,206.8
III,Tarlac,Concepcion,2022-09-14,,33.3,77.7,0.0,23.9,216.6
III,Tarlac,Concepcion,2022-09-15,,33.8,79.8,5.8,24.3,208.7
III,Tarlac,Concepcion,2022-09-16,21.8,34.1,76.3,0.5,23.2,218.4
III,Tarlac,Concepcion,2022-09-17,22.2,34.5,82.2,23.1,24.8,186.5
III,Tarlac,Concepcion,2022-09-18,22.1,33.1,79.0,0.0,23.4,213.3
III,Tarlac,Concepcion,2022-09-19,21.9,32.7,79.9,14.7,23.3,192.2
III,Tarlac,Concepcion,2022-09-20,21.8,34.3,82.3,7.7,24.5,206.2
III,Tarlac,Concepcion,2022-09-21,22.6,35.0,81.6,2.8,25.1,190.9
III,Tarlac,Concepcion,2022-09-22,23.0,33.0,81.7,18.8,24.3,200.0
III,Tarlac,Concepcion,2022-09-23,23.8,34.2,78.6,0.0,24.7,203.2
III,Tarlac,Concepcion,2022-09-24,23.2,34.0,80.7,9.4,24.7,205.0
III,Tarlac,Concepcion,2022-09-25,23.5,34.8,83.7,14.3,25.9,198.6
III,Tarlac,Concepcion,2022-09-26,23.5,34.8,85.3,21.9,26.2,191.9
III,Tarlac,Concepcion,2022-09-27,22.6,35.6,75.8,0.0,24.3,222.6
III,Tarlac,Concepcion,2022-09-28,21.8,33.8,84.5,9.0,24.7,196.8
III,Tarlac,Concepcion,2022-09-29,22.8,34.4,77.8,0.0,24.2,225.8
III,Tarlac,Concepcion,2022-09-30,23.7,35.0,79.1,0.0,25.2,208.1
III,Tarlac,Concepcion,2022-10-01,23.4,32.8,81.6,21.8,24.4,187.3
III,Tarlac,Concepcion,2022-10-02,23.6,34.6,76.8,12.4,24.5,209.5
III,Tarlac,Concepcion,2022-10-03,23.5,36.1,74.3,0.0,24.7,214.7
III,Tarlac,Concepcion,2022-10-04,23.5,35.4,75.1,0.0,24.5,208.8
III,Tarlac,Concepcion,2022-10-05,23.7,35.3,79.3,5.4,25.4,221.3
III,Tarlac,Concepcion,2022-10-06,23.4,34.4,74.8,0.0,23.9,212.0
III,Tarlac,Concepcion,2022-10-07,23.0,32.2,79.0,16.3,23.4,200.5
III,Tarlac,Concepcion,2022-10-08,23.4,32.6,79.5,5.9,23.9,222.6
III,Tarlac,Concepcion,2022-10-09,22.5,32.5,78.5,1.6,23.2,226.0
III,Tarlac,Concepcion,2022-10-10,22.9,32.2,76.1,20.4,22.8,199.8
III,Tarlac,Concepcion,2022-10-11,22.8,32.4,75.9,1.1,22.8,225.1
III,Tarlac,Concepcion,2022-10-12,22.9,33.2,68.7,,21.8,228.9
III,Tarlac,Concepcion,2022-10-13,24.0,33.0,73.7,,23.2,205.6
III,Tarlac,Concepcion,2022-10-14,23.4,34.4,,,22.6,225.1
III,Tarlac,Concepcion,2022-10-15,22.9,31.8,,,21.6,185.3
III,Tarlac,Concepcion,2022-10-16,22.8,33.4,72.2,,22.5,205.6
III,Tarlac,Concepcion,2022-10-17,23.0,31.6,70.6,41.1,21.4,178.7
III,Tarlac,Concepcion,2022-10-18,23.2,33.2,73.2,5.1,22.8,223.3
III,Tarlac,Concepcion,2022-10-19,23.3,33.0,78.1,1.6,23.8,213.9
III,Tarlac,Concepcion,2022-10-20,23.9,33.9,72.5,0.0,23.4,215.4
III,Tarlac,Concepcion,2022-10-21,23.5,34.2,74.8,0.0,23.8,212.6
III,Tarlac,Concepcion,2022-10-22,22.7,32.2,79.6,6.0,23.4,214.4
III,Tarlac,Concepcion,2022-10-23,22.8,32.5,76.3,0.0,22.9,222.0
III,Tarlac,Concepcion,2022-10-24,22.5,33.9,74.7,0.0,23.1,206.8
III,Tarlac,Concepcion,2022-10-25,22.6,34.3,75.6,0.0,23.6,211.0
III,Tarlac,Concepcion,2022-10-26,23.6,33.9,78.3,0.0,24.4,216.3
III,Tarlac,Concepcion,2022-10-27,23.3,34.2,82.2,16.6,25.2,204.4
III,Tarlac,Concepcion,2022-10-28,24.4,34.8,74.8,0.0,24.6,220.3
III,Tarlac,Concepcion,2022-10-29,24.1,33.9,74.8,0.0,24.0,222.5
III,Tarlac,Concepcion,2022-10-30,24.2,,78.5,0.0,24.9,240.8
III,Tarlac,Concepcion,2022-10-31,23.1,,80.1,0.0,24.4,223.8
III,Tarlac,Concepcion,2022-11-01,23.5,,80.3,0.4,25.3,217.6
III,Tarlac,Concepcion,2022-11-02,23.1,34.9,78.1,0.0,24.6,229.3
III,Tarlac,Concepcion,2022-11-03,23.0,33.9,73.9,0.0,23.2,216.7
III,Tarlac,Concepcion,2022-11-04,22.9,33.7,76.0,5.4,23.5,228.2
III,Tarlac,Concepcion,2022-11-05,21.7,33.7,75.1,13.3,22.7,210.6
III,Tarlac,Concepcion,2022-11-06,22.2,34.9,72.0,0.0,22.9,208.4
III,Tarlac,Concepcion,2022-11-07,22.6,35.6,72.4,0.0,23.6,209.4
III,Tarlac,Concepcion,2022-11-08,22.6,36.1,70.3,0.0,23.4,220.2
III,Tarlac,Concepcion,2022-11-09,22.3,35.1,69.8,0.0,22.7,208.9
III,Tarlac,Concepcion,2022-11-10,22.3,35.5,70.3,0.0,23.0,230.0
III,Tarlac,Concepcion,2022-11-11,22.7,34.1,74.2,6.0,23.2,203.2
III,Tarlac,Concepcion,2022-11-12,22.3,35.5,75.4,9.8,24.0,220.7
III,Tarlac,Concepcion,2022-11-13,22.3,35.0,75.1,1.8,23.7,228.2
III,Tarlac,Concepcion,2022-11-14,22.4,32.2,75.3,13.7,22.4,228.3
III,Tarlac,Concepcion,2022-11-15,21.9,32.8,71.9,0.0,21.7,216.3
III,Tarlac,Concepcion,2022-11-16,22.5,33.8,74.2,0.0,23.0,212.7
III,Tarlac,Concepcion,2022-11-17,23.0,34.0,69.6,0.0,22.4,233.4
III,Tarlac,Concepcion,2022-11-18,23.0,34.7,70.8,8.9,23.0,214.8
III,Tarlac,Concepcion,2022-11-19,23.4,34.8,67.8,0.0,22.7,217.4
III,Tarlac,Concepcion,2022-11-20,23.5,34.4,69.4,0.0,22.8,228.7
III,Tarlac,Concepcion,2022-11-21,22.3,31.9,74.6,71.4,22.0,183.4
III,Tarlac,Concepcion,2022-11-22,21.8,34.4,69.1,0.0,21.9,215.8
III,Tarlac,Concepcion,2022-11-23,22.1,35.4,70.7,0.0,22.9,230.2
III,Tarlac,Concepcion,2022-11-24,22.7,33.3,77.0,17.5,23.4,212.9
III,Tarlac,Concepcion,2022-11-25,23.0,33.8,71.7,0.0,22.7,242.8
III,Tarlac,Concepcion,2022-11-26,22.4,34.1,73.5,0.0,23.0,225.0
III,Tarlac,Concepcion,2022-11-27,21.8,34.2,74.9,0.0,23.0,225.4
III,Tarlac,Concepcion,2022-11-28,20.5,34.0,75.9,0.0,22.4,219.2
III,Tarlac,Concepcion,2022-11-29,21.3,33.2,77.8,0.0,22.8,229.6
III,Tarlac,Concepcion,2022-11-30,23.2,34.5,79.5,0.0,24.8,229.4
III,Tarlac,Concepcion,2022-12-01,22.8,34.7,78.4,0.0,24.4,220.8
III,Tarlac,Concepcion,2022-12-02,21.7,35.0,80.2,0.0,24.4,206.9
III,Tarlac,Concepcion,2022-12-03,21.6,34.4,78.6,0.0,23.7,226.6
III,Tarlac,Concepcion,2022-12-04,21.9,36.1,77.3,1.3,24.5,233.8
III,Tarlac,Concepcion,2022-12-05,22.2,33.3,72.4,0.0,22.2,239.5
III,Tarlac,Concepcion,2022-12-06,21.9,32.8,69.5,0.0,21.2,240.0
III,Tarlac,Concepcion,2022-12-07,22.0,31.9,75.4,5.6,22.0,236.5
III,Tarlac,Concepcion,2022-12-08,22.2,31.9,67.6,0.0,20.6,238.0
III,Tarlac,Concepcion,2022-12-09,22.5,32.9,66.9,0.0,21.1,238.0
III,Tarlac,Concepcion,2022-12-10,21.7,33.6,70.1,0.0,21.7,231.4
III,Tarlac,Concepcion,2022-12-11,21.0,35.0,69.1,0.0,21.8,234.7
III,Tarlac,Concepcion,2022-12-12,21.8,33.8,70.2,0.0,21.8,221.5
III,Tarlac,Concepcion,2022-12-13,22.4,34.1,72.2,0.0,22.7,233.9
III,Tarlac,Concepcion,2022-12-14,21.8,33.8,71.6,0.0,22.1,234.9
III,Tarlac,Concepcion,2022-12-15,22.5,35.1,71.3,0.0,23.1,235.7
III,Tarlac,Concepcion,2022-12-16,21.6,33.3,75.2,32.6,22.5,213.4
III,Tarlac,Concepcion,2022-12-17,23.1,34.6,70.6,3.9,23.0,235.8
III,Tarlac,Concepcion,2022-12-18,22.2,,70.7,1.5,,240.1
III,Tarlac,Concepcion,2022-12-19,22.7,,67.5,0.0,,223.9
III,Tarlac,Concepcion,2022-12-20,21.9,,66.7,0.0,,216.1
III,Tarlac,Concepcion,2022-12-21,21.5,,66.8,0.0,,234.5
III,Tarlac,Concepcion,2022-12-22,21.1,33.1,69.4,5.2,21.0,224.2
III,Tarlac,Concepcion,2022-12-23,20.8,32.7,65.2,0.0,19.8,219.8
III,Tarlac,Concepcion,2022-12-24,22.6,34.0,66.5,0.0,21.6,234.6
III,Tarlac,Concepcion,2022-12-25,22.7,34.0,66.9,0.0,21.7,227.3
III,Tarlac,Concepcion,2022-12-26,23.4,34.5,66.9,0.0,22.3,230.0
III,Tarlac,Concepcion,2022-12-27,23.8,35.1,69.8,0.0,23.4,230.8
III,Tarlac,Concepcion,2022-12-28,23.6,33.5,71.0,0.0,22.8,230.1
III,Tarlac,Concepcion,2022-12-29,22.9,32.8,70.3,0.0,21.9,251.1
III,Tarlac,Concepcion,2022-12-30,22.4,32.7,68.1,0.0,21.2,229.5
III,Tarlac,Concepcion,2022-12-31,22.3,32.5,67.8,0.0,21.0,243.9
III,Tarlac,Concepcion,2023-01-01,22.3,31.8,72.4,15.3,21.5,212.9
III,Tarlac,Concepcion,2023-01-02,23.1,31.8,68.0,0.0,21.1,230.6
III,Tarlac,Concepcion,2023-01-03,23.1,31.6,66.0,0.0,20.6,231.4
III,Tarlac,Concepcion,2023-01-04,22.6,31.3,69.5,0.0,20.8,239.8
III,Tarlac,Concepcion,2023-01-05,22.4,32.0,70.7,0.0,21.3,232.8
III,Tarlac,Concepcion,2023-01-06,21.9,33.3,67.8,0.7,21.2,246.6
III,Tarlac,Concepcion,2023-01-07,22.8,33.6,68.5,0.0,21.9,235.4
III,Tarlac,Concepcion,2023-01-08,22.9,33.2,67.4,0.0,21.5,241.9
III,Tarlac,Concepcion,2023-01-09,22.7,33.3,71.2,0.0,22.2,237.6
III,Tarlac,Concepcion,2023-01-10,22.0,33.0,69.9,0.0,21.5,
III,Tarlac,Concepcion,2023-01-11,21.3,34.1,71.1,0.0,21.9,
III,Tarlac,Concepcion,2023-01-12,21.9,34.2,71.2,0.0,22.3,
III,Tarlac,Concepcion,2023-01-13,22.1,33.1,72.5,0.0,22.1,
III,Tarlac,Concepcion,2023-01-14,22.5,33.5,72.5,0.6,22.5,
III,Tarlac,Concepcion,2023-01-15,21.4,33.8,71.1,0.0,21.8,
III,Tarlac,Concepcion,2023-01-16,21.5,32.9,75.5,0.0,22.3,231.6
III,Tarlac,Concepcion,2023-01-17,22.0,33.0,69.7,0.0,21.4,245.2
III,Tarlac,Concepcion,2023-01-18,22.3,33.5,69.6,0.0,21.8,238.3
III,Tarlac,Concepcion,2023-01-19,21.2,32.7,69.1,0.0,20.8,230.6
III,Tarlac,Concepcion,2023-01-20,21.1,33.4,65.7,0.0,20.4,231.2
III,Tarlac,Concepcion,2023-01-21,22.2,34.0,70.0,0.0,22.1,229.0
III,Tarlac,Concepcion,2023-01-22,20.8,35.5,67.6,0.0,21.7,216.4
III,Tarlac,Concepcion,2023-01-23,21.6,33.4,68.4,0.0,21.2,248.6
III,Tarlac,Concepcion,2023-01-24,21.1,33.3,69.2,0.0,21.0,242.1
III,Tarlac,Concepcion,2023-01-25,21.8,33.0,70.8,8.8,21.6,241.4
III,Tarlac,Concepcion,2023-01-26,21.7,32.9,64.1,0.0,20.1,249.4
III,Tarlac,Concepcion,2023-01-27,21.6,32.9,67.7,0.0,20.8,246.4
III,Tarlac,Concepcion,2023-01-28,22.0,33.3,63.2,0.0,20.3,232.6
III,Tarlac,Concepcion,2023-01-29,22.1,31.4,65.8,0.0,19.9,231.9
III,Tarlac,Concepcion,2023-01-30,23.8,31.9,65.9,0.0,21.0,232.7
III,Tarlac,Concepcion,2023-01-31,24.3,32.0,69.3,0.0,22.0,214.3
III,Tarlac,Concepcion,2023-02-01,23.4,31.9,64.7,0.0,20.6,239.2
III,Tarlac,Concepcion,2023-02-02,22.5,32.5,67.5,0.0,21.0,241.2
III,Tarlac,Concepcion,2023-02-03,22.5,31.5,70.1,0.0,21.0,253.5
III,Tarlac,Concepcion,2023-02-04,22.3,33.6,69.9,0.0,21.9,233.6
III,Tarlac,Concepcion,2023-02-05,23.1,34.4,67.8,0.0,22.3,225.9
III,Tarlac,Concepcion,2023-02-06,23.3,33.0,72.3,0.0,22.6,244.2
III,Tarlac,Concepcion,2023-02-07,23.4,32.9,70.8,0.0,22.3,240.1
III,Tarlac,Concepcion,2023-02-08,22.7,32.6,69.5,0.0,21.5,265.0
III,Tarlac,Concepcion,2023-02-09,22.3,31.9,67.0,0.0,20.5,247.9
III,Tarlac,Concepcion,2023-02-10,22.5,35.3,66.2,0.0,22.1,243.2
III,Tarlac,Concepcion,2023-02-11,23.5,34.3,65.3,0.0,22.0,243.1
III,Tarlac,Concepcion,2023-02-12,23.9,33.2,65.7,0.0,,241.2
III,Tarlac,Concepcion,2023-02-13,24.3,32.0,64.7,0.0,,243.9
III,Tarlac,Concepcion,2023-02-14,23.2,32.4,65.8,2.6,,252.8
III,Tarlac,Concepcion,2023-02-15,24.4,33.1,60.0,0.0,20.8,246.3
III,Tarlac,Concepcion,2023-02-16,24.8,34.0,60.0,0.0,21.4,235.6
III,Tarlac,Concepcion,2023-02-17,23.5,33.5,60.2,0.0,20.5,232.5
III,Tarlac,Concepcion,2023-02-18,21.9,34.3,62.4,0.0,20.6,252.5
III,Tarlac,Concepcion,2023-02-19,21.9,33.9,63.8,0.0,20.7,231.5
III,Tarlac,Concepcion,2023-02-20,22.6,32.2,62.5,0.0,19.9,238.1
III,Tarlac,Concepcion,2023-02-21,22.7,33.0,70.6,1.2,22.0,232.8
III,Tarlac,Concepcion,2023-02-22,21.8,32.5,70.5,0.0,21.2,235.9
III,Tarlac,Concepcion,2023-02-23,21.8,32.8,69.9,0.0,21.3,246.2
III,Tarlac,Concepcion,2023-02-24,21.4,33.4,64.9,0.0,20.4,238.6
III,Tarlac,Concepcion,2023-02-25,21.8,34.4,65.5,0.0,21.2,239.2
III,Tarlac,Concepcion,2023-02-26,21.5,33.5,66.8,0.0,20.9,239.3
III,Tarlac,Concepcion,2023-02-27,22.0,33.3,65.7,0.0,20.8,226.8
III,Tarlac,Concepcion,2023-02-28,21.7,31.9,65.9,0.0,20.0,235.5
III,Tarlac,Concepcion,2023-03-01,22.8,33.0,64.1,0.0,20.7,235.0
III,Tarlac,Concepcion,2023-03-02,20.7,30.3,63.0,0.0,18.1,228.5
III,Tarlac,Concepcion,2023-03-03,21.5,29.6,64.6,0.0,18.5,243.8
III,Tarlac,Concepcion,2023-03-04,22.0,31.8,64.9,0.0,19.9,248.0
III,Tarlac,Concepcion,2023-03-05,22.5,32.2,61.8,0.0,19.7,245.9
III,Tarlac,Concepcion,2023-03-06,22.4,32.4,62.3,0.0,19.9,238.7
III,Tarlac,Concepcion,2023-03-07,22.2,33.9,63.7,0.0,20.8,245.9
III,Tarlac,Concepcion,2023-03-08,21.7,33.8,63.0,0.0,20.4,251.8
III,Tarlac,Concepcion,2023-03-09,22.2,35.1,65.7,0.0,21.8,238.2
III,Tarlac,Concepcion,2023-03-10,23.1,33.2,67.7,0.0,21.7,226.9
III,Tarlac,Concepcion,2023-03-11,22.7,32.9,69.1,0.0,21.6,245.2
III,Tarlac,Concepcion,2023-03-12,21.8,32.8,72.0,0.0,21.7,230.6
III,Tarlac,Concepcion,2023-03-13,21.9,33.6,68.0,0.0,21.4,240.8
III,Tarlac,Concepcion,2023-03-14,21.2,32.3,75.3,5.0,21.8,249.0
III,Tarlac,Concepcion,2023-03-15,20.9,33.4,66.4,0.0,20.4,251.8
III,Tarlac,Concepcion,2023-03-16,33.38012934662462,32.8,66.0,0.0,20.4,248.2
III,Tarlac,Concepcion,2023-03-17,21.1,33.5,67.8,0.0,20.9,243.1
III,Tarlac,Concepcion,2023-03-18,21.3,32.7,70.1,0.0,21.0,250.4
III,Tarlac,Concepcion,2023-03-19,22.6,32.9,66.6,17.9,21.1,216.5
III,Tarlac,Concepcion,2023-03-20,23.3,33.7,66.4,0.0,21.8,241.2
III,Tarlac,Concepcion,2023-03-21,22.5,32.6,65.9,0.0,20.7,248.6
III,Tarlac,Concepcion,2023-03-22,22.7,33.3,65.4,0.0,21.1,227.6
III,Tarlac,Concepcion,2023-03-23,22.4,33.3,69.3,4.0,21.7,237.3
III,Tarlac,Concepcion,2023-03-24,22.8,33.8,66.3,0.0,21.6,234.2
III,Tarlac,Concepcion,2023-03-25,22.6,32.7,65.1,0.0,20.7,238.8
III,Tarlac,Concepcion,2023-03-26,22.5,33.4,66.6,0.0,21.3,239.7
III,Tarlac,Concepcion,2023-03-27,23.5,32.7,66.8,0.0,21.5,227.6
III,Tarlac,Concepcion,2023-03-28,21.8,30.6,65.2,0.0,19.2,237.3
III,Tarlac,Concepcion,2023-03-29,21.8,31.0,66.7,0.0,19.7,232.1
III,Tarlac,Concepcion,2023-03-30,22.2,30.9,70.8,0.0,20.7,227.5
III,Tarlac,Concepcion,2023-03-31,22.5,32.0,67.3,0.0,20.7,243.0
III,Tarlac,Concepcion,2023-04-01,22.9,32.7,67.8,0.0,21.4,228.1
III,Tarlac,Concepcion,2023-04-02,21.8,31.4,71.0,0.0,20.8,224.0
III,Tarlac,Concepcion,2023-04-03,21.3,32.0,70.9,0.0,20.8,236.5
III,Tarlac,Concepcion,2023-04-04,21.4,31.7,70.9,0.0,20.7,223.8
III,Tarlac,Concepcion,2023-04-05,22.2,31.0,73.0,0.0,21.2,254.5
III,Tarlac,Concepcion,2023-04-06,22.5,31.7,72.9,0.0,21.7,237.3
III,Tarlac,Concepcion,2023-04-07,22.6,30.6,74.6,0.0,21.5,236.6
III,Tarlac,Concepcion,2023-04-08,23.1,31.7,79.7,5.5,23.3,240.0
III,Tarlac,Concepcion,2023-04-09,23.1,32.4,72.5,0.0,22.2,232.2
III,Tarlac,Concepcion,2023-04-10,22.9,34.5,74.8,0.0,23.7,239.3
III,Tarlac,Concepcion,2023-04-11,22.5,34.6,76.5,1.1,23.8,237.8
III,Tarlac,Concepcion,2023-04-12,21.1,33.9,70.5,0.0,21.6,245.6
III,Tarlac,Concepcion,2023-04-13,20.4,34.9,66.4,0.0,20.9,224.7
III,Tarlac,Concepcion,2023-04-14,21.4,33.1,71.4,0.0,21.5,237.5
III,Tarlac,Concepcion,2023-04-15,22.2,32.9,65.0,0.0,20.5,246.0
III,Tarlac,Concepcion,2023-04-16,23.3,33.1,67.3,0.0,21.7,223.9
III,Tarlac,Concepcion,2023-04-17,21.5,32.1,72.2,9.9,21.2,225.6
III,Tarlac,Concepcion,2023-04-18,21.5,32.4,74.2,1.5,21.8,233.6
III,Tarlac,Concepcion,2023-04-19,21.3,31.7,71.2,0.0,20.7,226.9
III,Tarlac,Concepcion,2023-04-20,22.0,31.2,71.6,0.0,20.9,242.4
III,Tarlac,Concepcion,2023-04-21,22.2,31.5,69.9,0.0,20.8,237.1
III,Tarlac,Concepcion,2023-04-22,21.9,31.6,67.5,0.0,20.2,227.2
III,Tarlac,Concepcion,2023-04-23,22.4,33.0,68.7,0.0,21.4,230.8
III,Tarlac,Concepcion,2023-04-24,23.1,31.8,65.6,0.0,20.6,251.5
III,Tarlac,Concepcion,2023-04-25,22.4,32.4,68.2,7.3,21.0,233.4
III,Tarlac,Concepcion,2023-04-26,22.5,31.7,68.1,0.0,20.7,235.3
III,Tarlac,Concepcion,2023-04-27,21.2,32.6,,0.0,20.9,229.8
III,Tarlac,Concepcion,2023-04-28,21.7,31.8,,0.0,21.2,239.3
III,Tarlac,Concepcion,2023-04-29,22.1,32.4,70.7,0.0,21.4,227.8
III,Tarlac,Concepcion,2023-04-30,22.8,31.3,69.5,0.0,21.0,230.6
III,Tarlac,Concepcion,2023-05-01,24.0,31.1,71.3,0.0,21.8,254.0
III,Tarlac,Concepcion,2023-05-02,23.3,33.4,69.1,0.0,22.2,224.5
III,Tarlac,Concepcion,2023-05-03,23.0,34.1,69.3,0.0,22.4,231.4
III,Tarlac,Concepcion,2023-05-04,23.4,34.6,71.8,0.0,23.4,222.4
III,Tarlac,Concepcion,2023-05-05,23.0,33.1,70.5,0.0,22.2,234.6
III,Tarlac,Concepcion,2023-05-06,23.9,33.9,71.7,0.0,23.2,229.5
III,Tarlac,Concepcion,2023-05-07,24.2,34.3,69.1,0.0,23.1,235.7
III,Tarlac,Concepcion,2023-05-08,23.5,34.2,69.3,0.0,,226.9
III,Tarlac,Concepcion,2023-05-09,23.2,33.9,68.3,0.0,,227.2
III,Tarlac,Concepcion,2023-05-10,23.5,34.6,73.4,0.0,,225.7
III,Tarlac,Concepcion,2023-05-11,22.9,33.5,70.9,0.0,22.4,230.0
III,Tarlac,Concepcion,2023-05-12,22.9,34.2,68.5,0.0,22.2,230.3
III,Tarlac,Concepcion,2023-05-13,23.6,34.8,66.7,0.0,22.5,229.3
III,Tarlac,Concepcion,2023-05-14,23.5,34.6,67.9,0.0,22.6,226.5
III,Tarlac,Concepcion,2023-05-15,23.7,33.3,69.3,0.0,22.4,229.9
III,Tarlac,Concepcion,2023-05-16,22.9,32.9,70.3,0.0,22.0,227.7
III,Tarlac,Concepcion,2023-05-17,22.9,33.3,74.6,7.0,23.0,226.0
III,Tarlac,Concepcion,2023-05-18,23.7,34.1,69.7,0.0,22.8,225.7
III,Tarlac,Concepcion,2023-05-19,22.3,33.8,72.0,16.9,22.4,227.9
III,Tarlac,Concepcion,2023-05-20,22.3,33.3,68.9,0.0,21.6,232.1
III,Tarlac,Concepcion,2023-05-21,21.6,31.8,69.4,0.0,20.6,235.2
III,Tarlac,Concepcion,2023-05-22,21.5,33.1,68.6,0.0,21.0,228.1
III,Tarlac,Concepcion,2023-05-23,23.2,32.2,63.4,0.8,20.4,231.8
III,Tarlac,Concepcion,2023-05-24,22.8,33.6,66.2,0.0,,230.6
III,Tarlac,Concepcion,2023-05-25,23.4,34.4,63.7,0.0,,237.9
III,Tarlac,Concepcion,2023-05-26,22.6,34.0,65.0,0.0,,238.8
III,Tarlac,Concepcion,2023-05-27,22.3,32.1,69.3,1.7,,232.7
III,Tarlac,Concepcion,2023-05-28,22.8,33.1,65.8,0.0,21.1,247.2
III,Tarlac,Concepcion,2023-05-29,22.4,32.6,70.7,8.6,21.6,223.6
III,Tarlac,Concepcion,2023-05-30,22.9,33.6,68.8,0.0,22.0,229.7
III,Tarlac,Concepcion,2023-05-31,22.9,32.9,65.8,0.0,21.1,219.7
III,Tarlac,Concepcion,2023-06-01,22.8,32.5,66.5,0.0,21.0,224.0
III,Tarlac,Concepcion,2023-06-02,23.4,34.4,66.7,0.0,22.2,223.2
III,Tarlac,Concepcion,2023-06-03,23.4,34.8,67.7,0.0,22.6,235.7
III,Tarlac,Concepcion,2023-06-04,23.2,34.3,68.2,0.0,22.4,233.9
III,Tarlac,Concepcion,2023-06-05,23.3,33.2,70.7,0.0,22.4,245.6
III,Tarlac,Concepcion,2023-06-06,23.6,33.1,74.3,0.0,23.2,236.1
III,Tarlac,Concepcion,2023-06-07,23.9,35.7,71.4,0.0,24.1,228.1
III,Tarlac,Concepcion,2023-06-08,24.7,35.4,67.2,0.0,23.5,238.4
III,Tarlac,Concepcion,2023-06-09,24.9,33.8,73.6,0.0,24.1,222.4
III,Tarlac,Concepcion,2023-06-10,23.9,32.7,71.8,0.0,22.7,220.3
III,Tarlac,Concepcion,2023-06-11,22.8,33.4,75.0,0.0,23.1,228.5
III,Tarlac,Concepcion,2023-06-12,23.2,34.2,72.8,0.0,23.3,241.2
III,Tarlac,Concepcion,2023-06-13,20.0,33.3,78.8,70.2,22.4,168.2
III,Tarlac,Concepcion,2023-06-14,,34.3,75.7,1.1,22.3,231.2
III,Tarlac,Concepcion,2023-06-15,,34.7,71.0,0.0,22.2,216.8
III,Tarlac,Concepcion,2023-06-16,,34.9,67.1,0.0,22.3,223.3
III,Tarlac,Concepcion,2023-06-17,,36.0,75.3,4.2,24.4,232.5
III,Tarlac,Concepcion,2023-06-18,,35.4,71.9,0.0,23.0,218.7
III,Tarlac,Concepcion,2023-06-19,21.7,34.6,75.9,15.7,23.3,217.5
III,Tarlac,Concepcion,2023-06-20,22.6,,74.2,2.5,23.6,232.9
III,Tarlac,Concepcion,2023-06-21,22.5,,71.8,0.0,22.1,228.9
III,Tarlac,Concepcion,2023-06-22,23.0,,71.4,0.0,22.2,241.1
III,Tarlac,Concepcion,2023-06-23,23.9,,72.0,0.0,23.4,225.7
III,Tarlac,Concepcion,2023-06-24,22.6,,77.6,28.9,23.1,202.0
III,Tarlac,Concepcion,2023-06-25,23.2,34.9,75.5,11.8,24.2,199.0
III,Tarlac,Concepcion,2023-06-26,23.5,33.6,75.5,5.2,23.6,222.6
III,Tarlac,Concepcion,2023-06-27,23.4,35.0,75.3,12.8,24.3,213.5
III,Tarlac,Concepcion,2023-06-28,24.9,35.4,70.2,0.0,24.2,214.9
III,Tarlac,Concepcion,2023-06-29,24.6,35.7,77.1,5.0,25.6,226.9
III,Tarlac,Concepcion,2023-06-30,23.7,34.8,,0.0,24.5,224.0
III,Tarlac,Concepcion,2023-07-01,23.3,33.8,,7.3,24.5,222.3
III,Tarlac,Concepcion,2023-07-02,23.5,33.7,,5.9,23.7,200.7
III,Tarlac,Concepcion,2023-07-03,23.9,32.4,,7.3,23.2,214.8
III,Tarlac,Concepcion,2023-07-04,24.5,32.8,,0.0,22.7,221.6
III,Tarlac,Concepcion,2023-07-05,24.8,32.4,70.1,0.0,22.6,211.4
III,Tarlac,Concepcion,2023-07-06,24.9,34.8,73.1,0.0,24.5,219.1
III,Tarlac,Concepcion,2023-07-07,25.1,34.6,71.9,0.0,24.2,226.6
III,Tarlac,Concepcion,2023-07-08,23.1,32.2,73.7,34.4,22.4,179.6
III,Tarlac,Concepcion,2023-07-08,23.1,32.2,73.7,34.4,22.4,179.6
III,Tarlac,Concepcion,2023-07-09,25.1,35.6,67.7,0.0,23.9,215.9
III,Tarlac,Concepcion,2023-07-10,25.7,36.1,67.2,0.0,24.3,218.4
III,Tarlac,Concepcion,2023-07-11,25.3,36.0,70.9,2.4,24.8,230.8
III,Tarlac,Concepcion,2023-07-12,24.4,36.1,76.2,11.4,25.5,206.4
III,Tarlac,Concepcion,2023-07-13,24.5,35.2,76.7,10.1,25.2,199.8
III,Tarlac,Concepcion,2023-07-14,23.4,33.9,77.1,1.6,,218.6
III,Tarlac,Concepcion,2023-07-15,23.6,34.0,,0.0,,226.7
III,Tarlac,Concepcion,2023-07-16,23.0,33.8,,7.1,,210.5
III,Tarlac,Concepcion,2023-07-17,23.4,33.8,,0.0,,205.3
III,Tarlac,Concepcion,2023-07-18,24.0,32.8,,6.1,,204.7
III,Tarlac,Concepcion,2023-07-19,23.7,35.2,,0.0,24.5,220.1
III,Tarlac,Concepcion,2023-07-20,23.4,33.8,78.1,18.2,24.2,198.6
III,Tarlac,Concepcion,2023-07-21,22.5,33.1,78.0,37.0,23.4,178.1
III,Tarlac,Concepcion,2023-07-22,24.1,34.2,79.5,9.8,25.1,206.7
III,Tarlac,Concepcion,2023-07-23,22.9,34.9,75.2,0.0,23.9,248.6
III,Tarlac,Concepcion,2023-07-24,23.3,32.8,78.6,20.4,23.8,210.2
III,Tarlac,Concepcion,2023-07-25,23.1,33.1,81.8,3.4,24.5,209.3
III,Tarlac,Concepcion,2023-07-26,22.9,33.7,79.4,10.5,24.2,198.7
III,Tarlac,Concepcion,2023-07-27,23.3,34.3,79.3,3.7,24.7,212.6
III,Tarlac,Concepcion,2023-07-28,22.8,35.0,78.9,4.7,24.7,202.6
III,Tarlac,Concepcion,2023-07-29,23.5,33.9,73.5,0.0,23.4,206.3
III,Tarlac,Concepcion,2023-07-30,23.1,30.2,78.7,16.3,22.4,199.3
III,Tarlac,Concepcion,2023-07-31,24.4,30.6,75.7,13.2,22.6,202.0
III,Tarlac,Concepcion,2023-08-01,24.0,33.9,76.8,12.9,24.3,197.4
III,Tarlac,Concepcion,2023-08-02,23.6,35.4,72.6,0.0,24.0,222.7
III,Tarlac,Concepcion,2023-08-03,24.1,34.7,74.8,0.0,24.4,222.3
III,Tarlac,Concepcion,2023-08-04,23.1,34.2,81.3,16.5,24.9,203.0
III,Tarlac,Concepcion,2023-08-05,23.5,34.2,77.5,0.0,24.4,202.0
III,Tarlac,Concepcion,2023-08-06,23.8,34.4,78.5,0.0,24.8,216.6
III,Tarlac,Concepcion,2023-08-07,23.8,32.7,77.1,,23.7,227.1
III,Tarlac,Concepcion,2023-08-08,23.6,31.6,80.3,,23.7,202.6
III,Tarlac,Concepcion,2023-08-09,24.4,31.5,77.8,,23.5,210.3
III,Tarlac,Concepcion,2023-08-10,23.9,32.1,80.2,,24.0,216.0
III,Tarlac,Concepcion,2023-08-11,23.8,34.3,83.7,,25.8,212.8
III,Tarlac,Concepcion,2023-08-12,23.4,35.4,79.6,0.0,25.3,199.2
III,Tarlac,Concepcion,2023-08-13,22.7,34.5,81.9,12.8,25.0,202.4
III,Tarlac,Concepcion,2023-08-14,22.4,33.8,81.5,19.6,24.4,192.5
III,Tarlac,Concepcion,2023-08-15,22.9,33.2,82.4,18.4,24.5,187.4
III,Tarlac,Concepcion,2023-08-16,23.3,32.7,80.5,0.0,24.1,223.1
III,Tarlac,Concepcion,2023-08-17,23.1,32.6,79.5,0.0,23.8,213.7
III,Tarlac,Concepcion,2023-08-18,23.1,31.2,79.6,8.3,23.1,212.1
III,Tarlac,Concepcion,2023-08-19,22.7,32.8,74.5,0.0,22.6,213.8
III,Tarlac,Concepcion,2023-08-20,23.2,33.2,76.8,0.0,23.6,210.9
III,Tarlac,Concepcion,2023-08-21,23.2,32.9,79.3,20.1,23.9,195.0
III,Tarlac,Concepcion,2023-08-22,23.2,33.2,77.5,6.8,23.7,211.1
III,Tarlac,Concepcion,2023-08-23,23.3,33.8,75.3,0.0,23.6,221.1
III,Tarlac,Concepcion,2023-08-24,23.5,32.5,77.0,0.0,23.4,227.1
III,Tarlac,Concepcion,2023-08-25,23.7,33.2,76.5,0.0,23.8,220.8
III,Tarlac,Concepcion,2023-08-26,23.1,33.9,81.1,10.6,24.7,214.9
III,Tarlac,Concepcion,2023-08-27,23.1,34.6,77.8,0.0,24.4,223.7
III,Tarlac,Concepcion,2023-08-28,22.1,33.7,83.7,23.2,24.6,207.9
III,Tarlac,Concepcion,2023-08-29,23.0,33.0,81.3,3.1,24.3,216.8
III,Tarlac,Concepcion,2023-08-30,22.4,31.6,83.4,21.9,23.7,214.2
III,Tarlac,Concepcion,2023-08-31,22.8,31.7,76.3,0.0,22.5,231.1
III,Tarlac,Concepcion,2023-09-01,21.9,32.2,83.3,14.9,23.7,198.3
III,Tarlac,Concepcion,2023-09-02,22.5,33.7,83.5,4.8,24.8,211.3
III,Tarlac,Concepcion,2023-09-03,23.0,35.3,79.5,0.0,25.0,214.9
III,Tarlac,Concepcion,2023-09-04,22.6,33.7,79.1,0.0,24.0,208.3
III,Tarlac,Concepcion,2023-09-05,22.2,34.9,78.0,0.0,24.2,224.7
III,Tarlac,Concepcion,2023-09-06,23.5,34.6,80.9,14.4,25.2,197.8
III,Tarlac,Concepcion,2023-09-07,24.3,36.1,78.0,0.0,25.8,208.0
III,Tarlac,Concepcion,2023-09-08,23.2,34.4,82.9,15.2,,200.6
III,Tarlac,Concepcion,2023-09-09,24.5,35.5,78.1,5.7,,202.9
III,Tarlac,Concepcion,2023-09-10,24.0,33.7,75.9,46.6,,170.2
III,Tarlac,Concepcion,2023-09-11,23.9,35.9,76.6,8.4,,206.1
III,Tarlac,Concepcion,2023-09-12,23.2,36.0,74.2,0.0,24.4,227.2
III,Tarlac,Concepcion,2023-09-13,23.1,35.0,76.2,4.4,24.3,205.4
III,Tarlac,Concepcion,2023-09-14,23.4,35.8,68.6,0.0,23.3,212.7
III,Tarlac,Concepcion,2023-09-15,23.2,33.3,74.4,34.2,23.1,190.3
III,Tarlac,Concepcion,2023-09-16,25.0,33.1,73.3,2.3,23.7,220.8
III,Tarlac,Concepcion,2023-09-17,22.9,33.9,71.9,4.6,22.8,217.8
III,Tarlac,Concepcion,2023-09-18,22.2,34.3,74.2,1.0,23.1,219.9
III,Tarlac,Concepcion,2023-09-19,22.9,33.6,78.2,9.2,23.9,192.7
III,Tarlac,Concepcion,2023-09-20,23.0,33.4,77.2,7.9,23.6,201.5
III,Tarlac,Concepcion,2023-09-21,22.4,32.8,77.1,6.9,23.0,200.7
III,Tarlac,Concepcion,2023-09-22,21.0,32.1,82.2,29.7,23.0,183.9
III,Tarlac,Concepcion,2023-09-23,20.6,31.2,79.7,10.3,21.8,208.6
III,Tarlac,Concepcion,2023-09-24,21.2,31.3,79.7,12.5,22.2,191.6
III,Tarlac,Concepcion,2023-09-25,22.1,31.7,78.7,0.0,22.6,
III,Tarlac,Concepcion,2023-09-26,22.8,32.7,78.5,0.0,23.4,
III,Tarlac,Concepcion,2023-09-27,22.8,31.9,84.3,32.4,24.2,
III,Tarlac,Concepcion,2023-09-28,22.7,31.3,81.4,13.7,23.3,
III,Tarlac,Concepcion,2023-09-29,21.8,30.4,76.6,45.4,21.4,
III,Tarlac,Concepcion,2023-09-30,23.3,33.9,74.3,0.0,23.5,213.3
III,Tarlac,Concepcion,2023-10-01,23.7,33.5,79.6,15.0,24.5,209.6
III,Tarlac,Concepcion,2023-10-02,23.7,33.7,75.0,0.0,23.7,227.8
III,Tarlac,Concepcion,2023-10-03,22.4,32.9,78.7,28.9,23.4,200.6
III,Tarlac,Concepcion,2023-10-04,21.6,32.3,80.0,30.6,23.0,188.5
III,Tarlac,Concepcion,2023-10-05,21.6,33.3,81.0,22.2,23.6,212.7
III,Tarlac,Concepcion,2023-10-06,20.8,33.8,80.3,8.2,23.4,214.2
III,Tarlac,Concepcion,2023-10-07,21.4,34.1,74.6,0.0,22.7,216.0
III,Tarlac,Concepcion,2023-10-08,22.3,33.9,76.0,5.4,23.3,201.7
III,Tarlac,Concepcion,2023-10-09,22.7,34.3,74.2,0.0,23.3,214.0
III,Tarlac,Concepcion,2023-10-10,22.3,33.8,77.4,7.3,23.5,211.1
III,Tarlac,Concepcion,2023-10-11,23.3,34.6,74.8,0.0,23.9,237.2
III,Tarlac,Concepcion,2023-10-12,23.6,36.0,78.2,1.9,25.4,219.4
III,Tarlac,Concepcion,2023-10-13,23.9,35.3,78.4,18.6,25.3,205.8
III,Tarlac,Concepcion,2023-10-14,24.5,35.9,71.1,0.0,24.4,217.9
III,Tarlac,Concepcion,2023-10-15,23.2,35.5,73.9,8.4,24.1,194.8
III,Tarlac,Concepcion,2023-10-16,22.5,34.4,74.0,13.6,23.2,211.6
III,Tarlac,Concepcion,2023-10-17,23.3,35.9,67.5,0.0,23.1,217.6
III,Tarlac,Concepcion,2023-10-18,22.9,34.2,76.3,37.7,23.8,198.4
III,Tarlac,Concepcion,2023-10-19,23.6,35.5,76.3,23.6,24.8,189.9
III,Tarlac,Concepcion,2023-10-20,23.9,36.4,71.6,0.0,24.5,214.4
III,Tarlac,Concepcion,2023-10-21,22.6,35.5,73.4,0.0,23.7,227.1
III,Tarlac,Concepcion,2023-10-22,23.2,35.4,71.7,0.0,23.6,219.5
III,Tarlac,Concepcion,2023-10-23,23.6,35.2,70.5,0.0,23.5,233.2
III,Tarlac,Concepcion,2023-10-24,34.37034828592448,33.2,71.6,0.0,22.9,228.0
III,Tarlac,Concepcion,2023-10-25,24.0,32.1,75.7,3.7,,217.9
III,Tarlac,Concepcion,2023-10-26,23.9,33.2,,0.0,,217.3
III,Tarlac,Concepcion,2023-10-27,23.4,33.0,,15.3,23.3,210.5
III,Tarlac,Concepcion,2023-10-28,22.9,33.9,,0.0,23.0,226.9
III,Tarlac,Concepcion,2023-10-29,22.8,33.0,70.8,0.0,22.1,216.1
III,Tarlac,Concepcion,2023-10-30,22.6,31.9,77.0,13.0,22.6,209.1
III,Tarlac,Concepcion,2023-10-31,22.7,32.5,73.6,0.0,22.3,222.2
III,Tarlac,Concepcion,2023-11-01,22.7,33.5,72.0,0.0,22.5,235.5
III,Tarlac,Concepcion,2023-11-02,,34.3,74.0,0.0,23.4,222.2
III,Tarlac,Concepcion,2023-11-03,,34.5,75.4,0.0,23.9,202.3
III,Tarlac,Concepcion,2023-11-04,,34.3,73.0,0.0,23.2,228.4
III,Tarlac,Concepcion,2023-11-05,,32.7,76.0,21.1,22.8,217.7
III,Tarlac,Concepcion,2023-11-06,,33.7,73.7,0.0,23.0,227.4
III,Tarlac,Concepcion,2023-11-07,22.6,33.2,75.9,0.0,23.1,226.0
III,Tarlac,Concepcion,2023-11-08,21.9,31.3,82.7,27.8,23.1,197.3
III,Tarlac,Concepcion,2023-11-09,23.0,32.3,82.8,9.3,24.2,237.3
III,Tarlac,Concepcion,2023-11-10,23.5,34.3,77.5,0.0,24.4,223.7
III,Tarlac,Concepcion,2023-11-11,22.6,34.5,74.6,0.0,23.5,233.2
III,Tarlac,Concepcion,2023-11-12,22.3,33.4,78.6,3.6,23.6,225.1
III,Tarlac,Concepcion,2023-11-13,22.9,32.9,74.3,0.0,22.8,220.1
III,Tarlac,Concepcion,2023-11-14,22.3,32.5,75.8,0.0,22.6,225.8
III,Tarlac,Concepcion,2023-11-15,22.9,34.2,75.7,0.4,23.7,233.7
III,Tarlac,Concepcion,2023-11-16,23.0,33.7,76.6,0.0,23.7,232.7
III,Tarlac,Concepcion,2023-11-17,22.6,34.1,76.9,0.0,23.7,229.5
III,Tarlac,Concepcion,2023-11-18,22.6,33.4,78.9,0.0,23.8,213.0
III,Tarlac,Concepcion,2023-11-19,22.7,33.8,78.1,0.0,23.9,229.7
III,Tarlac,Concepcion,2023-11-20,22.9,32.3,75.1,0.0,22.6,222.9
III,Tarlac,Concepcion,2023-11-21,22.6,35.2,74.0,0.0,23.7,238.1
III,Tarlac,Concepcion,2023-11-22,22.5,33.9,76.2,12.9,23.4,214.3
III,Tarlac,Concepcion,2023-11-23,23.3,34.1,69.5,0.0,22.6,222.6
III,Tarlac,Concepcion,2023-11-24,23.6,34.7,69.0,,23.0,213.2
III,Tarlac,Concepcion,2023-11-25,22.7,34.5,76.0,,23.8,227.6
III,Tarlac,Concepcion,2023-11-26,22.2,34.4,72.9,,22.9,228.9
III,Tarlac,Concepcion,2023-11-27,22.3,34.0,74.9,12.2,23.1,216.1
III,Tarlac,Concepcion,2023-11-28,23.4,33.4,72.6,0.0,22.9,226.5
III,Tarlac,Concepcion,2023-11-29,23.0,33.2,72.8,0.0,22.7,237.1
III,Tarlac,Concepcion,2023-11-30,22.5,34.1,74.0,0.0,23.1,227.4
III,Tarlac,Concepcion,2023-12-01,23.3,32.6,78.1,5.8,23.6,217.1
III,Tarlac,Concepcion,2023-12-02,24.6,32.5,78.3,6.2,24.2,216.5
III,Tarlac,Concepcion,2023-12-03,24.4,35.0,72.0,0.0,24.1,225.7
III,Tarlac,Concepcion,2023-12-04,22.9,34.1,70.6,0.0,22.6,216.3
III,Tarlac,Concepcion,2023-12-05,22.5,33.1,73.4,5.6,22.5,232.0
III,Tarlac,Concepcion,2023-12-06,22.7,34.2,76.3,1.4,23.7,223.1
III,Tarlac,Concepcion,2023-12-07,22.7,35.3,69.4,0.0,22.9,231.3
III,Tarlac,Concepcion,2023-12-08,22.9,34.9,68.5,0.0,22.6,235.4
III,Tarlac,Concepcion,2023-12-09,23.5,33.2,71.2,7.8,22.6,215.1
III,Tarlac,Concepcion,2023-12-10,23.6,32.9,71.3,0.0,22.5,243.6
III,Tarlac,Concepcion,2023-12-11,22.5,34.0,76.0,3.6,23.4,219.1
III,Tarlac,Concepcion,2023-12-12,22.9,33.1,73.6,0.0,22.7,240.1
III,Tarlac,Concepcion,2023-12-13,22.0,32.8,71.8,0.5,21.8,222.7
III,Tarlac,Concepcion,2023-12-14,22.2,32.7,72.5,0.0,22.0,230.6
III,Tarlac,Concepcion,2023-12-15,22.4,34.7,70.8,0.0,22.7,231.8
III,Tarlac,Concepcion,2023-12-16,22.0,35.6,70.3,0.0,22.9,229.7
III,Tarlac,Concepcion,2023-12-17,22.4,34.4,74.1,0.0,23.2,224.4
III,Tarlac,Concepcion,2023-12-18,22.6,35.1,73.8,,23.6,218.3
III,Tarlac,Concepcion,2023-12-19,22.6,33.5,72.7,,22.6,247.0
III,Tarlac,Concepcion,2023-12-20,22.5,34.6,70.3,,22.6,219.1
III,Tarlac,Concepcion,2023-12-21,22.2,33.5,73.8,1.5,22.6,239.5
III,Tarlac,Concepcion,2023-12-22,22.2,32.7,73.6,0.0,22.2,221.5
III,Tarlac,Concepcion,2023-12-23,22.2,32.0,69.9,0.0,21.1,244.3
III,Tarlac,Concepcion,2023-12-24,21.0,32.2,72.3,8.5,21.1,226.1
III,Tarlac,Concepcion,2023-12-25,22.4,34.0,66.3,0.0,21.5,236.5
III,Tarlac,Concepcion,2023-12-26,22.7,34.3,71.0,6.5,22.7,228.1
III,Tarlac,Concepcion,2023-12-27,23.4,32.7,68.2,0.0,21.7,219.3
III,Tarlac,Concepcion,2023-12-28,23.9,31.7,67.0,0.0,21.2,232.9
III,Tarlac,Concepcion,2023-12-29,22.9,32.2,65.6,0.0,20.7,240.3
III,Tarlac,Concepcion,2023-12-30,22.7,31.9,64.8,0.0,20.3,218.3
III,Tarlac,Concepcion,2023-12-31,22.9,32.1,72.6,5.7,,218.4
III,Tarlac,Concepcion,2024-01-01,23.2,33.6,70.3,0.0,,228.4
III,Tarlac,Concepcion,2024-01-02,22.3,32.1,68.3,0.0,20.9,248.7
III,Tarlac,Concepcion,2024-01-03,22.0,32.4,65.5,0.0,20.3,233.4
III,Tarlac,Concepcion,2024-01-04,22.0,32.8,65.4,0.0,20.5,236.3
III,Tarlac,Concepcion,2024-01-05,22.3,33.9,64.9,0.0,21.1,237.0
III,Tarlac,Concepcion,2024-01-06,21.6,32.6,65.9,0.0,20.3,229.8
III,Tarlac,Concepcion,2024-01-07,21.3,30.9,67.1,0.0,19.5,244.4
III,Tarlac,Concepcion,2024-01-08,22.1,31.0,69.1,0.0,20.4,233.0
III,Tarlac,Concepcion,2024-01-09,23.0,31.0,66.4,0.0,20.3,238.3
III,Tarlac,Concepcion,2024-01-10,22.6,31.9,66.4,0.0,20.5,225.9
III,Tarlac,Concepcion,2024-01-11,22.4,32.0,68.3,0.0,20.9,236.6
III,Tarlac,Concepcion,2024-01-12,23.0,30.4,69.4,0.0,20.6,234.0
III,Tarlac,Concepcion,2024-01-13,23.2,29.9,67.8,0.0,20.1,234.8
III,Tarlac,Concepcion,2024-01-14,23.0,30.1,72.4,8.9,21.0,229.8
III,Tarlac,Concepcion,2024-01-15,22.8,29.8,66.9,0.0,19.7,247.0
III,Tarlac,Concepcion,2024-01-16,23.0,31.2,66.0,0.0,20.3,225.4
III,Tarlac,Concepcion,2024-01-17,21.8,29.9,69.9,12.3,19.8,216.3
III,Tarlac,Concepcion,2024-01-18,22.6,31.7,65.7,0.0,20.3,234.9
III,Tarlac,Concepcion,2024-01-19,22.5,31.8,63.9,0.0,19.9,241.0
III,Tarlac,Concepcion,2024-01-20,22.5,31.9,67.7,0.0,20.7,237.5
III,Tarlac,Concepcion,2024-01-21,21.4,,67.0,0.0,20.5,243.0
III,Tarlac,Concepcion,2024-01-22,21.2,,67.1,0.0,20.4,231.4
III,Tarlac,Concepcion,2024-01-23,21.3,,60.3,0.0,19.5,230.8
III,Tarlac,Concepcion,2024-01-24,22.0,,63.4,0.0,20.8,236.0
III,Tarlac,Concepcion,2024-01-25,22.1,,68.8,4.9,21.7,239.6
III,Tarlac,Concepcion,2024-01-26,22.1,34.0,65.9,0.0,21.2,236.9
III,Tarlac,Concepcion,2024-01-27,22.7,34.0,66.6,0.0,21.7,
III,Tarlac,Concepcion,2024-01-28,23.0,33.5,63.4,0.0,20.9,
III,Tarlac,Concepcion,2024-01-29,23.3,31.4,65.4,0.0,,
III,Tarlac,Concepcion,2024-01-30,22.5,33.5,65.7,0.0,,
III,Tarlac,Concepcion,2024-01-31,21.8,33.6,67.7,0.0,21.2,229.7
III,Tarlac,Concepcion,2024-02-01,22.6,32.3,70.2,0.0,21.5,251.4
III,Tarlac,Concepcion,2024-02-02,22.4,33.5,68.4,0.0,21.6,237.0
III,Tarlac,Concepcion,2024-02-03,22.7,31.5,67.1,0.0,20.5,247.4
III,Tarlac,Concepcion,2024-02-04,23.2,32.4,65.9,0.0,21.0,234.0
III,Tarlac,Concepcion,2024-02-05,23.4,32.3,67.4,0.0,21.3,252.3
III,Tarlac,Concepcion,2024-02-06,23.8,32.9,67.5,0.0,21.8,249.2
III,Tarlac,Concepcion,2024-02-07,23.5,33.3,66.5,0.0,21.7,249.5
III,Tarlac,Concepcion,2024-02-08,23.8,31.7,65.4,0.0,20.8,233.2
III,Tarlac,Concepcion,2024-02-09,23.7,32.7,64.7,0.0,21.1,248.4
III,Tarlac,Concepcion,2024-02-10,24.1,33.6,61.5,0.0,21.2,242.2
III,Tarlac,Concepcion,2024-02-11,23.6,33.9,63.0,0.0,21.4,243.4
III,Tarlac,Concepcion,2024-02-12,23.0,33.6,61.1,0.0,20.5,262.7
III,Tarlac,Concepcion,2024-02-13,22.7,34.1,68.1,1.3,22.0,226.5
III,Tarlac,Concepcion,2024-02-14,22.5,32.5,62.7,0.0,20.0,239.8
III,Tarlac,Concepcion,2024-02-15,22.8,33.7,64.1,0.0,21.1,241.0
III,Tarlac,Concepcion,2024-02-16,22.3,34.0,65.0,0.0,21.2,234.6
III,Tarlac,Concepcion,2024-02-17,23.2,32.2,66.2,0.0,20.9,247.2
III,Tarlac,Concepcion,2024-02-18,22.6,31.6,70.2,9.5,21.1,230.6
III,Tarlac,Concepcion,2024-02-19,22.8,32.4,66.7,0.0,20.9,241.8
III,Tarlac,Concepcion,2024-02-20,23.4,33.3,63.1,0.0,21.0,248.6
III,Tarlac,Concepcion,2024-02-21,23.3,34.4,63.7,0.0,21.6,233.4
III,Tarlac,Concepcion,2024-02-22,22.7,34.4,66.3,0.0,21.8,240.2
III,Tarlac,Concepcion,2024-02-23,22.1,33.9,64.9,0.0,21.0,239.8
III,Tarlac,Concepcion,2024-02-24,21.9,34.2,68.9,0.0,21.8,229.2
III,Tarlac,Concepcion,2024-02-25,22.0,33.2,69.1,0.0,21.4,239.6
III,Tarlac,Concepcion,2024-02-26,23.0,30.1,67.0,0.0,20.0,252.8
III,Tarlac,Concepcion,2024-02-27,23.2,29.7,63.7,0.0,,237.6
III,Tarlac,Concepcion,2024-02-28,23.4,32.0,65.9,0.0,,238.3
III,Tarlac,Concepcion,2024-02-29,24.0,33.0,63.9,0.0,21.3,230.4
III,Tarlac,Concepcion,2024-03-01,23.1,30.9,62.0,0.0,19.4,249.1
III,Tarlac,Concepcion,2024-03-02,21.5,32.4,68.4,1.2,,251.2
III,Tarlac,Concepcion,2024-03-03,21.7,31.4,68.8,0.0,,247.7
III,Tarlac,Concepcion,2024-03-04,23.1,31.5,68.1,0.0,,242.2
III,Tarlac,Concepcion,2024-03-05,23.0,32.2,72.0,0.0,22.0,244.3
III,Tarlac,Concepcion,2024-03-06,23.0,31.2,73.0,0.0,21.7,245.3
III,Tarlac,Concepcion,2024-03-07,22.6,31.9,76.4,7.3,22.5,231.2
III,Tarlac,Concepcion,2024-03-08,22.8,33.1,73.3,0.0,22.6,248.3
III,Tarlac,Concepcion,2024-03-09,21.8,34.1,69.3,0.0,21.8,224.3
III,Tarlac,Concepcion,2024-03-10,22.7,33.6,71.1,0.0,22.4,240.5
III,Tarlac,Concepcion,2024-03-11,22.7,32.9,72.7,0.0,22.3,236.5
III,Tarlac,Concepcion,2024-03-12,22.0,33.8,71.2,0.0,22.1,243.0
III,Tarlac,Concepcion,2024-03-13,21.6,33.3,73.5,2.8,22.2,217.6
III,Tarlac,Concepcion,2024-03-14,21.9,33.7,68.7,0.0,21.5,222.2
III,Tarlac,Concepcion,2024-03-15,20.9,33.8,67.4,0.0,20.8,235.7
III,Tarlac,Concepcion,2024-03-16,20.4,32.2,68.8,0.0,20.1,234.8
III,Tarlac,Concepcion,2024-03-17,21.2,32.1,66.5,0.0,20.0,253.8
III,Tarlac,Concepcion,2024-03-18,20.9,32.8,64.3,0.0,19.7,239.1
III,Tarlac,Concepcion,2024-03-19,21.1,30.4,73.9,2.7,20.5,241.8
III,Tarlac,Concepcion,2024-03-20,20.9,30.5,66.7,0.0,19.0,241.9
III,Tarlac,Concepcion,2024-03-21,21.6,31.8,65.9,0.0,19.9,236.2
III,Tarlac,Concepcion,2024-03-22,21.8,34.3,68.2,0.0,21.7,243.7
III,Tarlac,Concepcion,2024-03-23,22.4,33.9,68.7,0.0,21.9,223.4
III,Tarlac,Concepcion,2024-03-24,22.3,33.1,65.0,0.0,20.7,250.8
III,Tarlac,Concepcion,2024-03-25,22.6,34.4,61.7,0.0,20.8,236.8
III,Tarlac,Concepcion,2024-03-26,22.8,33.9,63.0,-2.1,21.0,241.2
III,Tarlac,Concepcion,2024-03-27,23.3,33.0,61.2,0.0,20.4,244.3
III,Tarlac,Concepcion,2024-03-28,22.9,31.8,60.6,0.0,19.5,240.2
III,Tarlac,Concepcion,2024-03-29,22.4,32.0,62.5,0.0,19.7,242.9
III,Tarlac,Concepcion,2024-03-30,22.9,32.9,62.5,0.0,20.4,238.3
III,Tarlac,Concepcion,2024-03-31,23.4,33.5,63.3,0.0,21.1,244.6
III,Tarlac,Concepcion,2024-04-01,23.6,32.6,63.2,0.0,20.7,241.4
III,Tarlac,Concepcion,2024-04-02,24.0,32.3,64.7,0.0,21.1,236.8
III,Tarlac,Concepcion,2024-04-03,22.7,32.6,72.4,14.6,22.1,217.7
III,Tarlac,Concepcion,2024-04-04,23.2,33.8,67.2,0.0,21.9,246.1
III,Tarlac,Concepcion,2024-04-05,24.3,33.1,66.5,0.0,22.0,235.2
III,Tarlac,Concepcion,2024-04-06,23.5,33.0,65.9,0.0,21.4,246.5
III,Tarlac,Concepcion,2024-04-07,23.5,33.2,69.0,0.0,22.2,237.4
III,Tarlac,Concepcion,2024-04-08,22.8,32.9,69.1,0.0,21.7,225.9
III,Tarlac,Concepcion,2024-04-09,23.2,33.0,70.5,0.0,22.2,235.4
III,Tarlac,Concepcion,2024-04-10,22.6,32.3,,0.0,20.8,235.0
III,Tarlac,Concepcion,2024-04-11,22.4,31.7,,7.7,20.4,231.1
III,Tarlac,Concepcion,2024-04-12,23.2,31.8,,0.0,20.0,245.0
III,Tarlac,Concepcion,2024-04-13,23.6,31.2,,4.8,21.1,226.2
III,Tarlac,Concepcion,2024-04-14,23.6,32.7,,0.0,21.2,231.5
III,Tarlac,Concepcion,2024-04-15,23.2,32.6,65.5,0.0,21.0,230.8
III,Tarlac,Concepcion,2024-04-16,22.7,32.0,64.6,0.0,20.3,235.7
III,Tarlac,Concepcion,2024-04-17,22.8,31.2,75.2,3.6,22.0,234.2
III,Tarlac,Concepcion,2024-04-18,22.9,32.1,71.2,0.0,21.7,221.7
III,Tarlac,Concepcion,2024-04-19,22.1,32.7,69.6,0.0,21.3,226.0
III,Tarlac,Concepcion,2024-04-20,21.4,32.0,72.3,9.1,21.2,203.2
III,Tarlac,Concepcion,2024-04-21,22.8,31.6,71.8,1.4,21.6,216.0
III,Tarlac,Concepcion,2024-04-22,22.8,31.9,66.7,0.0,20.7,240.1
III,Tarlac,Concepcion,2024-04-23,21.9,31.8,74.1,8.7,21.7,221.1
III,Tarlac,Concepcion,2024-04-24,23.0,31.4,77.1,15.6,22.6,208.7
III,Tarlac,Concepcion,2024-04-25,22.7,33.1,67.9,0.0,21.5,225.9
III,Tarlac,Concepcion,2024-04-26,22.6,35.1,70.5,3.7,23.0,240.0
III,Tarlac,Concepcion,2024-04-27,20.7,34.0,69.8,18.7,21.3,215.8
III,Tarlac,Concepcion,2024-04-28,21.4,34.1,69.4,0.0,21.6,241.7
III,Tarlac,Concepcion,2024-04-29,22.6,34.3,68.2,0.0,22.1,243.5
III,Tarlac,Concepcion,2024-04-30,22.8,34.1,70.6,0.0,22.6,238.6
III,Tarlac,Concepcion,2024-05-01,22.9,34.1,72.8,0.0,23.1,
III,Tarlac,Concepcion,2024-05-02,24.4,33.1,70.7,0.0,22.9,
III,Tarlac,Concepcion,2024-05-03,24.8,33.1,69.3,0.0,22.8,
III,Tarlac,Concepcion,2024-05-04,23.8,32.2,75.7,8.7,23.1,
III,Tarlac,Concepcion,2024-05-05,23.9,35.0,67.8,0.0,23.0,232.8
III,Tarlac,Concepcion,2024-05-06,23.6,34.0,71.2,0.0,23.0,224.5
III,Tarlac,Concepcion,2024-05-07,23.1,33.0,68.4,0.0,21.7,227.9
III,Tarlac,Concepcion,2024-05-08,23.2,33.5,67.9,0.0,21.9,232.5
III,Tarlac,Concepcion,2024-05-09,23.1,31.8,70.0,0.0,21.5,228.2
III,Tarlac,Concepcion,2024-05-10,22.6,33.3,73.1,1.9,22.6,229.9
III,Tarlac,Concepcion,2024-05-11,23.6,32.7,72.3,3.6,22.6,222.9
III,Tarlac,Concepcion,2024-05-12,22.3,33.0,68.5,0.0,21.3,231.4
III,Tarlac,Concepcion,2024-05-13,22.0,32.7,71.5,2.0,21.7,229.6
III,Tarlac,Concepcion,2024-05-14,21.3,32.9,71.4,2.3,21.4,227.8
III,Tarlac,Concepcion,2024-05-15,22.5,33.2,68.6,6.3,21.6,218.5
III,Tarlac,Concepcion,2024-05-16,21.2,34.0,65.0,0.0,20.6,224.7
III,Tarlac,Concepcion,2024-05-17,20.4,33.2,69.0,0.0,20.6,226.3
III,Tarlac,Concepcion,2024-05-18,21.5,33.6,69.7,0.0,21.5,225.7
III,Tarlac,Concepcion,2024-05-19,22.1,33.1,69.6,0.0,21.5,231.1
III,Tarlac,Concepcion,2024-05-20,22.6,32.6,66.7,0.0,20.9,238.5
III,Tarlac,Concepcion,2024-05-21,22.4,31.8,74.6,11.1,22.0,225.2
III,Tarlac,Concepcion,2024-05-22,23.8,33.1,70.1,0.0,22.5,227.7
III,Tarlac,Concepcion,2024-05-23,24.9,32.3,66.9,0.0,22.0,232.5
III,Tarlac,Concepcion,2024-05-24,25.6,32.0,71.9,9.0,23.2,228.7
III,Tarlac,Concepcion,2024-05-25,25.1,33.9,68.9,0.0,23.3,235.5
III,Tarlac,Concepcion,2024-05-26,23.5,33.2,73.1,3.0,23.0,220.3
III,Tarlac,Concepcion,2024-05-27,22.8,32.7,69.9,0.0,21.7,230.0
III,Tarlac,Concepcion,2024-05-28,22.6,32.0,68.4,0.0,21.0,227.1
III,Tarlac,Concepcion,2024-05-29,22.3,31.8,71.8,8.0,21.4,231.2
III,Tarlac,Concepcion,2024-05-30,21.8,32.9,68.7,0.0,21.1,232.2
III,Tarlac,Concepcion,2024-05-31,21.8,32.1,72.4,18.2,21.4,194.7
III,Tarlac,Concepcion,2024-06-01,22.0,33.4,68.3,0.0,21.4,232.4
III,Tarlac,Concepcion,2024-06-02,20.5,33.6,74.2,8.0,21.9,223.8
III,Tarlac,Concepcion,2024-06-03,21.1,34.9,72.3,0.7,22.5,222.5
III,Tarlac,Concepcion,2024-06-04,21.6,34.2,75.1,0.0,22.9,221.3
III,Tarlac,Concepcion,2024-06-05,20.9,34.6,71.6,0.0,22.1,231.9
III,Tarlac,Concepcion,2024-06-06,21.9,35.5,69.0,0.0,22.5,234.9
III,Tarlac,Concepcion,2024-06-07,22.1,35.7,69.3,0.0,22.8,219.8
III,Tarlac,Concepcion,2024-06-08,22.5,34.6,73.2,6.5,23.2,214.7
III,Tarlac,Concepcion,2024-06-09,22.8,33.9,65.5,0.0,21.5,220.8
III,Tarlac,Concepcion,2024-06-10,22.9,34.4,68.1,0.6,22.3,221.2
III,Tarlac,Concepcion,2024-06-11,22.9,34.9,70.5,0.0,23.0,223.0
III,Tarlac,Concepcion,2024-06-12,22.1,35.3,75.8,2.4,23.9,215.1
III,Tarlac,Concepcion,2024-06-13,22.3,34.3,76.1,9.3,23.5,224.4
III,Tarlac,Concepcion,2024-06-14,23.1,35.6,78.8,8.3,25.1,213.8
III,Tarlac,Concepcion,2024-06-15,24.6,33.8,75.7,0.0,24.3,223.8
III,Tarlac,Concepcion,2024-06-16,23.8,34.5,78.0,1.8,24.8,216.7
III,Tarlac,Concepcion,2024-06-17,22.7,33.7,71.1,0.0,22.4,222.0
III,Tarlac,Concepcion,2024-06-18,22.7,34.7,73.6,12.1,23.4,220.3
III,Tarlac,Concepcion,2024-06-19,23.8,35.7,69.8,0.0,23.7,223.6
III,Tarlac,Concepcion,2024-06-20,24.0,34.7,70.4,0.0,23.4,222.7
III,Tarlac,Concepcion,2024-06-21,24.6,33.2,75.3,8.9,24.0,209.5
III,Tarlac,Concepcion,2024-06-22,23.9,33.5,73.1,0.0,23.3,205.2
III,Tarlac,Concepcion,2024-06-23,23.7,34.7,72.8,0.0,23.8,216.0
III,Tarlac,Concepcion,2024-06-24,23.4,35.0,,0.0,24.1,207.3
III,Tarlac,Concepcion,2024-06-25,24.1,,,9.2,24.7,212.1
III,Tarlac,Concepcion,2024-06-26,22.8,,76.8,0.0,22.7,217.6
III,Tarlac,Concepcion,2024-06-27,23.1,,76.4,0.0,22.9,226.2
III,Tarlac,Concepcion,2024-06-28,,,75.4,0.0,22.5,215.8
III,Tarlac,Concepcion,2024-06-29,,,80.0,1.7,23.8,215.9
III,Tarlac,Concepcion,2024-06-30,,32.8,72.5,0.0,22.8,223.0
III,Tarlac,Concepcion,2024-07-01,,34.0,76.5,14.6,23.4,200.5
III,Tarlac,Concepcion,2024-07-02,,35.0,70.5,0.0,22.6,219.0
III,Tarlac,Concepcion,2024-07-03,23.2,34.1,72.1,0.0,23.1,223.7
III,Tarlac,Concepcion,2024-07-04,23.9,34.5,76.9,3.5,24.6,221.3
III,Tarlac,Concepcion,2024-07-05,23.0,31.7,77.5,60.2,22.8,178.5
III,Tarlac,Concepcion,2024-07-06,25.2,33.5,70.2,0.0,23.4,225.6
III,Tarlac,Concepcion,2024-07-07,25.0,35.0,71.5,0.0,24.3,229.4
III,Tarlac,Concepcion,2024-07-08,24.7,34.3,75.8,12.6,24.7,193.5
III,Tarlac,Concepcion,2024-07-09,23.9,32.8,76.6,5.0,23.7,218.4
III,Tarlac,Concepcion,2024-07-10,23.3,34.0,75.4,0.0,23.7,229.4
III,Tarlac,Concepcion,2024-07-11,23.8,32.6,78.9,0.0,24.0,227.1
III,Tarlac,Concepcion,2024-07-12,22.8,33.5,82.6,,24.7,216.9
III,Tarlac,Concepcion,2024-07-13,23.1,32.9,83.3,,24.7,196.6
III,Tarlac,Concepcion,2024-07-14,23.0,35.2,76.7,,24.4,223.7
III,Tarlac,Concepcion,2024-07-15,23.3,34.2,79.2,,24.6,
III,Tarlac,Concepcion,2024-07-16,23.9,35.4,80.8,,25.8,
III,Tarlac,Concepcion,2024-07-17,23.3,34.4,77.6,0.0,24.4,
III,Tarlac,Concepcion,2024-07-18,23.7,35.8,75.4,0.0,24.8,
III,Tarlac,Concepcion,2024-07-19,21.4,34.5,80.9,23.7,24.1,204.2
III,Tarlac,Concepcion,2024-07-20,22.1,33.0,83.5,27.4,24.2,187.9
III,Tarlac,Concepcion,2024-07-21,23.2,34.6,76.1,0.0,24.1,223.5
III,Tarlac,Concepcion,2024-07-22,22.9,34.6,79.7,7.5,24.7,205.3
III,Tarlac,Concepcion,2024-07-23,22.4,36.4,80.0,1.1,25.4,210.7
III,Tarlac,Concepcion,2024-07-24,21.5,32.8,78.4,34.8,22.8,180.1
III,Tarlac,Concepcion,2024-07-25,22.7,32.4,74.1,0.0,22.4,214.2
III,Tarlac,Concepcion,2024-07-26,22.7,33.9,74.8,0.0,23.3,216.4
III,Tarlac,Concepcion,2024-07-27,22.6,34.2,76.6,3.0,23.7,217.3
III,Tarlac,Concepcion,2024-07-28,23.0,33.2,80.5,20.2,24.2,200.1
III,Tarlac,Concepcion,2024-07-29,23.7,35.3,76.9,0.0,24.9,208.6
III,Tarlac,Concepcion,2024-07-30,24.3,35.3,78.8,0.0,25.6,217.1
III,Tarlac,Concepcion,2024-07-31,24.3,33.2,77.9,5.2,24.3,217.9
III,Tarlac,Concepcion,2024-08-01,23.9,33.1,70.8,0.8,22.7,211.7
III,Tarlac,Concepcion,2024-08-02,22.3,34.1,,0.0,22.5,209.3
III,Tarlac,Concepcion,2024-08-03,23.0,32.9,,1.9,23.5,213.3
III,Tarlac,Concepcion,2024-08-04,22.7,32.6,,26.7,23.6,184.5
III,Tarlac,Concepcion,2024-08-05,22.7,34.0,,40.5,24.8,178.4
III,Tarlac,Concepcion,2024-08-06,21.9,34.2,80.0,26.9,24.0,203.5
III,Tarlac,Concepcion,2024-08-07,22.2,34.1,77.0,0.0,23.5,
III,Tarlac,Concepcion,2024-08-08,22.9,32.7,79.4,22.3,23.7,
III,Tarlac,Concepcion,2024-08-09,24.3,32.5,72.3,0.0,22.9,
III,Tarlac,Concepcion,2024-08-10,23.7,30.7,77.0,8.9,22.6,227.3
III,Tarlac,Concepcion,2024-08-11,24.4,30.8,72.3,0.0,22.1,225.9
III,Tarlac,Concepcion,2024-08-12,24.7,31.8,70.1,0.7,22.3,214.9
III,Tarlac,Concepcion,2024-08-13,24.1,32.6,78.1,11.1,24.0,214.1
III,Tarlac,Concepcion,2024-08-14,23.3,33.0,75.3,27.9,23.2,180.2
III,Tarlac,Concepcion,2024-08-15,24.5,34.0,72.7,0.0,23.8,223.8
III,Tarlac,Concepcion,2024-08-16,24.3,33.7,73.4,-1.2,23.7,208.5
III,Tarlac,Concepcion,2024-08-17,23.0,34.4,69.3,0.0,22.6,214.2
III,Tarlac,Concepcion,2024-08-18,23.5,34.1,74.6,0.0,23.7,211.7
III,Tarlac,Concepcion,2024-08-19,22.5,33.1,73.4,0.0,22.5,221.5
III,Tarlac,Concepcion,2024-08-20,23.1,34.1,79.8,21.1,24.6,205.8
III,Tarlac,Concepcion,2024-08-21,23.2,34.4,79.7,11.5,24.7,221.2
III,Tarlac,Concepcion,2024-08-22,23.8,34.8,72.5,0.0,23.8,214.0
III,Tarlac,Concepcion,2024-08-23,23.6,34.4,78.0,3.0,24.6,205.0
III,Tarlac,Concepcion,2024-08-24,23.6,36.2,72.9,0.0,24.5,221.2
III,Tarlac,Concepcion,2024-08-25,22.2,33.8,82.2,28.1,24.4,
III,Tarlac,Concepcion,2024-08-26,22.5,35.1,79.4,0.0,24.7,
III,Tarlac,Concepcion,2024-08-27,23.1,35.8,84.3,3.8,26.3,
III,Tarlac,Concepcion,2024-08-28,23.2,34.7,81.4,14.1,25.2,199.0
III,Tarlac,Concepcion,2024-08-29,23.9,34.1,74.2,0.0,23.8,209.7
III,Tarlac,Concepcion,2024-08-30,22.3,35.5,77.4,3.9,24.4,219.5
III,Tarlac,Concepcion,2024-08-31,23.1,35.9,72.3,0.0,24.0,217.1
III,Tarlac,Concepcion,2024-09-01,24.1,35.8,73.8,0.0,24.7,220.9
III,Tarlac,Concepcion,2024-09-02,23.6,32.8,79.5,18.9,24.1,201.3
III,Tarlac,Concepcion,2024-09-03,23.4,32.4,81.1,8.4,24.1,198.7
III,Tarlac,Concepcion,2024-09-04,23.1,33.4,81.6,0.0,24.6,215.4
III,Tarlac,Concepcion,2024-09-05,23.1,33.1,85.3,3.5,25.2,205.9
III,Tarlac,Concepcion,2024-09-06,22.6,35.0,78.1,0.0,24.4,234.6
III,Tarlac,Concepcion,2024-09-07,22.6,35.4,76.2,0.0,24.2,210.3
III,Tarlac,Concepcion,2024-09-08,22.0,32.8,81.0,38.0,23.6,189.4
III,Tarlac,Concepcion,2024-09-09,22.3,33.8,84.0,11.5,24.8,201.5
III,Tarlac,Concepcion,2024-09-10,22.8,34.8,,1.4,25.5,209.3
III,Tarlac,Concepcion,2024-09-11,21.1,32.2,,72.5,22.5,165.1
III,Tarlac,Concepcion,2024-09-12,22.4,34.2,,0.0,23.3,221.7
III,Tarlac,Concepcion,2024-09-13,22.8,37.1,,0.0,24.9,219.3
III,Tarlac,Concepcion,2024-09-14,22.3,36.7,75.1,0.0,24.5,210.7
III,Tarlac,Concepcion,2024-09-15,23.0,35.9,80.4,4.7,25.5,216.4
III,Tarlac,Concepcion,2024-09-16,22.2,36.4,78.9,6.6,25.1,214.3
III,Tarlac,Concepcion,2024-09-17,22.4,37.0,78.2,0.0,25.3,223.1
III,Tarlac,Concepcion,2024-09-18,22.9,35.6,81.6,15.6,25.6,200.1
III,Tarlac,Concepcion,2024-09-19,22.8,34.8,83.6,2.8,25.5,206.4
III,Tarlac,Concepcion,2024-09-20,23.2,32.4,81.2,144.4,24.0,164.3
III,Tarlac,Concepcion,2024-09-21,23.1,34.5,81.0,10.8,25.0,202.4
III,Tarlac,Concepcion,2024-09-22,23.0,34.4,76.0,0.0,23.9,213.6
III,Tarlac,Concepcion,2024-09-23,23.4,33.1,77.3,0.0,23.7,214.4
III,Tarlac,Concepcion,2024-09-24,23.1,31.8,84.9,6.8,24.4,205.0
III,Tarlac,Concepcion,2024-09-25,22.6,33.9,86.8,6.2,25.6,216.3
III,Tarlac,Concepcion,2024-09-26,23.1,33.6,77.8,,23.9,211.8
III,Tarlac,Concepcion,2024-09-27,23.4,34.0,75.8,,23.9,204.8
III,Tarlac,Concepcion,2024-09-28,23.2,33.5,78.5,6.3,24.0,214.1
III,Tarlac,Concepcion,2024-09-29,22.5,32.0,74.9,48.0,22.2,168.6
III,Tarlac,Concepcion,2024-09-30,23.9,33.0,78.4,20.7,24.1,197.5
III,Tarlac,Concepcion,2024-10-01,23.4,34.1,77.9,6.7,24.3,221.4
III,Tarlac,Concepcion,2024-10-02,25.0,34.2,74.0,0.0,24.4,224.7
III,Tarlac,Concepcion,2024-10-03,24.8,32.0,76.6,1.4,23.7,222.0
III,Tarlac,Concepcion,2024-10-04,24.7,32.5,77.9,18.1,24.2,199.8
III,Tarlac,Concepcion,2024-10-05,24.4,33.7,76.4,0.0,24.3,220.1
III,Tarlac,Concepcion,2024-10-06,23.5,32.8,78.3,3.2,23.8,215.0
III,Tarlac,Concepcion,2024-10-07,22.8,31.2,75.9,0.0,22.2,212.5
III,Tarlac,Concepcion,2024-10-08,24.0,32.9,78.9,10.9,24.2,211.4
III,Tarlac,Concepcion,2024-10-09,24.0,35.2,,2.5,25.2,212.1
III,Tarlac,Concepcion,2024-10-10,23.8,33.8,,0.0,23.6,218.8
III,Tarlac,Concepcion,2024-10-11,24.1,34.9,,5.8,25.5,210.5
III,Tarlac,Concepcion,2024-10-12,24.6,35.2,,0.0,25.0,208.4
III,Tarlac,Concepcion,2024-10-13,,32.1,,18.1,23.7,198.0
III,Tarlac,Concepcion,2024-10-14,,31.4,76.8,5.4,22.7,204.7
III,Tarlac,Concepcion,2024-10-15,,31.0,76.7,22.9,22.6,191.0
III,Tarlac,Concepcion,2024-10-16,23.4,32.9,75.4,10.0,23.2,210.9
III,Tarlac,Concepcion,2024-10-17,22.5,33.7,75.7,0.0,23.2,231.8
III,Tarlac,Concepcion,2024-10-18,21.8,33.6,77.4,10.2,23.2,204.5
III,Tarlac,Concepcion,2024-10-19,22.3,34.4,77.2,0.0,23.8,215.8
III,Tarlac,Concepcion,2024-10-20,21.8,35.3,80.2,0.0,24.6,232.5
III,Tarlac,Concepcion,2024-10-21,23.6,36.3,83.6,10.0,26.7,211.7
III,Tarlac,Concepcion,2024-10-22,23.2,34.9,81.3,15.4,25.3,196.6
III,Tarlac,Concepcion,2024-10-23,23.0,38.6,76.1,0.0,26.0,218.3
III,Tarlac,Concepcion,2024-10-24,23.5,35.8,78.2,0.0,25.3,222.6
III,Tarlac,Concepcion,2024-10-25,22.5,35.9,80.8,7.8,25.4,219.0
III,Tarlac,Concepcion,2024-10-26,21.1,35.3,78.8,10.4,24.0,227.6
III,Tarlac,Concepcion,2024-10-27,21.6,35.0,74.9,0.0,23.3,215.8
III,Tarlac,Concepcion,2024-10-28,21.9,34.9,76.7,4.4,23.7,231.6
III,Tarlac,Concepcion,2024-10-29,23.2,32.4,81.4,4.9,24.1,217.5
III,Tarlac,Concepcion,2024-10-30,23.4,33.0,78.5,0.0,23.9,227.0
III,Tarlac,Concepcion,2024-10-31,23.0,33.3,81.2,0.0,24.4,234.2
III,Tarlac,Concepcion,2024-11-01,23.0,33.4,75.0,0.0,23.2,220.3
III,Tarlac,Concepcion,2024-11-02,23.2,34.4,72.8,0.0,23.4,212.6
III,Tarlac,Concepcion,2024-11-03,23.7,34.6,70.8,0.0,23.3,221.0
III,Tarlac,Concepcion,2024-11-04,24.2,34.1,77.2,7.7,24.6,211.2
III,Tarlac,Concepcion,2024-11-05,25.5,34.2,72.6,0.0,24.4,228.3
III,Tarlac,Concepcion,2024-11-06,24.6,33.4,77.4,2.6,24.5,233.5
III,Tarlac,Concepcion,2024-11-07,24.9,33.8,105.8,0.0,24.1,218.6
III,Tarlac,Concepcion,2024-11-08,23.6,32.7,76.1,0.0,23.4,234.4
III,Tarlac,Concepcion,2024-11-09,22.5,32.7,72.6,0.0,22.1,223.3
III,Tarlac,Concepcion,2024-11-10,23.3,32.9,76.7,0.0,23.4,220.7
III,Tarlac,Concepcion,2024-11-11,22.4,32.2,76.4,0.0,22.6,235.2
III,Tarlac,Concepcion,2024-11-12,22.2,33.4,76.7,0.0,23.1,218.1
III,Tarlac,Concepcion,2024-11-13,21.8,32.0,77.5,14.9,22.4,210.8
III,Tarlac,Concepcion,2024-11-14,22.7,33.7,73.0,0.0,22.8,211.6
III,Tarlac,Concepcion,2024-11-15,23.1,31.1,75.5,0.0,22.2,225.8
III,Tarlac,Concepcion,2024-11-16,22.5,30.8,75.2,2.7,21.7,225.5
III,Tarlac,Concepcion,2024-11-17,21.7,30.6,71.4,0.0,20.4,218.1
III,Tarlac,Concepcion,2024-11-18,22.0,31.2,71.0,0.0,20.8,224.8
III,Tarlac,Concepcion,2024-11-19,22.1,33.3,69.4,0.0,21.6,216.3
III,Tarlac,Concepcion,2024-11-20,22.2,34.6,68.7,0.0,22.1,221.3
III,Tarlac,Concepcion,2024-11-21,21.2,34.1,67.9,0.0,21.2,219.2
III,Tarlac,Concepcion,2024-11-22,22.8,33.5,68.0,0.0,21.8,226.4
III,Tarlac,Concepcion,2024-11-23,22.6,33.5,69.2,0.0,21.9,213.6
III,Tarlac,Concepcion,2024-11-24,23.1,34.3,68.2,0.0,22.3,223.2
III,Tarlac,Concepcion,2024-11-25,23.5,33.8,76.1,3.0,23.9,223.5
III,Tarlac,Concepcion,2024-11-26,24.1,34.8,73.1,0.0,24.1,211.4
III,Tarlac,Concepcion,2024-11-27,23.9,32.6,72.0,0.0,22.6,236.1
III,Tarlac,Concepcion,2024-11-28,23.2,34.3,70.0,0.0,22.8,223.7
III,Tarlac,Concepcion,2024-11-29,23.1,34.7,69.5,0.0,22.8,233.4
III,Tarlac,Concepcion,2024-11-30,23.0,33.8,77.6,12.9,23.9,197.6
III,Tarlac,Concepcion,2024-12-01,23.8,33.3,69.6,0.0,22.5,220.3
III,Tarlac,Concepcion,2024-12-02,23.6,33.3,69.1,0.0,22.3,212.6
III,Tarlac,Concepcion,2024-12-03,23.5,32.4,67.5,0.0,21.4,231.4
III,Tarlac,Concepcion,2024-12-04,23.3,33.6,70.6,0.0,22.6,234.7
III,Tarlac,Concepcion,2024-12-05,22.2,33.3,70.9,0.0,21.9,233.1
III,Tarlac,Concepcion,2024-12-06,22.8,33.3,73.1,0.0,22.7,242.4
III,Tarlac,Concepcion,2024-12-07,23.4,31.7,71.0,0.0,21.7,233.3
III,Tarlac,Concepcion,2024-12-08,23.0,32.7,72.2,0.0,22.3,232.4
III,Tarlac,Concepcion,2024-12-09,22.6,31.5,73.7,0.0,21.8,230.9
III,Tarlac,Concepcion,2024-12-10,23.1,31.3,74.2,0.0,22.0,219.7
III,Tarlac,Concepcion,2024-12-11,23.1,31.6,76.6,6.7,22.7,215.0
III,Tarlac,Concepcion,2024-12-12,24.0,32.5,69.6,0.0,22.2,233.3
III,Tarlac,Concepcion,2024-12-13,23.9,32.6,70.4,0.0,22.3,237.2
III,Tarlac,Concepcion,2024-12-14,22.5,31.9,76.0,12.7,22.4,230.0
III,Tarlac,Concepcion,2024-12-15,22.1,34.4,73.4,0.0,22.9,230.5
III,Tarlac,Concepcion,2024-12-16,22.2,33.3,72.7,0.0,22.3,246.3
III,Tarlac,Concepcion,2024-12-17,20.4,33.3,74.9,22.0,21.8,209.7
III,Tarlac,Concepcion,2024-12-18,21.2,33.8,72.1,0.0,21.9,245.9
III,Tarlac,Concepcion,2024-12-19,22.1,34.5,71.6,0.0,22.6,233.2
III,Tarlac,Concepcion,2024-12-20,21.5,31.9,74.7,2.7,21.6,235.4
III,Tarlac,Concepcion,2024-12-21,21.9,32.5,70.1,0.0,21.2,229.7
III,Tarlac,Concepcion,2024-12-22,22.5,32.8,70.4,0.0,21.7,241.2
III,Tarlac,Concepcion,2024-12-23,22.4,32.5,71.9,12.0,21.8,228.1
III,Tarlac,Concepcion,2024-12-24,22.6,33.7,68.4,0.0,21.8,230.0
III,Tarlac,Concepcion,2024-12-25,22.2,32.2,68.4,,20.9,229.3
III,Tarlac,Concepcion,2024-12-26,22.9,31.2,71.8,,21.4,226.5
III,Tarlac,Concepcion,2024-12-27,22.8,32.0,70.5,,21.5,235.1
III,Tarlac,Concepcion,2024-12-28,22.7,34.2,70.2,,22.5,224.6
III,Tarlac,Concepcion,2024-12-29,21.6,34.7,73.4,0.0,22.8,242.7
III,Tarlac,Concepcion,2024-12-30,22.2,34.0,71.1,0.0,22.3,237.3
III,Tarlac,Concepcion,2024-12-31,22.4,33.1,72.1,0.0,22.2,229.2
III,Bulacan,San Miguel,2019-01-01,23.3,32.1,73.4,0.0,22.4,218.3
III,Bulacan,San Miguel,2019-01-02,24.0,32.1,74.2,0.0,22.9,228.2
III,Bulacan,San Miguel,2019-01-03,22.8,32.0,79.4,2.5,23.3,214.6
III,Bulacan,San Miguel,2019-01-04,22.5,31.8,70.5,0.0,21.2,216.6
III,Bulacan,San Miguel,2019-01-05,22.1,32.4,76.1,4.3,22.5,213.4
III,Bulacan,San Miguel,2019-01-06,23.0,32.2,69.8,0.0,21.6,227.6
III,Bulacan,San Miguel,2019-01-07,21.5,32.4,68.5,0.0,20.6,214.0
III,Bulacan,San Miguel,2019-01-08,22.1,32.2,70.4,0.0,21.2,214.5
III,Bulacan,San Miguel,2019-01-09,23.1,32.5,72.5,0.0,22.3,213.3
III,Bulacan,San Miguel,2019-01-10,22.5,31.1,74.0,0.0,21.6,217.6
III,Bulacan,San Miguel,2019-01-11,21.9,31.2,72.2,0.0,21.0,222.1
III,Bulacan,San Miguel,2019-01-12,21.1,31.5,69.2,0.0,20.1,233.6
III,Bulacan,San Miguel,2019-01-13,23.0,32.1,70.5,0.0,21.6,213.4
III,Bulacan,San Miguel,2019-01-14,23.3,32.7,68.2,0.0,21.6,210.7
III,Bulacan,San Miguel,2019-01-15,22.4,32.1,67.4,0.0,20.7,240.9
III,Bulacan,San Miguel,2019-01-16,22.0,31.9,67.3,0.0,20.4,228.2
III,Bulacan,San Miguel,2019-01-17,22.9,33.4,67.5,0.0,21.6,210.0
III,Bulacan,San Miguel,2019-01-18,23.4,32.0,68.5,0.0,21.4,232.6
III,Bulacan,San Miguel,2019-01-19,22.9,31.9,74.2,8.7,22.2,216.7
III,Bulacan,San Miguel,2019-01-20,23.8,31.3,71.9,0.0,21.9,215.5
III,Bulacan,San Miguel,2019-01-21,23.5,30.2,70.5,0.0,21.0,227.1
III,Bulacan,San Miguel,2019-01-22,23.6,31.5,69.7,0.0,21.5,208.7
III,Bulacan,San Miguel,2019-01-23,23.4,30.8,71.0,0.0,21.3,233.6
III,Bulacan,San Miguel,2019-01-24,23.1,30.0,76.4,12.8,21.8,208.0
III,Bulacan,San Miguel,2019-01-25,23.5,30.9,70.7,0.0,21.3,213.3
III,Bulacan,San Miguel,2019-01-26,22.4,30.3,71.9,0.0,20.7,232.4
III,Bulacan,San Miguel,2019-01-27,22.9,30.7,72.5,0.0,21.3,221.2
III,Bulacan,San Miguel,2019-01-28,23.1,31.5,70.9,0.0,,242.5
III,Bulacan,San Miguel,2019-01-29,22.0,29.9,76.8,10.3,,217.9
III,Bulacan,San Miguel,2019-01-30,22.2,30.0,71.2,0.0,,224.6
III,Bulacan,San Miguel,2019-01-31,23.3,30.6,71.0,0.0,21.2,217.6
III,Bulacan,San Miguel,2019-02-01,23.5,31.7,73.7,0.0,22.3,216.1
III,Bulacan,San Miguel,2019-02-02,23.1,31.3,70.2,0.0,21.2,215.2
III,Bulacan,San Miguel,2019-02-03,22.0,31.4,69.3,0.0,20.6,212.4
III,Bulacan,San Miguel,2019-02-04,21.4,30.0,75.1,1.1,20.7,234.8
III,Bulacan,San Miguel,2019-02-05,22.0,29.5,71.4,0.0,20.0,223.8
III,Bulacan,San Miguel,2019-02-06,22.5,30.5,72.5,0.0,21.0,209.8
III,Bulacan,San Miguel,2019-02-07,22.2,30.7,71.0,0.0,20.6,226.6
III,Bulacan,San Miguel,2019-02-08,22.2,31.6,74.5,14.8,21.8,211.1
III,Bulacan,San Miguel,2019-02-09,22.9,32.4,72.3,0.0,22.1,230.7
III,Bulacan,San Miguel,2019-02-10,23.2,31.1,67.6,0.0,20.7,221.6
III,Bulacan,San Miguel,2019-02-11,23.4,30.1,70.6,1.2,20.9,221.4
III,Bulacan,San Miguel,2019-02-12,23.9,29.9,68.8,0.0,20.7,212.7
III,Bulacan,San Miguel,2019-02-13,23.6,31.1,73.3,0.0,22.0,219.8
III,Bulacan,San Miguel,2019-02-14,23.9,30.7,70.2,0.0,21.3,226.3
III,Bulacan,San Miguel,2019-02-15,23.2,30.4,70.2,0.0,20.8,214.5
III,Bulacan,San Miguel,2019-02-16,23.3,,73.2,0.0,22.2,227.5
III,Bulacan,San Miguel,2019-02-17,22.9,,75.0,0.0,22.0,232.2
III,Bulacan,San Miguel,2019-02-18,23.5,30.6,75.0,0.0,22.0,228.3
III,Bulacan,San Miguel,2019-02-19,22.8,28.1,78.6,7.9,21.2,218.3
III,Bulacan,San Miguel,2019-02-20,22.2,29.5,74.3,0.0,20.7,214.5
III,Bulacan,San Miguel,2019-02-21,23.2,29.8,72.8,0.0,21.1,216.3
III,Bulacan,San Miguel,2019-02-22,23.7,30.3,71.4,0.0,21.3,221.6
III,Bulacan,San Miguel,2019-02-23,22.8,30.8,69.6,0.0,20.7,226.9
III,Bulacan,San Miguel,2019-02-24,22.8,30.0,71.1,0.0,20.6,221.9
III,Bulacan,San Miguel,2019-02-25,,30.9,71.4,0.0,21.1,221.7
III,Bulacan,San Miguel,2019-02-26,,30.8,74.3,0.0,21.6,211.8
III,Bulacan,San Miguel,2019-02-27,21.9,32.2,70.6,0.0,21.2,220.4
III,Bulacan,San Miguel,2019-02-28,22.2,32.8,73.5,0.0,22.2,218.2
III,Bulacan,San Miguel,2019-03-01,23.2,32.5,76.0,2.0,23.0,207.8
III,Bulacan,San Miguel,2019-03-02,23.0,32.4,73.2,0.0,22.3,224.7
III,Bulacan,San Miguel,2019-03-03,23.2,32.8,70.2,0.0,22.0,233.6
III,Bulacan,San Miguel,2019-03-04,23.0,34.4,72.6,0.0,23.2,227.4
III,Bulacan,San Miguel,2019-03-05,23.2,35.5,73.5,0.0,24.0,226.0
III,Bulacan,San Miguel,2019-03-06,23.6,34.5,,0.0,23.0,224.2
III,Bulacan,San Miguel,2019-03-07,23.5,34.3,,0.0,23.0,226.8
III,Bulacan,San Miguel,2019-03-08,22.4,34.6,68.1,0.0,22.1,229.0
III,Bulacan,San Miguel,2019-03-09,22.9,34.9,66.3,0.0,22.2,238.5
III,Bulacan,San Miguel,2019-03-10,22.6,35.4,68.6,0.0,22.7,209.7
III,Bulacan,San Miguel,2019-03-11,23.5,33.8,70.7,0.0,22.8,215.4
III,Bulacan,San Miguel,2019-03-12,23.2,33.0,72.9,0.0,22.7,217.2
III,Bulacan,San Miguel,2019-03-13,23.6,31.8,71.7,0.0,22.0,212.4
III,Bulacan,San Miguel,2019-03-14,22.9,30.3,75.3,0.0,21.7,223.1
III,Bulacan,San Miguel,2019-03-15,22.1,30.1,76.8,0.0,21.5,234.2
III,Bulacan,San Miguel,2019-03-16,21.7,29.3,78.7,24.2,21.2,201.3
III,Bulacan,San Miguel,2019-03-17,22.0,32.0,73.0,0.0,21.6,230.7
III,Bulacan,San Miguel,2019-03-18,22.6,34.0,72.6,0.0,22.8,226.6
III,Bulacan,San Miguel,2019-03-19,24.0,31.8,69.7,0.0,21.8,229.0
III,Bulacan,San Miguel,2019-03-20,24.5,31.8,68.2,0.0,21.8,211.8
III,Bulacan,San Miguel,2019-03-21,24.1,29.0,70.2,0.0,20.6,237.0
III,Bulacan,San Miguel,2019-03-22,24.0,29.7,72.6,0.0,21.4,236.3
III,Bulacan,San Miguel,2019-03-23,23.8,29.7,76.5,8.7,22.0,212.9
III,Bulacan,San Miguel,2019-03-24,24.3,30.1,70.2,0.0,21.2,224.1
III,Bulacan,San Miguel,2019-03-25,23.8,31.3,71.1,0.0,21.8,234.4
III,Bulacan,San Miguel,2019-03-26,23.6,31.0,70.5,0.0,21.4,219.5
III,Bulacan,San Miguel,2019-03-27,22.6,33.0,75.6,0.0,22.9,221.8
III,Bulacan,San Miguel,2019-03-28,22.6,34.6,76.1,0.0,23.8,221.5
III,Bulacan,San Miguel,2019-03-29,23.9,32.4,71.1,0.0,22.4,232.2
III,Bulacan,San Miguel,2019-03-30,22.9,30.5,71.6,0.0,21.0,237.2
III,Bulacan,San Miguel,2019-03-31,22.9,30.7,69.5,0.0,20.7,233.5
III,Bulacan,San Miguel,2019-04-01,22.9,29.8,71.0,0.0,20.6,224.9
III,Bulacan,San Miguel,2019-04-02,23.3,32.1,72.9,0.0,22.3,229.7
III,Bulacan,San Miguel,2019-04-03,23.7,32.5,69.2,0.0,21.9,224.3
III,Bulacan,San Miguel,2019-04-04,22.7,30.8,77.1,3.1,22.2,211.4
III,Bulacan,San Miguel,2019-04-05,23.3,29.1,74.7,0.0,21.1,223.0
III,Bulacan,San Miguel,2019-04-06,22.4,29.0,70.1,0.0,19.7,208.2
III,Bulacan,San Miguel,2019-04-07,22.3,30.7,67.5,0.0,20.0,223.0
III,Bulacan,San Miguel,2019-04-08,23.1,31.1,68.4,0.0,20.8,212.1
III,Bulacan,San Miguel,2019-04-09,23.7,29.8,76.1,6.4,22.0,226.5
III,Bulacan,San Miguel,2019-04-10,23.3,30.6,71.8,0.0,21.3,232.2
III,Bulacan,San Miguel,2019-04-11,23.2,32.1,68.4,0.0,21.3,228.0
III,Bulacan,San Miguel,2019-04-12,22.7,30.2,70.1,0.0,20.5,222.5
III,Bulacan,San Miguel,2019-04-13,22.6,31.4,70.7,0.0,21.1,223.3
III,Bulacan,San Miguel,2019-04-14,23.7,30.8,72.9,0.0,21.8,216.3
III,Bulacan,San Miguel,2019-04-15,24.2,31.1,74.7,0.5,22.6,214.3
III,Bulacan,San Miguel,2019-04-16,23.7,31.7,74.8,0.0,22.7,220.1
III,Bulacan,San Miguel,2019-04-17,23.3,31.2,76.2,0.0,22.5,222.7
III,Bulacan,San Miguel,2019-04-18,23.9,30.8,77.7,0.0,22.9,228.9
III,Bulacan,San Miguel,2019-04-19,24.1,30.8,74.2,0.0,22.3,216.9
III,Bulacan,San Miguel,2019-04-20,24.1,30.9,76.3,0.0,22.8,215.2
III,Bulacan,San Miguel,2019-04-21,23.7,32.1,73.2,0.0,22.5,217.6
III,Bulacan,San Miguel,2019-04-22,23.4,32.8,75.4,0.0,23.2,210.2
III,Bulacan,San Miguel,2019-04-23,23.1,33.7,83.0,1.4,25.0,213.9
III,Bulacan,San Miguel,2019-04-24,23.0,32.6,84.2,2.0,24.6,204.5
III,Bulacan,San Miguel,2019-04-25,24.0,33.2,74.9,0.0,23.6,219.7
III,Bulacan,San Miguel,2019-04-26,23.3,33.1,77.0,8.0,23.6,205.8
III,Bulacan,San Miguel,2019-04-27,23.2,31.4,70.6,0.0,21.4,211.0
III,Bulacan,San Miguel,2019-04-28,22.4,32.8,70.9,0.0,21.8,223.8
III,Bulacan,San Miguel,2019-04-29,21.7,33.7,72.4,0.0,22.2,233.6
III,Bulacan,San Miguel,2019-04-29,21.7,33.7,72.4,0.0,22.2,233.6
III,Bulacan,San Miguel,2019-04-30,22.9,34.1,104.3,0.0,23.4,197.5
III,Bulacan,San Miguel,2019-05-01,22.0,32.5,74.4,0.0,22.1,204.7
III,Bulacan,San Miguel,2019-05-02,22.3,31.1,75.4,0.0,21.8,214.8
III,Bulacan,San Miguel,2019-05-03,22.8,28.8,79.7,18.0,21.7,198.0
III,Bulacan,San Miguel,2019-05-04,23.2,31.0,74.8,0.0,22.1,202.1
III,Bulacan,San Miguel,2019-05-05,23.5,32.2,75.3,0.0,22.9,201.7
III,Bulacan,San Miguel,2019-05-06,24.2,32.0,73.5,0.0,22.8,203.1
III,Bulacan,San Miguel,2019-05-07,23.5,32.5,72.4,0.0,22.5,214.3
III,Bulacan,San Miguel,2019-05-08,22.9,31.4,69.7,0.0,21.1,208.7
III,Bulacan,San Miguel,2019-05-09,22.8,31.0,76.1,15.8,22.1,200.6
III,Bulacan,San Miguel,2019-05-10,23.3,31.5,70.6,0.0,21.5,209.5
III,Bulacan,San Miguel,2019-05-11,22.9,30.8,73.6,0.0,21.6,214.0
III,Bulacan,San Miguel,2019-05-12,23.2,29.3,76.9,0.0,21.6,216.8
III,Bulacan,San Miguel,2019-05-13,22.8,31.1,79.0,0.0,22.8,217.8
III,Bulacan,San Miguel,2019-05-14,22.6,31.3,77.3,0.0,22.4,192.2
III,Bulacan,San Miguel,2019-05-15,21.9,32.1,78.6,14.2,22.7,198.7
III,Bulacan,San Miguel,2019-05-16,22.8,33.8,,0.0,23.4,211.9
III,Bulacan,San Miguel,2019-05-17,22.7,33.0,,10.7,24.0,207.4
III,Bulacan,San Miguel,2019-05-18,22.5,33.9,74.1,0.0,23.0,211.7
III,Bulacan,San Miguel,2019-05-19,22.6,34.1,75.0,0.0,23.4,213.1
III,Bulacan,San Miguel,2019-05-20,22.1,33.7,76.2,11.6,23.1,208.5
III,Bulacan,San Miguel,2019-05-21,23.2,34.7,73.2,0.0,23.6,213.0
III,Bulacan,San Miguel,2019-05-22,24.3,33.6,73.8,0.0,23.7,202.0
III,Bulacan,San Miguel,2019-05-23,23.9,32.5,78.8,1.7,24.0,211.7
III,Bulacan,San Miguel,2019-05-24,24.1,32.4,,14.3,23.6,203.3
III,Bulacan,San Miguel,2019-05-25,24.1,32.8,,0.0,23.8,212.4
III,Bulacan,San Miguel,2019-05-26,24.1,32.7,81.0,0.1,24.6,213.9
III,Bulacan,San Miguel,2019-05-27,24.0,33.4,85.4,4.6,25.8,
III,Bulacan,San Miguel,2019-05-28,24.7,33.4,82.8,0.0,25.6,
III,Bulacan,San Miguel,2019-05-29,24.3,34.0,80.0,0.0,25.2,
III,Bulacan,San Miguel,2019-05-30,23.4,32.1,83.4,20.6,24.4,
III,Bulacan,San Miguel,2019-05-31,23.9,32.7,78.8,0.0,24.1,
III,Bulacan,San Miguel,2019-06-01,23.9,32.1,81.2,0.0,24.2,227.0
III,Bulacan,San Miguel,2019-06-02,24.3,32.4,84.3,3.6,25.2,208.0
III,Bulacan,San Miguel,2019-06-03,23.9,33.2,78.7,0.0,24.3,215.5
III,Bulacan,San Miguel,2019-06-04,24.4,33.7,75.3,0.0,24.1,201.4
III,Bulacan,San Miguel,2019-06-05,24.9,34.4,78.8,0.0,25.4,224.6
III,Bulacan,San Miguel,2019-06-06,25.5,33.5,77.3,0.0,25.0,211.0
III,Bulacan,San Miguel,2019-06-07,24.7,32.5,81.9,13.9,25.0,207.0
III,Bulacan,San Miguel,2019-06-08,24.6,33.6,75.8,0.0,24.3,218.6
III,Bulacan,San Miguel,2019-06-09,23.7,33.5,78.5,9.6,24.3,193.2
III,Bulacan,San Miguel,2019-06-10,23.5,33.9,80.9,,24.9,215.7
III,Bulacan,San Miguel,2019-06-11,23.0,34.1,74.8,,23.5,202.9
III,Bulacan,San Miguel,2019-06-12,23.4,33.0,73.7,0.0,22.9,211.6
III,Bulacan,San Miguel,2019-06-13,23.7,31.4,74.0,0.0,22.3,201.1
III,Bulacan,San Miguel,2019-06-14,23.1,31.0,78.6,51.9,22.8,154.3
III,Bulacan,San Miguel,2019-06-15,23.5,32.6,75.2,0.0,23.1,198.6
III,Bulacan,San Miguel,2019-06-16,23.3,30.9,77.1,0.0,22.5,205.1
III,Bulacan,San Miguel,2019-06-17,22.3,32.0,73.0,0.0,21.8,209.4
III,Bulacan,San Miguel,2019-06-18,22.6,31.4,76.4,26.6,,183.0
III,Bulacan,San Miguel,2019-06-19,23.2,34.3,75.3,0.0,,207.1
III,Bulacan,San Miguel,2019-06-20,23.8,34.2,75.5,0.0,,202.8
III,Bulacan,San Miguel,2019-06-21,24.6,33.1,74.8,0.0,23.8,221.2
III,Bulacan,San Miguel,2019-06-22,24.7,33.8,77.1,0.0,24.7,200.9
III,Bulacan,San Miguel,2019-06-23,24.4,30.7,84.8,31.2,24.5,194.3
III,Bulacan,San Miguel,2019-06-24,25.6,32.8,82.1,0.0,25.6,209.4
III,Bulacan,San Miguel,2019-06-25,23.9,31.9,84.5,18.4,24.8,183.3
III,Bulacan,San Miguel,2019-06-26,24.8,34.2,78.8,0.0,25.3,208.2
III,Bulacan,San Miguel,2019-06-27,24.2,33.7,82.2,7.7,25.4,209.1
III,Bulacan,San Miguel,2019-06-28,25.2,34.4,84.2,0.0,26.6,189.1
III,Bulacan,San Miguel,2019-06-29,24.2,33.6,87.6,9.4,26.4,200.9
III,Bulacan,San Miguel,2019-06-30,23.6,34.4,81.7,0.0,25.3,193.7
III,Bulacan,San Miguel,2019-07-01,24.0,33.1,79.3,0.0,24.4,194.8
III,Bulacan,San Miguel,2019-07-02,23.4,32.9,81.4,8.0,24.4,197.1
III,Bulacan,San Miguel,2019-07-03,24.8,31.6,75.6,0.0,23.3,209.1
III,Bulacan,San Miguel,2019-07-04,24.4,29.8,83.1,22.7,23.7,181.7
III,Bulacan,San Miguel,2019-07-05,24.0,33.8,,0.0,24.9,206.7
III,Bulacan,San Miguel,2019-07-06,23.4,33.3,,0.0,24.3,210.9
III,Bulacan,San Miguel,2019-07-07,24.0,33.3,,0.0,24.2,202.3
III,Bulacan,San Miguel,2019-07-07,24.0,33.3,,0.0,24.2,202.3
III,Bulacan,San Miguel,2019-07-08,24.7,32.3,,17.4,26.0,204.3
III,Bulacan,San Miguel,2019-07-09,25.0,33.6,,0.0,26.0,189.9
III,Bulacan,San Miguel,2019-07-10,24.9,32.9,88.4,8.2,26.6,212.9
III,Bulacan,San Miguel,2019-07-11,24.4,34.3,84.0,0.0,26.2,200.3
III,Bulacan,San Miguel,2019-07-12,24.6,34.9,,0.0,25.7,192.7
III,Bulacan,San Miguel,2019-07-13,25.8,33.4,,3.3,26.1,206.3
III,Bulacan,San Miguel,2019-07-14,24.1,32.9,,17.0,24.6,182.6
III,Bulacan,San Miguel,2019-07-15,24.4,34.1,,0.0,24.9,198.9
III,Bulacan,San Miguel,2019-07-16,23.6,31.1,,86.0,23.8,159.5
III,Bulacan,San Miguel,2019-07-17,24.2,33.3,80.3,0.0,24.8,200.3
III,Bulacan,San Miguel,2019-07-18,24.4,33.8,81.0,0.0,25.3,208.7
III,Bulacan,San Miguel,2019-07-19,23.5,31.3,85.5,43.3,24.5,162.2
III,Bulacan,San Miguel,2019-07-20,23.9,33.8,86.4,21.8,26.1,170.8
III,Bulacan,San Miguel,2019-07-21,24.6,34.2,82.1,0.7,25.8,187.4
III,Bulacan,San Miguel,2019-07-22,24.4,34.7,86.1,7.3,26.8,206.8
III,Bulacan,San Miguel,2019-07-23,24.7,35.1,81.0,0.0,26.1,202.3
III,Bulacan,San Miguel,2019-07-24,25.0,35.0,80.0,0.0,26.0,210.2
III,Bulacan,San Miguel,2019-07-25,24.2,34.5,78.1,0.0,25.0,196.9
III,Bulacan,San Miguel,2019-07-26,23.4,35.6,79.4,0.0,25.4,200.3
III,Bulacan,San Miguel,2019-07-27,23.4,35.6,80.2,0.0,25.5,207.7
III,Bulacan,San Miguel,2019-07-28,23.9,33.0,81.9,15.7,24.8,184.0
III,Bulacan,San Miguel,2019-07-29,24.6,30.8,81.6,12.9,24.0,196.4
III,Bulacan,San Miguel,2019-07-30,24.9,30.8,80.2,0.0,23.9,204.1
III,Bulacan,San Miguel,2019-07-31,,30.9,83.3,16.8,24.1,185.3
III,Bulacan,San Miguel,2019-08-01,,32.2,88.3,5.5,26.1,196.1
III,Bulacan,San Miguel,2019-08-02,,32.8,83.5,0.0,25.5,194.8
III,Bulacan,San Miguel,2019-08-03,,32.7,87.1,8.6,26.3,200.7
III,Bulacan,San Miguel,2019-08-04,,33.7,82.8,0.0,25.9,212.9
III,Bulacan,San Miguel,2019-08-05,25.3,33.0,83.6,13.2,25.9,176.8
III,Bulacan,San Miguel,2019-08-06,24.6,33.1,81.0,11.3,25.0,187.3
III,Bulacan,San Miguel,2019-08-07,25.0,33.4,82.3,13.2,25.7,180.3
III,Bulacan,San Miguel,2019-08-08,25.1,34.9,77.7,0.0,25.5,211.6
III,Bulacan,San Miguel,2019-08-09,25.2,34.0,83.4,6.5,26.3,203.2
III,Bulacan,San Miguel,2019-08-10,25.4,,79.1,0.5,26.1,192.4
III,Bulacan,San Miguel,2019-08-11,25.5,,78.4,0.0,24.9,188.3
III,Bulacan,San Miguel,2019-08-12,25.5,,84.1,8.6,26.4,199.4
III,Bulacan,San Miguel,2019-08-13,25.0,,82.2,13.4,25.1,193.1
III,Bulacan,San Miguel,2019-08-14,25.0,33.8,81.9,0.0,25.8,202.9
III,Bulacan,San Miguel,2019-08-15,24.8,34.5,87.2,4.7,27.1,194.0
III,Bulacan,San Miguel,2019-08-16,24.0,34.0,85.5,8.9,26.1,194.0
III,Bulacan,San Miguel,2019-08-17,23.7,33.8,82.3,0.0,25.2,204.4
III,Bulacan,San Miguel,2019-08-18,24.5,34.4,76.8,0.0,24.8,204.8
III,Bulacan,San Miguel,2019-08-19,25.0,32.6,77.8,0.0,24.4,202.8
III,Bulacan,San Miguel,2019-08-20,24.8,33.9,86.1,7.0,26.6,200.1
III,Bulacan,San Miguel,2019-08-21,24.4,32.7,85.0,0.0,25.6,202.3
III,Bulacan,San Miguel,2019-08-22,25.9,31.6,85.0,8.8,25.8,179.8
III,Bulacan,San Miguel,2019-08-23,25.5,33.9,,7.5,26.3,194.6
III,Bulacan,San Miguel,2019-08-24,24.5,33.7,,7.7,26.2,194.3
III,Bulacan,San Miguel,2019-08-25,24.5,33.9,,0.0,25.7,204.3
III,Bulacan,San Miguel,2019-08-26,23.4,35.2,,0.0,25.6,199.2
III,Bulacan,San Miguel,2019-08-27,23.4,35.6,,12.9,27.6,189.0
III,Bulacan,San Miguel,2019-08-28,23.5,34.4,93.2,7.7,27.6,196.2
III,Bulacan,San Miguel,2019-08-29,23.9,34.5,87.0,0.0,26.6,197.6
III,Bulacan,San Miguel,2019-08-30,23.8,35.4,84.2,0.0,26.4,208.0
III,Bulacan,San Miguel,2019-08-31,23.7,33.7,90.4,13.7,26.8,194.7
III,Bulacan,San Miguel,2019-09-01,23.0,33.7,82.2,0.0,24.8,206.4
III,Bulacan,San Miguel,2019-09-02,21.8,31.8,84.9,19.0,23.8,177.0
III,Bulacan,San Miguel,2019-09-03,23.1,31.1,83.7,7.1,23.8,187.4
III,Bulacan,San Miguel,2019-09-04,22.4,31.4,77.7,0.3,22.4,205.1
III,Bulacan,San Miguel,2019-09-05,22.1,31.9,75.9,0.0,22.2,210.0
III,Bulacan,San Miguel,2019-09-06,22.8,29.3,83.6,29.7,22.8,178.5
III,Bulacan,San Miguel,2019-09-07,22.8,28.0,83.4,113.6,22.1,140.3
III,Bulacan,San Miguel,2019-09-08,22.6,32.1,85.3,6.5,24.4,195.0
III,Bulacan,San Miguel,2019-09-09,22.9,30.2,86.6,16.1,23.9,188.6
III,Bulacan,San Miguel,2019-09-10,23.9,28.7,82.1,11.9,22.7,182.0
III,Bulacan,San Miguel,2019-09-11,23.9,28.8,86.6,5.5,23.7,191.6
III,Bulacan,San Miguel,2019-09-12,22.7,30.7,78.1,0.1,22.3,188.8
III,Bulacan,San Miguel,2019-09-13,21.7,30.2,82.0,0.0,22.3,200.0
III,Bulacan,San Miguel,2019-09-14,22.2,31.4,84.2,17.5,23.6,189.9
III,Bulacan,San Miguel,2019-09-15,22.4,30.2,84.4,23.3,23.2,177.4
III,Bulacan,San Miguel,2019-09-16,22.6,29.4,84.4,198.2,22.9,152.3
III,Bulacan,San Miguel,2019-09-17,23.1,31.4,85.5,8.1,24.4,189.3
III,Bulacan,San Miguel,2019-09-18,22.6,29.1,85.5,97.4,23.0,132.5
III,Bulacan,San Miguel,2019-09-19,23.3,30.2,81.9,0.0,23.1,187.0
III,Bulacan,San Miguel,2019-09-20,30.765356345992995,29.5,81.4,0.0,22.9,210.5
III,Bulacan,San Miguel,2019-09-21,25.0,29.9,82.7,0.0,24.0,195.8
III,Bulacan,San Miguel,2019-09-22,24.4,31.5,83.0,0.0,24.6,195.9
III,Bulacan,San Miguel,2019-09-23,24.2,33.1,88.9,9.2,26.4,173.8
III,Bulacan,San Miguel,2019-09-24,23.5,32.9,84.1,0.0,25.0,199.8
III,Bulacan,San Miguel,2019-09-25,23.1,32.7,85.4,0.0,25.0,200.4
III,Bulacan,San Miguel,2019-09-26,23.2,30.8,86.6,12.8,24.3,185.8
III,Bulacan,San Miguel,2019-09-27,23.5,30.9,80.7,0.0,23.3,200.3
III,Bulacan,San Miguel,2019-09-28,24.0,30.8,85.9,18.9,24.6,184.2
III,Bulacan,San Miguel,2019-09-29,24.7,34.6,81.6,0.0,26.0,201.4
III,Bulacan,San Miguel,2019-09-30,25.1,33.0,88.5,10.4,26.8,205.2
III,Bulacan,San Miguel,2019-10-01,24.3,31.4,86.6,90.1,25.2,142.7
III,Bulacan,San Miguel,2019-10-02,25.0,31.5,86.3,19.3,25.5,189.1
III,Bulacan,San Miguel,2019-10-03,24.4,32.6,83.7,24.7,25.2,179.3
III,Bulacan,San Miguel,2019-10-04,24.3,33.6,79.7,0.0,24.9,197.0
III,Bulacan,San Miguel,2019-10-05,24.0,32.4,82.2,7.0,24.6,180.7
III,Bulacan,San Miguel,2019-10-06,23.2,33.4,80.6,19.4,24.4,181.7
III,Bulacan,San Miguel,2019-10-07,23.2,31.5,81.8,18.3,23.7,171.9
III,Bulacan,San Miguel,2019-10-08,22.7,33.4,78.7,0.0,23.8,192.0
III,Bulacan,San Miguel,2019-10-09,23.0,33.3,79.6,0.0,24.1,205.8
III,Bulacan,San Miguel,2019-10-10,23.4,33.5,83.3,6.2,25.1,202.3
III,Bulacan,San Miguel,2019-10-11,23.5,32.4,84.9,10.3,,184.3
III,Bulacan,San Miguel,2019-10-12,23.3,32.4,77.6,0.0,,187.3
III,Bulacan,San Miguel,2019-10-13,22.9,32.1,83.3,2.9,,195.8
III,Bulacan,San Miguel,2019-10-14,22.6,,85.4,9.9,24.9,187.4
III,Bulacan,San Miguel,2019-10-15,22.7,,81.5,22.6,23.4,189.7
III,Bulacan,San Miguel,2019-10-16,23.4,,83.2,5.1,24.4,187.3
III,Bulacan,San Miguel,2019-10-17,24.9,,79.8,0.0,24.5,205.3
III,Bulacan,San Miguel,2019-10-18,24.9,,81.7,0.0,25.2,214.4
III,Bulacan,San Miguel,2019-10-19,23.6,33.3,84.5,0.0,25.3,193.8
III,Bulacan,San Miguel,2019-10-20,25.0,33.8,86.0,1.5,26.6,206.8
III,Bulacan,San Miguel,2019-10-21,25.1,33.3,81.2,0.6,25.4,196.2
III,Bulacan,San Miguel,2019-10-22,24.5,32.5,82.5,0.0,25.0,213.2
III,Bulacan,San Miguel,2019-10-23,23.0,31.0,86.9,24.7,24.4,185.4
III,Bulacan,San Miguel,2019-10-24,23.0,31.3,82.4,7.1,23.6,199.0
III,Bulacan,San Miguel,2019-10-25,23.9,30.5,81.9,,23.6,200.2
III,Bulacan,San Miguel,2019-10-26,24.0,32.1,80.2,,24.1,200.8
III,Bulacan,San Miguel,2019-10-27,24.7,33.3,76.9,,24.4,202.6
III,Bulacan,San Miguel,2019-10-28,24.9,33.2,75.2,0.0,24.1,201.7
III,Bulacan,San Miguel,2019-10-29,25.2,32.1,78.6,6.8,24.4,197.8
III,Bulacan,San Miguel,2019-10-30,25.0,32.4,76.2,0.0,23.9,212.7
III,Bulacan,San Miguel,2019-10-31,24.3,32.1,81.8,11.0,24.6,197.2
III,Bulacan,San Miguel,2019-11-01,23.5,32.1,82.9,0.0,24.4,218.7
III,Bulacan,San Miguel,2019-11-02,24.4,32.7,84.6,2.1,25.5,196.9
III,Bulacan,San Miguel,2019-11-03,24.4,31.3,78.5,0.0,23.6,199.3
III,Bulacan,San Miguel,2019-11-04,23.6,30.7,79.6,18.9,23.1,187.4
III,Bulacan,San Miguel,2019-11-05,23.9,30.7,77.8,0.0,22.9,221.5
III,Bulacan,San Miguel,2019-11-06,23.3,30.0,80.1,18.9,22.7,187.1
III,Bulacan,San Miguel,2019-11-07,23.5,31.7,78.5,0.0,23.3,210.2
III,Bulacan,San Miguel,2019-11-08,24.2,32.3,80.9,0.0,24.4,193.7
III,Bulacan,San Miguel,2019-11-09,23.8,33.7,83.4,0.0,25.4,195.3
III,Bulacan,San Miguel,2019-11-10,23.3,35.7,82.4,0.0,26.0,195.4
III,Bulacan,San Miguel,2019-11-11,23.9,34.1,80.9,0.0,25.2,196.2
III,Bulacan,San Miguel,2019-11-12,23.6,33.4,77.6,0.0,24.0,192.1
III,Bulacan,San Miguel,2019-11-13,24.0,32.3,78.7,5.5,23.9,197.9
III,Bulacan,San Miguel,2019-11-14,24.2,32.3,77.0,12.0,23.6,181.1
III,Bulacan,San Miguel,2019-11-15,24.3,29.4,78.3,135.0,22.5,160.0
III,Bulacan,San Miguel,2019-11-16,24.1,32.0,78.1,0.0,23.7,214.2
III,Bulacan,San Miguel,2019-11-17,24.3,31.8,81.1,11.7,24.3,205.5
III,Bulacan,San Miguel,2019-11-18,24.3,33.3,83.8,4.2,25.6,194.3
III,Bulacan,San Miguel,2019-11-19,23.0,32.2,81.6,28.7,23.9,181.3
III,Bulacan,San Miguel,2019-11-20,23.1,34.1,78.0,0.0,24.2,213.0
III,Bulacan,San Miguel,2019-11-21,22.9,34.5,73.6,0.0,23.4,208.2
III,Bulacan,San Miguel,2019-11-22,23.6,34.2,72.9,0.0,23.5,
III,Bulacan,San Miguel,2019-11-23,23.2,33.9,74.6,0.0,23.5,
III,Bulacan,San Miguel,2019-11-24,23.6,33.1,81.6,3.6,24.7,
III,Bulacan,San Miguel,2019-11-25,23.7,32.1,75.2,0.0,22.9,
III,Bulacan,San Miguel,2019-11-26,,32.6,76.8,0.0,23.7,215.1
III,Bulacan,San Miguel,2019-11-27,,32.4,81.3,0.0,24.1,215.4
III,Bulacan,San Miguel,2019-11-28,,31.4,75.3,0.1,22.3,204.9
III,Bulacan,San Miguel,2019-11-29,,30.6,78.2,16.5,22.5,208.2
III,Bulacan,San Miguel,2019-11-30,,31.0,74.3,0.0,22.2,219.9
III,Bulacan,San Miguel,2019-12-01,22.3,31.4,72.2,0.0,21.3,207.3
III,Bulacan,San Miguel,2019-12-02,22.0,30.2,74.1,0.0,20.9,209.4
III,Bulacan,San Miguel,2019-12-03,21.2,28.3,76.0,34.2,20.0,183.8
III,Bulacan,San Miguel,2019-12-04,22.1,30.0,74.4,0.9,20.9,222.2
III,Bulacan,San Miguel,2019-12-05,22.0,32.2,73.5,0.0,21.8,213.4
III,Bulacan,San Miguel,2019-12-06,23.1,30.9,76.7,21.1,22.3,185.6
III,Bulacan,San Miguel,2019-12-07,23.5,30.7,74.4,10.1,22.0,210.5
III,Bulacan,San Miguel,2019-12-08,24.0,31.5,73.0,0.0,22.4,209.2
III,Bulacan,San Miguel,2019-12-09,23.4,32.6,75.3,0.0,23.1,208.3
III,Bulacan,San Miguel,2019-12-10,23.1,33.7,77.6,6.5,,197.9
III,Bulacan,San Miguel,2019-12-11,22.8,34.5,70.7,0.0,,208.2
III,Bulacan,San Miguel,2019-12-12,23.2,33.0,74.8,17.6,23.1,206.6
III,Bulacan,San Miguel,2019-12-13,22.7,32.8,74.7,0.0,22.7,202.3
III,Bulacan,San Miguel,2019-12-14,24.1,31.1,77.5,0.0,23.1,212.4
III,Bulacan,San Miguel,2019-12-15,24.1,31.2,76.1,0.0,22.9,220.3
III,Bulacan,San Miguel,2019-12-16,23.5,31.2,79.9,25.0,23.3,198.7
III,Bulacan,San Miguel,2019-12-17,22.7,32.3,81.7,2.7,23.8,200.5
III,Bulacan,San Miguel,2019-12-18,21.6,31.9,76.7,14.5,22.1,197.5
III,Bulacan,San Miguel,2019-12-19,22.7,32.7,73.0,0.0,22.3,219.0
III,Bulacan,San Miguel,2019-12-20,23.7,32.7,71.6,0.0,22.5,221.7
III,Bulacan,San Miguel,2019-12-21,24.0,32.8,72.7,0.0,22.9,211.7
III,Bulacan,San Miguel,2019-12-22,23.3,31.6,78.7,17.7,23.2,191.5
III,Bulacan,San Miguel,2019-12-23,23.2,30.9,76.4,0.0,22.3,204.2
III,Bulacan,San Miguel,2019-12-24,22.0,31.8,73.4,0.0,21.6,220.7
III,Bulacan,San Miguel,2019-12-25,21.1,34.3,74.2,0.0,22.5,208.5
III,Bulacan,San Miguel,2019-12-26,21.4,34.8,73.9,0.0,22.9,204.0
III,Bulacan,San Miguel,2019-12-27,23.0,34.5,73.0,0.0,23.4,215.1
III,Bulacan,San Miguel,2019-12-28,24.1,33.8,70.5,0.0,23.0,223.4
III,Bulacan,San Miguel,2019-12-29,24.3,34.1,77.5,20.4,24.7,204.8
III,Bulacan,San Miguel,2019-12-30,24.2,34.3,75.7,0.0,24.4,216.5
III,Bulacan,San Miguel,2019-12-31,23.3,33.9,76.6,0.0,23.9,218.3
III,Bulacan,San Miguel,2020-01-01,23.6,34.9,79.1,7.7,25.1,200.2
III,Bulacan,San Miguel,2020-01-02,22.9,32.3,79.5,40.6,23.5,169.4
III,Bulacan,San Miguel,2020-01-03,23.6,32.0,74.7,0.0,22.7,217.2
III,Bulacan,San Miguel,2020-01-04,21.8,31.9,72.5,0.0,21.4,214.8
III,Bulacan,San Miguel,2020-01-05,21.7,31.2,79.7,17.8,22.4,203.5
III,Bulacan,San Miguel,2020-01-06,22.8,,76.2,0.0,23.0,215.9
III,Bulacan,San Miguel,2020-01-07,22.3,,74.0,0.7,22.7,225.9
III,Bulacan,San Miguel,2020-01-08,22.4,32.5,75.6,9.9,22.6,204.2
III,Bulacan,San Miguel,2020-01-09,22.5,31.9,68.6,0.0,20.9,222.4
III,Bulacan,San Miguel,2020-01-10,22.6,31.2,70.7,0.0,21.0,209.1
III,Bulacan,San Miguel,2020-01-11,22.7,32.2,71.3,0.0,21.7,211.4
III,Bulacan,San Miguel,2020-01-12,23.0,32.3,74.8,17.8,22.6,208.4
III,Bulacan,San Miguel,2020-01-13,24.1,31.7,69.5,0.0,21.8,232.1
III,Bulacan,San Miguel,2020-01-14,23.3,32.3,69.1,0.0,21.6,216.8
III,Bulacan,San Miguel,2020-01-15,22.4,33.2,71.0,0.0,22.0,220.4
III,Bulacan,San Miguel,2020-01-16,21.9,34.2,72.5,0.0,22.6,223.7
III,Bulacan,San Miguel,2020-01-17,22.7,32.9,73.1,0.0,22.4,226.8
III,Bulacan,San Miguel,2020-01-18,22.4,31.9,76.2,0.0,22.4,220.6
III,Bulacan,San Miguel,2020-01-19,22.5,31.0,81.8,5.5,23.1,207.0
III,Bulacan,San Miguel,2020-01-20,22.2,31.3,74.2,0.0,21.6,214.2
III,Bulacan,San Miguel,2020-01-21,22.5,32.0,70.9,0.0,21.4,213.0
III,Bulacan,San Miguel,2020-01-22,22.6,32.7,70.9,0.0,21.8,210.7
III,Bulacan,San Miguel,2020-01-23,23.2,32.9,70.1,0.0,22.1,225.8
III,Bulacan,San Miguel,2020-01-24,23.2,32.8,71.9,0.0,22.4,230.7
III,Bulacan,San Miguel,2020-01-25,23.1,32.9,71.6,0.0,22.3,222.2
III,Bulacan,San Miguel,2020-01-26,22.4,34.0,74.6,8.8,23.1,212.9
III,Bulacan,San Miguel,2020-01-27,22.3,32.8,71.8,0.0,21.9,229.5
III,Bulacan,San Miguel,2020-01-28,23.1,32.2,71.3,0.0,21.9,221.0
III,Bulacan,San Miguel,2020-01-29,22.3,31.2,69.5,0.0,20.6,199.8
III,Bulacan,San Miguel,2020-01-30,22.9,31.4,70.8,0.0,21.3,225.3
III,Bulacan,San Miguel,2020-01-31,23.7,30.9,72.8,0.0,21.9,229.6
III,Bulacan,San Miguel,2020-02-01,23.4,29.2,74.5,0.0,21.2,225.8
III,Bulacan,San Miguel,2020-02-02,22.6,28.7,74.3,0.0,,236.9
III,Bulacan,San Miguel,2020-02-03,23.7,29.6,73.8,0.0,,228.4
III,Bulacan,San Miguel,2020-02-04,24.8,29.7,75.0,0.0,,225.7
III,Bulacan,San Miguel,2020-02-05,23.6,31.1,75.1,0.0,22.4,228.7
III,Bulacan,San Miguel,2020-02-06,22.9,31.8,69.2,0.0,21.2,220.7
III,Bulacan,San Miguel,2020-02-07,23.4,31.4,68.5,0.0,21.1,218.6
III,Bulacan,San Miguel,2020-02-08,22.6,32.6,68.4,0.0,21.3,224.2
III,Bulacan,San Miguel,2020-02-09,22.4,31.3,68.4,0.0,20.5,210.0
III,Bulacan,San Miguel,2020-02-10,23.1,35.0,70.0,0.0,23.0,235.7
III,Bulacan,San Miguel,2020-02-11,22.4,34.2,70.2,0.0,22.3,230.6
III,Bulacan,San Miguel,2020-02-12,22.3,34.3,69.0,0.0,22.1,221.7
III,Bulacan,San Miguel,2020-02-13,23.0,33.9,69.7,0.0,22.4,230.4
III,Bulacan,San Miguel,2020-02-14,23.3,,69.3,0.0,21.5,221.3
III,Bulacan,San Miguel,2020-02-15,22.0,,68.5,0.0,20.8,219.1
III,Bulacan,San Miguel,2020-02-16,23.6,,68.7,0.0,20.8,223.3
III,Bulacan,San Miguel,2020-02-17,23.6,,70.4,0.0,21.1,227.4
III,Bulacan,San Miguel,2020-02-18,22.2,,71.4,0.0,20.5,213.7
III,Bulacan,San Miguel,2020-02-19,22.5,32.0,70.7,0.0,21.4,227.9
III,Bulacan,San Miguel,2020-02-20,23.2,32.4,67.7,0.0,21.3,204.0
III,Bulacan,San Miguel,2020-02-21,23.2,30.9,67.5,0.0,20.5,233.1
III,Bulacan,San Miguel,2020-02-22,23.4,30.6,68.2,0.0,20.6,225.2
III,Bulacan,San Miguel,2020-02-23,23.6,30.9,67.0,0.0,20.6,223.4
III,Bulacan,San Miguel,2020-02-24,22.3,30.2,71.8,0.0,20.6,224.3
III,Bulacan,San Miguel,2020-02-25,22.8,31.8,71.5,0.0,21.6,219.0
III,Bulacan,San Miguel,2020-02-26,23.2,32.0,71.1,0.0,21.8,207.5
III,Bulacan,San Miguel,2020-02-27,23.0,31.4,102.8,0.0,20.9,229.0
III,Bulacan,San Miguel,2020-02-28,23.1,30.1,69.0,0.0,20.4,222.7
III,Bulacan,San Miguel,2020-02-29,22.6,32.0,68.8,0.0,21.1,221.7
III,Bulacan,San Miguel,2020-03-01,21.7,30.3,73.6,0.0,20.7,220.4
III,Bulacan,San Miguel,2020-03-02,22.1,30.9,71.0,0.0,20.7,225.8
III,Bulacan,San Miguel,2020-03-03,22.4,32.8,69.4,0.0,21.5,228.2
III,Bulacan,San Miguel,2020-03-04,22.2,34.3,66.0,0.0,21.4,226.4
III,Bulacan,San Miguel,2020-03-05,22.0,32.9,70.9,0.0,21.6,227.5
III,Bulacan,San Miguel,2020-03-06,23.0,32.1,70.6,0.0,21.7,223.8
III,Bulacan,San Miguel,2020-03-07,23.2,31.9,76.1,4.4,22.8,213.6
III,Bulacan,San Miguel,2020-03-08,22.7,31.2,70.8,0.0,21.1,234.6
III,Bulacan,San Miguel,2020-03-09,22.5,31.2,70.4,0.0,20.9,224.8
III,Bulacan,San Miguel,2020-03-10,22.0,30.9,73.0,0.0,21.0,219.6
III,Bulacan,San Miguel,2020-03-11,22.7,30.5,73.3,0.0,21.3,222.7
III,Bulacan,San Miguel,2020-03-12,21.9,30.1,72.8,0.0,20.6,214.3
III,Bulacan,San Miguel,2020-03-13,23.0,31.3,71.4,0.0,21.4,214.2
III,Bulacan,San Miguel,2020-03-14,23.0,32.2,75.2,0.0,22.6,228.6
III,Bulacan,San Miguel,2020-03-15,23.0,31.2,71.6,0.0,21.4,227.1
III,Bulacan,San Miguel,2020-03-16,23.6,33.0,73.8,4.3,23.1,228.3
III,Bulacan,San Miguel,2020-03-17,22.8,33.8,72.2,0.0,22.7,224.9
III,Bulacan,San Miguel,2020-03-18,24.1,34.0,74.5,0.0,24.0,212.7
III,Bulacan,San Miguel,2020-03-19,23.5,33.0,72.4,0.0,22.7,223.6
III,Bulacan,San Miguel,2020-03-20,23.2,32.9,73.5,0.0,22.7,234.9
III,Bulacan,San Miguel,2020-03-21,22.3,34.4,74.3,0.0,23.2,224.7
III,Bulacan,San Miguel,2020-03-22,22.1,34.6,73.5,0.0,23.0,221.5
III,Bulacan,San Miguel,2020-03-23,22.4,32.9,73.9,0.0,22.4,213.3
III,Bulacan,San Miguel,2020-03-24,23.1,31.9,71.2,0.0,21.7,
III,Bulacan,San Miguel,2020-03-25,23.4,32.4,69.8,0.0,21.9,
III,Bulacan,San Miguel,2020-03-26,23.6,29.9,71.6,0.0,21.1,
III,Bulacan,San Miguel,2020-03-27,22.7,30.9,73.8,5.4,21.6,
III,Bulacan,San Miguel,2020-03-28,23.8,29.6,69.4,0.0,20.6,218.4
III,Bulacan,San Miguel,2020-03-29,23.6,29.0,71.7,0.0,20.6,206.8
III,Bulacan,San Miguel,2020-03-30,23.0,29.9,73.4,0.0,21.1,206.7
III,Bulacan,San Miguel,2020-03-31,22.7,29.1,71.6,0.0,20.2,227.3
III,Bulacan,San Miguel,2020-04-01,23.2,28.9,72.1,0.0,20.5,227.8
III,Bulacan,San Miguel,2020-04-02,23.4,28.0,,10.1,20.9,206.2
III,Bulacan,San Miguel,2020-04-03,24.4,29.4,,0.0,21.6,218.7
III,Bulacan,San Miguel,2020-04-04,23.5,30.8,,0.0,21.3,240.1
III,Bulacan,San Miguel,2020-04-05,23.3,30.2,72.5,0.0,21.2,217.5
III,Bulacan,San Miguel,2020-04-06,22.9,31.5,71.2,0.0,21.4,206.5
III,Bulacan,San Miguel,2020-04-07,23.3,31.2,75.3,15.6,22.3,176.3
III,Bulacan,San Miguel,2020-04-08,24.2,30.3,70.4,0.0,21.3,226.5
III,Bulacan,San Miguel,2020-04-09,23.5,30.8,70.8,0.0,21.3,219.4
III,Bulacan,San Miguel,2020-04-10,24.1,30.5,73.0,0.0,21.9,224.8
III,Bulacan,San Miguel,2020-04-11,23.0,31.0,73.6,0.0,21.7,222.5
III,Bulacan,San Miguel,2020-04-12,21.7,31.7,75.4,,21.8,219.2
III,Bulacan,San Miguel,2020-04-13,21.6,31.8,72.6,,21.2,225.8
III,Bulacan,San Miguel,2020-04-14,21.9,32.2,73.5,,21.8,204.1
III,Bulacan,San Miguel,2020-04-15,22.7,32.2,72.6,,22.0,217.0
III,Bulacan,San Miguel,2020-04-16,23.1,30.9,78.4,,22.7,197.6
III,Bulacan,San Miguel,2020-04-17,23.6,30.3,76.8,31.2,22.3,197.4
III,Bulacan,San Miguel,2020-04-18,24.2,33.2,73.0,0.0,23.3,218.2
III,Bulacan,San Miguel,2020-04-19,23.2,31.1,77.2,18.9,22.6,201.1
III,Bulacan,San Miguel,2020-04-20,23.7,30.1,69.4,0.0,20.8,229.3
III,Bulacan,San Miguel,2020-04-21,23.7,30.3,73.2,6.7,21.6,210.9
III,Bulacan,San Miguel,2020-04-22,23.1,31.3,68.1,0.0,20.8,235.2
III,Bulacan,San Miguel,2020-04-23,22.7,31.4,68.8,0.3,20.8,210.0
III,Bulacan,San Miguel,2020-04-24,22.1,31.3,70.7,0.0,20.8,213.7
III,Bulacan,San Miguel,2020-04-25,22.3,32.9,68.7,0.0,21.3,220.1
III,Bulacan,San Miguel,2020-04-26,22.5,32.5,69.8,0.0,21.5,211.4
III,Bulacan,San Miguel,2020-04-27,23.9,32.8,70.5,0.0,22.4,214.4
III,Bulacan,San Miguel,2020-04-28,23.5,32.9,70.0,0.0,22.2,219.9
III,Bulacan,San Miguel,2020-04-29,22.7,32.7,80.3,8.2,23.8,209.2
III,Bulacan,San Miguel,2020-04-30,23.3,32.3,77.3,0.0,23.3,222.2
III,Bulacan,San Miguel,2020-05-01,24.2,32.5,74.9,0.0,23.3,224.2
III,Bulacan,San Miguel,2020-05-02,24.4,32.0,75.9,0.0,23.4,215.9
III,Bulacan,San Miguel,2020-05-03,23.3,32.2,76.1,0.0,23.0,217.1
III,Bulacan,San Miguel,2020-05-04,23.9,32.8,78.5,0.0,24.0,219.2
III,Bulacan,San Miguel,2020-05-05,23.1,33.1,75.6,0.0,23.2,210.1
III,Bulacan,San Miguel,2020-05-06,22.1,33.6,74.5,0.0,22.8,217.1
III,Bulacan,San Miguel,2020-05-07,,32.6,77.4,0.0,23.1,218.9
III,Bulacan,San Miguel,2020-05-08,,33.4,74.3,0.0,23.2,204.3
III,Bulacan,San Miguel,2020-05-09,,33.7,73.6,0.0,23.4,217.0
III,Bulacan,San Miguel,2020-05-10,,33.1,74.9,9.4,23.3,208.9
III,Bulacan,San Miguel,2020-05-11,,32.6,72.2,0.0,22.5,214.9
III,Bulacan,San Miguel,2020-05-12,23.9,31.6,76.7,0.0,23.1,201.6
III,Bulacan,San Miguel,2020-05-13,23.5,30.5,73.9,0.0,21.8,221.3
III,Bulacan,San Miguel,2020-05-14,24.5,31.8,72.8,0.0,22.7,228.5
III,Bulacan,San Miguel,2020-05-15,23.4,33.4,71.3,0.0,22.7,216.4
III,Bulacan,San Miguel,2020-05-16,22.0,30.4,76.3,14.5,,206.6
III,Bulacan,San Miguel,2020-05-17,22.8,31.5,74.2,0.0,,210.1
III,Bulacan,San Miguel,2020-05-18,23.4,31.4,74.0,0.0,22.2,220.0
III,Bulacan,San Miguel,2020-05-19,24.0,32.1,75.8,0.0,23.2,209.1
III,Bulacan,San Miguel,2020-05-20,24.0,31.6,,0.0,22.7,200.8
III,Bulacan,San Miguel,2020-05-21,24.1,32.0,,4.2,24.0,206.4
III,Bulacan,San Miguel,2020-05-22,24.0,33.2,77.4,0.0,24.1,219.1
III,Bulacan,San Miguel,2020-05-23,23.4,34.0,77.8,0.0,24.3,215.9
III,Bulacan,San Miguel,2020-05-24,23.6,33.5,77.4,0.0,24.0,217.8
III,Bulacan,San Miguel,2020-05-25,22.8,33.1,82.1,0.0,24.4,204.1
III,Bulacan,San Miguel,2020-05-26,22.0,31.4,83.6,5.7,23.4,206.2
III,Bulacan,San Miguel,2020-05-27,23.6,31.7,82.2,0.0,24.1,208.0
III,Bulacan,San Miguel,2020-05-28,23.2,,79.7,12.1,23.2,197.6
III,Bulacan,San Miguel,2020-05-29,24.3,,79.4,21.0,23.8,199.7
III,Bulacan,San Miguel,2020-05-30,23.3,,81.8,3.5,24.3,213.7
III,Bulacan,San Miguel,2020-05-31,23.2,33.5,81.0,5.3,24.6,213.6
III,Bulacan,San Miguel,2020-06-01,24.3,33.5,78.9,0.0,24.7,215.3
III,Bulacan,San Miguel,2020-06-02,24.6,32.3,82.6,13.1,25.0,189.3
III,Bulacan,San Miguel,2020-06-03,24.3,31.0,81.6,16.8,24.0,192.5
III,Bulacan,San Miguel,2020-06-04,23.3,31.2,79.3,35.6,23.1,191.0
III,Bulacan,San Miguel,2020-06-05,25.5,31.8,75.2,0.0,23.7,201.8
III,Bulacan,San Miguel,2020-06-06,25.2,33.0,75.5,0.0,24.2,196.0
III,Bulacan,San Miguel,2020-06-07,24.4,34.3,73.3,0.0,24.0,218.8
III,Bulacan,San Miguel,2020-06-08,24.6,32.0,76.3,0.0,23.6,211.8
III,Bulacan,San Miguel,2020-06-09,24.2,31.3,77.6,0.0,23.3,201.1
III,Bulacan,San Miguel,2020-06-10,23.7,33.8,76.2,0.0,24.0,209.7
III,Bulacan,San Miguel,2020-06-11,23.4,31.8,78.1,0.0,23.2,203.4
III,Bulacan,San Miguel,2020-06-12,23.1,31.5,78.7,0.0,23.0,213.4
III,Bulacan,San Miguel,2020-06-13,23.0,30.2,80.6,26.7,22.7,175.5
III,Bulacan,San Miguel,2020-06-14,22.7,31.0,81.2,27.8,23.1,172.2
III,Bulacan,San Miguel,2020-06-15,23.2,32.4,74.7,0.0,22.7,206.9
III,Bulacan,San Miguel,2020-06-16,23.6,32.7,79.1,0.0,24.0,205.7
III,Bulacan,San Miguel,2020-06-17,23.8,33.1,78.5,0.0,24.2,202.4
III,Bulacan,San Miguel,2020-06-18,24.1,32.9,80.4,14.0,24.6,198.7
III,Bulacan,San Miguel,2020-06-19,22.8,32.6,81.5,14.1,24.0,184.5
III,Bulacan,San Miguel,2020-06-20,23.0,34.7,80.0,7.1,,199.2
III,Bulacan,San Miguel,2020-06-21,23.8,34.1,77.8,2.9,,205.5
III,Bulacan,San Miguel,2020-06-22,22.8,32.9,79.3,12.1,,196.7
III,Bulacan,San Miguel,2020-06-23,22.4,31.9,75.9,0.0,,196.8
III,Bulacan,San Miguel,2020-06-24,23.1,31.2,81.7,3.6,,197.1
III,Bulacan,San Miguel,2020-06-25,24.1,31.7,78.6,0.0,23.6,197.1
III,Bulacan,San Miguel,2020-06-26,23.4,32.5,82.1,,24.4,200.7
III,Bulacan,San Miguel,2020-06-27,23.8,32.1,76.0,,23.2,203.3
III,Bulacan,San Miguel,2020-06-28,23.8,32.1,81.8,,24.3,183.8
III,Bulacan,San Miguel,2020-06-29,24.2,33.1,76.5,0.0,24.0,223.4
III,Bulacan,San Miguel,2020-06-30,24.4,32.6,74.4,0.0,23.4,229.8
III,Bulacan,San Miguel,2020-07-01,24.9,32.2,77.4,0.0,24.0,213.2
III,Bulacan,San Miguel,2020-07-02,23.9,31.6,79.6,11.8,23.7,186.3
III,Bulacan,San Miguel,2020-07-03,24.8,31.6,76.8,0.0,23.6,218.6
III,Bulacan,San Miguel,2020-07-04,24.3,32.8,79.4,8.2,24.4,201.6
III,Bulacan,San Miguel,2020-07-05,23.7,33.3,77.6,24.9,24.0,192.1
III,Bulacan,San Miguel,2020-07-06,24.3,34.9,78.6,0.0,25.3,219.8
III,Bulacan,San Miguel,2020-07-07,23.2,34.3,86.3,3.9,26.0,199.6
III,Bulacan,San Miguel,2020-07-08,23.2,34.9,81.9,1.3,25.4,198.6
III,Bulacan,San Miguel,2020-07-09,23.4,35.7,75.5,0.0,24.6,206.5
III,Bulacan,San Miguel,2020-07-10,23.8,33.2,76.1,0.0,23.7,208.2
III,Bulacan,San Miguel,2020-07-11,22.8,33.2,78.9,21.0,23.8,190.0
III,Bulacan,San Miguel,2020-07-12,22.9,31.0,79.1,35.1,22.8,171.8
III,Bulacan,San Miguel,2020-07-13,24.0,32.4,76.2,0.0,,
III,Bulacan,San Miguel,2020-07-14,24.1,32.6,72.8,0.0,,
III,Bulacan,San Miguel,2020-07-15,23.8,32.9,82.2,6.4,,193.5
III,Bulacan,San Miguel,2020-07-16,24.2,33.4,79.4,0.0,,203.0
III,Bulacan,San Miguel,2020-07-17,25.5,34.9,83.9,2.3,,185.4
III,Bulacan,San Miguel,2020-07-18,24.8,36.2,77.7,,26.0,207.9
III,Bulacan,San Miguel,2020-07-19,24.3,34.6,82.2,,25.9,194.0
III,Bulacan,San Miguel,2020-07-20,23.3,33.5,78.2,,24.0,201.3
III,Bulacan,San Miguel,2020-07-21,23.3,33.1,80.6,,24.3,198.1
III,Bulacan,San Miguel,2020-07-22,23.5,30.8,81.2,,23.4,158.3
III,Bulacan,San Miguel,2020-07-23,23.5,34.1,73.4,0.0,23.5,203.5
III,Bulacan,San Miguel,2020-07-24,24.2,33.9,79.8,5.2,25.0,200.9
III,Bulacan,San Miguel,2020-07-25,24.1,34.1,77.2,0.0,24.5,198.0
III,Bulacan,San Miguel,2020-07-26,23.9,33.7,82.6,11.7,25.3,186.8
III,Bulacan,San Miguel,2020-07-27,24.5,33.3,80.8,0.0,25.1,194.5
III,Bulacan,San Miguel,2020-07-28,24.8,33.4,82.6,0.0,25.6,207.4
III,Bulacan,San Miguel,2020-07-29,24.9,33.5,79.7,0.0,25.1,204.3
III,Bulacan,San Miguel,2020-07-30,23.3,32.8,85.1,6.8,25.1,192.8
III,Bulacan,San Miguel,2020-07-31,23.6,31.9,80.9,0.0,23.9,193.7
III,Bulacan,San Miguel,2020-08-01,23.9,31.8,85.1,2.8,24.9,192.5
III,Bulacan,San Miguel,2020-08-02,24.3,33.3,84.5,4.4,25.7,201.6
III,Bulacan,San Miguel,2020-08-03,24.1,32.6,84.0,12.6,25.2,179.0
III,Bulacan,San Miguel,2020-08-04,24.6,34.5,80.3,0.0,25.6,203.3
III,Bulacan,San Miguel,2020-08-05,23.3,34.6,81.6,10.0,25.3,184.6
III,Bulacan,San Miguel,2020-08-06,23.7,34.0,80.2,11.4,24.9,201.9
III,Bulacan,San Miguel,2020-08-07,24.4,32.6,76.3,0.0,23.8,200.4
III,Bulacan,San Miguel,2020-08-08,25.5,32.3,78.2,0.0,24.5,187.4
III,Bulacan,San Miguel,2020-08-09,23.9,32.8,73.9,0.0,23.1,186.1
III,Bulacan,San Miguel,2020-08-10,23.7,32.4,81.5,9.0,24.3,185.9
III,Bulacan,San Miguel,2020-08-11,23.1,32.1,84.5,17.6,24.5,198.6
III,Bulacan,San Miguel,2020-08-12,23.2,32.8,81.5,46.5,24.3,170.7
III,Bulacan,San Miguel,2020-08-13,23.5,34.7,86.6,6.1,26.4,184.3
III,Bulacan,San Miguel,2020-08-14,22.7,35.5,86.8,12.6,26.5,185.6
III,Bulacan,San Miguel,2020-08-15,22.3,34.0,83.9,22.5,24.9,173.4
III,Bulacan,San Miguel,2020-08-16,22.9,33.8,81.6,11.3,24.7,193.8
III,Bulacan,San Miguel,2020-08-17,23.5,35.9,82.8,6.4,26.3,202.0
III,Bulacan,San Miguel,2020-08-18,23.4,34.4,79.0,10.9,24.7,178.6
III,Bulacan,San Miguel,2020-08-19,24.3,34.6,75.4,0.0,24.5,201.1
III,Bulacan,San Miguel,2020-08-20,25.4,34.3,77.1,0.0,25.3,204.2
III,Bulacan,San Miguel,2020-08-21,25.3,33.6,82.2,2.2,25.9,193.0
III,Bulacan,San Miguel,2020-08-22,24.8,32.5,82.0,24.6,25.0,166.7
III,Bulacan,San Miguel,2020-08-23,34.99503438069228,34.0,82.3,0.0,26.1,204.0
III,Bulacan,San Miguel,2020-08-24,24.6,34.2,83.3,0.0,26.1,198.6
III,Bulacan,San Miguel,2020-08-25,24.5,32.8,87.2,11.6,26.1,195.0
III,Bulacan,San Miguel,2020-08-26,25.1,33.4,84.6,0.0,26.2,198.7
III,Bulacan,San Miguel,2020-08-27,24.5,31.6,87.0,37.7,25.4,162.1
III,Bulacan,San Miguel,2020-08-28,24.3,32.3,84.7,50.4,25.2,159.2
III,Bulacan,San Miguel,2020-08-29,23.9,33.5,84.0,3.6,25.5,183.4
III,Bulacan,San Miguel,2020-08-30,24.0,34.9,76.4,0.0,24.7,210.9
III,Bulacan,San Miguel,2020-08-31,24.4,34.0,78.2,0.0,24.8,191.5
III,Bulacan,San Miguel,2020-09-01,24.5,34.5,81.2,0.0,25.7,191.9
III,Bulacan,San Miguel,2020-09-02,24.6,34.8,86.1,4.6,26.9,187.9
III,Bulacan,San Miguel,2020-09-03,24.5,33.1,86.6,25.0,26.1,169.3
III,Bulacan,San Miguel,2020-09-04,25.8,33.8,80.9,23.0,26.0,178.1
III,Bulacan,San Miguel,2020-09-05,25.9,34.8,78.6,0.0,26.1,203.2
III,Bulacan,San Miguel,2020-09-06,25.2,33.9,81.0,-2.4,25.7,197.5
III,Bulacan,San Miguel,2020-09-07,24.9,33.5,75.8,0.0,24.4,198.7
III,Bulacan,San Miguel,2020-09-08,24.1,33.3,82.7,20.4,25.2,167.2
III,Bulacan,San Miguel,2020-09-09,23.1,31.6,82.9,23.5,23.9,174.4
III,Bulacan,San Miguel,2020-09-10,23.7,32.1,87.1,112.2,25.3,139.4
III,Bulacan,San Miguel,2020-09-11,24.0,33.5,82.5,0.9,25.2,196.1
III,Bulacan,San Miguel,2020-09-12,23.8,33.2,81.0,0.8,24.7,188.6
III,Bulacan,San Miguel,2020-09-13,23.2,32.5,86.2,22.8,25.1,189.4
III,Bulacan,San Miguel,2020-09-14,24.3,33.8,83.5,0.0,25.7,194.6
III,Bulacan,San Miguel,2020-09-15,24.1,33.9,81.5,0.0,25.3,186.2
III,Bulacan,San Miguel,2020-09-16,24.2,33.9,81.0,2.3,25.2,196.5
III,Bulacan,San Miguel,2020-09-17,24.3,34.3,78.2,0.0,24.9,207.1
III,Bulacan,San Miguel,2020-09-18,23.9,32.8,79.4,0.0,24.2,190.6
III,Bulacan,San Miguel,2020-09-19,23.1,32.7,83.1,23.7,24.5,181.6
III,Bulacan,San Miguel,2020-09-20,23.8,33.8,88.6,4.2,26.5,190.9
III,Bulacan,San Miguel,2020-09-21,24.3,35.5,83.4,0.0,26.6,191.4
III,Bulacan,San Miguel,2020-09-22,23.5,34.8,82.9,0.0,25.7,201.5
III,Bulacan,San Miguel,2020-09-23,22.7,32.0,85.7,43.3,24.5,164.1
III,Bulacan,San Miguel,2020-09-24,24.0,35.2,86.3,10.4,26.9,186.5
III,Bulacan,San Miguel,2020-09-25,23.7,33.4,85.0,20.1,25.5,190.9
III,Bulacan,San Miguel,2020-09-26,24.9,34.6,79.6,0.0,25.7,204.4
III,Bulacan,San Miguel,2020-09-27,24.6,33.6,80.0,0.0,25.1,201.2
III,Bulacan,San Miguel,2020-09-28,24.3,33.3,82.6,28.2,25.3,174.2
III,Bulacan,San Miguel,2020-09-29,25.5,34.4,82.5,6.5,26.4,199.1
III,Bulacan,San Miguel,2020-09-30,26.0,33.9,82.3,2.8,26.4,202.4
III,Bulacan,San Miguel,2020-10-01,24.9,32.3,81.3,6.3,24.9,195.5
III,Bulacan,San Miguel,2020-10-02,25.1,33.5,85.0,10.9,26.3,186.9
III,Bulacan,San Miguel,2020-10-03,24.7,33.1,82.3,35.8,25.4,175.5
III,Bulacan,San Miguel,2020-10-04,23.9,33.7,85.2,28.7,25.8,165.4
III,Bulacan,San Miguel,2020-10-05,24.7,35.0,79.7,0.6,25.8,196.5
III,Bulacan,San Miguel,2020-10-06,24.2,31.9,82.0,19.4,24.4,184.9
III,Bulacan,San Miguel,2020-10-07,23.9,32.8,81.8,7.8,24.7,187.1
III,Bulacan,San Miguel,2020-10-08,23.2,30.8,83.5,101.1,23.7,145.0
III,Bulacan,San Miguel,2020-10-09,23.5,,80.4,0.0,24.7,201.3
III,Bulacan,San Miguel,2020-10-10,22.8,,78.9,0.0,23.2,195.0
III,Bulacan,San Miguel,2020-10-11,22.9,,79.8,0.0,23.6,208.7
III,Bulacan,San Miguel,2020-10-12,23.3,,84.1,24.4,23.7,183.9
III,Bulacan,San Miguel,2020-10-13,23.5,33.3,78.7,0.0,24.1,206.7
III,Bulacan,San Miguel,2020-10-14,22.9,33.4,82.1,16.6,24.6,189.3
III,Bulacan,San Miguel,2020-10-15,23.9,34.0,77.9,0.0,24.5,203.4
III,Bulacan,San Miguel,2020-10-16,24.4,34.3,78.1,0.0,25.0,202.0
III,Bulacan,San Miguel,2020-10-17,23.1,33.3,84.0,58.8,25.0,145.9
III,Bulacan,San Miguel,2020-10-18,22.8,35.5,81.8,14.2,25.5,201.7
III,Bulacan,San Miguel,2020-10-19,24.0,34.2,81.3,13.8,25.4,179.9
III,Bulacan,San Miguel,2020-10-20,25.0,34.8,83.1,4.4,26.5,201.2
III,Bulacan,San Miguel,2020-10-21,24.0,33.8,83.8,2.5,25.7,206.7
III,Bulacan,San Miguel,2020-10-22,24.4,32.8,81.6,0.6,24.9,211.8
III,Bulacan,San Miguel,2020-10-23,24.9,32.3,83.1,0.0,25.2,192.1
III,Bulacan,San Miguel,2020-10-24,23.7,31.1,83.6,-2.7,24.1,200.9
III,Bulacan,San Miguel,2020-10-25,24.4,31.5,78.5,0.0,23.6,199.8
III,Bulacan,San Miguel,2020-10-26,24.3,32.8,80.4,0.0,24.6,209.1
III,Bulacan,San Miguel,2020-10-27,24.5,32.2,77.9,0.0,23.9,215.0
III,Bulacan,San Miguel,2020-10-28,24.8,32.4,78.4,0.0,24.3,206.9
III,Bulacan,San Miguel,2020-10-29,25.0,31.1,76.0,0.0,23.2,200.1
III,Bulacan,San Miguel,2020-10-30,24.4,31.3,75.7,0.0,23.0,190.1
III,Bulacan,San Miguel,2020-10-31,22.9,32.5,79.6,7.3,23.6,208.9
III,Bulacan,San Miguel,2020-11-01,22.6,31.9,81.6,1.9,23.6,207.2
III,Bulacan,San Miguel,2020-11-02,22.6,31.2,79.8,0.0,22.9,212.1
III,Bulacan,San Miguel,2020-11-03,22.7,30.3,85.2,69.1,23.5,153.8
III,Bulacan,San Miguel,2020-11-04,22.9,33.2,79.0,0.0,23.8,209.9
III,Bulacan,San Miguel,2020-11-05,22.6,33.6,79.1,0.0,23.9,199.7
III,Bulacan,San Miguel,2020-11-06,22.7,32.6,83.2,11.5,24.3,198.2
III,Bulacan,San Miguel,2020-11-07,24.4,34.0,79.7,0.0,25.1,196.8
III,Bulacan,San Miguel,2020-11-08,24.0,33.2,82.7,39.8,25.1,168.4
III,Bulacan,San Miguel,2020-11-09,23.6,,85.1,13.9,25.8,192.1
III,Bulacan,San Miguel,2020-11-10,24.1,,79.6,1.1,24.7,205.4
III,Bulacan,San Miguel,2020-11-11,23.9,,78.5,0.0,24.0,216.0
III,Bulacan,San Miguel,2020-11-12,24.0,,77.0,0.0,23.8,212.0
III,Bulacan,San Miguel,2020-11-13,22.6,31.2,77.6,0.0,22.4,191.6
III,Bulacan,San Miguel,2020-11-14,22.7,31.6,84.0,14.8,24.0,198.9
III,Bulacan,San Miguel,2020-11-15,22.4,32.2,85.3,5.8,24.4,204.0
III,Bulacan,San Miguel,2020-11-16,23.1,31.9,82.2,0.0,23.9,214.8
III,Bulacan,San Miguel,2020-11-17,23.6,29.9,90.2,2.1,24.8,209.7
III,Bulacan,San Miguel,2020-11-18,22.7,30.7,88.7,10.3,24.4,206.2
III,Bulacan,San Miguel,2020-11-19,24.6,32.4,83.0,0.0,25.1,199.9
III,Bulacan,San Miguel,2020-11-20,24.4,32.3,78.9,0.0,24.1,212.4
III,Bulacan,San Miguel,2020-11-21,23.2,32.4,81.0,0.0,24.0,213.9
III,Bulacan,San Miguel,2020-11-21,23.2,32.4,81.0,0.0,24.0,213.9
III,Bulacan,San Miguel,2020-11-22,23.1,33.0,102.0,-1.8,24.9,207.8
III,Bulacan,San Miguel,2020-11-23,22.8,31.7,84.3,57.5,24.1,160.9
III,Bulacan,San Miguel,2020-11-24,23.7,31.9,79.3,0.0,23.7,218.7
III,Bulacan,San Miguel,2020-11-25,23.5,32.2,79.1,0.0,23.7,205.4
III,Bulacan,San Miguel,2020-11-26,23.8,32.0,81.2,9.4,24.1,203.4
III,Bulacan,San Miguel,2020-11-27,24.2,32.8,78.6,0.0,24.2,209.2
III,Bulacan,San Miguel,2020-11-28,23.6,32.8,76.3,0.0,23.5,207.9
III,Bulacan,San Miguel,2020-11-29,24.2,32.7,75.3,0.0,23.5,215.5
III,Bulacan,San Miguel,2020-11-30,25.0,31.7,77.7,0.0,23.9,218.6
III,Bulacan,San Miguel,2020-12-01,24.0,32.2,82.5,12.7,24.6,216.0
III,Bulacan,San Miguel,2020-12-02,25.0,32.5,80.9,0.0,24.9,215.5
III,Bulacan,San Miguel,2020-12-03,23.5,31.8,81.5,0.0,24.0,219.3
III,Bulacan,San Miguel,2020-12-04,23.4,31.4,79.0,12.4,23.2,202.9
III,Bulacan,San Miguel,2020-12-05,24.1,33.1,72.8,0.0,23.2,202.5
III,Bulacan,San Miguel,2020-12-06,23.1,31.4,78.1,4.8,22.9,201.6
III,Bulacan,San Miguel,2020-12-07,24.0,31.4,76.5,0.0,23.0,205.8
III,Bulacan,San Miguel,2020-12-08,23.0,31.4,77.1,0.0,22.6,218.7
III,Bulacan,San Miguel,2020-12-09,23.3,32.1,77.7,0.0,23.2,230.4
III,Bulacan,San Miguel,2020-12-10,23.5,32.7,78.0,0.0,23.7,199.1
III,Bulacan,San Miguel,2020-12-11,24.3,33.5,74.7,0.0,23.8,210.5
III,Bulacan,San Miguel,2020-12-12,24.7,33.9,75.6,0.0,24.4,209.5
III,Bulacan,San Miguel,2020-12-13,23.7,32.8,74.9,0.0,23.2,208.9
III,Bulacan,San Miguel,2020-12-14,23.9,32.7,75.8,0.0,23.5,217.9
III,Bulacan,San Miguel,2020-12-15,23.9,31.8,72.6,0.0,22.4,220.2
III,Bulacan,San Miguel,2020-12-16,24.8,31.2,72.6,0.0,22.5,205.2
III,Bulacan,San Miguel,2020-12-17,23.7,32.4,72.8,0.0,22.6,199.0
III,Bulacan,San Miguel,2020-12-18,23.2,30.0,77.5,8.7,22.1,200.2
III,Bulacan,San Miguel,2020-12-19,22.3,30.0,74.1,0.0,21.0,208.4
III,Bulacan,San Miguel,2020-12-20,22.6,29.8,78.9,18.8,22.0,203.9
III,Bulacan,San Miguel,2020-12-21,23.8,32.0,74.0,0.0,22.7,233.0
III,Bulacan,San Miguel,2020-12-22,23.3,32.3,77.3,8.7,23.3,200.9
III,Bulacan,San Miguel,2020-12-23,24.2,31.0,70.6,0.0,21.7,224.8
III,Bulacan,San Miguel,2020-12-24,23.6,31.2,72.2,0.0,21.8,221.7
III,Bulacan,San Miguel,2020-12-25,23.4,30.5,70.0,0.0,21.0,212.4
III,Bulacan,San Miguel,2020-12-26,23.6,31.7,73.5,0.0,22.3,214.3
III,Bulacan,San Miguel,2020-12-27,22.7,32.3,72.7,0.0,22.0,207.3
III,Bulacan,San Miguel,2020-12-28,24.0,31.5,71.4,0.0,22.0,212.8
III,Bulacan,San Miguel,2020-12-29,24.0,31.5,74.5,0.0,22.6,229.9
III,Bulacan,San Miguel,2020-12-30,23.8,32.7,77.5,0.0,23.8,217.6
III,Bulacan,San Miguel,2020-12-31,22.9,32.6,76.0,0.0,23.0,214.2
III,Bulacan,San Miguel,2021-01-01,21.6,30.5,74.1,0.0,20.9,229.7
III,Bulacan,San Miguel,2021-01-02,20.5,31.5,75.7,0.0,21.1,206.5
III,Bulacan,San Miguel,2021-01-03,21.2,31.6,82.8,21.1,23.0,187.3
III,Bulacan,San Miguel,2021-01-04,23.2,33.4,75.2,0.0,23.3,203.9
III,Bulacan,San Miguel,2021-01-05,24.1,34.4,73.3,0.0,23.9,
III,Bulacan,San Miguel,2021-01-06,23.9,33.6,73.0,0.0,23.4,
III,Bulacan,San Miguel,2021-01-07,24.1,33.5,75.4,0.0,23.9,
III,Bulacan,San Miguel,2021-01-08,23.7,30.5,78.0,24.3,22.7,210.7
III,Bulacan,San Miguel,2021-01-09,24.3,32.2,,0.0,22.7,219.8
III,Bulacan,San Miguel,2021-01-10,24.0,31.4,,0.0,22.5,203.3
III,Bulacan,San Miguel,2021-01-11,24.1,31.7,,0.0,22.7,231.1
III,Bulacan,San Miguel,2021-01-12,24.4,32.3,75.2,0.0,23.4,223.3
III,Bulacan,San Miguel,2021-01-13,24.1,31.6,75.5,0.0,23.0,215.2
III,Bulacan,San Miguel,2021-01-14,23.8,30.4,74.6,0.0,22.0,217.4
III,Bulacan,San Miguel,2021-01-15,23.2,31.3,78.5,1.1,23.0,213.2
III,Bulacan,San Miguel,2021-01-16,24.2,33.5,73.1,0.0,23.5,219.4
III,Bulacan,San Miguel,2021-01-17,23.9,33.5,74.1,0.0,23.5,230.0
III,Bulacan,San Miguel,2021-01-18,23.5,32.5,81.9,14.2,24.4,193.3
III,Bulacan,San Miguel,2021-01-19,23.5,32.1,84.2,7.7,24.6,212.4
III,Bulacan,San Miguel,2021-01-20,23.7,32.7,81.1,3.1,24.4,232.0
III,Bulacan,San Miguel,2021-01-21,23.3,33.8,76.5,0.0,23.8,210.3
III,Bulacan,San Miguel,2021-01-22,23.4,32.8,73.2,0.0,22.7,233.3
III,Bulacan,San Miguel,2021-01-23,22.7,32.8,80.4,0.0,23.8,225.5
III,Bulacan,San Miguel,2021-01-24,22.9,31.3,77.2,0.0,22.5,229.8
III,Bulacan,San Miguel,2021-01-25,22.4,31.1,76.1,0.0,22.0,225.2
III,Bulacan,San Miguel,2021-01-26,21.9,31.6,71.7,0.0,21.1,215.5
III,Bulacan,San Miguel,2021-01-27,21.8,33.4,73.3,0.0,22.3,219.1
III,Bulacan,San Miguel,2021-01-28,23.0,33.1,71.7,0.0,22.4,230.2
III,Bulacan,San Miguel,2021-01-29,23.6,33.6,74.1,0.0,23.4,231.7
III,Bulacan,San Miguel,2021-01-30,22.9,31.6,76.0,23.8,22.4,194.0
III,Bulacan,San Miguel,2021-01-31,23.3,31.4,75.9,2.2,22.5,213.6
III,Bulacan,San Miguel,2021-02-01,21.8,31.8,70.0,0.0,20.8,210.3
III,Bulacan,San Miguel,2021-02-02,22.0,34.4,72.4,0.0,22.7,229.0
III,Bulacan,San Miguel,2021-02-03,22.5,31.2,77.5,31.0,22.4,205.2
III,Bulacan,San Miguel,2021-02-04,22.7,32.3,74.3,0.0,22.4,222.5
III,Bulacan,San Miguel,2021-02-05,23.4,33.7,71.6,0.0,22.9,214.8
III,Bulacan,San Miguel,2021-02-06,22.9,33.2,69.3,0.0,21.9,218.9
III,Bulacan,San Miguel,2021-02-07,22.5,32.2,70.2,0.0,21.4,211.4
III,Bulacan,San Miguel,2021-02-08,22.5,32.8,73.6,0.0,22.4,210.5
III,Bulacan,San Miguel,2021-02-09,22.5,31.6,77.6,20.8,22.6,210.3
III,Bulacan,San Miguel,2021-02-10,23.1,33.0,77.1,0.0,23.5,224.4
III,Bulacan,San Miguel,2021-02-11,24.2,33.8,77.4,0.0,24.5,211.8
III,Bulacan,San Miguel,2021-02-12,23.5,32.8,76.0,0.0,23.3,234.5
III,Bulacan,San Miguel,2021-02-13,22.4,32.6,76.8,0.0,22.9,226.6
III,Bulacan,San Miguel,2021-02-14,22.4,33.3,74.2,0.0,22.7,203.6
III,Bulacan,San Miguel,2021-02-15,23.5,33.5,72.0,0.0,22.9,226.6
III,Bulacan,San Miguel,2021-02-16,,34.2,73.4,0.0,23.7,227.7
III,Bulacan,San Miguel,2021-02-17,,32.6,69.9,0.0,21.9,219.9
III,Bulacan,San Miguel,2021-02-18,,31.9,73.6,12.5,21.9,202.0
III,Bulacan,San Miguel,2021-02-19,,31.7,67.2,0.0,20.9,222.5
III,Bulacan,San Miguel,2021-02-20,,32.5,71.5,0.0,22.4,234.1
III,Bulacan,San Miguel,2021-02-21,23.3,32.0,73.7,0.0,22.4,219.2
III,Bulacan,San Miguel,2021-02-22,23.0,32.0,73.7,0.0,22.2,205.7
III,Bulacan,San Miguel,2021-02-23,23.5,31.5,70.3,0.0,21.6,222.4
III,Bulacan,San Miguel,2021-02-24,23.5,30.8,73.5,0.0,21.8,222.8
III,Bulacan,San Miguel,2021-02-25,23.2,30.6,71.4,0.0,21.2,225.8
III,Bulacan,San Miguel,2021-02-26,23.4,31.3,72.3,0.0,21.8,203.3
III,Bulacan,San Miguel,2021-02-27,23.0,31.2,70.0,0.0,21.1,227.1
III,Bulacan,San Miguel,2021-02-28,23.1,30.9,70.3,0.0,21.1,219.0
III,Bulacan,San Miguel,2021-03-01,23.9,30.2,72.9,0.0,21.6,230.9
III,Bulacan,San Miguel,2021-03-02,22.8,30.4,69.1,0.0,20.4,228.1
III,Bulacan,San Miguel,2021-03-03,22.3,31.2,72.8,0.0,21.3,227.7
III,Bulacan,San Miguel,2021-03-04,22.1,30.1,73.3,0.0,20.8,229.7
III,Bulacan,San Miguel,2021-03-05,21.9,30.7,71.5,0.0,20.6,229.6
III,Bulacan,San Miguel,2021-03-06,23.0,31.4,72.4,0.5,21.7,215.7
III,Bulacan,San Miguel,2021-03-07,22.6,31.2,73.2,0.0,21.5,225.8
III,Bulacan,San Miguel,2021-03-08,23.1,32.1,73.8,0.0,22.4,232.2
III,Bulacan,San Miguel,2021-03-09,22.9,33.0,71.9,0.0,22.3,217.9
III,Bulacan,San Miguel,2021-03-10,22.3,33.0,75.2,11.8,22.7,203.9
III,Bulacan,San Miguel,2021-03-11,22.6,33.5,73.6,0.0,22.8,230.0
III,Bulacan,San Miguel,2021-03-12,22.9,32.0,74.6,0.0,22.4,223.0
III,Bulacan,San Miguel,2021-03-13,23.3,32.7,74.3,0.0,22.9,223.7
III,Bulacan,San Miguel,2021-03-14,23.3,33.7,74.3,0.0,23.4,219.9
III,Bulacan,San Miguel,2021-03-15,23.7,32.6,72.4,0.0,22.6,217.1
III,Bulacan,San Miguel,2021-03-16,23.8,32.5,72.5,0.0,22.6,210.9
III,Bulacan,San Miguel,2021-03-17,23.5,32.9,70.7,0.0,22.3,228.9
III,Bulacan,San Miguel,2021-03-18,23.3,32.4,67.4,0.0,21.3,234.0
III,Bulacan,San Miguel,2021-03-19,24.1,32.2,72.5,0.0,22.7,214.7
III,Bulacan,San Miguel,2021-03-20,23.4,31.8,73.1,0.0,22.2,208.4
III,Bulacan,San Miguel,2021-03-21,23.6,30.3,71.9,0.0,21.3,230.4
III,Bulacan,San Miguel,2021-03-22,23.2,30.8,72.3,0.0,21.5,224.3
III,Bulacan,San Miguel,2021-03-23,23.5,29.6,71.2,0.0,20.8,218.5
III,Bulacan,San Miguel,2021-03-24,23.2,31.7,72.8,0.0,22.0,229.4
III,Bulacan,San Miguel,2021-03-25,22.6,32.9,71.1,0.0,22.0,235.0
III,Bulacan,San Miguel,2021-03-26,23.5,32.3,68.0,0.0,21.5,222.7
III,Bulacan,San Miguel,2021-03-27,23.2,32.1,68.5,0.0,21.3,213.2
III,Bulacan,San Miguel,2021-03-28,23.8,30.4,71.0,0.0,21.3,221.8
III,Bulacan,San Miguel,2021-03-29,24.2,31.5,68.3,0.0,21.5,219.2
III,Bulacan,San Miguel,2021-03-30,23.7,32.3,67.5,0.0,21.5,240.5
III,Bulacan,San Miguel,2021-03-31,22.9,32.3,71.1,0.0,21.8,226.5
III,Bulacan,San Miguel,2021-04-01,22.4,32.7,74.0,0.0,22.4,220.1
III,Bulacan,San Miguel,2021-04-02,23.3,32.9,73.0,0.0,22.7,222.8
III,Bulacan,San Miguel,2021-04-03,23.4,32.7,72.2,0.0,22.5,219.7
III,Bulacan,San Miguel,2021-04-04,22.8,32.8,71.1,0.0,22.0,212.9
III,Bulacan,San Miguel,2021-04-05,22.8,32.3,72.8,0.0,22.1,228.4
III,Bulacan,San Miguel,2021-04-06,22.6,34.0,73.4,,23.0,230.3
III,Bulacan,San Miguel,2021-04-07,22.6,33.3,75.9,,,231.4
III,Bulacan,San Miguel,2021-04-08,23.5,33.0,75.1,,,221.3
III,Bulacan,San Miguel,2021-04-09,22.2,32.8,73.1,,,215.9
III,Bulacan,San Miguel,2021-04-10,22.3,34.7,71.2,,,208.4
III,Bulacan,San Miguel,2021-04-11,21.7,31.7,73.7,0.0,21.4,232.5
III,Bulacan,San Miguel,2021-04-12,22.5,32.0,70.7,,21.4,218.5
III,Bulacan,San Miguel,2021-04-13,22.4,30.9,67.9,,20.2,212.8
III,Bulacan,San Miguel,2021-04-14,23.1,32.1,,,21.7,222.1
III,Bulacan,San Miguel,2021-04-15,23.1,32.8,,,21.7,224.8
III,Bulacan,San Miguel,2021-04-16,22.9,31.9,,,22.3,195.1
III,Bulacan,San Miguel,2021-04-17,22.6,30.1,,22.7,21.8,192.7
III,Bulacan,San Miguel,2021-04-18,22.6,31.2,,0.0,21.5,229.7
III,Bulacan,San Miguel,2021-04-19,22.6,31.1,74.2,0.0,21.7,219.9
III,Bulacan,San Miguel,2021-04-20,22.8,32.5,74.4,0.0,22.5,216.0
III,Bulacan,San Miguel,2021-04-21,22.7,32.3,73.8,0.0,22.3,225.0
III,Bulacan,San Miguel,2021-04-22,23.2,31.4,72.5,0.0,21.8,234.2
III,Bulacan,San Miguel,2021-04-23,23.7,31.9,72.7,0.0,22.3,216.5
III,Bulacan,San Miguel,2021-04-24,23.5,30.5,76.9,26.7,22.4,216.0
III,Bulacan,San Miguel,2021-04-25,23.0,30.9,77.0,6.3,22.4,197.5
III,Bulacan,San Miguel,2021-04-26,22.6,31.1,71.1,0.0,21.1,220.1
III,Bulacan,San Miguel,2021-04-27,22.8,30.8,72.3,0.0,21.3,213.0
III,Bulacan,San Miguel,2021-04-28,22.3,31.2,70.1,0.0,20.8,210.1
III,Bulacan,San Miguel,2021-04-29,22.2,31.6,72.7,0.0,21.4,212.0
III,Bulacan,San Miguel,2021-04-30,23.0,30.9,75.8,0.0,22.1,230.4
III,Bulacan,San Miguel,2021-05-01,23.4,30.8,76.5,7.0,22.4,202.8
III,Bulacan,San Miguel,2021-05-02,23.2,31.4,78.5,20.1,23.0,207.6
III,Bulacan,San Miguel,2021-05-03,22.7,33.4,74.6,0.0,23.0,208.9
III,Bulacan,San Miguel,2021-05-04,23.4,32.3,75.1,0.0,22.9,218.2
III,Bulacan,San Miguel,2021-05-05,23.1,32.3,73.4,0.0,22.4,225.0
III,Bulacan,San Miguel,2021-05-06,22.9,32.6,73.5,0.0,22.4,213.0
III,Bulacan,San Miguel,2021-05-07,22.8,32.9,72.9,0.0,22.4,211.9
III,Bulacan,San Miguel,2021-05-08,22.4,31.7,72.6,0.0,21.6,213.3
III,Bulacan,San Miguel,2021-05-09,22.4,32.7,68.9,0.0,21.3,207.6
III,Bulacan,San Miguel,2021-05-10,22.7,32.7,71.3,0.0,22.0,215.0
III,Bulacan,San Miguel,2021-05-11,23.1,31.9,76.4,5.7,22.8,216.1
III,Bulacan,San Miguel,2021-05-12,23.0,33.1,72.2,0.0,22.5,206.1
III,Bulacan,San Miguel,2021-05-13,23.8,32.6,71.6,0.0,22.5,217.9
III,Bulacan,San Miguel,2021-05-14,24.6,32.8,,0.0,24.2,209.7
III,Bulacan,San Miguel,2021-05-15,24.0,32.7,,0.0,23.9,202.3
III,Bulacan,San Miguel,2021-05-16,23.4,30.9,,0.0,22.5,215.3
III,Bulacan,San Miguel,2021-05-17,23.6,31.6,,0.0,22.7,217.1
III,Bulacan,San Miguel,2021-05-18,22.6,31.9,73.0,0.0,21.8,202.3
III,Bulacan,San Miguel,2021-05-19,22.5,32.3,76.2,26.5,22.6,185.1
III,Bulacan,San Miguel,2021-05-20,22.9,33.8,75.5,0.0,23.4,211.3
III,Bulacan,San Miguel,2021-05-21,23.2,33.0,74.4,0.0,23.0,217.0
III,Bulacan,San Miguel,2021-05-22,23.8,32.4,80.7,17.6,24.2,182.5
III,Bulacan,San Miguel,2021-05-23,23.9,33.0,76.8,0.0,23.8,212.3
III,Bulacan,San Miguel,2021-05-24,24.0,32.8,81.0,1.2,24.6,201.6
III,Bulacan,San Miguel,2021-05-25,24.6,33.0,75.5,0.0,23.9,207.9
III,Bulacan,San Miguel,2021-05-26,23.4,31.4,78.3,0.0,23.1,211.3
III,Bulacan,San Miguel,2021-05-27,23.4,31.6,77.7,0.0,23.0,216.0
III,Bulacan,San Miguel,2021-05-28,22.8,32.6,75.8,0.0,22.9,223.2
III,Bulacan,San Miguel,2021-05-29,22.5,33.0,77.9,0.0,23.3,214.3
III,Bulacan,San Miguel,2021-05-30,23.0,33.3,80.5,11.7,24.2,199.2
III,Bulacan,San Miguel,2021-05-31,23.5,33.2,79.0,0.0,24.2,200.2
III,Bulacan,San Miguel,2021-06-01,21.7,32.9,84.8,12.7,24.3,193.6
III,Bulacan,San Miguel,2021-06-02,22.1,33.9,79.3,0.0,23.9,226.1
III,Bulacan,San Miguel,2021-06-03,22.2,32.9,76.6,0.0,22.9,219.5
III,Bulacan,San Miguel,2021-06-04,22.6,33.1,79.4,7.5,23.7,191.4
III,Bulacan,San Miguel,2021-06-05,22.6,33.5,78.7,3.3,23.8,192.7
III,Bulacan,San Miguel,2021-06-06,21.5,33.2,81.0,15.8,23.6,190.4
III,Bulacan,San Miguel,2021-06-07,22.1,32.4,72.7,0.0,21.8,216.3
III,Bulacan,San Miguel,2021-06-08,22.9,32.7,73.7,0.0,,214.2
III,Bulacan,San Miguel,2021-06-09,23.5,29.3,78.2,43.9,,170.9
III,Bulacan,San Miguel,2021-06-10,23.0,30.3,77.8,14.2,,207.7
III,Bulacan,San Miguel,2021-06-11,23.8,30.7,72.9,0.0,,203.7
III,Bulacan,San Miguel,2021-06-12,23.1,32.8,81.7,3.4,,216.9
III,Bulacan,San Miguel,2021-06-13,24.3,33.4,79.0,0.0,24.7,217.9
III,Bulacan,San Miguel,2021-06-14,24.1,33.7,77.5,0.0,24.4,211.5
III,Bulacan,San Miguel,2021-06-15,23.8,34.8,75.2,0.0,24.3,197.8
III,Bulacan,San Miguel,2021-06-16,23.7,33.9,78.1,11.0,24.4,214.6
III,Bulacan,San Miguel,2021-06-17,24.3,34.4,79.2,0.0,25.2,210.1
III,Bulacan,San Miguel,2021-06-18,24.5,33.5,82.4,0.0,25.5,210.5
III,Bulacan,San Miguel,2021-06-19,25.0,32.4,80.0,0.0,24.7,205.0
III,Bulacan,San Miguel,2021-06-20,24.5,32.1,78.8,0.0,24.1,214.9
III,Bulacan,San Miguel,2021-06-21,24.5,32.7,80.7,0.0,24.7,191.7
III,Bulacan,San Miguel,2021-06-22,24.7,32.9,83.3,6.8,25.5,200.0
III,Bulacan,San Miguel,2021-06-23,25.3,34.3,80.6,0.0,25.9,202.5
III,Bulacan,San Miguel,2021-06-24,25.5,33.2,76.6,0.0,24.7,196.0
III,Bulacan,San Miguel,2021-06-25,24.7,32.5,74.3,0.0,23.5,222.6
III,Bulacan,San Miguel,2021-06-26,24.9,32.0,80.3,6.3,24.5,193.0
III,Bulacan,San Miguel,2021-06-27,24.8,32.9,76.8,0.0,24.2,204.9
III,Bulacan,San Miguel,2021-06-28,23.0,32.3,79.0,0.0,23.4,198.5
III,Bulacan,San Miguel,2021-06-29,22.6,31.6,79.8,0.0,23.1,208.6
III,Bulacan,San Miguel,2021-06-30,22.8,33.0,81.8,1.8,24.3,212.9
III,Bulacan,San Miguel,2021-07-01,22.1,32.7,81.0,,23.6,202.2
III,Bulacan,San Miguel,2021-07-02,22.7,32.6,81.2,,23.9,207.1
III,Bulacan,San Miguel,2021-07-03,22.0,33.0,84.8,,24.5,191.7
III,Bulacan,San Miguel,2021-07-04,23.0,32.9,85.2,,,189.6
III,Bulacan,San Miguel,2021-07-05,23.1,32.4,83.7,18.0,,192.5
III,Bulacan,San Miguel,2021-07-06,24.0,31.3,87.2,9.2,25.1,192.0
III,Bulacan,San Miguel,2021-07-07,23.8,32.2,89.6,16.6,25.9,186.2
III,Bulacan,San Miguel,2021-07-08,24.4,32.5,84.9,0.0,25.4,204.4
III,Bulacan,San Miguel,2021-07-09,24.5,34.2,78.9,0.0,25.1,190.7
III,Bulacan,San Miguel,2021-07-10,23.9,32.8,77.1,0.0,23.8,194.0
III,Bulacan,San Miguel,2021-07-11,24.2,32.2,80.8,0.0,24.4,208.0
III,Bulacan,San Miguel,2021-07-12,22.8,30.2,81.8,46.3,22.9,150.2
III,Bulacan,San Miguel,2021-07-13,24.5,31.9,82.2,0.0,24.6,203.4
III,Bulacan,San Miguel,2021-07-14,23.9,30.0,84.5,59.3,23.8,156.8
III,Bulacan,San Miguel,2021-07-15,24.7,32.0,79.3,0.0,24.2,200.4
III,Bulacan,San Miguel,2021-07-16,23.7,31.7,80.8,0.0,23.9,199.5
III,Bulacan,San Miguel,2021-07-17,23.7,33.8,80.7,0.0,24.9,202.1
III,Bulacan,San Miguel,2021-07-18,23.2,34.7,81.1,0.0,25.2,196.5
III,Bulacan,San Miguel,2021-07-19,24.0,34.9,105.5,0.0,25.3,199.1
III,Bulacan,San Miguel,2021-07-20,25.5,34.9,80.6,9.7,26.3,200.4
III,Bulacan,San Miguel,2021-07-21,24.9,33.9,73.6,0.0,24.1,201.8
III,Bulacan,San Miguel,2021-07-22,24.9,31.9,82.5,17.4,24.9,182.3
III,Bulacan,San Miguel,2021-07-23,24.5,32.9,83.1,18.6,25.3,194.3
III,Bulacan,San Miguel,2021-07-24,24.0,33.1,80.4,0.0,24.6,201.3
III,Bulacan,San Miguel,2021-07-25,,33.1,83.0,5.9,24.9,
III,Bulacan,San Miguel,2021-07-26,,33.0,89.0,5.2,26.2,
III,Bulacan,San Miguel,2021-07-27,,32.6,88.1,29.0,25.3,
III,Bulacan,San Miguel,2021-07-28,,32.4,84.8,0.0,24.5,
III,Bulacan,San Miguel,2021-07-29,22.9,30.8,86.4,11.2,24.1,
III,Bulacan,San Miguel,2021-07-30,22.7,33.0,81.4,0.0,24.1,205.0
III,Bulacan,San Miguel,2021-07-31,22.8,32.5,82.5,0.0,24.2,193.2
III,Bulacan,San Miguel,2021-08-01,23.3,33.0,84.1,0.0,25.0,189.7
III,Bulacan,San Miguel,2021-08-02,22.7,33.4,84.2,10.3,24.9,199.1
III,Bulacan,San Miguel,2021-08-03,23.2,34.4,87.7,16.2,26.3,195.8
III,Bulacan,San Miguel,2021-08-04,24.1,33.7,81.9,0.0,25.3,210.6
III,Bulacan,San Miguel,2021-08-05,22.4,32.7,87.2,42.5,25.0,160.3
III,Bulacan,San Miguel,2021-08-06,24.2,33.8,81.3,0.0,25.3,200.8
III,Bulacan,San Miguel,2021-08-07,24.4,32.7,84.7,6.9,25.5,188.1
III,Bulacan,San Miguel,2021-08-08,24.6,33.0,85.3,12.6,25.9,189.1
III,Bulacan,San Miguel,2021-08-09,23.8,32.2,80.5,23.3,24.1,173.2
III,Bulacan,San Miguel,2021-08-10,24.4,31.9,76.0,0.0,23.3,198.3
III,Bulacan,San Miguel,2021-08-11,22.5,32.6,82.0,26.3,24.0,183.7
III,Bulacan,San Miguel,2021-08-12,23.0,32.5,77.7,0.0,23.3,200.5
III,Bulacan,San Miguel,2021-08-13,23.0,32.5,82.8,1.3,24.3,204.9
III,Bulacan,San Miguel,2021-08-14,22.7,,83.8,29.2,24.2,162.9
III,Bulacan,San Miguel,2021-08-15,22.9,,80.1,10.2,24.1,199.3
III,Bulacan,San Miguel,2021-08-16,22.7,,82.2,4.5,24.8,183.0
III,Bulacan,San Miguel,2021-08-17,23.1,,79.0,0.0,24.6,198.1
III,Bulacan,San Miguel,2021-08-18,22.7,,82.2,0.0,24.7,203.8
III,Bulacan,San Miguel,2021-08-19,23.7,34.0,87.8,6.4,26.4,199.7
III,Bulacan,San Miguel,2021-08-20,24.0,34.9,84.5,0.0,26.4,209.8
III,Bulacan,San Miguel,2021-08-21,24.0,33.6,86.0,24.6,26.0,157.3
III,Bulacan,San Miguel,2021-08-22,24.9,33.6,84.5,15.0,26.2,180.9
III,Bulacan,San Miguel,2021-08-23,25.7,35.4,77.9,0.0,26.1,195.0
III,Bulacan,San Miguel,2021-08-24,25.2,36.7,78.9,0.0,26.7,203.3
III,Bulacan,San Miguel,2021-08-25,25.3,34.7,81.3,8.6,26.3,180.9
III,Bulacan,San Miguel,2021-08-26,24.2,35.2,80.5,6.2,25.8,181.8
III,Bulacan,San Miguel,2021-08-27,23.0,31.9,81.8,42.0,23.8,159.1
III,Bulacan,San Miguel,2021-08-28,23.6,33.1,80.7,0.0,24.5,190.0
III,Bulacan,San Miguel,2021-08-29,22.8,32.2,85.2,15.9,24.5,180.6
III,Bulacan,San Miguel,2021-08-30,23.0,31.7,82.4,0.0,23.8,205.2
III,Bulacan,San Miguel,2021-08-31,23.4,31.2,84.0,0.0,24.1,200.8
III,Bulacan,San Miguel,2021-09-01,22.7,30.8,,5.9,24.5,178.5
III,Bulacan,San Miguel,2021-09-02,24.2,32.3,,0.0,24.7,192.6
III,Bulacan,San Miguel,2021-09-03,24.2,32.9,88.0,11.5,26.2,191.9
III,Bulacan,San Miguel,2021-09-04,24.8,35.9,89.5,1.2,28.2,206.7
III,Bulacan,San Miguel,2021-09-05,24.5,35.1,83.6,,26.5,190.9
III,Bulacan,San Miguel,2021-09-06,24.7,34.7,86.8,,27.1,196.3
III,Bulacan,San Miguel,2021-09-07,25.5,35.1,85.9,,27.5,203.5
III,Bulacan,San Miguel,2021-09-08,24.5,34.7,85.4,,26.7,182.3
III,Bulacan,San Miguel,2021-09-09,24.6,34.9,82.0,,26.2,206.2
III,Bulacan,San Miguel,2021-09-10,23.4,32.7,82.8,26.8,24.6,189.6
III,Bulacan,San Miguel,2021-09-11,23.6,31.9,83.8,19.6,24.5,168.3
III,Bulacan,San Miguel,2021-09-12,24.3,32.6,80.3,0.0,24.5,184.5
III,Bulacan,San Miguel,2021-09-13,23.8,30.9,80.9,35.9,23.5,161.6
III,Bulacan,San Miguel,2021-09-14,23.7,31.8,81.8,12.1,24.1,199.4
III,Bulacan,San Miguel,2021-09-15,23.3,32.2,81.6,4.4,24.1,193.6
III,Bulacan,San Miguel,2021-09-16,23.6,31.2,81.4,0.0,23.7,203.6
III,Bulacan,San Miguel,2021-09-17,24.6,32.2,80.3,0.0,24.5,201.0
III,Bulacan,San Miguel,2021-09-18,23.9,31.3,82.2,9.3,24.0,200.0
III,Bulacan,San Miguel,2021-09-19,23.1,31.8,76.3,0.0,22.7,202.8
III,Bulacan,San Miguel,2021-09-20,23.2,33.0,,9.6,24.3,193.3
III,Bulacan,San Miguel,2021-09-21,22.7,33.4,,1.3,24.8,206.6
III,Bulacan,San Miguel,2021-09-22,23.0,31.4,,11.4,23.4,187.3
III,Bulacan,San Miguel,2021-09-23,23.7,32.8,80.8,4.2,24.4,203.5
III,Bulacan,San Miguel,2021-09-24,23.4,32.2,74.8,0.0,22.8,203.4
III,Bulacan,San Miguel,2021-09-25,23.8,31.5,75.6,0.0,22.8,199.6
III,Bulacan,San Miguel,2021-09-26,23.3,32.6,82.7,12.6,24.5,190.3
III,Bulacan,San Miguel,2021-09-27,23.5,32.5,83.5,20.6,24.7,181.0
III,Bulacan,San Miguel,2021-09-28,24.1,32.5,76.9,0.0,23.7,197.2
III,Bulacan,San Miguel,2021-09-29,24.2,34.1,79.1,0.0,25.0,190.8
III,Bulacan,San Miguel,2021-09-30,24.2,35.5,78.2,0.0,25.5,200.2
III,Bulacan,San Miguel,2021-10-01,24.5,35.0,77.8,0.0,25.3,203.3
III,Bulacan,San Miguel,2021-10-02,23.8,34.8,80.7,5.1,25.4,198.7
III,Bulacan,San Miguel,2021-10-03,23.5,35.0,82.9,2.9,25.8,199.3
III,Bulacan,San Miguel,2021-10-04,23.7,34.1,80.4,0.0,25.0,202.2
III,Bulacan,San Miguel,2021-10-05,23.0,33.4,87.6,1.4,25.7,203.9
III,Bulacan,San Miguel,2021-10-06,23.8,34.2,86.0,3.9,26.2,195.1
III,Bulacan,San Miguel,2021-10-07,22.9,31.4,85.8,48.2,24.3,158.6
III,Bulacan,San Miguel,2021-10-08,23.9,33.0,83.7,3.7,25.2,189.0
III,Bulacan,San Miguel,2021-10-09,23.5,34.0,81.5,12.0,25.0,187.5
III,Bulacan,San Miguel,2021-10-10,24.9,35.0,81.6,0.0,26.3,202.5
III,Bulacan,San Miguel,2021-10-11,24.2,33.8,85.2,25.8,26.0,183.7
III,Bulacan,San Miguel,2021-10-12,23.5,33.7,86.0,32.4,25.8,171.2
III,Bulacan,San Miguel,2021-10-13,23.7,34.0,88.4,5.2,26.5,198.2
III,Bulacan,San Miguel,2021-10-14,24.0,31.3,86.8,10.5,25.0,197.5
III,Bulacan,San Miguel,2021-10-15,23.8,31.7,85.8,2.3,24.9,185.1
III,Bulacan,San Miguel,2021-10-16,23.0,33.0,81.1,0.0,24.2,210.3
III,Bulacan,San Miguel,2021-10-17,23.9,32.5,87.3,4.1,25.7,178.4
III,Bulacan,San Miguel,2021-10-18,23.8,33.6,82.4,11.4,25.2,200.6
III,Bulacan,San Miguel,2021-10-19,23.1,32.3,82.6,14.4,24.2,191.5
III,Bulacan,San Miguel,2021-10-20,23.3,32.9,79.6,0.0,24.0,226.0
III,Bulacan,San Miguel,2021-10-21,,32.4,80.4,0.0,24.3,203.2
III,Bulacan,San Miguel,2021-10-22,,31.4,90.9,9.8,26.2,179.2
III,Bulacan,San Miguel,2021-10-23,24.8,32.1,85.1,0.0,25.5,183.1
III,Bulacan,San Miguel,2021-10-24,24.6,31.8,87.7,0.0,25.7,206.0
III,Bulacan,San Miguel,2021-10-25,24.4,32.2,85.7,0.0,25.4,207.6
III,Bulacan,San Miguel,2021-10-26,24.6,32.6,89.9,8.0,26.6,186.8
III,Bulacan,San Miguel,2021-10-27,24.8,31.9,82.9,0.0,24.9,195.8
III,Bulacan,San Miguel,2021-10-28,23.9,32.5,84.7,0.0,25.1,213.8
III,Bulacan,San Miguel,2021-10-29,22.8,32.1,90.5,8.2,25.6,192.2
III,Bulacan,San Miguel,2021-10-30,23.3,30.9,83.7,0.0,23.8,202.4
III,Bulacan,San Miguel,2021-10-31,22.0,29.1,89.0,45.6,23.4,157.6
III,Bulacan,San Miguel,2021-11-01,23.5,31.7,82.1,0.0,24.0,215.4
III,Bulacan,San Miguel,2021-11-02,24.2,32.0,84.4,17.8,25.0,207.2
III,Bulacan,San Miguel,2021-11-03,24.8,34.1,75.5,0.0,24.6,200.2
III,Bulacan,San Miguel,2021-11-04,24.7,33.8,77.0,0.0,24.6,208.7
III,Bulacan,San Miguel,2021-11-05,24.0,33.1,77.9,0.0,,197.0
III,Bulacan,San Miguel,2021-11-06,23.4,32.6,,8.3,,191.0
III,Bulacan,San Miguel,2021-11-07,23.0,32.9,,0.0,,218.3
III,Bulacan,San Miguel,2021-11-08,23.7,32.1,,0.0,,195.6
III,Bulacan,San Miguel,2021-11-09,24.9,32.1,76.1,0.0,,224.7
III,Bulacan,San Miguel,2021-11-10,24.2,30.5,78.6,8.2,23.1,186.7
III,Bulacan,San Miguel,2021-11-11,24.7,30.6,76.9,13.0,23.0,202.9
III,Bulacan,San Miguel,2021-11-12,25.2,31.5,79.6,7.5,24.3,193.0
III,Bulacan,San Miguel,2021-11-13,23.3,31.4,77.3,6.0,22.8,193.6
III,Bulacan,San Miguel,2021-11-14,23.7,31.5,74.8,0.0,22.6,214.0
III,Bulacan,San Miguel,2021-11-15,23.4,33.9,74.3,0.0,23.5,231.5
III,Bulacan,San Miguel,2021-11-16,23.4,35.3,78.0,0.0,24.9,213.0
III,Bulacan,San Miguel,2021-11-16,23.4,35.3,78.0,0.0,24.9,213.0
III,Bulacan,San Miguel,2021-11-17,23.5,33.5,78.5,0.0,24.2,208.0
III,Bulacan,San Miguel,2021-11-18,23.8,34.1,77.9,0.0,24.5,205.1
III,Bulacan,San Miguel,2021-11-19,23.7,33.7,71.8,0.0,23.1,206.9
III,Bulacan,San Miguel,2021-11-20,23.9,32.9,71.1,0.0,22.6,219.3
III,Bulacan,San Miguel,2021-11-21,24.1,33.1,76.2,8.4,23.8,204.1
III,Bulacan,San Miguel,2021-11-22,23.7,32.8,75.4,13.4,23.3,202.5
III,Bulacan,San Miguel,2021-11-23,23.4,33.3,76.4,8.0,23.6,204.2
III,Bulacan,San Miguel,2021-11-24,24.0,33.1,74.1,0.0,23.4,214.5
III,Bulacan,San Miguel,2021-11-25,23.1,34.3,73.8,0.0,23.5,211.7
III,Bulacan,San Miguel,2021-11-26,22.9,35.6,79.7,0.0,25.2,206.6
III,Bulacan,San Miguel,2021-11-27,23.5,,77.1,0.0,24.9,219.4
III,Bulacan,San Miguel,2021-11-28,24.2,,79.5,0.0,25.4,205.0
III,Bulacan,San Miguel,2021-11-29,25.1,,81.0,0.0,25.6,224.8
III,Bulacan,San Miguel,2021-11-30,25.0,,78.5,0.0,25.1,204.9
III,Bulacan,San Miguel,2021-12-01,24.1,,79.4,0.0,24.9,203.6
III,Bulacan,San Miguel,2021-12-02,24.5,33.6,79.0,0.0,24.8,213.5
III,Bulacan,San Miguel,2021-12-03,23.6,34.0,83.6,2.0,25.5,210.1
III,Bulacan,San Miguel,2021-12-04,23.9,33.8,76.8,0.0,24.2,206.8
III,Bulacan,San Miguel,2021-12-05,24.0,34.5,77.8,0.0,24.8,206.8
III,Bulacan,San Miguel,2021-12-06,23.1,35.3,79.6,0.0,25.1,201.5
III,Bulacan,San Miguel,2021-12-07,22.9,34.2,83.5,24.1,25.2,186.7
III,Bulacan,San Miguel,2021-12-08,22.5,34.5,80.5,14.2,24.6,202.6
III,Bulacan,San Miguel,2021-12-09,23.3,34.7,75.6,0.2,24.1,211.2
III,Bulacan,San Miguel,2021-12-10,23.2,34.8,73.3,0.0,23.7,221.6
III,Bulacan,San Miguel,2021-12-11,24.6,33.5,74.6,0.0,24.0,203.1
III,Bulacan,San Miguel,2021-12-12,24.1,31.6,76.4,0.0,23.1,210.5
III,Bulacan,San Miguel,2021-12-13,24.2,32.2,79.4,14.0,24.1,191.1
III,Bulacan,San Miguel,2021-12-14,23.9,32.9,72.4,0.0,22.9,226.8
III,Bulacan,San Miguel,2021-12-15,24.1,32.4,74.6,0.0,23.2,212.0
III,Bulacan,San Miguel,2021-12-16,23.2,33.3,76.3,0.0,23.5,206.4
III,Bulacan,San Miguel,2021-12-17,22.1,32.3,75.2,0.0,22.2,216.9
III,Bulacan,San Miguel,2021-12-18,22.6,33.5,79.7,12.6,24.0,218.7
III,Bulacan,San Miguel,2021-12-19,23.9,31.8,71.3,0.0,22.1,215.4
III,Bulacan,San Miguel,2021-12-20,23.6,33.0,68.0,0.0,21.9,211.8
III,Bulacan,San Miguel,2021-12-21,23.3,30.8,71.5,16.8,21.4,194.8
III,Bulacan,San Miguel,2021-12-22,23.0,29.3,74.7,30.6,21.1,187.4
III,Bulacan,San Miguel,2021-12-23,23.3,31.4,70.8,0.0,21.5,211.0
III,Bulacan,San Miguel,2021-12-24,23.2,32.6,72.7,8.1,22.4,212.4
III,Bulacan,San Miguel,2021-12-25,23.0,32.3,70.4,0.0,21.7,233.6
III,Bulacan,San Miguel,2021-12-26,23.3,33.2,71.1,0.0,22.5,217.0
III,Bulacan,San Miguel,2021-12-27,23.1,33.8,68.8,0.0,22.2,213.9
III,Bulacan,San Miguel,2021-12-28,23.1,31.5,76.0,8.6,22.5,
III,Bulacan,San Miguel,2021-12-29,23.0,30.8,74.8,0.0,21.9,
III,Bulacan,San Miguel,2021-12-30,23.1,32.6,73.9,0.0,22.6,
III,Bulacan,San Miguel,2021-12-31,24.0,33.4,78.6,5.8,24.4,201.5
III,Bulacan,San Miguel,2022-01-01,24.3,32.5,74.5,-1.4,23.3,213.6
III,Bulacan,San Miguel,2022-01-02,24.4,31.3,78.3,6.8,23.5,218.7
III,Bulacan,San Miguel,2022-01-03,24.5,33.0,76.4,0.0,24.0,222.2
III,Bulacan,San Miguel,2022-01-04,23.5,30.3,76.0,10.7,22.1,204.9
III,Bulacan,San Miguel,2022-01-05,23.3,31.5,74.6,0.0,22.3,225.2
III,Bulacan,San Miguel,2022-01-06,23.5,30.7,72.5,,21.6,224.7
III,Bulacan,San Miguel,2022-01-07,23.2,32.7,72.7,,22.5,227.9
III,Bulacan,San Miguel,2022-01-08,24.0,31.9,78.6,,23.7,219.3
III,Bulacan,San Miguel,2022-01-09,24.7,33.0,78.9,,24.6,212.1
III,Bulacan,San Miguel,2022-01-10,24.5,32.8,76.7,,24.0,213.1
III,Bulacan,San Miguel,2022-01-11,24.3,34.3,74.5,0.0,24.2,214.8
III,Bulacan,San Miguel,2022-01-12,24.0,33.5,74.7,0.0,23.7,217.3
III,Bulacan,San Miguel,2022-01-13,24.8,32.3,74.5,0.0,23.4,223.7
III,Bulacan,San Miguel,2022-01-14,24.5,32.7,75.1,0.0,23.6,233.7
III,Bulacan,San Miguel,2022-01-15,24.1,33.0,71.4,0.0,22.8,201.6
III,Bulacan,San Miguel,2022-01-16,24.1,33.4,70.9,0.0,22.9,220.2
III,Bulacan,San Miguel,2022-01-17,23.0,33.1,73.1,6.9,22.7,222.9
III,Bulacan,San Miguel,2022-01-18,22.8,32.4,72.6,,22.1,226.5
III,Bulacan,San Miguel,2022-01-19,21.8,31.6,77.2,,22.1,212.4
III,Bulacan,San Miguel,2022-01-20,21.4,31.8,74.3,,21.5,217.7
III,Bulacan,San Miguel,2022-01-21,22.1,31.8,74.8,,21.9,214.0
III,Bulacan,San Miguel,2022-01-22,22.2,32.1,74.2,,22.0,220.7
III,Bulacan,San Miguel,2022-01-23,22.5,32.2,70.1,0.0,21.4,211.7
III,Bulacan,San Miguel,2022-01-24,23.5,30.3,69.7,0.0,20.8,226.8
III,Bulacan,San Miguel,2022-01-25,24.2,30.6,68.7,0.0,21.1,215.8
III,Bulacan,San Miguel,2022-01-26,,30.8,71.4,11.7,20.9,208.1
III,Bulacan,San Miguel,2022-01-27,,30.4,76.2,16.2,21.6,203.2
III,Bulacan,San Miguel,2022-01-28,,31.9,77.7,1.9,23.0,219.2
III,Bulacan,San Miguel,2022-01-29,,31.9,70.9,0.0,21.5,215.6
III,Bulacan,San Miguel,2022-01-30,,31.3,69.9,0.0,21.3,221.3
III,Bulacan,San Miguel,2022-01-31,23.3,30.2,75.8,12.9,21.9,219.7
III,Bulacan,San Miguel,2022-02-01,24.2,31.9,72.9,0.0,22.6,214.0
III,Bulacan,San Miguel,2022-02-02,23.2,30.5,72.6,0.0,21.4,222.1
III,Bulacan,San Miguel,2022-02-03,24.2,32.0,72.7,0.0,22.6,210.9
III,Bulacan,San Miguel,2022-02-04,23.8,32.4,74.6,0.0,23.0,225.9
III,Bulacan,San Miguel,2022-02-05,24.5,32.9,73.1,0.0,23.3,222.0
III,Bulacan,San Miguel,2022-02-06,23.4,32.2,70.7,0.0,21.9,217.2
III,Bulacan,San Miguel,2022-02-07,22.8,32.3,69.5,0.0,21.4,208.0
III,Bulacan,San Miguel,2022-02-08,23.6,30.6,69.4,0.0,21.0,227.5
III,Bulacan,San Miguel,2022-02-09,23.2,30.5,69.4,0.0,20.7,215.3
III,Bulacan,San Miguel,2022-02-10,22.8,30.6,70.5,0.0,20.8,214.6
III,Bulacan,San Miguel,2022-02-11,23.7,29.8,67.8,0.0,20.3,222.8
III,Bulacan,San Miguel,2022-02-12,23.0,31.3,73.7,0.0,21.9,226.9
III,Bulacan,San Miguel,2022-02-13,23.4,31.3,73.9,0.0,22.1,230.0
III,Bulacan,San Miguel,2022-02-14,23.7,32.9,76.2,0.0,23.5,234.5
III,Bulacan,San Miguel,2022-02-15,23.4,32.2,71.8,0.0,22.2,217.5
III,Bulacan,San Miguel,2022-02-16,23.3,30.8,74.5,0.0,22.0,227.6
III,Bulacan,San Miguel,2022-02-17,23.7,31.4,75.6,0.0,22.7,215.0
III,Bulacan,San Miguel,2022-02-18,24.2,32.2,78.1,0.0,23.8,218.8
III,Bulacan,San Miguel,2022-02-19,24.9,32.6,78.0,0.0,24.4,246.3
III,Bulacan,San Miguel,2022-02-20,25.5,31.8,80.3,0.0,24.7,228.8
III,Bulacan,San Miguel,2022-02-21,24.1,,77.9,0.0,23.5,229.3
III,Bulacan,San Miguel,2022-02-22,23.1,,75.9,0.0,23.6,220.7
III,Bulacan,San Miguel,2022-02-23,22.7,,80.2,0.0,23.0,225.9
III,Bulacan,San Miguel,2022-02-24,24.0,,77.3,0.0,23.2,231.9
III,Bulacan,San Miguel,2022-02-25,24.0,,75.8,0.0,23.5,228.7
III,Bulacan,San Miguel,2022-02-26,24.1,33.3,74.7,0.0,23.6,231.2
III,Bulacan,San Miguel,2022-02-27,24.1,32.2,76.5,0.0,23.5,221.0
III,Bulacan,San Miguel,2022-02-28,22.6,33.1,75.3,0.0,22.9,222.2
III,Bulacan,San Miguel,2022-03-01,21.5,32.8,71.7,0.0,21.5,220.4
III,Bulacan,San Miguel,2022-03-02,21.9,32.1,71.9,0.0,21.4,214.9
III,Bulacan,San Miguel,2022-03-03,21.3,32.1,68.7,0.0,20.4,230.8
III,Bulacan,San Miguel,2022-03-04,22.1,32.9,69.4,0.0,21.4,222.9
III,Bulacan,San Miguel,2022-03-05,22.2,33.1,72.0,0.0,22.0,226.2
III,Bulacan,San Miguel,2022-03-06,23.0,33.4,72.0,0.0,22.6,219.2
III,Bulacan,San Miguel,2022-03-07,22.4,33.8,68.0,0.0,21.7,228.1
III,Bulacan,San Miguel,2022-03-08,22.5,33.9,68.8,0.0,22.0,216.7
III,Bulacan,San Miguel,2022-03-09,23.2,32.8,67.6,0.0,21.5,223.9
III,Bulacan,San Miguel,2022-03-10,23.3,31.6,68.6,0.0,21.2,230.6
III,Bulacan,San Miguel,2022-03-11,23.1,30.9,68.8,0.0,20.8,232.3
III,Bulacan,San Miguel,2022-03-12,24.2,31.4,72.3,0.0,22.3,212.8
III,Bulacan,San Miguel,2022-03-13,23.9,32.6,72.4,0.0,22.7,213.0
III,Bulacan,San Miguel,2022-03-14,23.7,32.1,72.2,0.0,,231.7
III,Bulacan,San Miguel,2022-03-15,23.5,29.8,69.8,0.0,,234.2
III,Bulacan,San Miguel,2022-03-16,23.3,30.9,74.9,8.1,22.1,214.5
III,Bulacan,San Miguel,2022-03-17,23.7,32.4,68.7,0.0,21.8,219.8
III,Bulacan,San Miguel,2022-03-18,23.6,33.0,72.4,0.0,22.8,228.7
III,Bulacan,San Miguel,2022-03-19,24.4,32.5,,0.0,22.4,220.4
III,Bulacan,San Miguel,2022-03-20,24.3,31.3,,0.0,21.6,227.5
III,Bulacan,San Miguel,2022-03-21,24.2,30.2,,0.0,21.6,235.1
III,Bulacan,San Miguel,2022-03-22,23.4,30.6,77.0,0.0,22.4,223.2
III,Bulacan,San Miguel,2022-03-23,23.8,32.4,75.2,0.0,23.1,217.5
III,Bulacan,San Miguel,2022-03-24,23.4,32.5,73.3,0.0,22.6,219.1
III,Bulacan,San Miguel,2022-03-25,23.9,33.1,74.0,0.0,23.3,214.1
III,Bulacan,San Miguel,2022-03-26,23.3,31.3,75.3,3.1,22.4,233.1
III,Bulacan,San Miguel,2022-03-27,24.5,30.9,70.5,0.0,21.8,223.5
III,Bulacan,San Miguel,2022-03-28,23.8,32.3,68.2,0.0,21.7,214.4
III,Bulacan,San Miguel,2022-03-29,24.0,32.5,66.3,0.0,21.5,227.5
III,Bulacan,San Miguel,2022-03-30,24.5,32.5,70.3,6.6,22.6,219.1
III,Bulacan,San Miguel,2022-03-31,24.2,32.5,65.9,0.0,21.5,229.0
III,Bulacan,San Miguel,2022-04-01,24.3,33.4,68.3,0.0,22.5,206.3
III,Bulacan,San Miguel,2022-04-02,25.8,32.8,67.8,0.0,22.9,231.1
III,Bulacan,San Miguel,2022-04-03,24.3,32.3,68.8,0.0,22.1,218.0
III,Bulacan,San Miguel,2022-04-04,23.9,34.2,66.7,0.0,22.4,233.9
III,Bulacan,San Miguel,2022-04-05,23.5,33.8,67.8,0.0,22.2,230.8
III,Bulacan,San Miguel,2022-04-06,24.1,32.4,67.5,0.0,21.8,228.9
III,Bulacan,San Miguel,2022-04-07,24.9,31.9,68.5,0.0,22.1,219.7
III,Bulacan,San Miguel,2022-04-08,24.1,32.2,68.2,0.0,21.8,218.9
III,Bulacan,San Miguel,2022-04-09,23.5,32.5,69.3,0.0,21.9,212.9
III,Bulacan,San Miguel,2022-04-10,23.2,31.6,67.8,0.0,21.0,228.2
III,Bulacan,San Miguel,2022-04-11,23.5,32.2,67.5,0.0,21.4,236.7
III,Bulacan,San Miguel,2022-04-12,23.8,30.3,68.9,0.0,20.8,224.4
III,Bulacan,San Miguel,2022-04-13,25.0,30.2,70.2,0.0,21.6,236.9
III,Bulacan,San Miguel,2022-04-14,24.8,30.4,67.8,0.0,21.2,229.0
III,Bulacan,San Miguel,2022-04-15,24.1,30.5,69.7,0.0,21.2,224.7
III,Bulacan,San Miguel,2022-04-16,23.5,30.7,74.8,0.0,22.1,210.8
III,Bulacan,San Miguel,2022-04-17,22.7,30.7,74.1,0.0,21.5,227.9
III,Bulacan,San Miguel,2022-04-18,22.6,31.7,73.7,0.0,21.9,215.3
III,Bulacan,San Miguel,2022-04-19,22.7,31.5,73.9,0.0,21.9,214.8
III,Bulacan,San Miguel,2022-04-20,23.1,32.1,76.1,0.0,22.8,215.6
III,Bulacan,San Miguel,2022-04-21,23.3,31.9,74.0,0.0,22.4,215.7
III,Bulacan,San Miguel,2022-04-22,23.4,33.4,72.7,0.0,22.9,212.6
III,Bulacan,San Miguel,2022-04-23,23.2,31.7,66.3,0.0,20.7,209.4
III,Bulacan,San Miguel,2022-04-24,23.4,31.7,64.2,0.0,20.4,209.7
III,Bulacan,San Miguel,2022-04-25,22.5,32.0,68.8,0.0,21.0,223.8
III,Bulacan,San Miguel,2022-04-26,22.6,32.2,70.6,0.0,21.5,215.3
III,Bulacan,San Miguel,2022-04-27,22.2,31.9,70.2,1.0,21.1,218.2
III,Bulacan,San Miguel,2022-04-28,21.8,30.3,79.3,28.8,21.9,185.5
III,Bulacan,San Miguel,2022-04-29,21.8,32.4,79.2,1.4,22.9,202.0
III,Bulacan,San Miguel,2022-04-30,22.1,31.8,74.2,0.0,21.8,204.4
III,Bulacan,San Miguel,2022-05-01,23.8,31.0,73.2,0.0,22.0,215.7
III,Bulacan,San Miguel,2022-05-02,24.4,31.1,72.6,0.0,22.3,212.9
III,Bulacan,San Miguel,2022-05-03,23.9,33.1,72.9,0.0,23.1,213.4
III,Bulacan,San Miguel,2022-05-04,24.6,32.0,71.0,0.0,22.5,216.9
III,Bulacan,San Miguel,2022-05-05,24.3,32.3,72.2,0.0,22.7,218.0
III,Bulacan,San Miguel,2022-05-06,25.2,33.7,71.9,0.0,23.8,205.4
III,Bulacan,San Miguel,2022-05-07,24.1,30.7,76.4,40.5,22.7,194.1
III,Bulacan,San Miguel,2022-05-08,24.6,33.2,71.6,0.0,23.2,200.2
III,Bulacan,San Miguel,2022-05-09,24.0,33.6,76.8,2.1,24.2,209.9
III,Bulacan,San Miguel,2022-05-10,23.0,33.7,72.6,0.0,22.9,217.4
III,Bulacan,San Miguel,2022-05-11,22.4,32.4,77.4,13.3,22.9,219.0
III,Bulacan,San Miguel,2022-05-12,23.4,34.0,74.3,3.4,23.6,211.3
III,Bulacan,San Miguel,2022-05-13,23.2,32.7,69.8,0.0,21.9,222.9
III,Bulacan,San Miguel,2022-05-14,23.6,31.1,77.1,6.8,22.8,206.8
III,Bulacan,San Miguel,2022-05-15,23.9,31.7,70.6,0.0,21.9,207.7
III,Bulacan,San Miguel,2022-05-16,23.1,32.3,70.9,0.0,21.9,205.0
III,Bulacan,San Miguel,2022-05-17,21.8,32.8,76.2,0.0,22.5,211.3
III,Bulacan,San Miguel,2022-05-18,22.0,32.2,71.9,0.0,21.5,218.8
III,Bulacan,San Miguel,2022-05-19,22.2,32.5,70.7,0.0,21.5,205.6
III,Bulacan,San Miguel,2022-05-20,24.1,31.0,71.1,0.0,21.8,206.7
III,Bulacan,San Miguel,2022-05-21,23.6,31.3,105.8,0.0,21.6,203.5
III,Bulacan,San Miguel,2022-05-22,23.5,30.4,75.8,22.5,22.1,200.0
III,Bulacan,San Miguel,2022-05-23,24.3,32.4,73.5,0.0,23.0,207.8
III,Bulacan,San Miguel,2022-05-24,23.5,32.6,74.2,0.0,22.9,222.3
III,Bulacan,San Miguel,2022-05-25,23.0,31.4,72.8,0.0,21.8,213.8
III,Bulacan,San Miguel,2022-05-26,24.3,30.3,76.9,0.0,22.7,205.7
III,Bulacan,San Miguel,2022-05-27,24.4,31.6,78.5,0.0,23.7,216.6
III,Bulacan,San Miguel,2022-05-28,23.7,31.0,74.3,0.0,22.2,200.5
III,Bulacan,San Miguel,2022-05-29,22.9,31.9,77.5,0.0,22.9,212.7
III,Bulacan,San Miguel,2022-05-30,22.6,32.3,77.6,0.0,23.0,207.3
III,Bulacan,San Miguel,2022-05-31,22.6,31.7,78.7,10.5,22.9,195.3
III,Bulacan,San Miguel,2022-06-01,23.9,31.5,77.2,0.0,23.1,205.8
III,Bulacan,San Miguel,2022-06-02,23.3,30.6,81.6,,23.3,192.8
III,Bulacan,San Miguel,2022-06-03,23.6,32.6,76.4,,23.4,213.8
III,Bulacan,San Miguel,2022-06-04,23.7,33.7,80.1,,24.7,193.6
III,Bulacan,San Miguel,2022-06-05,22.9,31.8,72.8,0.0,21.9,223.9
III,Bulacan,San Miguel,2022-06-06,23.2,31.2,74.2,0.0,22.0,207.8
III,Bulacan,San Miguel,2022-06-07,22.5,31.0,75.2,0.0,21.8,202.8
III,Bulacan,San Miguel,2022-06-08,23.7,30.7,70.7,0.0,21.3,211.5
III,Bulacan,San Miguel,2022-06-09,23.0,31.2,75.4,9.1,22.2,203.6
III,Bulacan,San Miguel,2022-06-10,22.4,31.1,75.3,0.0,21.8,200.5
III,Bulacan,San Miguel,2022-06-11,22.0,33.2,76.0,0.0,22.8,221.1
III,Bulacan,San Miguel,2022-06-12,21.6,32.5,80.4,11.5,23.1,185.6
III,Bulacan,San Miguel,2022-06-13,23.3,33.8,79.3,0.0,24.4,203.2
III,Bulacan,San Miguel,2022-06-14,24.8,33.7,78.1,0.0,24.9,203.0
III,Bulacan,San Miguel,2022-06-15,24.2,33.9,82.0,10.1,25.4,194.2
III,Bulacan,San Miguel,2022-06-16,24.2,33.7,74.1,0.0,23.8,194.4
III,Bulacan,San Miguel,2022-06-17,23.3,35.1,77.1,0.0,24.6,212.2
III,Bulacan,San Miguel,2022-06-18,,34.9,78.3,0.0,24.9,209.5
III,Bulacan,San Miguel,2022-06-19,,35.0,76.9,0.0,24.6,231.6
III,Bulacan,San Miguel,2022-06-20,,33.2,81.6,1.2,24.5,215.0
III,Bulacan,San Miguel,2022-06-21,,33.9,78.2,0.0,24.1,199.9
III,Bulacan,San Miguel,2022-06-22,,35.0,76.0,0.0,24.0,206.0
III,Bulacan,San Miguel,2022-06-23,22.5,34.6,80.4,2.3,24.6,193.2
III,Bulacan,San Miguel,2022-06-24,,34.8,80.9,10.4,24.4,191.0
III,Bulacan,San Miguel,2022-06-25,,35.0,76.9,0.0,24.4,217.3
III,Bulacan,San Miguel,2022-06-26,,35.2,82.5,1.8,26.0,212.2
III,Bulacan,San Miguel,2022-06-27,,34.7,83.5,13.1,25.6,185.4
III,Bulacan,San Miguel,2022-06-28,23.9,35.2,76.1,0.0,24.8,218.8
III,Bulacan,San Miguel,2022-06-29,23.8,35.4,74.2,0.0,24.4,194.9
III,Bulacan,San Miguel,2022-06-30,23.3,33.8,79.6,45.5,24.5,164.3
III,Bulacan,San Miguel,2022-07-01,24.1,34.7,78.6,,25.1,221.6
III,Bulacan,San Miguel,2022-07-02,24.2,34.5,84.3,,26.2,198.7
III,Bulacan,San Miguel,2022-07-03,23.5,33.1,82.9,,24.9,187.3
III,Bulacan,San Miguel,2022-07-04,24.1,34.3,78.1,0.0,24.8,197.7
III,Bulacan,San Miguel,2022-07-05,23.2,32.1,80.2,114.3,23.7,157.1
III,Bulacan,San Miguel,2022-07-06,23.7,33.6,77.4,0.0,24.1,202.8
III,Bulacan,San Miguel,2022-07-07,23.3,34.9,78.7,0.0,24.8,205.7
III,Bulacan,San Miguel,2022-07-08,23.5,34.6,81.8,2.7,25.4,192.4
III,Bulacan,San Miguel,2022-07-09,23.5,33.7,75.0,0.0,23.6,197.3
III,Bulacan,San Miguel,2022-07-10,24.9,34.0,77.5,0.0,25.0,195.5
III,Bulacan,San Miguel,2022-07-11,24.3,33.5,76.7,0.0,24.2,195.1
III,Bulacan,San Miguel,2022-07-12,24.1,34.1,82.3,9.0,25.6,194.7
III,Bulacan,San Miguel,2022-07-13,23.8,33.9,83.4,17.7,25.5,173.0
III,Bulacan,San Miguel,2022-07-14,23.9,33.3,84.1,8.1,25.4,188.3
III,Bulacan,San Miguel,2022-07-15,24.5,34.2,76.5,0.0,24.7,213.2
III,Bulacan,San Miguel,2022-07-16,24.6,35.9,80.6,5.0,26.4,193.7
III,Bulacan,San Miguel,2022-07-17,24.9,34.9,80.2,8.1,25.9,196.4
III,Bulacan,San Miguel,2022-07-18,25.0,33.7,75.5,0.0,24.5,209.3
III,Bulacan,San Miguel,2022-07-19,25.3,31.7,75.6,0.0,23.6,220.4
III,Bulacan,San Miguel,2022-07-20,23.4,32.9,78.4,0.0,23.8,204.0
III,Bulacan,San Miguel,2022-07-21,23.8,32.8,73.7,0.0,23.0,191.2
III,Bulacan,San Miguel,2022-07-22,23.0,31.9,78.7,37.8,23.2,165.6
III,Bulacan,San Miguel,2022-07-23,22.4,31.9,82.2,32.8,23.6,173.9
III,Bulacan,San Miguel,2022-07-24,23.2,32.6,82.7,0.0,24.4,197.6
III,Bulacan,San Miguel,2022-07-25,23.6,32.3,82.5,13.1,24.4,194.7
III,Bulacan,San Miguel,2022-07-26,24.7,31.7,82.7,14.4,24.7,183.1
III,Bulacan,San Miguel,2022-07-27,23.8,32.1,79.0,0.0,23.8,185.3
III,Bulacan,San Miguel,2022-07-28,23.7,33.2,78.4,0.0,24.1,211.7
III,Bulacan,San Miguel,2022-07-29,23.9,32.3,81.9,15.6,24.5,193.8
III,Bulacan,San Miguel,2022-07-30,24.8,33.5,84.1,1.9,26.0,190.3
III,Bulacan,San Miguel,2022-07-31,23.7,30.9,86.6,37.7,24.6,161.2
III,Bulacan,San Miguel,2022-08-01,24.6,32.2,81.2,0.0,24.6,201.0
III,Bulacan,San Miguel,2022-08-02,24.3,30.5,86.5,5.0,24.7,187.8
III,Bulacan,San Miguel,2022-08-03,24.5,30.0,81.6,0.0,23.6,200.4
III,Bulacan,San Miguel,2022-08-04,23.5,31.7,82.4,0.0,24.1,213.9
III,Bulacan,San Miguel,2022-08-05,23.5,31.0,82.1,0.0,23.7,195.2
III,Bulacan,San Miguel,2022-08-06,23.2,30.8,87.7,18.8,24.5,182.6
III,Bulacan,San Miguel,2022-08-07,23.8,31.5,87.1,3.1,25.1,202.3
III,Bulacan,San Miguel,2022-08-08,23.3,32.0,83.4,24.0,24.3,187.0
III,Bulacan,San Miguel,2022-08-09,23.9,32.2,81.2,35.2,24.3,167.5
III,Bulacan,San Miguel,2022-08-10,24.4,32.8,80.1,9.8,24.6,194.0
III,Bulacan,San Miguel,2022-08-11,24.5,35.9,78.9,0.0,26.0,200.2
III,Bulacan,San Miguel,2022-08-12,23.7,34.4,79.6,0.0,25.0,198.2
III,Bulacan,San Miguel,2022-08-13,22.9,32.2,86.4,32.9,24.8,173.8
III,Bulacan,San Miguel,2022-08-14,24.1,32.7,81.7,0.0,24.7,194.6
III,Bulacan,San Miguel,2022-08-15,23.5,31.5,84.3,24.6,,186.1
III,Bulacan,San Miguel,2022-08-16,23.9,32.4,77.9,0.0,,181.3
III,Bulacan,San Miguel,2022-08-17,23.6,32.6,79.3,0.0,24.0,197.0
III,Bulacan,San Miguel,2022-08-18,23.2,32.4,85.4,2.3,24.9,181.1
III,Bulacan,San Miguel,2022-08-19,23.8,31.5,82.5,0.0,,195.6
III,Bulacan,San Miguel,2022-08-20,23.2,32.8,82.7,0.0,,186.6
III,Bulacan,San Miguel,2022-08-21,22.5,32.0,88.2,25.6,,182.7
III,Bulacan,San Miguel,2022-08-22,22.4,34.6,82.4,0.0,,190.9
III,Bulacan,San Miguel,2022-08-23,21.6,33.4,86.9,5.4,,187.3
III,Bulacan,San Miguel,2022-08-24,22.4,34.4,80.6,0.0,24.5,205.9
III,Bulacan,San Miguel,2022-08-25,23.4,33.5,81.8,7.9,24.8,190.0
III,Bulacan,San Miguel,2022-08-26,23.5,34.0,80.1,7.5,24.8,200.9
III,Bulacan,San Miguel,2022-08-27,23.5,32.8,82.1,6.5,24.6,205.7
III,Bulacan,San Miguel,2022-08-28,23.2,31.8,82.2,,23.9,180.5
III,Bulacan,San Miguel,2022-08-29,23.0,32.6,77.3,,23.3,201.4
III,Bulacan,San Miguel,2022-08-30,23.6,,77.1,0.0,23.4,209.7
III,Bulacan,San Miguel,2022-08-31,24.0,,81.3,6.4,25.0,200.6
III,Bulacan,San Miguel,2022-09-01,23.6,31.8,85.0,13.9,24.7,194.4
III,Bulacan,San Miguel,2022-09-02,23.8,32.0,86.0,11.0,25.1,193.0
III,Bulacan,San Miguel,2022-09-03,24.5,32.7,84.6,6.4,25.5,184.5
III,Bulacan,San Miguel,2022-09-04,24.1,32.3,86.5,29.0,25.5,157.2
III,Bulacan,San Miguel,2022-09-05,24.2,33.2,82.0,0.0,25.1,195.4
III,Bulacan,San Miguel,2022-09-06,25.1,33.8,80.3,0.0,25.5,200.7
III,Bulacan,San Miguel,2022-09-07,25.9,34.2,85.1,1.6,27.1,197.7
III,Bulacan,San Miguel,2022-09-08,23.9,33.8,81.4,11.5,25.1,188.7
III,Bulacan,San Miguel,2022-09-09,24.3,33.3,80.0,3.5,24.8,183.5
III,Bulacan,San Miguel,2022-09-10,23.3,34.3,78.6,0.0,24.5,191.9
III,Bulacan,San Miguel,2022-09-11,24.0,32.7,78.1,0.0,24.0,188.6
III,Bulacan,San Miguel,2022-09-12,24.2,32.5,83.3,9.1,25.0,190.0
III,Bulacan,San Miguel,2022-09-13,23.5,33.8,79.3,0.0,24.5,172.9
III,Bulacan,San Miguel,2022-09-14,23.7,32.2,81.3,14.9,24.2,185.2
III,Bulacan,San Miguel,2022-09-15,23.1,34.1,78.2,0.0,24.2,206.0
III,Bulacan,San Miguel,2022-09-16,23.3,33.9,82.1,0.0,25.0,194.6
III,Bulacan,San Miguel,2022-09-17,23.0,33.7,83.3,0.0,25.0,187.0
III,Bulacan,San Miguel,2022-09-18,22.9,33.2,80.2,0.0,24.1,194.4
III,Bulacan,San Miguel,2022-09-19,22.0,33.6,84.3,3.3,24.7,197.1
III,Bulacan,San Miguel,2022-09-20,22.3,32.1,87.7,2.6,24.7,193.6
III,Bulacan,San Miguel,2022-09-21,23.6,32.8,85.1,0.0,25.2,197.8
III,Bulacan,San Miguel,2022-09-22,23.9,34.0,83.8,0.0,25.7,214.3
III,Bulacan,San Miguel,2022-09-23,,34.3,87.7,22.7,26.5,184.1
III,Bulacan,San Miguel,2022-09-24,,36.7,85.1,0.0,27.5,188.4
III,Bulacan,San Miguel,2022-09-25,,34.3,84.7,18.7,26.6,181.7
III,Bulacan,San Miguel,2022-09-26,,34.8,82.3,0.0,26.1,182.5
III,Bulacan,San Miguel,2022-09-27,24.7,34.5,80.5,0.0,25.7,196.5
III,Bulacan,San Miguel,2022-09-28,24.2,33.6,80.5,0.0,25.0,211.2
III,Bulacan,San Miguel,2022-09-29,24.4,32.2,78.9,0.0,24.1,212.5
III,Bulacan,San Miguel,2022-09-30,23.4,32.6,82.5,0.0,24.5,198.3
III,Bulacan,San Miguel,2022-10-01,23.6,33.2,85.3,20.6,25.5,183.8
III,Bulacan,San Miguel,2022-10-02,23.7,33.6,88.8,4.8,26.4,214.6
III,Bulacan,San Miguel,2022-10-03,23.4,33.0,86.6,1.2,25.5,200.6
III,Bulacan,San Miguel,2022-10-04,23.7,33.2,84.3,10.5,25.3,182.1
III,Bulacan,San Miguel,2022-10-05,23.8,34.5,85.1,2.3,26.2,199.9
III,Bulacan,San Miguel,2022-10-06,23.7,35.8,82.0,0.0,26.2,189.1
III,Bulacan,San Miguel,2022-10-07,23.3,34.1,85.4,7.2,25.8,208.6
III,Bulacan,San Miguel,2022-10-08,23.3,33.2,86.4,16.8,25.5,192.7
III,Bulacan,San Miguel,2022-10-09,23.4,34.6,78.9,0.0,24.8,197.7
III,Bulacan,San Miguel,2022-10-10,22.9,,78.1,0.0,24.3,200.6
III,Bulacan,San Miguel,2022-10-11,23.3,,83.3,2.3,25.9,209.4
III,Bulacan,San Miguel,2022-10-12,23.6,35.6,79.1,23.5,25.4,165.0
III,Bulacan,San Miguel,2022-10-13,24.8,33.6,75.9,0.0,24.4,197.0
III,Bulacan,San Miguel,2022-10-14,24.5,32.9,80.1,5.7,24.7,190.5
III,Bulacan,San Miguel,2022-10-15,23.9,32.5,74.2,0.0,23.0,200.0
III,Bulacan,San Miguel,2022-10-16,22.8,31.9,78.3,20.7,23.0,186.5
III,Bulacan,San Miguel,2022-10-17,23.1,33.4,79.2,16.0,24.1,172.7
III,Bulacan,San Miguel,2022-10-18,23.2,33.1,72.8,0.0,22.7,201.5
III,Bulacan,San Miguel,2022-10-19,23.7,33.4,78.4,1.2,24.2,201.2
III,Bulacan,San Miguel,2022-10-20,24.0,31.6,79.3,5.9,23.7,208.8
III,Bulacan,San Miguel,2022-10-21,23.8,32.2,73.6,0.0,22.7,196.8
III,Bulacan,San Miguel,2022-10-22,24.9,,74.9,0.0,23.5,211.6
III,Bulacan,San Miguel,2022-10-23,24.4,,76.9,0.0,23.8,207.5
III,Bulacan,San Miguel,2022-10-24,24.0,,81.3,0.0,25.3,199.4
III,Bulacan,San Miguel,2022-10-25,23.5,33.6,82.8,0.0,25.1,183.4
III,Bulacan,San Miguel,2022-10-26,24.5,32.7,81.5,0.0,24.9,208.3
III,Bulacan,San Miguel,2022-10-27,23.3,30.3,84.3,7.9,23.7,197.3
III,Bulacan,San Miguel,2022-10-28,22.6,32.9,78.0,0.0,23.4,191.7
III,Bulacan,San Miguel,2022-10-29,23.3,31.3,78.4,0.0,23.0,187.2
III,Bulacan,San Miguel,2022-10-30,22.7,32.1,83.7,3.9,24.1,190.9
III,Bulacan,San Miguel,2022-10-31,22.1,32.2,85.0,12.4,24.2,192.9
III,Bulacan,San Miguel,2022-11-01,22.9,33.2,79.8,0.0,24.0,205.8
III,Bulacan,San Miguel,2022-11-02,24.2,31.7,82.5,3.3,24.4,185.7
III,Bulacan,San Miguel,2022-11-03,25.2,30.4,81.2,4.1,24.0,192.4
III,Bulacan,San Miguel,2022-11-04,24.7,30.7,77.7,0.0,23.2,199.2
III,Bulacan,San Miguel,2022-11-05,24.3,31.6,75.9,0.0,23.1,210.4
III,Bulacan,San Miguel,2022-11-06,23.6,30.1,81.5,21.4,23.2,197.3
III,Bulacan,San Miguel,2022-11-07,24.1,32.4,74.6,0.0,23.2,210.0
III,Bulacan,San Miguel,2022-11-08,24.5,31.9,80.1,3.3,24.2,197.0
III,Bulacan,San Miguel,2022-11-09,24.8,33.5,82.5,5.9,25.6,214.3
III,Bulacan,San Miguel,2022-11-10,24.9,32.7,77.1,0.0,24.2,207.9
III,Bulacan,San Miguel,2022-11-11,23.9,33.4,,1.1,24.8,211.5
III,Bulacan,San Miguel,2022-11-12,23.9,33.3,,5.1,25.1,220.5
III,Bulacan,San Miguel,2022-11-13,24.4,33.3,,0.0,23.8,195.6
III,Bulacan,San Miguel,2022-11-14,24.0,30.9,81.8,24.6,23.8,196.0
III,Bulacan,San Miguel,2022-11-15,23.4,32.4,83.3,57.6,24.6,161.3
III,Bulacan,San Miguel,2022-11-16,23.5,33.0,81.8,8.9,24.6,195.8
III,Bulacan,San Miguel,2022-11-17,24.4,34.3,76.2,0.0,24.6,204.5
III,Bulacan,San Miguel,2022-11-18,24.9,32.7,73.8,0.0,23.6,204.6
III,Bulacan,San Miguel,2022-11-19,25.6,32.2,73.9,0.0,23.7,207.3
III,Bulacan,San Miguel,2022-11-20,25.0,32.3,72.4,0.0,23.1,204.7
III,Bulacan,San Miguel,2022-11-21,24.2,33.6,75.1,0.0,23.9,205.8
III,Bulacan,San Miguel,2022-11-22,24.6,32.2,77.0,0.0,23.8,207.9
III,Bulacan,San Miguel,2022-11-23,24.3,32.4,76.9,0.0,23.7,222.0
III,Bulacan,San Miguel,2022-11-24,23.7,31.2,81.2,4.4,23.7,206.1
III,Bulacan,San Miguel,2022-11-25,24.7,31.3,79.2,0.0,23.8,217.7
III,Bulacan,San Miguel,2022-11-26,25.4,32.5,82.2,0.0,25.4,205.1
III,Bulacan,San Miguel,2022-11-27,24.9,32.5,82.2,0.0,25.1,210.4
III,Bulacan,San Miguel,2022-11-28,24.5,32.2,86.0,8.2,25.6,206.1
III,Bulacan,San Miguel,2022-11-29,24.3,33.1,77.8,0.0,24.3,225.1
III,Bulacan,San Miguel,2022-11-30,24.4,34.3,75.4,0.0,24.4,220.3
III,Bulacan,San Miguel,2022-12-01,23.7,33.4,81.8,12.8,24.9,201.1
III,Bulacan,San Miguel,2022-12-02,23.5,33.4,77.3,0.0,23.9,202.1
III,Bulacan,San Miguel,2022-12-03,22.1,35.6,76.4,0.0,24.1,214.5
III,Bulacan,San Miguel,2022-12-04,23.7,33.9,76.5,0.0,24.1,215.4
III,Bulacan,San Miguel,2022-12-05,23.5,33.5,77.9,0.0,24.1,226.1
III,Bulacan,San Miguel,2022-12-06,23.7,32.5,78.1,0.0,23.7,206.2
III,Bulacan,San Miguel,2022-12-07,22.8,32.5,75.8,0.0,22.8,218.9
III,Bulacan,San Miguel,2022-12-08,23.2,34.4,73.8,0.0,23.6,201.2
III,Bulacan,San Miguel,2022-12-09,22.7,32.3,78.8,0.0,23.3,224.7
III,Bulacan,San Miguel,2022-12-10,22.8,30.1,80.4,22.9,22.5,197.1
III,Bulacan,San Miguel,2022-12-11,23.4,32.5,74.5,0.0,22.8,219.1
III,Bulacan,San Miguel,2022-12-12,23.4,33.7,80.4,11.7,24.6,204.0
III,Bulacan,San Miguel,2022-12-13,23.6,35.4,76.5,0.0,24.8,202.6
III,Bulacan,San Miguel,2022-12-14,23.4,35.2,73.8,0.0,24.1,211.7
III,Bulacan,San Miguel,2022-12-15,23.5,33.7,74.7,0.0,23.5,238.9
III,Bulacan,San Miguel,2022-12-16,23.7,34.0,77.8,1.1,24.4,200.0
III,Bulacan,San Miguel,2022-12-17,22.4,34.3,83.6,2.5,25.1,208.4
III,Bulacan,San Miguel,2022-12-18,22.8,34.3,77.9,0.0,24.1,235.7
III,Bulacan,San Miguel,2022-12-19,22.5,32.6,78.7,6.3,23.3,197.7
III,Bulacan,San Miguel,2022-12-20,23.2,31.5,76.1,18.1,22.6,205.3
III,Bulacan,San Miguel,2022-12-21,23.6,32.1,72.8,0.0,22.4,215.0
III,Bulacan,San Miguel,2022-12-22,24.2,30.7,80.1,4.6,23.5,213.3
III,Bulacan,San Miguel,2022-12-23,23.1,28.7,76.2,0.0,21.1,221.0
III,Bulacan,San Miguel,2022-12-24,23.3,29.5,74.3,0.0,21.3,224.1
III,Bulacan,San Miguel,2022-12-25,23.2,28.9,78.0,10.9,21.6,204.5
III,Bulacan,San Miguel,2022-12-26,23.4,30.8,75.9,0.0,22.3,215.1
III,Bulacan,San Miguel,2022-12-27,23.6,30.1,78.7,1.5,22.6,229.6
III,Bulacan,San Miguel,2022-12-28,23.9,32.3,77.9,3.8,23.7,213.6
III,Bulacan,San Miguel,2022-12-29,22.7,32.7,75.1,0.0,22.7,214.2
III,Bulacan,San Miguel,2022-12-30,22.4,32.3,76.5,10.8,22.6,219.4
III,Bulacan,San Miguel,2022-12-31,22.4,32.5,77.7,1.9,23.0,200.9
III,Bulacan,San Miguel,2023-01-01,21.7,32.7,74.0,0.0,22.0,212.3
III,Bulacan,San Miguel,2023-01-02,22.7,33.3,70.9,0.0,22.2,214.0
III,Bulacan,San Miguel,2023-01-03,21.8,31.9,70.6,6.4,21.0,215.4
III,Bulacan,San Miguel,2023-01-04,23.1,31.0,69.8,0.0,21.0,216.2
III,Bulacan,San Miguel,2023-01-05,22.5,30.7,66.8,0.0,20.0,208.4
III,Bulacan,San Miguel,2023-01-06,21.7,31.0,68.4,0.0,20.0,215.7
III,Bulacan,San Miguel,2023-01-07,21.5,31.9,69.2,0.0,20.5,216.9
III,Bulacan,San Miguel,2023-01-08,21.8,31.2,72.4,18.7,21.0,201.8
III,Bulacan,San Miguel,2023-01-09,21.7,32.3,71.8,0.0,21.4,220.0
III,Bulacan,San Miguel,2023-01-10,23.0,31.9,71.4,0.0,21.7,198.1
III,Bulacan,San Miguel,2023-01-11,23.3,32.6,70.8,0.0,22.1,216.2
III,Bulacan,San Miguel,2023-01-12,23.3,31.6,71.3,0.0,21.7,209.3
III,Bulacan,San Miguel,2023-01-13,23.4,32.9,69.5,0.0,22.0,214.1
III,Bulacan,San Miguel,2023-01-14,22.3,32.5,68.5,0.0,21.1,223.1
III,Bulacan,San Miguel,2023-01-15,22.0,31.8,73.4,25.5,21.6,187.3
III,Bulacan,San Miguel,2023-01-16,23.2,32.8,73.5,0.0,22.7,224.4
III,Bulacan,San Miguel,2023-01-17,23.1,32.1,76.7,18.6,22.9,193.5
III,Bulacan,San Miguel,2023-01-18,23.6,34.8,75.9,0.0,24.4,222.3
III,Bulacan,San Miguel,2023-01-19,23.3,33.6,74.8,0.0,23.4,230.5
III,Bulacan,San Miguel,2023-01-20,22.9,32.2,72.8,0.0,22.1,216.4
III,Bulacan,San Miguel,2023-01-21,23.0,32.2,73.1,0.0,22.2,226.3
III,Bulacan,San Miguel,2023-01-22,24.3,32.4,77.0,9.2,23.8,211.8
III,Bulacan,San Miguel,2023-01-23,23.8,31.8,69.5,0.0,21.7,231.9
III,Bulacan,San Miguel,2023-01-24,24.3,30.8,70.7,10.8,21.7,205.0
III,Bulacan,San Miguel,2023-01-25,25.3,30.5,67.4,0.0,21.4,226.8
III,Bulacan,San Miguel,2023-01-26,23.9,29.8,71.5,0.0,21.2,212.6
III,Bulacan,San Miguel,2023-01-27,23.9,31.4,72.7,0.0,22.2,224.0
III,Bulacan,San Miguel,2023-01-28,23.9,30.4,72.4,0.0,21.6,227.0
III,Bulacan,San Miguel,2023-01-29,23.4,31.7,75.2,0.0,22.6,221.0
III,Bulacan,San Miguel,2023-01-30,23.4,33.1,76.1,0.0,23.5,228.2
III,Bulacan,San Miguel,2023-01-31,21.8,32.9,74.6,0.0,22.3,224.4
III,Bulacan,San Miguel,2023-02-01,22.6,33.1,74.4,0.0,22.7,222.8
III,Bulacan,San Miguel,2023-02-02,22.4,33.8,80.2,8.3,24.1,212.9
III,Bulacan,San Miguel,2023-02-03,22.8,33.8,72.6,0.0,22.8,214.9
III,Bulacan,San Miguel,2023-02-04,23.8,32.5,72.5,0.0,22.6,224.4
III,Bulacan,San Miguel,2023-02-05,23.3,32.8,75.0,0.0,23.0,222.6
III,Bulacan,San Miguel,2023-02-06,23.6,32.2,70.7,0.0,22.0,222.0
III,Bulacan,San Miguel,2023-02-07,23.5,31.9,68.1,0.0,21.3,226.3
III,Bulacan,San Miguel,2023-02-08,23.6,32.2,70.4,0.0,22.0,236.6
III,Bulacan,San Miguel,2023-02-09,,32.2,68.9,0.0,21.8,221.6
III,Bulacan,San Miguel,2023-02-10,,32.7,69.5,0.0,21.8,212.1
III,Bulacan,San Miguel,2023-02-11,,33.4,70.9,0.0,22.5,226.1
III,Bulacan,San Miguel,2023-02-12,,33.9,68.6,0.0,,212.2
III,Bulacan,San Miguel,2023-02-13,,33.6,68.5,0.0,,205.4
III,Bulacan,San Miguel,2023-02-14,23.2,32.0,72.2,3.6,22.0,217.3
III,Bulacan,San Miguel,2023-02-15,23.7,32.1,69.6,0.0,21.8,216.4
III,Bulacan,San Miguel,2023-02-16,23.7,32.0,71.2,0.0,22.1,224.5
III,Bulacan,San Miguel,2023-02-17,23.8,32.5,70.9,0.0,22.3,220.2
III,Bulacan,San Miguel,2023-02-18,24.6,32.8,72.5,0.0,23.2,225.3
III,Bulacan,San Miguel,2023-02-19,25.5,31.9,74.2,0.0,23.5,220.6
III,Bulacan,San Miguel,2023-02-20,25.6,32.6,69.5,0.0,23.0,228.6
III,Bulacan,San Miguel,2023-02-21,24.8,31.9,71.5,0.0,22.7,226.2
III,Bulacan,San Miguel,2023-02-22,24.6,31.6,69.0,0.0,21.9,211.6
III,Bulacan,San Miguel,2023-02-23,23.2,32.8,71.6,0.0,22.3,229.5
III,Bulacan,San Miguel,2023-02-24,23.3,31.5,70.4,0.0,21.5,205.6
III,Bulacan,San Miguel,2023-02-25,23.2,31.3,70.2,0.0,21.3,218.5
III,Bulacan,San Miguel,2023-02-26,23.3,31.7,66.8,0.0,20.9,236.4
III,Bulacan,San Miguel,2023-02-27,24.8,31.9,69.0,0.0,,220.2
III,Bulacan,San Miguel,2023-02-28,24.3,32.0,66.2,0.0,,233.3
III,Bulacan,San Miguel,2023-03-01,24.4,31.4,75.0,1.4,,216.0
III,Bulacan,San Miguel,2023-03-02,23.7,31.1,74.4,0.0,22.3,220.9
III,Bulacan,San Miguel,2023-03-03,23.3,31.4,72.1,0.0,21.8,217.5
III,Bulacan,San Miguel,2023-03-04,23.7,31.2,74.1,0.0,22.3,210.2
III,Bulacan,San Miguel,2023-03-05,24.3,31.9,72.8,0.0,22.7,224.3
III,Bulacan,San Miguel,2023-03-06,23.9,32.6,70.2,0.0,,226.4
III,Bulacan,San Miguel,2023-03-07,23.6,32.7,71.8,0.0,,227.0
III,Bulacan,San Miguel,2023-03-08,24.0,32.7,70.2,0.0,,213.2
III,Bulacan,San Miguel,2023-03-09,24.5,32.0,71.5,0.0,22.6,216.4
III,Bulacan,San Miguel,2023-03-10,24.3,31.7,70.8,0.0,,216.9
III,Bulacan,San Miguel,2023-03-11,23.0,29.9,72.1,1.9,,207.9
III,Bulacan,San Miguel,2023-03-12,23.0,31.0,68.9,0.0,20.8,206.7
III,Bulacan,San Miguel,2023-03-13,22.9,31.0,75.1,0.0,22.0,213.5
III,Bulacan,San Miguel,2023-03-14,23.8,30.3,73.8,0.0,21.8,223.1
III,Bulacan,San Miguel,2023-03-15,23.8,31.0,71.4,0.0,21.7,225.7
III,Bulacan,San Miguel,2023-03-16,24.1,30.9,73.9,0.0,22.3,210.7
III,Bulacan,San Miguel,2023-03-17,23.7,30.4,71.6,0.0,21.4,223.1
III,Bulacan,San Miguel,2023-03-18,23.6,30.3,74.4,0.0,21.8,217.6
III,Bulacan,San Miguel,2023-03-19,23.4,31.0,69.6,0.0,21.1,
III,Bulacan,San Miguel,2023-03-20,23.0,31.5,72.2,0.0,21.7,
III,Bulacan,San Miguel,2023-03-21,23.2,32.1,72.9,0.0,22.2,
III,Bulacan,San Miguel,2023-03-22,22.4,31.1,76.9,10.9,22.1,
III,Bulacan,San Miguel,2023-03-23,22.3,30.2,78.5,17.2,22.0,
III,Bulacan,San Miguel,2023-03-24,23.2,31.6,77.2,0.0,22.8,225.3
III,Bulacan,San Miguel,2023-03-25,22.8,31.2,72.5,0.0,21.5,225.2
III,Bulacan,San Miguel,2023-03-26,23.3,31.5,72.0,0.0,21.8,224.3
III,Bulacan,San Miguel,2023-03-27,24.1,32.2,70.7,,22.3,228.8
III,Bulacan,San Miguel,2023-03-28,24.2,32.0,69.6,,22.0,209.9
III,Bulacan,San Miguel,2023-03-29,24.4,31.2,69.8,,21.8,211.1
III,Bulacan,San Miguel,2023-03-30,24.7,31.4,70.4,,22.1,216.6
III,Bulacan,San Miguel,2023-03-31,23.6,31.3,70.3,,21.5,243.0
III,Bulacan,San Miguel,2023-04-01,23.3,31.3,74.2,0.0,22.1,228.3
III,Bulacan,San Miguel,2023-04-02,22.5,31.2,73.1,0.0,21.5,225.5
III,Bulacan,San Miguel,2023-04-03,21.8,30.4,73.3,,20.8,223.1
III,Bulacan,San Miguel,2023-04-04,21.5,30.9,69.1,,20.0,216.0
III,Bulacan,San Miguel,2023-04-05,22.7,31.4,69.6,,21.0,236.3
III,Bulacan,San Miguel,2023-04-06,23.1,32.6,67.3,0.0,21.3,226.9
III,Bulacan,San Miguel,2023-04-07,22.7,30.5,75.4,14.6,21.7,217.5
III,Bulacan,San Miguel,2023-04-08,23.5,31.2,66.5,0.0,20.7,220.2
III,Bulacan,San Miguel,2023-04-09,23.0,32.0,64.4,0.0,20.4,216.9
III,Bulacan,San Miguel,2023-04-10,23.7,32.0,64.2,0.0,20.7,211.3
III,Bulacan,San Miguel,2023-04-11,23.0,32.1,63.0,0.0,20.2,229.0
III,Bulacan,San Miguel,2023-04-12,23.3,33.2,62.5,0.0,20.8,218.3
III,Bulacan,San Miguel,2023-04-13,23.8,33.1,69.0,0.0,22.3,219.0
III,Bulacan,San Miguel,2023-04-14,23.8,34.1,65.4,0.0,22.0,225.2
III,Bulacan,San Miguel,2023-04-15,23.7,32.7,64.2,0.0,21.0,210.7
III,Bulacan,San Miguel,2023-04-16,23.2,33.5,75.2,4.0,23.4,224.8
III,Bulacan,San Miguel,2023-04-17,23.0,31.3,74.9,10.4,22.1,217.2
III,Bulacan,San Miguel,2023-04-18,22.8,31.9,73.2,7.8,,201.0
III,Bulacan,San Miguel,2023-04-19,23.3,30.8,70.0,0.0,,206.6
III,Bulacan,San Miguel,2023-04-20,24.0,30.6,70.4,0.0,,208.5
III,Bulacan,San Miguel,2023-04-21,23.6,29.5,68.9,0.0,20.3,221.7
III,Bulacan,San Miguel,2023-04-22,22.7,29.0,75.5,12.6,21.0,198.9
III,Bulacan,San Miguel,2023-04-23,23.8,30.0,71.9,0.0,21.3,196.9
III,Bulacan,San Miguel,2023-04-24,24.8,30.6,74.9,0.0,22.7,223.9
III,Bulacan,San Miguel,2023-04-25,23.7,29.5,77.0,0.0,22.0,211.9
III,Bulacan,San Miguel,2023-04-26,24.0,30.4,79.1,0.0,23.0,230.9
III,Bulacan,San Miguel,2023-04-27,23.3,32.0,74.4,0.0,22.5,225.5
III,Bulacan,San Miguel,2023-04-28,23.3,31.1,71.6,0.0,21.5,213.2
III,Bulacan,San Miguel,2023-04-29,23.9,32.5,73.5,0.0,22.9,208.5
III,Bulacan,San Miguel,2023-04-30,23.3,32.6,75.4,0.0,23.0,222.0
III,Bulacan,San Miguel,2023-05-01,24.0,32.0,77.5,0.0,23.5,221.7
III,Bulacan,San Miguel,2023-05-02,24.5,31.0,78.0,0.0,23.4,209.9
III,Bulacan,San Miguel,2023-05-03,24.3,30.5,75.4,0.0,22.5,214.2
III,Bulacan,San Miguel,2023-05-04,23.8,30.7,73.3,0.0,21.9,213.0
III,Bulacan,San Miguel,2023-05-05,24.2,32.3,73.2,0.0,22.9,222.1
III,Bulacan,San Miguel,2023-05-06,23.3,32.8,76.3,0.0,23.3,216.9
III,Bulacan,San Miguel,2023-05-07,22.6,33.2,76.0,0.0,23.1,226.6
III,Bulacan,San Miguel,2023-05-08,22.1,33.4,75.1,0.0,22.8,206.6
III,Bulacan,San Miguel,2023-05-09,22.6,33.1,75.1,0.0,22.9,210.6
III,Bulacan,San Miguel,2023-05-10,22.3,34.1,71.6,0.0,22.5,213.8
III,Bulacan,San Miguel,2023-05-11,23.0,35.0,73.4,0.0,23.7,208.1
III,Bulacan,San Miguel,2023-05-12,22.7,33.5,72.9,0.0,22.7,213.3
III,Bulacan,San Miguel,2023-05-13,21.4,32.9,73.4,0.0,21.8,220.5
III,Bulacan,San Miguel,2023-05-14,22.5,32.9,79.5,3.3,23.6,203.8
III,Bulacan,San Miguel,2023-05-15,23.0,33.1,74.4,0.0,22.9,213.8
III,Bulacan,San Miguel,2023-05-16,22.7,32.4,72.2,0.0,22.0,224.0
III,Bulacan,San Miguel,2023-05-17,24.2,32.8,73.2,0.0,23.1,217.2
III,Bulacan,San Miguel,2023-05-18,24.2,33.9,75.8,0.0,24.2,218.4
III,Bulacan,San Miguel,2023-05-19,23.7,34.1,77.2,0.0,24.3,205.6
III,Bulacan,San Miguel,2023-05-20,23.5,,81.0,27.8,25.0,180.9
III,Bulacan,San Miguel,2023-05-21,23.8,,77.1,0.0,25.3,218.9
III,Bulacan,San Miguel,2023-05-22,24.0,,76.0,0.0,24.4,207.9
III,Bulacan,San Miguel,2023-05-23,24.5,,75.0,0.0,23.4,204.7
III,Bulacan,San Miguel,2023-05-24,24.7,,72.5,0.0,22.7,212.5
III,Bulacan,San Miguel,2023-05-25,24.8,32.8,73.7,0.0,23.5,216.9
III,Bulacan,San Miguel,2023-05-26,24.0,33.9,75.6,0.0,24.1,194.1
III,Bulacan,San Miguel,2023-05-27,23.3,34.9,82.0,4.4,25.5,213.6
III,Bulacan,San Miguel,2023-05-28,23.2,33.0,78.7,0.0,23.8,224.8
III,Bulacan,San Miguel,2023-05-29,23.4,31.8,80.1,10.0,23.6,190.0
III,Bulacan,San Miguel,2023-05-30,23.4,31.6,74.6,0.0,22.4,209.5
III,Bulacan,San Miguel,2023-05-31,23.9,31.1,76.0,0.0,22.7,202.2
III,Bulacan,San Miguel,2023-06-01,23.7,29.7,76.2,0.0,21.9,216.7
III,Bulacan,San Miguel,2023-06-02,24.6,31.8,83.2,4.3,24.8,203.3
III,Bulacan,San Miguel,2023-06-03,24.2,32.7,73.8,0.0,23.2,206.3
III,Bulacan,San Miguel,2023-06-04,24.6,32.8,75.6,0.8,23.8,204.0
III,Bulacan,San Miguel,2023-06-05,23.6,32.0,79.7,17.4,23.7,197.7
III,Bulacan,San Miguel,2023-06-06,22.7,32.9,72.5,0.0,22.3,192.9
III,Bulacan,San Miguel,2023-06-07,23.9,32.6,76.0,0.0,23.4,212.8
III,Bulacan,San Miguel,2023-06-08,23.0,32.6,77.0,0.0,23.2,206.9
III,Bulacan,San Miguel,2023-06-09,23.1,29.8,80.1,5.9,22.5,202.7
III,Bulacan,San Miguel,2023-06-10,22.5,31.7,78.1,11.2,,202.6
III,Bulacan,San Miguel,2023-06-11,22.7,32.6,69.6,0.0,,212.1
III,Bulacan,San Miguel,2023-06-12,22.3,32.7,75.9,0.0,22.7,
III,Bulacan,San Miguel,2023-06-13,,33.3,82.3,8.7,24.2,
III,Bulacan,San Miguel,2023-06-14,,33.5,75.1,0.0,22.8,194.7
III,Bulacan,San Miguel,2023-06-15,22.4,34.3,75.0,0.0,23.3,225.2
III,Bulacan,San Miguel,2023-06-16,22.2,33.7,73.2,0.0,22.6,201.3
III,Bulacan,San Miguel,2023-06-17,21.6,33.4,77.2,13.2,22.9,192.2
III,Bulacan,San Miguel,2023-06-18,22.5,33.5,76.3,0.0,23.3,218.3
III,Bulacan,San Miguel,2023-06-19,23.0,32.6,76.5,0.0,23.1,202.8
III,Bulacan,San Miguel,2023-06-20,22.7,30.2,80.5,0.0,22.6,205.1
III,Bulacan,San Miguel,2023-06-21,22.1,28.6,85.4,49.2,22.4,145.8
III,Bulacan,San Miguel,2023-06-22,23.7,29.2,85.0,9.0,23.4,184.8
III,Bulacan,San Miguel,2023-06-23,23.9,30.5,83.9,0.0,24.0,207.1
III,Bulacan,San Miguel,2023-06-24,23.9,32.5,85.7,10.1,25.3,191.9
III,Bulacan,San Miguel,2023-06-25,22.5,33.2,82.8,0.0,24.4,199.7
III,Bulacan,San Miguel,2023-06-26,23.8,33.6,84.2,0.0,25.5,213.2
III,Bulacan,San Miguel,2023-06-27,23.0,33.9,87.4,4.6,25.9,
III,Bulacan,San Miguel,2023-06-28,24.2,32.6,86.9,20.2,25.8,
III,Bulacan,San Miguel,2023-06-29,25.2,32.4,80.0,0.0,24.8,
III,Bulacan,San Miguel,2023-06-30,25.2,31.1,85.1,17.8,25.2,192.6
III,Bulacan,San Miguel,2023-07-01,24.6,32.1,83.8,3.5,25.1,204.7
III,Bulacan,San Miguel,2023-07-02,23.3,32.8,84.0,5.8,24.8,209.2
III,Bulacan,San Miguel,2023-07-03,23.6,33.5,79.6,0.0,24.5,190.1
III,Bulacan,San Miguel,2023-07-04,23.7,33.7,76.8,0.9,24.1,208.3
III,Bulacan,San Miguel,2023-07-05,22.9,35.0,81.4,19.8,25.2,170.4
III,Bulacan,San Miguel,2023-07-06,23.1,35.1,85.6,3.8,26.2,202.4
III,Bulacan,San Miguel,2023-07-07,24.0,36.1,82.4,0.0,26.5,199.7
III,Bulacan,San Miguel,2023-07-08,24.1,34.9,82.7,0.0,26.0,202.1
III,Bulacan,San Miguel,2023-07-09,23.9,34.2,81.1,0.0,25.3,199.8
III,Bulacan,San Miguel,2023-07-10,24.2,34.2,87.0,3.3,26.6,197.7
III,Bulacan,San Miguel,2023-07-11,23.2,33.5,79.5,0.0,24.2,203.8
III,Bulacan,San Miguel,2023-07-12,23.4,32.2,85.2,19.0,24.8,188.1
III,Bulacan,San Miguel,2023-07-13,24.6,33.1,88.6,11.4,26.6,193.9
III,Bulacan,San Miguel,2023-07-14,24.7,35.5,82.3,0.0,26.6,213.3
III,Bulacan,San Miguel,2023-07-15,23.7,34.7,82.2,0.0,25.6,201.5
III,Bulacan,San Miguel,2023-07-16,22.6,34.9,85.2,43.3,25.8,179.3
III,Bulacan,San Miguel,2023-07-17,23.9,36.0,85.3,10.5,27.0,197.1
III,Bulacan,San Miguel,2023-07-18,23.7,35.6,85.0,26.5,26.6,178.7
III,Bulacan,San Miguel,2023-07-19,23.5,35.8,84.2,5.7,26.5,194.4
III,Bulacan,San Miguel,2023-07-20,23.3,36.2,78.7,0.0,25.5,208.4
III,Bulacan,San Miguel,2023-07-21,23.3,35.6,82.0,14.5,25.8,188.1
III,Bulacan,San Miguel,2023-07-22,22.7,34.4,87.0,8.8,25.9,192.7
III,Bulacan,San Miguel,2023-07-23,23.0,33.0,78.3,0.0,23.7,198.8
III,Bulacan,San Miguel,2023-07-24,22.0,31.9,82.5,17.4,23.4,178.9
III,Bulacan,San Miguel,2023-07-25,22.7,32.3,84.7,8.2,24.4,185.3
III,Bulacan,San Miguel,2023-07-26,22.9,31.8,81.1,0.0,23.6,192.4
III,Bulacan,San Miguel,2023-07-27,24.3,32.8,79.3,0.0,24.4,193.6
III,Bulacan,San Miguel,2023-07-28,23.3,33.0,77.5,0.0,23.6,189.2
III,Bulacan,San Miguel,2023-07-29,23.4,34.3,82.0,11.2,,
III,Bulacan,San Miguel,2023-07-30,23.0,32.5,83.4,20.5,,
III,Bulacan,San Miguel,2023-07-31,24.0,34.0,80.5,7.2,,
III,Bulacan,San Miguel,2023-08-01,23.6,34.5,81.3,3.9,,
III,Bulacan,San Miguel,2023-08-02,23.4,32.5,83.4,18.8,,186.4
III,Bulacan,San Miguel,2023-08-03,24.0,32.5,76.3,0.0,23.5,189.8
III,Bulacan,San Miguel,2023-08-04,23.6,31.0,82.8,81.4,23.9,157.8
III,Bulacan,San Miguel,2023-08-05,23.7,31.7,83.9,25.0,24.5,180.4
III,Bulacan,San Miguel,2023-08-06,24.5,31.3,82.7,,24.4,185.4
III,Bulacan,San Miguel,2023-08-07,23.9,33.5,83.3,,25.4,186.7
III,Bulacan,San Miguel,2023-08-08,25.2,35.9,80.6,,26.7,197.3
III,Bulacan,San Miguel,2023-08-09,25.0,35.7,84.5,,27.2,193.8
III,Bulacan,San Miguel,2023-08-10,24.7,35.0,81.4,,26.1,193.1
III,Bulacan,San Miguel,2023-08-11,24.3,34.7,84.4,7.9,26.4,188.0
III,Bulacan,San Miguel,2023-08-12,24.2,35.2,84.9,0.0,26.7,193.8
III,Bulacan,San Miguel,2023-08-13,23.3,34.4,82.5,0.0,25.4,196.0
III,Bulacan,San Miguel,2023-08-14,22.6,32.4,88.1,7.5,25.1,195.2
III,Bulacan,San Miguel,2023-08-15,23.7,32.5,85.7,0.0,25.2,193.7
III,Bulacan,San Miguel,2023-08-16,23.5,31.9,85.9,0.0,24.9,206.3
III,Bulacan,San Miguel,2023-08-17,23.3,31.8,83.0,0.0,24.2,196.0
III,Bulacan,San Miguel,2023-08-18,23.6,32.4,80.9,0.0,24.2,200.4
III,Bulacan,San Miguel,2023-08-19,22.7,30.6,84.9,22.3,23.6,178.7
III,Bulacan,San Miguel,2023-08-20,23.7,29.1,86.9,5.3,23.8,185.5
III,Bulacan,San Miguel,2023-08-21,23.7,30.6,102.3,0.0,23.6,191.6
III,Bulacan,San Miguel,2023-08-22,22.8,28.6,85.4,0.0,22.8,208.3
III,Bulacan,San Miguel,2023-08-23,23.8,30.5,87.6,2.0,24.7,193.3
III,Bulacan,San Miguel,2023-08-24,23.5,28.4,86.0,52.7,23.2,138.9
III,Bulacan,San Miguel,2023-08-25,23.8,30.1,86.9,21.0,24.3,
III,Bulacan,San Miguel,2023-08-26,23.1,31.7,86.4,4.2,24.7,
III,Bulacan,San Miguel,2023-08-27,23.5,31.8,81.2,0.0,23.9,
III,Bulacan,San Miguel,2023-08-28,23.5,32.2,76.6,0.0,23.2,188.8
III,Bulacan,San Miguel,2023-08-29,24.2,32.8,74.8,0.0,23.5,211.1
III,Bulacan,San Miguel,2023-08-30,24.2,32.7,76.1,0.0,23.7,194.1
III,Bulacan,San Miguel,2023-08-31,24.8,32.5,78.4,0.0,24.3,189.7
III,Bulacan,San Miguel,2023-09-01,24.1,30.9,85.5,21.1,24.6,173.1
III,Bulacan,San Miguel,2023-09-02,24.6,32.7,88.2,7.0,26.3,202.6
III,Bulacan,San Miguel,2023-09-03,24.3,33.4,84.1,0.0,25.7,202.7
III,Bulacan,San Miguel,2023-09-04,23.9,31.9,83.9,0.0,24.7,209.3
III,Bulacan,San Miguel,2023-09-05,23.4,33.0,81.4,0.0,24.5,189.0
III,Bulacan,San Miguel,2023-09-06,24.1,33.0,84.5,3.7,25.4,203.1
III,Bulacan,San Miguel,2023-09-07,23.8,31.1,85.2,13.0,24.5,199.7
III,Bulacan,San Miguel,2023-09-08,24.5,31.9,82.6,12.6,24.7,190.6
III,Bulacan,San Miguel,2023-09-09,24.3,32.9,84.8,8.2,25.6,205.7
III,Bulacan,San Miguel,2023-09-10,23.8,30.3,83.0,46.9,23.7,169.0
III,Bulacan,San Miguel,2023-09-11,23.2,32.2,86.1,23.3,24.9,163.1
III,Bulacan,San Miguel,2023-09-12,23.1,33.6,80.8,0.0,24.5,205.1
III,Bulacan,San Miguel,2023-09-13,22.5,31.0,87.3,4.6,24.2,200.6
III,Bulacan,San Miguel,2023-09-14,21.5,30.5,82.9,28.1,22.6,184.0
III,Bulacan,San Miguel,2023-09-15,22.6,33.6,83.1,4.8,24.7,191.7
III,Bulacan,San Miguel,2023-09-16,23.1,34.2,82.1,4.4,25.1,189.0
III,Bulacan,San Miguel,2023-09-17,22.4,34.8,79.8,10.4,24.6,193.7
III,Bulacan,San Miguel,2023-09-18,23.1,35.7,79.7,1.9,25.3,194.8
III,Bulacan,San Miguel,2023-09-19,23.8,34.9,76.8,0.0,24.7,204.2
III,Bulacan,San Miguel,2023-09-20,24.9,35.8,81.7,2.0,26.7,190.6
III,Bulacan,San Miguel,2023-09-21,23.8,35.1,77.8,0.0,25.0,196.6
III,Bulacan,San Miguel,2023-09-22,24.7,33.0,76.5,0.0,24.2,185.0
III,Bulacan,San Miguel,2023-09-23,25.0,31.6,82.7,5.3,24.8,207.3
III,Bulacan,San Miguel,2023-09-24,24.1,32.4,78.6,0.0,24.0,201.3
III,Bulacan,San Miguel,2023-09-25,25.5,33.0,79.1,0.0,25.1,213.5
III,Bulacan,San Miguel,2023-09-26,25.2,33.1,83.0,0.0,25.8,212.7
III,Bulacan,San Miguel,2023-09-27,26.6,33.5,86.4,16.2,27.3,164.5
III,Bulacan,San Miguel,2023-09-28,25.9,34.2,84.1,,26.9,193.5
III,Bulacan,San Miguel,2023-09-29,24.4,33.3,81.5,,25.2,198.5
III,Bulacan,San Miguel,2023-09-30,25.3,32.8,76.0,,24.2,189.5
III,Bulacan,San Miguel,2023-10-01,24.4,32.4,77.4,,23.9,192.2
III,Bulacan,San Miguel,2023-10-02,24.0,33.1,82.8,7.1,25.1,186.2
III,Bulacan,San Miguel,2023-10-03,24.0,32.8,80.7,8.9,24.5,198.0
III,Bulacan,San Miguel,2023-10-04,23.6,32.7,78.5,10.6,23.8,173.6
III,Bulacan,San Miguel,2023-10-05,23.6,31.3,78.7,36.5,23.2,156.3
III,Bulacan,San Miguel,2023-10-06,24.2,32.9,78.4,5.1,24.2,208.5
III,Bulacan,San Miguel,2023-10-07,23.6,34.3,80.3,13.7,25.0,180.2
III,Bulacan,San Miguel,2023-10-08,23.1,33.3,82.7,11.9,24.7,182.6
III,Bulacan,San Miguel,2023-10-09,23.1,34.2,78.5,0.0,24.4,202.0
III,Bulacan,San Miguel,2023-10-10,23.5,35.6,82.7,0.0,26.1,201.7
III,Bulacan,San Miguel,2023-10-11,24.0,34.9,83.9,0.0,26.2,224.8
III,Bulacan,San Miguel,2023-10-12,23.4,34.1,84.4,0.8,25.6,201.8
III,Bulacan,San Miguel,2023-10-13,22.5,,83.1,9.8,24.0,187.4
III,Bulacan,San Miguel,2023-10-14,23.0,,,12.0,24.3,198.2
III,Bulacan,San Miguel,2023-10-15,23.9,33.6,,0.0,24.2,206.2
III,Bulacan,San Miguel,2023-10-16,22.8,33.6,,0.0,23.5,193.0
III,Bulacan,San Miguel,2023-10-17,23.0,33.4,,10.4,23.9,193.1
III,Bulacan,San Miguel,2023-10-18,22.9,33.2,77.3,0.0,23.5,214.6
III,Bulacan,San Miguel,2023-10-19,23.4,32.2,76.4,0.0,23.1,196.4
III,Bulacan,San Miguel,2023-10-20,23.7,31.6,79.9,16.8,23.6,185.0
III,Bulacan,San Miguel,2023-10-21,23.9,32.8,83.3,6.9,25.0,193.3
III,Bulacan,San Miguel,2023-10-22,24.4,33.7,84.9,13.9,26.0,192.1
III,Bulacan,San Miguel,2023-10-23,24.0,34.8,77.4,0.0,24.9,205.8
III,Bulacan,San Miguel,2023-10-24,24.8,33.1,80.3,24.2,25.0,173.9
III,Bulacan,San Miguel,2023-10-25,24.8,34.2,80.2,6.0,25.5,189.7
III,Bulacan,San Miguel,2023-10-26,,32.9,76.6,9.0,24.5,213.0
III,Bulacan,San Miguel,2023-10-27,,33.5,75.5,0.0,24.1,209.9
III,Bulacan,San Miguel,2023-10-28,,34.1,74.1,0.0,23.9,197.2
III,Bulacan,San Miguel,2023-10-29,24.8,33.8,73.7,0.0,24.0,209.7
III,Bulacan,San Miguel,2023-10-30,23.3,30.6,76.2,51.9,22.2,164.9
III,Bulacan,San Miguel,2023-10-31,22.9,33.3,76.5,2.9,23.4,202.4
III,Bulacan,San Miguel,2023-11-01,22.8,33.9,74.3,0.0,23.2,209.5
III,Bulacan,San Miguel,2023-11-02,23.3,34.6,78.7,6.3,24.7,207.4
III,Bulacan,San Miguel,2023-11-03,23.6,33.1,84.6,2.4,25.3,201.2
III,Bulacan,San Miguel,2023-11-04,24.0,32.8,79.2,0.0,24.2,208.9
III,Bulacan,San Miguel,2023-11-05,22.5,31.6,84.5,10.9,24.0,193.2
III,Bulacan,San Miguel,2023-11-06,22.3,32.0,84.2,0.0,24.0,202.1
III,Bulacan,San Miguel,2023-11-07,21.4,32.5,87.4,9.5,24.4,189.1
III,Bulacan,San Miguel,2023-11-08,22.4,33.0,79.0,0.0,23.5,212.2
III,Bulacan,San Miguel,2023-11-09,22.5,32.5,82.9,0.0,24.1,211.0
III,Bulacan,San Miguel,2023-11-10,23.3,32.8,85.7,4.8,25.2,192.4
III,Bulacan,San Miguel,2023-11-11,23.9,32.7,80.3,5.4,24.4,203.1
III,Bulacan,San Miguel,2023-11-12,23.6,31.2,78.7,0.0,23.1,218.4
III,Bulacan,San Miguel,2023-11-13,22.7,30.4,76.4,0.0,21.8,204.3
III,Bulacan,San Miguel,2023-11-14,23.1,32.2,75.6,0.0,22.8,208.1
III,Bulacan,San Miguel,2023-11-15,23.7,31.6,72.7,0.0,22.2,220.3
III,Bulacan,San Miguel,2023-11-16,24.4,31.6,75.0,0.0,23.0,194.9
III,Bulacan,San Miguel,2023-11-17,23.8,31.5,76.2,0.0,22.9,220.8
III,Bulacan,San Miguel,2023-11-18,22.9,30.0,79.9,73.2,22.4,154.0
III,Bulacan,San Miguel,2023-11-19,24.1,30.6,74.2,0.0,22.2,206.6
III,Bulacan,San Miguel,2023-11-20,23.6,30.4,73.3,0.0,21.7,204.6
III,Bulacan,San Miguel,2023-11-21,23.1,30.0,79.1,12.5,22.4,191.0
III,Bulacan,San Miguel,2023-11-22,23.3,31.8,74.7,0.0,22.5,202.5
III,Bulacan,San Miguel,2023-11-23,22.8,32.8,71.8,0.0,22.2,210.1
III,Bulacan,San Miguel,2023-11-24,23.5,32.1,75.0,0.0,22.8,222.3
III,Bulacan,San Miguel,2023-11-25,23.9,31.7,76.3,0.0,23.1,200.8
III,Bulacan,San Miguel,2023-11-26,24.2,31.5,76.1,0.0,23.1,205.0
III,Bulacan,San Miguel,2023-11-27,25.1,32.0,77.4,3.5,24.0,211.2
III,Bulacan,San Miguel,2023-11-28,25.4,34.0,80.6,12.9,25.8,195.3
III,Bulacan,San Miguel,2023-11-29,25.9,35.3,74.4,0.0,25.5,210.8
III,Bulacan,San Miguel,2023-11-30,25.1,34.1,74.1,0.0,24.4,211.3
III,Bulacan,San Miguel,2023-12-01,24.8,33.1,73.1,0.0,23.6,211.6
III,Bulacan,San Miguel,2023-12-02,24.8,32.4,78.5,7.2,24.3,216.6
III,Bulacan,San Miguel,2023-12-03,23.8,31.7,77.8,0.0,23.3,206.9
III,Bulacan,San Miguel,2023-12-04,24.3,32.9,75.1,0.0,23.6,218.2
III,Bulacan,San Miguel,2023-12-05,24.4,33.2,79.2,24.1,24.6,196.0
III,Bulacan,San Miguel,2023-12-06,24.9,33.1,75.0,0.0,24.0,216.2
III,Bulacan,San Miguel,2023-12-07,24.0,34.1,77.0,0.0,24.5,212.7
III,Bulacan,San Miguel,2023-12-08,22.7,34.8,75.8,0.0,23.9,217.1
III,Bulacan,San Miguel,2023-12-09,23.5,34.3,77.8,,24.5,208.4
III,Bulacan,San Miguel,2023-12-10,22.9,33.1,,,23.6,215.4
III,Bulacan,San Miguel,2023-12-11,23.2,32.5,,,22.9,213.7
III,Bulacan,San Miguel,2023-12-12,22.7,33.9,,0.0,24.0,214.9
III,Bulacan,San Miguel,2023-12-13,23.4,32.6,,3.5,24.3,207.8
III,Bulacan,San Miguel,2023-12-14,24.2,34.8,,0.0,25.1,201.2
III,Bulacan,San Miguel,2023-12-15,24.2,34.0,,10.2,25.3,207.4
III,Bulacan,San Miguel,2023-12-16,24.3,32.5,,0.0,22.7,200.5
III,Bulacan,San Miguel,2023-12-17,23.9,32.1,70.0,0.0,22.0,209.7
III,Bulacan,San Miguel,2023-12-18,24.2,32.8,72.9,3.4,23.1,226.9
III,Bulacan,San Miguel,2023-12-19,23.1,33.1,75.1,17.9,23.1,201.8
III,Bulacan,San Miguel,2023-12-20,23.3,32.8,79.4,3.6,23.9,206.1
III,Bulacan,San Miguel,2023-12-21,23.0,32.9,76.2,0.0,23.2,208.4
III,Bulacan,San Miguel,2023-12-22,22.3,32.0,78.5,0.0,22.8,227.2
III,Bulacan,San Miguel,2023-12-23,22.2,30.3,82.9,18.4,22.8,206.6
III,Bulacan,San Miguel,2023-12-24,22.9,30.2,83.8,5.8,23.3,208.3
III,Bulacan,San Miguel,2023-12-25,23.3,30.9,80.2,9.4,23.1,203.4
III,Bulacan,San Miguel,2023-12-26,24.0,31.6,77.0,0.0,23.2,222.3
III,Bulacan,San Miguel,2023-12-27,22.9,30.3,82.0,8.9,23.0,208.5
III,Bulacan,San Miguel,2023-12-28,22.4,31.1,78.1,0.0,22.4,216.5
III,Bulacan,San Miguel,2023-12-29,22.9,31.4,75.3,0.0,22.2,212.5
III,Bulacan,San Miguel,2023-12-30,22.0,30.9,72.6,0.0,21.0,226.1
III,Bulacan,San Miguel,2023-12-31,23.5,30.3,77.4,0.0,22.4,230.2
III,Bulacan,San Miguel,2024-01-01,22.9,29.8,78.1,0.0,22.0,201.1
III,Bulacan,San Miguel,2024-01-02,23.4,31.8,82.5,1.2,24.1,228.7
III,Bulacan,San Miguel,2024-01-03,25.1,33.7,,,25.6,213.1
III,Bulacan,San Miguel,2024-01-04,25.2,34.5,,,25.9,224.9
III,Bulacan,San Miguel,2024-01-05,24.6,34.9,77.2,,25.2,214.0
III,Bulacan,San Miguel,2024-01-06,24.9,34.9,74.5,0.0,24.8,233.2
III,Bulacan,San Miguel,2024-01-07,24.3,34.8,72.7,0.0,24.1,223.5
III,Bulacan,San Miguel,2024-01-08,23.8,34.7,77.9,0.0,24.8,209.5
III,Bulacan,San Miguel,2024-01-09,24.1,32.4,73.1,0.0,22.9,224.7
III,Bulacan,San Miguel,2024-01-10,23.4,32.1,72.5,0.0,22.2,233.0
III,Bulacan,San Miguel,2024-01-11,24.0,31.0,72.7,0.0,22.0,217.8
III,Bulacan,San Miguel,2024-01-12,23.8,31.9,70.7,0.0,22.0,208.4
III,Bulacan,San Miguel,2024-01-13,23.9,31.8,67.8,0.0,21.4,224.6
III,Bulacan,San Miguel,2024-01-14,23.2,31.2,68.5,0.0,20.9,223.6
III,Bulacan,San Miguel,2024-01-15,23.2,30.5,70.8,32.5,21.0,195.9
III,Bulacan,San Miguel,2024-01-16,23.5,31.4,67.7,0.0,21.0,234.6
III,Bulacan,San Miguel,2024-01-17,24.1,32.0,70.8,0.0,22.2,219.3
III,Bulacan,San Miguel,2024-01-18,23.2,32.6,70.1,0.0,21.9,213.4
III,Bulacan,San Miguel,2024-01-19,23.0,31.6,71.8,0.0,21.7,209.0
III,Bulacan,San Miguel,2024-01-20,22.1,32.4,71.9,0.0,21.6,214.7
III,Bulacan,San Miguel,2024-01-21,22.4,34.4,70.4,0.0,22.5,219.8
III,Bulacan,San Miguel,2024-01-22,22.5,33.1,72.8,0.0,22.4,215.3
III,Bulacan,San Miguel,2024-01-23,22.5,33.8,74.4,5.7,23.0,221.8
III,Bulacan,San Miguel,2024-01-24,22.0,32.6,76.9,1.5,22.7,215.5
III,Bulacan,San Miguel,2024-01-25,22.8,31.4,72.5,0.0,21.6,214.1
III,Bulacan,San Miguel,2024-01-26,23.7,30.9,72.0,0.0,21.7,231.7
III,Bulacan,San Miguel,2024-01-27,24.2,30.4,73.1,0.0,21.9,244.6
III,Bulacan,San Miguel,2024-01-28,23.6,31.0,75.4,0.0,22.4,209.5
III,Bulacan,San Miguel,2024-01-29,22.5,31.3,73.8,0.0,21.7,227.3
III,Bulacan,San Miguel,2024-01-30,23.3,32.0,74.7,0.0,22.6,221.4
III,Bulacan,San Miguel,2024-01-31,23.2,32.6,73.5,0.0,22.6,220.8
III,Bulacan,San Miguel,2024-02-01,23.9,32.9,73.5,0.0,23.1,233.7
III,Bulacan,San Miguel,2024-02-02,23.5,31.9,72.1,0.0,22.1,218.2
III,Bulacan,San Miguel,2024-02-03,23.0,32.0,78.3,12.4,23.2,217.1
III,Bulacan,San Miguel,2024-02-04,22.9,32.9,74.0,0.0,22.7,226.9
III,Bulacan,San Miguel,2024-02-05,23.2,33.8,77.6,0.0,24.0,206.5
III,Bulacan,San Miguel,2024-02-06,21.9,33.2,79.2,0.0,23.4,236.0
III,Bulacan,San Miguel,2024-02-07,22.1,32.7,76.7,0.0,22.7,204.7
III,Bulacan,San Miguel,2024-02-08,23.9,31.7,78.0,0.0,23.4,222.6
III,Bulacan,San Miguel,2024-02-09,22.9,32.0,77.5,0.0,23.0,226.8
III,Bulacan,San Miguel,2024-02-10,22.2,31.6,74.4,0.0,21.8,225.4
III,Bulacan,San Miguel,2024-02-11,21.7,32.3,74.4,0.0,21.9,218.5
III,Bulacan,San Miguel,2024-02-12,22.9,31.8,77.6,0.0,22.9,224.3
III,Bulacan,San Miguel,2024-02-13,22.5,31.6,76.7,0.0,22.4,219.6
III,Bulacan,San Miguel,2024-02-14,22.1,31.9,74.7,0.0,21.9,217.7
III,Bulacan,San Miguel,2024-02-15,22.6,32.7,74.7,0.0,22.6,216.0
III,Bulacan,San Miguel,2024-02-16,22.2,32.3,74.8,0.0,22.2,230.2
III,Bulacan,San Miguel,2024-02-17,22.4,32.6,73.7,0.0,22.2,224.0
III,Bulacan,San Miguel,2024-02-18,22.6,31.7,71.9,0.2,21.5,228.8
III,Bulacan,San Miguel,2024-02-19,22.3,31.7,67.8,0.0,20.6,230.9
III,Bulacan,San Miguel,2024-02-20,22.3,30.5,71.9,0.0,20.8,212.5
III,Bulacan,San Miguel,2024-02-21,22.5,31.7,71.6,0.0,21.4,215.2
III,Bulacan,San Miguel,2024-02-22,21.2,30.8,69.8,0.0,20.0,205.9
III,Bulacan,San Miguel,2024-02-23,21.4,30.6,72.5,0.0,20.5,227.7
III,Bulacan,San Miguel,2024-02-24,22.6,31.2,72.2,0.0,21.3,222.0
III,Bulacan,San Miguel,2024-02-25,22.8,32.2,70.5,0.0,21.6,218.9
III,Bulacan,San Miguel,2024-02-26,23.2,32.0,70.8,0.0,21.8,224.1
III,Bulacan,San Miguel,2024-02-27,23.5,31.3,74.7,5.1,22.3,223.4
III,Bulacan,San Miguel,2024-02-28,24.0,29.9,70.8,0.0,21.1,226.5
III,Bulacan,San Miguel,2024-02-29,23.3,31.3,69.9,0.0,21.3,232.6
III,Bulacan,San Miguel,2024-03-01,22.0,31.4,67.4,0.0,20.2,222.7
III,Bulacan,San Miguel,2024-03-02,22.1,31.5,68.6,0.0,20.5,222.8
III,Bulacan,San Miguel,2024-03-03,21.5,33.2,68.4,0.0,21.0,226.2
III,Bulacan,San Miguel,2024-03-04,21.4,33.1,71.3,0.0,21.5,227.7
III,Bulacan,San Miguel,2024-03-05,22.0,32.7,72.2,0.0,21.8,234.2
III,Bulacan,San Miguel,2024-03-06,22.2,32.3,74.5,0.0,22.2,227.2
III,Bulacan,San Miguel,2024-03-07,23.5,33.6,75.8,0.0,23.7,225.1
III,Bulacan,San Miguel,2024-03-08,23.3,32.0,77.6,0.0,23.2,222.6
III,Bulacan,San Miguel,2024-03-09,22.1,31.9,73.3,0.0,21.7,211.8
III,Bulacan,San Miguel,2024-03-10,21.4,31.1,75.6,10.2,21.4,207.9
III,Bulacan,San Miguel,2024-03-11,21.3,31.2,71.5,0.0,20.6,237.7
III,Bulacan,San Miguel,2024-03-12,21.2,31.6,72.2,0.0,20.8,227.3
III,Bulacan,San Miguel,2024-03-13,22.9,,74.5,0.0,22.0,214.3
III,Bulacan,San Miguel,2024-03-14,22.6,,74.0,0.0,22.1,219.8
III,Bulacan,San Miguel,2024-03-15,23.4,,73.6,0.0,23.0,240.8
III,Bulacan,San Miguel,2024-03-16,22.7,31.7,74.9,4.6,22.2,212.3
III,Bulacan,San Miguel,2024-03-17,23.2,32.0,74.7,0.0,22.5,226.4
III,Bulacan,San Miguel,2024-03-18,23.3,33.1,73.6,0.0,22.9,225.0
III,Bulacan,San Miguel,2024-03-19,24.1,34.4,73.4,0.0,23.9,233.1
III,Bulacan,San Miguel,2024-03-20,23.9,34.8,73.5,0.0,24.0,212.0
III,Bulacan,San Miguel,2024-03-21,24.1,33.6,78.1,16.2,24.5,207.7
III,Bulacan,San Miguel,2024-03-22,23.1,33.7,77.9,0.0,24.0,238.9
III,Bulacan,San Miguel,2024-03-23,22.5,33.7,76.8,0.0,23.5,226.9
III,Bulacan,San Miguel,2024-03-24,23.1,31.5,74.4,0.0,22.2,224.5
III,Bulacan,San Miguel,2024-03-25,23.1,31.5,74.3,0.0,22.2,210.5
III,Bulacan,San Miguel,2024-03-26,22.8,32.0,72.1,0.0,21.8,217.4
III,Bulacan,San Miguel,2024-03-27,23.0,31.8,,0.0,21.8,220.8
III,Bulacan,San Miguel,2024-03-28,23.3,31.0,,0.0,21.4,213.6
III,Bulacan,San Miguel,2024-03-29,23.4,30.3,72.8,0.0,21.4,232.1
III,Bulacan,San Miguel,2024-03-30,23.3,31.4,75.1,0.0,22.4,236.0
III,Bulacan,San Miguel,2024-03-31,23.6,33.1,74.3,0.0,23.2,218.8
III,Bulacan,San Miguel,2024-04-01,22.8,32.8,74.9,0.0,22.8,230.9
III,Bulacan,San Miguel,2024-04-02,22.9,30.0,77.3,0.0,21.9,224.3
III,Bulacan,San Miguel,2024-04-03,23.9,31.1,78.9,0.0,23.3,223.2
III,Bulacan,San Miguel,2024-04-04,24.3,30.8,78.0,0.0,23.2,212.7
III,Bulacan,San Miguel,2024-04-05,24.1,30.5,79.6,0.0,23.2,223.2
III,Bulacan,San Miguel,2024-04-06,23.9,29.9,79.0,0.0,22.7,210.9
III,Bulacan,San Miguel,2024-04-07,23.5,31.4,78.5,0.0,23.2,204.8
III,Bulacan,San Miguel,2024-04-08,22.7,31.0,80.5,7.9,23.0,196.9
III,Bulacan,San Miguel,2024-04-09,23.4,32.4,76.1,0.0,23.1,215.6
III,Bulacan,San Miguel,2024-04-10,23.1,31.5,80.3,9.6,23.4,209.0
III,Bulacan,San Miguel,2024-04-11,23.3,31.0,76.5,3.0,22.4,219.7
III,Bulacan,San Miguel,2024-04-12,23.1,31.5,73.6,19.4,22.0,194.2
III,Bulacan,San Miguel,2024-04-13,23.4,31.6,70.6,0.0,21.6,223.8
III,Bulacan,San Miguel,2024-04-14,22.7,,72.9,0.0,21.9,225.8
III,Bulacan,San Miguel,2024-04-15,22.4,,75.9,0.0,22.9,211.7
III,Bulacan,San Miguel,2024-04-16,21.6,,78.7,8.2,23.5,209.9
III,Bulacan,San Miguel,2024-04-17,21.7,,74.9,5.1,22.1,211.0
III,Bulacan,San Miguel,2024-04-18,22.2,,68.4,0.0,21.2,222.4
III,Bulacan,San Miguel,2024-04-19,22.2,32.4,69.9,0.0,21.3,230.1
III,Bulacan,San Miguel,2024-04-20,22.6,31.4,70.1,0.0,21.0,222.7
III,Bulacan,San Miguel,2024-04-21,23.4,31.6,69.4,0.0,21.4,218.0
III,Bulacan,San Miguel,2024-04-22,23.0,32.9,70.7,0.0,22.1,212.3
III,Bulacan,San Miguel,2024-04-23,22.5,32.8,68.1,0.0,21.3,223.3
III,Bulacan,San Miguel,2024-04-24,21.9,31.1,68.8,0.0,20.3,220.4
III,Bulacan,San Miguel,2024-04-25,22.2,30.8,70.4,0.0,20.6,208.5
III,Bulacan,San Miguel,2024-04-26,20.9,29.5,77.2,0.0,20.6,228.3
III,Bulacan,San Miguel,2024-04-27,21.3,29.2,77.9,0.0,20.8,209.1
III,Bulacan,San Miguel,2024-04-28,21.7,28.8,74.1,0.0,20.1,215.8
III,Bulacan,San Miguel,2024-04-29,22.2,,72.7,0.0,20.7,203.8
III,Bulacan,San Miguel,2024-04-30,23.1,,71.2,0.0,21.8,227.5
III,Bulacan,San Miguel,2024-05-01,24.2,,76.0,2.5,24.0,225.9
III,Bulacan,San Miguel,2024-05-02,24.2,,72.9,0.0,23.2,219.4
III,Bulacan,San Miguel,2024-05-03,24.2,,71.4,0.0,22.8,202.8
III,Bulacan,San Miguel,2024-05-04,23.4,31.8,74.7,0.0,22.5,207.0
III,Bulacan,San Miguel,2024-05-05,22.8,30.9,74.4,0.0,21.7,223.2
III,Bulacan,San Miguel,2024-05-06,23.3,31.7,76.4,12.0,22.8,207.1
III,Bulacan,San Miguel,2024-05-07,24.3,32.6,70.4,0.0,22.5,205.8
III,Bulacan,San Miguel,2024-05-08,24.6,30.8,71.9,0.0,22.1,210.6
III,Bulacan,San Miguel,2024-05-09,24.4,31.3,69.5,0.0,21.8,219.6
III,Bulacan,San Miguel,2024-05-10,24.2,31.8,75.8,7.5,23.2,214.6
III,Bulacan,San Miguel,2024-05-11,24.2,32.4,72.8,0.0,22.9,210.6
III,Bulacan,San Miguel,2024-05-12,24.7,33.1,76.3,5.0,24.2,205.6
III,Bulacan,San Miguel,2024-05-13,23.6,,73.4,0.0,23.4,204.8
III,Bulacan,San Miguel,2024-05-14,23.1,,77.7,0.0,23.9,217.8
III,Bulacan,San Miguel,2024-05-15,22.9,,73.5,,23.2,202.2
III,Bulacan,San Miguel,2024-05-16,22.7,,73.1,,22.8,223.9
III,Bulacan,San Miguel,2024-05-17,23.0,,72.7,,22.6,204.4
III,Bulacan,San Miguel,2024-05-18,22.0,33.8,73.6,,22.6,217.5
III,Bulacan,San Miguel,2024-05-19,22.7,32.1,78.2,10.1,23.0,200.8
III,Bulacan,San Miguel,2024-05-20,23.8,32.3,73.5,0.0,22.7,211.9
III,Bulacan,San Miguel,2024-05-21,24.1,32.6,77.7,4.3,23.9,206.6
III,Bulacan,San Miguel,2024-05-22,24.0,34.1,72.9,0.0,23.6,203.7
III,Bulacan,San Miguel,2024-05-23,22.9,33.1,75.7,0.0,23.1,222.8
III,Bulacan,San Miguel,2024-05-24,23.6,32.7,77.9,0.0,23.7,223.4
III,Bulacan,San Miguel,2024-05-25,23.6,32.6,75.9,0.0,23.3,216.0
III,Bulacan,San Miguel,2024-05-26,22.9,34.0,73.4,0.0,23.1,220.9
III,Bulacan,San Miguel,2024-05-27,23.5,33.1,77.9,11.6,23.9,203.6
III,Bulacan,San Miguel,2024-05-28,23.3,33.5,71.4,0.0,22.7,202.2
III,Bulacan,San Miguel,2024-05-29,22.8,32.3,75.4,0.8,22.6,214.3
III,Bulacan,San Miguel,2024-05-30,22.2,33.6,77.9,7.1,23.5,201.2
III,Bulacan,San Miguel,2024-05-31,21.5,33.5,71.3,0.0,21.8,197.0
III,Bulacan,San Miguel,2024-06-01,21.2,32.1,74.3,16.0,21.5,194.8
III,Bulacan,San Miguel,2024-06-02,22.1,32.9,72.6,0.0,22.0,208.2
III,Bulacan,San Miguel,2024-06-03,22.1,33.0,75.2,0.0,22.6,199.3
III,Bulacan,San Miguel,2024-06-04,22.0,32.8,77.6,0.0,22.9,207.2
III,Bulacan,San Miguel,2024-06-05,22.2,32.0,83.3,12.8,23.8,197.7
III,Bulacan,San Miguel,2024-06-06,22.6,33.1,76.8,0.0,23.2,205.9
III,Bulacan,San Miguel,2024-06-07,23.8,32.5,83.0,8.0,24.8,201.2
III,Bulacan,San Miguel,2024-06-08,23.9,32.7,82.4,7.3,24.8,201.5
III,Bulacan,San Miguel,2024-06-09,23.0,33.5,75.4,0.0,23.3,211.2
III,Bulacan,San Miguel,2024-06-10,23.1,33.7,75.3,0.0,23.5,217.3
III,Bulacan,San Miguel,2024-06-11,,,76.2,0.0,24.1,213.8
III,Bulacan,San Miguel,2024-06-12,,,74.7,0.0,22.8,224.2
III,Bulacan,San Miguel,2024-06-13,,,73.8,0.0,22.4,209.0
III,Bulacan,San Miguel,2024-06-14,,,72.8,0.0,22.3,215.1
III,Bulacan,San Miguel,2024-06-15,,30.2,74.4,0.0,22.0,205.1
III,Bulacan,San Miguel,2024-06-16,24.6,30.2,75.6,0.0,22.5,204.6
III,Bulacan,San Miguel,2024-06-17,23.7,32.9,75.1,0.0,23.3,201.5
III,Bulacan,San Miguel,2024-06-18,23.0,33.3,75.5,0.0,23.2,208.6
III,Bulacan,San Miguel,2024-06-19,22.9,32.1,74.7,0.0,22.4,206.2
III,Bulacan,San Miguel,2024-06-20,23.5,32.8,75.7,0.0,23.3,201.4
III,Bulacan,San Miguel,2024-06-21,23.6,31.7,75.3,0.0,22.7,227.1
III,Bulacan,San Miguel,2024-06-22,23.3,32.1,79.1,0.0,23.5,213.6
III,Bulacan,San Miguel,2024-06-23,23.7,30.9,,7.3,23.4,185.3
III,Bulacan,San Miguel,2024-06-24,22.9,32.9,,0.0,23.7,197.7
III,Bulacan,San Miguel,2024-06-25,23.2,31.1,80.4,30.4,23.2,183.7
III,Bulacan,San Miguel,2024-06-26,23.7,32.2,78.4,0.0,23.6,204.6
III,Bulacan,San Miguel,2024-06-27,23.9,32.1,80.0,0.7,24.0,211.3
III,Bulacan,San Miguel,2024-06-28,24.3,31.7,81.4,0.0,24.3,205.8
III,Bulacan,San Miguel,2024-06-29,23.7,33.4,80.3,0.0,24.6,191.2
III,Bulacan,San Miguel,2024-06-30,23.8,33.3,80.3,0.0,24.6,207.3
III,Bulacan,San Miguel,2024-07-01,23.9,34.4,83.8,0.0,25.9,206.6
III,Bulacan,San Miguel,2024-07-02,22.8,32.5,84.0,0.0,24.4,193.3
III,Bulacan,San Miguel,2024-07-03,23.4,33.0,86.5,4.3,25.5,196.5
III,Bulacan,San Miguel,2024-07-04,24.2,35.0,82.1,2.7,26.0,190.2
III,Bulacan,San Miguel,2024-07-05,24.2,32.9,82.1,11.1,25.0,208.3
III,Bulacan,San Miguel,2024-07-06,24.2,33.5,80.2,0.0,24.9,
III,Bulacan,San Miguel,2024-07-07,24.3,32.2,84.3,19.2,25.1,
III,Bulacan,San Miguel,2024-07-08,24.2,33.1,82.9,0.0,25.2,211.5
III,Bulacan,San Miguel,2024-07-09,24.9,32.3,81.0,0.0,24.8,212.4
III,Bulacan,San Miguel,2024-07-10,25.5,34.3,78.4,0.0,,192.6
III,Bulacan,San Miguel,2024-07-11,25.3,33.8,82.6,4.4,,197.9
III,Bulacan,San Miguel,2024-07-12,25.0,34.1,76.0,0.0,,206.9
III,Bulacan,San Miguel,2024-07-13,25.4,33.9,78.9,0.0,,212.1
III,Bulacan,San Miguel,2024-07-14,25.0,32.6,83.9,12.8,,185.4
III,Bulacan,San Miguel,2024-07-15,24.7,32.0,87.2,20.5,25.8,173.6
III,Bulacan,San Miguel,2024-07-16,24.6,33.8,84.6,0.0,26.1,204.9
III,Bulacan,San Miguel,2024-07-17,25.0,32.1,86.8,9.6,25.9,187.6
III,Bulacan,San Miguel,2024-07-18,25.0,33.2,86.6,0.0,26.4,207.5
III,Bulacan,San Miguel,2024-07-19,24.9,32.6,82.7,0.0,25.3,205.7
III,Bulacan,San Miguel,2024-07-20,23.3,32.1,89.6,102.0,25.6,155.1
III,Bulacan,San Miguel,2024-07-21,23.8,32.8,86.6,0.0,25.6,187.4
III,Bulacan,San Miguel,2024-07-22,24.7,31.7,88.6,6.1,25.9,184.7
III,Bulacan,San Miguel,2024-07-23,24.8,32.9,79.6,0.0,24.8,213.1
III,Bulacan,San Miguel,2024-07-24,24.8,34.6,77.8,0.0,25.3,203.9
III,Bulacan,San Miguel,2024-07-25,22.9,33.2,77.4,26.5,23.5,168.9
III,Bulacan,San Miguel,2024-07-26,22.9,32.6,78.5,12.0,23.4,197.1
III,Bulacan,San Miguel,2024-07-27,23.6,33.0,81.7,18.1,24.6,186.1
III,Bulacan,San Miguel,2024-07-28,23.3,33.2,78.7,0.0,24.0,195.4
III,Bulacan,San Miguel,2024-07-29,22.9,31.4,84.0,12.6,24.0,185.6
III,Bulacan,San Miguel,2024-07-30,23.1,32.2,84.1,5.5,24.5,199.3
III,Bulacan,San Miguel,2024-07-31,23.9,32.8,80.5,8.7,24.4,191.8
III,Bulacan,San Miguel,2024-08-01,23.5,32.0,79.0,0.0,23.6,204.5
III,Bulacan,San Miguel,2024-08-02,24.1,33.0,83.8,7.6,25.3,191.8
III,Bulacan,San Miguel,2024-08-03,23.3,33.4,84.5,2.9,25.2,203.3
III,Bulacan,San Miguel,2024-08-04,24.3,33.9,78.7,0.0,24.8,200.2
III,Bulacan,San Miguel,2024-08-05,23.6,32.0,81.4,26.0,24.1,166.7
III,Bulacan,San Miguel,2024-08-06,24.7,31.4,80.5,0.0,24.2,203.3
III,Bulacan,San Miguel,2024-08-07,24.4,30.5,85.5,3.8,24.6,190.6
III,Bulacan,San Miguel,2024-08-08,23.8,30.8,79.3,0.0,,203.8
III,Bulacan,San Miguel,2024-08-09,22.8,30.0,79.9,39.9,,148.0
III,Bulacan,San Miguel,2024-08-10,24.6,32.0,79.0,3.0,,198.0
III,Bulacan,San Miguel,2024-08-11,24.0,32.3,75.6,0.0,,200.3
III,Bulacan,San Miguel,2024-08-12,24.7,32.2,81.0,,,189.4
III,Bulacan,San Miguel,2024-08-13,25.1,34.5,73.6,,,205.1
III,Bulacan,San Miguel,2024-08-14,24.5,33.1,81.6,,,188.8
III,Bulacan,San Miguel,2024-08-15,23.6,33.1,77.4,,,203.6
III,Bulacan,San Miguel,2024-08-16,23.3,33.0,84.3,,25.0,179.1
III,Bulacan,San Miguel,2024-08-17,23.5,33.2,82.6,0.0,24.9,201.2
III,Bulacan,San Miguel,2024-08-18,23.5,31.9,87.3,10.0,25.2,191.9
III,Bulacan,San Miguel,2024-08-19,23.9,31.4,88.4,21.1,25.3,178.9
III,Bulacan,San Miguel,2024-08-20,25.1,31.4,81.2,0.0,24.5,189.7
III,Bulacan,San Miguel,2024-08-21,25.4,31.0,86.5,7.2,25.5,191.8
III,Bulacan,San Miguel,2024-08-22,25.8,32.5,83.5,7.5,25.8,183.5
III,Bulacan,San Miguel,2024-08-23,24.7,30.8,80.8,66.6,23.9,146.1
III,Bulacan,San Miguel,2024-08-24,24.5,32.2,,0.0,24.4,192.8
III,Bulacan,San Miguel,2024-08-25,23.4,30.1,,37.6,23.4,169.6
III,Bulacan,San Miguel,2024-08-26,23.3,32.6,,8.1,24.9,191.0
III,Bulacan,San Miguel,2024-08-27,23.6,32.3,87.3,20.6,25.4,188.7
III,Bulacan,San Miguel,2024-08-28,24.9,34.7,81.1,0.0,26.0,197.5
III,Bulacan,San Miguel,2024-08-29,24.5,32.4,86.8,12.1,25.8,187.7
III,Bulacan,San Miguel,2024-08-30,24.0,33.2,81.7,0.0,24.9,201.0
III,Bulacan,San Miguel,2024-08-31,23.5,31.1,87.3,5.3,24.8,182.2
III,Bulacan,San Miguel,2024-09-01,23.3,32.6,81.9,0.0,24.3,186.9
III,Bulacan,San Miguel,2024-09-02,23.3,30.8,81.1,0.0,23.3,192.5
III,Bulacan,San Miguel,2024-09-03,22.8,31.1,84.7,2.1,23.9,207.2
III,Bulacan,San Miguel,2024-09-04,21.9,31.2,83.7,45.7,23.3,164.8
III,Bulacan,San Miguel,2024-09-05,23.2,35.5,78.8,0.0,25.1,193.0
III,Bulacan,San Miguel,2024-09-06,24.2,34.2,81.3,0.8,25.5,211.3
III,Bulacan,San Miguel,2024-09-07,23.8,33.8,83.5,20.7,25.5,177.0
III,Bulacan,San Miguel,2024-09-08,24.5,35.6,81.4,0.0,26.3,192.3
III,Bulacan,San Miguel,2024-09-09,23.7,36.3,79.6,0.0,25.9,202.4
III,Bulacan,San Miguel,2024-09-10,24.0,36.4,85.7,3.9,27.3,196.5
III,Bulacan,San Miguel,2024-09-11,23.6,34.5,86.1,13.3,26.3,184.7
III,Bulacan,San Miguel,2024-09-12,23.7,32.6,89.3,43.1,26.0,166.2
III,Bulacan,San Miguel,2024-09-13,24.3,33.1,88.6,4.7,26.4,200.6
III,Bulacan,San Miguel,2024-09-14,23.8,32.7,90.7,9.5,26.4,191.3
III,Bulacan,San Miguel,2024-09-15,23.8,32.6,87.9,-2.2,25.8,199.4
III,Bulacan,San Miguel,2024-09-16,23.9,32.3,88.1,1.9,25.7,196.5
III,Bulacan,San Miguel,2024-09-17,23.0,32.1,86.6,17.3,24.9,168.5
III,Bulacan,San Miguel,2024-09-18,22.6,33.0,86.9,2.8,25.2,188.7
III,Bulacan,San Miguel,2024-09-19,22.5,32.1,87.3,5.8,24.8,208.2
III,Bulacan,San Miguel,2024-09-20,22.3,31.3,85.6,17.0,23.9,196.0
III,Bulacan,San Miguel,2024-09-21,23.4,33.4,84.0,3.0,25.2,194.4
III,Bulacan,San Miguel,2024-09-22,23.2,32.9,86.5,10.3,25.3,189.1
III,Bulacan,San Miguel,2024-09-23,23.5,33.3,80.7,0.0,24.5,203.4
III,Bulacan,San Miguel,2024-09-24,23.0,31.8,85.7,40.1,24.5,164.3
III,Bulacan,San Miguel,2024-09-25,23.0,32.6,84.7,29.4,24.7,165.4
III,Bulacan,San Miguel,2024-09-26,24.0,32.5,87.1,17.9,25.7,176.7
III,Bulacan,San Miguel,2024-09-27,25.3,31.8,85.2,1.0,25.6,200.5
III,Bulacan,San Miguel,2024-09-28,24.8,31.4,84.3,8.2,25.0,204.5
III,Bulacan,San Miguel,2024-09-29,24.2,30.2,79.0,0.0,23.0,203.6
III,Bulacan,San Miguel,2024-09-30,24.7,30.9,81.4,5.0,24.1,191.9
III,Bulacan,San Miguel,2024-10-01,24.1,29.2,82.5,38.2,23.2,163.7
III,Bulacan,San Miguel,2024-10-02,23.7,32.0,81.8,0.0,24.2,200.4
III,Bulacan,San Miguel,2024-10-03,22.9,32.1,83.7,6.0,24.2,184.7
III,Bulacan,San Miguel,2024-10-04,23.3,32.5,83.5,0.0,24.6,194.6
III,Bulacan,San Miguel,2024-10-05,32.782443325235626,32.4,86.1,1.2,25.4,204.4
III,Bulacan,San Miguel,2024-10-06,24.8,32.4,80.4,0.0,24.7,193.1
III,Bulacan,San Miguel,2024-10-07,24.9,32.4,80.7,0.0,24.8,214.7
III,Bulacan,San Miguel,2024-10-08,23.9,33.1,81.8,0.0,24.9,197.1
III,Bulacan,San Miguel,2024-10-09,24.4,33.7,84.2,3.9,25.9,200.4
III,Bulacan,San Miguel,2024-10-10,23.7,31.9,82.6,20.4,24.3,166.1
III,Bulacan,San Miguel,2024-10-11,24.4,30.7,77.5,0.0,23.0,210.8
III,Bulacan,San Miguel,2024-10-12,23.7,30.0,78.8,0.0,22.6,207.5
III,Bulacan,San Miguel,2024-10-13,24.6,29.2,83.5,9.8,23.6,210.2
III,Bulacan,San Miguel,2024-10-14,24.1,28.4,82.7,93.2,22.8,132.7
III,Bulacan,San Miguel,2024-10-15,24.4,31.6,77.4,0.0,23.5,191.8
III,Bulacan,San Miguel,2024-10-16,24.6,31.8,78.9,16.0,24.0,186.5
III,Bulacan,San Miguel,2024-10-17,23.5,30.3,80.3,27.7,23.0,172.0
III,Bulacan,San Miguel,2024-10-18,24.2,33.5,76.4,0.0,24.1,210.3
III,Bulacan,San Miguel,2024-10-19,24.1,32.9,76.1,0.0,23.7,197.2
III,Bulacan,San Miguel,2024-10-20,24.6,32.3,79.2,0.0,24.3,202.9
III,Bulacan,San Miguel,2024-10-21,24.3,32.4,82.2,8.2,24.8,192.1
III,Bulacan,San Miguel,2024-10-22,23.9,33.0,79.1,0.0,24.3,198.7
III,Bulacan,San Miguel,2024-10-23,24.3,32.7,79.0,0.0,24.3,204.5
III,Bulacan,San Miguel,2024-10-24,24.4,32.6,83.1,2.2,25.1,200.8
III,Bulacan,San Miguel,2024-10-25,24.4,32.0,78.3,,23.9,177.9
III,Bulacan,San Miguel,2024-10-26,24.9,33.8,77.2,,24.8,213.0
III,Bulacan,San Miguel,2024-10-27,24.6,33.7,83.4,,25.8,187.7
III,Bulacan,San Miguel,2024-10-28,24.9,33.7,78.7,0.0,25.0,213.9
III,Bulacan,San Miguel,2024-10-29,24.4,32.6,79.2,19.4,24.3,178.1
III,Bulacan,San Miguel,2024-10-30,23.8,32.5,80.3,4.0,24.2,210.7
III,Bulacan,San Miguel,2024-10-31,23.5,32.5,80.5,6.1,24.1,195.8
III,Bulacan,San Miguel,2024-11-01,23.7,33.0,75.7,0.0,23.5,209.6
III,Bulacan,San Miguel,2024-11-02,23.2,33.6,78.1,0.0,24.0,212.1
III,Bulacan,San Miguel,2024-11-03,24.3,33.1,77.9,0.0,24.3,210.6
III,Bulacan,San Miguel,2024-11-04,23.2,31.7,80.0,32.2,,181.2
III,Bulacan,San Miguel,2024-11-05,24.8,33.5,80.8,8.9,,203.4
III,Bulacan,San Miguel,2024-11-06,23.7,31.3,82.4,51.8,,158.8
III,Bulacan,San Miguel,2024-11-07,24.8,33.2,78.5,0.0,,205.3
III,Bulacan,San Miguel,2024-11-08,24.2,33.8,79.3,0.0,,201.0
III,Bulacan,San Miguel,2024-11-09,23.5,32.7,76.8,0.0,23.5,191.4
III,Bulacan,San Miguel,2024-11-10,22.9,33.8,80.2,6.7,24.4,197.4
III,Bulacan,San Miguel,2024-11-11,23.7,33.4,78.5,0.0,24.2,204.5
III,Bulacan,San Miguel,2024-11-12,24.5,32.1,79.1,0.0,24.1,217.9
III,Bulacan,San Miguel,2024-11-13,23.6,32.7,77.8,0.0,23.7,202.9
III,Bulacan,San Miguel,2024-11-14,23.5,31.9,78.5,5.9,23.4,197.3
III,Bulacan,San Miguel,2024-11-15,23.7,31.7,74.8,0.0,22.7,209.1
III,Bulacan,San Miguel,2024-11-16,24.3,32.2,73.3,1.0,22.9,199.2
III,Bulacan,San Miguel,2024-11-17,24.8,32.1,74.4,0.0,23.3,208.9
III,Bulacan,San Miguel,2024-11-18,25.1,31.0,74.6,0.0,23.0,215.6
III,Bulacan,San Miguel,2024-11-19,25.1,33.1,76.4,0.0,24.4,229.6
III,Bulacan,San Miguel,2024-11-20,23.7,31.5,75.0,0.0,22.6,197.1
III,Bulacan,San Miguel,2024-11-21,23.8,32.2,78.6,0.0,23.7,209.5
III,Bulacan,San Miguel,2024-11-22,23.3,30.2,78.8,25.3,22.5,174.5
III,Bulacan,San Miguel,2024-11-23,23.8,33.1,75.8,0.0,23.6,191.8
III,Bulacan,San Miguel,2024-11-24,23.5,32.0,79.0,17.7,23.6,189.1
III,Bulacan,San Miguel,2024-11-25,23.6,32.5,78.2,5.9,23.7,202.5
III,Bulacan,San Miguel,2024-11-26,25.1,32.2,74.9,0.0,23.6,221.2
III,Bulacan,San Miguel,2024-11-27,24.9,30.0,74.1,0.0,22.3,217.1
III,Bulacan,San Miguel,2024-11-28,24.1,30.3,76.3,0.0,22.5,214.9
III,Bulacan,San Miguel,2024-11-29,23.5,31.4,73.8,0.0,22.2,210.3
III,Bulacan,San Miguel,2024-11-30,23.2,30.6,78.6,19.5,22.6,192.2
III,Bulacan,San Miguel,2024-12-01,23.9,31.9,76.8,0.0,23.3,233.1
III,Bulacan,San Miguel,2024-12-02,24.6,31.9,76.6,0.0,23.6,209.8
III,Bulacan,San Miguel,2024-12-03,24.6,31.6,77.8,0.0,23.7,215.9
III,Bulacan,San Miguel,2024-12-04,24.3,32.8,79.0,0.0,24.3,203.9
III,Bulacan,San Miguel,2024-12-05,24.9,33.0,77.5,0.0,24.4,212.0
III,Bulacan,San Miguel,2024-12-06,24.6,32.4,80.4,11.2,24.6,211.6
III,Bulacan,San Miguel,2024-12-07,24.9,31.7,75.5,0.0,23.4,219.3
III,Bulacan,San Miguel,2024-12-08,24.9,32.3,76.6,0.0,23.9,195.6
III,Bulacan,San Miguel,2024-12-09,25.0,31.4,76.6,0.0,23.5,
III,Bulacan,San Miguel,2024-12-10,24.3,31.7,77.1,0.0,23.4,
III,Bulacan,San Miguel,2024-12-11,24.6,30.6,,0.0,22.9,226.7
III,Bulacan,San Miguel,2024-12-12,26.0,31.7,,0.0,23.9,231.0
III,Bulacan,San Miguel,2024-12-13,25.5,33.0,,0.0,24.2,227.5
III,Bulacan,San Miguel,2024-12-14,25.5,32.7,,-0.6,24.3,224.7
III,Bulacan,San Miguel,2024-12-15,24.7,33.1,,0.0,24.5,201.5
III,Bulacan,San Miguel,2024-12-16,24.3,32.3,77.4,14.4,23.8,201.0
III,Bulacan,San Miguel,2024-12-17,24.3,31.1,79.1,26.2,23.5,186.9
III,Bulacan,San Miguel,2024-12-18,23.9,33.4,73.9,0.0,23.4,217.7
III,Bulacan,San Miguel,2024-12-19,24.3,33.1,73.2,0.0,23.3,193.5
III,Bulacan,San Miguel,2024-12-20,23.4,33.1,73.8,0.0,23.0,199.2
III,Bulacan,San Miguel,2024-12-21,22.5,33.0,73.9,0.0,22.5,
III,Bulacan,San Miguel,2024-12-22,22.9,31.2,73.2,0.0,21.7,
III,Bulacan,San Miguel,2024-12-23,23.4,28.8,78.5,31.7,21.8,
III,Bulacan,San Miguel,2024-12-24,22.9,29.7,72.5,0.0,20.8,
III,Bulacan,San Miguel,2024-12-25,22.5,31.3,70.4,0.0,21.0,216.9
III,Bulacan,San Miguel,2024-12-26,22.2,31.4,75.5,0.0,21.9,221.0
III,Bulacan,San Miguel,2024-12-27,22.2,30.5,72.0,0.0,20.8,214.5
III,Bulacan,San Miguel,2024-12-28,21.8,30.7,71.5,0.0,20.6,208.9
III,Bulacan,San Miguel,2024-12-29,21.7,30.3,76.3,9.1,21.3,205.8
III,Bulacan,San Miguel,2024-12-30,21.2,31.7,74.7,10.6,21.4,208.9
III,Bulacan,San Miguel,2024-12-31,21.4,31.7,72.5,0.0,21.0,217.6
III,Nueva Ecija,Science City of Muñoz,2019-01-01,22.5,33.2,72.4,3.5,22.3,226.8
III,Nueva Ecija,Science City of Muñoz,2019-01-02,21.9,35.5,68.5,0.0,22.4,216.8
III,Nueva Ecija,Science City of Muñoz,2019-01-03,21.4,34.6,69.0,0.0,21.8,251.8
III,Nueva Ecija,Science City of Muñoz,2019-01-04,21.0,32.4,71.5,14.2,21.0,221.7
III,Nueva Ecija,Science City of Muñoz,2019-01-05,21.2,32.8,68.0,0.0,20.6,236.0
III,Nueva Ecija,Science City of Muñoz,2019-01-06,20.3,33.7,69.7,0.0,20.9,238.0
III,Nueva Ecija,Science City of Muñoz,2019-01-07,20.9,34.4,69.8,0.0,21.6,224.0
III,Nueva Ecija,Science City of Muñoz,2019-01-08,21.3,33.1,68.8,0.0,21.0,222.0
III,Nueva Ecija,Science City of Muñoz,2019-01-09,20.7,33.4,70.0,1.4,21.0,235.1
III,Nueva Ecija,Science City of Muñoz,2019-01-10,21.0,32.6,66.3,0.0,20.1,217.1
III,Nueva Ecija,Science City of Muñoz,2019-01-11,22.2,31.8,62.3,0.0,19.5,233.6
III,Nueva Ecija,Science City of Muñoz,2019-01-12,21.9,29.6,61.9,0.0,18.1,208.3
III,Nueva Ecija,Science City of Muñoz,2019-01-13,22.0,31.0,62.1,0.0,18.9,237.6
III,Nueva Ecija,Science City of Muñoz,2019-01-14,22.5,30.9,68.5,3.4,20.4,241.0
III,Nueva Ecija,Science City of Muñoz,2019-01-15,22.3,30.8,65.4,0.0,19.6,248.3
III,Nueva Ecija,Science City of Muñoz,2019-01-16,22.2,29.3,69.6,7.6,19.7,222.5
III,Nueva Ecija,Science City of Muñoz,2019-01-17,21.6,30.0,69.3,0.0,19.7,218.6
III,Nueva Ecija,Science City of Muñoz,2019-01-18,22.8,31.6,69.9,0.0,21.2,243.7
III,Nueva Ecija,Science City of Muñoz,2019-01-19,22.6,32.2,71.0,0.0,21.6,243.8
III,Nueva Ecija,Science City of Muñoz,2019-01-20,21.6,32.2,73.4,1.7,21.6,226.0
III,Nueva Ecija,Science City of Muñoz,2019-01-21,22.5,32.8,70.3,0.0,21.7,249.1
III,Nueva Ecija,Science City of Muñoz,2019-01-22,22.4,33.2,69.5,0.0,21.7,244.8
III,Nueva Ecija,Science City of Muñoz,2019-01-23,23.1,33.1,68.8,0.0,21.9,241.5
III,Nueva Ecija,Science City of Muñoz,2019-01-24,22.2,30.6,70.0,21.0,20.4,206.7
III,Nueva Ecija,Science City of Muñoz,2019-01-25,23.4,31.6,68.6,0.0,21.2,250.1
III,Nueva Ecija,Science City of Muñoz,2019-01-26,22.9,32.2,63.7,0.0,20.3,246.8
III,Nueva Ecija,Science City of Muñoz,2019-01-27,22.4,31.4,61.7,0.0,19.2,235.0
III,Nueva Ecija,Science City of Muñoz,2019-01-28,22.6,33.0,63.3,0.0,20.5,229.1
III,Nueva Ecija,Science City of Muñoz,2019-01-29,21.7,33.6,66.7,0.0,21.0,243.4
III,Nueva Ecija,Science City of Muñoz,2019-01-30,21.5,33.2,64.3,0.0,20.2,231.0
III,Nueva Ecija,Science City of Muñoz,2019-01-31,21.5,32.6,69.2,3.2,20.9,242.9
III,Nueva Ecija,Science City of Muñoz,2019-02-01,,32.9,70.2,0.0,21.0,240.5
III,Nueva Ecija,Science City of Muñoz,2019-02-02,,33.3,72.1,0.0,22.0,232.6
III,Nueva Ecija,Science City of Muñoz,2019-02-03,,31.9,68.3,0.0,20.2,244.5
III,Nueva Ecija,Science City of Muñoz,2019-02-04,,33.9,65.8,0.0,20.4,243.8
III,Nueva Ecija,Science City of Muñoz,2019-02-05,21.8,32.9,66.2,0.0,20.6,239.8
III,Nueva Ecija,Science City of Muñoz,2019-02-06,22.7,32.1,66.4,0.0,20.7,243.6
III,Nueva Ecija,Science City of Muñoz,2019-02-07,21.8,31.9,65.9,0.6,20.0,234.1
III,Nueva Ecija,Science City of Muñoz,2019-02-08,22.5,33.3,65.3,0.0,21.0,243.9
III,Nueva Ecija,Science City of Muñoz,2019-02-09,23.5,32.9,66.3,0.0,21.5,239.2
III,Nueva Ecija,Science City of Muñoz,2019-02-10,22.9,32.2,64.7,0.0,20.5,228.8
III,Nueva Ecija,Science City of Muñoz,2019-02-11,22.7,33.0,67.8,1.5,21.4,236.8
III,Nueva Ecija,Science City of Muñoz,2019-02-12,22.6,32.0,65.7,0.0,20.4,235.0
III,Nueva Ecija,Science City of Muñoz,2019-02-13,23.0,32.9,65.5,0.0,21.0,244.4
III,Nueva Ecija,Science City of Muñoz,2019-02-14,22.2,,65.5,0.0,21.7,247.3
III,Nueva Ecija,Science City of Muñoz,2019-02-15,22.0,,67.4,0.0,22.0,240.9
III,Nueva Ecija,Science City of Muñoz,2019-02-16,22.6,,71.1,0.0,21.8,242.3
III,Nueva Ecija,Science City of Muñoz,2019-02-17,22.1,31.4,68.6,0.0,20.5,266.7
III,Nueva Ecija,Science City of Muñoz,2019-02-18,21.7,31.8,67.9,0.0,20.3,252.8
III,Nueva Ecija,Science City of Muñoz,2019-02-19,21.8,30.8,65.5,0.0,19.4,248.2
III,Nueva Ecija,Science City of Muñoz,2019-02-20,22.6,31.3,71.1,9.9,21.2,229.6
III,Nueva Ecija,Science City of Muñoz,2019-02-21,22.4,30.8,65.7,0.0,19.7,232.9
III,Nueva Ecija,Science City of Muñoz,2019-02-22,22.7,30.3,67.2,3.3,19.9,242.6
III,Nueva Ecija,Science City of Muñoz,2019-02-23,22.3,30.6,61.5,0.0,18.8,240.6
III,Nueva Ecija,Science City of Muñoz,2019-02-24,22.6,31.0,62.7,0.0,19.3,252.4
III,Nueva Ecija,Science City of Muñoz,2019-02-25,21.8,30.7,64.0,0.0,19.0,235.3
III,Nueva Ecija,Science City of Muñoz,2019-02-26,20.8,32.9,65.5,0.0,20.0,235.7
III,Nueva Ecija,Science City of Muñoz,2019-02-27,21.5,32.6,68.0,0.0,20.6,240.4
III,Nueva Ecija,Science City of Muñoz,2019-02-28,22.9,,68.9,0.0,21.6,248.2
III,Nueva Ecija,Science City of Muñoz,2019-03-01,22.2,,62.6,0.0,20.7,242.1
III,Nueva Ecija,Science City of Muñoz,2019-03-02,22.1,,62.6,0.0,20.8,242.1
III,Nueva Ecija,Science City of Muñoz,2019-03-03,22.2,35.1,62.0,0.0,21.0,245.8
III,Nueva Ecija,Science City of Muñoz,2019-03-04,21.7,34.2,61.0,0.0,20.2,249.6
III,Nueva Ecija,Science City of Muñoz,2019-03-05,21.0,33.3,61.6,0.0,19.5,245.0
III,Nueva Ecija,Science City of Muñoz,2019-03-06,20.6,32.8,64.5,0.0,19.6,240.1
III,Nueva Ecija,Science City of Muñoz,2019-03-07,21.0,32.4,67.2,0.0,20.1,245.3
III,Nueva Ecija,Science City of Muñoz,2019-03-08,21.1,32.7,67.8,0.0,20.5,235.8
III,Nueva Ecija,Science City of Muñoz,2019-03-09,21.4,33.3,71.3,0.0,21.6,
III,Nueva Ecija,Science City of Muñoz,2019-03-10,21.2,32.5,66.5,0.0,20.2,
III,Nueva Ecija,Science City of Muñoz,2019-03-11,21.4,32.6,65.0,0.0,20.0,
III,Nueva Ecija,Science City of Muñoz,2019-03-12,22.1,33.5,71.6,1.1,22.1,
III,Nueva Ecija,Science City of Muñoz,2019-03-13,22.0,33.1,65.9,0.0,20.7,241.4
III,Nueva Ecija,Science City of Muñoz,2019-03-14,22.8,33.0,68.6,0.0,21.6,247.9
III,Nueva Ecija,Science City of Muñoz,2019-03-15,23.0,33.0,70.1,0.0,22.0,222.7
III,Nueva Ecija,Science City of Muñoz,2019-03-16,22.6,34.0,68.9,0.0,22.1,245.9
III,Nueva Ecija,Science City of Muñoz,2019-03-17,22.6,33.6,69.4,0.0,22.0,248.8
III,Nueva Ecija,Science City of Muñoz,2019-03-18,22.8,33.2,68.0,0.0,21.6,232.1
III,Nueva Ecija,Science City of Muñoz,2019-03-19,23.2,35.1,69.1,0.0,23.0,
III,Nueva Ecija,Science City of Muñoz,2019-03-20,,34.3,70.9,0.0,22.5,
III,Nueva Ecija,Science City of Muñoz,2019-03-21,,32.9,66.3,0.0,21.0,
III,Nueva Ecija,Science City of Muñoz,2019-03-22,,33.1,66.4,0.0,20.9,258.2
III,Nueva Ecija,Science City of Muñoz,2019-03-23,21.8,33.3,65.8,0.5,20.7,240.3
III,Nueva Ecija,Science City of Muñoz,2019-03-24,22.7,33.4,62.9,0.0,20.6,237.0
III,Nueva Ecija,Science City of Muñoz,2019-03-25,21.9,33.0,66.0,0.0,20.6,229.6
III,Nueva Ecija,Science City of Muñoz,2019-03-26,21.9,32.5,63.3,0.0,19.9,230.7
III,Nueva Ecija,Science City of Muñoz,2019-03-27,22.2,32.0,63.2,0.0,19.7,241.5
III,Nueva Ecija,Science City of Muñoz,2019-03-28,22.9,31.6,66.3,0.0,20.5,235.0
III,Nueva Ecija,Science City of Muñoz,2019-03-29,21.9,32.7,72.1,7.5,21.7,238.7
III,Nueva Ecija,Science City of Muñoz,2019-03-30,21.0,32.4,68.9,0.0,20.5,246.6
III,Nueva Ecija,Science City of Muñoz,2019-03-31,20.8,31.5,67.0,0.0,19.5,238.1
III,Nueva Ecija,Science City of Muñoz,2019-04-01,21.1,32.2,63.5,0.0,19.4,249.5
III,Nueva Ecija,Science City of Muñoz,2019-04-02,21.9,31.5,66.4,0.0,20.0,228.6
III,Nueva Ecija,Science City of Muñoz,2019-04-03,21.9,31.0,68.1,5.2,20.1,222.5
III,Nueva Ecija,Science City of Muñoz,2019-04-04,22.3,30.9,65.4,0.0,19.7,242.3
III,Nueva Ecija,Science City of Muñoz,2019-04-05,23.2,31.6,65.8,0.0,20.6,251.3
III,Nueva Ecija,Science City of Muñoz,2019-04-06,23.7,32.2,68.2,0.0,21.6,235.0
III,Nueva Ecija,Science City of Muñoz,2019-04-07,23.5,33.1,66.1,0.0,21.5,221.0
III,Nueva Ecija,Science City of Muñoz,2019-04-08,23.9,33.8,69.3,0.0,22.7,236.7
III,Nueva Ecija,Science City of Muñoz,2019-04-09,23.1,32.6,70.7,,22.0,214.3
III,Nueva Ecija,Science City of Muñoz,2019-04-10,23.1,33.4,64.7,,21.2,247.6
III,Nueva Ecija,Science City of Muñoz,2019-04-11,21.7,32.1,70.7,,21.0,233.3
III,Nueva Ecija,Science City of Muñoz,2019-04-12,20.7,33.6,68.8,,20.9,235.2
III,Nueva Ecija,Science City of Muñoz,2019-04-13,20.9,33.4,66.0,,20.3,234.3
III,Nueva Ecija,Science City of Muñoz,2019-04-14,20.6,33.5,68.3,0.0,20.7,231.3
III,Nueva Ecija,Science City of Muñoz,2019-04-15,21.2,34.3,68.1,0.0,21.4,222.7
III,Nueva Ecija,Science City of Muñoz,2019-04-16,21.1,35.0,74.4,1.8,22.9,243.0
III,Nueva Ecija,Science City of Muñoz,2019-04-17,21.0,35.9,68.4,0.0,22.1,242.0
III,Nueva Ecija,Science City of Muñoz,2019-04-18,20.5,35.3,67.2,0.0,21.3,232.1
III,Nueva Ecija,Science City of Muñoz,2019-04-19,21.1,33.9,67.3,0.0,21.0,228.8
III,Nueva Ecija,Science City of Muñoz,2019-04-20,20.5,32.0,71.7,8.4,20.6,218.9
III,Nueva Ecija,Science City of Muñoz,2019-04-21,21.5,31.9,65.3,0.0,19.8,243.6
III,Nueva Ecija,Science City of Muñoz,2019-04-22,21.1,30.7,74.5,4.9,20.8,229.6
III,Nueva Ecija,Science City of Muñoz,2019-04-23,21.6,32.4,68.1,0.0,20.6,235.5
III,Nueva Ecija,Science City of Muñoz,2019-04-24,21.9,32.0,69.7,0.0,20.9,232.8
III,Nueva Ecija,Science City of Muñoz,2019-04-25,20.6,32.6,70.0,0.0,20.6,224.3
III,Nueva Ecija,Science City of Muñoz,2019-04-26,20.5,31.5,73.2,0.0,20.6,239.3
III,Nueva Ecija,Science City of Muñoz,2019-04-27,20.0,31.7,68.9,0.0,19.6,238.4
III,Nueva Ecija,Science City of Muñoz,2019-04-28,20.2,31.9,70.7,0.0,20.2,245.0
III,Nueva Ecija,Science City of Muñoz,2019-04-29,21.7,31.3,71.9,5.9,20.9,237.4
III,Nueva Ecija,Science City of Muñoz,2019-04-30,22.0,33.0,67.1,0.0,20.9,242.2
III,Nueva Ecija,Science City of Muñoz,2019-05-01,21.9,33.0,65.7,0.0,20.6,241.6
III,Nueva Ecija,Science City of Muñoz,2019-05-02,22.9,32.5,64.8,0.0,20.7,238.4
III,Nueva Ecija,Science City of Muñoz,2019-05-03,23.4,33.5,69.4,0.0,22.3,224.2
III,Nueva Ecija,Science City of Muñoz,2019-05-04,22.7,32.9,75.2,6.8,22.8,221.7
III,Nueva Ecija,Science City of Muñoz,2019-05-05,23.0,33.8,73.4,0.0,23.1,245.0
III,Nueva Ecija,Science City of Muñoz,2019-05-06,22.4,34.5,72.1,0.0,22.9,220.6
III,Nueva Ecija,Science City of Muñoz,2019-05-07,21.9,33.4,73.4,0.0,22.3,235.9
III,Nueva Ecija,Science City of Muñoz,2019-05-08,21.7,35.2,75.3,0.0,23.5,229.5
III,Nueva Ecija,Science City of Muñoz,2019-05-09,22.1,34.0,74.9,0.0,,238.6
III,Nueva Ecija,Science City of Muñoz,2019-05-10,22.1,34.5,78.4,0.0,,233.2
III,Nueva Ecija,Science City of Muñoz,2019-05-11,21.6,34.5,74.2,0.0,22.9,223.2
III,Nueva Ecija,Science City of Muñoz,2019-05-12,21.6,33.9,73.4,0.0,22.4,233.6
III,Nueva Ecija,Science City of Muñoz,2019-05-13,21.1,33.1,73.6,0.0,21.8,229.8
III,Nueva Ecija,Science City of Muñoz,2019-05-14,20.7,33.2,79.1,26.7,22.8,
III,Nueva Ecija,Science City of Muñoz,2019-05-15,21.1,32.9,81.0,5.6,23.2,
III,Nueva Ecija,Science City of Muñoz,2019-05-16,21.0,34.7,76.8,0.0,23.2,239.9
III,Nueva Ecija,Science City of Muñoz,2019-05-17,22.0,34.4,74.8,0.0,23.2,239.9
III,Nueva Ecija,Science City of Muñoz,2019-05-18,22.1,32.8,73.0,0.0,22.0,222.8
III,Nueva Ecija,Science City of Muñoz,2019-05-19,22.4,32.8,70.4,0.0,21.7,218.1
III,Nueva Ecija,Science City of Muñoz,2019-05-20,21.7,32.6,71.2,0.0,21.4,224.8
III,Nueva Ecija,Science City of Muñoz,2019-05-21,21.9,32.8,68.9,0.9,21.1,227.8
III,Nueva Ecija,Science City of Muñoz,2019-05-22,21.1,32.2,74.6,1.8,21.6,221.4
III,Nueva Ecija,Science City of Muñoz,2019-05-23,20.6,32.3,70.2,0.0,20.5,235.0
III,Nueva Ecija,Science City of Muñoz,2019-05-24,21.6,32.6,69.2,0.0,20.9,230.6
III,Nueva Ecija,Science City of Muñoz,2019-05-25,21.4,33.8,69.3,0.0,21.5,240.3
III,Nueva Ecija,Science City of Muñoz,2019-05-26,21.5,35.0,69.2,0.0,22.1,233.7
III,Nueva Ecija,Science City of Muñoz,2019-05-27,22.6,35.6,76.2,0.0,24.3,245.4
III,Nueva Ecija,Science City of Muñoz,2019-05-28,21.8,35.2,76.4,0.0,23.8,221.5
III,Nueva Ecija,Science City of Muñoz,2019-05-29,21.4,36.1,73.7,0.0,23.5,231.3
III,Nueva Ecija,Science City of Muñoz,2019-05-30,21.0,35.5,77.6,4.0,23.8,222.6
III,Nueva Ecija,Science City of Muñoz,2019-05-31,21.7,34.4,69.3,0.0,21.9,232.0
III,Nueva Ecija,Science City of Muñoz,2019-06-01,21.2,32.7,73.8,15.6,21.7,209.6
III,Nueva Ecija,Science City of Muñoz,2019-06-02,21.6,33.0,70.6,0.0,21.4,229.0
III,Nueva Ecija,Science City of Muñoz,2019-06-03,21.8,33.7,69.3,0.0,21.6,228.5
III,Nueva Ecija,Science City of Muñoz,2019-06-04,22.2,32.8,72.0,0.9,21.9,225.8
III,Nueva Ecija,Science City of Muñoz,2019-06-05,22.4,30.7,74.9,17.6,21.5,208.8
III,Nueva Ecija,Science City of Muñoz,2019-06-06,23.0,32.6,75.0,5.4,22.8,216.3
III,Nueva Ecija,Science City of Muñoz,2019-06-07,23.6,32.8,76.6,7.3,23.5,226.9
III,Nueva Ecija,Science City of Muñoz,2019-06-08,23.0,32.6,72.1,0.0,22.2,226.8
III,Nueva Ecija,Science City of Muñoz,2019-06-09,21.7,33.4,79.9,9.4,23.5,226.7
III,Nueva Ecija,Science City of Muñoz,2019-06-10,21.7,34.6,78.9,9.5,23.9,206.9
III,Nueva Ecija,Science City of Muñoz,2019-06-11,22.8,33.7,72.8,-1.4,22.8,224.4
III,Nueva Ecija,Science City of Muñoz,2019-06-12,23.0,33.2,73.1,0.0,22.7,224.1
III,Nueva Ecija,Science City of Muñoz,2019-06-13,22.6,34.4,71.3,0.0,22.8,219.5
III,Nueva Ecija,Science City of Muñoz,2019-06-14,22.6,32.5,72.7,0.0,22.1,217.3
III,Nueva Ecija,Science City of Muñoz,2019-06-15,23.5,33.2,74.3,0.0,23.2,223.3
III,Nueva Ecija,Science City of Muñoz,2019-06-16,23.1,32.7,75.0,0.0,22.9,233.9
III,Nueva Ecija,Science City of Muñoz,2019-06-17,22.8,33.1,73.3,,22.6,218.5
III,Nueva Ecija,Science City of Muñoz,2019-06-18,23.2,34.0,73.8,,23.4,212.6
III,Nueva Ecija,Science City of Muñoz,2019-06-19,23.5,34.1,73.2,0.0,23.4,224.0
III,Nueva Ecija,Science City of Muñoz,2019-06-20,22.1,33.8,69.9,0.0,21.9,218.4
III,Nueva Ecija,Science City of Muñoz,2019-06-21,21.7,34.1,71.5,0.0,22.2,238.1
III,Nueva Ecija,Science City of Muñoz,2019-06-22,22.0,32.9,74.7,5.6,22.4,224.4
III,Nueva Ecija,Science City of Muñoz,2019-06-23,21.6,34.1,69.4,0.0,21.7,215.8
III,Nueva Ecija,Science City of Muñoz,2019-06-24,22.7,34.6,70.6,3.3,22.8,220.3
III,Nueva Ecija,Science City of Muñoz,2019-06-25,22.3,33.2,71.8,2.4,22.1,220.4
III,Nueva Ecija,Science City of Muñoz,2019-06-26,21.4,32.6,70.5,48.5,21.1,183.3
III,Nueva Ecija,Science City of Muñoz,2019-06-27,22.7,,68.0,0.0,22.4,234.2
III,Nueva Ecija,Science City of Muñoz,2019-06-28,21.9,,70.2,0.0,21.9,206.4
III,Nueva Ecija,Science City of Muñoz,2019-06-29,22.3,,69.5,0.0,,217.8
III,Nueva Ecija,Science City of Muñoz,2019-06-30,21.9,,73.9,2.3,,217.9
III,Nueva Ecija,Science City of Muñoz,2019-07-01,22.2,33.0,77.8,6.2,23.2,213.8
III,Nueva Ecija,Science City of Muñoz,2019-07-02,22.7,32.8,74.4,0.0,22.6,227.2
III,Nueva Ecija,Science City of Muñoz,2019-07-03,22.3,33.5,78.7,0.0,23.6,222.2
III,Nueva Ecija,Science City of Muñoz,2019-07-04,21.8,34.2,76.6,0.0,23.3,211.2
III,Nueva Ecija,Science City of Muñoz,2019-07-05,22.0,35.1,80.3,4.5,24.6,218.1
III,Nueva Ecija,Science City of Muñoz,2019-07-06,22.8,34.2,75.3,0.0,23.6,216.3
III,Nueva Ecija,Science City of Muñoz,2019-07-07,22.6,33.1,77.4,8.7,23.3,192.7
III,Nueva Ecija,Science City of Muñoz,2019-07-08,23.0,33.3,76.7,0.0,23.5,225.0
III,Nueva Ecija,Science City of Muñoz,2019-07-09,23.8,33.7,77.3,0.0,24.2,205.5
III,Nueva Ecija,Science City of Muñoz,2019-07-10,24.2,33.5,76.1,0.0,24.1,222.3
III,Nueva Ecija,Science City of Muñoz,2019-07-11,24.1,33.0,81.9,4.7,24.9,224.2
III,Nueva Ecija,Science City of Muñoz,2019-07-12,23.2,34.1,80.1,0.0,24.7,217.1
III,Nueva Ecija,Science City of Muñoz,2019-07-13,23.1,33.3,79.0,0.0,24.0,214.4
III,Nueva Ecija,Science City of Muñoz,2019-07-14,24.0,34.4,80.2,6.0,25.2,212.5
III,Nueva Ecija,Science City of Muñoz,2019-07-15,,34.9,76.4,26.5,24.2,196.4
III,Nueva Ecija,Science City of Muñoz,2019-07-16,,35.1,77.5,9.8,24.9,212.7
III,Nueva Ecija,Science City of Muñoz,2019-07-17,,34.7,75.5,4.2,24.2,201.1
III,Nueva Ecija,Science City of Muñoz,2019-07-18,24.1,34.8,74.5,0.0,24.4,230.8
III,Nueva Ecija,Science City of Muñoz,2019-07-19,24.5,33.8,77.7,5.8,24.7,215.9
III,Nueva Ecija,Science City of Muñoz,2019-07-20,34.153234647875244,33.8,,2.9,24.5,233.6
III,Nueva Ecija,Science City of Muñoz,2019-07-21,23.7,34.3,,1.8,24.5,217.2
III,Nueva Ecija,Science City of Muñoz,2019-07-22,22.8,34.0,,0.0,22.9,
III,Nueva Ecija,Science City of Muñoz,2019-07-23,21.4,32.9,79.4,20.2,23.0,
III,Nueva Ecija,Science City of Muñoz,2019-07-24,21.5,32.9,82.1,11.6,23.6,
III,Nueva Ecija,Science City of Muñoz,2019-07-25,22.1,32.9,76.3,3.5,22.8,
III,Nueva Ecija,Science City of Muñoz,2019-07-26,22.4,33.9,77.0,6.1,23.5,196.9
III,Nueva Ecija,Science City of Muñoz,2019-07-27,22.5,34.1,78.1,1.8,23.9,231.0
III,Nueva Ecija,Science City of Muñoz,2019-07-28,24.2,35.8,75.3,0.0,25.1,221.4
III,Nueva Ecija,Science City of Muñoz,2019-07-29,23.3,34.2,78.4,15.4,24.4,196.6
III,Nueva Ecija,Science City of Muñoz,2019-07-30,24.2,33.0,80.1,11.1,24.6,195.9
III,Nueva Ecija,Science City of Muñoz,2019-07-31,24.2,33.7,81.8,8.6,25.3,214.4
III,Nueva Ecija,Science City of Muñoz,2019-08-01,23.8,34.1,79.1,0.0,24.8,222.9
III,Nueva Ecija,Science City of Muñoz,2019-08-02,23.0,33.0,78.4,0.0,23.7,207.9
III,Nueva Ecija,Science City of Muñoz,2019-08-03,23.6,32.2,82.5,15.0,24.4,203.1
III,Nueva Ecija,Science City of Muñoz,2019-08-04,23.3,32.7,73.8,0.0,22.8,213.2
III,Nueva Ecija,Science City of Muñoz,2019-08-05,22.0,34.0,74.2,0.0,22.8,216.7
III,Nueva Ecija,Science City of Muñoz,2019-08-06,21.9,33.7,72.9,12.4,22.4,204.9
III,Nueva Ecija,Science City of Muñoz,2019-08-07,22.2,33.9,71.5,0.0,22.3,201.7
III,Nueva Ecija,Science City of Muñoz,2019-08-08,22.3,33.0,73.1,0.0,22.3,218.2
III,Nueva Ecija,Science City of Muñoz,2019-08-09,23.8,34.2,71.7,0.0,23.3,202.0
III,Nueva Ecija,Science City of Muñoz,2019-08-10,23.9,33.3,70.0,0.0,22.6,204.7
III,Nueva Ecija,Science City of Muñoz,2019-08-11,23.7,32.7,75.5,6.9,23.3,219.6
III,Nueva Ecija,Science City of Muñoz,2019-08-12,23.3,32.2,73.5,0.0,22.4,215.1
III,Nueva Ecija,Science City of Muñoz,2019-08-13,23.6,34.2,73.8,0.0,23.7,212.5
III,Nueva Ecija,Science City of Muñoz,2019-08-14,23.0,34.2,78.1,6.7,24.2,213.8
III,Nueva Ecija,Science City of Muñoz,2019-08-15,22.8,34.5,78.2,0.0,24.3,198.3
III,Nueva Ecija,Science City of Muñoz,2019-08-16,22.1,32.6,75.9,0.0,22.5,225.4
III,Nueva Ecija,Science City of Muñoz,2019-08-17,22.3,32.1,77.6,0.0,22.7,213.9
III,Nueva Ecija,Science City of Muñoz,2019-08-18,21.9,32.5,81.1,12.6,23.4,193.7
III,Nueva Ecija,Science City of Muñoz,2019-08-19,21.9,31.6,78.1,17.2,22.4,200.9
III,Nueva Ecija,Science City of Muñoz,2019-08-20,22.2,31.6,73.6,0.0,21.6,206.9
III,Nueva Ecija,Science City of Muñoz,2019-08-21,22.4,33.8,78.9,9.8,23.9,201.8
III,Nueva Ecija,Science City of Muñoz,2019-08-22,23.1,34.4,78.6,3.1,24.5,206.1
III,Nueva Ecija,Science City of Muñoz,2019-08-23,23.4,32.0,82.2,4.7,24.1,212.8
III,Nueva Ecija,Science City of Muñoz,2019-08-24,23.6,32.9,78.4,0.0,23.9,215.8
III,Nueva Ecija,Science City of Muñoz,2019-08-25,23.3,33.0,79.2,0.0,24.0,233.3
III,Nueva Ecija,Science City of Muñoz,2019-08-26,22.7,31.6,84.5,13.0,24.0,203.0
III,Nueva Ecija,Science City of Muñoz,2019-08-27,23.1,31.9,82.6,9.1,24.0,199.3
III,Nueva Ecija,Science City of Muñoz,2019-08-28,24.0,34.1,79.4,0.0,24.9,215.8
III,Nueva Ecija,Science City of Muñoz,2019-08-29,23.6,33.8,77.5,0.0,24.2,211.8
III,Nueva Ecija,Science City of Muñoz,2019-08-30,23.5,33.7,,0.0,23.9,217.7
III,Nueva Ecija,Science City of Muñoz,2019-08-31,22.9,34.8,,12.8,25.4,197.1
III,Nueva Ecija,Science City of Muñoz,2019-09-01,22.2,35.7,79.0,0.0,24.8,214.6
III,Nueva Ecija,Science City of Muñoz,2019-09-02,21.6,36.8,81.3,16.5,25.5,202.2
III,Nueva Ecija,Science City of Muñoz,2019-09-03,21.8,35.0,84.4,30.9,25.3,192.0
III,Nueva Ecija,Science City of Muñoz,2019-09-04,22.8,34.5,82.2,9.0,25.1,211.4
III,Nueva Ecija,Science City of Muñoz,2019-09-05,23.0,33.5,,0.0,23.9,215.6
III,Nueva Ecija,Science City of Muñoz,2019-09-06,24.1,33.0,,14.2,25.1,190.8
III,Nueva Ecija,Science City of Muñoz,2019-09-07,24.6,32.6,,0.0,23.8,205.3
III,Nueva Ecija,Science City of Muñoz,2019-09-08,24.3,32.1,75.6,0.0,23.3,225.0
III,Nueva Ecija,Science City of Muñoz,2019-09-09,24.3,,73.3,0.0,23.6,213.0
III,Nueva Ecija,Science City of Muñoz,2019-09-10,23.2,,75.0,0.0,24.0,215.3
III,Nueva Ecija,Science City of Muñoz,2019-09-11,23.1,35.8,79.4,1.1,25.3,203.1
III,Nueva Ecija,Science City of Muñoz,2019-09-12,23.3,34.6,79.8,2.3,24.9,207.3
III,Nueva Ecija,Science City of Muñoz,2019-09-13,23.4,35.0,73.7,1.0,23.9,216.1
III,Nueva Ecija,Science City of Muñoz,2019-09-14,23.6,36.5,79.3,3.1,25.9,217.1
III,Nueva Ecija,Science City of Muñoz,2019-09-15,23.2,35.5,76.1,0.0,24.6,209.0
III,Nueva Ecija,Science City of Muñoz,2019-09-16,22.3,34.9,78.5,10.2,24.3,198.7
III,Nueva Ecija,Science City of Muñoz,2019-09-17,22.6,34.0,78.8,3.8,24.1,216.6
III,Nueva Ecija,Science City of Muñoz,2019-09-18,24.2,34.6,80.0,8.7,25.4,192.4
III,Nueva Ecija,Science City of Muñoz,2019-09-19,23.3,35.0,79.1,4.4,25.0,217.2
III,Nueva Ecija,Science City of Muñoz,2019-09-20,22.8,34.6,79.8,1.6,24.7,215.0
III,Nueva Ecija,Science City of Muñoz,2019-09-21,21.7,31.5,79.9,28.8,22.6,184.9
III,Nueva Ecija,Science City of Muñoz,2019-09-22,22.1,33.4,79.6,13.4,23.7,206.4
III,Nueva Ecija,Science City of Muñoz,2019-09-23,21.1,32.5,81.3,50.6,23.1,167.7
III,Nueva Ecija,Science City of Muñoz,2019-09-24,22.4,34.3,83.6,8.7,,221.5
III,Nueva Ecija,Science City of Muñoz,2019-09-25,23.1,34.3,76.4,0.0,,233.3
III,Nueva Ecija,Science City of Muñoz,2019-09-26,,34.1,74.5,0.0,,212.8
III,Nueva Ecija,Science City of Muñoz,2019-09-27,,34.5,72.3,0.0,23.1,207.2
III,Nueva Ecija,Science City of Muñoz,2019-09-28,,31.4,76.1,30.5,21.7,184.9
III,Nueva Ecija,Science City of Muñoz,2019-09-29,,34.3,77.7,5.1,23.7,210.6
III,Nueva Ecija,Science City of Muñoz,2019-09-30,,34.0,81.5,4.7,24.4,224.0
III,Nueva Ecija,Science City of Muñoz,2019-10-01,22.6,32.8,74.8,0.0,22.7,212.3
III,Nueva Ecija,Science City of Muñoz,2019-10-02,22.2,33.0,79.5,3.4,23.5,193.1
III,Nueva Ecija,Science City of Muñoz,2019-10-03,21.9,32.9,76.3,15.8,22.7,203.6
III,Nueva Ecija,Science City of Muñoz,2019-10-04,22.7,31.8,79.3,13.0,23.1,
III,Nueva Ecija,Science City of Muñoz,2019-10-05,22.6,33.5,72.1,0.2,22.5,
III,Nueva Ecija,Science City of Muñoz,2019-10-06,23.1,34.1,79.2,4.2,24.4,223.3
III,Nueva Ecija,Science City of Muñoz,2019-10-07,22.7,33.4,75.6,1.8,23.2,197.8
III,Nueva Ecija,Science City of Muñoz,2019-10-08,23.0,34.8,71.5,0.0,23.2,209.4
III,Nueva Ecija,Science City of Muñoz,2019-10-09,22.3,33.9,79.4,17.9,24.0,208.8
III,Nueva Ecija,Science City of Muñoz,2019-10-10,21.2,35.6,80.0,21.0,24.4,202.4
III,Nueva Ecija,Science City of Muñoz,2019-10-11,21.2,33.2,79.0,118.0,23.0,164.6
III,Nueva Ecija,Science City of Muñoz,2019-10-12,21.8,33.6,77.1,0.0,23.1,209.5
III,Nueva Ecija,Science City of Muñoz,2019-10-13,20.7,33.1,81.5,32.1,23.2,184.0
III,Nueva Ecija,Science City of Muñoz,2019-10-14,21.5,34.5,80.5,9.5,24.1,210.3
III,Nueva Ecija,Science City of Muñoz,2019-10-15,22.3,34.9,79.0,7.6,24.4,210.6
III,Nueva Ecija,Science City of Muñoz,2019-10-16,22.5,34.6,78.6,1.6,24.3,239.7
III,Nueva Ecija,Science City of Muñoz,2019-10-17,22.1,31.3,76.1,59.5,,166.3
III,Nueva Ecija,Science City of Muñoz,2019-10-18,22.2,34.8,71.8,0.0,,234.5
III,Nueva Ecija,Science City of Muñoz,2019-10-19,21.8,35.1,70.1,0.0,,217.4
III,Nueva Ecija,Science City of Muñoz,2019-10-20,22.1,33.8,76.5,10.7,23.2,205.0
III,Nueva Ecija,Science City of Muñoz,2019-10-21,22.7,34.3,70.0,0.0,22.5,217.3
III,Nueva Ecija,Science City of Muñoz,2019-10-22,23.1,34.3,70.3,0.0,22.8,219.9
III,Nueva Ecija,Science City of Muñoz,2019-10-23,32.97419601410538,32.6,75.0,6.3,22.8,209.7
III,Nueva Ecija,Science City of Muñoz,2019-10-24,24.5,31.5,80.1,14.9,24.0,191.3
III,Nueva Ecija,Science City of Muñoz,2019-10-25,24.0,31.6,79.1,9.4,23.6,197.1
III,Nueva Ecija,Science City of Muñoz,2019-10-26,24.2,32.9,74.7,7.1,23.5,208.0
III,Nueva Ecija,Science City of Muñoz,2019-10-27,24.5,34.4,73.0,0.0,24.0,213.3
III,Nueva Ecija,Science City of Muñoz,2019-10-28,24.4,34.9,79.7,13.7,25.6,202.9
III,Nueva Ecija,Science City of Muñoz,2019-10-29,23.5,36.1,83.6,1.3,26.5,227.9
III,Nueva Ecija,Science City of Muñoz,2019-10-30,24.0,35.0,81.4,7.7,25.8,213.1
III,Nueva Ecija,Science City of Muñoz,2019-10-31,23.3,35.3,82.2,17.4,25.7,216.7
III,Nueva Ecija,Science City of Muñoz,2019-11-01,22.9,34.9,79.2,0.0,,225.5
III,Nueva Ecija,Science City of Muñoz,2019-11-02,23.1,34.3,81.9,7.4,,218.7
III,Nueva Ecija,Science City of Muñoz,2019-11-03,23.7,35.4,75.6,0.0,,221.5
III,Nueva Ecija,Science City of Muñoz,2019-11-04,25.0,36.2,73.2,0.4,25.2,228.3
III,Nueva Ecija,Science City of Muñoz,2019-11-05,24.4,35.3,72.2,0.0,24.3,217.6
III,Nueva Ecija,Science City of Muñoz,2019-11-06,24.9,35.7,72.8,0.0,24.9,212.5
III,Nueva Ecija,Science City of Muñoz,2019-11-07,23.4,35.1,80.3,16.9,25.3,204.7
III,Nueva Ecija,Science City of Muñoz,2019-11-08,22.7,34.1,82.0,11.1,24.8,221.5
III,Nueva Ecija,Science City of Muñoz,2019-11-09,23.0,33.9,79.4,13.1,24.3,225.8
III,Nueva Ecija,Science City of Muñoz,2019-11-10,22.3,34.3,79.3,14.0,24.2,202.0
III,Nueva Ecija,Science City of Muñoz,2019-11-11,22.6,33.5,79.6,6.5,24.0,218.5
III,Nueva Ecija,Science City of Muñoz,2019-11-12,21.5,33.9,76.7,7.8,23.0,210.4
III,Nueva Ecija,Science City of Muñoz,2019-11-13,23.4,33.0,72.0,0.0,22.6,221.7
III,Nueva Ecija,Science City of Muñoz,2019-11-14,23.5,34.0,72.6,0.0,23.3,228.9
III,Nueva Ecija,Science City of Muñoz,2019-11-15,23.9,33.7,76.1,0.0,24.0,233.2
III,Nueva Ecija,Science City of Muñoz,2019-11-16,23.5,34.8,76.1,0.0,24.4,222.8
III,Nueva Ecija,Science City of Muñoz,2019-11-17,23.1,34.3,74.4,0.0,23.6,220.2
III,Nueva Ecija,Science City of Muñoz,2019-11-18,22.6,34.8,71.7,0.0,,223.8
III,Nueva Ecija,Science City of Muñoz,2019-11-19,23.2,34.9,71.1,0.0,,225.3
III,Nueva Ecija,Science City of Muñoz,2019-11-20,23.5,33.8,75.9,16.6,,206.7
III,Nueva Ecija,Science City of Muñoz,2019-11-21,22.8,32.2,78.7,37.6,,194.3
III,Nueva Ecija,Science City of Muñoz,2019-11-22,23.3,34.7,73.4,0.0,23.7,225.2
III,Nueva Ecija,Science City of Muñoz,2019-11-23,22.9,34.9,79.7,7.8,24.8,221.5
III,Nueva Ecija,Science City of Muñoz,2019-11-24,23.8,35.4,74.8,0.0,24.6,222.0
III,Nueva Ecija,Science City of Muñoz,2019-11-25,22.7,33.5,73.6,0.0,22.8,206.4
III,Nueva Ecija,Science City of Muñoz,2019-11-26,22.0,32.5,73.3,0.0,21.9,226.8
III,Nueva Ecija,Science City of Muñoz,2019-11-27,22.2,32.7,75.3,0.0,22.5,240.9
III,Nueva Ecija,Science City of Muñoz,2019-11-28,23.2,33.3,75.1,0.0,23.3,226.4
III,Nueva Ecija,Science City of Muñoz,2019-11-29,23.3,33.4,73.6,0.0,23.1,232.4
III,Nueva Ecija,Science City of Muñoz,2019-11-30,22.7,33.5,73.1,0.0,22.7,225.5
III,Nueva Ecija,Science City of Muñoz,2019-12-01,22.8,33.2,77.6,3.1,23.5,233.3
III,Nueva Ecija,Science City of Muñoz,2019-12-02,22.1,32.8,71.5,0.0,21.8,229.6
III,Nueva Ecija,Science City of Muñoz,2019-12-03,21.9,33.0,75.3,0.0,22.5,229.7
III,Nueva Ecija,Science City of Muñoz,2019-12-04,22.1,34.1,76.6,2.4,23.4,215.8
III,Nueva Ecija,Science City of Muñoz,2019-12-05,23.1,34.7,69.7,0.0,22.8,237.9
III,Nueva Ecija,Science City of Muñoz,2019-12-06,21.6,34.5,72.0,14.7,22.5,222.5
III,Nueva Ecija,Science City of Muñoz,2019-12-07,22.0,34.4,70.1,5.8,22.2,
III,Nueva Ecija,Science City of Muñoz,2019-12-08,22.7,34.4,68.9,0.0,22.3,
III,Nueva Ecija,Science City of Muñoz,2019-12-09,22.4,33.8,69.5,0.0,22.0,
III,Nueva Ecija,Science City of Muñoz,2019-12-10,22.0,33.7,70.3,0.0,21.9,233.4
III,Nueva Ecija,Science City of Muñoz,2019-12-11,21.4,32.6,76.0,,22.2,221.4
III,Nueva Ecija,Science City of Muñoz,2019-12-12,22.1,34.4,72.7,,22.8,224.0
III,Nueva Ecija,Science City of Muñoz,2019-12-13,22.0,34.3,77.5,,23.6,206.2
III,Nueva Ecija,Science City of Muñoz,2019-12-14,22.4,35.5,75.4,0.0,24.0,235.9
III,Nueva Ecija,Science City of Muñoz,2019-12-15,22.1,34.5,73.8,0.0,23.1,219.9
III,Nueva Ecija,Science City of Muñoz,2019-12-16,22.7,34.5,72.1,0.0,23.0,235.8
III,Nueva Ecija,Science City of Muñoz,2019-12-17,23.5,34.2,72.1,0.0,23.3,218.1
III,Nueva Ecija,Science City of Muñoz,2019-12-18,23.0,33.0,69.8,0.0,22.0,236.4
III,Nueva Ecija,Science City of Muñoz,2019-12-19,23.8,32.7,69.4,0.0,22.1,229.6
III,Nueva Ecija,Science City of Muñoz,2019-12-20,23.6,33.5,68.5,0.0,22.2,242.1
III,Nueva Ecija,Science City of Muñoz,2019-12-21,23.2,33.4,63.3,0.0,21.0,235.0
III,Nueva Ecija,Science City of Muñoz,2019-12-22,21.7,32.5,71.3,1.1,21.4,223.0
III,Nueva Ecija,Science City of Muñoz,2019-12-23,21.1,31.8,74.4,,21.3,206.2
III,Nueva Ecija,Science City of Muñoz,2019-12-24,21.5,31.5,73.5,,21.2,213.4
III,Nueva Ecija,Science City of Muñoz,2019-12-25,21.3,34.0,70.1,,21.7,240.8
III,Nueva Ecija,Science City of Muñoz,2019-12-26,22.1,34.0,66.2,0.0,21.3,237.8
III,Nueva Ecija,Science City of Muñoz,2019-12-27,21.6,33.6,68.9,11.0,21.4,226.1
III,Nueva Ecija,Science City of Muñoz,2019-12-28,22.4,33.2,64.7,0.0,20.7,223.1
III,Nueva Ecija,Science City of Muñoz,2019-12-29,23.4,32.5,66.4,0.0,21.2,223.9
III,Nueva Ecija,Science City of Muñoz,2019-12-30,23.8,32.8,67.2,0.0,21.7,244.8
III,Nueva Ecija,Science City of Muñoz,2019-12-31,23.0,32.9,67.2,0.0,21.4,228.8
III,Nueva Ecija,Science City of Muñoz,2020-01-01,23.0,32.9,67.0,0.0,21.4,244.3
III,Nueva Ecija,Science City of Muñoz,2020-01-02,22.9,32.9,66.7,0.0,21.2,246.7
III,Nueva Ecija,Science City of Muñoz,2020-01-03,22.2,32.7,66.7,0.0,20.8,231.4
III,Nueva Ecija,Science City of Muñoz,2020-01-04,22.9,32.6,65.0,0.0,20.8,243.3
III,Nueva Ecija,Science City of Muñoz,2020-01-05,22.8,33.9,66.4,0.0,21.6,250.8
III,Nueva Ecija,Science City of Muñoz,2020-01-06,22.8,33.9,67.2,0.0,21.8,250.1
III,Nueva Ecija,Science City of Muñoz,2020-01-07,23.1,33.2,68.3,0.0,21.8,227.6
III,Nueva Ecija,Science City of Muñoz,2020-01-08,23.8,31.9,65.5,0.0,21.0,238.8
III,Nueva Ecija,Science City of Muñoz,2020-01-09,23.5,31.8,69.0,0.0,21.4,229.0
III,Nueva Ecija,Science City of Muñoz,2020-01-10,23.0,32.1,69.0,0.0,21.4,234.3
III,Nueva Ecija,Science City of Muñoz,2020-01-11,22.5,31.4,67.4,0.0,20.4,251.8
III,Nueva Ecija,Science City of Muñoz,2020-01-12,22.2,33.8,65.8,0.0,21.2,230.9
III,Nueva Ecija,Science City of Muñoz,2020-01-13,21.2,33.3,63.0,0.0,19.8,246.7
III,Nueva Ecija,Science City of Muñoz,2020-01-14,20.8,32.6,65.4,0.0,19.8,236.3
III,Nueva Ecija,Science City of Muñoz,2020-01-15,21.7,33.4,65.8,0.0,20.7,237.9
III,Nueva Ecija,Science City of Muñoz,2020-01-16,20.9,32.6,63.7,0.0,19.5,237.2
III,Nueva Ecija,Science City of Muñoz,2020-01-17,20.3,32.9,68.0,2.4,20.2,243.8
III,Nueva Ecija,Science City of Muñoz,2020-01-18,20.9,33.1,62.6,0.0,19.5,229.2
III,Nueva Ecija,Science City of Muñoz,2020-01-19,21.5,33.3,66.3,0.0,20.7,231.3
III,Nueva Ecija,Science City of Muñoz,2020-01-20,20.9,32.4,68.0,0.0,20.2,236.1
III,Nueva Ecija,Science City of Muñoz,2020-01-21,21.4,33.9,66.8,0.0,21.0,232.2
III,Nueva Ecija,Science City of Muñoz,2020-01-22,20.6,32.9,67.9,0.0,20.3,235.2
III,Nueva Ecija,Science City of Muñoz,2020-01-23,22.0,32.2,,0.0,20.6,235.7
III,Nueva Ecija,Science City of Muñoz,2020-01-24,22.2,32.7,,0.0,20.4,245.5
III,Nueva Ecija,Science City of Muñoz,2020-01-25,22.9,33.5,62.2,0.0,20.6,239.2
III,Nueva Ecija,Science City of Muñoz,2020-01-26,21.5,34.5,64.1,0.0,20.8,249.4
III,Nueva Ecija,Science City of Muñoz,2020-01-27,22.0,33.8,62.4,0.0,20.4,229.7
III,Nueva Ecija,Science City of Muñoz,2020-01-28,21.3,34.6,65.4,0.0,21.0,245.9
III,Nueva Ecija,Science City of Muñoz,2020-01-29,21.8,33.6,68.5,0.0,21.4,251.3
III,Nueva Ecija,Science City of Muñoz,2020-01-30,22.8,34.3,70.3,0.0,22.6,237.0
III,Nueva Ecija,Science City of Muñoz,2020-01-31,22.2,32.2,69.5,0.0,21.1,243.0
III,Nueva Ecija,Science City of Muñoz,2020-02-01,22.0,,69.6,0.0,21.3,242.5
III,Nueva Ecija,Science City of Muñoz,2020-02-02,21.4,,70.9,0.0,21.0,231.6
III,Nueva Ecija,Science City of Muñoz,2020-02-03,21.3,,69.9,0.0,21.6,243.4
III,Nueva Ecija,Science City of Muñoz,2020-02-04,22.1,34.4,73.5,0.0,23.0,238.6
III,Nueva Ecija,Science City of Muñoz,2020-02-05,20.9,33.8,70.5,0.0,21.4,244.8
III,Nueva Ecija,Science City of Muñoz,2020-02-06,20.6,33.0,70.3,0.0,20.9,237.3
III,Nueva Ecija,Science City of Muñoz,2020-02-07,21.3,33.2,67.5,,20.8,228.1
III,Nueva Ecija,Science City of Muñoz,2020-02-08,21.9,32.9,66.0,,20.6,233.0
III,Nueva Ecija,Science City of Muñoz,2020-02-09,21.6,32.9,65.0,0.0,20.2,232.4
III,Nueva Ecija,Science City of Muñoz,2020-02-10,21.4,33.0,69.5,0.0,21.1,235.7
III,Nueva Ecija,Science City of Muñoz,2020-02-11,21.9,31.1,72.4,5.0,21.0,234.4
III,Nueva Ecija,Science City of Muñoz,2020-02-12,21.4,31.7,71.1,6.2,20.8,220.5
III,Nueva Ecija,Science City of Muñoz,2020-02-13,22.3,32.5,66.3,0.0,20.7,230.2
III,Nueva Ecija,Science City of Muñoz,2020-02-14,23.2,31.3,64.8,0.0,20.2,239.6
III,Nueva Ecija,Science City of Muñoz,2020-02-15,23.2,31.7,63.0,0.0,20.0,246.0
III,Nueva Ecija,Science City of Muñoz,2020-02-16,23.1,32.0,65.4,0.0,20.6,225.1
III,Nueva Ecija,Science City of Muñoz,2020-02-17,23.9,33.0,59.3,0.0,20.3,249.5
III,Nueva Ecija,Science City of Muñoz,2020-02-18,23.0,32.5,63.8,0.0,20.5,240.4
III,Nueva Ecija,Science City of Muñoz,2020-02-19,22.2,33.6,60.5,0.0,20.0,243.8
III,Nueva Ecija,Science City of Muñoz,2020-02-20,22.5,34.3,58.6,0.0,20.1,246.5
III,Nueva Ecija,Science City of Muñoz,2020-02-21,21.9,33.9,59.9,0.0,19.9,237.1
III,Nueva Ecija,Science City of Muñoz,2020-02-22,21.6,34.9,60.0,0.0,20.2,247.6
III,Nueva Ecija,Science City of Muñoz,2020-02-23,22.5,34.7,62.1,0.0,21.0,228.7
III,Nueva Ecija,Science City of Muñoz,2020-02-24,22.7,34.6,64.1,0.0,21.5,238.2
III,Nueva Ecija,Science City of Muñoz,2020-02-25,22.8,33.6,67.4,0.0,21.7,239.0
III,Nueva Ecija,Science City of Muñoz,2020-02-26,,32.9,70.8,6.8,21.7,220.6
III,Nueva Ecija,Science City of Muñoz,2020-02-27,,34.0,63.0,0.0,21.0,234.5
III,Nueva Ecija,Science City of Muñoz,2020-02-28,21.8,34.7,66.8,0.0,21.6,237.0
III,Nueva Ecija,Science City of Muñoz,2020-02-29,21.8,32.9,68.4,0.0,21.0,250.5
III,Nueva Ecija,Science City of Muñoz,2020-03-01,22.5,32.6,69.8,0.0,21.5,230.3
III,Nueva Ecija,Science City of Muñoz,2020-03-02,21.9,33.6,67.9,0.0,21.3,240.6
III,Nueva Ecija,Science City of Muñoz,2020-03-03,23.3,34.4,65.4,0.0,21.9,233.0
III,Nueva Ecija,Science City of Muñoz,2020-03-04,23.9,34.1,66.2,0.0,22.2,235.1
III,Nueva Ecija,Science City of Muñoz,2020-03-05,23.4,33.9,69.4,0.0,22.5,229.5
III,Nueva Ecija,Science City of Muñoz,2020-03-06,22.7,33.1,67.1,0.0,21.3,225.6
III,Nueva Ecija,Science City of Muñoz,2020-03-07,22.1,32.4,66.1,0.0,20.5,247.4
III,Nueva Ecija,Science City of Muñoz,2020-03-08,21.6,32.5,68.5,0.0,20.8,245.1
III,Nueva Ecija,Science City of Muñoz,2020-03-09,21.6,33.7,69.1,0.0,21.5,241.0
III,Nueva Ecija,Science City of Muñoz,2020-03-10,21.1,31.5,70.7,35.1,20.4,216.7
III,Nueva Ecija,Science City of Muñoz,2020-03-11,22.2,33.2,66.5,0.0,21.0,241.6
III,Nueva Ecija,Science City of Muñoz,2020-03-12,21.7,,67.4,0.0,21.2,243.5
III,Nueva Ecija,Science City of Muñoz,2020-03-13,22.0,,66.7,0.0,21.3,240.5
III,Nueva Ecija,Science City of Muñoz,2020-03-14,21.9,34.0,68.7,0.0,21.7,249.3
III,Nueva Ecija,Science City of Muñoz,2020-03-15,20.8,35.1,72.2,0.0,22.4,247.7
III,Nueva Ecija,Science City of Muñoz,2020-03-16,21.4,33.6,74.8,1.3,22.5,244.1
III,Nueva Ecija,Science City of Muñoz,2020-03-17,22.1,33.3,70.4,0.0,21.8,232.4
III,Nueva Ecija,Science City of Muñoz,2020-03-18,22.3,32.6,67.2,0.0,20.9,239.6
III,Nueva Ecija,Science City of Muñoz,2020-03-19,22.1,32.2,64.6,0.0,20.1,
III,Nueva Ecija,Science City of Muñoz,2020-03-20,21.9,32.6,64.4,0.0,20.1,
III,Nueva Ecija,Science City of Muñoz,2020-03-21,22.7,31.7,63.2,0.0,19.8,
III,Nueva Ecija,Science City of Muñoz,2020-03-22,22.4,32.2,65.8,0.0,20.5,
III,Nueva Ecija,Science City of Muñoz,2020-03-23,22.3,34.0,65.1,0.0,21.2,231.7
III,Nueva Ecija,Science City of Muñoz,2020-03-24,23.0,34.0,65.6,0.0,21.6,240.8
III,Nueva Ecija,Science City of Muñoz,2020-03-25,22.9,32.7,65.0,0.0,20.8,242.3
III,Nueva Ecija,Science City of Muñoz,2020-03-26,22.6,32.1,65.5,0.0,20.5,234.2
III,Nueva Ecija,Science City of Muñoz,2020-03-27,21.3,32.1,66.7,0.0,20.0,248.1
III,Nueva Ecija,Science City of Muñoz,2020-03-28,22.3,32.6,63.1,0.0,20.1,239.9
III,Nueva Ecija,Science City of Muñoz,2020-03-29,21.9,32.8,65.0,0.0,20.3,231.1
III,Nueva Ecija,Science City of Muñoz,2020-03-30,22.5,31.0,70.9,9.0,20.9,244.8
III,Nueva Ecija,Science City of Muñoz,2020-03-31,22.5,31.5,69.6,3.5,20.9,244.6
III,Nueva Ecija,Science City of Muñoz,2020-04-01,22.6,32.4,68.5,0.0,21.2,242.2
III,Nueva Ecija,Science City of Muñoz,2020-04-02,22.0,31.5,66.5,0.0,20.0,246.4
III,Nueva Ecija,Science City of Muñoz,2020-04-03,22.9,32.2,70.6,0.0,21.7,236.9
III,Nueva Ecija,Science City of Muñoz,2020-04-04,23.2,33.1,68.8,0.0,21.9,238.8
III,Nueva Ecija,Science City of Muñoz,2020-04-05,23.6,33.3,67.3,0.0,21.9,248.5
III,Nueva Ecija,Science City of Muñoz,2020-04-06,23.1,36.2,64.6,0.0,22.6,226.6
III,Nueva Ecija,Science City of Muñoz,2020-04-07,22.7,34.6,68.3,0.0,22.3,246.1
III,Nueva Ecija,Science City of Muñoz,2020-04-08,22.5,33.7,66.1,0.0,21.3,253.2
III,Nueva Ecija,Science City of Muñoz,2020-04-09,23.0,35.2,69.6,0.0,23.0,245.1
III,Nueva Ecija,Science City of Muñoz,2020-04-10,23.7,35.1,71.0,0.0,23.6,242.6
III,Nueva Ecija,Science City of Muñoz,2020-04-11,23.0,,75.9,23.3,23.1,211.0
III,Nueva Ecija,Science City of Muñoz,2020-04-12,24.3,,72.7,0.0,23.6,218.9
III,Nueva Ecija,Science City of Muñoz,2020-04-13,23.2,,71.7,0.0,23.5,236.5
III,Nueva Ecija,Science City of Muñoz,2020-04-14,22.0,35.3,70.8,0.0,22.8,241.1
III,Nueva Ecija,Science City of Muñoz,2020-04-15,22.8,34.1,68.5,19.6,22.2,222.2
III,Nueva Ecija,Science City of Muñoz,2020-04-16,22.5,33.4,67.7,0.0,21.5,247.2
III,Nueva Ecija,Science City of Muñoz,2020-04-17,22.1,32.7,68.9,0.0,21.2,234.0
III,Nueva Ecija,Science City of Muñoz,2020-04-18,22.2,33.1,64.8,0.0,,238.0
III,Nueva Ecija,Science City of Muñoz,2020-04-19,22.9,32.4,66.4,0.0,,223.1
III,Nueva Ecija,Science City of Muñoz,2020-04-20,23.6,32.3,66.8,0.0,,239.8
III,Nueva Ecija,Science City of Muñoz,2020-04-21,23.0,31.0,74.7,7.4,,235.7
III,Nueva Ecija,Science City of Muñoz,2020-04-22,23.1,31.8,65.7,0.0,,227.6
III,Nueva Ecija,Science City of Muñoz,2020-04-23,22.5,32.9,65.3,0.0,20.8,220.6
III,Nueva Ecija,Science City of Muñoz,2020-04-24,22.3,34.0,64.8,0.0,21.1,227.5
III,Nueva Ecija,Science City of Muñoz,2020-04-25,22.5,32.6,66.8,7.8,20.9,225.7
III,Nueva Ecija,Science City of Muñoz,2020-04-26,23.0,31.5,65.5,0.0,20.4,244.9
III,Nueva Ecija,Science City of Muñoz,2020-04-27,23.0,30.4,70.4,7.6,20.8,238.0
III,Nueva Ecija,Science City of Muñoz,2020-04-28,22.7,33.6,69.2,0.0,22.0,237.0
III,Nueva Ecija,Science City of Muñoz,2020-04-29,22.3,35.9,69.4,0.0,23.0,241.2
III,Nueva Ecija,Science City of Muñoz,2020-04-30,22.1,35.6,68.7,0.0,22.6,232.4
III,Nueva Ecija,Science City of Muñoz,2020-05-01,22.3,33.9,67.8,,21.7,239.2
III,Nueva Ecija,Science City of Muñoz,2020-05-02,22.3,34.2,71.3,,22.5,224.8
III,Nueva Ecija,Science City of Muñoz,2020-05-03,21.7,33.0,68.5,,21.0,226.9
III,Nueva Ecija,Science City of Muñoz,2020-05-04,21.7,34.0,74.5,5.2,22.8,235.1
III,Nueva Ecija,Science City of Muñoz,2020-05-05,22.1,34.1,75.7,3.6,23.2,230.5
III,Nueva Ecija,Science City of Muñoz,2020-05-06,21.4,33.3,71.1,0.0,21.6,230.3
III,Nueva Ecija,Science City of Muñoz,2020-05-07,21.2,31.6,67.4,0.0,19.9,233.6
III,Nueva Ecija,Science City of Muñoz,2020-05-08,22.4,32.4,69.5,0.0,21.3,237.2
III,Nueva Ecija,Science City of Muñoz,2020-05-09,22.3,34.1,67.6,0.0,21.7,232.0
III,Nueva Ecija,Science City of Muñoz,2020-05-10,22.3,34.2,69.1,0.0,22.1,236.7
III,Nueva Ecija,Science City of Muñoz,2020-05-11,21.8,35.3,66.7,0.0,21.9,237.1
III,Nueva Ecija,Science City of Muñoz,2020-05-12,22.6,35.2,66.1,0.0,22.1,232.4
III,Nueva Ecija,Science City of Muñoz,2020-05-13,22.0,36.0,72.5,5.8,23.5,226.7
III,Nueva Ecija,Science City of Muñoz,2020-05-14,22.0,33.0,76.5,13.0,22.8,219.4
III,Nueva Ecija,Science City of Muñoz,2020-05-15,21.7,33.9,72.8,0.0,22.4,226.2
III,Nueva Ecija,Science City of Muñoz,2020-05-16,20.8,34.2,71.5,0.0,21.8,213.4
III,Nueva Ecija,Science City of Muñoz,2020-05-17,21.6,36.3,70.0,0.0,23.0,228.1
III,Nueva Ecija,Science City of Muñoz,2020-05-18,22.5,34.6,67.7,0.0,22.1,239.2
III,Nueva Ecija,Science City of Muñoz,2020-05-19,,34.6,66.8,0.0,22.3,224.9
III,Nueva Ecija,Science City of Muñoz,2020-05-20,,34.4,71.9,7.5,22.9,213.8
III,Nueva Ecija,Science City of Muñoz,2020-05-21,,33.5,69.4,0.0,22.4,220.4
III,Nueva Ecija,Science City of Muñoz,2020-05-22,,32.0,69.4,6.9,21.3,219.5
III,Nueva Ecija,Science City of Muñoz,2020-05-23,22.6,32.7,65.7,0.0,20.8,231.2
III,Nueva Ecija,Science City of Muñoz,2020-05-24,22.3,33.2,69.7,0.0,21.7,233.6
III,Nueva Ecija,Science City of Muñoz,2020-05-25,23.2,33.2,70.1,0.0,22.2,223.0
III,Nueva Ecija,Science City of Muñoz,2020-05-26,23.5,33.6,70.2,0.0,,224.7
III,Nueva Ecija,Science City of Muñoz,2020-05-27,24.2,32.6,73.7,5.1,,226.7
III,Nueva Ecija,Science City of Muñoz,2020-05-28,23.1,31.5,71.1,15.2,,230.4
III,Nueva Ecija,Science City of Muñoz,2020-05-29,24.0,31.9,69.4,0.0,,221.3
III,Nueva Ecija,Science City of Muñoz,2020-05-30,22.1,33.8,69.6,0.0,21.9,224.1
III,Nueva Ecija,Science City of Muñoz,2020-05-31,22.8,33.4,70.4,0.0,22.2,236.4
III,Nueva Ecija,Science City of Muñoz,2020-06-01,22.5,33.4,75.7,6.7,23.1,212.0
III,Nueva Ecija,Science City of Muñoz,2020-06-02,22.7,33.4,75.5,0.0,23.2,248.4
III,Nueva Ecija,Science City of Muñoz,2020-06-03,22.9,35.0,79.0,0.0,24.8,238.9
III,Nueva Ecija,Science City of Muñoz,2020-06-04,22.8,35.4,77.3,0.0,24.6,219.6
III,Nueva Ecija,Science City of Muñoz,2020-06-05,22.9,33.8,76.0,22.5,23.5,211.5
III,Nueva Ecija,Science City of Muñoz,2020-06-06,22.3,34.0,75.6,0.0,23.3,235.9
III,Nueva Ecija,Science City of Muñoz,2020-06-07,23.6,35.3,74.5,0.0,24.4,235.5
III,Nueva Ecija,Science City of Muñoz,2020-06-08,23.1,35.6,76.4,2.2,24.6,224.5
III,Nueva Ecija,Science City of Muñoz,2020-06-09,22.7,34.9,75.6,12.8,23.9,211.9
III,Nueva Ecija,Science City of Muñoz,2020-06-10,22.5,35.2,73.4,0.0,23.5,231.2
III,Nueva Ecija,Science City of Muñoz,2020-06-11,22.9,35.4,70.7,0.8,23.3,217.2
III,Nueva Ecija,Science City of Muñoz,2020-06-12,23.7,35.3,75.5,0.0,24.6,226.4
III,Nueva Ecija,Science City of Muñoz,2020-06-13,23.0,35.4,80.2,13.5,25.2,201.1
III,Nueva Ecija,Science City of Muñoz,2020-06-14,23.8,35.4,76.3,0.0,24.9,225.8
III,Nueva Ecija,Science City of Muñoz,2020-06-15,23.4,34.3,78.5,0.0,24.5,226.0
III,Nueva Ecija,Science City of Muñoz,2020-06-16,22.7,34.8,79.9,7.1,24.7,207.3
III,Nueva Ecija,Science City of Muñoz,2020-06-17,22.6,35.9,77.7,0.0,24.8,229.4
III,Nueva Ecija,Science City of Muñoz,2020-06-18,22.7,35.6,76.0,0.0,24.3,230.4
III,Nueva Ecija,Science City of Muñoz,2020-06-19,21.6,34.3,76.3,0.0,23.2,218.9
III,Nueva Ecija,Science City of Muñoz,2020-06-20,20.9,34.3,74.2,0.0,22.4,
III,Nueva Ecija,Science City of Muñoz,2020-06-21,21.7,35.2,78.9,10.1,24.2,
III,Nueva Ecija,Science City of Muñoz,2020-06-22,22.1,33.2,78.5,25.5,23.4,
III,Nueva Ecija,Science City of Muñoz,2020-06-23,22.2,33.3,76.2,9.4,23.0,
III,Nueva Ecija,Science City of Muñoz,2020-06-24,23.2,33.2,71.3,0.0,22.5,213.3
III,Nueva Ecija,Science City of Muñoz,2020-06-25,23.2,32.4,71.2,0.0,22.0,218.4
III,Nueva Ecija,Science City of Muñoz,2020-06-26,23.5,33.2,72.6,0.0,22.9,222.4
III,Nueva Ecija,Science City of Muñoz,2020-06-27,22.9,30.5,77.6,27.5,22.2,195.8
III,Nueva Ecija,Science City of Muñoz,2020-06-28,23.8,31.4,76.5,5.3,22.9,218.3
III,Nueva Ecija,Science City of Muñoz,2020-06-29,23.6,32.3,76.9,37.4,23.3,181.7
III,Nueva Ecija,Science City of Muñoz,2020-06-30,23.2,34.1,72.3,0.0,,206.5
III,Nueva Ecija,Science City of Muñoz,2020-07-01,23.1,32.5,80.8,13.5,,205.3
III,Nueva Ecija,Science City of Muñoz,2020-07-02,22.6,35.5,75.8,0.0,,221.1
III,Nueva Ecija,Science City of Muñoz,2020-07-03,21.9,34.0,79.4,6.9,23.8,212.9
III,Nueva Ecija,Science City of Muñoz,2020-07-04,21.4,33.4,78.4,12.0,23.1,219.6
III,Nueva Ecija,Science City of Muñoz,2020-07-05,21.4,35.3,,2.0,23.7,217.0
III,Nueva Ecija,Science City of Muñoz,2020-07-06,21.9,37.4,,0.0,24.8,221.0
III,Nueva Ecija,Science City of Muñoz,2020-07-07,22.8,37.3,,13.8,25.3,192.8
III,Nueva Ecija,Science City of Muñoz,2020-07-08,22.4,35.1,,0.0,23.5,227.6
III,Nueva Ecija,Science City of Muñoz,2020-07-09,21.8,34.7,,3.0,24.5,214.7
III,Nueva Ecija,Science City of Muñoz,2020-07-10,22.3,34.9,76.2,0.7,23.8,219.8
III,Nueva Ecija,Science City of Muñoz,2020-07-11,22.3,34.3,76.5,0.0,23.6,224.4
III,Nueva Ecija,Science City of Muñoz,2020-07-12,22.4,32.7,75.9,0.0,22.7,215.7
III,Nueva Ecija,Science City of Muñoz,2020-07-13,22.3,33.1,76.1,0.0,22.9,232.9
III,Nueva Ecija,Science City of Muñoz,2020-07-14,22.7,33.5,73.8,0.0,22.9,216.0
III,Nueva Ecija,Science City of Muñoz,2020-07-15,23.1,35.3,74.5,0.0,24.1,212.8
III,Nueva Ecija,Science City of Muñoz,2020-07-16,22.9,35.8,77.5,0.0,24.8,217.4
III,Nueva Ecija,Science City of Muñoz,2020-07-17,23.6,34.1,77.0,0.0,24.2,218.9
III,Nueva Ecija,Science City of Muñoz,2020-07-18,23.2,34.5,76.3,0.0,24.1,214.7
III,Nueva Ecija,Science City of Muñoz,2020-07-19,23.9,34.4,83.1,1.9,25.8,223.3
III,Nueva Ecija,Science City of Muñoz,2020-07-20,24.0,33.3,83.0,2.4,25.2,217.6
III,Nueva Ecija,Science City of Muñoz,2020-07-21,23.5,32.9,78.0,0.0,23.8,222.5
III,Nueva Ecija,Science City of Muñoz,2020-07-22,23.6,30.6,82.6,30.4,23.6,190.6
III,Nueva Ecija,Science City of Muñoz,2020-07-23,24.7,33.1,81.3,0.0,25.2,235.6
III,Nueva Ecija,Science City of Muñoz,2020-07-24,24.0,33.1,82.3,33.6,25.0,187.5
III,Nueva Ecija,Science City of Muñoz,2020-07-25,24.2,33.9,82.0,5.4,25.4,206.1
III,Nueva Ecija,Science City of Muñoz,2020-07-26,23.2,32.7,80.2,13.9,24.0,196.3
III,Nueva Ecija,Science City of Muñoz,2020-07-27,24.0,32.9,77.5,11.0,24.0,211.5
III,Nueva Ecija,Science City of Muñoz,2020-07-28,22.9,34.0,77.3,3.5,23.9,205.3
III,Nueva Ecija,Science City of Muñoz,2020-07-29,22.0,32.1,78.0,6.2,22.6,221.4
III,Nueva Ecija,Science City of Muñoz,2020-07-30,21.5,33.3,77.4,7.5,22.9,199.0
III,Nueva Ecija,Science City of Muñoz,2020-07-31,21.6,34.2,75.7,0.0,23.0,223.9
III,Nueva Ecija,Science City of Muñoz,2020-08-01,20.9,33.3,78.1,13.5,22.7,210.4
III,Nueva Ecija,Science City of Muñoz,2020-08-02,21.4,33.7,78.0,13.9,,209.5
III,Nueva Ecija,Science City of Muñoz,2020-08-03,22.2,33.8,72.9,0.0,,222.9
III,Nueva Ecija,Science City of Muñoz,2020-08-04,22.0,36.2,76.2,12.2,,207.3
III,Nueva Ecija,Science City of Muñoz,2020-08-05,21.7,36.1,68.1,0.0,22.5,218.0
III,Nueva Ecija,Science City of Muñoz,2020-08-06,22.1,33.6,76.1,1.6,23.1,209.0
III,Nueva Ecija,Science City of Muñoz,2020-08-07,22.3,34.4,72.4,0.0,22.8,242.8
III,Nueva Ecija,Science City of Muñoz,2020-08-08,23.2,34.6,75.6,5.0,24.0,219.2
III,Nueva Ecija,Science City of Muñoz,2020-08-09,22.8,34.6,74.6,0.0,23.6,217.6
III,Nueva Ecija,Science City of Muñoz,2020-08-10,23.2,32.9,78.9,23.7,23.8,197.1
III,Nueva Ecija,Science City of Muñoz,2020-08-11,23.4,34.0,75.1,0.0,23.7,216.8
III,Nueva Ecija,Science City of Muñoz,2020-08-12,23.6,33.8,81.7,12.5,25.0,203.1
III,Nueva Ecija,Science City of Muñoz,2020-08-13,23.8,35.2,77.1,,24.9,228.6
III,Nueva Ecija,Science City of Muñoz,2020-08-14,23.7,33.2,81.5,,24.8,204.7
III,Nueva Ecija,Science City of Muñoz,2020-08-15,23.9,34.2,78.3,13.6,24.7,203.8
III,Nueva Ecija,Science City of Muñoz,2020-08-16,24.2,33.3,75.6,21.4,23.9,202.6
III,Nueva Ecija,Science City of Muñoz,2020-08-17,23.2,33.1,80.8,21.5,24.3,185.6
III,Nueva Ecija,Science City of Muñoz,2020-08-18,24.1,33.8,75.6,0.0,24.1,206.2
III,Nueva Ecija,Science City of Muñoz,2020-08-19,24.9,33.2,81.1,11.6,25.3,196.9
III,Nueva Ecija,Science City of Muñoz,2020-08-20,24.4,34.0,77.9,1.0,24.8,201.7
III,Nueva Ecija,Science City of Muñoz,2020-08-21,24.0,34.0,75.9,0.0,24.2,215.9
III,Nueva Ecija,Science City of Muñoz,2020-08-22,23.8,34.1,74.2,0.0,23.8,221.0
III,Nueva Ecija,Science City of Muñoz,2020-08-23,23.1,33.2,76.5,15.9,23.5,186.6
III,Nueva Ecija,Science City of Muñoz,2020-08-24,22.4,33.3,76.4,3.3,23.1,212.7
III,Nueva Ecija,Science City of Muñoz,2020-08-25,24.2,34.2,72.6,0.0,23.7,223.9
III,Nueva Ecija,Science City of Muñoz,2020-08-26,23.4,34.9,74.1,0.0,24.0,200.6
III,Nueva Ecija,Science City of Muñoz,2020-08-27,23.1,34.8,78.1,4.7,24.6,211.0
III,Nueva Ecija,Science City of Muñoz,2020-08-28,23.5,33.6,81.6,2.9,24.9,218.6
III,Nueva Ecija,Science City of Muñoz,2020-08-29,23.9,34.4,78.3,0.0,24.8,211.9
III,Nueva Ecija,Science City of Muñoz,2020-08-30,24.1,33.9,75.7,0.0,24.1,216.5
III,Nueva Ecija,Science City of Muñoz,2020-08-31,24.0,34.9,80.6,9.6,25.6,205.5
III,Nueva Ecija,Science City of Muñoz,2020-09-01,22.5,32.8,80.1,15.2,23.7,203.5
III,Nueva Ecija,Science City of Muñoz,2020-09-02,22.0,33.9,75.2,0.0,23.0,216.8
III,Nueva Ecija,Science City of Muñoz,2020-09-03,,33.6,75.8,0.0,23.0,209.9
III,Nueva Ecija,Science City of Muñoz,2020-09-04,,33.0,80.6,22.4,22.9,190.9
III,Nueva Ecija,Science City of Muñoz,2020-09-05,,34.4,79.1,0.0,23.9,231.4
III,Nueva Ecija,Science City of Muñoz,2020-09-06,,34.1,81.5,11.6,24.3,213.8
III,Nueva Ecija,Science City of Muñoz,2020-09-07,23.2,33.3,81.2,8.5,24.5,202.3
III,Nueva Ecija,Science City of Muñoz,2020-09-08,23.8,32.5,77.1,0.1,23.6,225.0
III,Nueva Ecija,Science City of Muñoz,2020-09-09,24.2,34.1,79.8,0.0,25.1,208.0
III,Nueva Ecija,Science City of Muñoz,2020-09-10,23.9,36.3,83.2,1.8,26.7,211.3
III,Nueva Ecija,Science City of Muñoz,2020-09-11,23.4,34.6,82.1,,25.4,205.9
III,Nueva Ecija,Science City of Muñoz,2020-09-12,23.3,34.6,81.7,,25.3,184.8
III,Nueva Ecija,Science City of Muñoz,2020-09-13,23.5,34.8,79.1,,25.0,201.2
III,Nueva Ecija,Science City of Muñoz,2020-09-14,25.2,34.2,80.4,,25.8,173.1
III,Nueva Ecija,Science City of Muñoz,2020-09-15,25.0,33.8,77.3,,24.9,218.1
III,Nueva Ecija,Science City of Muñoz,2020-09-16,,34.0,81.6,,25.0,212.2
III,Nueva Ecija,Science City of Muñoz,2020-09-17,,33.4,76.3,3.8,23.5,208.4
III,Nueva Ecija,Science City of Muñoz,2020-09-18,,34.0,80.4,15.2,25.0,213.7
III,Nueva Ecija,Science City of Muñoz,2020-09-19,24.8,34.2,79.2,20.7,25.3,202.7
III,Nueva Ecija,Science City of Muñoz,2020-09-20,24.8,33.3,78.3,10.3,24.7,208.5
III,Nueva Ecija,Science City of Muñoz,2020-09-21,25.0,34.0,74.2,0.0,24.3,230.7
III,Nueva Ecija,Science City of Muñoz,2020-09-22,25.4,35.5,81.5,2.8,26.8,213.2
III,Nueva Ecija,Science City of Muñoz,2020-09-23,24.0,32.6,81.8,88.5,24.7,174.3
III,Nueva Ecija,Science City of Muñoz,2020-09-24,23.6,34.7,81.7,10.0,25.5,207.8
III,Nueva Ecija,Science City of Muñoz,2020-09-25,23.0,34.3,80.6,0.0,24.8,226.7
III,Nueva Ecija,Science City of Muñoz,2020-09-26,22.7,35.0,80.0,0.0,24.8,214.0
III,Nueva Ecija,Science City of Muñoz,2020-09-27,22.5,33.4,81.4,29.7,24.2,197.2
III,Nueva Ecija,Science City of Muñoz,2020-09-28,23.3,34.4,80.8,8.8,25.0,212.3
III,Nueva Ecija,Science City of Muñoz,2020-09-29,23.5,33.2,81.4,31.3,24.6,180.5
III,Nueva Ecija,Science City of Muñoz,2020-09-30,22.6,32.9,76.2,32.4,23.0,183.0
III,Nueva Ecija,Science City of Muñoz,2020-10-01,23.6,33.4,78.4,1.2,24.2,214.5
III,Nueva Ecija,Science City of Muñoz,2020-10-02,24.4,33.2,76.3,,24.1,227.7
III,Nueva Ecija,Science City of Muñoz,2020-10-03,23.0,32.8,76.7,,23.2,237.7
III,Nueva Ecija,Science City of Muñoz,2020-10-04,23.5,33.3,74.2,,23.2,205.7
III,Nueva Ecija,Science City of Muñoz,2020-10-05,23.3,34.2,74.3,0.0,23.6,220.1
III,Nueva Ecija,Science City of Muñoz,2020-10-06,23.1,34.2,77.6,23.5,24.2,197.2
III,Nueva Ecija,Science City of Muñoz,2020-10-07,23.8,32.9,71.8,0.0,22.7,210.0
III,Nueva Ecija,Science City of Muñoz,2020-10-08,23.2,33.4,78.4,9.3,24.0,214.8
III,Nueva Ecija,Science City of Muñoz,2020-10-09,23.7,32.7,79.4,5.8,24.1,213.5
III,Nueva Ecija,Science City of Muñoz,2020-10-10,25.2,34.4,80.3,0.0,25.9,209.7
III,Nueva Ecija,Science City of Muñoz,2020-10-11,23.6,35.6,79.3,2.7,25.5,214.8
III,Nueva Ecija,Science City of Muñoz,2020-10-12,22.2,34.4,74.4,0.0,23.2,222.8
III,Nueva Ecija,Science City of Muñoz,2020-10-13,21.7,34.3,78.6,25.4,23.7,207.4
III,Nueva Ecija,Science City of Muñoz,2020-10-14,22.6,34.1,77.4,0.0,23.8,217.8
III,Nueva Ecija,Science City of Muñoz,2020-10-15,23.2,34.3,79.7,10.0,24.7,215.8
III,Nueva Ecija,Science City of Muñoz,2020-10-16,23.9,34.6,81.6,3.2,25.6,199.9
III,Nueva Ecija,Science City of Muñoz,2020-10-17,24.6,35.1,78.1,0.0,25.5,206.3
III,Nueva Ecija,Science City of Muñoz,2020-10-18,24.1,35.2,83.5,2.0,26.4,225.1
III,Nueva Ecija,Science City of Muñoz,2020-10-19,23.7,35.3,82.9,13.9,26.1,210.6
III,Nueva Ecija,Science City of Muñoz,2020-10-20,24.0,34.5,79.9,0.0,25.2,214.0
III,Nueva Ecija,Science City of Muñoz,2020-10-21,23.9,,76.9,0.0,24.0,209.6
III,Nueva Ecija,Science City of Muñoz,2020-10-22,24.6,,71.1,0.0,23.9,213.8
III,Nueva Ecija,Science City of Muñoz,2020-10-23,23.3,35.0,70.7,0.0,23.3,220.0
III,Nueva Ecija,Science City of Muñoz,2020-10-24,22.8,33.3,69.3,0.0,21.9,225.6
III,Nueva Ecija,Science City of Muñoz,2020-10-25,23.3,32.4,68.0,0.0,21.5,233.8
III,Nueva Ecija,Science City of Muñoz,2020-10-26,23.1,32.5,67.8,0.0,21.4,216.6
III,Nueva Ecija,Science City of Muñoz,2020-10-27,22.5,32.8,68.9,11.6,21.4,209.0
III,Nueva Ecija,Science City of Muñoz,2020-10-28,23.4,32.8,71.0,4.8,22.3,228.1
III,Nueva Ecija,Science City of Muñoz,2020-10-29,22.0,31.3,71.8,83.6,21.0,162.6
III,Nueva Ecija,Science City of Muñoz,2020-10-30,22.2,34.9,67.5,0.0,22.0,219.7
III,Nueva Ecija,Science City of Muñoz,2020-10-31,22.8,33.9,74.9,1.2,23.3,
III,Nueva Ecija,Science City of Muñoz,2020-11-01,22.4,34.8,70.1,0.0,22.6,
III,Nueva Ecija,Science City of Muñoz,2020-11-02,23.3,34.0,76.8,0.0,24.0,
III,Nueva Ecija,Science City of Muñoz,2020-11-03,23.6,33.5,76.1,0.0,23.8,
III,Nueva Ecija,Science City of Muñoz,2020-11-04,22.5,32.2,75.5,0.0,22.5,
III,Nueva Ecija,Science City of Muñoz,2020-11-05,21.6,33.0,79.0,12.9,23.1,207.3
III,Nueva Ecija,Science City of Muñoz,2020-11-06,22.1,32.5,74.5,0.0,22.2,216.4
III,Nueva Ecija,Science City of Muñoz,2020-11-07,22.3,33.0,80.1,-1.7,23.7,212.5
III,Nueva Ecija,Science City of Muñoz,2020-11-08,22.1,32.6,76.9,20.2,22.7,210.3
III,Nueva Ecija,Science City of Muñoz,2020-11-09,22.0,33.2,78.7,16.4,23.3,223.2
III,Nueva Ecija,Science City of Muñoz,2020-11-10,24.0,34.4,77.7,4.6,24.7,201.9
III,Nueva Ecija,Science City of Muñoz,2020-11-11,23.6,34.1,79.1,12.1,24.7,219.7
III,Nueva Ecija,Science City of Muñoz,2020-11-12,23.9,34.8,72.1,0.0,23.8,233.9
III,Nueva Ecija,Science City of Muñoz,2020-11-13,22.9,34.1,76.6,4.3,23.8,223.9
III,Nueva Ecija,Science City of Muñoz,2020-11-14,21.5,34.2,76.2,56.2,23.1,181.9
III,Nueva Ecija,Science City of Muñoz,2020-11-15,37.368223399442535,36.1,75.2,0.0,23.9,213.4
III,Nueva Ecija,Science City of Muñoz,2020-11-16,21.4,35.7,71.3,0.0,22.8,235.2
III,Nueva Ecija,Science City of Muñoz,2020-11-17,22.9,36.7,73.2,0.0,24.4,222.0
III,Nueva Ecija,Science City of Muñoz,2020-11-18,23.1,34.6,76.6,14.9,24.2,214.4
III,Nueva Ecija,Science City of Muñoz,2020-11-19,23.6,34.9,74.5,0.0,24.2,244.7
III,Nueva Ecija,Science City of Muñoz,2020-11-20,23.4,35.7,78.3,7.5,25.2,212.8
III,Nueva Ecija,Science City of Muñoz,2020-11-21,22.9,35.7,78.3,0.0,25.0,224.8
III,Nueva Ecija,Science City of Muñoz,2020-11-22,23.0,35.0,78.1,0.0,24.6,232.1
III,Nueva Ecija,Science City of Muñoz,2020-11-23,22.9,33.6,77.6,7.8,23.8,214.6
III,Nueva Ecija,Science City of Muñoz,2020-11-24,22.8,34.8,77.5,2.1,24.3,219.2
III,Nueva Ecija,Science City of Muñoz,2020-11-25,22.5,35.0,72.4,0.0,23.2,221.5
III,Nueva Ecija,Science City of Muñoz,2020-11-26,22.8,34.6,74.3,3.4,23.6,225.5
III,Nueva Ecija,Science City of Muñoz,2020-11-27,23.4,34.6,70.5,0.0,23.1,218.7
III,Nueva Ecija,Science City of Muñoz,2020-11-28,22.9,34.8,68.5,0.0,22.5,229.6
III,Nueva Ecija,Science City of Muñoz,2020-11-29,21.7,33.5,72.4,9.7,22.1,210.7
III,Nueva Ecija,Science City of Muñoz,2020-11-30,22.3,33.5,68.7,0.0,21.6,241.1
III,Nueva Ecija,Science City of Muñoz,2020-12-01,23.2,33.6,69.3,0.0,22.3,234.0
III,Nueva Ecija,Science City of Muñoz,2020-12-02,22.5,32.7,77.1,6.0,23.0,230.7
III,Nueva Ecija,Science City of Muñoz,2020-12-03,22.8,33.3,73.7,0.0,22.8,228.7
III,Nueva Ecija,Science City of Muñoz,2020-12-04,23.1,32.9,72.0,,22.4,224.8
III,Nueva Ecija,Science City of Muñoz,2020-12-05,22.5,33.3,74.2,,22.7,225.9
III,Nueva Ecija,Science City of Muñoz,2020-12-06,22.4,33.0,77.6,17.1,23.2,216.1
III,Nueva Ecija,Science City of Muñoz,2020-12-07,23.9,35.6,71.7,0.0,24.1,234.6
III,Nueva Ecija,Science City of Muñoz,2020-12-08,23.7,33.7,73.1,0.0,23.3,234.1
III,Nueva Ecija,Science City of Muñoz,2020-12-09,23.4,32.2,70.9,0.0,22.0,224.3
III,Nueva Ecija,Science City of Muñoz,2020-12-10,22.4,33.6,70.5,0.0,22.1,253.6
III,Nueva Ecija,Science City of Muñoz,2020-12-11,22.2,31.7,72.6,0.0,21.5,223.9
III,Nueva Ecija,Science City of Muñoz,2020-12-12,21.8,32.7,74.1,6.9,22.1,219.1
III,Nueva Ecija,Science City of Muñoz,2020-12-13,22.4,33.6,68.0,0.8,21.6,225.9
III,Nueva Ecija,Science City of Muñoz,2020-12-14,22.4,32.8,74.7,2.4,22.5,234.0
III,Nueva Ecija,Science City of Muñoz,2020-12-15,22.2,33.3,71.7,0.0,22.1,226.1
III,Nueva Ecija,Science City of Muñoz,2020-12-16,23.2,33.2,72.4,0.0,22.7,233.8
III,Nueva Ecija,Science City of Muñoz,2020-12-17,24.2,33.8,72.7,0.0,23.5,229.0
III,Nueva Ecija,Science City of Muñoz,2020-12-18,23.0,33.4,71.5,0.0,22.5,224.0
III,Nueva Ecija,Science City of Muñoz,2020-12-19,23.2,33.5,67.2,0.0,21.8,225.8
III,Nueva Ecija,Science City of Muñoz,2020-12-20,23.7,34.5,68.6,0.0,22.8,225.6
III,Nueva Ecija,Science City of Muñoz,2020-12-21,23.5,34.0,69.6,0.0,22.7,215.8
III,Nueva Ecija,Science City of Muñoz,2020-12-22,23.8,34.0,73.3,20.1,23.6,217.8
III,Nueva Ecija,Science City of Muñoz,2020-12-23,23.0,35.3,70.0,0.0,23.2,225.9
III,Nueva Ecija,Science City of Muñoz,2020-12-24,23.9,35.2,70.0,0.0,23.6,231.5
III,Nueva Ecija,Science City of Muñoz,2020-12-25,22.4,34.8,71.1,0.0,22.8,222.0
III,Nueva Ecija,Science City of Muñoz,2020-12-26,22.3,33.7,78.4,5.9,23.7,219.0
III,Nueva Ecija,Science City of Muñoz,2020-12-27,22.7,33.0,73.3,0.0,22.5,241.6
III,Nueva Ecija,Science City of Muñoz,2020-12-28,21.3,33.4,77.5,14.1,22.8,228.8
III,Nueva Ecija,Science City of Muñoz,2020-12-29,21.9,34.1,75.2,10.6,23.0,211.4
III,Nueva Ecija,Science City of Muñoz,2020-12-30,23.0,33.9,78.4,1.3,24.1,232.0
III,Nueva Ecija,Science City of Muñoz,2020-12-31,23.7,33.0,70.2,0.0,22.4,225.9
III,Nueva Ecija,Science City of Muñoz,2021-01-01,22.7,33.2,69.0,0.0,21.8,233.4
III,Nueva Ecija,Science City of Muñoz,2021-01-02,22.0,33.7,71.3,9.6,22.1,233.1
III,Nueva Ecija,Science City of Muñoz,2021-01-03,22.2,34.9,69.1,0.0,22.4,226.6
III,Nueva Ecija,Science City of Muñoz,2021-01-04,21.8,33.8,69.8,0.0,21.8,227.4
III,Nueva Ecija,Science City of Muñoz,2021-01-05,22.3,33.9,71.1,0.0,22.3,232.7
III,Nueva Ecija,Science City of Muñoz,2021-01-06,23.5,32.5,73.9,3.3,22.8,236.2
III,Nueva Ecija,Science City of Muñoz,2021-01-07,23.4,31.9,73.2,0.0,22.3,230.8
III,Nueva Ecija,Science City of Muñoz,2021-01-08,23.1,32.8,71.2,0.0,22.2,228.1
III,Nueva Ecija,Science City of Muñoz,2021-01-09,23.5,33.1,70.2,0.0,22.3,240.0
III,Nueva Ecija,Science City of Muñoz,2021-01-10,22.5,32.5,67.8,0.0,21.1,236.0
III,Nueva Ecija,Science City of Muñoz,2021-01-11,21.8,32.0,,0.0,20.1,241.9
III,Nueva Ecija,Science City of Muñoz,2021-01-12,22.7,31.8,,0.0,21.1,238.9
III,Nueva Ecija,Science City of Muñoz,2021-01-13,22.7,33.9,68.0,0.0,21.9,245.8
III,Nueva Ecija,Science City of Muñoz,2021-01-14,23.2,32.9,,0.0,21.5,245.7
III,Nueva Ecija,Science City of Muñoz,2021-01-15,23.8,32.9,,0.0,22.4,231.1
III,Nueva Ecija,Science City of Muñoz,2021-01-16,24.2,33.4,,0.0,23.5,233.5
III,Nueva Ecija,Science City of Muñoz,2021-01-17,24.0,33.8,68.5,0.0,22.6,241.6
III,Nueva Ecija,Science City of Muñoz,2021-01-18,22.3,33.4,68.9,0.0,21.6,234.8
III,Nueva Ecija,Science City of Muñoz,2021-01-19,21.7,33.6,65.3,0.0,20.7,235.9
III,Nueva Ecija,Science City of Muñoz,2021-01-20,20.1,33.3,69.8,5.3,20.7,230.2
III,Nueva Ecija,Science City of Muñoz,2021-01-21,20.8,32.6,63.9,0.0,19.5,238.5
III,Nueva Ecija,Science City of Muñoz,2021-01-22,22.1,33.4,65.3,0.0,20.8,235.0
III,Nueva Ecija,Science City of Muñoz,2021-01-23,22.0,34.6,67.6,0.0,21.8,241.1
III,Nueva Ecija,Science City of Muñoz,2021-01-24,22.3,34.3,70.3,0.0,22.4,243.6
III,Nueva Ecija,Science City of Muñoz,2021-01-25,21.6,34.3,66.2,0.0,21.2,231.5
III,Nueva Ecija,Science City of Muñoz,2021-01-26,21.7,34.9,65.7,0.0,21.4,234.3
III,Nueva Ecija,Science City of Muñoz,2021-01-27,,36.4,65.7,0.0,21.9,239.4
III,Nueva Ecija,Science City of Muñoz,2021-01-28,,35.3,63.9,0.0,21.6,259.4
III,Nueva Ecija,Science City of Muñoz,2021-01-29,,35.7,67.5,0.0,22.2,236.6
III,Nueva Ecija,Science City of Muñoz,2021-01-30,21.3,35.7,65.5,0.0,21.6,233.4
III,Nueva Ecija,Science City of Muñoz,2021-01-31,21.1,36.0,67.2,0.0,22.0,244.8
III,Nueva Ecija,Science City of Muñoz,2021-02-01,21.4,35.3,69.2,2.7,22.2,239.9
III,Nueva Ecija,Science City of Muñoz,2021-02-02,21.1,36.2,65.6,0.0,21.8,243.0
III,Nueva Ecija,Science City of Muñoz,2021-02-03,22.7,34.1,63.1,0.0,21.0,238.5
III,Nueva Ecija,Science City of Muñoz,2021-02-04,22.4,34.1,64.5,0.0,21.2,236.5
III,Nueva Ecija,Science City of Muñoz,2021-02-05,22.6,33.4,62.8,0.0,20.6,229.6
III,Nueva Ecija,Science City of Muñoz,2021-02-06,22.9,33.9,65.8,0.0,21.6,229.5
III,Nueva Ecija,Science City of Muñoz,2021-02-07,22.2,33.9,69.9,9.7,22.0,227.4
III,Nueva Ecija,Science City of Muñoz,2021-02-08,22.7,33.5,65.6,0.0,21.2,242.9
III,Nueva Ecija,Science City of Muñoz,2021-02-09,23.6,35.1,65.0,0.0,22.4,237.3
III,Nueva Ecija,Science City of Muñoz,2021-02-10,23.2,35.8,70.2,0.0,23.5,248.5
III,Nueva Ecija,Science City of Muñoz,2021-02-11,22.3,35.4,70.2,0.0,22.9,243.3
III,Nueva Ecija,Science City of Muñoz,2021-02-12,22.8,33.9,66.1,0.0,21.6,226.6
III,Nueva Ecija,Science City of Muñoz,2021-02-13,22.7,34.6,67.2,0.0,22.1,229.8
III,Nueva Ecija,Science City of Muñoz,2021-02-14,22.9,33.7,60.7,0.0,20.4,229.5
III,Nueva Ecija,Science City of Muñoz,2021-02-15,23.1,33.0,66.7,0.0,21.4,245.6
III,Nueva Ecija,Science City of Muñoz,2021-02-16,21.9,33.5,68.2,0.0,21.3,248.5
III,Nueva Ecija,Science City of Muñoz,2021-02-17,23.3,33.3,73.3,2.4,23.0,258.1
III,Nueva Ecija,Science City of Muñoz,2021-02-18,22.9,33.0,71.6,7.5,22.3,236.4
III,Nueva Ecija,Science City of Muñoz,2021-02-19,22.4,31.9,68.8,0.0,20.9,238.6
III,Nueva Ecija,Science City of Muñoz,2021-02-20,21.9,32.1,71.1,13.2,21.2,232.1
III,Nueva Ecija,Science City of Muñoz,2021-02-21,20.9,32.7,68.2,0.0,20.4,249.4
III,Nueva Ecija,Science City of Muñoz,2021-02-22,21.2,32.4,68.1,0.0,20.4,241.8
III,Nueva Ecija,Science City of Muñoz,2021-02-23,21.6,32.7,69.8,0.0,21.1,225.6
III,Nueva Ecija,Science City of Muñoz,2021-02-24,21.5,32.3,69.2,0.0,20.7,249.2
III,Nueva Ecija,Science City of Muñoz,2021-02-25,21.7,32.5,67.9,0.0,20.7,237.8
III,Nueva Ecija,Science City of Muñoz,2021-02-26,22.5,32.8,65.8,0.0,20.8,234.6
III,Nueva Ecija,Science City of Muñoz,2021-02-27,22.3,33.1,69.1,0.0,21.5,251.6
III,Nueva Ecija,Science City of Muñoz,2021-02-28,22.5,33.2,68.7,0.0,21.6,243.9
III,Nueva Ecija,Science City of Muñoz,2021-03-01,22.7,34.3,66.2,0.0,21.7,244.3
III,Nueva Ecija,Science City of Muñoz,2021-03-02,21.3,35.4,66.4,0.0,21.6,241.8
III,Nueva Ecija,Science City of Muñoz,2021-03-03,21.8,33.5,66.2,0.0,20.9,228.9
III,Nueva Ecija,Science City of Muñoz,2021-03-04,21.5,33.7,65.2,0.0,20.6,246.8
III,Nueva Ecija,Science City of Muñoz,2021-03-05,21.7,31.6,64.1,0.0,19.5,241.9
III,Nueva Ecija,Science City of Muñoz,2021-03-06,21.2,30.9,64.5,0.0,18.9,235.2
III,Nueva Ecija,Science City of Muñoz,2021-03-07,22.0,31.3,64.7,0.0,19.6,245.2
III,Nueva Ecija,Science City of Muñoz,2021-03-08,21.9,31.5,64.9,0.0,19.7,232.8
III,Nueva Ecija,Science City of Muñoz,2021-03-09,21.4,31.3,65.7,0.0,19.5,238.1
III,Nueva Ecija,Science City of Muñoz,2021-03-10,21.3,32.3,67.8,0.0,20.4,222.7
III,Nueva Ecija,Science City of Muñoz,2021-03-11,21.4,32.5,64.9,0.0,19.9,237.7
III,Nueva Ecija,Science City of Muñoz,2021-03-12,20.8,32.9,64.8,0.0,19.8,231.6
III,Nueva Ecija,Science City of Muñoz,2021-03-13,20.5,33.5,64.9,0.0,20.0,249.2
III,Nueva Ecija,Science City of Muñoz,2021-03-14,20.5,31.9,63.7,0.0,18.9,256.8
III,Nueva Ecija,Science City of Muñoz,2021-03-15,20.8,31.5,70.3,16.8,20.2,212.4
III,Nueva Ecija,Science City of Muñoz,2021-03-16,21.0,33.4,68.2,0.0,20.8,224.1
III,Nueva Ecija,Science City of Muñoz,2021-03-17,21.6,33.3,68.2,0.0,21.1,245.8
III,Nueva Ecija,Science City of Muñoz,2021-03-18,21.0,34.1,69.1,0.0,21.4,234.7
III,Nueva Ecija,Science City of Muñoz,2021-03-19,21.4,33.1,68.5,0.0,21.0,233.1
III,Nueva Ecija,Science City of Muñoz,2021-03-20,22.6,34.2,66.8,0.0,21.8,237.0
III,Nueva Ecija,Science City of Muñoz,2021-03-21,22.1,34.9,68.8,0.0,22.3,246.0
III,Nueva Ecija,Science City of Muñoz,2021-03-22,23.6,33.8,68.2,0.0,22.3,234.2
III,Nueva Ecija,Science City of Muñoz,2021-03-23,34.271688574513874,33.6,66.2,0.0,21.3,229.4
III,Nueva Ecija,Science City of Muñoz,2021-03-24,21.5,33.4,65.4,0.0,20.5,235.5
III,Nueva Ecija,Science City of Muñoz,2021-03-25,21.3,33.5,64.0,0.0,20.2,241.1
III,Nueva Ecija,Science City of Muñoz,2021-03-26,21.2,34.4,63.7,0.0,20.5,231.0
III,Nueva Ecija,Science City of Muñoz,2021-03-27,21.4,33.9,69.5,4.1,21.5,234.5
III,Nueva Ecija,Science City of Muñoz,2021-03-28,20.9,35.1,68.1,3.9,21.6,224.1
III,Nueva Ecija,Science City of Muñoz,2021-03-29,21.9,35.8,64.0,0.0,21.6,231.4
III,Nueva Ecija,Science City of Muñoz,2021-03-30,21.4,34.4,61.9,0.0,20.3,238.4
III,Nueva Ecija,Science City of Muñoz,2021-03-31,21.8,33.2,59.1,0.0,19.3,233.8
III,Nueva Ecija,Science City of Muñoz,2021-04-01,22.4,32.8,58.4,0.0,19.3,226.2
III,Nueva Ecija,Science City of Muñoz,2021-04-02,23.1,33.8,61.2,0.0,20.7,237.6
III,Nueva Ecija,Science City of Muñoz,2021-04-03,23.2,31.5,61.3,0.0,19.6,244.9
III,Nueva Ecija,Science City of Muñoz,2021-04-04,23.6,32.8,66.6,1.3,21.5,222.0
III,Nueva Ecija,Science City of Muñoz,2021-04-05,23.3,30.6,66.1,0.0,20.2,235.6
III,Nueva Ecija,Science City of Muñoz,2021-04-06,23.6,31.0,65.5,0.0,20.4,248.8
III,Nueva Ecija,Science City of Muñoz,2021-04-07,23.3,30.9,68.2,0.0,20.7,244.5
III,Nueva Ecija,Science City of Muñoz,2021-04-08,23.9,30.6,65.1,0.0,20.3,241.4
III,Nueva Ecija,Science City of Muñoz,2021-04-09,23.2,30.8,67.3,0.0,20.5,213.5
III,Nueva Ecija,Science City of Muñoz,2021-04-10,22.4,31.7,63.4,0.0,19.7,242.5
III,Nueva Ecija,Science City of Muñoz,2021-04-11,22.4,33.2,68.0,3.2,21.4,240.6
III,Nueva Ecija,Science City of Muñoz,2021-04-12,21.9,33.3,65.4,0.0,20.7,225.4
III,Nueva Ecija,Science City of Muñoz,2021-04-13,21.4,33.3,66.9,0.0,20.7,229.5
III,Nueva Ecija,Science City of Muñoz,2021-04-14,22.3,33.3,66.5,0.0,21.1,232.7
III,Nueva Ecija,Science City of Muñoz,2021-04-15,24.0,32.6,,0.0,21.2,242.1
III,Nueva Ecija,Science City of Muñoz,2021-04-16,24.3,32.7,,0.0,21.7,232.0
III,Nueva Ecija,Science City of Muñoz,2021-04-17,23.0,33.5,,0.0,21.8,238.4
III,Nueva Ecija,Science City of Muñoz,2021-04-18,22.0,34.8,,0.0,21.7,244.4
III,Nueva Ecija,Science City of Muñoz,2021-04-19,22.0,34.0,,0.0,22.2,244.7
III,Nueva Ecija,Science City of Muñoz,2021-04-20,22.1,32.8,74.0,13.8,22.2,220.5
III,Nueva Ecija,Science City of Muñoz,2021-04-21,23.3,32.5,69.0,0.0,21.7,224.4
III,Nueva Ecija,Science City of Muñoz,2021-04-22,22.4,34.2,72.0,7.1,22.7,226.1
III,Nueva Ecija,Science City of Muñoz,2021-04-23,22.8,34.1,70.3,0.0,22.5,236.3
III,Nueva Ecija,Science City of Muñoz,2021-04-24,22.4,32.7,68.7,0.0,21.3,232.3
III,Nueva Ecija,Science City of Muñoz,2021-04-25,22.4,33.1,70.5,0.7,21.8,246.1
III,Nueva Ecija,Science City of Muñoz,2021-04-26,23.0,33.5,68.6,0.0,22.0,237.9
III,Nueva Ecija,Science City of Muñoz,2021-04-27,23.5,33.6,65.9,0.0,21.7,229.4
III,Nueva Ecija,Science City of Muñoz,2021-04-28,23.8,31.9,72.4,8.8,22.3,232.7
III,Nueva Ecija,Science City of Muñoz,2021-04-29,23.7,32.6,69.1,0.0,22.0,221.0
III,Nueva Ecija,Science City of Muñoz,2021-04-30,22.7,32.5,67.9,0.0,21.2,233.8
III,Nueva Ecija,Science City of Muñoz,2021-05-01,21.4,33.0,67.3,0.0,20.7,215.6
III,Nueva Ecija,Science City of Muñoz,2021-05-02,21.7,33.4,66.8,,20.9,228.1
III,Nueva Ecija,Science City of Muñoz,2021-05-03,22.2,32.9,65.8,,20.7,236.5
III,Nueva Ecija,Science City of Muñoz,2021-05-04,22.5,32.6,66.8,,20.9,226.0
III,Nueva Ecija,Science City of Muñoz,2021-05-05,22.8,31.7,69.6,,21.2,231.2
III,Nueva Ecija,Science City of Muñoz,2021-05-06,23.4,32.4,68.3,0.0,21.6,223.8
III,Nueva Ecija,Science City of Muñoz,2021-05-07,22.0,31.9,71.7,33.1,21.3,206.5
III,Nueva Ecija,Science City of Muñoz,2021-05-08,22.6,33.7,68.9,0.0,21.9,236.8
III,Nueva Ecija,Science City of Muñoz,2021-05-09,22.9,33.1,68.8,0.0,21.8,230.1
III,Nueva Ecija,Science City of Muñoz,2021-05-10,22.1,31.8,70.3,0.5,21.0,231.2
III,Nueva Ecija,Science City of Muñoz,2021-05-11,21.1,32.4,74.4,8.3,21.6,221.4
III,Nueva Ecija,Science City of Muñoz,2021-05-12,21.3,32.1,67.8,0.0,20.3,225.5
III,Nueva Ecija,Science City of Muñoz,2021-05-13,21.0,33.2,67.2,0.0,20.5,240.2
III,Nueva Ecija,Science City of Muñoz,2021-05-14,21.1,32.1,64.6,0.0,19.5,243.2
III,Nueva Ecija,Science City of Muñoz,2021-05-15,21.3,34.8,62.4,0.0,20.5,231.3
III,Nueva Ecija,Science City of Muñoz,2021-05-16,21.3,35.0,64.5,0.0,21.0,227.7
III,Nueva Ecija,Science City of Muñoz,2021-05-17,20.8,34.3,69.2,0.0,21.4,212.6
III,Nueva Ecija,Science City of Muñoz,2021-05-18,21.3,34.5,67.6,0.0,21.4,234.3
III,Nueva Ecija,Science City of Muñoz,2021-05-19,20.7,33.5,71.9,0.0,21.5,218.5
III,Nueva Ecija,Science City of Muñoz,2021-05-20,21.4,34.2,74.2,0.0,22.6,221.7
III,Nueva Ecija,Science City of Muñoz,2021-05-21,21.7,33.8,69.8,0.0,21.7,231.8
III,Nueva Ecija,Science City of Muñoz,2021-05-22,22.7,33.4,76.0,0.0,23.2,237.2
III,Nueva Ecija,Science City of Muñoz,2021-05-23,22.7,32.3,76.7,7.9,22.8,228.5
III,Nueva Ecija,Science City of Muñoz,2021-05-24,21.6,33.2,75.3,11.2,22.5,220.4
III,Nueva Ecija,Science City of Muñoz,2021-05-25,21.9,34.4,69.2,0.0,22.0,235.1
III,Nueva Ecija,Science City of Muñoz,2021-05-26,22.2,35.0,73.5,7.7,23.3,234.3
III,Nueva Ecija,Science City of Muñoz,2021-05-27,21.0,34.3,73.8,8.9,22.4,214.9
III,Nueva Ecija,Science City of Muñoz,2021-05-28,21.3,33.4,71.5,0.0,21.7,225.4
III,Nueva Ecija,Science City of Muñoz,2021-05-29,22.1,33.5,71.7,0.0,22.1,218.2
III,Nueva Ecija,Science City of Muñoz,2021-05-30,22.6,33.2,69.5,0.0,21.8,224.7
III,Nueva Ecija,Science City of Muñoz,2021-05-31,21.3,33.2,68.1,0.0,20.9,231.2
III,Nueva Ecija,Science City of Muñoz,2021-06-01,21.4,32.7,69.9,0.0,21.0,235.4
III,Nueva Ecija,Science City of Muñoz,2021-06-02,21.8,31.9,69.3,0.0,20.7,227.1
III,Nueva Ecija,Science City of Muñoz,2021-06-03,20.9,31.9,72.5,1.9,20.9,220.6
III,Nueva Ecija,Science City of Muñoz,2021-06-04,21.9,32.6,75.3,3.8,22.3,217.8
III,Nueva Ecija,Science City of Muñoz,2021-06-05,22.6,32.8,,0.0,22.4,234.1
III,Nueva Ecija,Science City of Muñoz,2021-06-06,24.2,34.3,,1.0,24.6,226.2
III,Nueva Ecija,Science City of Muñoz,2021-06-07,23.6,32.7,,0.0,23.4,230.6
III,Nueva Ecija,Science City of Muñoz,2021-06-08,24.5,33.0,,0.0,23.6,209.1
III,Nueva Ecija,Science City of Muñoz,2021-06-09,24.0,34.5,72.7,0.0,23.8,215.7
III,Nueva Ecija,Science City of Muñoz,2021-06-10,23.8,34.1,74.1,0.0,23.8,229.8
III,Nueva Ecija,Science City of Muñoz,2021-06-11,22.3,33.7,71.9,0.0,22.4,223.1
III,Nueva Ecija,Science City of Muñoz,2021-06-12,22.4,33.1,70.4,0.0,21.8,226.1
III,Nueva Ecija,Science City of Muñoz,2021-06-13,22.1,33.2,71.9,10.5,22.0,205.2
III,Nueva Ecija,Science City of Muñoz,2021-06-14,22.4,33.2,67.6,0.0,21.3,231.5
III,Nueva Ecija,Science City of Muñoz,2021-06-15,23.4,33.1,69.5,0.0,22.2,224.0
III,Nueva Ecija,Science City of Muñoz,2021-06-16,22.2,31.7,72.8,12.7,21.5,212.1
III,Nueva Ecija,Science City of Muñoz,2021-06-17,23.4,33.8,68.6,0.0,22.3,230.6
III,Nueva Ecija,Science City of Muñoz,2021-06-18,22.8,34.4,69.7,0.0,22.5,212.3
III,Nueva Ecija,Science City of Muñoz,2021-06-19,22.7,,67.6,0.0,21.9,230.2
III,Nueva Ecija,Science City of Muñoz,2021-06-20,21.2,,75.3,44.1,21.6,
III,Nueva Ecija,Science City of Muñoz,2021-06-21,20.6,,72.7,0.0,22.0,
III,Nueva Ecija,Science City of Muñoz,2021-06-22,22.0,,73.0,0.0,23.0,
III,Nueva Ecija,Science City of Muñoz,2021-06-23,23.1,34.3,71.0,0.0,22.9,216.0
III,Nueva Ecija,Science City of Muñoz,2021-06-24,22.6,34.8,73.8,0.0,23.5,222.5
III,Nueva Ecija,Science City of Muñoz,2021-06-25,23.0,32.9,75.4,7.0,23.0,227.6
III,Nueva Ecija,Science City of Muñoz,2021-06-26,21.6,33.3,77.3,9.3,22.9,213.0
III,Nueva Ecija,Science City of Muñoz,2021-06-27,21.7,33.6,78.8,12.3,23.4,204.0
III,Nueva Ecija,Science City of Muñoz,2021-06-28,21.9,32.4,77.4,21.9,22.6,202.4
III,Nueva Ecija,Science City of Muñoz,2021-06-29,22.5,34.5,71.6,0.0,22.8,230.2
III,Nueva Ecija,Science City of Muñoz,2021-06-30,22.6,34.1,74.2,20.5,23.2,205.7
III,Nueva Ecija,Science City of Muñoz,2021-07-01,24.0,34.3,75.0,4.8,24.2,230.7
III,Nueva Ecija,Science City of Muñoz,2021-07-02,23.7,34.2,73.2,0.0,23.6,217.5
III,Nueva Ecija,Science City of Muñoz,2021-07-03,24.2,34.4,73.8,0.0,24.1,206.9
III,Nueva Ecija,Science City of Muñoz,2021-07-04,24.3,32.2,77.0,20.9,23.6,205.5
III,Nueva Ecija,Science City of Muñoz,2021-07-05,24.3,35.5,74.2,0.0,24.7,227.7
III,Nueva Ecija,Science City of Muñoz,2021-07-06,23.2,35.9,81.3,8.8,25.8,211.0
III,Nueva Ecija,Science City of Muñoz,2021-07-07,23.9,36.8,77.4,0.0,25.8,229.6
III,Nueva Ecija,Science City of Muñoz,2021-07-08,24.2,34.6,74.2,0.0,24.2,222.6
III,Nueva Ecija,Science City of Muñoz,2021-07-09,23.8,34.1,74.6,0.0,23.9,233.1
III,Nueva Ecija,Science City of Muñoz,2021-07-10,23.3,34.0,80.7,9.2,24.8,207.0
III,Nueva Ecija,Science City of Muñoz,2021-07-11,23.6,33.2,75.7,0.0,23.5,228.4
III,Nueva Ecija,Science City of Muñoz,2021-07-12,21.6,33.8,80.4,21.6,23.8,195.1
III,Nueva Ecija,Science City of Muñoz,2021-07-13,22.3,34.6,73.1,-2.8,23.1,213.3
III,Nueva Ecija,Science City of Muñoz,2021-07-14,22.3,34.8,73.7,0.0,23.3,218.2
III,Nueva Ecija,Science City of Muñoz,2021-07-15,22.6,36.8,74.3,0.0,24.6,216.6
III,Nueva Ecija,Science City of Muñoz,2021-07-16,22.5,36.7,78.7,19.5,25.3,215.3
III,Nueva Ecija,Science City of Muñoz,2021-07-17,23.7,37.2,83.9,6.9,27.2,212.0
III,Nueva Ecija,Science City of Muñoz,2021-07-18,23.3,37.0,75.2,,25.2,210.7
III,Nueva Ecija,Science City of Muñoz,2021-07-19,23.0,37.1,78.6,,25.8,217.1
III,Nueva Ecija,Science City of Muñoz,2021-07-20,22.1,35.9,75.5,,24.1,227.6
III,Nueva Ecija,Science City of Muñoz,2021-07-21,22.3,35.1,75.2,,23.7,228.3
III,Nueva Ecija,Science City of Muñoz,2021-07-22,22.0,36.4,79.9,2.4,25.2,219.9
III,Nueva Ecija,Science City of Muñoz,2021-07-23,22.2,35.7,76.4,0.0,24.2,220.0
III,Nueva Ecija,Science City of Muñoz,2021-07-24,22.3,34.6,82.4,6.2,24.9,207.6
III,Nueva Ecija,Science City of Muñoz,2021-07-25,22.9,34.7,80.2,2.8,24.8,204.2
III,Nueva Ecija,Science City of Muñoz,2021-07-26,24.2,35.1,76.6,0.0,25.0,211.2
III,Nueva Ecija,Science City of Muñoz,2021-07-27,24.0,34.3,76.7,10.0,24.5,224.8
III,Nueva Ecija,Science City of Muñoz,2021-07-28,23.2,33.9,76.3,18.9,23.8,209.6
III,Nueva Ecija,Science City of Muñoz,2021-07-29,24.9,34.9,73.1,0.0,24.5,217.7
III,Nueva Ecija,Science City of Muñoz,2021-07-30,23.3,33.1,78.3,10.2,23.9,204.2
III,Nueva Ecija,Science City of Muñoz,2021-07-31,23.0,33.8,74.4,0.0,23.3,207.8
III,Nueva Ecija,Science City of Muñoz,2021-08-01,22.6,33.4,76.0,6.2,23.2,216.0
III,Nueva Ecija,Science City of Muñoz,2021-08-02,22.6,33.9,73.6,0.0,23.0,213.7
III,Nueva Ecija,Science City of Muñoz,2021-08-03,23.4,33.1,70.8,0.7,22.4,212.5
III,Nueva Ecija,Science City of Muñoz,2021-08-04,23.3,33.9,73.2,0.0,23.2,210.8
III,Nueva Ecija,Science City of Muñoz,2021-08-05,23.6,34.9,81.2,2.6,25.5,225.3
III,Nueva Ecija,Science City of Muñoz,2021-08-06,,35.1,80.5,16.4,25.2,198.2
III,Nueva Ecija,Science City of Muñoz,2021-08-07,,34.1,75.3,0.6,23.7,224.6
III,Nueva Ecija,Science City of Muñoz,2021-08-08,,32.9,80.0,2.9,24.2,208.5
III,Nueva Ecija,Science City of Muñoz,2021-08-09,,32.5,75.6,5.7,22.8,214.7
III,Nueva Ecija,Science City of Muñoz,2021-08-10,23.2,33.1,72.9,0.0,22.7,218.0
III,Nueva Ecija,Science City of Muñoz,2021-08-11,22.6,33.8,73.7,0.0,22.9,210.9
III,Nueva Ecija,Science City of Muñoz,2021-08-12,22.1,33.1,76.0,9.7,22.8,207.9
III,Nueva Ecija,Science City of Muñoz,2021-08-13,23.4,33.5,69.7,0.0,22.4,219.0
III,Nueva Ecija,Science City of Muñoz,2021-08-14,23.5,35.6,73.8,0.0,24.3,210.2
III,Nueva Ecija,Science City of Muñoz,2021-08-15,23.2,35.2,71.5,0.3,23.5,203.5
III,Nueva Ecija,Science City of Muñoz,2021-08-16,23.6,34.2,78.4,4.3,24.6,231.0
III,Nueva Ecija,Science City of Muñoz,2021-08-17,24.4,32.3,72.2,0.0,22.8,214.5
III,Nueva Ecija,Science City of Muñoz,2021-08-18,23.7,33.4,73.2,0.0,23.2,222.2
III,Nueva Ecija,Science City of Muñoz,2021-08-19,23.6,35.2,78.6,0.0,25.1,217.0
III,Nueva Ecija,Science City of Muñoz,2021-08-20,23.1,36.0,80.4,0.0,25.6,220.5
III,Nueva Ecija,Science City of Muñoz,2021-08-21,23.2,36.5,84.8,1.4,26.8,205.1
III,Nueva Ecija,Science City of Muñoz,2021-08-22,22.7,35.6,81.0,2.8,25.3,222.0
III,Nueva Ecija,Science City of Muñoz,2021-08-23,23.0,33.1,79.0,10.9,23.8,210.6
III,Nueva Ecija,Science City of Muñoz,2021-08-24,23.4,36.3,76.7,0.0,25.2,213.5
III,Nueva Ecija,Science City of Muñoz,2021-08-25,23.2,34.9,75.5,0.0,24.2,203.9
III,Nueva Ecija,Science City of Muñoz,2021-08-26,22.9,34.5,74.1,0.0,23.5,213.0
III,Nueva Ecija,Science City of Muñoz,2021-08-27,23.5,36.7,79.1,4.5,25.9,220.6
III,Nueva Ecija,Science City of Muñoz,2021-08-28,23.3,35.9,77.6,4.6,25.1,207.8
III,Nueva Ecija,Science City of Muñoz,2021-08-29,24.3,35.5,73.7,4.1,24.6,216.8
III,Nueva Ecija,Science City of Muñoz,2021-08-30,23.7,34.6,71.8,0.0,23.5,226.7
III,Nueva Ecija,Science City of Muñoz,2021-08-31,23.7,35.4,76.7,5.7,24.9,208.9
III,Nueva Ecija,Science City of Muñoz,2021-09-01,23.7,36.4,74.6,0.0,25.0,210.2
III,Nueva Ecija,Science City of Muñoz,2021-09-02,22.8,37.0,72.9,0.0,24.5,196.7
III,Nueva Ecija,Science City of Muñoz,2021-09-03,22.8,35.1,76.3,3.4,24.2,224.2
III,Nueva Ecija,Science City of Muñoz,2021-09-04,22.9,34.5,72.6,0.0,23.2,208.1
III,Nueva Ecija,Science City of Muñoz,2021-09-05,21.8,33.4,73.7,0.0,22.3,223.7
III,Nueva Ecija,Science City of Muñoz,2021-09-06,21.2,32.3,77.2,16.8,22.2,183.3
III,Nueva Ecija,Science City of Muñoz,2021-09-07,22.3,34.1,76.0,0.0,23.4,212.3
III,Nueva Ecija,Science City of Muñoz,2021-09-08,22.4,34.0,73.4,0.0,22.9,201.5
III,Nueva Ecija,Science City of Muñoz,2021-09-09,21.9,34.1,80.9,7.4,24.2,217.2
III,Nueva Ecija,Science City of Muñoz,2021-09-10,22.2,34.3,77.5,0.0,23.8,218.2
III,Nueva Ecija,Science City of Muñoz,2021-09-11,22.1,33.8,80.0,12.3,24.0,216.1
III,Nueva Ecija,Science City of Muñoz,2021-09-12,22.4,34.1,73.3,9.7,22.9,205.2
III,Nueva Ecija,Science City of Muñoz,2021-09-13,23.6,34.6,69.5,0.0,23.0,216.3
III,Nueva Ecija,Science City of Muñoz,2021-09-14,23.2,33.8,76.9,13.2,23.9,210.7
III,Nueva Ecija,Science City of Muñoz,2021-09-15,23.1,35.0,69.2,0.0,22.9,210.5
III,Nueva Ecija,Science City of Muñoz,2021-09-16,23.6,36.7,73.7,5.3,24.9,211.8
III,Nueva Ecija,Science City of Muñoz,2021-09-17,23.2,36.6,79.0,1.9,25.7,210.9
III,Nueva Ecija,Science City of Muñoz,2021-09-18,24.3,35.1,75.8,0.0,24.9,217.5
III,Nueva Ecija,Science City of Muñoz,2021-09-19,22.9,34.5,78.3,8.8,24.4,223.8
III,Nueva Ecija,Science City of Muñoz,2021-09-20,24.0,35.0,74.3,0.0,24.4,222.3
III,Nueva Ecija,Science City of Muñoz,2021-09-21,23.1,32.4,80.6,17.1,23.9,197.6
III,Nueva Ecija,Science City of Muñoz,2021-09-22,23.5,33.8,81.8,17.8,25.0,194.9
III,Nueva Ecija,Science City of Muñoz,2021-09-23,22.6,35.2,82.2,10.2,25.3,219.9
III,Nueva Ecija,Science City of Muñoz,2021-09-24,23.2,34.9,78.5,0.0,24.7,220.5
III,Nueva Ecija,Science City of Muñoz,2021-09-25,23.0,34.0,76.9,-1.3,23.9,226.7
III,Nueva Ecija,Science City of Muñoz,2021-09-26,24.1,31.9,81.3,18.4,24.3,197.9
III,Nueva Ecija,Science City of Muñoz,2021-09-27,23.9,34.1,80.1,5.1,25.0,212.0
III,Nueva Ecija,Science City of Muñoz,2021-09-28,23.0,35.8,79.5,0.0,25.3,198.8
III,Nueva Ecija,Science City of Muñoz,2021-09-29,23.4,34.3,85.2,10.1,25.9,215.0
III,Nueva Ecija,Science City of Muñoz,2021-09-30,23.2,33.6,79.2,0.0,24.2,207.8
III,Nueva Ecija,Science City of Muñoz,2021-10-01,23.3,35.2,78.9,0.0,25.0,216.1
III,Nueva Ecija,Science City of Muñoz,2021-10-02,24.2,34.1,76.9,0.0,24.5,231.6
III,Nueva Ecija,Science City of Muñoz,2021-10-03,23.3,35.9,76.7,2.0,24.9,215.5
III,Nueva Ecija,Science City of Muñoz,2021-10-04,22.5,34.2,72.1,0.0,22.8,219.7
III,Nueva Ecija,Science City of Muñoz,2021-10-05,22.8,33.3,72.8,0.4,22.6,230.9
III,Nueva Ecija,Science City of Muñoz,2021-10-06,23.5,33.6,75.1,3.9,23.6,208.1
III,Nueva Ecija,Science City of Muñoz,2021-10-07,23.2,33.8,73.9,0.0,23.3,210.6
III,Nueva Ecija,Science City of Muñoz,2021-10-08,23.1,33.5,75.1,0.0,23.3,221.0
III,Nueva Ecija,Science City of Muñoz,2021-10-09,22.0,34.2,75.6,7.1,23.2,213.0
III,Nueva Ecija,Science City of Muñoz,2021-10-10,22.0,33.0,69.2,0.0,21.3,213.2
III,Nueva Ecija,Science City of Muñoz,2021-10-11,21.8,31.7,69.5,0.0,20.6,214.4
III,Nueva Ecija,Science City of Muñoz,2021-10-12,21.4,30.4,74.9,23.0,20.9,198.8
III,Nueva Ecija,Science City of Muñoz,2021-10-13,21.7,32.4,74.2,0.0,21.9,228.5
III,Nueva Ecija,Science City of Muñoz,2021-10-14,22.2,32.1,74.5,0.0,22.0,234.7
III,Nueva Ecija,Science City of Muñoz,2021-10-15,22.8,32.5,78.0,6.6,,215.5
III,Nueva Ecija,Science City of Muñoz,2021-10-16,22.8,34.4,80.3,20.0,,206.7
III,Nueva Ecija,Science City of Muñoz,2021-10-17,24.3,34.9,76.1,0.0,,223.4
III,Nueva Ecija,Science City of Muñoz,2021-10-18,23.1,32.5,78.1,167.7,,173.4
III,Nueva Ecija,Science City of Muñoz,2021-10-19,24.0,34.8,74.8,0.0,,212.0
III,Nueva Ecija,Science City of Muñoz,2021-10-20,23.4,34.4,74.4,0.2,23.8,207.8
III,Nueva Ecija,Science City of Muñoz,2021-10-21,22.9,33.4,77.1,12.7,23.6,210.3
III,Nueva Ecija,Science City of Muñoz,2021-10-22,23.4,35.0,77.2,2.3,24.6,224.7
III,Nueva Ecija,Science City of Muñoz,2021-10-23,23.3,35.3,101.7,8.8,25.0,208.8
III,Nueva Ecija,Science City of Muñoz,2021-10-24,22.8,35.4,81.6,11.0,25.4,202.5
III,Nueva Ecija,Science City of Muñoz,2021-10-25,22.2,35.9,80.0,5.8,25.0,220.4
III,Nueva Ecija,Science City of Muñoz,2021-10-26,22.4,33.8,77.8,5.4,23.7,226.1
III,Nueva Ecija,Science City of Muñoz,2021-10-27,22.2,34.2,74.8,0.1,23.2,224.1
III,Nueva Ecija,Science City of Muñoz,2021-10-28,22.3,34.2,75.3,7.4,23.3,201.3
III,Nueva Ecija,Science City of Muñoz,2021-10-29,21.6,34.8,70.3,0.0,22.3,234.2
III,Nueva Ecija,Science City of Muñoz,2021-10-30,22.4,35.7,72.1,0.0,23.5,212.8
III,Nueva Ecija,Science City of Muñoz,2021-10-31,23.5,35.0,67.1,0.0,22.7,221.5
III,Nueva Ecija,Science City of Muñoz,2021-11-01,23.6,33.8,71.4,0.0,23.0,230.0
III,Nueva Ecija,Science City of Muñoz,2021-11-02,23.3,33.2,,0.0,22.4,213.6
III,Nueva Ecija,Science City of Muñoz,2021-11-03,22.3,33.4,,0.0,22.3,220.2
III,Nueva Ecija,Science City of Muñoz,2021-11-04,21.6,33.0,,13.8,22.8,202.7
III,Nueva Ecija,Science City of Muñoz,2021-11-05,23.2,32.7,74.5,0.0,22.8,218.7
III,Nueva Ecija,Science City of Muñoz,2021-11-06,23.6,33.2,72.4,0.0,22.9,217.8
III,Nueva Ecija,Science City of Muñoz,2021-11-07,23.6,33.5,71.3,0.0,22.8,225.1
III,Nueva Ecija,Science City of Muñoz,2021-11-08,22.8,33.9,73.3,0.0,23.0,217.0
III,Nueva Ecija,Science City of Muñoz,2021-11-09,23.3,32.9,73.4,0.0,22.8,231.8
III,Nueva Ecija,Science City of Muñoz,2021-11-10,22.7,34.9,78.2,4.4,24.4,223.7
III,Nueva Ecija,Science City of Muñoz,2021-11-11,22.5,34.8,72.1,1.0,23.1,227.3
III,Nueva Ecija,Science City of Muñoz,2021-11-12,22.7,35.9,74.2,0.0,24.1,222.7
III,Nueva Ecija,Science City of Muñoz,2021-11-13,22.6,34.9,78.1,0.0,24.4,217.2
III,Nueva Ecija,Science City of Muñoz,2021-11-14,21.3,34.1,75.8,0.0,22.9,213.5
III,Nueva Ecija,Science City of Muñoz,2021-11-15,20.7,32.4,77.6,27.5,22.1,194.9
III,Nueva Ecija,Science City of Muñoz,2021-11-16,21.4,33.1,69.8,0.0,21.2,227.9
III,Nueva Ecija,Science City of Muñoz,2021-11-17,22.9,33.0,70.3,0.0,22.0,234.2
III,Nueva Ecija,Science City of Muñoz,2021-11-18,21.7,32.5,80.0,24.9,23.1,199.2
III,Nueva Ecija,Science City of Muñoz,2021-11-19,21.8,33.7,77.4,24.3,23.2,202.9
III,Nueva Ecija,Science City of Muñoz,2021-11-20,21.3,35.0,69.7,0.0,22.1,228.7
III,Nueva Ecija,Science City of Muñoz,2021-11-21,21.7,33.4,74.4,3.4,22.4,209.4
III,Nueva Ecija,Science City of Muñoz,2021-11-22,23.2,32.7,73.0,0.0,22.6,238.1
III,Nueva Ecija,Science City of Muñoz,2021-11-23,23.1,33.0,71.6,0.0,22.4,220.3
III,Nueva Ecija,Science City of Muñoz,2021-11-24,23.3,32.3,75.2,6.0,22.8,211.3
III,Nueva Ecija,Science City of Muñoz,2021-11-25,23.6,31.5,74.3,11.6,22.4,209.3
III,Nueva Ecija,Science City of Muñoz,2021-11-26,22.6,32.3,74.5,7.7,22.4,218.1
III,Nueva Ecija,Science City of Muñoz,2021-11-27,22.2,31.9,69.7,0.0,21.0,228.4
III,Nueva Ecija,Science City of Muñoz,2021-11-28,22.1,31.5,71.1,0.0,21.0,229.4
III,Nueva Ecija,Science City of Muñoz,2021-11-29,22.5,31.5,74.3,0.3,21.9,237.0
III,Nueva Ecija,Science City of Muñoz,2021-11-30,22.9,32.7,71.4,0.4,22.1,218.1
III,Nueva Ecija,Science City of Muñoz,2021-12-01,23.5,33.6,73.3,0.7,23.2,215.3
III,Nueva Ecija,Science City of Muñoz,2021-12-02,22.7,34.5,73.9,0.0,23.4,233.4
III,Nueva Ecija,Science City of Muñoz,2021-12-03,24.5,34.7,71.6,0.0,23.9,209.7
III,Nueva Ecija,Science City of Muñoz,2021-12-04,23.5,34.2,73.3,0.0,23.5,221.5
III,Nueva Ecija,Science City of Muñoz,2021-12-05,23.0,32.8,74.1,0.0,22.7,225.7
III,Nueva Ecija,Science City of Muñoz,2021-12-06,22.5,33.4,78.1,11.7,,212.0
III,Nueva Ecija,Science City of Muñoz,2021-12-07,22.6,35.1,74.0,0.0,,227.0
III,Nueva Ecija,Science City of Muñoz,2021-12-08,21.6,32.6,77.5,18.0,,217.1
III,Nueva Ecija,Science City of Muñoz,2021-12-09,23.0,33.6,73.3,0.0,23.0,235.8
III,Nueva Ecija,Science City of Muñoz,2021-12-10,22.0,32.4,75.8,16.0,22.4,205.9
III,Nueva Ecija,Science City of Muñoz,2021-12-11,22.7,33.0,69.7,0.0,21.8,217.3
III,Nueva Ecija,Science City of Muñoz,2021-12-12,22.6,32.6,69.9,0.0,21.6,222.4
III,Nueva Ecija,Science City of Muñoz,2021-12-13,22.8,33.7,68.0,0.0,21.8,234.8
III,Nueva Ecija,Science City of Muñoz,2021-12-14,22.3,32.9,65.5,0.0,20.7,228.6
III,Nueva Ecija,Science City of Muñoz,2021-12-15,22.4,33.4,72.2,2.5,22.3,216.5
III,Nueva Ecija,Science City of Muñoz,2021-12-16,22.7,33.2,72.1,4.3,22.4,227.0
III,Nueva Ecija,Science City of Muñoz,2021-12-17,21.9,34.1,67.8,0.0,21.6,231.6
III,Nueva Ecija,Science City of Muñoz,2021-12-18,22.1,34.1,73.4,5.7,22.8,221.3
III,Nueva Ecija,Science City of Muñoz,2021-12-19,21.7,35.2,66.2,0.0,21.7,221.6
III,Nueva Ecija,Science City of Muñoz,2021-12-20,22.5,34.7,71.1,0.0,,243.9
III,Nueva Ecija,Science City of Muñoz,2021-12-21,22.5,34.7,69.3,0.0,,226.8
III,Nueva Ecija,Science City of Muñoz,2021-12-22,22.2,33.6,71.4,0.0,,232.0
III,Nueva Ecija,Science City of Muñoz,2021-12-23,22.7,35.3,68.8,0.0,,232.7
III,Nueva Ecija,Science City of Muñoz,2021-12-24,22.3,35.2,69.3,0.0,22.6,230.9
III,Nueva Ecija,Science City of Muñoz,2021-12-25,22.7,34.5,65.2,0.0,21.6,239.7
III,Nueva Ecija,Science City of Muñoz,2021-12-26,22.2,35.4,66.2,0.0,22.0,232.5
III,Nueva Ecija,Science City of Muñoz,2021-12-27,22.6,35.1,64.8,0.0,21.8,237.7
III,Nueva Ecija,Science City of Muñoz,2021-12-28,22.9,34.1,65.6,0.0,21.6,226.6
III,Nueva Ecija,Science City of Muñoz,2021-12-29,22.5,35.2,66.1,0.0,22.1,237.3
III,Nueva Ecija,Science City of Muñoz,2021-12-30,22.3,34.9,67.3,0.0,22.1,231.5
III,Nueva Ecija,Science City of Muñoz,2021-12-31,23.5,34.2,68.9,0.0,22.6,235.2
III,Nueva Ecija,Science City of Muñoz,2022-01-01,23.2,34.5,69.6,0.0,22.8,233.6
III,Nueva Ecija,Science City of Muñoz,2022-01-02,22.9,33.5,67.7,0.0,21.7,231.3
III,Nueva Ecija,Science City of Muñoz,2022-01-03,22.8,33.9,65.1,0.0,21.4,237.1
III,Nueva Ecija,Science City of Muñoz,2022-01-04,22.7,32.5,64.9,0.0,20.6,239.0
III,Nueva Ecija,Science City of Muñoz,2022-01-05,22.3,32.7,,0.0,21.5,237.0
III,Nueva Ecija,Science City of Muñoz,2022-01-06,22.4,33.5,,0.0,22.0,237.3
III,Nueva Ecija,Science City of Muñoz,2022-01-07,22.5,32.4,,0.0,21.6,231.8
III,Nueva Ecija,Science City of Muñoz,2022-01-08,22.8,32.0,,0.0,21.6,243.1
III,Nueva Ecija,Science City of Muñoz,2022-01-09,23.1,32.1,,0.0,21.6,233.5
III,Nueva Ecija,Science City of Muñoz,2022-01-10,22.9,32.2,73.6,14.8,22.3,208.3
III,Nueva Ecija,Science City of Muñoz,2022-01-11,23.4,33.4,73.9,19.3,23.2,224.6
III,Nueva Ecija,Science City of Muñoz,2022-01-12,23.3,35.1,69.6,0.0,23.1,241.1
III,Nueva Ecija,Science City of Muñoz,2022-01-13,23.6,36.7,67.0,0.0,23.6,245.9
III,Nueva Ecija,Science City of Muñoz,2022-01-14,23.3,36.0,65.1,0.0,22.7,234.4
III,Nueva Ecija,Science City of Muñoz,2022-01-15,22.7,35.9,63.4,1.2,22.0,227.1
III,Nueva Ecija,Science City of Muñoz,2022-01-16,22.8,36.4,66.8,4.2,23.0,240.3
III,Nueva Ecija,Science City of Muñoz,2022-01-17,22.7,35.0,64.4,0.0,21.7,239.2
III,Nueva Ecija,Science City of Muñoz,2022-01-18,23.3,35.3,60.0,0.0,21.3,238.8
III,Nueva Ecija,Science City of Muñoz,2022-01-19,22.0,33.5,62.7,0.0,20.3,244.3
III,Nueva Ecija,Science City of Muñoz,2022-01-20,22.1,32.5,64.5,0.0,20.2,227.9
III,Nueva Ecija,Science City of Muñoz,2022-01-21,23.1,32.7,67.3,0.0,21.4,241.3
III,Nueva Ecija,Science City of Muñoz,2022-01-22,24.2,31.5,68.1,0.0,21.5,233.5
III,Nueva Ecija,Science City of Muñoz,2022-01-23,22.9,31.6,67.6,0.0,20.8,224.1
III,Nueva Ecija,Science City of Muñoz,2022-01-24,22.6,34.2,67.1,0.0,21.8,247.9
III,Nueva Ecija,Science City of Muñoz,2022-01-25,22.1,34.8,63.9,0.0,21.2,237.8
III,Nueva Ecija,Science City of Muñoz,2022-01-26,22.5,34.0,62.9,0.0,20.8,247.1
III,Nueva Ecija,Science City of Muñoz,2022-01-27,22.4,35.0,64.3,0.0,21.6,233.3
III,Nueva Ecija,Science City of Muñoz,2022-01-28,21.6,34.3,70.4,9.3,22.0,223.5
III,Nueva Ecija,Science City of Muñoz,2022-01-29,21.7,35.0,64.4,0.0,21.2,229.0
III,Nueva Ecija,Science City of Muñoz,2022-01-30,22.0,34.1,63.3,0.0,20.7,224.6
III,Nueva Ecija,Science City of Muñoz,2022-01-31,22.5,32.6,65.3,0.0,20.6,235.0
III,Nueva Ecija,Science City of Muñoz,2022-02-01,22.2,32.3,64.3,0.0,20.1,231.7
III,Nueva Ecija,Science City of Muñoz,2022-02-02,22.1,31.9,65.1,0.0,,247.7
III,Nueva Ecija,Science City of Muñoz,2022-02-03,22.4,31.3,68.3,0.0,,242.5
III,Nueva Ecija,Science City of Muñoz,2022-02-04,22.1,32.7,67.7,0.0,,241.2
III,Nueva Ecija,Science City of Muñoz,2022-02-05,21.9,33.6,70.0,0.0,,238.2
III,Nueva Ecija,Science City of Muñoz,2022-02-06,22.3,32.3,69.8,0.0,,248.0
III,Nueva Ecija,Science City of Muñoz,2022-02-07,22.0,31.9,68.0,0.0,20.5,229.2
III,Nueva Ecija,Science City of Muñoz,2022-02-08,22.1,32.6,65.9,0.0,20.5,233.8
III,Nueva Ecija,Science City of Muñoz,2022-02-09,21.8,32.7,71.4,3.6,21.5,222.0
III,Nueva Ecija,Science City of Muñoz,2022-02-10,21.8,32.4,67.9,0.0,20.7,235.2
III,Nueva Ecija,Science City of Muñoz,2022-02-11,21.2,,65.4,0.0,20.1,225.4
III,Nueva Ecija,Science City of Muñoz,2022-02-12,21.7,,67.5,0.0,20.8,237.1
III,Nueva Ecija,Science City of Muñoz,2022-02-13,22.3,32.9,65.3,0.0,20.7,
III,Nueva Ecija,Science City of Muñoz,2022-02-14,24.1,33.5,63.9,0.0,21.6,
III,Nueva Ecija,Science City of Muñoz,2022-02-15,23.5,33.2,68.2,3.1,22.0,
III,Nueva Ecija,Science City of Muñoz,2022-02-16,21.4,33.7,66.7,0.0,20.9,
III,Nueva Ecija,Science City of Muñoz,2022-02-17,20.8,33.9,66.1,0.0,20.6,
III,Nueva Ecija,Science City of Muñoz,2022-02-18,21.8,33.3,68.8,0.0,21.3,241.2
III,Nueva Ecija,Science City of Muñoz,2022-02-19,22.3,33.5,65.0,0.0,20.9,232.2
III,Nueva Ecija,Science City of Muñoz,2022-02-20,22.5,33.2,62.8,0.0,20.4,232.0
III,Nueva Ecija,Science City of Muñoz,2022-02-21,21.7,32.9,63.2,0.0,19.9,243.3
III,Nueva Ecija,Science City of Muñoz,2022-02-22,21.7,32.8,67.1,0.0,20.7,243.9
III,Nueva Ecija,Science City of Muñoz,2022-02-23,21.6,33.7,66.4,0.0,20.9,239.8
III,Nueva Ecija,Science City of Muñoz,2022-02-24,22.3,33.9,65.9,0.0,21.3,247.6
III,Nueva Ecija,Science City of Muñoz,2022-02-25,22.5,33.6,62.9,0.0,20.6,243.4
III,Nueva Ecija,Science City of Muñoz,2022-02-26,23.5,33.6,67.3,0.0,22.0,222.5
III,Nueva Ecija,Science City of Muñoz,2022-02-27,23.7,32.4,67.4,0.0,21.5,245.3
III,Nueva Ecija,Science City of Muñoz,2022-02-28,23.5,31.8,69.7,0.0,21.6,235.3
III,Nueva Ecija,Science City of Muñoz,2022-03-01,24.0,30.9,68.0,0.0,21.0,239.9
III,Nueva Ecija,Science City of Muñoz,2022-03-02,23.0,30.2,67.3,0.0,,231.8
III,Nueva Ecija,Science City of Muñoz,2022-03-03,23.0,31.4,70.5,10.2,,242.5
III,Nueva Ecija,Science City of Muñoz,2022-03-04,22.1,32.3,65.0,0.0,,245.6
III,Nueva Ecija,Science City of Muñoz,2022-03-05,23.3,32.6,67.3,0.0,21.4,228.5
III,Nueva Ecija,Science City of Muñoz,2022-03-06,23.4,31.7,65.2,0.0,20.6,225.5
III,Nueva Ecija,Science City of Muñoz,2022-03-07,24.5,34.2,71.0,3.9,23.6,237.0
III,Nueva Ecija,Science City of Muñoz,2022-03-08,23.7,33.3,67.3,0.0,22.0,249.9
III,Nueva Ecija,Science City of Muñoz,2022-03-09,22.4,34.2,63.4,0.0,21.0,231.4
III,Nueva Ecija,Science City of Muñoz,2022-03-10,22.1,33.0,,0.0,20.7,255.9
III,Nueva Ecija,Science City of Muñoz,2022-03-11,21.7,31.5,,0.0,19.6,238.1
III,Nueva Ecija,Science City of Muñoz,2022-03-12,,31.5,,0.0,19.1,232.8
III,Nueva Ecija,Science City of Muñoz,2022-03-13,,,,0.0,20.1,231.0
III,Nueva Ecija,Science City of Muñoz,2022-03-14,,,64.1,0.0,19.8,231.5
III,Nueva Ecija,Science City of Muñoz,2022-03-15,,,67.4,0.0,20.5,243.3
III,Nueva Ecija,Science City of Muñoz,2022-03-16,23.5,,69.4,0.0,21.3,229.1
III,Nueva Ecija,Science City of Muñoz,2022-03-17,22.5,,75.5,9.5,21.9,222.7
III,Nueva Ecija,Science City of Muñoz,2022-03-18,22.7,30.9,73.5,0.0,21.5,245.0
III,Nueva Ecija,Science City of Muñoz,2022-03-19,21.6,31.8,72.7,0.0,21.2,241.5
III,Nueva Ecija,Science City of Muñoz,2022-03-20,20.8,31.8,73.0,0.0,20.9,241.8
III,Nueva Ecija,Science City of Muñoz,2022-03-21,21.4,31.7,70.0,0.0,20.5,239.8
III,Nueva Ecija,Science City of Muñoz,2022-03-22,21.6,32.0,72.1,0.0,21.2,243.7
III,Nueva Ecija,Science City of Muñoz,2022-03-23,22.0,31.2,69.3,0.0,20.5,247.4
III,Nueva Ecija,Science City of Muñoz,2022-03-24,22.0,32.5,69.6,0.0,21.2,239.5
III,Nueva Ecija,Science City of Muñoz,2022-03-25,23.1,32.3,72.0,0.0,22.1,233.6
III,Nueva Ecija,Science City of Muñoz,2022-03-26,22.8,32.0,73.3,0.0,22.1,237.6
III,Nueva Ecija,Science City of Muñoz,2022-03-27,22.7,31.8,72.5,0.0,21.8,236.9
III,Nueva Ecija,Science City of Muñoz,2022-03-28,22.5,31.9,71.7,8.1,21.5,226.6
III,Nueva Ecija,Science City of Muñoz,2022-03-29,22.4,31.3,67.5,0.0,20.4,243.0
III,Nueva Ecija,Science City of Muñoz,2022-03-30,21.7,32.6,68.1,0.0,20.8,247.1
III,Nueva Ecija,Science City of Muñoz,2022-03-31,22.2,34.1,73.1,0.0,22.8,249.0
III,Nueva Ecija,Science City of Muñoz,2022-04-01,22.2,34.7,69.0,0.0,22.3,230.8
III,Nueva Ecija,Science City of Muñoz,2022-04-02,21.7,36.1,67.4,0.0,22.4,231.0
III,Nueva Ecija,Science City of Muñoz,2022-04-03,22.4,34.8,68.2,0.0,22.2,238.3
III,Nueva Ecija,Science City of Muñoz,2022-04-04,22.4,33.8,75.4,4.6,23.2,250.5
III,Nueva Ecija,Science City of Muñoz,2022-04-05,23.4,35.3,72.7,0.0,23.9,236.9
III,Nueva Ecija,Science City of Muñoz,2022-04-06,22.6,33.1,70.8,0.0,,239.4
III,Nueva Ecija,Science City of Muñoz,2022-04-07,22.1,31.3,73.8,3.3,,234.2
III,Nueva Ecija,Science City of Muñoz,2022-04-08,22.3,31.1,68.1,0.0,,252.0
III,Nueva Ecija,Science City of Muñoz,2022-04-09,21.9,32.4,71.5,0.0,,232.1
III,Nueva Ecija,Science City of Muñoz,2022-04-10,21.7,34.4,75.4,0.0,,239.4
III,Nueva Ecija,Science City of Muñoz,2022-04-11,22.2,34.9,75.1,0.0,23.6,233.9
III,Nueva Ecija,Science City of Muñoz,2022-04-12,21.9,35.3,72.6,0.0,23.1,234.0
III,Nueva Ecija,Science City of Muñoz,2022-04-13,22.9,35.5,68.5,0.0,22.9,241.2
III,Nueva Ecija,Science City of Muñoz,2022-04-14,24.0,36.5,68.4,0.0,23.9,237.9
III,Nueva Ecija,Science City of Muñoz,2022-04-15,24.5,35.0,68.6,0.0,23.5,233.8
III,Nueva Ecija,Science City of Muñoz,2022-04-16,25.2,34.5,74.8,1.1,24.8,240.7
III,Nueva Ecija,Science City of Muñoz,2022-04-17,24.1,33.6,71.0,0.0,23.0,234.8
III,Nueva Ecija,Science City of Muñoz,2022-04-18,23.8,32.9,72.0,7.8,22.8,216.6
III,Nueva Ecija,Science City of Muñoz,2022-04-19,22.6,32.1,68.9,0.0,21.1,223.8
III,Nueva Ecija,Science City of Muñoz,2022-04-20,21.9,33.1,70.4,0.0,21.6,249.6
III,Nueva Ecija,Science City of Muñoz,2022-04-21,22.5,32.2,73.4,0.0,22.0,250.8
III,Nueva Ecija,Science City of Muñoz,2022-04-22,21.9,32.4,71.9,0.0,21.5,221.6
III,Nueva Ecija,Science City of Muñoz,2022-04-23,21.5,32.3,73.4,0.0,21.6,226.9
III,Nueva Ecija,Science City of Muñoz,2022-04-24,21.5,32.1,73.3,0.0,21.5,241.7
III,Nueva Ecija,Science City of Muñoz,2022-04-25,21.6,33.4,70.1,0.0,21.5,237.1
III,Nueva Ecija,Science City of Muñoz,2022-04-26,21.6,33.0,70.2,0.0,21.3,237.6
III,Nueva Ecija,Science City of Muñoz,2022-04-27,22.4,33.0,72.2,0.0,22.1,217.3
III,Nueva Ecija,Science City of Muñoz,2022-04-28,22.3,32.4,76.7,10.9,22.7,217.3
III,Nueva Ecija,Science City of Muñoz,2022-04-29,22.3,35.0,73.1,0.0,23.3,223.9
III,Nueva Ecija,Science City of Muñoz,2022-04-30,23.7,34.5,73.5,0.0,23.8,217.8
III,Nueva Ecija,Science City of Muñoz,2022-05-01,23.6,35.7,70.3,0.0,23.7,230.3
III,Nueva Ecija,Science City of Muñoz,2022-05-02,24.2,34.9,70.6,0.0,23.7,227.2
III,Nueva Ecija,Science City of Muñoz,2022-05-03,24.5,35.6,69.0,0.0,23.8,229.3
III,Nueva Ecija,Science City of Muñoz,2022-05-04,23.7,33.9,71.4,0.0,23.1,236.1
III,Nueva Ecija,Science City of Muñoz,2022-05-05,23.6,32.3,72.9,11.3,22.5,209.6
III,Nueva Ecija,Science City of Muñoz,2022-05-06,23.5,31.9,67.0,0.0,21.1,227.4
III,Nueva Ecija,Science City of Muñoz,2022-05-07,23.4,32.2,64.8,0.0,20.8,225.1
III,Nueva Ecija,Science City of Muñoz,2022-05-08,23.8,31.8,68.0,0.0,21.4,
III,Nueva Ecija,Science City of Muñoz,2022-05-09,23.1,32.3,71.6,0.0,22.0,
III,Nueva Ecija,Science City of Muñoz,2022-05-10,22.7,32.2,73.3,0.0,22.1,218.7
III,Nueva Ecija,Science City of Muñoz,2022-05-11,22.5,32.4,75.1,0.0,22.5,235.4
III,Nueva Ecija,Science City of Muñoz,2022-05-12,22.9,31.7,73.0,0.0,21.9,231.5
III,Nueva Ecija,Science City of Muñoz,2022-05-13,23.5,31.8,74.9,9.2,22.6,231.9
III,Nueva Ecija,Science City of Muñoz,2022-05-14,23.2,32.9,68.5,0.0,21.7,250.0
III,Nueva Ecija,Science City of Muñoz,2022-05-15,23.5,32.5,69.0,0.0,21.8,225.2
III,Nueva Ecija,Science City of Muñoz,2022-05-16,23.2,30.7,72.2,0.0,21.4,222.7
III,Nueva Ecija,Science City of Muñoz,2022-05-17,22.6,31.7,74.7,0.0,22.1,228.2
III,Nueva Ecija,Science City of Muñoz,2022-05-18,23.2,32.5,79.4,1.5,23.7,222.9
III,Nueva Ecija,Science City of Muñoz,2022-05-19,23.1,33.1,78.7,7.0,23.8,224.5
III,Nueva Ecija,Science City of Muñoz,2022-05-20,22.9,34.1,71.9,0.8,22.9,235.7
III,Nueva Ecija,Science City of Muñoz,2022-05-21,22.6,33.7,71.7,0.0,22.5,232.9
III,Nueva Ecija,Science City of Muñoz,2022-05-22,22.1,33.3,75.4,15.9,22.8,210.9
III,Nueva Ecija,Science City of Muñoz,2022-05-23,22.7,34.0,70.6,0.0,22.5,231.8
III,Nueva Ecija,Science City of Muñoz,2022-05-24,23.0,34.2,76.9,3.6,24.0,232.0
III,Nueva Ecija,Science City of Muñoz,2022-05-25,23.9,34.4,69.1,0.0,23.0,227.8
III,Nueva Ecija,Science City of Muñoz,2022-05-26,22.8,34.7,76.2,1.4,24.0,234.4
III,Nueva Ecija,Science City of Muñoz,2022-05-27,23.2,34.1,72.8,0.0,23.2,238.7
III,Nueva Ecija,Science City of Muñoz,2022-05-28,23.4,35.9,73.1,0.0,24.3,217.4
III,Nueva Ecija,Science City of Muñoz,2022-05-29,23.0,33.9,78.8,17.5,24.2,221.0
III,Nueva Ecija,Science City of Muñoz,2022-05-30,23.5,35.1,74.8,0.0,24.3,213.9
III,Nueva Ecija,Science City of Muñoz,2022-05-31,22.2,35.0,79.1,12.7,24.4,204.9
III,Nueva Ecija,Science City of Muñoz,2022-06-01,23.0,34.7,73.4,0.0,23.5,218.2
III,Nueva Ecija,Science City of Muñoz,2022-06-02,22.4,32.4,81.4,14.4,23.7,204.4
III,Nueva Ecija,Science City of Muñoz,2022-06-03,22.3,32.4,82.2,10.4,23.8,203.9
III,Nueva Ecija,Science City of Muñoz,2022-06-04,22.8,32.4,83.7,10.8,24.3,211.9
III,Nueva Ecija,Science City of Muñoz,2022-06-05,23.1,32.3,78.6,0.0,23.4,216.1
III,Nueva Ecija,Science City of Muñoz,2022-06-06,21.3,31.4,79.5,18.2,22.2,212.6
III,Nueva Ecija,Science City of Muñoz,2022-06-07,23.1,34.2,75.9,0.0,23.8,226.2
III,Nueva Ecija,Science City of Muñoz,2022-06-08,24.0,33.3,74.3,0.0,23.5,220.5
III,Nueva Ecija,Science City of Muñoz,2022-06-09,23.9,34.1,69.0,0.0,22.8,231.0
III,Nueva Ecija,Science City of Muñoz,2022-06-10,23.5,32.9,75.9,22.7,23.4,195.9
III,Nueva Ecija,Science City of Muñoz,2022-06-11,24.5,33.6,72.9,0.0,23.6,225.0
III,Nueva Ecija,Science City of Muñoz,2022-06-12,23.3,36.0,73.5,0.0,24.3,226.2
III,Nueva Ecija,Science City of Muñoz,2022-06-13,22.6,35.0,71.1,0.0,23.0,226.9
III,Nueva Ecija,Science City of Muñoz,2022-06-14,21.7,34.1,70.2,0.0,21.9,222.4
III,Nueva Ecija,Science City of Muñoz,2022-06-15,22.7,33.0,72.6,4.1,22.4,225.2
III,Nueva Ecija,Science City of Muñoz,2022-06-16,21.6,32.3,70.8,1.8,21.1,235.0
III,Nueva Ecija,Science City of Muñoz,2022-06-17,21.4,31.0,75.0,9.0,21.2,218.7
III,Nueva Ecija,Science City of Muñoz,2022-06-18,23.1,32.3,71.4,0.0,22.0,212.8
III,Nueva Ecija,Science City of Muñoz,2022-06-19,23.2,32.5,73.0,0.0,22.5,229.6
III,Nueva Ecija,Science City of Muñoz,2022-06-20,22.8,34.6,72.1,0.0,23.1,225.3
III,Nueva Ecija,Science City of Muñoz,2022-06-21,22.4,,71.2,0.0,23.1,229.4
III,Nueva Ecija,Science City of Muñoz,2022-06-22,22.7,,70.4,,23.5,224.3
III,Nueva Ecija,Science City of Muñoz,2022-06-23,35.17463887947813,34.6,73.8,,23.2,221.0
III,Nueva Ecija,Science City of Muñoz,2022-06-24,22.7,35.1,66.4,,22.2,224.4
III,Nueva Ecija,Science City of Muñoz,2022-06-25,22.4,34.8,71.6,,22.9,238.7
III,Nueva Ecija,Science City of Muñoz,2022-06-26,21.9,35.2,75.5,4.9,23.6,214.3
III,Nueva Ecija,Science City of Muñoz,2022-06-27,22.7,34.9,70.2,0.0,22.8,234.7
III,Nueva Ecija,Science City of Muñoz,2022-06-28,22.2,34.8,76.5,5.4,23.8,215.8
III,Nueva Ecija,Science City of Muñoz,2022-06-29,22.9,33.0,73.2,8.6,,215.8
III,Nueva Ecija,Science City of Muñoz,2022-06-30,22.6,32.1,71.3,0.0,,216.6
III,Nueva Ecija,Science City of Muñoz,2022-07-01,22.6,32.6,75.9,11.5,,214.8
III,Nueva Ecija,Science City of Muñoz,2022-07-02,23.3,33.7,71.5,0.0,22.8,214.5
III,Nueva Ecija,Science City of Muñoz,2022-07-03,23.0,33.3,,0.0,23.1,224.3
III,Nueva Ecija,Science City of Muñoz,2022-07-04,23.0,33.4,,18.4,23.9,197.9
III,Nueva Ecija,Science City of Muñoz,2022-07-05,22.2,34.8,,2.9,24.6,232.2
III,Nueva Ecija,Science City of Muñoz,2022-07-06,22.0,34.2,74.1,0.0,22.9,231.5
III,Nueva Ecija,Science City of Muñoz,2022-07-07,22.2,34.9,72.1,0.0,23.0,217.8
III,Nueva Ecija,Science City of Muñoz,2022-07-08,22.0,35.5,73.7,0.0,23.5,227.5
III,Nueva Ecija,Science City of Muñoz,2022-07-09,21.5,34.0,73.4,27.9,22.4,194.7
III,Nueva Ecija,Science City of Muñoz,2022-07-10,22.4,35.2,78.7,2.2,24.5,229.1
III,Nueva Ecija,Science City of Muñoz,2022-07-11,22.1,34.7,83.8,4.1,25.2,226.2
III,Nueva Ecija,Science City of Muñoz,2022-07-12,22.1,34.3,78.9,0.0,24.0,219.3
III,Nueva Ecija,Science City of Muñoz,2022-07-13,22.3,32.3,84.9,59.2,24.3,174.2
III,Nueva Ecija,Science City of Muñoz,2022-07-14,21.8,31.2,81.5,46.4,22.8,163.4
III,Nueva Ecija,Science City of Muñoz,2022-07-15,22.7,33.1,80.5,2.8,24.0,207.7
III,Nueva Ecija,Science City of Muñoz,2022-07-16,22.3,,81.1,34.8,22.6,187.9
III,Nueva Ecija,Science City of Muñoz,2022-07-17,23.5,,76.1,0.0,23.3,223.2
III,Nueva Ecija,Science City of Muñoz,2022-07-18,23.7,,75.9,0.0,23.7,219.0
III,Nueva Ecija,Science City of Muñoz,2022-07-19,23.8,32.9,80.0,7.3,24.4,212.8
III,Nueva Ecija,Science City of Muñoz,2022-07-20,23.7,34.5,78.6,8.5,24.8,215.1
III,Nueva Ecija,Science City of Muñoz,2022-07-21,23.7,34.4,73.3,0.0,23.7,214.6
III,Nueva Ecija,Science City of Muñoz,2022-07-22,23.2,35.2,79.7,3.9,25.1,215.4
III,Nueva Ecija,Science City of Muñoz,2022-07-23,22.8,35.5,83.0,2.8,25.8,215.3
III,Nueva Ecija,Science City of Muñoz,2022-07-24,22.4,35.0,83.5,6.5,25.4,222.7
III,Nueva Ecija,Science City of Muñoz,2022-07-25,23.0,36.6,78.0,0.0,25.4,220.1
III,Nueva Ecija,Science City of Muñoz,2022-07-26,23.4,35.1,79.8,12.3,25.2,222.0
III,Nueva Ecija,Science City of Muñoz,2022-07-27,23.2,35.3,77.5,7.2,24.8,204.3
III,Nueva Ecija,Science City of Muñoz,2022-07-28,22.8,34.7,76.3,10.4,24.0,207.5
III,Nueva Ecija,Science City of Muñoz,2022-07-29,23.3,33.1,78.8,20.4,24.0,186.1
III,Nueva Ecija,Science City of Muñoz,2022-07-30,22.3,34.1,79.9,3.0,24.2,197.6
III,Nueva Ecija,Science City of Muñoz,2022-07-31,22.7,34.8,76.8,0.0,24.1,216.3
III,Nueva Ecija,Science City of Muñoz,2022-08-01,21.7,34.8,77.4,0.0,23.7,214.0
III,Nueva Ecija,Science City of Muñoz,2022-08-02,22.6,35.9,74.7,0.0,24.2,203.5
III,Nueva Ecija,Science City of Muñoz,2022-08-03,22.1,34.5,75.2,0.0,23.3,221.3
III,Nueva Ecija,Science City of Muñoz,2022-08-04,22.1,34.6,79.1,6.1,24.2,207.9
III,Nueva Ecija,Science City of Muñoz,2022-08-05,23.0,35.3,77.3,5.2,24.6,205.8
III,Nueva Ecija,Science City of Muñoz,2022-08-06,23.2,33.8,79.0,19.7,24.3,182.2
III,Nueva Ecija,Science City of Muñoz,2022-08-07,22.9,33.9,74.5,0.7,23.3,195.6
III,Nueva Ecija,Science City of Muñoz,2022-08-08,22.8,32.5,78.0,7.6,23.2,218.5
III,Nueva Ecija,Science City of Muñoz,2022-08-09,23.3,34.0,78.2,3.6,24.3,210.0
III,Nueva Ecija,Science City of Muñoz,2022-08-10,23.7,33.7,70.4,0.0,22.8,200.0
III,Nueva Ecija,Science City of Muñoz,2022-08-11,23.7,33.3,70.1,0.0,22.5,222.7
III,Nueva Ecija,Science City of Muñoz,2022-08-12,23.8,34.2,74.6,1.5,23.9,200.3
III,Nueva Ecija,Science City of Muñoz,2022-08-13,21.8,33.3,76.7,32.4,22.9,176.6
III,Nueva Ecija,Science City of Muñoz,2022-08-14,23.4,35.4,79.5,5.8,25.3,217.0
III,Nueva Ecija,Science City of Muñoz,2022-08-15,23.6,35.8,74.9,0.0,24.7,210.2
III,Nueva Ecija,Science City of Muñoz,2022-08-16,23.4,36.5,77.0,18.7,25.4,182.5
III,Nueva Ecija,Science City of Muñoz,2022-08-17,23.3,37.8,72.9,1.9,25.1,217.8
III,Nueva Ecija,Science City of Muñoz,2022-08-18,22.7,36.3,76.9,10.1,24.9,204.5
III,Nueva Ecija,Science City of Muñoz,2022-08-19,23.0,36.5,75.1,0.0,24.8,224.8
III,Nueva Ecija,Science City of Muñoz,2022-08-20,22.9,35.0,72.6,0.0,23.5,228.6
III,Nueva Ecija,Science City of Muñoz,2022-08-21,22.9,34.2,68.4,0.0,22.2,192.9
III,Nueva Ecija,Science City of Muñoz,2022-08-22,21.4,33.7,76.3,3.9,22.8,197.0
III,Nueva Ecija,Science City of Muñoz,2022-08-23,21.0,32.2,77.6,5.5,22.1,197.8
III,Nueva Ecija,Science City of Muñoz,2022-08-24,21.9,33.8,74.0,0.0,22.6,210.3
III,Nueva Ecija,Science City of Muñoz,2022-08-25,23.4,34.0,70.9,0.0,22.9,220.5
III,Nueva Ecija,Science City of Muñoz,2022-08-26,23.5,35.6,71.2,0.0,23.8,197.1
III,Nueva Ecija,Science City of Muñoz,2022-08-27,23.1,35.7,77.5,12.5,24.9,196.5
III,Nueva Ecija,Science City of Muñoz,2022-08-28,22.6,34.8,81.1,14.9,24.9,202.0
III,Nueva Ecija,Science City of Muñoz,2022-08-29,22.1,35.9,76.1,0.0,24.2,217.3
III,Nueva Ecija,Science City of Muñoz,2022-08-30,21.1,33.7,80.3,11.5,23.5,226.5
III,Nueva Ecija,Science City of Muñoz,2022-08-31,22.1,33.8,84.0,2.2,24.8,212.8
III,Nueva Ecija,Science City of Muñoz,2022-09-01,22.6,33.8,75.3,0.0,23.3,223.5
III,Nueva Ecija,Science City of Muñoz,2022-09-02,22.2,32.8,79.4,29.1,23.4,198.2
III,Nueva Ecija,Science City of Muñoz,2022-09-03,22.7,32.9,78.8,12.1,23.6,210.8
III,Nueva Ecija,Science City of Muñoz,2022-09-04,21.5,33.5,80.3,7.8,23.6,214.4
III,Nueva Ecija,Science City of Muñoz,2022-09-05,21.5,34.2,74.9,0.0,22.8,203.2
III,Nueva Ecija,Science City of Muñoz,2022-09-06,21.8,33.8,80.1,16.8,23.8,205.4
III,Nueva Ecija,Science City of Muñoz,2022-09-07,21.8,34.4,81.8,21.8,24.5,197.7
III,Nueva Ecija,Science City of Muñoz,2022-09-08,22.7,36.4,82.6,1.5,26.1,211.9
III,Nueva Ecija,Science City of Muñoz,2022-09-09,22.3,36.2,78.3,12.3,24.9,201.2
III,Nueva Ecija,Science City of Muñoz,2022-09-10,22.6,36.2,73.9,0.0,24.2,217.7
III,Nueva Ecija,Science City of Muñoz,2022-09-11,23.4,35.6,80.0,4.0,25.5,214.7
III,Nueva Ecija,Science City of Muñoz,2022-09-12,23.0,36.8,77.7,,25.4,221.0
III,Nueva Ecija,Science City of Muñoz,2022-09-13,24.7,36.6,79.5,,26.6,205.8
III,Nueva Ecija,Science City of Muñoz,2022-09-14,24.0,35.3,79.6,,25.6,220.3
III,Nueva Ecija,Science City of Muñoz,2022-09-15,23.4,34.9,83.8,5.3,25.9,227.3
III,Nueva Ecija,Science City of Muñoz,2022-09-16,23.0,33.3,79.6,0.1,,205.8
III,Nueva Ecija,Science City of Muñoz,2022-09-17,22.9,32.4,80.5,7.8,,209.6
III,Nueva Ecija,Science City of Muñoz,2022-09-18,23.0,31.1,77.4,2.5,,209.6
III,Nueva Ecija,Science City of Muñoz,2022-09-19,23.0,31.3,77.8,7.3,,200.7
III,Nueva Ecija,Science City of Muñoz,2022-09-20,22.8,33.4,82.1,9.4,24.5,202.6
III,Nueva Ecija,Science City of Muñoz,2022-09-21,22.7,35.7,81.4,3.2,25.5,226.6
III,Nueva Ecija,Science City of Muñoz,2022-09-22,23.0,36.1,79.3,0.0,25.4,211.1
III,Nueva Ecija,Science City of Muñoz,2022-09-23,24.2,34.8,82.0,6.1,25.9,209.4
III,Nueva Ecija,Science City of Muñoz,2022-09-24,23.7,34.5,76.4,0.0,24.4,210.2
III,Nueva Ecija,Science City of Muñoz,2022-09-25,23.5,35.0,80.2,3.6,25.3,204.2
III,Nueva Ecija,Science City of Muñoz,2022-09-26,22.2,34.1,74.0,0.0,23.0,241.2
III,Nueva Ecija,Science City of Muñoz,2022-09-27,21.9,32.5,80.9,26.9,23.4,208.4
III,Nueva Ecija,Science City of Muñoz,2022-09-28,22.3,32.9,76.2,0.0,22.8,205.5
III,Nueva Ecija,Science City of Muñoz,2022-09-29,21.7,31.1,78.8,31.7,22.2,179.4
III,Nueva Ecija,Science City of Muñoz,2022-09-30,23.0,33.3,76.6,0.0,23.5,219.4
III,Nueva Ecija,Science City of Muñoz,2022-10-01,22.3,35.5,78.6,0.0,24.6,216.6
III,Nueva Ecija,Science City of Muñoz,2022-10-02,22.9,34.0,76.5,0.0,23.8,216.2
III,Nueva Ecija,Science City of Muñoz,2022-10-03,21.9,33.1,84.0,17.9,24.3,200.5
III,Nueva Ecija,Science City of Muñoz,2022-10-04,22.9,35.4,78.6,0.0,24.9,218.2
III,Nueva Ecija,Science City of Muñoz,2022-10-05,22.2,34.0,83.8,39.0,24.9,174.9
III,Nueva Ecija,Science City of Muñoz,2022-10-06,22.5,35.0,82.1,0.0,25.2,225.2
III,Nueva Ecija,Science City of Muñoz,2022-10-07,22.6,34.3,82.5,8.0,25.0,205.7
III,Nueva Ecija,Science City of Muñoz,2022-10-08,22.2,34.0,76.5,0.0,23.4,213.5
III,Nueva Ecija,Science City of Muñoz,2022-10-09,22.8,35.6,74.6,0.0,24.1,215.5
III,Nueva Ecija,Science City of Muñoz,2022-10-10,22.0,34.2,75.7,0.0,23.2,216.6
III,Nueva Ecija,Science City of Muñoz,2022-10-11,22.2,35.5,73.8,0.0,23.6,216.0
III,Nueva Ecija,Science City of Muñoz,2022-10-12,22.0,32.7,74.6,26.3,22.3,203.6
III,Nueva Ecija,Science City of Muñoz,2022-10-12,22.0,32.7,74.6,26.3,22.3,203.6
III,Nueva Ecija,Science City of Muñoz,2022-10-13,22.8,33.6,76.8,14.2,23.6,185.5
III,Nueva Ecija,Science City of Muñoz,2022-10-14,23.7,34.4,75.3,5.3,24.1,206.1
III,Nueva Ecija,Science City of Muñoz,2022-10-15,24.2,34.9,77.8,4.5,25.1,213.4
III,Nueva Ecija,Science City of Muñoz,2022-10-16,23.9,35.7,74.2,0.0,24.6,229.4
III,Nueva Ecija,Science City of Muñoz,2022-10-17,23.8,34.4,76.1,0.2,24.3,226.7
III,Nueva Ecija,Science City of Muñoz,2022-10-18,23.4,34.3,79.4,18.8,24.7,208.3
III,Nueva Ecija,Science City of Muñoz,2022-10-19,23.3,33.6,78.0,4.5,24.1,218.3
III,Nueva Ecija,Science City of Muñoz,2022-10-20,22.6,32.5,77.9,17.0,23.1,214.7
III,Nueva Ecija,Science City of Muñoz,2022-10-21,22.9,32.7,76.0,0.0,23.0,225.5
III,Nueva Ecija,Science City of Muñoz,2022-10-22,23.5,34.0,80.8,10.1,24.9,218.7
III,Nueva Ecija,Science City of Muñoz,2022-10-23,22.8,35.0,80.7,7.2,25.0,208.8
III,Nueva Ecija,Science City of Muñoz,2022-10-24,22.1,33.7,77.7,300.7,23.4,181.5
III,Nueva Ecija,Science City of Muñoz,2022-10-25,23.5,34.5,74.0,0.0,23.8,218.8
III,Nueva Ecija,Science City of Muñoz,2022-10-26,24.2,32.3,74.3,0.0,23.1,243.3
III,Nueva Ecija,Science City of Muñoz,2022-10-27,22.4,33.4,80.6,1.4,24.0,218.9
III,Nueva Ecija,Science City of Muñoz,2022-10-28,22.0,30.2,81.5,16.7,22.4,197.9
III,Nueva Ecija,Science City of Muñoz,2022-10-29,22.4,30.0,82.8,22.7,22.8,199.0
III,Nueva Ecija,Science City of Muñoz,2022-10-30,22.1,29.7,84.1,25.1,22.7,200.4
III,Nueva Ecija,Science City of Muñoz,2022-10-31,23.7,32.9,76.5,0.0,23.6,224.7
III,Nueva Ecija,Science City of Muñoz,2022-11-01,23.2,33.2,80.4,7.8,24.3,209.3
III,Nueva Ecija,Science City of Muñoz,2022-11-02,22.7,30.4,79.3,35.7,22.4,184.1
III,Nueva Ecija,Science City of Muñoz,2022-11-03,23.0,32.9,77.2,24.1,23.4,212.7
III,Nueva Ecija,Science City of Muñoz,2022-11-04,23.1,33.4,72.3,0.0,22.7,218.4
III,Nueva Ecija,Science City of Muñoz,2022-11-05,22.8,32.9,76.1,9.0,23.1,204.9
III,Nueva Ecija,Science City of Muñoz,2022-11-06,23.2,34.5,76.7,1.1,24.2,221.8
III,Nueva Ecija,Science City of Muñoz,2022-11-07,22.8,33.5,75.5,9.3,23.2,206.7
III,Nueva Ecija,Science City of Muñoz,2022-11-08,21.9,33.8,72.8,27.1,22.4,202.0
III,Nueva Ecija,Science City of Muñoz,2022-11-09,22.9,35.1,71.8,0.0,23.4,239.5
III,Nueva Ecija,Science City of Muñoz,2022-11-10,23.4,35.0,72.7,0.0,23.7,220.4
III,Nueva Ecija,Science City of Muñoz,2022-11-11,23.0,34.6,78.1,10.9,24.4,216.3
III,Nueva Ecija,Science City of Muñoz,2022-11-12,22.8,34.9,76.8,0.0,24.2,221.2
III,Nueva Ecija,Science City of Muñoz,2022-11-13,21.9,34.0,73.0,0.0,22.5,209.4
III,Nueva Ecija,Science City of Muñoz,2022-11-14,21.3,33.5,72.5,1.2,21.9,226.3
III,Nueva Ecija,Science City of Muñoz,2022-11-15,22.6,32.9,69.8,0.0,21.7,207.9
III,Nueva Ecija,Science City of Muñoz,2022-11-16,22.6,32.4,71.6,0.0,21.8,203.0
III,Nueva Ecija,Science City of Muñoz,2022-11-17,21.9,32.3,75.2,7.4,22.1,212.0
III,Nueva Ecija,Science City of Muñoz,2022-11-18,22.4,33.3,74.4,7.2,22.7,226.4
III,Nueva Ecija,Science City of Muñoz,2022-11-19,22.7,33.6,69.5,0.0,22.0,230.3
III,Nueva Ecija,Science City of Muñoz,2022-11-20,22.8,34.0,68.9,0.0,22.2,224.9
III,Nueva Ecija,Science City of Muñoz,2022-11-21,22.1,33.1,71.0,0.0,21.8,221.6
III,Nueva Ecija,Science City of Muñoz,2022-11-22,22.2,33.1,75.7,16.2,22.8,218.0
III,Nueva Ecija,Science City of Muñoz,2022-11-23,22.2,33.2,69.9,0.0,21.7,232.1
III,Nueva Ecija,Science City of Muñoz,2022-11-24,22.2,31.5,71.8,7.9,21.2,220.5
III,Nueva Ecija,Science City of Muñoz,2022-11-25,23.1,34.2,74.2,4.3,23.5,218.0
III,Nueva Ecija,Science City of Muñoz,2022-11-26,23.2,34.4,71.1,0.0,23.0,233.8
III,Nueva Ecija,Science City of Muñoz,2022-11-27,23.0,35.0,71.7,0.0,23.3,216.6
III,Nueva Ecija,Science City of Muñoz,2022-11-28,23.2,34.5,74.2,7.9,23.7,228.4
III,Nueva Ecija,Science City of Muñoz,2022-11-29,23.5,34.1,68.9,0.0,22.6,224.8
III,Nueva Ecija,Science City of Muñoz,2022-11-30,23.6,32.6,66.4,0.0,21.4,230.7
III,Nueva Ecija,Science City of Muñoz,2022-12-01,23.0,32.7,68.7,0.0,21.6,231.2
III,Nueva Ecija,Science City of Muñoz,2022-12-02,23.3,34.2,67.4,0.0,22.2,222.4
III,Nueva Ecija,Science City of Muñoz,2022-12-03,23.0,34.1,64.3,0.0,21.4,238.4
III,Nueva Ecija,Science City of Muñoz,2022-12-04,22.7,34.4,70.7,0.0,22.7,214.6
III,Nueva Ecija,Science City of Muñoz,2022-12-05,23.0,34.3,72.1,0.0,23.1,219.1
III,Nueva Ecija,Science City of Muñoz,2022-12-06,24.4,35.3,72.2,0.0,24.3,230.7
III,Nueva Ecija,Science City of Muñoz,2022-12-07,24.5,35.0,70.0,0.0,23.8,217.5
III,Nueva Ecija,Science City of Muñoz,2022-12-08,23.8,34.9,78.0,1.2,25.0,233.8
III,Nueva Ecija,Science City of Muñoz,2022-12-09,22.9,35.4,74.5,0.0,24.0,205.5
III,Nueva Ecija,Science City of Muñoz,2022-12-10,23.4,35.9,74.6,0.0,24.6,231.8
III,Nueva Ecija,Science City of Muñoz,2022-12-11,23.3,34.9,73.2,0.0,23.7,223.3
III,Nueva Ecija,Science City of Muñoz,2022-12-12,22.5,35.1,73.1,0.0,23.4,229.3
III,Nueva Ecija,Science City of Muñoz,2022-12-13,22.5,33.5,72.8,0.0,22.6,221.0
III,Nueva Ecija,Science City of Muñoz,2022-12-14,23.6,34.0,71.1,0.0,23.0,230.8
III,Nueva Ecija,Science City of Muñoz,2022-12-15,23.2,32.9,71.2,0.0,22.3,228.9
III,Nueva Ecija,Science City of Muñoz,2022-12-16,,33.4,69.2,0.0,21.6,239.9
III,Nueva Ecija,Science City of Muñoz,2022-12-17,,32.0,69.4,0.0,21.4,237.5
III,Nueva Ecija,Science City of Muñoz,2022-12-18,23.3,,71.4,0.0,21.9,228.3
III,Nueva Ecija,Science City of Muñoz,2022-12-19,22.8,,70.2,0.0,20.9,233.6
III,Nueva Ecija,Science City of Muñoz,2022-12-20,22.6,,71.3,0.0,21.5,232.1
III,Nueva Ecija,Science City of Muñoz,2022-12-21,22.5,,70.0,0.0,20.8,226.9
III,Nueva Ecija,Science City of Muñoz,2022-12-22,21.9,,67.3,0.0,20.1,223.1
III,Nueva Ecija,Science City of Muñoz,2022-12-23,22.2,33.5,69.4,,21.7,226.7
III,Nueva Ecija,Science City of Muñoz,2022-12-24,23.4,32.6,67.8,,21.6,230.8
III,Nueva Ecija,Science City of Muñoz,2022-12-25,23.0,34.8,65.6,0.0,22.0,238.8
III,Nueva Ecija,Science City of Muñoz,2022-12-26,22.0,33.7,68.0,17.9,21.5,218.2
III,Nueva Ecija,Science City of Muñoz,2022-12-27,23.2,33.4,65.8,0.0,21.5,220.7
III,Nueva Ecija,Science City of Muñoz,2022-12-28,22.5,31.8,73.8,8.5,21.9,219.0
III,Nueva Ecija,Science City of Muñoz,2022-12-29,22.2,32.4,68.5,0.0,21.0,224.1
III,Nueva Ecija,Science City of Muñoz,2022-12-30,22.7,32.7,70.1,0.0,21.7,225.5
III,Nueva Ecija,Science City of Muñoz,2022-12-31,22.0,32.7,74.1,10.9,22.2,223.0
III,Nueva Ecija,Science City of Muñoz,2023-01-01,22.7,31.5,76.3,14.2,22.4,216.4
III,Nueva Ecija,Science City of Muñoz,2023-01-02,22.3,31.1,72.0,0.0,21.1,212.4
III,Nueva Ecija,Science City of Muñoz,2023-01-03,22.8,33.6,72.3,0.0,22.7,233.2
III,Nueva Ecija,Science City of Muñoz,2023-01-04,22.6,34.5,71.7,0.0,22.9,234.0
III,Nueva Ecija,Science City of Muñoz,2023-01-05,22.5,35.9,70.5,0.0,23.3,242.7
III,Nueva Ecija,Science City of Muñoz,2023-01-06,21.8,35.4,69.8,0.0,22.6,220.3
III,Nueva Ecija,Science City of Muñoz,2023-01-07,21.6,35.6,,0.0,22.8,228.9
III,Nueva Ecija,Science City of Muñoz,2023-01-08,21.3,34.1,,0.0,22.3,236.7
III,Nueva Ecija,Science City of Muñoz,2023-01-09,20.0,33.1,70.2,0.0,20.6,242.2
III,Nueva Ecija,Science City of Muñoz,2023-01-10,21.3,33.4,71.0,0.0,21.6,230.6
III,Nueva Ecija,Science City of Muñoz,2023-01-11,20.9,34.3,67.3,0.0,21.1,246.3
III,Nueva Ecija,Science City of Muñoz,2023-01-12,22.4,33.8,67.4,0.0,21.6,230.1
III,Nueva Ecija,Science City of Muñoz,2023-01-13,23.4,34.0,66.7,0.0,22.0,241.0
III,Nueva Ecija,Science City of Muñoz,2023-01-14,23.7,35.8,67.9,0.0,23.3,229.6
III,Nueva Ecija,Science City of Muñoz,2023-01-15,23.1,35.1,69.9,0.0,23.1,244.2
III,Nueva Ecija,Science City of Muñoz,2023-01-16,23.4,36.4,70.0,0.0,23.9,226.8
III,Nueva Ecija,Science City of Muñoz,2023-01-17,22.2,36.5,65.9,0.0,22.5,243.7
III,Nueva Ecija,Science City of Muñoz,2023-01-18,22.2,35.4,63.6,0.0,21.5,229.8
III,Nueva Ecija,Science City of Muñoz,2023-01-18,22.2,35.4,63.6,0.0,21.5,229.8
III,Nueva Ecija,Science City of Muñoz,2023-01-19,22.0,33.9,66.5,0.0,21.2,228.8
III,Nueva Ecija,Science City of Muñoz,2023-01-20,23.0,34.1,68.6,0.0,22.3,250.2
III,Nueva Ecija,Science City of Muñoz,2023-01-21,22.7,33.8,70.9,0.0,22.4,249.3
III,Nueva Ecija,Science City of Muñoz,2023-01-22,22.0,32.9,69.0,0.0,21.2,231.3
III,Nueva Ecija,Science City of Muñoz,2023-01-23,21.4,34.1,69.3,0.0,21.6,243.2
III,Nueva Ecija,Science City of Muñoz,2023-01-24,20.9,32.2,67.5,0.0,20.0,227.5
III,Nueva Ecija,Science City of Muñoz,2023-01-25,21.9,33.3,70.9,0.0,21.8,237.7
III,Nueva Ecija,Science City of Muñoz,2023-01-26,21.6,32.9,70.4,0.0,21.3,236.3
III,Nueva Ecija,Science City of Muñoz,2023-01-27,22.0,32.1,69.4,0.0,20.9,247.5
III,Nueva Ecija,Science City of Muñoz,2023-01-28,22.3,33.5,69.2,0.0,21.7,240.4
III,Nueva Ecija,Science City of Muñoz,2023-01-29,22.1,34.2,68.8,0.0,21.9,238.5
III,Nueva Ecija,Science City of Muñoz,2023-01-30,21.1,34.9,73.1,8.2,22.6,225.7
III,Nueva Ecija,Science City of Muñoz,2023-01-31,22.4,35.5,70.0,0.0,23.0,246.9
III,Nueva Ecija,Science City of Muñoz,2023-02-01,22.2,33.7,69.9,0.0,21.9,243.6
III,Nueva Ecija,Science City of Muñoz,2023-02-02,22.4,33.7,65.9,0.0,21.2,247.8
III,Nueva Ecija,Science City of Muñoz,2023-02-03,22.0,32.5,66.5,0.0,20.6,242.7
III,Nueva Ecija,Science City of Muñoz,2023-02-04,22.5,33.8,68.3,0.0,21.8,227.1
III,Nueva Ecija,Science City of Muñoz,2023-02-05,22.2,33.6,65.9,0.0,21.1,253.8
III,Nueva Ecija,Science City of Muñoz,2023-02-06,21.4,33.0,67.4,0.0,20.7,238.0
III,Nueva Ecija,Science City of Muñoz,2023-02-07,22.4,33.2,65.7,0.0,20.9,230.4
III,Nueva Ecija,Science City of Muñoz,2023-02-08,21.5,31.3,69.7,15.2,20.3,218.2
III,Nueva Ecija,Science City of Muñoz,2023-02-09,21.3,33.2,68.0,0.0,20.8,242.1
III,Nueva Ecija,Science City of Muñoz,2023-02-10,21.9,32.8,68.6,8.8,21.1,235.3
III,Nueva Ecija,Science City of Muñoz,2023-02-11,21.9,32.4,69.6,0.0,21.1,218.3
III,Nueva Ecija,Science City of Muñoz,2023-02-12,22.4,32.4,72.1,0.0,21.8,229.7
III,Nueva Ecija,Science City of Muñoz,2023-02-13,22.1,32.4,70.1,0.0,21.3,243.3
III,Nueva Ecija,Science City of Muñoz,2023-02-14,21.0,33.0,65.0,0.0,20.0,226.7
III,Nueva Ecija,Science City of Muñoz,2023-02-15,20.7,33.5,67.3,0.0,20.6,239.7
III,Nueva Ecija,Science City of Muñoz,2023-02-16,21.0,33.5,69.1,0.0,21.1,240.2
III,Nueva Ecija,Science City of Muñoz,2023-02-17,19.9,32.5,67.5,0.0,19.7,252.1
III,Nueva Ecija,Science City of Muñoz,2023-02-18,22.0,32.0,67.2,0.0,20.4,245.6
III,Nueva Ecija,Science City of Muñoz,2023-02-19,21.3,31.2,67.7,0.0,19.8,242.0
III,Nueva Ecija,Science City of Muñoz,2023-02-20,22.6,31.9,65.7,0.0,20.4,239.2
III,Nueva Ecija,Science City of Muñoz,2023-02-21,22.9,31.4,63.8,0.0,19.9,237.2
III,Nueva Ecija,Science City of Muñoz,2023-02-22,23.2,31.8,62.5,0.2,20.0,230.3
III,Nueva Ecija,Science City of Muñoz,2023-02-23,22.7,31.7,58.9,0.0,19.0,230.7
III,Nueva Ecija,Science City of Muñoz,2023-02-24,22.7,32.6,61.0,0.0,19.8,242.5
III,Nueva Ecija,Science City of Muñoz,2023-02-25,22.9,32.7,63.4,0.0,20.5,242.4
III,Nueva Ecija,Science City of Muñoz,2023-02-26,23.3,33.5,64.9,0.0,21.4,239.0
III,Nueva Ecija,Science City of Muñoz,2023-02-27,22.3,33.9,67.1,0.0,21.5,254.7
III,Nueva Ecija,Science City of Muñoz,2023-02-28,22.3,34.9,66.4,0.0,21.9,238.7
III,Nueva Ecija,Science City of Muñoz,2023-03-01,21.5,35.8,64.9,0.0,21.6,242.9
III,Nueva Ecija,Science City of Muñoz,2023-03-02,22.4,34.7,67.6,0.0,22.1,239.4
III,Nueva Ecija,Science City of Muñoz,2023-03-03,22.5,33.8,66.9,0.0,21.5,226.5
III,Nueva Ecija,Science City of Muñoz,2023-03-04,22.3,32.8,68.8,0.0,21.3,248.9
III,Nueva Ecija,Science City of Muñoz,2023-03-05,22.2,33.9,68.2,0.0,21.7,
III,Nueva Ecija,Science City of Muñoz,2023-03-06,23.1,32.6,66.6,0.0,21.2,
III,Nueva Ecija,Science City of Muñoz,2023-03-07,23.4,32.7,66.6,0.0,21.4,
III,Nueva Ecija,Science City of Muñoz,2023-03-08,22.5,32.1,64.4,0.0,20.2,
III,Nueva Ecija,Science City of Muñoz,2023-03-09,21.3,32.1,66.3,0.0,20.0,
III,Nueva Ecija,Science City of Muñoz,2023-03-10,22.4,32.0,69.1,0.0,21.0,244.2
III,Nueva Ecija,Science City of Muñoz,2023-03-11,22.0,,72.6,2.9,22.2,244.7
III,Nueva Ecija,Science City of Muñoz,2023-03-12,22.3,,70.0,0.0,21.6,244.1
III,Nueva Ecija,Science City of Muñoz,2023-03-13,22.0,,67.9,0.0,20.8,236.4
III,Nueva Ecija,Science City of Muñoz,2023-03-14,21.5,,67.7,0.0,20.8,232.1
III,Nueva Ecija,Science City of Muñoz,2023-03-15,21.8,,67.3,0.0,20.6,237.3
III,Nueva Ecija,Science City of Muñoz,2023-03-16,21.0,32.4,67.7,0.0,20.2,233.3
III,Nueva Ecija,Science City of Muñoz,2023-03-17,21.0,31.6,65.8,0.0,19.5,240.5
III,Nueva Ecija,Science City of Muñoz,2023-03-18,20.9,33.1,73.6,2.5,21.7,256.6
III,Nueva Ecija,Science City of Muñoz,2023-03-19,21.8,33.4,70.1,0.0,21.6,239.3
III,Nueva Ecija,Science City of Muñoz,2023-03-20,21.4,34.1,72.0,0.0,22.2,243.2
III,Nueva Ecija,Science City of Muñoz,2023-03-21,21.5,33.6,71.6,0.0,21.9,225.2
III,Nueva Ecija,Science City of Muñoz,2023-03-22,21.6,33.8,72.1,0.0,22.1,234.9
III,Nueva Ecija,Science City of Muñoz,2023-03-23,21.1,35.6,69.0,0.0,22.2,231.1
III,Nueva Ecija,Science City of Muñoz,2023-03-24,21.3,35.2,73.7,4.2,23.0,254.3
III,Nueva Ecija,Science City of Muñoz,2023-03-25,20.8,32.7,70.6,0.0,20.9,241.4
III,Nueva Ecija,Science City of Muñoz,2023-03-26,21.4,33.7,68.4,0.0,21.2,222.7
III,Nueva Ecija,Science City of Muñoz,2023-03-27,22.3,32.2,67.2,0.0,20.7,239.9
III,Nueva Ecija,Science City of Muñoz,2023-03-28,23.0,32.1,65.1,0.0,,
III,Nueva Ecija,Science City of Muñoz,2023-03-29,22.4,32.3,68.3,4.9,,
III,Nueva Ecija,Science City of Muñoz,2023-03-30,22.3,33.1,64.7,0.0,20.6,240.1
III,Nueva Ecija,Science City of Muñoz,2023-03-31,22.5,34.6,65.1,0.0,21.6,234.5
III,Nueva Ecija,Science City of Muñoz,2023-04-01,23.4,35.2,69.4,0.0,23.2,248.3
III,Nueva Ecija,Science City of Muñoz,2023-04-02,23.0,34.4,68.0,0.0,22.3,253.5
III,Nueva Ecija,Science City of Muñoz,2023-04-03,22.7,34.7,65.3,0.0,21.8,253.1
III,Nueva Ecija,Science City of Muñoz,2023-04-04,23.8,34.2,67.3,0.0,22.5,238.0
III,Nueva Ecija,Science City of Muñoz,2023-04-05,23.2,33.8,68.2,0.0,22.1,228.3
III,Nueva Ecija,Science City of Muñoz,2023-04-06,23.2,32.5,64.1,0.0,20.7,237.2
III,Nueva Ecija,Science City of Muñoz,2023-04-07,22.9,32.7,62.7,0.0,20.3,234.0
III,Nueva Ecija,Science City of Muñoz,2023-04-08,23.2,32.5,64.5,0.0,20.8,232.9
III,Nueva Ecija,Science City of Muñoz,2023-04-09,22.6,32.8,67.2,0.0,21.1,237.7
III,Nueva Ecija,Science City of Muñoz,2023-04-10,21.5,33.4,68.1,0.0,21.1,239.6
III,Nueva Ecija,Science City of Muñoz,2023-04-11,22.8,33.6,76.2,2.4,23.4,225.8
III,Nueva Ecija,Science City of Muñoz,2023-04-12,23.1,33.2,72.3,0.0,22.6,225.7
III,Nueva Ecija,Science City of Muñoz,2023-04-13,23.4,31.9,70.1,0.0,21.7,243.4
III,Nueva Ecija,Science City of Muñoz,2023-04-14,23.4,31.1,70.2,0.0,21.3,241.1
III,Nueva Ecija,Science City of Muñoz,2023-04-15,23.2,33.3,71.3,0.0,22.5,237.7
III,Nueva Ecija,Science City of Muñoz,2023-04-16,23.0,31.7,67.5,0.0,20.8,238.7
III,Nueva Ecija,Science City of Muñoz,2023-04-17,23.6,32.3,69.1,0.0,21.8,229.5
III,Nueva Ecija,Science City of Muñoz,2023-04-18,23.7,32.6,67.3,0.0,21.6,231.4
III,Nueva Ecija,Science City of Muñoz,2023-04-19,24.4,33.4,69.8,3.2,22.9,226.4
III,Nueva Ecija,Science City of Muñoz,2023-04-20,24.4,32.6,67.4,0.0,22.0,228.6
III,Nueva Ecija,Science City of Muñoz,2023-04-21,24.1,32.7,66.2,0.0,21.6,239.8
III,Nueva Ecija,Science City of Muñoz,2023-04-22,24.0,31.3,67.0,0.0,21.0,239.2
III,Nueva Ecija,Science City of Muñoz,2023-04-23,23.9,31.7,69.4,0.0,21.7,244.2
III,Nueva Ecija,Science City of Muñoz,2023-04-24,22.8,30.8,74.9,22.5,21.8,217.4
III,Nueva Ecija,Science City of Muñoz,2023-04-25,22.5,31.2,68.8,0.0,20.6,229.0
III,Nueva Ecija,Science City of Muñoz,2023-04-26,22.4,32.5,71.8,0.0,21.8,220.4
III,Nueva Ecija,Science City of Muñoz,2023-04-27,22.1,32.1,69.6,0.0,21.0,220.7
III,Nueva Ecija,Science City of Muñoz,2023-04-28,21.5,31.2,71.1,4.7,20.6,232.2
III,Nueva Ecija,Science City of Muñoz,2023-04-29,20.7,32.1,68.2,0.0,20.0,236.8
III,Nueva Ecija,Science City of Muñoz,2023-04-30,22.3,33.2,67.9,0.0,21.3,252.6
III,Nueva Ecija,Science City of Muñoz,2023-05-01,21.2,33.1,68.7,0.0,20.9,218.1
III,Nueva Ecija,Science City of Muñoz,2023-05-02,22.4,34.2,64.9,0.0,21.3,237.9
III,Nueva Ecija,Science City of Muñoz,2023-05-03,24.3,33.9,67.9,0.0,22.7,219.1
III,Nueva Ecija,Science City of Muñoz,2023-05-04,24.4,34.3,68.7,0.0,23.1,233.0
III,Nueva Ecija,Science City of Muñoz,2023-05-05,23.6,35.6,70.0,0.0,23.6,240.7
III,Nueva Ecija,Science City of Muñoz,2023-05-06,23.0,35.3,71.6,0.0,23.5,229.3
III,Nueva Ecija,Science City of Muñoz,2023-05-07,22.5,34.5,69.1,0.0,22.3,235.2
III,Nueva Ecija,Science City of Muñoz,2023-05-08,21.6,34.9,69.6,0.0,22.2,227.9
III,Nueva Ecija,Science City of Muñoz,2023-05-09,21.9,32.7,67.9,0.0,20.9,235.7
III,Nueva Ecija,Science City of Muñoz,2023-05-10,21.7,31.7,72.9,2.2,21.3,224.3
III,Nueva Ecija,Science City of Muñoz,2023-05-11,21.1,,69.6,0.0,20.4,237.3
III,Nueva Ecija,Science City of Muñoz,2023-05-12,22.1,,70.5,0.0,21.0,239.9
III,Nueva Ecija,Science City of Muñoz,2023-05-13,22.9,,69.0,0.0,21.2,225.2
III,Nueva Ecija,Science City of Muñoz,2023-05-14,22.5,,70.1,0.0,20.8,226.8
III,Nueva Ecija,Science City of Muñoz,2023-05-15,21.3,33.0,66.4,0.0,20.4,219.2
III,Nueva Ecija,Science City of Muñoz,2023-05-16,20.9,32.8,65.7,0.0,20.0,219.4
III,Nueva Ecija,Science City of Muñoz,2023-05-17,22.2,33.0,65.9,0.0,20.8,228.8
III,Nueva Ecija,Science City of Muñoz,2023-05-18,21.1,33.9,68.5,15.0,21.2,220.8
III,Nueva Ecija,Science City of Muñoz,2023-05-19,21.9,34.7,67.3,0.0,21.8,233.1
III,Nueva Ecija,Science City of Muñoz,2023-05-20,21.9,32.5,71.3,26.0,21.5,201.4
III,Nueva Ecija,Science City of Muñoz,2023-05-21,22.0,32.4,69.1,0.0,21.0,218.9
III,Nueva Ecija,Science City of Muñoz,2023-05-22,21.4,33.0,79.9,5.3,23.2,234.1
III,Nueva Ecija,Science City of Muñoz,2023-05-23,21.3,33.0,77.6,4.2,22.7,225.8
III,Nueva Ecija,Science City of Muñoz,2023-05-24,21.4,32.6,73.9,,21.8,226.9
III,Nueva Ecija,Science City of Muñoz,2023-05-25,21.4,33.9,75.4,,22.7,239.6
III,Nueva Ecija,Science City of Muñoz,2023-05-26,21.9,34.3,73.2,0.0,22.7,227.3
III,Nueva Ecija,Science City of Muñoz,2023-05-27,22.1,34.9,73.4,0.0,23.2,220.5
III,Nueva Ecija,Science City of Muñoz,2023-05-28,22.9,34.5,78.8,8.3,24.5,220.8
III,Nueva Ecija,Science City of Muñoz,2023-05-29,22.7,,69.0,0.0,22.8,230.1
III,Nueva Ecija,Science City of Muñoz,2023-05-30,22.4,,67.1,0.0,22.2,231.1
III,Nueva Ecija,Science City of Muñoz,2023-05-31,22.1,34.4,75.8,4.8,23.4,224.5
III,Nueva Ecija,Science City of Muñoz,2023-06-01,22.3,33.7,68.7,0.0,21.7,
III,Nueva Ecija,Science City of Muñoz,2023-06-01,22.3,33.7,68.7,0.0,21.7,
III,Nueva Ecija,Science City of Muñoz,2023-06-02,22.6,34.3,69.7,0.0,22.4,
III,Nueva Ecija,Science City of Muñoz,2023-06-03,22.1,35.1,73.2,0.0,23.2,
III,Nueva Ecija,Science City of Muñoz,2023-06-04,21.5,33.7,76.8,22.8,23.0,209.0
III,Nueva Ecija,Science City of Muñoz,2023-06-05,21.8,34.9,73.0,0.0,23.0,226.9
III,Nueva Ecija,Science City of Muñoz,2023-06-06,20.9,35.7,74.7,2.1,23.2,229.8
III,Nueva Ecija,Science City of Muñoz,2023-06-07,21.0,33.6,72.8,0.0,21.9,222.3
III,Nueva Ecija,Science City of Muñoz,2023-06-08,22.0,31.8,75.2,12.0,21.9,212.1
III,Nueva Ecija,Science City of Muñoz,2023-06-09,22.9,32.7,71.4,0.0,22.1,215.4
III,Nueva Ecija,Science City of Muñoz,2023-06-10,23.0,32.3,73.6,0.0,22.4,224.2
III,Nueva Ecija,Science City of Muñoz,2023-06-11,22.7,33.4,72.8,0.0,22.6,233.0
III,Nueva Ecija,Science City of Muñoz,2023-06-12,22.5,32.7,74.6,0.0,22.5,223.3
III,Nueva Ecija,Science City of Muñoz,2023-06-13,22.5,33.6,77.1,0.0,23.5,225.5
III,Nueva Ecija,Science City of Muñoz,2023-06-14,22.4,32.5,74.1,0.0,22.3,243.6
III,Nueva Ecija,Science City of Muñoz,2023-06-15,22.7,33.0,74.2,0.0,22.7,230.3
III,Nueva Ecija,Science City of Muñoz,2023-06-16,22.3,33.7,72.5,0.0,22.5,222.3
III,Nueva Ecija,Science City of Muñoz,2023-06-17,21.7,31.2,71.4,0.0,20.7,223.8
III,Nueva Ecija,Science City of Muñoz,2023-06-18,21.8,31.3,71.8,0.0,20.9,228.1
III,Nueva Ecija,Science City of Muñoz,2023-06-19,21.5,32.4,72.2,0.0,21.4,227.2
III,Nueva Ecija,Science City of Muñoz,2023-06-20,22.3,32.6,72.6,0.0,22.0,211.6
III,Nueva Ecija,Science City of Muñoz,2023-06-21,21.6,34.2,72.4,0.4,22.4,218.6
III,Nueva Ecija,Science City of Muñoz,2023-06-22,21.0,32.9,75.7,15.0,22.1,212.0
III,Nueva Ecija,Science City of Muñoz,2023-06-23,21.6,35.2,68.2,0.0,22.0,229.9
III,Nueva Ecija,Science City of Muñoz,2023-06-24,21.5,33.5,73.6,31.9,22.2,188.9
III,Nueva Ecija,Science City of Muñoz,2023-06-25,21.8,34.7,72.6,1.6,22.8,217.9
III,Nueva Ecija,Science City of Muñoz,2023-06-26,21.7,34.9,72.8,13.8,22.9,223.3
III,Nueva Ecija,Science City of Muñoz,2023-06-27,22.9,34.8,72.3,0.0,23.3,216.4
III,Nueva Ecija,Science City of Muñoz,2023-06-28,23.8,36.7,70.5,0.0,24.4,221.0
III,Nueva Ecija,Science City of Muñoz,2023-06-29,22.8,35.3,71.2,0.0,23.3,226.4
III,Nueva Ecija,Science City of Muñoz,2023-06-30,23.2,33.5,75.6,10.2,23.5,212.1
III,Nueva Ecija,Science City of Muñoz,2023-07-01,24.3,33.2,68.1,0.0,22.4,222.3
III,Nueva Ecija,Science City of Muñoz,2023-07-02,23.9,33.0,68.5,0.0,22.2,209.0
III,Nueva Ecija,Science City of Muñoz,2023-07-03,23.1,33.4,75.7,3.5,23.4,233.3
III,Nueva Ecija,Science City of Muñoz,2023-07-04,23.4,33.1,73.2,14.3,22.9,198.6
III,Nueva Ecija,Science City of Muñoz,2023-07-05,23.2,32.3,74.0,6.2,22.6,214.0
III,Nueva Ecija,Science City of Muñoz,2023-07-06,23.4,33.0,74.4,1.2,23.1,220.1
III,Nueva Ecija,Science City of Muñoz,2023-07-07,23.1,34.7,70.0,0.0,22.9,216.8
III,Nueva Ecija,Science City of Muñoz,2023-07-08,23.5,35.1,74.6,0.0,24.2,228.4
III,Nueva Ecija,Science City of Muñoz,2023-07-09,24.0,35.2,73.9,0.0,24.4,228.2
III,Nueva Ecija,Science City of Muñoz,2023-07-10,24.3,36.6,74.0,0.0,25.3,208.8
III,Nueva Ecija,Science City of Muñoz,2023-07-11,24.2,34.1,78.4,13.3,24.8,199.9
III,Nueva Ecija,Science City of Muñoz,2023-07-12,23.3,34.1,76.0,0.0,23.9,210.3
III,Nueva Ecija,Science City of Muñoz,2023-07-13,22.4,32.6,81.5,17.0,23.8,214.5
III,Nueva Ecija,Science City of Muñoz,2023-07-14,22.9,33.6,81.9,11.3,24.6,220.2
III,Nueva Ecija,Science City of Muñoz,2023-07-15,23.2,33.4,80.9,5.2,24.5,220.4
III,Nueva Ecija,Science City of Muñoz,2023-07-16,23.2,32.6,79.6,12.2,23.8,206.5
III,Nueva Ecija,Science City of Muñoz,2023-07-17,24.0,34.1,75.8,9.7,24.2,216.3
III,Nueva Ecija,Science City of Muñoz,2023-07-18,24.4,34.3,75.2,5.9,24.4,214.2
III,Nueva Ecija,Science City of Muñoz,2023-07-19,24.4,33.5,75.0,12.9,24.0,191.5
III,Nueva Ecija,Science City of Muñoz,2023-07-20,24.6,34.3,,0.0,24.0,219.9
III,Nueva Ecija,Science City of Muñoz,2023-07-21,23.3,33.4,,4.6,23.7,206.8
III,Nueva Ecija,Science City of Muñoz,2023-07-22,22.8,35.1,,0.0,23.9,225.4
III,Nueva Ecija,Science City of Muñoz,2023-07-23,23.5,34.2,,0.0,23.6,223.7
III,Nueva Ecija,Science City of Muñoz,2023-07-24,22.6,33.7,,11.4,23.8,211.6
III,Nueva Ecija,Science City of Muñoz,2023-07-25,23.0,34.1,,17.2,24.0,222.9
III,Nueva Ecija,Science City of Muñoz,2023-07-26,22.7,35.3,,0.0,23.7,218.2
III,Nueva Ecija,Science City of Muñoz,2023-07-27,22.7,33.6,,12.0,23.2,211.1
III,Nueva Ecija,Science City of Muñoz,2023-07-28,21.7,33.2,75.7,10.0,22.6,206.0
III,Nueva Ecija,Science City of Muñoz,2023-07-29,23.4,34.4,69.8,0.0,22.9,217.9
III,Nueva Ecija,Science City of Muñoz,2023-07-30,23.2,34.4,71.3,0.0,23.1,220.4
III,Nueva Ecija,Science City of Muñoz,2023-07-31,23.4,32.7,72.7,0.0,22.6,225.0
III,Nueva Ecija,Science City of Muñoz,2023-08-01,23.8,32.9,71.7,0.0,22.7,222.3
III,Nueva Ecija,Science City of Muñoz,2023-08-02,22.5,32.5,78.0,20.9,23.1,196.4
III,Nueva Ecija,Science City of Muñoz,2023-08-03,23.7,33.2,76.2,0.0,23.7,207.3
III,Nueva Ecija,Science City of Muñoz,2023-08-04,24.2,34.5,74.6,0.0,24.3,211.8
III,Nueva Ecija,Science City of Muñoz,2023-08-05,25.1,36.6,72.7,0.0,25.4,213.3
III,Nueva Ecija,Science City of Muñoz,2023-08-06,24.3,35.3,72.4,0.0,24.3,215.4
III,Nueva Ecija,Science City of Muñoz,2023-08-07,23.7,34.7,72.8,0.0,23.8,221.9
III,Nueva Ecija,Science City of Muñoz,2023-08-08,24.0,35.8,71.2,0.0,24.1,220.3
III,Nueva Ecija,Science City of Muñoz,2023-08-09,24.6,35.2,73.4,0.0,24.6,202.4
III,Nueva Ecija,Science City of Muñoz,2023-08-10,24.4,33.9,77.3,5.6,24.6,219.8
III,Nueva Ecija,Science City of Muñoz,2023-08-11,24.8,33.6,78.0,0.0,24.8,207.5
III,Nueva Ecija,Science City of Muñoz,2023-08-12,24.6,32.8,82.5,13.1,25.2,204.5
III,Nueva Ecija,Science City of Muñoz,2023-08-13,24.3,33.3,79.1,0.0,24.6,206.7
III,Nueva Ecija,Science City of Muñoz,2023-08-14,23.1,31.8,83.0,43.3,24.1,191.0
III,Nueva Ecija,Science City of Muñoz,2023-08-15,23.5,33.9,82.3,6.1,25.2,215.6
III,Nueva Ecija,Science City of Muñoz,2023-08-16,23.0,33.9,83.0,18.3,25.0,201.1
III,Nueva Ecija,Science City of Muñoz,2023-08-17,24.2,34.3,81.4,6.6,25.5,200.6
III,Nueva Ecija,Science City of Muñoz,2023-08-18,23.7,34.1,77.2,0.0,24.3,205.7
III,Nueva Ecija,Science City of Muñoz,2023-08-19,23.1,34.0,77.2,0.0,24.0,219.0
III,Nueva Ecija,Science City of Muñoz,2023-08-20,23.7,34.1,80.0,0.0,24.9,209.0
III,Nueva Ecija,Science City of Muñoz,2023-08-21,24.3,34.5,74.3,0.0,24.3,222.8
III,Nueva Ecija,Science City of Muñoz,2023-08-22,25.0,33.5,76.2,0.0,24.5,215.9
III,Nueva Ecija,Science City of Muñoz,2023-08-23,24.5,32.7,80.3,4.6,24.7,202.6
III,Nueva Ecija,Science City of Muñoz,2023-08-24,24.6,32.6,79.8,0.0,24.6,217.4
III,Nueva Ecija,Science City of Muñoz,2023-08-25,23.5,33.6,81.0,9.4,24.8,205.5
III,Nueva Ecija,Science City of Muñoz,2023-08-26,23.4,34.5,75.7,0.0,24.1,225.9
III,Nueva Ecija,Science City of Muñoz,2023-08-27,22.8,34.1,74.6,0.0,23.4,204.4
III,Nueva Ecija,Science City of Muñoz,2023-08-28,23.4,33.7,75.8,0.0,23.7,220.1
III,Nueva Ecija,Science City of Muñoz,2023-08-29,23.6,31.7,78.1,10.6,23.3,211.7
III,Nueva Ecija,Science City of Muñoz,2023-08-30,22.2,33.5,78.8,15.9,23.6,196.7
III,Nueva Ecija,Science City of Muñoz,2023-08-31,22.8,34.6,78.4,7.4,24.4,199.7
III,Nueva Ecija,Science City of Muñoz,2023-09-01,23.5,33.7,76.5,4.6,23.9,216.6
III,Nueva Ecija,Science City of Muñoz,2023-09-02,23.8,34.0,78.0,0.0,24.5,206.6
III,Nueva Ecija,Science City of Muñoz,2023-09-03,23.7,34.0,80.2,8.1,24.9,217.0
III,Nueva Ecija,Science City of Muñoz,2023-09-04,23.8,35.5,76.9,0.0,25.0,214.2
III,Nueva Ecija,Science City of Muñoz,2023-09-05,24.2,33.4,81.1,5.3,25.0,212.5
III,Nueva Ecija,Science City of Muñoz,2023-09-06,24.1,33.1,76.4,0.0,23.9,208.6
III,Nueva Ecija,Science City of Muñoz,2023-09-07,23.4,32.5,81.2,18.8,24.2,193.2
III,Nueva Ecija,Science City of Muñoz,2023-09-08,22.9,32.6,75.1,0.0,22.8,224.1
III,Nueva Ecija,Science City of Muñoz,2023-09-09,22.4,33.4,85.6,3.7,25.0,196.2
III,Nueva Ecija,Science City of Muñoz,2023-09-10,23.0,34.7,,0.0,24.1,213.2
III,Nueva Ecija,Science City of Muñoz,2023-09-11,24.7,35.3,,0.0,25.6,209.9
III,Nueva Ecija,Science City of Muñoz,2023-09-12,24.2,33.8,,4.1,25.5,212.6
III,Nueva Ecija,Science City of Muñoz,2023-09-13,22.9,33.7,,0.0,24.1,215.9
III,Nueva Ecija,Science City of Muñoz,2023-09-14,23.3,34.1,,0.0,24.6,223.5
III,Nueva Ecija,Science City of Muñoz,2023-09-15,23.0,35.4,79.4,0.8,25.1,229.2
III,Nueva Ecija,Science City of Muñoz,2023-09-16,23.3,33.1,77.7,0.0,23.7,214.7
III,Nueva Ecija,Science City of Muñoz,2023-09-17,24.2,31.5,81.2,20.6,24.1,204.9
III,Nueva Ecija,Science City of Muñoz,2023-09-18,24.3,32.6,82.3,8.2,24.9,209.0
III,Nueva Ecija,Science City of Muñoz,2023-09-19,23.8,31.3,80.7,8.9,23.7,206.5
III,Nueva Ecija,Science City of Muñoz,2023-09-20,22.8,32.1,78.8,15.5,23.2,200.1
III,Nueva Ecija,Science City of Muñoz,2023-09-21,22.7,31.2,79.0,75.9,22.8,161.8
III,Nueva Ecija,Science City of Muñoz,2023-09-22,22.2,31.8,80.6,24.9,23.1,179.4
III,Nueva Ecija,Science City of Muñoz,2023-09-23,22.5,33.7,80.3,8.7,24.2,211.1
III,Nueva Ecija,Science City of Muñoz,2023-09-24,23.3,34.0,74.1,0.4,23.5,213.4
III,Nueva Ecija,Science City of Muñoz,2023-09-25,23.2,34.1,,3.6,23.9,218.0
III,Nueva Ecija,Science City of Muñoz,2023-09-26,23.1,33.9,,5.8,23.8,212.3
III,Nueva Ecija,Science City of Muñoz,2023-09-27,23.7,33.3,,12.7,23.3,208.9
III,Nueva Ecija,Science City of Muñoz,2023-09-28,23.6,34.2,,5.4,24.4,210.9
III,Nueva Ecija,Science City of Muñoz,2023-09-29,23.0,34.2,,5.2,24.4,211.5
III,Nueva Ecija,Science City of Muñoz,2023-09-30,24.6,34.4,77.1,0.0,24.9,197.4
III,Nueva Ecija,Science City of Muñoz,2023-10-01,24.5,35.0,80.9,2.3,25.9,211.5
III,Nueva Ecija,Science City of Muñoz,2023-10-02,25.4,32.9,78.6,11.2,24.9,212.0
III,Nueva Ecija,Science City of Muñoz,2023-10-03,24.3,34.3,73.5,0.0,24.0,238.1
III,Nueva Ecija,Science City of Muñoz,2023-10-04,24.0,33.7,74.5,0.0,23.8,219.1
III,Nueva Ecija,Science City of Muñoz,2023-10-05,23.4,33.3,79.8,7.7,24.3,199.3
III,Nueva Ecija,Science City of Muñoz,2023-10-06,23.8,33.1,75.7,0.0,23.6,212.3
III,Nueva Ecija,Science City of Muñoz,2023-10-07,23.0,34.3,75.8,10.7,23.8,206.2
III,Nueva Ecija,Science City of Muñoz,2023-10-08,24.1,32.6,78.0,2.6,24.0,215.4
III,Nueva Ecija,Science City of Muñoz,2023-10-09,23.6,32.0,75.2,0.0,22.8,219.5
III,Nueva Ecija,Science City of Muñoz,2023-10-10,22.8,31.5,77.9,38.5,22.7,178.6
III,Nueva Ecija,Science City of Muñoz,2023-10-11,22.5,33.5,74.7,0.0,22.9,227.1
III,Nueva Ecija,Science City of Muñoz,2023-10-12,23.2,34.3,74.0,0.0,23.6,234.8
III,Nueva Ecija,Science City of Muñoz,2023-10-13,23.5,34.5,73.7,0.0,23.7,237.3
III,Nueva Ecija,Science City of Muñoz,2023-10-14,23.8,35.4,78.6,4.4,25.3,206.7
III,Nueva Ecija,Science City of Muñoz,2023-10-15,24.6,36.3,75.1,0.0,25.5,213.9
III,Nueva Ecija,Science City of Muñoz,2023-10-16,24.3,35.0,70.6,0.0,23.8,227.0
III,Nueva Ecija,Science City of Muñoz,2023-10-17,25.0,34.0,75.8,20.6,24.7,211.8
III,Nueva Ecija,Science City of Muñoz,2023-10-18,24.9,34.4,71.4,0.0,23.9,215.7
III,Nueva Ecija,Science City of Muñoz,2023-10-19,24.9,35.1,67.2,0.0,23.4,238.8
III,Nueva Ecija,Science City of Muñoz,2023-10-20,25.4,37.0,69.9,0.0,25.2,222.0
III,Nueva Ecija,Science City of Muñoz,2023-10-21,23.4,34.7,74.4,20.3,23.9,207.1
III,Nueva Ecija,Science City of Muñoz,2023-10-22,23.5,34.9,70.8,0.0,23.4,215.4
III,Nueva Ecija,Science City of Muñoz,2023-10-23,23.0,35.0,73.2,0.0,23.6,202.8
III,Nueva Ecija,Science City of Muñoz,2023-10-24,22.8,35.7,77.9,0.0,24.8,224.7
III,Nueva Ecija,Science City of Muñoz,2023-10-25,22.4,34.3,80.6,14.1,24.5,202.2
III,Nueva Ecija,Science City of Muñoz,2023-10-26,24.6,35.5,74.1,0.0,24.9,202.9
III,Nueva Ecija,Science City of Muñoz,2023-10-27,23.8,34.3,80.8,10.8,25.2,217.8
III,Nueva Ecija,Science City of Muñoz,2023-10-28,23.3,33.9,77.3,9.4,24.1,218.9
III,Nueva Ecija,Science City of Muñoz,2023-10-29,23.5,34.8,73.2,0.0,23.8,216.0
III,Nueva Ecija,Science City of Muñoz,2023-10-30,22.9,33.1,71.0,0.0,22.2,235.5
III,Nueva Ecija,Science City of Muñoz,2023-10-31,21.3,32.5,74.8,12.7,21.9,210.8
III,Nueva Ecija,Science City of Muñoz,2023-11-01,21.8,34.2,73.9,1.7,22.8,216.1
III,Nueva Ecija,Science City of Muñoz,2023-11-02,21.1,35.4,73.1,0.0,22.9,219.3
III,Nueva Ecija,Science City of Muñoz,2023-11-03,20.7,33.7,79.6,40.7,23.1,176.8
III,Nueva Ecija,Science City of Muñoz,2023-11-04,22.8,33.4,75.9,0.0,23.3,221.8
III,Nueva Ecija,Science City of Muñoz,2023-11-05,22.9,32.5,74.4,0.0,22.6,223.3
III,Nueva Ecija,Science City of Muñoz,2023-11-06,22.5,32.8,80.0,13.2,23.6,210.0
III,Nueva Ecija,Science City of Muñoz,2023-11-07,22.9,33.6,77.9,7.9,23.8,217.2
III,Nueva Ecija,Science City of Muñoz,2023-11-08,23.4,32.6,73.9,0.0,22.8,224.0
III,Nueva Ecija,Science City of Muñoz,2023-11-09,23.7,32.4,71.0,0.0,22.2,226.2
III,Nueva Ecija,Science City of Muñoz,2023-11-10,23.5,33.3,69.8,0.0,22.4,206.5
III,Nueva Ecija,Science City of Muñoz,2023-11-11,24.0,34.1,71.8,0.0,23.4,217.2
III,Nueva Ecija,Science City of Muñoz,2023-11-12,24.1,33.4,72.0,0.0,23.2,232.0
III,Nueva Ecija,Science City of Muñoz,2023-11-13,23.7,32.9,75.3,9.1,23.4,234.0
III,Nueva Ecija,Science City of Muñoz,2023-11-14,23.7,33.9,68.4,0.0,22.5,213.8
III,Nueva Ecija,Science City of Muñoz,2023-11-15,22.1,34.4,68.2,0.0,21.9,226.6
III,Nueva Ecija,Science City of Muñoz,2023-11-16,22.0,34.5,75.1,3.0,23.3,231.4
III,Nueva Ecija,Science City of Muñoz,2023-11-17,23.4,33.9,68.3,0.0,22.3,237.0
III,Nueva Ecija,Science City of Muñoz,2023-11-18,23.4,34.6,70.8,0.0,23.2,230.1
III,Nueva Ecija,Science City of Muñoz,2023-11-19,22.6,35.0,75.4,7.8,23.9,220.9
III,Nueva Ecija,Science City of Muñoz,2023-11-20,22.2,35.9,74.0,0.0,23.8,232.8
III,Nueva Ecija,Science City of Muñoz,2023-11-21,21.6,33.5,79.4,29.7,23.4,188.3
III,Nueva Ecija,Science City of Muñoz,2023-11-22,22.0,34.4,73.3,0.0,22.9,218.6
III,Nueva Ecija,Science City of Muñoz,2023-11-23,22.7,34.1,77.2,5.4,23.8,217.8
III,Nueva Ecija,Science City of Muñoz,2023-11-24,23.4,34.0,71.2,0.0,,228.2
III,Nueva Ecija,Science City of Muñoz,2023-11-25,23.1,33.1,74.1,0.0,,216.1
III,Nueva Ecija,Science City of Muñoz,2023-11-26,22.2,33.0,78.6,1.8,,221.1
III,Nueva Ecija,Science City of Muñoz,2023-11-27,23.2,30.9,73.7,0.0,,227.3
III,Nueva Ecija,Science City of Muñoz,2023-11-28,24.1,31.6,74.8,0.0,,224.8
III,Nueva Ecija,Science City of Muñoz,2023-11-29,22.8,32.9,71.2,0.0,22.1,236.5
III,Nueva Ecija,Science City of Muñoz,2023-11-30,22.3,34.5,71.8,0.0,22.8,231.7
III,Nueva Ecija,Science City of Muñoz,2023-12-01,22.0,31.6,80.8,36.3,23.0,187.3
III,Nueva Ecija,Science City of Muñoz,2023-12-02,22.2,30.8,74.9,0.0,21.5,248.9
III,Nueva Ecija,Science City of Muñoz,2023-12-03,22.1,31.9,75.3,0.0,22.1,226.5
III,Nueva Ecija,Science City of Muñoz,2023-12-04,22.0,30.9,80.2,4.7,22.5,222.9
III,Nueva Ecija,Science City of Muñoz,2023-12-05,22.7,30.8,74.0,0.0,21.6,217.2
III,Nueva Ecija,Science City of Muñoz,2023-12-06,21.9,30.7,71.5,0.0,20.6,225.8
III,Nueva Ecija,Science City of Muñoz,2023-12-07,22.1,32.6,71.8,,21.7,231.5
III,Nueva Ecija,Science City of Muñoz,2023-12-08,20.3,30.0,76.4,,20.4,203.9
III,Nueva Ecija,Science City of Muñoz,2023-12-09,21.8,33.6,76.7,,23.0,234.4
III,Nueva Ecija,Science City of Muñoz,2023-12-10,22.0,32.7,73.0,0.0,22.0,235.5
III,Nueva Ecija,Science City of Muñoz,2023-12-11,22.7,33.3,73.9,0.0,22.8,223.7
III,Nueva Ecija,Science City of Muñoz,2023-12-12,21.3,33.4,71.4,0.0,21.6,236.3
III,Nueva Ecija,Science City of Muñoz,2023-12-13,21.1,34.1,75.9,3.2,22.8,212.9
III,Nueva Ecija,Science City of Muñoz,2023-12-14,21.5,35.1,72.4,0.0,22.8,219.9
III,Nueva Ecija,Science City of Muñoz,2023-12-15,22.5,34.5,71.6,0.0,22.8,209.2
III,Nueva Ecija,Science City of Muñoz,2023-12-16,21.7,35.9,70.8,0.0,23.0,243.8
III,Nueva Ecija,Science City of Muñoz,2023-12-17,22.0,33.9,71.0,11.8,22.2,219.7
III,Nueva Ecija,Science City of Muñoz,2023-12-18,22.5,34.9,70.4,5.6,22.8,236.6
III,Nueva Ecija,Science City of Muñoz,2023-12-19,22.9,35.1,72.0,0.0,23.4,224.3
III,Nueva Ecija,Science City of Muñoz,2023-12-20,22.4,34.5,73.5,0.0,23.2,209.7
III,Nueva Ecija,Science City of Muñoz,2023-12-21,21.8,35.3,73.2,0.0,23.2,228.7
III,Nueva Ecija,Science City of Muñoz,2023-12-22,23.1,34.9,71.6,0.0,23.3,245.0
III,Nueva Ecija,Science City of Muñoz,2023-12-23,23.1,34.4,73.0,,23.4,222.4
III,Nueva Ecija,Science City of Muñoz,2023-12-24,23.2,33.7,71.6,,22.8,219.3
III,Nueva Ecija,Science City of Muñoz,2023-12-25,23.7,33.8,68.8,,22.5,235.3
III,Nueva Ecija,Science City of Muñoz,2023-12-26,24.0,32.7,77.4,,23.8,239.3
III,Nueva Ecija,Science City of Muñoz,2023-12-27,24.3,31.4,71.9,,22.2,233.0
III,Nueva Ecija,Science City of Muñoz,2023-12-28,23.6,31.9,66.4,0.0,21.0,230.0
III,Nueva Ecija,Science City of Muñoz,2023-12-29,24.3,31.8,68.7,0.0,21.8,245.4
III,Nueva Ecija,Science City of Muñoz,2023-12-30,24.2,31.4,69.5,0.0,21.7,239.9
III,Nueva Ecija,Science City of Muñoz,2023-12-31,24.2,32.6,69.1,0.0,22.2,240.8
III,Nueva Ecija,Science City of Muñoz,2024-01-01,24.7,32.6,68.5,0.0,22.3,243.3
III,Nueva Ecija,Science City of Muñoz,2024-01-02,24.7,33.9,67.3,0.0,22.8,236.6
III,Nueva Ecija,Science City of Muñoz,2024-01-03,24.2,35.4,67.7,0.0,23.3,247.2
III,Nueva Ecija,Science City of Muñoz,2024-01-04,25.0,35.8,68.8,4.4,24.2,233.0
III,Nueva Ecija,Science City of Muñoz,2024-01-05,24.8,35.1,69.0,5.9,23.8,223.6
III,Nueva Ecija,Science City of Muñoz,2024-01-06,23.8,35.9,65.8,0.0,23.0,235.4
III,Nueva Ecija,Science City of Muñoz,2024-01-07,23.2,33.8,71.0,23.1,22.7,201.2
III,Nueva Ecija,Science City of Muñoz,2024-01-08,23.8,31.6,63.9,0.0,20.5,235.0
III,Nueva Ecija,Science City of Muñoz,2024-01-09,23.0,33.0,66.8,13.0,21.4,219.5
III,Nueva Ecija,Science City of Muñoz,2024-01-10,24.0,34.9,65.6,0.0,22.6,230.4
III,Nueva Ecija,Science City of Muñoz,2024-01-11,24.2,36.0,67.6,0.0,23.6,238.5
III,Nueva Ecija,Science City of Muñoz,2024-01-12,23.9,35.8,70.0,0.0,23.8,230.5
III,Nueva Ecija,Science City of Muñoz,2024-01-13,23.5,35.3,69.5,0.0,23.3,234.9
III,Nueva Ecija,Science City of Muñoz,2024-01-14,21.6,34.9,67.8,0.6,21.8,242.3
III,Nueva Ecija,Science City of Muñoz,2024-01-15,21.2,35.0,69.1,0.0,21.9,233.1
III,Nueva Ecija,Science City of Muñoz,2024-01-16,21.9,33.9,68.6,0.0,21.6,237.5
III,Nueva Ecija,Science City of Muñoz,2024-01-17,22.6,33.5,73.8,2.1,22.8,226.2
III,Nueva Ecija,Science City of Muñoz,2024-01-18,22.8,33.3,70.5,0.0,22.2,232.2
III,Nueva Ecija,Science City of Muñoz,2024-01-19,22.0,32.8,71.1,0.0,21.6,241.5
III,Nueva Ecija,Science City of Muñoz,2024-01-20,21.8,33.3,73.8,5.1,22.3,227.4
III,Nueva Ecija,Science City of Muñoz,2024-01-21,22.2,33.2,65.9,0.0,20.9,234.5
III,Nueva Ecija,Science City of Muñoz,2024-01-22,23.3,33.5,67.3,0.0,21.9,235.1
III,Nueva Ecija,Science City of Muñoz,2024-01-23,,34.4,63.3,0.0,21.6,236.0
III,Nueva Ecija,Science City of Muñoz,2024-01-24,,32.8,68.4,0.0,22.1,225.5
III,Nueva Ecija,Science City of Muñoz,2024-01-25,,33.3,70.9,3.7,22.7,234.9
III,Nueva Ecija,Science City of Muñoz,2024-01-26,,33.3,66.0,0.0,21.2,227.3
III,Nueva Ecija,Science City of Muñoz,2024-01-27,,33.5,67.5,0.0,21.6,245.1
III,Nueva Ecija,Science City of Muñoz,2024-01-28,22.7,34.5,69.7,0.0,22.5,230.5
III,Nueva Ecija,Science City of Muñoz,2024-01-29,21.4,33.8,70.9,0.0,21.8,249.9
III,Nueva Ecija,Science City of Muñoz,2024-01-30,21.9,34.0,71.3,0.0,22.2,240.8
III,Nueva Ecija,Science City of Muñoz,2024-01-31,22.8,33.5,71.2,0.0,22.4,255.5
III,Nueva Ecija,Science City of Muñoz,2024-02-01,22.5,31.7,72.7,0.0,21.6,243.8
III,Nueva Ecija,Science City of Muñoz,2024-02-02,23.1,32.9,73.4,0.0,22.7,229.5
III,Nueva Ecija,Science City of Muñoz,2024-02-03,23.2,30.8,69.7,0.0,20.9,252.0
III,Nueva Ecija,Science City of Muñoz,2024-02-04,22.5,31.1,68.9,0.0,20.6,234.3
III,Nueva Ecija,Science City of Muñoz,2024-02-05,22.9,29.9,65.9,0.0,19.6,252.5
III,Nueva Ecija,Science City of Muñoz,2024-02-06,22.7,30.3,66.0,0.0,19.7,244.2
III,Nueva Ecija,Science City of Muñoz,2024-02-07,22.9,31.9,66.1,0.0,20.6,240.3
III,Nueva Ecija,Science City of Muñoz,2024-02-08,22.8,31.7,68.0,0.0,20.8,234.0
III,Nueva Ecija,Science City of Muñoz,2024-02-09,22.9,32.9,66.5,0.0,21.2,225.9
III,Nueva Ecija,Science City of Muñoz,2024-02-10,22.9,32.2,63.4,0.0,20.2,220.1
III,Nueva Ecija,Science City of Muñoz,2024-02-11,22.1,30.8,61.2,0.0,18.7,240.7
III,Nueva Ecija,Science City of Muñoz,2024-02-12,22.1,30.9,65.0,0.0,19.5,240.2
III,Nueva Ecija,Science City of Muñoz,2024-02-13,21.7,32.4,69.2,0.0,20.9,232.3
III,Nueva Ecija,Science City of Muñoz,2024-02-14,21.9,33.3,67.8,0.0,21.2,252.6
III,Nueva Ecija,Science City of Muñoz,2024-02-15,22.3,32.3,66.9,0.0,20.7,239.8
III,Nueva Ecija,Science City of Muñoz,2024-02-16,22.7,33.2,64.4,0.0,20.8,243.3
III,Nueva Ecija,Science City of Muñoz,2024-02-17,21.7,35.3,67.7,0.0,22.0,241.0
III,Nueva Ecija,Science City of Muñoz,2024-02-18,21.7,34.2,66.6,0.0,21.3,237.0
III,Nueva Ecija,Science City of Muñoz,2024-02-19,21.8,32.6,69.3,0.0,21.1,241.9
III,Nueva Ecija,Science City of Muñoz,2024-02-20,21.7,32.6,67.8,0.0,20.7,238.2
III,Nueva Ecija,Science City of Muñoz,2024-02-21,22.5,33.4,67.1,0.0,21.4,242.7
III,Nueva Ecija,Science City of Muñoz,2024-02-22,22.5,32.5,72.1,13.9,21.9,228.0
III,Nueva Ecija,Science City of Muñoz,2024-02-23,22.3,32.4,64.3,0.0,20.2,238.6
III,Nueva Ecija,Science City of Muñoz,2024-02-24,21.8,32.6,62.6,0.0,19.7,254.9
III,Nueva Ecija,Science City of Muñoz,2024-02-25,21.2,32.8,65.0,0.0,20.0,239.8
III,Nueva Ecija,Science City of Muñoz,2024-02-26,21.8,33.1,,0.0,20.3,241.7
III,Nueva Ecija,Science City of Muñoz,2024-02-27,22.1,33.5,,0.0,20.7,241.2
III,Nueva Ecija,Science City of Muñoz,2024-02-28,21.6,33.6,,0.0,20.8,229.4
III,Nueva Ecija,Science City of Muñoz,2024-02-29,22.7,32.0,,0.0,21.5,234.6
III,Nueva Ecija,Science City of Muñoz,2024-03-01,23.4,31.7,71.4,0.0,21.8,230.7
III,Nueva Ecija,Science City of Muñoz,2024-03-02,22.6,32.9,67.5,0.0,21.2,248.1
III,Nueva Ecija,Science City of Muñoz,2024-03-03,21.6,32.6,66.8,0.0,20.5,233.7
III,Nueva Ecija,Science City of Muñoz,2024-03-04,22.7,33.9,66.7,0.0,21.6,248.1
III,Nueva Ecija,Science City of Muñoz,2024-03-05,22.4,34.0,66.6,0.0,21.5,244.5
III,Nueva Ecija,Science City of Muñoz,2024-03-06,23.3,33.5,64.9,0.0,21.4,231.9
III,Nueva Ecija,Science City of Muñoz,2024-03-07,23.1,33.5,66.0,0.0,21.5,235.4
III,Nueva Ecija,Science City of Muñoz,2024-03-08,22.9,33.4,65.1,8.1,21.2,229.3
III,Nueva Ecija,Science City of Muñoz,2024-03-09,23.3,34.2,63.0,0.0,21.4,228.6
III,Nueva Ecija,Science City of Muñoz,2024-03-10,23.4,33.6,65.4,0.0,21.6,239.7
III,Nueva Ecija,Science City of Muñoz,2024-03-11,23.2,34.2,68.5,0.0,22.4,246.5
III,Nueva Ecija,Science City of Muñoz,2024-03-12,22.8,34.8,64.0,0.0,21.6,249.2
III,Nueva Ecija,Science City of Muñoz,2024-03-13,22.2,34.2,67.0,0.0,21.6,237.6
III,Nueva Ecija,Science City of Muñoz,2024-03-14,21.8,33.4,68.0,0.0,21.2,234.8
III,Nueva Ecija,Science City of Muñoz,2024-03-15,22.0,32.2,71.4,3.7,21.4,243.2
III,Nueva Ecija,Science City of Muñoz,2024-03-16,22.0,32.5,66.9,0.0,20.6,227.9
III,Nueva Ecija,Science City of Muñoz,2024-03-17,21.8,34.2,67.6,0.0,21.5,245.6
III,Nueva Ecija,Science City of Muñoz,2024-03-18,22.9,34.1,74.6,5.8,23.4,219.0
III,Nueva Ecija,Science City of Muñoz,2024-03-19,23.0,34.7,68.0,0.0,22.5,229.8
III,Nueva Ecija,Science City of Muñoz,2024-03-20,23.1,33.7,69.9,0.0,22.4,241.9
III,Nueva Ecija,Science City of Muñoz,2024-03-21,23.4,32.4,69.1,0.0,21.7,245.3
III,Nueva Ecija,Science City of Muñoz,2024-03-22,23.6,32.5,67.0,0.0,,226.3
III,Nueva Ecija,Science City of Muñoz,2024-03-23,24.2,31.9,69.0,0.0,,237.8
III,Nueva Ecija,Science City of Muñoz,2024-03-24,24.3,32.5,69.4,0.0,,237.0
III,Nueva Ecija,Science City of Muñoz,2024-03-25,23.2,34.7,68.0,0.0,22.6,238.8
III,Nueva Ecija,Science City of Muñoz,2024-03-26,23.1,34.7,65.9,0.0,22.1,249.4
III,Nueva Ecija,Science City of Muñoz,2024-03-27,22.3,36.3,72.3,0.0,23.8,230.8
III,Nueva Ecija,Science City of Muñoz,2024-03-28,21.6,35.2,70.3,0.0,22.5,236.2
III,Nueva Ecija,Science City of Muñoz,2024-03-29,21.3,35.8,74.0,0.0,23.3,241.5
III,Nueva Ecija,Science City of Muñoz,2024-03-29,21.3,35.8,74.0,0.0,23.3,241.5
III,Nueva Ecija,Science City of Muñoz,2024-03-30,22.3,35.4,68.7,0.0,22.6,235.1
III,Nueva Ecija,Science City of Muñoz,2024-03-31,21.7,34.0,68.9,0.0,21.6,243.9
III,Nueva Ecija,Science City of Muñoz,2024-04-01,23.0,33.9,70.1,0.0,22.5,237.6
III,Nueva Ecija,Science City of Muñoz,2024-04-02,23.9,34.4,66.8,0.0,22.5,250.7
III,Nueva Ecija,Science City of Muñoz,2024-04-03,23.3,34.5,68.2,0.0,22.5,234.0
III,Nueva Ecija,Science City of Muñoz,2024-04-04,22.5,34.5,66.6,0.0,21.8,234.2
III,Nueva Ecija,Science City of Muñoz,2024-04-05,23.1,34.2,67.1,0.0,22.1,247.5
III,Nueva Ecija,Science City of Muñoz,2024-04-06,22.7,31.7,66.1,0.0,20.4,233.8
III,Nueva Ecija,Science City of Muñoz,2024-04-07,23.3,32.0,64.7,0.0,20.6,235.1
III,Nueva Ecija,Science City of Muñoz,2024-04-08,22.4,32.5,63.4,0.0,20.1,239.9
III,Nueva Ecija,Science City of Muñoz,2024-04-09,21.9,32.7,65.5,0.0,20.4,238.4
III,Nueva Ecija,Science City of Muñoz,2024-04-10,22.8,35.1,64.7,0.0,21.9,237.5
III,Nueva Ecija,Science City of Muñoz,2024-04-11,23.3,35.1,67.0,0.0,22.6,239.5
III,Nueva Ecija,Science City of Muñoz,2024-04-12,23.5,35.7,70.3,0.0,23.7,252.1
III,Nueva Ecija,Science City of Muñoz,2024-04-13,22.8,34.1,73.2,0.0,23.1,223.7
III,Nueva Ecija,Science City of Muñoz,2024-04-14,21.9,33.3,74.6,0.0,22.5,244.5
III,Nueva Ecija,Science City of Muñoz,2024-04-15,21.5,32.8,75.1,0.0,22.2,247.2
III,Nueva Ecija,Science City of Muñoz,2024-04-16,21.7,32.2,70.5,0.0,21.1,236.4
III,Nueva Ecija,Science City of Muñoz,2024-04-17,21.6,32.3,70.7,0.0,21.1,236.6
III,Nueva Ecija,Science City of Muñoz,2024-04-18,22.3,33.1,68.2,0.0,21.3,240.1
III,Nueva Ecija,Science City of Muñoz,2024-04-19,,34.4,68.9,0.0,,246.4
III,Nueva Ecija,Science City of Muñoz,2024-04-20,,33.2,67.6,0.0,,233.6
III,Nueva Ecija,Science City of Muñoz,2024-04-21,,34.0,67.9,0.0,,228.4
III,Nueva Ecija,Science City of Muñoz,2024-04-22,22.2,32.5,68.3,1.8,,236.0
III,Nueva Ecija,Science City of Muñoz,2024-04-23,22.4,34.1,66.0,0.0,,229.7
III,Nueva Ecija,Science City of Muñoz,2024-04-24,22.7,33.5,65.0,0.0,21.1,234.3
III,Nueva Ecija,Science City of Muñoz,2024-04-25,23.4,33.0,66.8,0.0,21.6,216.2
III,Nueva Ecija,Science City of Muñoz,2024-04-26,22.9,33.5,66.9,7.2,21.6,233.9
III,Nueva Ecija,Science City of Muñoz,2024-04-27,23.5,34.8,66.5,0.0,22.4,235.7
III,Nueva Ecija,Science City of Muñoz,2024-04-28,22.9,33.2,67.7,0.0,21.6,242.0
III,Nueva Ecija,Science City of Muñoz,2024-04-29,21.6,32.7,66.5,0.0,20.5,231.2
III,Nueva Ecija,Science City of Muñoz,2024-04-30,22.2,32.3,65.8,0.0,20.4,233.1
III,Nueva Ecija,Science City of Muñoz,2024-05-01,22.0,31.8,67.0,0.0,20.3,224.6
III,Nueva Ecija,Science City of Muñoz,2024-05-02,20.9,34.2,70.9,0.0,21.7,239.9
III,Nueva Ecija,Science City of Muñoz,2024-05-03,21.9,34.1,74.3,0.0,22.9,230.1
III,Nueva Ecija,Science City of Muñoz,2024-05-04,21.6,33.1,73.8,0.0,22.1,234.7
III,Nueva Ecija,Science City of Muñoz,2024-05-05,21.6,32.7,72.5,0.0,21.7,237.8
III,Nueva Ecija,Science City of Muñoz,2024-05-06,21.2,32.1,71.8,0.0,21.0,222.6
III,Nueva Ecija,Science City of Muñoz,2024-05-07,22.4,32.5,75.0,1.4,22.4,239.6
III,Nueva Ecija,Science City of Muñoz,2024-05-08,22.8,32.7,72.1,0.0,22.2,239.5
III,Nueva Ecija,Science City of Muñoz,2024-05-09,22.9,33.0,69.1,0.0,21.8,227.6
III,Nueva Ecija,Science City of Muñoz,2024-05-10,22.7,32.0,73.9,13.4,22.1,197.9
III,Nueva Ecija,Science City of Muñoz,2024-05-11,22.4,33.7,73.5,0.0,22.8,230.0
III,Nueva Ecija,Science City of Muñoz,2024-05-12,22.6,33.4,66.5,0.0,21.3,244.0
III,Nueva Ecija,Science City of Muñoz,2024-05-13,22.6,34.3,67.8,0.0,22.0,229.9
III,Nueva Ecija,Science City of Muñoz,2024-05-14,23.1,34.1,69.0,0.0,22.4,233.9
III,Nueva Ecija,Science City of Muñoz,2024-05-15,23.1,34.4,68.2,0.0,22.4,240.5
III,Nueva Ecija,Science City of Muñoz,2024-05-16,23.2,33.0,71.4,24.3,22.4,219.2
III,Nueva Ecija,Science City of Muñoz,2024-05-17,23.9,35.1,71.5,0.0,23.8,237.7
III,Nueva Ecija,Science City of Muñoz,2024-05-18,22.9,33.9,70.3,0.0,22.5,240.1
III,Nueva Ecija,Science City of Muñoz,2024-05-19,22.6,33.8,73.0,19.6,22.8,213.2
III,Nueva Ecija,Science City of Muñoz,2024-05-20,23.2,35.8,69.5,0.0,23.4,233.8
III,Nueva Ecija,Science City of Muñoz,2024-05-21,22.4,34.9,72.2,0.0,23.1,223.1
III,Nueva Ecija,Science City of Muñoz,2024-05-22,22.6,34.9,71.2,0.0,23.0,214.1
III,Nueva Ecija,Science City of Muñoz,2024-05-23,22.4,33.7,70.2,0.0,22.1,225.0
III,Nueva Ecija,Science City of Muñoz,2024-05-24,23.2,31.6,76.4,10.5,22.7,220.6
III,Nueva Ecija,Science City of Muñoz,2024-05-25,22.8,31.2,68.9,0.0,20.8,228.6
III,Nueva Ecija,Science City of Muñoz,2024-05-26,22.8,32.4,73.3,3.6,22.3,233.2
III,Nueva Ecija,Science City of Muñoz,2024-05-27,23.5,34.0,71.1,0.7,23.0,224.6
III,Nueva Ecija,Science City of Muñoz,2024-05-28,22.8,34.3,72.6,0.0,23.1,229.5
III,Nueva Ecija,Science City of Muñoz,2024-05-29,23.6,34.7,72.1,0.0,23.6,210.2
III,Nueva Ecija,Science City of Muñoz,2024-05-30,23.0,33.5,75.0,14.5,23.2,202.9
III,Nueva Ecija,Science City of Muñoz,2024-05-31,22.3,33.6,73.2,0.0,22.6,221.6
III,Nueva Ecija,Science City of Muñoz,2024-06-01,22.5,34.8,73.2,0.0,23.3,222.3
III,Nueva Ecija,Science City of Muñoz,2024-06-02,21.9,34.0,71.6,0.0,22.3,225.0
III,Nueva Ecija,Science City of Muñoz,2024-06-03,22.3,33.1,76.1,11.6,22.9,224.9
III,Nueva Ecija,Science City of Muñoz,2024-06-04,22.9,32.6,75.8,7.1,22.9,220.3
III,Nueva Ecija,Science City of Muñoz,2024-06-05,23.0,32.9,75.6,7.5,23.1,221.6
III,Nueva Ecija,Science City of Muñoz,2024-06-06,23.7,32.9,72.7,0.0,22.8,236.9
III,Nueva Ecija,Science City of Muñoz,2024-06-07,23.5,33.5,69.2,0.0,22.3,236.2
III,Nueva Ecija,Science City of Muñoz,2024-06-08,21.9,34.0,75.2,11.1,23.0,210.9
III,Nueva Ecija,Science City of Muñoz,2024-06-09,22.5,33.6,74.2,0.0,22.9,234.1
III,Nueva Ecija,Science City of Muñoz,2024-06-10,23.2,36.5,73.8,0.0,24.6,242.3
III,Nueva Ecija,Science City of Muñoz,2024-06-11,21.8,32.8,78.4,19.2,23.0,205.6
III,Nueva Ecija,Science City of Muñoz,2024-06-12,22.1,34.3,73.0,0.0,22.8,221.4
III,Nueva Ecija,Science City of Muñoz,2024-06-13,22.3,33.1,75.7,9.4,22.8,214.9
III,Nueva Ecija,Science City of Muñoz,2024-06-14,21.8,33.1,71.1,0.0,21.7,222.3
III,Nueva Ecija,Science City of Muñoz,2024-06-15,22.4,33.0,75.6,2.6,22.8,209.5
III,Nueva Ecija,Science City of Muñoz,2024-06-16,22.3,31.7,75.6,31.5,22.1,187.8
III,Nueva Ecija,Science City of Muñoz,2024-06-17,22.5,32.7,71.6,0.0,21.9,221.5
III,Nueva Ecija,Science City of Muñoz,2024-06-18,22.4,33.1,76.5,24.4,23.0,203.7
III,Nueva Ecija,Science City of Muñoz,2024-06-19,22.9,,70.8,0.0,22.2,230.4
III,Nueva Ecija,Science City of Muñoz,2024-06-20,22.6,,74.2,12.7,23.3,213.6
III,Nueva Ecija,Science City of Muñoz,2024-06-21,23.2,,77.4,5.7,24.2,212.8
III,Nueva Ecija,Science City of Muñoz,2024-06-22,22.4,,70.3,0.0,22.5,233.6
III,Nueva Ecija,Science City of Muñoz,2024-06-23,22.4,34.3,70.2,0.0,22.4,230.7
III,Nueva Ecija,Science City of Muñoz,2024-06-24,22.9,34.2,71.4,0.0,22.8,214.4
III,Nueva Ecija,Science City of Muñoz,2024-06-25,23.0,32.6,78.1,84.5,23.4,178.6
III,Nueva Ecija,Science City of Muñoz,2024-06-26,23.6,34.7,76.3,2.5,24.4,220.8
III,Nueva Ecija,Science City of Muñoz,2024-06-27,23.1,34.5,70.8,0.0,23.0,216.5
III,Nueva Ecija,Science City of Muñoz,2024-06-28,23.2,33.4,71.9,0.0,22.7,225.3
III,Nueva Ecija,Science City of Muñoz,2024-06-29,23.2,31.1,77.1,19.1,22.6,203.1
III,Nueva Ecija,Science City of Muñoz,2024-06-30,24.0,32.7,77.2,2.0,23.8,220.4
III,Nueva Ecija,Science City of Muñoz,2024-07-01,24.4,33.1,72.7,0.0,23.3,224.0
III,Nueva Ecija,Science City of Muñoz,2024-07-02,23.6,32.5,76.8,27.6,23.4,188.2
III,Nueva Ecija,Science City of Muñoz,2024-07-03,23.5,33.0,70.6,0.0,22.4,223.2
III,Nueva Ecija,Science City of Muñoz,2024-07-04,23.9,31.5,70.4,0.0,21.8,212.5
III,Nueva Ecija,Science City of Muñoz,2024-07-05,23.4,33.9,,0.0,23.5,213.5
III,Nueva Ecija,Science City of Muñoz,2024-07-06,23.4,34.5,,0.0,23.4,211.8
III,Nueva Ecija,Science City of Muñoz,2024-07-07,22.8,31.5,,2.6,23.4,212.2
III,Nueva Ecija,Science City of Muñoz,2024-07-08,22.1,32.5,80.0,6.0,23.3,209.7
III,Nueva Ecija,Science City of Muñoz,2024-07-09,21.6,33.9,74.4,0.0,22.6,218.8
III,Nueva Ecija,Science City of Muñoz,2024-07-10,22.3,33.7,79.0,13.2,23.8,215.3
III,Nueva Ecija,Science City of Muñoz,2024-07-11,21.5,32.2,79.5,36.0,22.8,187.9
III,Nueva Ecija,Science City of Muñoz,2024-07-12,23.7,33.7,79.5,5.1,24.6,210.9
III,Nueva Ecija,Science City of Muñoz,2024-07-13,22.7,31.3,78.4,125.8,22.7,167.3
III,Nueva Ecija,Science City of Muñoz,2024-07-14,22.6,34.1,77.2,2.8,23.8,210.2
III,Nueva Ecija,Science City of Muñoz,2024-07-15,21.5,34.1,73.8,22.0,22.6,197.7
III,Nueva Ecija,Science City of Muñoz,2024-07-16,22.1,34.2,76.8,1.1,23.5,201.1
III,Nueva Ecija,Science City of Muñoz,2024-07-17,22.3,33.5,67.7,0.0,21.4,214.0
III,Nueva Ecija,Science City of Muñoz,2024-07-18,22.9,34.0,68.1,0.0,22.1,231.9
III,Nueva Ecija,Science City of Muñoz,2024-07-19,21.7,34.6,75.9,1.7,23.3,208.9
III,Nueva Ecija,Science City of Muñoz,2024-07-20,22.6,35.1,77.3,2.1,24.3,215.8
III,Nueva Ecija,Science City of Muñoz,2024-07-21,22.8,34.7,72.9,0.0,23.3,216.3
III,Nueva Ecija,Science City of Muñoz,2024-07-22,,32.1,77.2,7.8,22.3,210.6
III,Nueva Ecija,Science City of Muñoz,2024-07-23,,31.8,78.0,7.0,22.6,205.1
III,Nueva Ecija,Science City of Muñoz,2024-07-23,,31.8,78.0,7.0,22.6,205.1
III,Nueva Ecija,Science City of Muñoz,2024-07-24,,32.7,77.0,11.2,22.8,203.5
III,Nueva Ecija,Science City of Muñoz,2024-07-25,,34.7,74.1,0.0,23.5,225.0
III,Nueva Ecija,Science City of Muñoz,2024-07-26,,34.4,74.1,0.0,23.0,213.0
III,Nueva Ecija,Science City of Muñoz,2024-07-27,21.9,35.9,75.3,3.3,24.0,206.5
III,Nueva Ecija,Science City of Muñoz,2024-07-28,21.8,37.4,73.1,0.0,24.2,210.3
III,Nueva Ecija,Science City of Muñoz,2024-07-29,21.6,36.8,76.5,3.2,24.5,218.3
III,Nueva Ecija,Science City of Muñoz,2024-07-30,21.0,37.1,73.5,0.0,23.8,218.4
III,Nueva Ecija,Science City of Muñoz,2024-07-31,20.9,36.6,80.5,19.2,24.8,210.2
III,Nueva Ecija,Science City of Muñoz,2024-08-01,21.8,37.1,74.0,0.0,24.3,205.9
III,Nueva Ecija,Science City of Muñoz,2024-08-02,23.1,35.3,78.1,2.5,24.8,207.6
III,Nueva Ecija,Science City of Muñoz,2024-08-03,23.3,35.1,80.0,28.2,25.2,189.6
III,Nueva Ecija,Science City of Muñoz,2024-08-04,24.4,34.4,81.7,2.3,25.7,207.0
III,Nueva Ecija,Science City of Muñoz,2024-08-05,24.4,33.3,77.1,21.8,24.3,186.5
III,Nueva Ecija,Science City of Muñoz,2024-08-06,24.3,34.1,73.7,9.8,23.9,214.3
III,Nueva Ecija,Science City of Muñoz,2024-08-07,24.5,36.5,70.9,0.0,24.7,227.8
III,Nueva Ecija,Science City of Muñoz,2024-08-08,23.8,35.3,77.2,3.5,25.0,214.5
III,Nueva Ecija,Science City of Muñoz,2024-08-09,22.8,36.7,73.3,0.0,24.4,216.4
III,Nueva Ecija,Science City of Muñoz,2024-08-10,22.4,36.6,77.3,8.2,25.0,208.6
III,Nueva Ecija,Science City of Muñoz,2024-08-11,24.4,36.4,75.5,0.8,25.5,215.2
III,Nueva Ecija,Science City of Muñoz,2024-08-12,24.1,35.3,74.9,0.0,24.7,203.9
III,Nueva Ecija,Science City of Muñoz,2024-08-13,23.4,34.9,74.4,0.0,24.0,211.8
III,Nueva Ecija,Science City of Muñoz,2024-08-14,24.1,33.1,81.0,17.0,24.8,202.6
III,Nueva Ecija,Science City of Muñoz,2024-08-15,23.9,35.8,80.0,4.2,25.8,222.7
III,Nueva Ecija,Science City of Muñoz,2024-08-16,24.0,35.5,80.2,3.3,25.8,229.0
III,Nueva Ecija,Science City of Muñoz,2024-08-17,23.3,37.6,73.9,0.0,25.2,215.4
III,Nueva Ecija,Science City of Muñoz,2024-08-18,23.1,34.3,79.3,49.9,24.6,172.2
III,Nueva Ecija,Science City of Muñoz,2024-08-19,23.4,36.7,67.3,0.0,23.5,209.5
III,Nueva Ecija,Science City of Muñoz,2024-08-20,23.0,34.7,72.3,17.8,23.3,189.6
III,Nueva Ecija,Science City of Muñoz,2024-08-21,22.2,34.8,69.2,0.0,22.3,222.5
III,Nueva Ecija,Science City of Muñoz,2024-08-22,23.1,34.3,78.8,18.9,24.5,182.8
III,Nueva Ecija,Science City of Muñoz,2024-08-23,24.2,33.0,80.9,12.3,24.8,203.9
III,Nueva Ecija,Science City of Muñoz,2024-08-24,23.4,33.5,84.3,22.8,25.3,192.9
III,Nueva Ecija,Science City of Muñoz,2024-08-25,23.2,34.0,78.6,29.4,24.3,176.1
III,Nueva Ecija,Science City of Muñoz,2024-08-26,24.1,34.2,79.1,21.8,25.0,204.0
III,Nueva Ecija,Science City of Muñoz,2024-08-27,24.4,34.1,75.3,0.9,24.3,213.4
III,Nueva Ecija,Science City of Muñoz,2024-08-28,23.9,34.9,79.8,13.5,25.4,206.8
III,Nueva Ecija,Science City of Muñoz,2024-08-29,23.7,34.1,78.7,0.0,24.6,203.7
III,Nueva Ecija,Science City of Muñoz,2024-08-30,23.0,34.3,80.8,3.0,24.8,208.5
III,Nueva Ecija,Science City of Muñoz,2024-08-31,22.6,33.7,77.3,0.0,23.6,216.9
III,Nueva Ecija,Science City of Muñoz,2024-09-01,22.1,34.0,74.4,0.0,22.9,229.0
III,Nueva Ecija,Science City of Muñoz,2024-09-02,22.3,34.5,73.9,0.0,23.2,194.7
III,Nueva Ecija,Science City of Muñoz,2024-09-03,22.6,33.9,79.1,17.0,24.1,208.9
III,Nueva Ecija,Science City of Muñoz,2024-09-04,22.6,33.5,79.9,4.0,24.0,220.8
III,Nueva Ecija,Science City of Muñoz,2024-09-05,22.4,33.1,78.4,21.9,23.4,196.9
III,Nueva Ecija,Science City of Muñoz,2024-09-06,22.1,32.4,79.7,15.8,23.2,209.5
III,Nueva Ecija,Science City of Muñoz,2024-09-07,22.1,30.7,77.4,14.6,21.9,211.4
III,Nueva Ecija,Science City of Muñoz,2024-09-08,21.6,34.8,72.8,0.0,22.8,213.2
III,Nueva Ecija,Science City of Muñoz,2024-09-09,22.4,33.0,78.4,10.3,23.4,206.9
III,Nueva Ecija,Science City of Muñoz,2024-09-10,22.0,32.2,74.4,0.0,22.0,212.6
III,Nueva Ecija,Science City of Muñoz,2024-09-11,22.0,32.4,76.3,0.0,22.5,230.0
III,Nueva Ecija,Science City of Muñoz,2024-09-12,21.9,32.9,77.4,4.2,22.9,210.0
III,Nueva Ecija,Science City of Muñoz,2024-09-13,21.8,32.6,74.4,0.0,22.1,217.2
III,Nueva Ecija,Science City of Muñoz,2024-09-14,22.5,32.1,78.7,20.9,23.0,203.7
III,Nueva Ecija,Science City of Muñoz,2024-09-15,22.8,31.8,79.6,31.4,23.2,193.7
III,Nueva Ecija,Science City of Muñoz,2024-09-16,22.9,34.0,74.4,0.0,23.3,215.1
III,Nueva Ecija,Science City of Muñoz,2024-09-17,22.7,34.4,75.5,0.0,23.6,213.4
III,Nueva Ecija,Science City of Muñoz,2024-09-18,22.9,33.4,74.9,0.0,23.1,239.4
III,Nueva Ecija,Science City of Muñoz,2024-09-19,23.0,35.1,77.2,8.2,24.5,217.4
III,Nueva Ecija,Science City of Muñoz,2024-09-20,23.8,34.5,78.9,5.7,24.9,207.6
III,Nueva Ecija,Science City of Muñoz,2024-09-21,24.0,35.3,79.8,0.0,25.6,218.2
III,Nueva Ecija,Science City of Muñoz,2024-09-22,22.6,34.6,80.2,12.4,24.6,212.5
III,Nueva Ecija,Science City of Muñoz,2024-09-23,22.9,35.2,76.1,5.9,24.3,195.2
III,Nueva Ecija,Science City of Muñoz,2024-09-24,24.1,36.4,75.1,9.6,25.3,220.4
III,Nueva Ecija,Science City of Muñoz,2024-09-25,24.3,35.6,77.6,5.1,25.5,226.9
III,Nueva Ecija,Science City of Muñoz,2024-09-26,24.2,36.2,81.5,8.3,26.5,203.6
III,Nueva Ecija,Science City of Muñoz,2024-09-27,24.1,35.9,,2.6,26.0,206.7
III,Nueva Ecija,Science City of Muñoz,2024-09-28,23.6,35.4,,14.8,25.9,200.3
III,Nueva Ecija,Science City of Muñoz,2024-09-29,24.0,37.4,,0.0,26.2,215.6
III,Nueva Ecija,Science City of Muñoz,2024-09-30,24.0,37.5,,0.0,26.3,206.9
III,Nueva Ecija,Science City of Muñoz,2024-10-01,23.6,35.1,75.1,0.0,24.4,213.5
III,Nueva Ecija,Science City of Muñoz,2024-10-02,23.6,32.8,73.2,0.0,22.8,222.9
III,Nueva Ecija,Science City of Muñoz,2024-10-03,24.2,34.8,74.6,0.0,24.4,219.9
III,Nueva Ecija,Science City of Muñoz,2024-10-04,23.9,34.0,70.7,0.0,23.1,214.4
III,Nueva Ecija,Science City of Muñoz,2024-10-05,23.9,35.8,70.2,0.0,23.9,218.1
III,Nueva Ecija,Science City of Muñoz,2024-10-06,23.4,34.2,73.7,0.0,23.5,217.7
III,Nueva Ecija,Science City of Muñoz,2024-10-07,23.6,33.1,76.4,12.2,23.6,203.6
III,Nueva Ecija,Science City of Muñoz,2024-10-08,23.3,34.7,76.4,3.1,,225.4
III,Nueva Ecija,Science City of Muñoz,2024-10-09,23.1,33.6,72.7,14.8,,215.8
III,Nueva Ecija,Science City of Muñoz,2024-10-10,22.4,34.3,75.3,3.3,,219.0
III,Nueva Ecija,Science City of Muñoz,2024-10-11,23.3,34.5,72.3,0.0,23.4,209.6
III,Nueva Ecija,Science City of Muñoz,2024-10-12,24.2,33.6,77.3,11.6,24.4,204.5
III,Nueva Ecija,Science City of Muñoz,2024-10-13,24.2,35.2,71.9,0.0,24.1,209.2
III,Nueva Ecija,Science City of Muñoz,2024-10-14,24.7,33.5,75.9,12.9,24.3,193.9
III,Nueva Ecija,Science City of Muñoz,2024-10-15,24.3,35.6,73.0,0.0,24.6,218.1
III,Nueva Ecija,Science City of Muñoz,2024-10-16,24.1,34.8,74.5,0.0,24.4,225.1
III,Nueva Ecija,Science City of Muñoz,2024-10-17,24.2,34.5,78.6,7.9,25.1,210.9
III,Nueva Ecija,Science City of Muñoz,2024-10-18,24.2,33.5,81.9,3.7,25.2,209.8
III,Nueva Ecija,Science City of Muñoz,2024-10-19,24.8,35.1,82.7,1.5,26.5,220.3
III,Nueva Ecija,Science City of Muñoz,2024-10-20,24.5,34.6,80.6,2.6,25.7,219.2
III,Nueva Ecija,Science City of Muñoz,2024-10-21,24.6,35.1,77.9,0.0,25.4,218.0
III,Nueva Ecija,Science City of Muñoz,2024-10-22,23.3,34.9,81.2,7.1,25.3,212.5
III,Nueva Ecija,Science City of Muñoz,2024-10-23,,36.2,82.1,4.3,25.7,211.4
III,Nueva Ecija,Science City of Muñoz,2024-10-24,,35.2,75.6,0.0,24.4,214.5
III,Nueva Ecija,Science City of Muñoz,2024-10-25,,36.8,74.9,0.0,25.1,227.0
III,Nueva Ecija,Science City of Muñoz,2024-10-26,,36.3,74.5,0.0,,213.0
III,Nueva Ecija,Science City of Muñoz,2024-10-27,23.0,33.8,79.3,2.3,,229.8
III,Nueva Ecija,Science City of Muñoz,2024-10-28,23.7,34.8,77.3,5.3,,215.0
III,Nueva Ecija,Science City of Muñoz,2024-10-29,23.4,34.3,77.9,0.0,24.4,218.9
III,Nueva Ecija,Science City of Muñoz,2024-10-30,22.4,33.1,82.2,5.9,24.2,215.4
III,Nueva Ecija,Science City of Muñoz,2024-10-31,22.3,33.1,77.2,0.0,23.1,224.7
III,Nueva Ecija,Science City of Muñoz,2024-11-01,23.3,31.7,79.9,2.1,23.5,228.8
III,Nueva Ecija,Science City of Muñoz,2024-11-02,22.0,32.7,81.4,36.3,23.6,183.9
III,Nueva Ecija,Science City of Muñoz,2024-11-03,21.9,34.3,78.1,0.0,23.7,216.6
III,Nueva Ecija,Science City of Muñoz,2024-11-04,22.0,34.6,77.3,0.0,23.8,237.0
III,Nueva Ecija,Science City of Muñoz,2024-11-05,23.4,33.8,77.7,0.0,24.1,223.4
III,Nueva Ecija,Science City of Muñoz,2024-11-06,23.0,33.4,79.2,0.0,24.0,207.2
III,Nueva Ecija,Science City of Muñoz,2024-11-07,23.4,34.1,77.3,0.0,24.2,224.9
III,Nueva Ecija,Science City of Muñoz,2024-11-08,23.9,34.0,75.2,0.0,24.0,228.7
III,Nueva Ecija,Science City of Muñoz,2024-11-09,24.0,32.1,73.8,0.0,22.8,233.0
III,Nueva Ecija,Science City of Muñoz,2024-11-10,23.8,32.0,77.2,0.0,23.3,220.4
III,Nueva Ecija,Science City of Muñoz,2024-11-11,24.5,33.4,74.9,0.0,23.9,221.1
III,Nueva Ecija,Science City of Muñoz,2024-11-12,24.7,32.2,76.7,17.6,23.8,204.0
III,Nueva Ecija,Science City of Muñoz,2024-11-13,24.4,32.5,73.8,0.0,23.2,224.2
III,Nueva Ecija,Science City of Muñoz,2024-11-14,23.8,33.8,77.1,10.9,24.2,
III,Nueva Ecija,Science City of Muñoz,2024-11-15,23.6,34.5,72.1,0.0,23.5,
III,Nueva Ecija,Science City of Muñoz,2024-11-16,23.5,34.1,73.2,0.0,23.4,
III,Nueva Ecija,Science City of Muñoz,2024-11-17,23.7,34.1,74.6,0.0,23.8,
III,Nueva Ecija,Science City of Muñoz,2024-11-18,24.3,33.1,76.6,0.0,24.0,
III,Nueva Ecija,Science City of Muñoz,2024-11-19,23.6,32.7,75.2,0.0,23.2,226.5
III,Nueva Ecija,Science City of Muñoz,2024-11-20,23.4,33.0,81.0,4.5,24.4,218.0
III,Nueva Ecija,Science City of Muñoz,2024-11-21,23.7,31.5,80.1,9.6,23.6,243.1
III,Nueva Ecija,Science City of Muñoz,2024-11-22,23.4,31.8,78.8,20.8,23.4,204.4
III,Nueva Ecija,Science City of Muñoz,2024-11-23,24.0,32.1,73.2,0.0,22.7,226.7
III,Nueva Ecija,Science City of Muñoz,2024-11-24,24.1,32.8,74.7,0.0,23.4,223.0
III,Nueva Ecija,Science City of Muñoz,2024-11-25,24.3,31.8,73.8,0.0,22.8,217.2
III,Nueva Ecija,Science City of Muñoz,2024-11-26,25.0,33.1,80.3,5.2,25.1,237.2
III,Nueva Ecija,Science City of Muñoz,2024-11-27,24.4,32.4,76.0,11.9,23.6,223.4
III,Nueva Ecija,Science City of Muñoz,2024-11-28,24.4,32.6,70.6,0.0,22.6,228.0
III,Nueva Ecija,Science City of Muñoz,2024-11-29,23.6,34.1,74.4,13.6,23.7,225.4
III,Nueva Ecija,Science City of Muñoz,2024-11-30,23.4,34.0,74.8,11.8,23.7,216.6
III,Nueva Ecija,Science City of Muñoz,2024-12-01,23.8,33.6,71.1,6.0,22.9,235.1
III,Nueva Ecija,Science City of Muñoz,2024-12-02,24.2,32.9,65.9,0.0,21.7,232.5
III,Nueva Ecija,Science City of Muñoz,2024-12-03,22.7,33.4,67.8,0.0,21.6,243.1
III,Nueva Ecija,Science City of Muñoz,2024-12-04,22.3,34.5,67.6,0.0,21.9,233.8
III,Nueva Ecija,Science City of Muñoz,2024-12-05,22.0,34.1,68.1,0.7,21.7,223.1
III,Nueva Ecija,Science City of Muñoz,2024-12-06,22.3,33.6,67.3,0.0,21.4,232.1
III,Nueva Ecija,Science City of Muñoz,2024-12-07,22.2,34.5,70.1,0.0,22.4,222.2
III,Nueva Ecija,Science City of Muñoz,2024-12-08,21.9,32.8,73.2,26.3,22.0,198.2
III,Nueva Ecija,Science City of Muñoz,2024-12-09,22.7,34.6,67.7,0.0,22.2,218.4
III,Nueva Ecija,Science City of Muñoz,2024-12-10,22.8,34.9,66.7,0.0,22.2,226.8
III,Nueva Ecija,Science City of Muñoz,2024-12-11,23.4,32.6,70.9,0.0,22.2,226.0
III,Nueva Ecija,Science City of Muñoz,2024-12-12,22.0,33.1,74.1,9.6,22.4,214.5
III,Nueva Ecija,Science City of Muñoz,2024-12-13,22.6,32.8,71.4,0.0,22.0,229.2
III,Nueva Ecija,Science City of Muñoz,2024-12-14,22.7,32.2,71.7,0.0,21.8,246.8
III,Nueva Ecija,Science City of Muñoz,2024-12-15,22.8,32.5,71.5,0.0,22.0,215.5
III,Nueva Ecija,Science City of Muñoz,2024-12-16,23.6,32.6,73.7,0.0,22.8,235.4
III,Nueva Ecija,Science City of Muñoz,2024-12-17,22.3,33.5,72.9,,22.5,241.1
III,Nueva Ecija,Science City of Muñoz,2024-12-18,23.3,32.7,71.1,,22.2,226.0
III,Nueva Ecija,Science City of Muñoz,2024-12-19,22.7,32.6,64.8,0.0,20.6,229.7
III,Nueva Ecija,Science City of Muñoz,2024-12-20,22.2,33.1,70.6,3.1,21.8,228.6
III,Nueva Ecija,Science City of Muñoz,2024-12-21,23.2,32.6,64.9,0.0,20.9,235.8
III,Nueva Ecija,Science City of Muñoz,2024-12-22,23.2,32.3,69.8,0.0,21.7,235.8
III,Nueva Ecija,Science City of Muñoz,2024-12-23,22.6,32.4,68.4,0.0,21.2,238.0
III,Nueva Ecija,Science City of Muñoz,2024-12-24,21.9,32.2,71.7,0.0,21.4,226.7
III,Nueva Ecija,Science City of Muñoz,2024-12-25,22.1,32.2,70.9,0.0,21.3,238.1
III,Nueva Ecija,Science City of Muñoz,2024-12-26,21.8,31.7,68.1,0.0,20.4,229.4
III,Nueva Ecija,Science City of Muñoz,2024-12-27,21.5,31.1,66.1,0.0,19.5,220.0
III,Nueva Ecija,Science City of Muñoz,2024-12-28,21.3,31.4,72.3,3.6,20.8,225.7
III,Nueva Ecija,Science City of Muñoz,2024-12-29,22.2,31.5,71.1,1.8,21.1,231.6
III,Nueva Ecija,Science City of Muñoz,2024-12-30,22.6,32.2,68.3,0.0,21.1,226.7
III,Nueva Ecija,Science City of Muñoz,2024-12-31,22.0,31.9,67.8,0.0,20.5,220.8
