municipality,window_start_date,window_end_date,target_date
Arayat,2019-01-01,2019-01-14,2019-01-28
Arayat,2019-01-02,2019-01-15,2019-01-29
Arayat,2019-01-03,2019-01-16,2019-01-30
Arayat,2019-01-04,2019-01-17,2019-01-31
Arayat,2019-01-05,2019-01-18,2019-02-01
Arayat,2019-01-06,2019-01-19,2019-02-02
Arayat,2019-01-07,2019-01-20,2019-02-03
Arayat,2019-01-08,2019-01-21,2019-02-04
Arayat,2019-01-09,2019-01-22,2019-02-05
Arayat,2019-01-10,2019-01-23,2019-02-06
Arayat,2019-01-11,2019-01-24,2019-02-07
Arayat,2019-01-12,2019-01-25,2019-02-08
Arayat,2019-01-13,2019-01-26,2019-02-09
Arayat,2019-01-14,2019-01-27,2019-02-10
Arayat,2019-01-15,2019-01-28,2019-02-11
Arayat,2019-01-16,2019-01-29,2019-02-12
Arayat,2019-01-17,2019-01-30,2019-02-13
Arayat,2019-01-18,2019-01-31,2019-02-14
Arayat,2019-01-19,2019-02-01,2019-02-15
Arayat,2019-01-20,2019-02-02,2019-02-16
Arayat,2019-01-21,2019-02-03,2019-02-17
Arayat,2019-01-22,2019-02-04,2019-02-18
Arayat,2019-01-23,2019-02-05,2019-02-19
Arayat,2019-01-24,2019-02-06,2019-02-20
Arayat,2019-01-25,2019-02-07,2019-02-21
Arayat,2019-01-26,2019-02-08,2019-02-22
Arayat,2019-01-27,2019-02-09,2019-02-23
Arayat,2019-01-28,2019-02-10,2019-02-24
Arayat,2019-01-29,2019-02-11,2019-02-25
Arayat,2019-01-30,2019-02-12,2019-02-26
Arayat,2019-01-31,2019-02-13,2019-02-27
Arayat,2019-02-01,2019-02-14,2019-02-28
Arayat,2019-02-02,2019-02-15,2019-03-01
Arayat,2019-02-03,2019-02-16,2019-03-02
Arayat,2019-02-04,2019-02-17,2019-03-03
Arayat,2019-02-05,2019-02-18,2019-03-04
Arayat,2019-02-06,2019-02-19,2019-03-05
Arayat,2019-02-07,2019-02-20,2019-03-06
Arayat,2019-02-08,2019-02-21,2019-03-07
Arayat,2019-02-09,2019-02-22,2019-03-08
Arayat,2019-02-10,2019-02-23,2019-03-09
Arayat,2019-02-11,2019-02-24,2019-03-10
Arayat,2019-02-12,2019-02-25,2019-03-11
Arayat,2019-02-13,2019-02-26,2019-03-12
Arayat,2019-02-14,2019-02-27,2019-03-13
Arayat,2019-02-15,2019-02-28,2019-03-14
Arayat,2019-02-16,2019-03-01,2019-03-15
Arayat,2019-02-17,2019-03-02,2019-03-16
Arayat,2019-02-18,2019-03-03,2019-03-17
Arayat,2019-02-19,2019-03-04,2019-03-18
Arayat,2019-02-20,2019-03-05,2019-03-19
Arayat,2019-02-21,2019-03-06,2019-03-20
Arayat,2019-02-22,2019-03-07,2019-03-21
Arayat,2019-02-23,2019-03-08,2019-03-22
Arayat,2019-02-24,2019-03-09,2019-03-23
Arayat,2019-02-25,2019-03-10,2019-03-24
Arayat,2019-02-26,2019-03-11,2019-03-25
Arayat,2019-02-27,2019-03-12,2019-03-26
Arayat,2019-02-28,2019-03-13,2019-03-27
Arayat,2019-03-01,2019-03-14,2019-03-28
Arayat,2019-03-02,2019-03-15,2019-03-29
Arayat,2019-03-03,2019-03-16,2019-03-30
Arayat,2019-03-04,2019-03-17,2019-03-31
Arayat,2019-03-05,2019-03-18,2019-04-01
Arayat,2019-03-06,2019-03-19,2019-04-02
Arayat,2019-03-07,2019-03-20,2019-04-03
Arayat,2019-03-08,2019-03-21,2019-04-04
Arayat,2019-03-09,2019-03-22,2019-04-05
Arayat,2019-03-10,2019-03-23,2019-04-06
Arayat,2019-03-11,2019-03-24,2019-04-07
Arayat,2019-03-12,2019-03-25,2019-04-08
Arayat,2019-03-13,2019-03-26,2019-04-09
Arayat,2019-03-14,2019-03-27,2019-04-10
Arayat,2019-03-15,2019-03-28,2019-04-11
Arayat,2019-03-16,2019-03-29,2019-04-12
Arayat,2019-03-17,2019-03-30,2019-04-13
Arayat,2019-03-18,2019-03-31,2019-04-14
Arayat,2019-03-19,2019-04-01,2019-04-15
Arayat,2019-03-20,2019-04-02,2019-04-16
Arayat,2019-03-21,2019-04-03,2019-04-17
Arayat,2019-03-22,2019-04-04,2019-04-18
Arayat,2019-03-23,2019-04-05,2019-04-19
Arayat,2019-03-24,2019-04-06,2019-04-20
Arayat,2019-03-25,2019-04-07,2019-04-21
Arayat,2019-03-26,2019-04-08,2019-04-22
Arayat,2019-03-27,2019-04-09,2019-04-23
Arayat,2019-03-28,2019-04-10,2019-04-24
Arayat,2019-03-29,2019-04-11,2019-04-25
Arayat,2019-03-30,2019-04-12,2019-04-26
Arayat,2019-03-31,2019-04-13,2019-04-27
Arayat,2019-04-01,2019-04-14,2019-04-28
Arayat,2019-04-02,2019-04-15,2019-04-29
Arayat,2019-04-03,2019-04-16,2019-04-30
Arayat,2019-04-04,2019-04-17,2019-05-01
Arayat,2019-04-05,2019-04-18,2019-05-02
Arayat,2019-04-06,2019-04-19,2019-05-03
Arayat,2019-04-07,2019-04-20,2019-05-04
Arayat,2019-04-08,2019-04-21,2019-05-05
Arayat,2019-04-09,2019-04-22,2019-05-06
Arayat,2019-04-10,2019-04-23,2019-05-07
Arayat,2019-04-11,2019-04-24,2019-05-08
Arayat,2019-04-12,2019-04-25,2019-05-09
Arayat,2019-04-13,2019-04-26,2019-05-10
Arayat,2019-04-14,2019-04-27,2019-05-11
Arayat,2019-04-15,2019-04-28,2019-05-12
Arayat,2019-04-16,2019-04-29,2019-05-13
Arayat,2019-04-17,2019-04-30,2019-05-14
Arayat,2019-04-18,2019-05-01,2019-05-15
Arayat,2019-04-19,2019-05-02,2019-05-16
Arayat,2019-04-20,2019-05-03,2019-05-17
Arayat,2019-04-21,2019-05-04,2019-05-18
Arayat,2019-04-22,2019-05-05,2019-05-19
Arayat,2019-04-23,2019-05-06,2019-05-20
Arayat,2019-04-24,2019-05-07,2019-05-21
Arayat,2019-04-25,2019-05-08,2019-05-22
Arayat,2019-04-26,2019-05-09,2019-05-23
Arayat,2019-04-27,2019-05-10,2019-05-24
Arayat,2019-04-28,2019-05-11,2019-05-25
Arayat,2019-04-29,2019-05-12,2019-05-26
Arayat,2019-04-30,2019-05-13,2019-05-27
Arayat,2019-05-01,2019-05-14,2019-05-28
Arayat,2019-05-02,2019-05-15,2019-05-29
Arayat,2019-05-03,2019-05-16,2019-05-30
Arayat,2019-05-04,2019-05-17,2019-05-31
Arayat,2019-05-05,2019-05-18,2019-06-01
Arayat,2019-05-06,2019-05-19,2019-06-02
Arayat,2019-05-07,2019-05-20,2019-06-03
Arayat,2019-05-08,2019-05-21,2019-06-04
Arayat,2019-05-09,2019-05-22,2019-06-05
Arayat,2019-05-10,2019-05-23,2019-06-06
Arayat,2019-05-11,2019-05-24,2019-06-07
Arayat,2019-05-12,2019-05-25,2019-06-08
Arayat,2019-05-13,2019-05-26,2019-06-09
Arayat,2019-05-14,2019-05-27,2019-06-10
Arayat,2019-05-15,2019-05-28,2019-06-11
Arayat,2019-05-16,2019-05-29,2019-06-12
Arayat,2019-05-17,2019-05-30,2019-06-13
Arayat,2019-05-18,2019-05-31,2019-06-14
Arayat,2019-05-19,2019-06-01,2019-06-15
Arayat,2019-05-20,2019-06-02,2019-06-16
Arayat,2019-05-21,2019-06-03,2019-06-17
Arayat,2019-05-22,2019-06-04,2019-06-18
Arayat,2019-05-23,2019-06-05,2019-06-19
Arayat,2019-05-24,2019-06-06,2019-06-20
Arayat,2019-05-25,2019-06-07,2019-06-21
Arayat,2019-05-26,2019-06-08,2019-06-22
Arayat,2019-05-27,2019-06-09,2019-06-23
Arayat,2019-05-28,2019-06-10,2019-06-24
Arayat,2019-05-29,2019-06-11,2019-06-25
Arayat,2019-05-30,2019-06-12,2019-06-26
Arayat,2019-05-31,2019-06-13,2019-06-27
Arayat,2019-06-01,2019-06-14,2019-06-28
Arayat,2019-06-02,2019-06-15,2019-06-29
Arayat,2019-06-03,2019-06-16,2019-06-30
Arayat,2019-06-04,2019-06-17,2019-07-01
Arayat,2019-06-05,2019-06-18,2019-07-02
Arayat,2019-06-06,2019-06-19,2019-07-03
Arayat,2019-06-07,2019-06-20,2019-07-04
Arayat,2019-06-08,2019-06-21,2019-07-05
Arayat,2019-06-09,2019-06-22,2019-07-06
Arayat,2019-06-10,2019-06-23,2019-07-07
Arayat,2019-06-11,2019-06-24,2019-07-08
Arayat,2019-06-12,2019-06-25,2019-07-09
Arayat,2019-06-13,2019-06-26,2019-07-10
Arayat,2019-06-14,2019-06-27,2019-07-11
Arayat,2019-06-15,2019-06-28,2019-07-12
Arayat,2019-06-16,2019-06-29,2019-07-13
Arayat,2019-06-17,2019-06-30,2019-07-14
Arayat,2019-06-18,2019-07-01,2019-07-15
Arayat,2019-06-19,2019-07-02,2019-07-16
Arayat,2019-06-20,2019-07-03,2019-07-17
Arayat,2019-06-21,2019-07-04,2019-07-18
Arayat,2019-06-22,2019-07-05,2019-07-19
Arayat,2019-06-23,2019-07-06,2019-07-20
Arayat,2019-06-24,2019-07-07,2019-07-21
Arayat,2019-06-25,2019-07-08,2019-07-22
Arayat,2019-06-26,2019-07-09,2019-07-23
Arayat,2019-06-27,2019-07-10,2019-07-24
Arayat,2019-06-28,2019-07-11,2019-07-25
Arayat,2019-06-29,2019-07-12,2019-07-26
Arayat,2019-06-30,2019-07-13,2019-07-27
Arayat,2019-07-01,2019-07-14,2019-07-28
Arayat,2019-07-02,2019-07-15,2019-07-29
Arayat,2019-07-03,2019-07-16,2019-07-30
Arayat,2019-07-04,2019-07-17,2019-07-31
Arayat,2019-07-05,2019-07-18,2019-08-01
Arayat,2019-07-06,2019-07-19,2019-08-02
Arayat,2019-07-07,2019-07-20,2019-08-03
Arayat,2019-07-08,2019-07-21,2019-08-04
Arayat,2019-07-09,2019-07-22,2019-08-05
Arayat,2019-07-10,2019-07-23,2019-08-06
Arayat,2019-07-11,2019-07-24,2019-08-07
Arayat,2019-07-12,2019-07-25,2019-08-08
Arayat,2019-07-13,2019-07-26,2019-08-09
Arayat,2019-07-14,2019-07-27,2019-08-10
Arayat,2019-07-15,2019-07-28,2019-08-11
Arayat,2019-07-16,2019-07-29,2019-08-12
Arayat,2019-07-17,2019-07-30,2019-08-13
Arayat,2019-07-18,2019-07-31,2019-08-14
Arayat,2019-07-19,2019-08-01,2019-08-15
Arayat,2019-07-20,2019-08-02,2019-08-16
Arayat,2019-07-21,2019-08-03,2019-08-17
Arayat,2019-07-22,2019-08-04,2019-08-18
Arayat,2019-07-23,2019-08-05,2019-08-19
Arayat,2019-07-24,2019-08-06,2019-08-20
Arayat,2019-07-25,2019-08-07,2019-08-21
Arayat,2019-07-26,2019-08-08,2019-08-22
Arayat,2019-07-27,2019-08-09,2019-08-23
Arayat,2019-07-28,2019-08-10,2019-08-24
Arayat,2019-07-29,2019-08-11,2019-08-25
Arayat,2019-07-30,2019-08-12,2019-08-26
Arayat,2019-07-31,2019-08-13,2019-08-27
Arayat,2019-08-01,2019-08-14,2019-08-28
Arayat,2019-08-02,2019-08-15,2019-08-29
Arayat,2019-08-03,2019-08-16,2019-08-30
Arayat,2019-08-04,2019-08-17,2019-08-31
Arayat,2019-08-05,2019-08-18,2019-09-01
Arayat,2019-08-06,2019-08-19,2019-09-02
Arayat,2019-08-07,2019-08-20,2019-09-03
Arayat,2019-08-08,2019-08-21,2019-09-04
Arayat,2019-08-09,2019-08-22,2019-09-05
Arayat,2019-08-10,2019-08-23,2019-09-06
Arayat,2019-08-11,2019-08-24,2019-09-07
Arayat,2019-08-12,2019-08-25,2019-09-08
Arayat,2019-08-13,2019-08-26,2019-09-09
Arayat,2019-08-14,2019-08-27,2019-09-10
Arayat,2019-08-15,2019-08-28,2019-09-11
Arayat,2019-08-16,2019-08-29,2019-09-12
Arayat,2019-08-17,2019-08-30,2019-09-13
Arayat,2019-08-18,2019-08-31,2019-09-14
Arayat,2019-08-19,2019-09-01,2019-09-15
Arayat,2019-08-20,2019-09-02,2019-09-16
Arayat,2019-08-21,2019-09-03,2019-09-17
Arayat,2019-08-22,2019-09-04,2019-09-18
Arayat,2019-08-23,2019-09-05,2019-09-19
Arayat,2019-08-24,2019-09-06,2019-09-20
Arayat,2019-08-25,2019-09-07,2019-09-21
Arayat,2019-08-26,2019-09-08,2019-09-22
Arayat,2019-08-27,2019-09-09,2019-09-23
Arayat,2019-08-28,2019-09-10,2019-09-24
Arayat,2019-08-29,2019-09-11,2019-09-25
Arayat,2019-08-30,2019-09-12,2019-09-26
Arayat,2019-08-31,2019-09-13,2019-09-27
Arayat,2019-09-01,2019-09-14,2019-09-28
Arayat,2019-09-02,2019-09-15,2019-09-29
Arayat,2019-09-03,2019-09-16,2019-09-30
Arayat,2019-09-04,2019-09-17,2019-10-01
Arayat,2019-09-05,2019-09-18,2019-10-02
Arayat,2019-09-06,2019-09-19,2019-10-03
Arayat,2019-09-07,2019-09-20,2019-10-04
Arayat,2019-09-08,2019-09-21,2019-10-05
Arayat,2019-09-09,2019-09-22,2019-10-06
Arayat,2019-09-10,2019-09-23,2019-10-07
Arayat,2019-09-11,2019-09-24,2019-10-08
Arayat,2019-09-12,2019-09-25,2019-10-09
Arayat,2019-09-13,2019-09-26,2019-10-10
Arayat,2019-09-14,2019-09-27,2019-10-11
Arayat,2019-09-15,2019-09-28,2019-10-12
Arayat,2019-09-16,2019-09-29,2019-10-13
Arayat,2019-09-17,2019-09-30,2019-10-14
Arayat,2019-09-18,2019-10-01,2019-10-15
Arayat,2019-09-19,2019-10-02,2019-10-16
Arayat,2019-09-20,2019-10-03,2019-10-17
Arayat,2019-09-21,2019-10-04,2019-10-18
Arayat,2019-09-22,2019-10-05,2019-10-19
Arayat,2019-09-23,2019-10-06,2019-10-20
Arayat,2019-09-24,2019-10-07,2019-10-21
Arayat,2019-09-25,2019-10-08,2019-10-22
Arayat,2019-09-26,2019-10-09,2019-10-23
Arayat,2019-09-27,2019-10-10,2019-10-24
Arayat,2019-09-28,2019-10-11,2019-10-25
Arayat,2019-09-29,2019-10-12,2019-10-26
Arayat,2019-09-30,2019-10-13,2019-10-27
Arayat,2019-10-01,2019-10-14,2019-10-28
Arayat,2019-10-02,2019-10-15,2019-10-29
Arayat,2019-10-03,2019-10-16,2019-10-30
Arayat,2019-10-04,2019-10-17,2019-10-31
Arayat,2019-10-05,2019-10-18,2019-11-01
Arayat,2019-10-06,2019-10-19,2019-11-02
Arayat,2019-10-07,2019-10-20,2019-11-03
Arayat,2019-10-08,2019-10-21,2019-11-04
Arayat,2019-10-09,2019-10-22,2019-11-05
Arayat,2019-10-10,2019-10-23,2019-11-06
Arayat,2019-10-11,2019-10-24,2019-11-07
Arayat,2019-10-12,2019-10-25,2019-11-08
Arayat,2019-10-13,2019-10-26,2019-11-09
Arayat,2019-10-14,2019-10-27,2019-11-10
Arayat,2019-10-15,2019-10-28,2019-11-11
Arayat,2019-10-16,2019-10-29,2019-11-12
Arayat,2019-10-17,2019-10-30,2019-11-13
Arayat,2019-10-18,2019-10-31,2019-11-14
Arayat,2019-10-19,2019-11-01,2019-11-15
Arayat,2019-10-20,2019-11-02,2019-11-16
Arayat,2019-10-21,2019-11-03,2019-11-17
Arayat,2019-10-22,2019-11-04,2019-11-18
Arayat,2019-10-23,2019-11-05,2019-11-19
Arayat,2019-10-24,2019-11-06,2019-11-20
Arayat,2019-10-25,2019-11-07,2019-11-21
Arayat,2019-10-26,2019-11-08,2019-11-22
Arayat,2019-10-27,2019-11-09,2019-11-23
Arayat,2019-10-28,2019-11-10,2019-11-24
Arayat,2019-10-29,2019-11-11,2019-11-25
Arayat,2019-10-30,2019-11-12,2019-11-26
Arayat,2019-10-31,2019-11-13,2019-11-27
Arayat,2019-11-01,2019-11-14,2019-11-28
Arayat,2019-11-02,2019-11-15,2019-11-29
Arayat,2019-11-03,2019-11-16,2019-11-30
Arayat,2019-11-04,2019-11-17,2019-12-01
Arayat,2019-11-05,2019-11-18,2019-12-02
Arayat,2019-11-06,2019-11-19,2019-12-03
Arayat,2019-11-07,2019-11-20,2019-12-04
Arayat,2019-11-08,2019-11-21,2019-12-05
Arayat,2019-11-09,2019-11-22,2019-12-06
Arayat,2019-11-10,2019-11-23,2019-12-07
Arayat,2019-11-11,2019-11-24,2019-12-08
Arayat,2019-11-12,2019-11-25,2019-12-09
Arayat,2019-11-13,2019-11-26,2019-12-10
Arayat,2019-11-14,2019-11-27,2019-12-11
Arayat,2019-11-15,2019-11-28,2019-12-12
Arayat,2019-11-16,2019-11-29,2019-12-13
Arayat,2019-11-17,2019-11-30,2019-12-14
Arayat,2019-11-18,2019-12-01,2019-12-15
Arayat,2019-11-19,2019-12-02,2019-12-16
Arayat,2019-11-20,2019-12-03,2019-12-17
Arayat,2019-11-21,2019-12-04,2019-12-18
Arayat,2019-11-22,2019-12-05,2019-12-19
Arayat,2019-11-23,2019-12-06,2019-12-20
Arayat,2019-11-24,2019-12-07,2019-12-21
Arayat,2019-11-25,2019-12-08,2019-12-22
Arayat,2019-11-26,2019-12-09,2019-12-23
Arayat,2019-11-27,2019-12-10,2019-12-24
Arayat,2019-11-28,2019-12-11,2019-12-25
Arayat,2019-11-29,2019-12-12,2019-12-26
Arayat,2019-11-30,2019-12-13,2019-12-27
Arayat,2019-12-01,2019-12-14,2019-12-28
Arayat,2019-12-02,2019-12-15,2019-12-29
Arayat,2019-12-03,2019-12-16,2019-12-30
Arayat,2019-12-04,2019-12-17,2019-12-31
Arayat,2019-12-05,2019-12-18,2020-01-01
Arayat,2019-12-06,2019-12-19,2020-01-02
Arayat,2019-12-07,2019-12-20,2020-01-03
Arayat,2019-12-08,2019-12-21,2020-01-04
Arayat,2019-12-09,2019-12-22,2020-01-05
Arayat,2019-12-10,2019-12-23,2020-01-06
Arayat,2019-12-11,2019-12-24,2020-01-07
Arayat,2019-12-12,2019-12-25,2020-01-08
Arayat,2019-12-13,2019-12-26,2020-01-09
Arayat,2019-12-14,2019-12-27,2020-01-10
Arayat,2019-12-15,2019-12-28,2020-01-11
Arayat,2019-12-16,2019-12-29,2020-01-12
Arayat,2019-12-17,2019-12-30,2020-01-13
Arayat,2019-12-18,2019-12-31,2020-01-14
Arayat,2019-12-19,2020-01-01,2020-01-15
Arayat,2019-12-20,2020-01-02,2020-01-16
Arayat,2019-12-21,2020-01-03,2020-01-17
Arayat,2019-12-22,2020-01-04,2020-01-18
Arayat,2019-12-23,2020-01-05,2020-01-19
Arayat,2019-12-24,2020-01-06,2020-01-20
Arayat,2019-12-25,2020-01-07,2020-01-21
Arayat,2019-12-26,2020-01-08,2020-01-22
Arayat,2019-12-27,2020-01-09,2020-01-23
Arayat,2019-12-28,2020-01-10,2020-01-24
Arayat,2019-12-29,2020-01-11,2020-01-25
Arayat,2019-12-30,2020-01-12,2020-01-26
Arayat,2019-12-31,2020-01-13,2020-01-27
Arayat,2020-01-01,2020-01-14,2020-01-28
Arayat,2020-01-02,2020-01-15,2020-01-29
Arayat,2020-01-03,2020-01-16,2020-01-30
Arayat,2020-01-04,2020-01-17,2020-01-31
Arayat,2020-01-05,2020-01-18,2020-02-01
Arayat,2020-01-06,2020-01-19,2020-02-02
Arayat,2020-01-07,2020-01-20,2020-02-03
Arayat,2020-01-08,2020-01-21,2020-02-04
Arayat,2020-01-09,2020-01-22,2020-02-05
Arayat,2020-01-10,2020-01-23,2020-02-06
Arayat,2020-01-11,2020-01-24,2020-02-07
Arayat,2020-01-12,2020-01-25,2020-02-08
Arayat,2020-01-13,2020-01-26,2020-02-09
Arayat,2020-01-14,2020-01-27,2020-02-10
Arayat,2020-01-15,2020-01-28,2020-02-11
Arayat,2020-01-16,2020-01-29,2020-02-12
Arayat,2020-01-17,2020-01-30,2020-02-13
Arayat,2020-01-18,2020-01-31,2020-02-14
Arayat,2020-01-19,2020-02-01,2020-02-15
Arayat,2020-01-20,2020-02-02,2020-02-16
Arayat,2020-01-21,2020-02-03,2020-02-17
Arayat,2020-01-22,2020-02-04,2020-02-18
Arayat,2020-01-23,2020-02-05,2020-02-19
Arayat,2020-01-24,2020-02-06,2020-02-20
Arayat,2020-01-25,2020-02-07,2020-02-21
Arayat,2020-01-26,2020-02-08,2020-02-22
Arayat,2020-01-27,2020-02-09,2020-02-23
Arayat,2020-01-28,2020-02-10,2020-02-24
Arayat,2020-01-29,2020-02-11,2020-02-25
Arayat,2020-01-30,2020-02-12,2020-02-26
Arayat,2020-01-31,2020-02-13,2020-02-27
Arayat,2020-02-01,2020-02-14,2020-02-28
Arayat,2020-02-02,2020-02-15,2020-02-29
Arayat,2020-02-03,2020-02-16,2020-03-01
Arayat,2020-02-04,2020-02-17,2020-03-02
Arayat,2020-02-05,2020-02-18,2020-03-03
Arayat,2020-02-06,2020-02-19,2020-03-04
Arayat,2020-02-07,2020-02-20,2020-03-05
Arayat,2020-02-08,2020-02-21,2020-03-06
Arayat,2020-02-09,2020-02-22,2020-03-07
Arayat,2020-02-10,2020-02-23,2020-03-08
Arayat,2020-02-11,2020-02-24,2020-03-09
Arayat,2020-02-12,2020-02-25,2020-03-10
Arayat,2020-02-13,2020-02-26,2020-03-11
Arayat,2020-02-14,2020-02-27,2020-03-12
Arayat,2020-02-15,2020-02-28,2020-03-13
Arayat,2020-02-16,2020-02-29,2020-03-14
Arayat,2020-02-17,2020-03-01,2020-03-15
Arayat,2020-02-18,2020-03-02,2020-03-16
Arayat,2020-02-19,2020-03-03,2020-03-17
Arayat,2020-02-20,2020-03-04,2020-03-18
Arayat,2020-02-21,2020-03-05,2020-03-19
Arayat,2020-02-22,2020-03-06,2020-03-20
Arayat,2020-02-23,2020-03-07,2020-03-21
Arayat,2020-02-24,2020-03-08,2020-03-22
Arayat,2020-02-25,2020-03-09,2020-03-23
Arayat,2020-02-26,2020-03-10,2020-03-24
Arayat,2020-02-27,2020-03-11,2020-03-25
Arayat,2020-02-28,2020-03-12,2020-03-26
Arayat,2020-02-29,2020-03-13,2020-03-27
Arayat,2020-03-01,2020-03-14,2020-03-28
Arayat,2020-03-02,2020-03-15,2020-03-29
Arayat,2020-03-03,2020-03-16,2020-03-30
Arayat,2020-03-04,2020-03-17,2020-03-31
Arayat,2020-03-05,2020-03-18,2020-04-01
Arayat,2020-03-06,2020-03-19,2020-04-02
Arayat,2020-03-07,2020-03-20,2020-04-03
Arayat,2020-03-08,2020-03-21,2020-04-04
Arayat,2020-03-09,2020-03-22,2020-04-05
Arayat,2020-03-10,2020-03-23,2020-04-06
Arayat,2020-03-11,2020-03-24,2020-04-07
Arayat,2020-03-12,2020-03-25,2020-04-08
Arayat,2020-03-13,2020-03-26,2020-04-09
Arayat,2020-03-14,2020-03-27,2020-04-10
Arayat,2020-03-15,2020-03-28,2020-04-11
Arayat,2020-03-16,2020-03-29,2020-04-12
Arayat,2020-03-17,2020-03-30,2020-04-13
Arayat,2020-03-18,2020-03-31,2020-04-14
Arayat,2020-03-19,2020-04-01,2020-04-15
Arayat,2020-03-20,2020-04-02,2020-04-16
Arayat,2020-03-21,2020-04-03,2020-04-17
Arayat,2020-03-22,2020-04-04,2020-04-18
Arayat,2020-03-23,2020-04-05,2020-04-19
Arayat,2020-03-24,2020-04-06,2020-04-20
Arayat,2020-03-25,2020-04-07,2020-04-21
Arayat,2020-03-26,2020-04-08,2020-04-22
Arayat,2020-03-27,2020-04-09,2020-04-23
Arayat,2020-03-28,2020-04-10,2020-04-24
Arayat,2020-03-29,2020-04-11,2020-04-25
Arayat,2020-03-30,2020-04-12,2020-04-26
Arayat,2020-03-31,2020-04-13,2020-04-27
Arayat,2020-04-01,2020-04-14,2020-04-28
Arayat,2020-04-02,2020-04-15,2020-04-29
Arayat,2020-04-03,2020-04-16,2020-04-30
Arayat,2020-04-04,2020-04-17,2020-05-01
Arayat,2020-04-05,2020-04-18,2020-05-02
Arayat,2020-04-06,2020-04-19,2020-05-03
Arayat,2020-04-07,2020-04-20,2020-05-04
Arayat,2020-04-08,2020-04-21,2020-05-05
Arayat,2020-04-09,2020-04-22,2020-05-06
Arayat,2020-04-10,2020-04-23,2020-05-07
Arayat,2020-04-11,2020-04-24,2020-05-08
Arayat,2020-04-12,2020-04-25,2020-05-09
Arayat,2020-04-13,2020-04-26,2020-05-10
Arayat,2020-04-14,2020-04-27,2020-05-11
Arayat,2020-04-15,2020-04-28,2020-05-12
Arayat,2020-04-16,2020-04-29,2020-05-13
Arayat,2020-04-17,2020-04-30,2020-05-14
Arayat,2020-04-18,2020-05-01,2020-05-15
Arayat,2020-04-19,2020-05-02,2020-05-16
Arayat,2020-04-20,2020-05-03,2020-05-17
Arayat,2020-04-21,2020-05-04,2020-05-18
Arayat,2020-04-22,2020-05-05,2020-05-19
Arayat,2020-04-23,2020-05-06,2020-05-20
Arayat,2020-04-24,2020-05-07,2020-05-21
Arayat,2020-04-25,2020-05-08,2020-05-22
Arayat,2020-04-26,2020-05-09,2020-05-23
Arayat,2020-04-27,2020-05-10,2020-05-24
Arayat,2020-04-28,2020-05-11,2020-05-25
Arayat,2020-04-29,2020-05-12,2020-05-26
Arayat,2020-04-30,2020-05-13,2020-05-27
Arayat,2020-05-01,2020-05-14,2020-05-28
Arayat,2020-05-02,2020-05-15,2020-05-29
Arayat,2020-05-03,2020-05-16,2020-05-30
Arayat,2020-05-04,2020-05-17,2020-05-31
Arayat,2020-05-05,2020-05-18,2020-06-01
Arayat,2020-05-06,2020-05-19,2020-06-02
Arayat,2020-05-07,2020-05-20,2020-06-03
Arayat,2020-05-08,2020-05-21,2020-06-04
Arayat,2020-05-09,2020-05-22,2020-06-05
Arayat,2020-05-10,2020-05-23,2020-06-06
Arayat,2020-05-11,2020-05-24,2020-06-07
Arayat,2020-05-12,2020-05-25,2020-06-08
Arayat,2020-05-13,2020-05-26,2020-06-09
Arayat,2020-05-14,2020-05-27,2020-06-10
Arayat,2020-05-15,2020-05-28,2020-06-11
Arayat,2020-05-16,2020-05-29,2020-06-12
Arayat,2020-05-17,2020-05-30,2020-06-13
Arayat,2020-05-18,2020-05-31,2020-06-14
Arayat,2020-05-19,2020-06-01,2020-06-15
Arayat,2020-05-20,2020-06-02,2020-06-16
Arayat,2020-05-21,2020-06-03,2020-06-17
Arayat,2020-05-22,2020-06-04,2020-06-18
Arayat,2020-05-23,2020-06-05,2020-06-19
Arayat,2020-05-24,2020-06-06,2020-06-20
Arayat,2020-05-25,2020-06-07,2020-06-21
Arayat,2020-05-26,2020-06-08,2020-06-22
Arayat,2020-05-27,2020-06-09,2020-06-23
Arayat,2020-05-28,2020-06-10,2020-06-24
Arayat,2020-05-29,2020-06-11,2020-06-25
Arayat,2020-05-30,2020-06-12,2020-06-26
Arayat,2020-05-31,2020-06-13,2020-06-27
Arayat,2020-06-01,2020-06-14,2020-06-28
Arayat,2020-06-02,2020-06-15,2020-06-29
Arayat,2020-06-03,2020-06-16,2020-06-30
Arayat,2020-06-04,2020-06-17,2020-07-01
Arayat,2020-06-05,2020-06-18,2020-07-02
Arayat,2020-06-06,2020-06-19,2020-07-03
Arayat,2020-06-07,2020-06-20,2020-07-04
Arayat,2020-06-08,2020-06-21,2020-07-05
Arayat,2020-06-09,2020-06-22,2020-07-06
Arayat,2020-06-10,2020-06-23,2020-07-07
Arayat,2020-06-11,2020-06-24,2020-07-08
Arayat,2020-06-12,2020-06-25,2020-07-09
Arayat,2020-06-13,2020-06-26,2020-07-10
Arayat,2020-06-14,2020-06-27,2020-07-11
Arayat,2020-06-15,2020-06-28,2020-07-12
Arayat,2020-06-16,2020-06-29,2020-07-13
Arayat,2020-06-17,2020-06-30,2020-07-14
Arayat,2020-06-18,2020-07-01,2020-07-15
Arayat,2020-06-19,2020-07-02,2020-07-16
Arayat,2020-06-20,2020-07-03,2020-07-17
Arayat,2020-06-21,2020-07-04,2020-07-18
Arayat,2020-06-22,2020-07-05,2020-07-19
Arayat,2020-06-23,2020-07-06,2020-07-20
Arayat,2020-06-24,2020-07-07,2020-07-21
Arayat,2020-06-25,2020-07-08,2020-07-22
Arayat,2020-06-26,2020-07-09,2020-07-23
Arayat,2020-06-27,2020-07-10,2020-07-24
Arayat,2020-06-28,2020-07-11,2020-07-25
Arayat,2020-06-29,2020-07-12,2020-07-26
Arayat,2020-06-30,2020-07-13,2020-07-27
Arayat,2020-07-01,2020-07-14,2020-07-28
Arayat,2020-07-02,2020-07-15,2020-07-29
Arayat,2020-07-03,2020-07-16,2020-07-30
Arayat,2020-07-04,2020-07-17,2020-07-31
Arayat,2020-07-05,2020-07-18,2020-08-01
Arayat,2020-07-06,2020-07-19,2020-08-02
Arayat,2020-07-07,2020-07-20,2020-08-03
Arayat,2020-07-08,2020-07-21,2020-08-04
Arayat,2020-07-09,2020-07-22,2020-08-05
Arayat,2020-07-10,2020-07-23,2020-08-06
Arayat,2020-07-11,2020-07-24,2020-08-07
Arayat,2020-07-12,2020-07-25,2020-08-08
Arayat,2020-07-13,2020-07-26,2020-08-09
Arayat,2020-07-14,2020-07-27,2020-08-10
Arayat,2020-07-15,2020-07-28,2020-08-11
Arayat,2020-07-16,2020-07-29,2020-08-12
Arayat,2020-07-17,2020-07-30,2020-08-13
Arayat,2020-07-18,2020-07-31,2020-08-14
Arayat,2020-07-19,2020-08-01,2020-08-15
Arayat,2020-07-20,2020-08-02,2020-08-16
Arayat,2020-07-21,2020-08-03,2020-08-17
Arayat,2020-07-22,2020-08-04,2020-08-18
Arayat,2020-07-23,2020-08-05,2020-08-19
Arayat,2020-07-24,2020-08-06,2020-08-20
Arayat,2020-07-25,2020-08-07,2020-08-21
Arayat,2020-07-26,2020-08-08,2020-08-22
Arayat,2020-07-27,2020-08-09,2020-08-23
Arayat,2020-07-28,2020-08-10,2020-08-24
Arayat,2020-07-29,2020-08-11,2020-08-25
Arayat,2020-07-30,2020-08-12,2020-08-26
Arayat,2020-07-31,2020-08-13,2020-08-27
Arayat,2020-08-01,2020-08-14,2020-08-28
Arayat,2020-08-02,2020-08-15,2020-08-29
Arayat,2020-08-03,2020-08-16,2020-08-30
Arayat,2020-08-04,2020-08-17,2020-08-31
Arayat,2020-08-05,2020-08-18,2020-09-01
Arayat,2020-08-06,2020-08-19,2020-09-02
Arayat,2020-08-07,2020-08-20,2020-09-03
Arayat,2020-08-08,2020-08-21,2020-09-04
Arayat,2020-08-09,2020-08-22,2020-09-05
Arayat,2020-08-10,2020-08-23,2020-09-06
Arayat,2020-08-11,2020-08-24,2020-09-07
Arayat,2020-08-12,2020-08-25,2020-09-08
Arayat,2020-08-13,2020-08-26,2020-09-09
Arayat,2020-08-14,2020-08-27,2020-09-10
Arayat,2020-08-15,2020-08-28,2020-09-11
Arayat,2020-08-16,2020-08-29,2020-09-12
Arayat,2020-08-17,2020-08-30,2020-09-13
Arayat,2020-08-18,2020-08-31,2020-09-14
Arayat,2020-08-19,2020-09-01,2020-09-15
Arayat,2020-08-20,2020-09-02,2020-09-16
Arayat,2020-08-21,2020-09-03,2020-09-17
Arayat,2020-08-22,2020-09-04,2020-09-18
Arayat,2020-08-23,2020-09-05,2020-09-19
Arayat,2020-08-24,2020-09-06,2020-09-20
Arayat,2020-08-25,2020-09-07,2020-09-21
Arayat,2020-08-26,2020-09-08,2020-09-22
Arayat,2020-08-27,2020-09-09,2020-09-23
Arayat,2020-08-28,2020-09-10,2020-09-24
Arayat,2020-08-29,2020-09-11,2020-09-25
Arayat,2020-08-30,2020-09-12,2020-09-26
Arayat,2020-08-31,2020-09-13,2020-09-27
Arayat,2020-09-01,2020-09-14,2020-09-28
Arayat,2020-09-02,2020-09-15,2020-09-29
Arayat,2020-09-03,2020-09-16,2020-09-30
Arayat,2020-09-04,2020-09-17,2020-10-01
Arayat,2020-09-05,2020-09-18,2020-10-02
Arayat,2020-09-06,2020-09-19,2020-10-03
Arayat,2020-09-07,2020-09-20,2020-10-04
Arayat,2020-09-08,2020-09-21,2020-10-05
Arayat,2020-09-09,2020-09-22,2020-10-06
Arayat,2020-09-10,2020-09-23,2020-10-07
Arayat,2020-09-11,2020-09-24,2020-10-08
Arayat,2020-09-12,2020-09-25,2020-10-09
Arayat,2020-09-13,2020-09-26,2020-10-10
Arayat,2020-09-14,2020-09-27,2020-10-11
Arayat,2020-09-15,2020-09-28,2020-10-12
Arayat,2020-09-16,2020-09-29,2020-10-13
Arayat,2020-09-17,2020-09-30,2020-10-14
Arayat,2020-09-18,2020-10-01,2020-10-15
Arayat,2020-09-19,2020-10-02,2020-10-16
Arayat,2020-09-20,2020-10-03,2020-10-17
Arayat,2020-09-21,2020-10-04,2020-10-18
Arayat,2020-09-22,2020-10-05,2020-10-19
Arayat,2020-09-23,2020-10-06,2020-10-20
Arayat,2020-09-24,2020-10-07,2020-10-21
Arayat,2020-09-25,2020-10-08,2020-10-22
Arayat,2020-09-26,2020-10-09,2020-10-23
Arayat,2020-09-27,2020-10-10,2020-10-24
Arayat,2020-09-28,2020-10-11,2020-10-25
Arayat,2020-09-29,2020-10-12,2020-10-26
Arayat,2020-09-30,2020-10-13,2020-10-27
Arayat,2020-10-01,2020-10-14,2020-10-28
Arayat,2020-10-02,2020-10-15,2020-10-29
Arayat,2020-10-03,2020-10-16,2020-10-30
Arayat,2020-10-04,2020-10-17,2020-10-31
Arayat,2020-10-05,2020-10-18,2020-11-01
Arayat,2020-10-06,2020-10-19,2020-11-02
Arayat,2020-10-07,2020-10-20,2020-11-03
Arayat,2020-10-08,2020-10-21,2020-11-04
Arayat,2020-10-09,2020-10-22,2020-11-05
Arayat,2020-10-10,2020-10-23,2020-11-06
Arayat,2020-10-11,2020-10-24,2020-11-07
Arayat,2020-10-12,2020-10-25,2020-11-08
Arayat,2020-10-13,2020-10-26,2020-11-09
Arayat,2020-10-14,2020-10-27,2020-11-10
Arayat,2020-10-15,2020-10-28,2020-11-11
Arayat,2020-10-16,2020-10-29,2020-11-12
Arayat,2020-10-17,2020-10-30,2020-11-13
Arayat,2020-10-18,2020-10-31,2020-11-14
Arayat,2020-10-19,2020-11-01,2020-11-15
Arayat,2020-10-20,2020-11-02,2020-11-16
Arayat,2020-10-21,2020-11-03,2020-11-17
Arayat,2020-10-22,2020-11-04,2020-11-18
Arayat,2020-10-23,2020-11-05,2020-11-19
Arayat,2020-10-24,2020-11-06,2020-11-20
Arayat,2020-10-25,2020-11-07,2020-11-21
Arayat,2020-10-26,2020-11-08,2020-11-22
Arayat,2020-10-27,2020-11-09,2020-11-23
Arayat,2020-10-28,2020-11-10,2020-11-24
Arayat,2020-10-29,2020-11-11,2020-11-25
Arayat,2020-10-30,2020-11-12,2020-11-26
Arayat,2020-10-31,2020-11-13,2020-11-27
Arayat,2020-11-01,2020-11-14,2020-11-28
Arayat,2020-11-02,2020-11-15,2020-11-29
Arayat,2020-11-03,2020-11-16,2020-11-30
Arayat,2020-11-04,2020-11-17,2020-12-01
Arayat,2020-11-05,2020-11-18,2020-12-02
Arayat,2020-11-06,2020-11-19,2020-12-03
Arayat,2020-11-07,2020-11-20,2020-12-04
Arayat,2020-11-08,2020-11-21,2020-12-05
Arayat,2020-11-09,2020-11-22,2020-12-06
Arayat,2020-11-10,2020-11-23,2020-12-07
Arayat,2020-11-11,2020-11-24,2020-12-08
Arayat,2020-11-12,2020-11-25,2020-12-09
Arayat,2020-11-13,2020-11-26,2020-12-10
Arayat,2020-11-14,2020-11-27,2020-12-11
Arayat,2020-11-15,2020-11-28,2020-12-12
Arayat,2020-11-16,2020-11-29,2020-12-13
Arayat,2020-11-17,2020-11-30,2020-12-14
Arayat,2020-11-18,2020-12-01,2020-12-15
Arayat,2020-11-19,2020-12-02,2020-12-16
Arayat,2020-11-20,2020-12-03,2020-12-17
Arayat,2020-11-21,2020-12-04,2020-12-18
Arayat,2020-11-22,2020-12-05,2020-12-19
Arayat,2020-11-23,2020-12-06,2020-12-20
Arayat,2020-11-24,2020-12-07,2020-12-21
Arayat,2020-11-25,2020-12-08,2020-12-22
Arayat,2020-11-26,2020-12-09,2020-12-23
Arayat,2020-11-27,2020-12-10,2020-12-24
Arayat,2020-11-28,2020-12-11,2020-12-25
Arayat,2020-11-29,2020-12-12,2020-12-26
Arayat,2020-11-30,2020-12-13,2020-12-27
Arayat,2020-12-01,2020-12-14,2020-12-28
Arayat,2020-12-02,2020-12-15,2020-12-29
Arayat,2020-12-03,2020-12-16,2020-12-30
Arayat,2020-12-04,2020-12-17,2020-12-31
Arayat,2020-12-05,2020-12-18,2021-01-01
Arayat,2020-12-06,2020-12-19,2021-01-02
Arayat,2020-12-07,2020-12-20,2021-01-03
Arayat,2020-12-08,2020-12-21,2021-01-04
Arayat,2020-12-09,2020-12-22,2021-01-05
Arayat,2020-12-10,2020-12-23,2021-01-06
Arayat,2020-12-11,2020-12-24,2021-01-07
Arayat,2020-12-12,2020-12-25,2021-01-08
Arayat,2020-12-13,2020-12-26,2021-01-09
Arayat,2020-12-14,2020-12-27,2021-01-10
Arayat,2020-12-15,2020-12-28,2021-01-11
Arayat,2020-12-16,2020-12-29,2021-01-12
Arayat,2020-12-17,2020-12-30,2021-01-13
Arayat,2020-12-18,2020-12-31,2021-01-14
Arayat,2020-12-19,2021-01-01,2021-01-15
Arayat,2020-12-20,2021-01-02,2021-01-16
Arayat,2020-12-21,2021-01-03,2021-01-17
Arayat,2020-12-22,2021-01-04,2021-01-18
Arayat,2020-12-23,2021-01-05,2021-01-19
Arayat,2020-12-24,2021-01-06,2021-01-20
Arayat,2020-12-25,2021-01-07,2021-01-21
Arayat,2020-12-26,2021-01-08,2021-01-22
Arayat,2020-12-27,2021-01-09,2021-01-23
Arayat,2020-12-28,2021-01-10,2021-01-24
Arayat,2020-12-29,2021-01-11,2021-01-25
Arayat,2020-12-30,2021-01-12,2021-01-26
Arayat,2020-12-31,2021-01-13,2021-01-27
Arayat,2021-01-01,2021-01-14,2021-01-28
Arayat,2021-01-02,2021-01-15,2021-01-29
Arayat,2021-01-03,2021-01-16,2021-01-30
Arayat,2021-01-04,2021-01-17,2021-01-31
Arayat,2021-01-05,2021-01-18,2021-02-01
Arayat,2021-01-06,2021-01-19,2021-02-02
Arayat,2021-01-07,2021-01-20,2021-02-03
Arayat,2021-01-08,2021-01-21,2021-02-04
Arayat,2021-01-09,2021-01-22,2021-02-05
Arayat,2021-01-10,2021-01-23,2021-02-06
Arayat,2021-01-11,2021-01-24,2021-02-07
Arayat,2021-01-12,2021-01-25,2021-02-08
Arayat,2021-01-13,2021-01-26,2021-02-09
Arayat,2021-01-14,2021-01-27,2021-02-10
Arayat,2021-01-15,2021-01-28,2021-02-11
Arayat,2021-01-16,2021-01-29,2021-02-12
Arayat,2021-01-17,2021-01-30,2021-02-13
Arayat,2021-01-18,2021-01-31,2021-02-14
Arayat,2021-01-19,2021-02-01,2021-02-15
Arayat,2021-01-20,2021-02-02,2021-02-16
Arayat,2021-01-21,2021-02-03,2021-02-17
Arayat,2021-01-22,2021-02-04,2021-02-18
Arayat,2021-01-23,2021-02-05,2021-02-19
Arayat,2021-01-24,2021-02-06,2021-02-20
Arayat,2021-01-25,2021-02-07,2021-02-21
Arayat,2021-01-26,2021-02-08,2021-02-22
Arayat,2021-01-27,2021-02-09,2021-02-23
Arayat,2021-01-28,2021-02-10,2021-02-24
Arayat,2021-01-29,2021-02-11,2021-02-25
Arayat,2021-01-30,2021-02-12,2021-02-26
Arayat,2021-01-31,2021-02-13,2021-02-27
Arayat,2021-02-01,2021-02-14,2021-02-28
Arayat,2021-02-02,2021-02-15,2021-03-01
Arayat,2021-02-03,2021-02-16,2021-03-02
Arayat,2021-02-04,2021-02-17,2021-03-03
Arayat,2021-02-05,2021-02-18,2021-03-04
Arayat,2021-02-06,2021-02-19,2021-03-05
Arayat,2021-02-07,2021-02-20,2021-03-06
Arayat,2021-02-08,2021-02-21,2021-03-07
Arayat,2021-02-09,2021-02-22,2021-03-08
Arayat,2021-02-10,2021-02-23,2021-03-09
Arayat,2021-02-11,2021-02-24,2021-03-10
Arayat,2021-02-12,2021-02-25,2021-03-11
Arayat,2021-02-13,2021-02-26,2021-03-12
Arayat,2021-02-14,2021-02-27,2021-03-13
Arayat,2021-02-15,2021-02-28,2021-03-14
Arayat,2021-02-16,2021-03-01,2021-03-15
Arayat,2021-02-17,2021-03-02,2021-03-16
Arayat,2021-02-18,2021-03-03,2021-03-17
Arayat,2021-02-19,2021-03-04,2021-03-18
Arayat,2021-02-20,2021-03-05,2021-03-19
Arayat,2021-02-21,2021-03-06,2021-03-20
Arayat,2021-02-22,2021-03-07,2021-03-21
Arayat,2021-02-23,2021-03-08,2021-03-22
Arayat,2021-02-24,2021-03-09,2021-03-23
Arayat,2021-02-25,2021-03-10,2021-03-24
Arayat,2021-02-26,2021-03-11,2021-03-25
Arayat,2021-02-27,2021-03-12,2021-03-26
Arayat,2021-02-28,2021-03-13,2021-03-27
Arayat,2021-03-01,2021-03-14,2021-03-28
Arayat,2021-03-02,2021-03-15,2021-03-29
Arayat,2021-03-03,2021-03-16,2021-03-30
Arayat,2021-03-04,2021-03-17,2021-03-31
Arayat,2021-03-05,2021-03-18,2021-04-01
Arayat,2021-03-06,2021-03-19,2021-04-02
Arayat,2021-03-07,2021-03-20,2021-04-03
Arayat,2021-03-08,2021-03-21,2021-04-04
Arayat,2021-03-09,2021-03-22,2021-04-05
Arayat,2021-03-10,2021-03-23,2021-04-06
Arayat,2021-03-11,2021-03-24,2021-04-07
Arayat,2021-03-12,2021-03-25,2021-04-08
Arayat,2021-03-13,2021-03-26,2021-04-09
Arayat,2021-03-14,2021-03-27,2021-04-10
Arayat,2021-03-15,2021-03-28,2021-04-11
Arayat,2021-03-16,2021-03-29,2021-04-12
Arayat,2021-03-17,2021-03-30,2021-04-13
Arayat,2021-03-18,2021-03-31,2021-04-14
Arayat,2021-03-19,2021-04-01,2021-04-15
Arayat,2021-03-20,2021-04-02,2021-04-16
Arayat,2021-03-21,2021-04-03,2021-04-17
Arayat,2021-03-22,2021-04-04,2021-04-18
Arayat,2021-03-23,2021-04-05,2021-04-19
Arayat,2021-03-24,2021-04-06,2021-04-20
Arayat,2021-03-25,2021-04-07,2021-04-21
Arayat,2021-03-26,2021-04-08,2021-04-22
Arayat,2021-03-27,2021-04-09,2021-04-23
Arayat,2021-03-28,2021-04-10,2021-04-24
Arayat,2021-03-29,2021-04-11,2021-04-25
Arayat,2021-03-30,2021-04-12,2021-04-26
Arayat,2021-03-31,2021-04-13,2021-04-27
Arayat,2021-04-01,2021-04-14,2021-04-28
Arayat,2021-04-02,2021-04-15,2021-04-29
Arayat,2021-04-03,2021-04-16,2021-04-30
Arayat,2021-04-04,2021-04-17,2021-05-01
Arayat,2021-04-05,2021-04-18,2021-05-02
Arayat,2021-04-06,2021-04-19,2021-05-03
Arayat,2021-04-07,2021-04-20,2021-05-04
Arayat,2021-04-08,2021-04-21,2021-05-05
Arayat,2021-04-09,2021-04-22,2021-05-06
Arayat,2021-04-10,2021-04-23,2021-05-07
Arayat,2021-04-11,2021-04-24,2021-05-08
Arayat,2021-04-12,2021-04-25,2021-05-09
Arayat,2021-04-13,2021-04-26,2021-05-10
Arayat,2021-04-14,2021-04-27,2021-05-11
Arayat,2021-04-15,2021-04-28,2021-05-12
Arayat,2021-04-16,2021-04-29,2021-05-13
Arayat,2021-04-17,2021-04-30,2021-05-14
Arayat,2021-04-18,2021-05-01,2021-05-15
Arayat,2021-04-19,2021-05-02,2021-05-16
Arayat,2021-04-20,2021-05-03,2021-05-17
Arayat,2021-04-21,2021-05-04,2021-05-18
Arayat,2021-04-22,2021-05-05,2021-05-19
Arayat,2021-04-23,2021-05-06,2021-05-20
Arayat,2021-04-24,2021-05-07,2021-05-21
Arayat,2021-04-25,2021-05-08,2021-05-22
Arayat,2021-04-26,2021-05-09,2021-05-23
Arayat,2021-04-27,2021-05-10,2021-05-24
Arayat,2021-04-28,2021-05-11,2021-05-25
Arayat,2021-04-29,2021-05-12,2021-05-26
Arayat,2021-04-30,2021-05-13,2021-05-27
Arayat,2021-05-01,2021-05-14,2021-05-28
Arayat,2021-05-02,2021-05-15,2021-05-29
Arayat,2021-05-03,2021-05-16,2021-05-30
Arayat,2021-05-04,2021-05-17,2021-05-31
Arayat,2021-05-05,2021-05-18,2021-06-01
Arayat,2021-05-06,2021-05-19,2021-06-02
Arayat,2021-05-07,2021-05-20,2021-06-03
Arayat,2021-05-08,2021-05-21,2021-06-04
Arayat,2021-05-09,2021-05-22,2021-06-05
Arayat,2021-05-10,2021-05-23,2021-06-06
Arayat,2021-05-11,2021-05-24,2021-06-07
Arayat,2021-05-12,2021-05-25,2021-06-08
Arayat,2021-05-13,2021-05-26,2021-06-09
Arayat,2021-05-14,2021-05-27,2021-06-10
Arayat,2021-05-15,2021-05-28,2021-06-11
Arayat,2021-05-16,2021-05-29,2021-06-12
Arayat,2021-05-17,2021-05-30,2021-06-13
Arayat,2021-05-18,2021-05-31,2021-06-14
Arayat,2021-05-19,2021-06-01,2021-06-15
Arayat,2021-05-20,2021-06-02,2021-06-16
Arayat,2021-05-21,2021-06-03,2021-06-17
Arayat,2021-05-22,2021-06-04,2021-06-18
Arayat,2021-05-23,2021-06-05,2021-06-19
Arayat,2021-05-24,2021-06-06,2021-06-20
Arayat,2021-05-25,2021-06-07,2021-06-21
Arayat,2021-05-26,2021-06-08,2021-06-22
Arayat,2021-05-27,2021-06-09,2021-06-23
Arayat,2021-05-28,2021-06-10,2021-06-24
Arayat,2021-05-29,2021-06-11,2021-06-25
Arayat,2021-05-30,2021-06-12,2021-06-26
Arayat,2021-05-31,2021-06-13,2021-06-27
Arayat,2021-06-01,2021-06-14,2021-06-28
Arayat,2021-06-02,2021-06-15,2021-06-29
Arayat,2021-06-03,2021-06-16,2021-06-30
Arayat,2021-06-04,2021-06-17,2021-07-01
Arayat,2021-06-05,2021-06-18,2021-07-02
Arayat,2021-06-06,2021-06-19,2021-07-03
Arayat,2021-06-07,2021-06-20,2021-07-04
Arayat,2021-06-08,2021-06-21,2021-07-05
Arayat,2021-06-09,2021-06-22,2021-07-06
Arayat,2021-06-10,2021-06-23,2021-07-07
Arayat,2021-06-11,2021-06-24,2021-07-08
Arayat,2021-06-12,2021-06-25,2021-07-09
Arayat,2021-06-13,2021-06-26,2021-07-10
Arayat,2021-06-14,2021-06-27,2021-07-11
Arayat,2021-06-15,2021-06-28,2021-07-12
Arayat,2021-06-16,2021-06-29,2021-07-13
Arayat,2021-06-17,2021-06-30,2021-07-14
Arayat,2021-06-18,2021-07-01,2021-07-15
Arayat,2021-06-19,2021-07-02,2021-07-16
Arayat,2021-06-20,2021-07-03,2021-07-17
Arayat,2021-06-21,2021-07-04,2021-07-18
Arayat,2021-06-22,2021-07-05,2021-07-19
Arayat,2021-06-23,2021-07-06,2021-07-20
Arayat,2021-06-24,2021-07-07,2021-07-21
Arayat,2021-06-25,2021-07-08,2021-07-22
Arayat,2021-06-26,2021-07-09,2021-07-23
Arayat,2021-06-27,2021-07-10,2021-07-24
Arayat,2021-06-28,2021-07-11,2021-07-25
Arayat,2021-06-29,2021-07-12,2021-07-26
Arayat,2021-06-30,2021-07-13,2021-07-27
Arayat,2021-07-01,2021-07-14,2021-07-28
Arayat,2021-07-02,2021-07-15,2021-07-29
Arayat,2021-07-03,2021-07-16,2021-07-30
Arayat,2021-07-04,2021-07-17,2021-07-31
Arayat,2021-07-05,2021-07-18,2021-08-01
Arayat,2021-07-06,2021-07-19,2021-08-02
Arayat,2021-07-07,2021-07-20,2021-08-03
Arayat,2021-07-08,2021-07-21,2021-08-04
Arayat,2021-07-09,2021-07-22,2021-08-05
Arayat,2021-07-10,2021-07-23,2021-08-06
Arayat,2021-07-11,2021-07-24,2021-08-07
Arayat,2021-07-12,2021-07-25,2021-08-08
Arayat,2021-07-13,2021-07-26,2021-08-09
Arayat,2021-07-14,2021-07-27,2021-08-10
Arayat,2021-07-15,2021-07-28,2021-08-11
Arayat,2021-07-16,2021-07-29,2021-08-12
Arayat,2021-07-17,2021-07-30,2021-08-13
Arayat,2021-07-18,2021-07-31,2021-08-14
Arayat,2021-07-19,2021-08-01,2021-08-15
Arayat,2021-07-20,2021-08-02,2021-08-16
Arayat,2021-07-21,2021-08-03,2021-08-17
Arayat,2021-07-22,2021-08-04,2021-08-18
Arayat,2021-07-23,2021-08-05,2021-08-19
Arayat,2021-07-24,2021-08-06,2021-08-20
Arayat,2021-07-25,2021-08-07,2021-08-21
Arayat,2021-07-26,2021-08-08,2021-08-22
Arayat,2021-07-27,2021-08-09,2021-08-23
Arayat,2021-07-28,2021-08-10,2021-08-24
Arayat,2021-07-29,2021-08-11,2021-08-25
Arayat,2021-07-30,2021-08-12,2021-08-26
Arayat,2021-07-31,2021-08-13,2021-08-27
Arayat,2021-08-01,2021-08-14,2021-08-28
Arayat,2021-08-02,2021-08-15,2021-08-29
Arayat,2021-08-03,2021-08-16,2021-08-30
Arayat,2021-08-04,2021-08-17,2021-08-31
Arayat,2021-08-05,2021-08-18,2021-09-01
Arayat,2021-08-06,2021-08-19,2021-09-02
Arayat,2021-08-07,2021-08-20,2021-09-03
Arayat,2021-08-08,2021-08-21,2021-09-04
Arayat,2021-08-09,2021-08-22,2021-09-05
Arayat,2021-08-10,2021-08-23,2021-09-06
Arayat,2021-08-11,2021-08-24,2021-09-07
Arayat,2021-08-12,2021-08-25,2021-09-08
Arayat,2021-08-13,2021-08-26,2021-09-09
Arayat,2021-08-14,2021-08-27,2021-09-10
Arayat,2021-08-15,2021-08-28,2021-09-11
Arayat,2021-08-16,2021-08-29,2021-09-12
Arayat,2021-08-17,2021-08-30,2021-09-13
Arayat,2021-08-18,2021-08-31,2021-09-14
Arayat,2021-08-19,2021-09-01,2021-09-15
Arayat,2021-08-20,2021-09-02,2021-09-16
Arayat,2021-08-21,2021-09-03,2021-09-17
Arayat,2021-08-22,2021-09-04,2021-09-18
Arayat,2021-08-23,2021-09-05,2021-09-19
Arayat,2021-08-24,2021-09-06,2021-09-20
Arayat,2021-08-25,2021-09-07,2021-09-21
Arayat,2021-08-26,2021-09-08,2021-09-22
Arayat,2021-08-27,2021-09-09,2021-09-23
Arayat,2021-08-28,2021-09-10,2021-09-24
Arayat,2021-08-29,2021-09-11,2021-09-25
Arayat,2021-08-30,2021-09-12,2021-09-26
Arayat,2021-08-31,2021-09-13,2021-09-27
Arayat,2021-09-01,2021-09-14,2021-09-28
Arayat,2021-09-02,2021-09-15,2021-09-29
Arayat,2021-09-03,2021-09-16,2021-09-30
Arayat,2021-09-04,2021-09-17,2021-10-01
Arayat,2021-09-05,2021-09-18,2021-10-02
Arayat,2021-09-06,2021-09-19,2021-10-03
Arayat,2021-09-07,2021-09-20,2021-10-04
Arayat,2021-09-08,2021-09-21,2021-10-05
Arayat,2021-09-09,2021-09-22,2021-10-06
Arayat,2021-09-10,2021-09-23,2021-10-07
Arayat,2021-09-11,2021-09-24,2021-10-08
Arayat,2021-09-12,2021-09-25,2021-10-09
Arayat,2021-09-13,2021-09-26,2021-10-10
Arayat,2021-09-14,2021-09-27,2021-10-11
Arayat,2021-09-15,2021-09-28,2021-10-12
Arayat,2021-09-16,2021-09-29,2021-10-13
Arayat,2021-09-17,2021-09-30,2021-10-14
Arayat,2021-09-18,2021-10-01,2021-10-15
Arayat,2021-09-19,2021-10-02,2021-10-16
Arayat,2021-09-20,2021-10-03,2021-10-17
Arayat,2021-09-21,2021-10-04,2021-10-18
Arayat,2021-09-22,2021-10-05,2021-10-19
Arayat,2021-09-23,2021-10-06,2021-10-20
Arayat,2021-09-24,2021-10-07,2021-10-21
Arayat,2021-09-25,2021-10-08,2021-10-22
Arayat,2021-09-26,2021-10-09,2021-10-23
Arayat,2021-09-27,2021-10-10,2021-10-24
Arayat,2021-09-28,2021-10-11,2021-10-25
Arayat,2021-09-29,2021-10-12,2021-10-26
Arayat,2021-09-30,2021-10-13,2021-10-27
Arayat,2021-10-01,2021-10-14,2021-10-28
Arayat,2021-10-02,2021-10-15,2021-10-29
Arayat,2021-10-03,2021-10-16,2021-10-30
Arayat,2021-10-04,2021-10-17,2021-10-31
Arayat,2021-10-05,2021-10-18,2021-11-01
Arayat,2021-10-06,2021-10-19,2021-11-02
Arayat,2021-10-07,2021-10-20,2021-11-03
Arayat,2021-10-08,2021-10-21,2021-11-04
Arayat,2021-10-09,2021-10-22,2021-11-05
Arayat,2021-10-10,2021-10-23,2021-11-06
Arayat,2021-10-11,2021-10-24,2021-11-07
Arayat,2021-10-12,2021-10-25,2021-11-08
Arayat,2021-10-13,2021-10-26,2021-11-09
Arayat,2021-10-14,2021-10-27,2021-11-10
Arayat,2021-10-15,2021-10-28,2021-11-11
Arayat,2021-10-16,2021-10-29,2021-11-12
Arayat,2021-10-17,2021-10-30,2021-11-13
Arayat,2021-10-18,2021-10-31,2021-11-14
Arayat,2021-10-19,2021-11-01,2021-11-15
Arayat,2021-10-20,2021-11-02,2021-11-16
Arayat,2021-10-21,2021-11-03,2021-11-17
Arayat,2021-10-22,2021-11-04,2021-11-18
Arayat,2021-10-23,2021-11-05,2021-11-19
Arayat,2021-10-24,2021-11-06,2021-11-20
Arayat,2021-10-25,2021-11-07,2021-11-21
Arayat,2021-10-26,2021-11-08,2021-11-22
Arayat,2021-10-27,2021-11-09,2021-11-23
Arayat,2021-10-28,2021-11-10,2021-11-24
Arayat,2021-10-29,2021-11-11,2021-11-25
Arayat,2021-10-30,2021-11-12,2021-11-26
Arayat,2021-10-31,2021-11-13,2021-11-27
Arayat,2021-11-01,2021-11-14,2021-11-28
Arayat,2021-11-02,2021-11-15,2021-11-29
Arayat,2021-11-03,2021-11-16,2021-11-30
Arayat,2021-11-04,2021-11-17,2021-12-01
Arayat,2021-11-05,2021-11-18,2021-12-02
Arayat,2021-11-06,2021-11-19,2021-12-03
Arayat,2021-11-07,2021-11-20,2021-12-04
Arayat,2021-11-08,2021-11-21,2021-12-05
Arayat,2021-11-09,2021-11-22,2021-12-06
Arayat,2021-11-10,2021-11-23,2021-12-07
Arayat,2021-11-11,2021-11-24,2021-12-08
Arayat,2021-11-12,2021-11-25,2021-12-09
Arayat,2021-11-13,2021-11-26,2021-12-10
Arayat,2021-11-14,2021-11-27,2021-12-11
Arayat,2021-11-15,2021-11-28,2021-12-12
Arayat,2021-11-16,2021-11-29,2021-12-13
Arayat,2021-11-17,2021-11-30,2021-12-14
Arayat,2021-11-18,2021-12-01,2021-12-15
Arayat,2021-11-19,2021-12-02,2021-12-16
Arayat,2021-11-20,2021-12-03,2021-12-17
Arayat,2021-11-21,2021-12-04,2021-12-18
Arayat,2021-11-22,2021-12-05,2021-12-19
Arayat,2021-11-23,2021-12-06,2021-12-20
Arayat,2021-11-24,2021-12-07,2021-12-21
Arayat,2021-11-25,2021-12-08,2021-12-22
Arayat,2021-11-26,2021-12-09,2021-12-23
Arayat,2021-11-27,2021-12-10,2021-12-24
Arayat,2021-11-28,2021-12-11,2021-12-25
Arayat,2021-11-29,2021-12-12,2021-12-26
Arayat,2021-11-30,2021-12-13,2021-12-27
Arayat,2021-12-01,2021-12-14,2021-12-28
Arayat,2021-12-02,2021-12-15,2021-12-29
Arayat,2021-12-03,2021-12-16,2021-12-30
Arayat,2021-12-04,2021-12-17,2021-12-31
Arayat,2021-12-05,2021-12-18,2022-01-01
Arayat,2021-12-06,2021-12-19,2022-01-02
Arayat,2021-12-07,2021-12-20,2022-01-03
Arayat,2021-12-08,2021-12-21,2022-01-04
Arayat,2021-12-09,2021-12-22,2022-01-05
Arayat,2021-12-10,2021-12-23,2022-01-06
Arayat,2021-12-11,2021-12-24,2022-01-07
Arayat,2021-12-12,2021-12-25,2022-01-08
Arayat,2021-12-13,2021-12-26,2022-01-09
Arayat,2021-12-14,2021-12-27,2022-01-10
Arayat,2021-12-15,2021-12-28,2022-01-11
Arayat,2021-12-16,2021-12-29,2022-01-12
Arayat,2021-12-17,2021-12-30,2022-01-13
Arayat,2021-12-18,2021-12-31,2022-01-14
Arayat,2021-12-19,2022-01-01,2022-01-15
Arayat,2021-12-20,2022-01-02,2022-01-16
Arayat,2021-12-21,2022-01-03,2022-01-17
Arayat,2021-12-22,2022-01-04,2022-01-18
Arayat,2021-12-23,2022-01-05,2022-01-19
Arayat,2021-12-24,2022-01-06,2022-01-20
Arayat,2021-12-25,2022-01-07,2022-01-21
Arayat,2021-12-26,2022-01-08,2022-01-22
Arayat,2021-12-27,2022-01-09,2022-01-23
Arayat,2021-12-28,2022-01-10,2022-01-24
Arayat,2021-12-29,2022-01-11,2022-01-25
Arayat,2021-12-30,2022-01-12,2022-01-26
Arayat,2021-12-31,2022-01-13,2022-01-27
Arayat,2022-01-01,2022-01-14,2022-01-28
Arayat,2022-01-02,2022-01-15,2022-01-29
Arayat,2022-01-03,2022-01-16,2022-01-30
Arayat,2022-01-04,2022-01-17,2022-01-31
Arayat,2022-01-05,2022-01-18,2022-02-01
Arayat,2022-01-06,2022-01-19,2022-02-02
Arayat,2022-01-07,2022-01-20,2022-02-03
Arayat,2022-01-08,2022-01-21,2022-02-04
Arayat,2022-01-09,2022-01-22,2022-02-05
Arayat,2022-01-10,2022-01-23,2022-02-06
Arayat,2022-01-11,2022-01-24,2022-02-07
Arayat,2022-01-12,2022-01-25,2022-02-08
Arayat,2022-01-13,2022-01-26,2022-02-09
Arayat,2022-01-14,2022-01-27,2022-02-10
Arayat,2022-01-15,2022-01-28,2022-02-11
Arayat,2022-01-16,2022-01-29,2022-02-12
Arayat,2022-01-17,2022-01-30,2022-02-13
Arayat,2022-01-18,2022-01-31,2022-02-14
Arayat,2022-01-19,2022-02-01,2022-02-15
Arayat,2022-01-20,2022-02-02,2022-02-16
Arayat,2022-01-21,2022-02-03,2022-02-17
Arayat,2022-01-22,2022-02-04,2022-02-18
Arayat,2022-01-23,2022-02-05,2022-02-19
Arayat,2022-01-24,2022-02-06,2022-02-20
Arayat,2022-01-25,2022-02-07,2022-02-21
Arayat,2022-01-26,2022-02-08,2022-02-22
Arayat,2022-01-27,2022-02-09,2022-02-23
Arayat,2022-01-28,2022-02-10,2022-02-24
Arayat,2022-01-29,2022-02-11,2022-02-25
Arayat,2022-01-30,2022-02-12,2022-02-26
Arayat,2022-01-31,2022-02-13,2022-02-27
Arayat,2022-02-01,2022-02-14,2022-02-28
Arayat,2022-02-02,2022-02-15,2022-03-01
Arayat,2022-02-03,2022-02-16,2022-03-02
Arayat,2022-02-04,2022-02-17,2022-03-03
Arayat,2022-02-05,2022-02-18,2022-03-04
Arayat,2022-02-06,2022-02-19,2022-03-05
Arayat,2022-02-07,2022-02-20,2022-03-06
Arayat,2022-02-08,2022-02-21,2022-03-07
Arayat,2022-02-09,2022-02-22,2022-03-08
Arayat,2022-02-10,2022-02-23,2022-03-09
Arayat,2022-02-11,2022-02-24,2022-03-10
Arayat,2022-02-12,2022-02-25,2022-03-11
Arayat,2022-02-13,2022-02-26,2022-03-12
Arayat,2022-02-14,2022-02-27,2022-03-13
Arayat,2022-02-15,2022-02-28,2022-03-14
Arayat,2022-02-16,2022-03-01,2022-03-15
Arayat,2022-02-17,2022-03-02,2022-03-16
Arayat,2022-02-18,2022-03-03,2022-03-17
Arayat,2022-02-19,2022-03-04,2022-03-18
Arayat,2022-02-20,2022-03-05,2022-03-19
Arayat,2022-02-21,2022-03-06,2022-03-20
Arayat,2022-02-22,2022-03-07,2022-03-21
Arayat,2022-02-23,2022-03-08,2022-03-22
Arayat,2022-02-24,2022-03-09,2022-03-23
Arayat,2022-02-25,2022-03-10,2022-03-24
Arayat,2022-02-26,2022-03-11,2022-03-25
Arayat,2022-02-27,2022-03-12,2022-03-26
Arayat,2022-02-28,2022-03-13,2022-03-27
Arayat,2022-03-01,2022-03-14,2022-03-28
Arayat,2022-03-02,2022-03-15,2022-03-29
Arayat,2022-03-03,2022-03-16,2022-03-30
Arayat,2022-03-04,2022-03-17,2022-03-31
Arayat,2022-03-05,2022-03-18,2022-04-01
Arayat,2022-03-06,2022-03-19,2022-04-02
Arayat,2022-03-07,2022-03-20,2022-04-03
Arayat,2022-03-08,2022-03-21,2022-04-04
Arayat,2022-03-09,2022-03-22,2022-04-05
Arayat,2022-03-10,2022-03-23,2022-04-06
Arayat,2022-03-11,2022-03-24,2022-04-07
Arayat,2022-03-12,2022-03-25,2022-04-08
Arayat,2022-03-13,2022-03-26,2022-04-09
Arayat,2022-03-14,2022-03-27,2022-04-10
Arayat,2022-03-15,2022-03-28,2022-04-11
Arayat,2022-03-16,2022-03-29,2022-04-12
Arayat,2022-03-17,2022-03-30,2022-04-13
Arayat,2022-03-18,2022-03-31,2022-04-14
Arayat,2022-03-19,2022-04-01,2022-04-15
Arayat,2022-03-20,2022-04-02,2022-04-16
Arayat,2022-03-21,2022-04-03,2022-04-17
Arayat,2022-03-22,2022-04-04,2022-04-18
Arayat,2022-03-23,2022-04-05,2022-04-19
Arayat,2022-03-24,2022-04-06,2022-04-20
Arayat,2022-03-25,2022-04-07,2022-04-21
Arayat,2022-03-26,2022-04-08,2022-04-22
Arayat,2022-03-27,2022-04-09,2022-04-23
Arayat,2022-03-28,2022-04-10,2022-04-24
Arayat,2022-03-29,2022-04-11,2022-04-25
Arayat,2022-03-30,2022-04-12,2022-04-26
Arayat,2022-03-31,2022-04-13,2022-04-27
Arayat,2022-04-01,2022-04-14,2022-04-28
Arayat,2022-04-02,2022-04-15,2022-04-29
Arayat,2022-04-03,2022-04-16,2022-04-30
Arayat,2022-04-04,2022-04-17,2022-05-01
Arayat,2022-04-05,2022-04-18,2022-05-02
Arayat,2022-04-06,2022-04-19,2022-05-03
Arayat,2022-04-07,2022-04-20,2022-05-04
Arayat,2022-04-08,2022-04-21,2022-05-05
Arayat,2022-04-09,2022-04-22,2022-05-06
Arayat,2022-04-10,2022-04-23,2022-05-07
Arayat,2022-04-11,2022-04-24,2022-05-08
Arayat,2022-04-12,2022-04-25,2022-05-09
Arayat,2022-04-13,2022-04-26,2022-05-10
Arayat,2022-04-14,2022-04-27,2022-05-11
Arayat,2022-04-15,2022-04-28,2022-05-12
Arayat,2022-04-16,2022-04-29,2022-05-13
Arayat,2022-04-17,2022-04-30,2022-05-14
Arayat,2022-04-18,2022-05-01,2022-05-15
Arayat,2022-04-19,2022-05-02,2022-05-16
Arayat,2022-04-20,2022-05-03,2022-05-17
Arayat,2022-04-21,2022-05-04,2022-05-18
Arayat,2022-04-22,2022-05-05,2022-05-19
Arayat,2022-04-23,2022-05-06,2022-05-20
Arayat,2022-04-24,2022-05-07,2022-05-21
Arayat,2022-04-25,2022-05-08,2022-05-22
Arayat,2022-04-26,2022-05-09,2022-05-23
Arayat,2022-04-27,2022-05-10,2022-05-24
Arayat,2022-04-28,2022-05-11,2022-05-25
Arayat,2022-04-29,2022-05-12,2022-05-26
Arayat,2022-04-30,2022-05-13,2022-05-27
Arayat,2022-05-01,2022-05-14,2022-05-28
Arayat,2022-05-02,2022-05-15,2022-05-29
Arayat,2022-05-03,2022-05-16,2022-05-30
Arayat,2022-05-04,2022-05-17,2022-05-31
Arayat,2022-05-05,2022-05-18,2022-06-01
Arayat,2022-05-06,2022-05-19,2022-06-02
Arayat,2022-05-07,2022-05-20,2022-06-03
Arayat,2022-05-08,2022-05-21,2022-06-04
Arayat,2022-05-09,2022-05-22,2022-06-05
Arayat,2022-05-10,2022-05-23,2022-06-06
Arayat,2022-05-11,2022-05-24,2022-06-07
Arayat,2022-05-12,2022-05-25,2022-06-08
Arayat,2022-05-13,2022-05-26,2022-06-09
Arayat,2022-05-14,2022-05-27,2022-06-10
Arayat,2022-05-15,2022-05-28,2022-06-11
Arayat,2022-05-16,2022-05-29,2022-06-12
Arayat,2022-05-17,2022-05-30,2022-06-13
Arayat,2022-05-18,2022-05-31,2022-06-14
Arayat,2022-05-19,2022-06-01,2022-06-15
Arayat,2022-05-20,2022-06-02,2022-06-16
Arayat,2022-05-21,2022-06-03,2022-06-17
Arayat,2022-05-22,2022-06-04,2022-06-18
Arayat,2022-05-23,2022-06-05,2022-06-19
Arayat,2022-05-24,2022-06-06,2022-06-20
Arayat,2022-05-25,2022-06-07,2022-06-21
Arayat,2022-05-26,2022-06-08,2022-06-22
Arayat,2022-05-27,2022-06-09,2022-06-23
Arayat,2022-05-28,2022-06-10,2022-06-24
Arayat,2022-05-29,2022-06-11,2022-06-25
Arayat,2022-05-30,2022-06-12,2022-06-26
Arayat,2022-05-31,2022-06-13,2022-06-27
Arayat,2022-06-01,2022-06-14,2022-06-28
Arayat,2022-06-02,2022-06-15,2022-06-29
Arayat,2022-06-03,2022-06-16,2022-06-30
Arayat,2022-06-04,2022-06-17,2022-07-01
Arayat,2022-06-05,2022-06-18,2022-07-02
Arayat,2022-06-06,2022-06-19,2022-07-03
Arayat,2022-06-07,2022-06-20,2022-07-04
Arayat,2022-06-08,2022-06-21,2022-07-05
Arayat,2022-06-09,2022-06-22,2022-07-06
Arayat,2022-06-10,2022-06-23,2022-07-07
Arayat,2022-06-11,2022-06-24,2022-07-08
Arayat,2022-06-12,2022-06-25,2022-07-09
Arayat,2022-06-13,2022-06-26,2022-07-10
Arayat,2022-06-14,2022-06-27,2022-07-11
Arayat,2022-06-15,2022-06-28,2022-07-12
Arayat,2022-06-16,2022-06-29,2022-07-13
Arayat,2022-06-17,2022-06-30,2022-07-14
Arayat,2022-06-18,2022-07-01,2022-07-15
Arayat,2022-06-19,2022-07-02,2022-07-16
Arayat,2022-06-20,2022-07-03,2022-07-17
Arayat,2022-06-21,2022-07-04,2022-07-18
Arayat,2022-06-22,2022-07-05,2022-07-19
Arayat,2022-06-23,2022-07-06,2022-07-20
Arayat,2022-06-24,2022-07-07,2022-07-21
Arayat,2022-06-25,2022-07-08,2022-07-22
Arayat,2022-06-26,2022-07-09,2022-07-23
Arayat,2022-06-27,2022-07-10,2022-07-24
Arayat,2022-06-28,2022-07-11,2022-07-25
Arayat,2022-06-29,2022-07-12,2022-07-26
Arayat,2022-06-30,2022-07-13,2022-07-27
Arayat,2022-07-01,2022-07-14,2022-07-28
Arayat,2022-07-02,2022-07-15,2022-07-29
Arayat,2022-07-03,2022-07-16,2022-07-30
Arayat,2022-07-04,2022-07-17,2022-07-31
Arayat,2022-07-05,2022-07-18,2022-08-01
Arayat,2022-07-06,2022-07-19,2022-08-02
Arayat,2022-07-07,2022-07-20,2022-08-03
Arayat,2022-07-08,2022-07-21,2022-08-04
Arayat,2022-07-09,2022-07-22,2022-08-05
Arayat,2022-07-10,2022-07-23,2022-08-06
Arayat,2022-07-11,2022-07-24,2022-08-07
Arayat,2022-07-12,2022-07-25,2022-08-08
Arayat,2022-07-13,2022-07-26,2022-08-09
Arayat,2022-07-14,2022-07-27,2022-08-10
Arayat,2022-07-15,2022-07-28,2022-08-11
Arayat,2022-07-16,2022-07-29,2022-08-12
Arayat,2022-07-17,2022-07-30,2022-08-13
Arayat,2022-07-18,2022-07-31,2022-08-14
Arayat,2022-07-19,2022-08-01,2022-08-15
Arayat,2022-07-20,2022-08-02,2022-08-16
Arayat,2022-07-21,2022-08-03,2022-08-17
Arayat,2022-07-22,2022-08-04,2022-08-18
Arayat,2022-07-23,2022-08-05,2022-08-19
Arayat,2022-07-24,2022-08-06,2022-08-20
Arayat,2022-07-25,2022-08-07,2022-08-21
Arayat,2022-07-26,2022-08-08,2022-08-22
Arayat,2022-07-27,2022-08-09,2022-08-23
Arayat,2022-07-28,2022-08-10,2022-08-24
Arayat,2022-07-29,2022-08-11,2022-08-25
Arayat,2022-07-30,2022-08-12,2022-08-26
Arayat,2022-07-31,2022-08-13,2022-08-27
Arayat,2022-08-01,2022-08-14,2022-08-28
Arayat,2022-08-02,2022-08-15,2022-08-29
Arayat,2022-08-03,2022-08-16,2022-08-30
Arayat,2022-08-04,2022-08-17,2022-08-31
Arayat,2022-08-05,2022-08-18,2022-09-01
Arayat,2022-08-06,2022-08-19,2022-09-02
Arayat,2022-08-07,2022-08-20,2022-09-03
Arayat,2022-08-08,2022-08-21,2022-09-04
Arayat,2022-08-09,2022-08-22,2022-09-05
Arayat,2022-08-10,2022-08-23,2022-09-06
Arayat,2022-08-11,2022-08-24,2022-09-07
Arayat,2022-08-12,2022-08-25,2022-09-08
Arayat,2022-08-13,2022-08-26,2022-09-09
Arayat,2022-08-14,2022-08-27,2022-09-10
Arayat,2022-08-15,2022-08-28,2022-09-11
Arayat,2022-08-16,2022-08-29,2022-09-12
Arayat,2022-08-17,2022-08-30,2022-09-13
Arayat,2022-08-18,2022-08-31,2022-09-14
Arayat,2022-08-19,2022-09-01,2022-09-15
Arayat,2022-08-20,2022-09-02,2022-09-16
Arayat,2022-08-21,2022-09-03,2022-09-17
Arayat,2022-08-22,2022-09-04,2022-09-18
Arayat,2022-08-23,2022-09-05,2022-09-19
Arayat,2022-08-24,2022-09-06,2022-09-20
Arayat,2022-08-25,2022-09-07,2022-09-21
Arayat,2022-08-26,2022-09-08,2022-09-22
Arayat,2022-08-27,2022-09-09,2022-09-23
Arayat,2022-08-28,2022-09-10,2022-09-24
Arayat,2022-08-29,2022-09-11,2022-09-25
Arayat,2022-08-30,2022-09-12,2022-09-26
Arayat,2022-08-31,2022-09-13,2022-09-27
Arayat,2022-09-01,2022-09-14,2022-09-28
Arayat,2022-09-02,2022-09-15,2022-09-29
Arayat,2022-09-03,2022-09-16,2022-09-30
Arayat,2022-09-04,2022-09-17,2022-10-01
Arayat,2022-09-05,2022-09-18,2022-10-02
Arayat,2022-09-06,2022-09-19,2022-10-03
Arayat,2022-09-07,2022-09-20,2022-10-04
Arayat,2022-09-08,2022-09-21,2022-10-05
Arayat,2022-09-09,2022-09-22,2022-10-06
Arayat,2022-09-10,2022-09-23,2022-10-07
Arayat,2022-09-11,2022-09-24,2022-10-08
Arayat,2022-09-12,2022-09-25,2022-10-09
Arayat,2022-09-13,2022-09-26,2022-10-10
Arayat,2022-09-14,2022-09-27,2022-10-11
Arayat,2022-09-15,2022-09-28,2022-10-12
Arayat,2022-09-16,2022-09-29,2022-10-13
Arayat,2022-09-17,2022-09-30,2022-10-14
Arayat,2022-09-18,2022-10-01,2022-10-15
Arayat,2022-09-19,2022-10-02,2022-10-16
Arayat,2022-09-20,2022-10-03,2022-10-17
Arayat,2022-09-21,2022-10-04,2022-10-18
Arayat,2022-09-22,2022-10-05,2022-10-19
Arayat,2022-09-23,2022-10-06,2022-10-20
Arayat,2022-09-24,2022-10-07,2022-10-21
Arayat,2022-09-25,2022-10-08,2022-10-22
Arayat,2022-09-26,2022-10-09,2022-10-23
Arayat,2022-09-27,2022-10-10,2022-10-24
Arayat,2022-09-28,2022-10-11,2022-10-25
Arayat,2022-09-29,2022-10-12,2022-10-26
Arayat,2022-09-30,2022-10-13,2022-10-27
Arayat,2022-10-01,2022-10-14,2022-10-28
Arayat,2022-10-02,2022-10-15,2022-10-29
Arayat,2022-10-03,2022-10-16,2022-10-30
Arayat,2022-10-04,2022-10-17,2022-10-31
Arayat,2022-10-05,2022-10-18,2022-11-01
Arayat,2022-10-06,2022-10-19,2022-11-02
Arayat,2022-10-07,2022-10-20,2022-11-03
Arayat,2022-10-08,2022-10-21,2022-11-04
Arayat,2022-10-09,2022-10-22,2022-11-05
Arayat,2022-10-10,2022-10-23,2022-11-06
Arayat,2022-10-11,2022-10-24,2022-11-07
Arayat,2022-10-12,2022-10-25,2022-11-08
Arayat,2022-10-13,2022-10-26,2022-11-09
Arayat,2022-10-14,2022-10-27,2022-11-10
Arayat,2022-10-15,2022-10-28,2022-11-11
Arayat,2022-10-16,2022-10-29,2022-11-12
Arayat,2022-10-17,2022-10-30,2022-11-13
Arayat,2022-10-18,2022-10-31,2022-11-14
Arayat,2022-10-19,2022-11-01,2022-11-15
Arayat,2022-10-20,2022-11-02,2022-11-16
Arayat,2022-10-21,2022-11-03,2022-11-17
Arayat,2022-10-22,2022-11-04,2022-11-18
Arayat,2022-10-23,2022-11-05,2022-11-19
Arayat,2022-10-24,2022-11-06,2022-11-20
Arayat,2022-10-25,2022-11-07,2022-11-21
Arayat,2022-10-26,2022-11-08,2022-11-22
Arayat,2022-10-27,2022-11-09,2022-11-23
Arayat,2022-10-28,2022-11-10,2022-11-24
Arayat,2022-10-29,2022-11-11,2022-11-25
Arayat,2022-10-30,2022-11-12,2022-11-26
Arayat,2022-10-31,2022-11-13,2022-11-27
Arayat,2022-11-01,2022-11-14,2022-11-28
Arayat,2022-11-02,2022-11-15,2022-11-29
Arayat,2022-11-03,2022-11-16,2022-11-30
Arayat,2022-11-04,2022-11-17,2022-12-01
Arayat,2022-11-05,2022-11-18,2022-12-02
Arayat,2022-11-06,2022-11-19,2022-12-03
Arayat,2022-11-07,2022-11-20,2022-12-04
Arayat,2022-11-08,2022-11-21,2022-12-05
Arayat,2022-11-09,2022-11-22,2022-12-06
Arayat,2022-11-10,2022-11-23,2022-12-07
Arayat,2022-11-11,2022-11-24,2022-12-08
Arayat,2022-11-12,2022-11-25,2022-12-09
Arayat,2022-11-13,2022-11-26,2022-12-10
Arayat,2022-11-14,2022-11-27,2022-12-11
Arayat,2022-11-15,2022-11-28,2022-12-12
Arayat,2022-11-16,2022-11-29,2022-12-13
Arayat,2022-11-17,2022-11-30,2022-12-14
Arayat,2022-11-18,2022-12-01,2022-12-15
Arayat,2022-11-19,2022-12-02,2022-12-16
Arayat,2022-11-20,2022-12-03,2022-12-17
Arayat,2022-11-21,2022-12-04,2022-12-18
Arayat,2022-11-22,2022-12-05,2022-12-19
Arayat,2022-11-23,2022-12-06,2022-12-20
Arayat,2022-11-24,2022-12-07,2022-12-21
Arayat,2022-11-25,2022-12-08,2022-12-22
Arayat,2022-11-26,2022-12-09,2022-12-23
Arayat,2022-11-27,2022-12-10,2022-12-24
Arayat,2022-11-28,2022-12-11,2022-12-25
Arayat,2022-11-29,2022-12-12,2022-12-26
Arayat,2022-11-30,2022-12-13,2022-12-27
Arayat,2022-12-01,2022-12-14,2022-12-28
Arayat,2022-12-02,2022-12-15,2022-12-29
Arayat,2022-12-03,2022-12-16,2022-12-30
Arayat,2022-12-04,2022-12-17,2022-12-31
Arayat,2022-12-05,2022-12-18,2023-01-01
Arayat,2022-12-06,2022-12-19,2023-01-02
Arayat,2022-12-07,2022-12-20,2023-01-03
Arayat,2022-12-08,2022-12-21,2023-01-04
Arayat,2022-12-09,2022-12-22,2023-01-05
Arayat,2022-12-10,2022-12-23,2023-01-06
Arayat,2022-12-11,2022-12-24,2023-01-07
Arayat,2022-12-12,2022-12-25,2023-01-08
Arayat,2022-12-13,2022-12-26,2023-01-09
Arayat,2022-12-14,2022-12-27,2023-01-10
Arayat,2022-12-15,2022-12-28,2023-01-11
Arayat,2022-12-16,2022-12-29,2023-01-12
Arayat,2022-12-17,2022-12-30,2023-01-13
Arayat,2022-12-18,2022-12-31,2023-01-14
Arayat,2022-12-19,2023-01-01,2023-01-15
Arayat,2022-12-20,2023-01-02,2023-01-16
Arayat,2022-12-21,2023-01-03,2023-01-17
Arayat,2022-12-22,2023-01-04,2023-01-18
Arayat,2022-12-23,2023-01-05,2023-01-19
Arayat,2022-12-24,2023-01-06,2023-01-20
Arayat,2022-12-25,2023-01-07,2023-01-21
Arayat,2022-12-26,2023-01-08,2023-01-22
Arayat,2022-12-27,2023-01-09,2023-01-23
Arayat,2022-12-28,2023-01-10,2023-01-24
Arayat,2022-12-29,2023-01-11,2023-01-25
Arayat,2022-12-30,2023-01-12,2023-01-26
Arayat,2022-12-31,2023-01-13,2023-01-27
Arayat,2023-01-01,2023-01-14,2023-01-28
Arayat,2023-01-02,2023-01-15,2023-01-29
Arayat,2023-01-03,2023-01-16,2023-01-30
Arayat,2023-01-04,2023-01-17,2023-01-31
Arayat,2023-01-05,2023-01-18,2023-02-01
Arayat,2023-01-06,2023-01-19,2023-02-02
Arayat,2023-01-07,2023-01-20,2023-02-03
Arayat,2023-01-08,2023-01-21,2023-02-04
Arayat,2023-01-09,2023-01-22,2023-02-05
Arayat,2023-01-10,2023-01-23,2023-02-06
Arayat,2023-01-11,2023-01-24,2023-02-07
Arayat,2023-01-12,2023-01-25,2023-02-08
Arayat,2023-01-13,2023-01-26,2023-02-09
Arayat,2023-01-14,2023-01-27,2023-02-10
Arayat,2023-01-15,2023-01-28,2023-02-11
Arayat,2023-01-16,2023-01-29,2023-02-12
Arayat,2023-01-17,2023-01-30,2023-02-13
Arayat,2023-01-18,2023-01-31,2023-02-14
Arayat,2023-01-19,2023-02-01,2023-02-15
Arayat,2023-01-20,2023-02-02,2023-02-16
Arayat,2023-01-21,2023-02-03,2023-02-17
Arayat,2023-01-22,2023-02-04,2023-02-18
Arayat,2023-01-23,2023-02-05,2023-02-19
Arayat,2023-01-24,2023-02-06,2023-02-20
Arayat,2023-01-25,2023-02-07,2023-02-21
Arayat,2023-01-26,2023-02-08,2023-02-22
Arayat,2023-01-27,2023-02-09,2023-02-23
Arayat,2023-01-28,2023-02-10,2023-02-24
Arayat,2023-01-29,2023-02-11,2023-02-25
Arayat,2023-01-30,2023-02-12,2023-02-26
Arayat,2023-01-31,2023-02-13,2023-02-27
Arayat,2023-02-01,2023-02-14,2023-02-28
Arayat,2023-02-02,2023-02-15,2023-03-01
Arayat,2023-02-03,2023-02-16,2023-03-02
Arayat,2023-02-04,2023-02-17,2023-03-03
Arayat,2023-02-05,2023-02-18,2023-03-04
Arayat,2023-02-06,2023-02-19,2023-03-05
Arayat,2023-02-07,2023-02-20,2023-03-06
Arayat,2023-02-08,2023-02-21,2023-03-07
Arayat,2023-02-09,2023-02-22,2023-03-08
Arayat,2023-02-10,2023-02-23,2023-03-09
Arayat,2023-02-11,2023-02-24,2023-03-10
Arayat,2023-02-12,2023-02-25,2023-03-11
Arayat,2023-02-13,2023-02-26,2023-03-12
Arayat,2023-02-14,2023-02-27,2023-03-13
Arayat,2023-02-15,2023-02-28,2023-03-14
Arayat,2023-02-16,2023-03-01,2023-03-15
Arayat,2023-02-17,2023-03-02,2023-03-16
Arayat,2023-02-18,2023-03-03,2023-03-17
Arayat,2023-02-19,2023-03-04,2023-03-18
Arayat,2023-02-20,2023-03-05,2023-03-19
Arayat,2023-02-21,2023-03-06,2023-03-20
Arayat,2023-02-22,2023-03-07,2023-03-21
Arayat,2023-02-23,2023-03-08,2023-03-22
Arayat,2023-02-24,2023-03-09,2023-03-23
Arayat,2023-02-25,2023-03-10,2023-03-24
Arayat,2023-02-26,2023-03-11,2023-03-25
Arayat,2023-02-27,2023-03-12,2023-03-26
Arayat,2023-02-28,2023-03-13,2023-03-27
Arayat,2023-03-01,2023-03-14,2023-03-28
Arayat,2023-03-02,2023-03-15,2023-03-29
Arayat,2023-03-03,2023-03-16,2023-03-30
Arayat,2023-03-04,2023-03-17,2023-03-31
Arayat,2023-03-05,2023-03-18,2023-04-01
Arayat,2023-03-06,2023-03-19,2023-04-02
Arayat,2023-03-07,2023-03-20,2023-04-03
Arayat,2023-03-08,2023-03-21,2023-04-04
Arayat,2023-03-09,2023-03-22,2023-04-05
Arayat,2023-03-10,2023-03-23,2023-04-06
Arayat,2023-03-11,2023-03-24,2023-04-07
Arayat,2023-03-12,2023-03-25,2023-04-08
Arayat,2023-03-13,2023-03-26,2023-04-09
Arayat,2023-03-14,2023-03-27,2023-04-10
Arayat,2023-03-15,2023-03-28,2023-04-11
Arayat,2023-03-16,2023-03-29,2023-04-12
Arayat,2023-03-17,2023-03-30,2023-04-13
Arayat,2023-03-18,2023-03-31,2023-04-14
Arayat,2023-03-19,2023-04-01,2023-04-15
Arayat,2023-03-20,2023-04-02,2023-04-16
Arayat,2023-03-21,2023-04-03,2023-04-17
Arayat,2023-03-22,2023-04-04,2023-04-18
Arayat,2023-03-23,2023-04-05,2023-04-19
Arayat,2023-03-24,2023-04-06,2023-04-20
Arayat,2023-03-25,2023-04-07,2023-04-21
Arayat,2023-03-26,2023-04-08,2023-04-22
Arayat,2023-03-27,2023-04-09,2023-04-23
Arayat,2023-03-28,2023-04-10,2023-04-24
Arayat,2023-03-29,2023-04-11,2023-04-25
Arayat,2023-03-30,2023-04-12,2023-04-26
Arayat,2023-03-31,2023-04-13,2023-04-27
Arayat,2023-04-01,2023-04-14,2023-04-28
Arayat,2023-04-02,2023-04-15,2023-04-29
Arayat,2023-04-03,2023-04-16,2023-04-30
Arayat,2023-04-04,2023-04-17,2023-05-01
Arayat,2023-04-05,2023-04-18,2023-05-02
Arayat,2023-04-06,2023-04-19,2023-05-03
Arayat,2023-04-07,2023-04-20,2023-05-04
Arayat,2023-04-08,2023-04-21,2023-05-05
Arayat,2023-04-09,2023-04-22,2023-05-06
Arayat,2023-04-10,2023-04-23,2023-05-07
Arayat,2023-04-11,2023-04-24,2023-05-08
Arayat,2023-04-12,2023-04-25,2023-05-09
Arayat,2023-04-13,2023-04-26,2023-05-10
Arayat,2023-04-14,2023-04-27,2023-05-11
Arayat,2023-04-15,2023-04-28,2023-05-12
Arayat,2023-04-16,2023-04-29,2023-05-13
Arayat,2023-04-17,2023-04-30,2023-05-14
Arayat,2023-04-18,2023-05-01,2023-05-15
Arayat,2023-04-19,2023-05-02,2023-05-16
Arayat,2023-04-20,2023-05-03,2023-05-17
Arayat,2023-04-21,2023-05-04,2023-05-18
Arayat,2023-04-22,2023-05-05,2023-05-19
Arayat,2023-04-23,2023-05-06,2023-05-20
Arayat,2023-04-24,2023-05-07,2023-05-21
Arayat,2023-04-25,2023-05-08,2023-05-22
Arayat,2023-04-26,2023-05-09,2023-05-23
Arayat,2023-04-27,2023-05-10,2023-05-24
Arayat,2023-04-28,2023-05-11,2023-05-25
Arayat,2023-04-29,2023-05-12,2023-05-26
Arayat,2023-04-30,2023-05-13,2023-05-27
Arayat,2023-05-01,2023-05-14,2023-05-28
Arayat,2023-05-02,2023-05-15,2023-05-29
Arayat,2023-05-03,2023-05-16,2023-05-30
Arayat,2023-05-04,2023-05-17,2023-05-31
Arayat,2023-05-05,2023-05-18,2023-06-01
Arayat,2023-05-06,2023-05-19,2023-06-02
Arayat,2023-05-07,2023-05-20,2023-06-03
Arayat,2023-05-08,2023-05-21,2023-06-04
Arayat,2023-05-09,2023-05-22,2023-06-05
Arayat,2023-05-10,2023-05-23,2023-06-06
Arayat,2023-05-11,2023-05-24,2023-06-07
Arayat,2023-05-12,2023-05-25,2023-06-08
Arayat,2023-05-13,2023-05-26,2023-06-09
Arayat,2023-05-14,2023-05-27,2023-06-10
Arayat,2023-05-15,2023-05-28,2023-06-11
Arayat,2023-05-16,2023-05-29,2023-06-12
Arayat,2023-05-17,2023-05-30,2023-06-13
Arayat,2023-05-18,2023-05-31,2023-06-14
Arayat,2023-05-19,2023-06-01,2023-06-15
Arayat,2023-05-20,2023-06-02,2023-06-16
Arayat,2023-05-21,2023-06-03,2023-06-17
Arayat,2023-05-22,2023-06-04,2023-06-18
Arayat,2023-05-23,2023-06-05,2023-06-19
Arayat,2023-05-24,2023-06-06,2023-06-20
Arayat,2023-05-25,2023-06-07,2023-06-21
Arayat,2023-05-26,2023-06-08,2023-06-22
Arayat,2023-05-27,2023-06-09,2023-06-23
Arayat,2023-05-28,2023-06-10,2023-06-24
Arayat,2023-05-29,2023-06-11,2023-06-25
Arayat,2023-05-30,2023-06-12,2023-06-26
Arayat,2023-05-31,2023-06-13,2023-06-27
Arayat,2023-06-01,2023-06-14,2023-06-28
Arayat,2023-06-02,2023-06-15,2023-06-29
Arayat,2023-06-03,2023-06-16,2023-06-30
Arayat,2023-06-04,2023-06-17,2023-07-01
Arayat,2023-06-05,2023-06-18,2023-07-02
Arayat,2023-06-06,2023-06-19,2023-07-03
Arayat,2023-06-07,2023-06-20,2023-07-04
Arayat,2023-06-08,2023-06-21,2023-07-05
Arayat,2023-06-09,2023-06-22,2023-07-06
Arayat,2023-06-10,2023-06-23,2023-07-07
Arayat,2023-06-11,2023-06-24,2023-07-08
Arayat,2023-06-12,2023-06-25,2023-07-09
Arayat,2023-06-13,2023-06-26,2023-07-10
Arayat,2023-06-14,2023-06-27,2023-07-11
Arayat,2023-06-15,2023-06-28,2023-07-12
Arayat,2023-06-16,2023-06-29,2023-07-13
Arayat,2023-06-17,2023-06-30,2023-07-14
Arayat,2023-06-18,2023-07-01,2023-07-15
Arayat,2023-06-19,2023-07-02,2023-07-16
Arayat,2023-06-20,2023-07-03,2023-07-17
Arayat,2023-06-21,2023-07-04,2023-07-18
Arayat,2023-06-22,2023-07-05,2023-07-19
Arayat,2023-06-23,2023-07-06,2023-07-20
Arayat,2023-06-24,2023-07-07,2023-07-21
Arayat,2023-06-25,2023-07-08,2023-07-22
Arayat,2023-06-26,2023-07-09,2023-07-23
Arayat,2023-06-27,2023-07-10,2023-07-24
Arayat,2023-06-28,2023-07-11,2023-07-25
Arayat,2023-06-29,2023-07-12,2023-07-26
Arayat,2023-06-30,2023-07-13,2023-07-27
Arayat,2023-07-01,2023-07-14,2023-07-28
Arayat,2023-07-02,2023-07-15,2023-07-29
Arayat,2023-07-03,2023-07-16,2023-07-30
Arayat,2023-07-04,2023-07-17,2023-07-31
Arayat,2023-07-05,2023-07-18,2023-08-01
Arayat,2023-07-06,2023-07-19,2023-08-02
Arayat,2023-07-07,2023-07-20,2023-08-03
Arayat,2023-07-08,2023-07-21,2023-08-04
Arayat,2023-07-09,2023-07-22,2023-08-05
Arayat,2023-07-10,2023-07-23,2023-08-06
Arayat,2023-07-11,2023-07-24,2023-08-07
Arayat,2023-07-12,2023-07-25,2023-08-08
Arayat,2023-07-13,2023-07-26,2023-08-09
Arayat,2023-07-14,2023-07-27,2023-08-10
Arayat,2023-07-15,2023-07-28,2023-08-11
Arayat,2023-07-16,2023-07-29,2023-08-12
Arayat,2023-07-17,2023-07-30,2023-08-13
Arayat,2023-07-18,2023-07-31,2023-08-14
Arayat,2023-07-19,2023-08-01,2023-08-15
Arayat,2023-07-20,2023-08-02,2023-08-16
Arayat,2023-07-21,2023-08-03,2023-08-17
Arayat,2023-07-22,2023-08-04,2023-08-18
Arayat,2023-07-23,2023-08-05,2023-08-19
Arayat,2023-07-24,2023-08-06,2023-08-20
Arayat,2023-07-25,2023-08-07,2023-08-21
Arayat,2023-07-26,2023-08-08,2023-08-22
Arayat,2023-07-27,2023-08-09,2023-08-23
Arayat,2023-07-28,2023-08-10,2023-08-24
Arayat,2023-07-29,2023-08-11,2023-08-25
Arayat,2023-07-30,2023-08-12,2023-08-26
Arayat,2023-07-31,2023-08-13,2023-08-27
Arayat,2023-08-01,2023-08-14,2023-08-28
Arayat,2023-08-02,2023-08-15,2023-08-29
Arayat,2023-08-03,2023-08-16,2023-08-30
Arayat,2023-08-04,2023-08-17,2023-08-31
Arayat,2023-08-05,2023-08-18,2023-09-01
Arayat,2023-08-06,2023-08-19,2023-09-02
Arayat,2023-08-07,2023-08-20,2023-09-03
Arayat,2023-08-08,2023-08-21,2023-09-04
Arayat,2023-08-09,2023-08-22,2023-09-05
Arayat,2023-08-10,2023-08-23,2023-09-06
Arayat,2023-08-11,2023-08-24,2023-09-07
Arayat,2023-08-12,2023-08-25,2023-09-08
Arayat,2023-08-13,2023-08-26,2023-09-09
Arayat,2023-08-14,2023-08-27,2023-09-10
Arayat,2023-08-15,2023-08-28,2023-09-11
Arayat,2023-08-16,2023-08-29,2023-09-12
Arayat,2023-08-17,2023-08-30,2023-09-13
Arayat,2023-08-18,2023-08-31,2023-09-14
Arayat,2023-08-19,2023-09-01,2023-09-15
Arayat,2023-08-20,2023-09-02,2023-09-16
Arayat,2023-08-21,2023-09-03,2023-09-17
Arayat,2023-08-22,2023-09-04,2023-09-18
Arayat,2023-08-23,2023-09-05,2023-09-19
Arayat,2023-08-24,2023-09-06,2023-09-20
Arayat,2023-08-25,2023-09-07,2023-09-21
Arayat,2023-08-26,2023-09-08,2023-09-22
Arayat,2023-08-27,2023-09-09,2023-09-23
Arayat,2023-08-28,2023-09-10,2023-09-24
Arayat,2023-08-29,2023-09-11,2023-09-25
Arayat,2023-08-30,2023-09-12,2023-09-26
Arayat,2023-08-31,2023-09-13,2023-09-27
Arayat,2023-09-01,2023-09-14,2023-09-28
Arayat,2023-09-02,2023-09-15,2023-09-29
Arayat,2023-09-03,2023-09-16,2023-09-30
Arayat,2023-09-04,2023-09-17,2023-10-01
Arayat,2023-09-05,2023-09-18,2023-10-02
Arayat,2023-09-06,2023-09-19,2023-10-03
Arayat,2023-09-07,2023-09-20,2023-10-04
Arayat,2023-09-08,2023-09-21,2023-10-05
Arayat,2023-09-09,2023-09-22,2023-10-06
Arayat,2023-09-10,2023-09-23,2023-10-07
Arayat,2023-09-11,2023-09-24,2023-10-08
Arayat,2023-09-12,2023-09-25,2023-10-09
Arayat,2023-09-13,2023-09-26,2023-10-10
Arayat,2023-09-14,2023-09-27,2023-10-11
Arayat,2023-09-15,2023-09-28,2023-10-12
Arayat,2023-09-16,2023-09-29,2023-10-13
Arayat,2023-09-17,2023-09-30,2023-10-14
Arayat,2023-09-18,2023-10-01,2023-10-15
Arayat,2023-09-19,2023-10-02,2023-10-16
Arayat,2023-09-20,2023-10-03,2023-10-17
Arayat,2023-09-21,2023-10-04,2023-10-18
Arayat,2023-09-22,2023-10-05,2023-10-19
Arayat,2023-09-23,2023-10-06,2023-10-20
Arayat,2023-09-24,2023-10-07,2023-10-21
Arayat,2023-09-25,2023-10-08,2023-10-22
Arayat,2023-09-26,2023-10-09,2023-10-23
Arayat,2023-09-27,2023-10-10,2023-10-24
Arayat,2023-09-28,2023-10-11,2023-10-25
Arayat,2023-09-29,2023-10-12,2023-10-26
Arayat,2023-09-30,2023-10-13,2023-10-27
Arayat,2023-10-01,2023-10-14,2023-10-28
Arayat,2023-10-02,2023-10-15,2023-10-29
Arayat,2023-10-03,2023-10-16,2023-10-30
Arayat,2023-10-04,2023-10-17,2023-10-31
Arayat,2023-10-05,2023-10-18,2023-11-01
Arayat,2023-10-06,2023-10-19,2023-11-02
Arayat,2023-10-07,2023-10-20,2023-11-03
Arayat,2023-10-08,2023-10-21,2023-11-04
Arayat,2023-10-09,2023-10-22,2023-11-05
Arayat,2023-10-10,2023-10-23,2023-11-06
Arayat,2023-10-11,2023-10-24,2023-11-07
Arayat,2023-10-12,2023-10-25,2023-11-08
Arayat,2023-10-13,2023-10-26,2023-11-09
Arayat,2023-10-14,2023-10-27,2023-11-10
Arayat,2023-10-15,2023-10-28,2023-11-11
Arayat,2023-10-16,2023-10-29,2023-11-12
Arayat,2023-10-17,2023-10-30,2023-11-13
Arayat,2023-10-18,2023-10-31,2023-11-14
Arayat,2023-10-19,2023-11-01,2023-11-15
Arayat,2023-10-20,2023-11-02,2023-11-16
Arayat,2023-10-21,2023-11-03,2023-11-17
Arayat,2023-10-22,2023-11-04,2023-11-18
Arayat,2023-10-23,2023-11-05,2023-11-19
Arayat,2023-10-24,2023-11-06,2023-11-20
Arayat,2023-10-25,2023-11-07,2023-11-21
Arayat,2023-10-26,2023-11-08,2023-11-22
Arayat,2023-10-27,2023-11-09,2023-11-23
Arayat,2023-10-28,2023-11-10,2023-11-24
Arayat,2023-10-29,2023-11-11,2023-11-25
Arayat,2023-10-30,2023-11-12,2023-11-26
Arayat,2023-10-31,2023-11-13,2023-11-27
Arayat,2023-11-01,2023-11-14,2023-11-28
Arayat,2023-11-02,2023-11-15,2023-11-29
Arayat,2023-11-03,2023-11-16,2023-11-30
Arayat,2023-11-04,2023-11-17,2023-12-01
Arayat,2023-11-05,2023-11-18,2023-12-02
Arayat,2023-11-06,2023-11-19,2023-12-03
Arayat,2023-11-07,2023-11-20,2023-12-04
Arayat,2023-11-08,2023-11-21,2023-12-05
Arayat,2023-11-09,2023-11-22,2023-12-06
Arayat,2023-11-10,2023-11-23,2023-12-07
Arayat,2023-11-11,2023-11-24,2023-12-08
Arayat,2023-11-12,2023-11-25,2023-12-09
Arayat,2023-11-13,2023-11-26,2023-12-10
Arayat,2023-11-14,2023-11-27,2023-12-11
Arayat,2023-11-15,2023-11-28,2023-12-12
Arayat,2023-11-16,2023-11-29,2023-12-13
Arayat,2023-11-17,2023-11-30,2023-12-14
Arayat,2023-11-18,2023-12-01,2023-12-15
Arayat,2023-11-19,2023-12-02,2023-12-16
Arayat,2023-11-20,2023-12-03,2023-12-17
Arayat,2023-11-21,2023-12-04,2023-12-18
Arayat,2023-11-22,2023-12-05,2023-12-19
Arayat,2023-11-23,2023-12-06,2023-12-20
Arayat,2023-11-24,2023-12-07,2023-12-21
Arayat,2023-11-25,2023-12-08,2023-12-22
Arayat,2023-11-26,2023-12-09,2023-12-23
Arayat,2023-11-27,2023-12-10,2023-12-24
Arayat,2023-11-28,2023-12-11,2023-12-25
Arayat,2023-11-29,2023-12-12,2023-12-26
Arayat,2023-11-30,2023-12-13,2023-12-27
Arayat,2023-12-01,2023-12-14,2023-12-28
Arayat,2023-12-02,2023-12-15,2023-12-29
Arayat,2023-12-03,2023-12-16,2023-12-30
Arayat,2023-12-04,2023-12-17,2023-12-31
Arayat,2023-12-05,2023-12-18,2024-01-01
Arayat,2023-12-06,2023-12-19,2024-01-02
Arayat,2023-12-07,2023-12-20,2024-01-03
Arayat,2023-12-08,2023-12-21,2024-01-04
Arayat,2023-12-09,2023-12-22,2024-01-05
Arayat,2023-12-10,2023-12-23,2024-01-06
Arayat,2023-12-11,2023-12-24,2024-01-07
Arayat,2023-12-12,2023-12-25,2024-01-08
Arayat,2023-12-13,2023-12-26,2024-01-09
Arayat,2023-12-14,2023-12-27,2024-01-10
Arayat,2023-12-15,2023-12-28,2024-01-11
Arayat,2023-12-16,2023-12-29,2024-01-12
Arayat,2023-12-17,2023-12-30,2024-01-13
Arayat,2023-12-18,2023-12-31,2024-01-14
Arayat,2023-12-19,2024-01-01,2024-01-15
Arayat,2023-12-20,2024-01-02,2024-01-16
Arayat,2023-12-21,2024-01-03,2024-01-17
Arayat,2023-12-22,2024-01-04,2024-01-18
Arayat,2023-12-23,2024-01-05,2024-01-19
Arayat,2023-12-24,2024-01-06,2024-01-20
Arayat,2023-12-25,2024-01-07,2024-01-21
Arayat,2023-12-26,2024-01-08,2024-01-22
Arayat,2023-12-27,2024-01-09,2024-01-23
Arayat,2023-12-28,2024-01-10,2024-01-24
Arayat,2023-12-29,2024-01-11,2024-01-25
Arayat,2023-12-30,2024-01-12,2024-01-26
Arayat,2023-12-31,2024-01-13,2024-01-27
Arayat,2024-01-01,2024-01-14,2024-01-28
Arayat,2024-01-02,2024-01-15,2024-01-29
Arayat,2024-01-03,2024-01-16,2024-01-30
Arayat,2024-01-04,2024-01-17,2024-01-31
Arayat,2024-01-05,2024-01-18,2024-02-01
Arayat,2024-01-06,2024-01-19,2024-02-02
Arayat,2024-01-07,2024-01-20,2024-02-03
Arayat,2024-01-08,2024-01-21,2024-02-04
Arayat,2024-01-09,2024-01-22,2024-02-05
Arayat,2024-01-10,2024-01-23,2024-02-06
Arayat,2024-01-11,2024-01-24,2024-02-07
Arayat,2024-01-12,2024-01-25,2024-02-08
Arayat,2024-01-13,2024-01-26,2024-02-09
Arayat,2024-01-14,2024-01-27,2024-02-10
Arayat,2024-01-15,2024-01-28,2024-02-11
Arayat,2024-01-16,2024-01-29,2024-02-12
Arayat,2024-01-17,2024-01-30,2024-02-13
Arayat,2024-01-18,2024-01-31,2024-02-14
Arayat,2024-01-19,2024-02-01,2024-02-15
Arayat,2024-01-20,2024-02-02,2024-02-16
Arayat,2024-01-21,2024-02-03,2024-02-17
Arayat,2024-01-22,2024-02-04,2024-02-18
Arayat,2024-01-23,2024-02-05,2024-02-19
Arayat,2024-01-24,2024-02-06,2024-02-20
Arayat,2024-01-25,2024-02-07,2024-02-21
Arayat,2024-01-26,2024-02-08,2024-02-22
Arayat,2024-01-27,2024-02-09,2024-02-23
Arayat,2024-01-28,2024-02-10,2024-02-24
Arayat,2024-01-29,2024-02-11,2024-02-25
Arayat,2024-01-30,2024-02-12,2024-02-26
Arayat,2024-01-31,2024-02-13,2024-02-27
Arayat,2024-02-01,2024-02-14,2024-02-28
Arayat,2024-02-02,2024-02-15,2024-02-29
Arayat,2024-02-03,2024-02-16,2024-03-01
Arayat,2024-02-04,2024-02-17,2024-03-02
Arayat,2024-02-05,2024-02-18,2024-03-03
Arayat,2024-02-06,2024-02-19,2024-03-04
Arayat,2024-02-07,2024-02-20,2024-03-05
Arayat,2024-02-08,2024-02-21,2024-03-06
Arayat,2024-02-09,2024-02-22,2024-03-07
Arayat,2024-02-10,2024-02-23,2024-03-08
Arayat,2024-02-11,2024-02-24,2024-03-09
Arayat,2024-02-12,2024-02-25,2024-03-10
Arayat,2024-02-13,2024-02-26,2024-03-11
Arayat,2024-02-14,2024-02-27,2024-03-12
Arayat,2024-02-15,2024-02-28,2024-03-13
Arayat,2024-02-16,2024-02-29,2024-03-14
Arayat,2024-02-17,2024-03-01,2024-03-15
Arayat,2024-02-18,2024-03-02,2024-03-16
Arayat,2024-02-19,2024-03-03,2024-03-17
Arayat,2024-02-20,2024-03-04,2024-03-18
Arayat,2024-02-21,2024-03-05,2024-03-19
Arayat,2024-02-22,2024-03-06,2024-03-20
Arayat,2024-02-23,2024-03-07,2024-03-21
Arayat,2024-02-24,2024-03-08,2024-03-22
Arayat,2024-02-25,2024-03-09,2024-03-23
Arayat,2024-02-26,2024-03-10,2024-03-24
Arayat,2024-02-27,2024-03-11,2024-03-25
Arayat,2024-02-28,2024-03-12,2024-03-26
Arayat,2024-02-29,2024-03-13,2024-03-27
Arayat,2024-03-01,2024-03-14,2024-03-28
Arayat,2024-03-02,2024-03-15,2024-03-29
Arayat,2024-03-03,2024-03-16,2024-03-30
Arayat,2024-03-04,2024-03-17,2024-03-31
Arayat,2024-03-05,2024-03-18,2024-04-01
Arayat,2024-03-06,2024-03-19,2024-04-02
Arayat,2024-03-07,2024-03-20,2024-04-03
Arayat,2024-03-08,2024-03-21,2024-04-04
Arayat,2024-03-09,2024-03-22,2024-04-05
Arayat,2024-03-10,2024-03-23,2024-04-06
Arayat,2024-03-11,2024-03-24,2024-04-07
Arayat,2024-03-12,2024-03-25,2024-04-08
Arayat,2024-03-13,2024-03-26,2024-04-09
Arayat,2024-03-14,2024-03-27,2024-04-10
Arayat,2024-03-15,2024-03-28,2024-04-11
Arayat,2024-03-16,2024-03-29,2024-04-12
Arayat,2024-03-17,2024-03-30,2024-04-13
Arayat,2024-03-18,2024-03-31,2024-04-14
Arayat,2024-03-19,2024-04-01,2024-04-15
Arayat,2024-03-20,2024-04-02,2024-04-16
Arayat,2024-03-21,2024-04-03,2024-04-17
Arayat,2024-03-22,2024-04-04,2024-04-18
Arayat,2024-03-23,2024-04-05,2024-04-19
Arayat,2024-03-24,2024-04-06,2024-04-20
Arayat,2024-03-25,2024-04-07,2024-04-21
Arayat,2024-03-26,2024-04-08,2024-04-22
Arayat,2024-03-27,2024-04-09,2024-04-23
Arayat,2024-03-28,2024-04-10,2024-04-24
Arayat,2024-03-29,2024-04-11,2024-04-25
Arayat,2024-03-30,2024-04-12,2024-04-26
Arayat,2024-03-31,2024-04-13,2024-04-27
Arayat,2024-04-01,2024-04-14,2024-04-28
Arayat,2024-04-02,2024-04-15,2024-04-29
Arayat,2024-04-03,2024-04-16,2024-04-30
Arayat,2024-04-04,2024-04-17,2024-05-01
Arayat,2024-04-05,2024-04-18,2024-05-02
Arayat,2024-04-06,2024-04-19,2024-05-03
Arayat,2024-04-07,2024-04-20,2024-05-04
Arayat,2024-04-08,2024-04-21,2024-05-05
Arayat,2024-04-09,2024-04-22,2024-05-06
Arayat,2024-04-10,2024-04-23,2024-05-07
Arayat,2024-04-11,2024-04-24,2024-05-08
Arayat,2024-04-12,2024-04-25,2024-05-09
Arayat,2024-04-13,2024-04-26,2024-05-10
Arayat,2024-04-14,2024-04-27,2024-05-11
Arayat,2024-04-15,2024-04-28,2024-05-12
Arayat,2024-04-16,2024-04-29,2024-05-13
Arayat,2024-04-17,2024-04-30,2024-05-14
Arayat,2024-04-18,2024-05-01,2024-05-15
Arayat,2024-04-19,2024-05-02,2024-05-16
Arayat,2024-04-20,2024-05-03,2024-05-17
Arayat,2024-04-21,2024-05-04,2024-05-18
Arayat,2024-04-22,2024-05-05,2024-05-19
Arayat,2024-04-23,2024-05-06,2024-05-20
Arayat,2024-04-24,2024-05-07,2024-05-21
Arayat,2024-04-25,2024-05-08,2024-05-22
Arayat,2024-04-26,2024-05-09,2024-05-23
Arayat,2024-04-27,2024-05-10,2024-05-24
Arayat,2024-04-28,2024-05-11,2024-05-25
Arayat,2024-04-29,2024-05-12,2024-05-26
Arayat,2024-04-30,2024-05-13,2024-05-27
Arayat,2024-05-01,2024-05-14,2024-05-28
Arayat,2024-05-02,2024-05-15,2024-05-29
Arayat,2024-05-03,2024-05-16,2024-05-30
Arayat,2024-05-04,2024-05-17,2024-05-31
Arayat,2024-05-05,2024-05-18,2024-06-01
Arayat,2024-05-06,2024-05-19,2024-06-02
Arayat,2024-05-07,2024-05-20,2024-06-03
Arayat,2024-05-08,2024-05-21,2024-06-04
Arayat,2024-05-09,2024-05-22,2024-06-05
Arayat,2024-05-10,2024-05-23,2024-06-06
Arayat,2024-05-11,2024-05-24,2024-06-07
Arayat,2024-05-12,2024-05-25,2024-06-08
Arayat,2024-05-13,2024-05-26,2024-06-09
Arayat,2024-05-14,2024-05-27,2024-06-10
Arayat,2024-05-15,2024-05-28,2024-06-11
Arayat,2024-05-16,2024-05-29,2024-06-12
Arayat,2024-05-17,2024-05-30,2024-06-13
Arayat,2024-05-18,2024-05-31,2024-06-14
Arayat,2024-05-19,2024-06-01,2024-06-15
Arayat,2024-05-20,2024-06-02,2024-06-16
Arayat,2024-05-21,2024-06-03,2024-06-17
Arayat,2024-05-22,2024-06-04,2024-06-18
Arayat,2024-05-23,2024-06-05,2024-06-19
Arayat,2024-05-24,2024-06-06,2024-06-20
Arayat,2024-05-25,2024-06-07,2024-06-21
Arayat,2024-05-26,2024-06-08,2024-06-22
Arayat,2024-05-27,2024-06-09,2024-06-23
Arayat,2024-05-28,2024-06-10,2024-06-24
Arayat,2024-05-29,2024-06-11,2024-06-25
Arayat,2024-05-30,2024-06-12,2024-06-26
Arayat,2024-05-31,2024-06-13,2024-06-27
Arayat,2024-06-01,2024-06-14,2024-06-28
Arayat,2024-06-02,2024-06-15,2024-06-29
Arayat,2024-06-03,2024-06-16,2024-06-30
Arayat,2024-06-04,2024-06-17,2024-07-01
Arayat,2024-06-05,2024-06-18,2024-07-02
Arayat,2024-06-06,2024-06-19,2024-07-03
Arayat,2024-06-07,2024-06-20,2024-07-04
Arayat,2024-06-08,2024-06-21,2024-07-05
Arayat,2024-06-09,2024-06-22,2024-07-06
Arayat,2024-06-10,2024-06-23,2024-07-07
Arayat,2024-06-11,2024-06-24,2024-07-08
Arayat,2024-06-12,2024-06-25,2024-07-09
Arayat,2024-06-13,2024-06-26,2024-07-10
Arayat,2024-06-14,2024-06-27,2024-07-11
Arayat,2024-06-15,2024-06-28,2024-07-12
Arayat,2024-06-16,2024-06-29,2024-07-13
Arayat,2024-06-17,2024-06-30,2024-07-14
Arayat,2024-06-18,2024-07-01,2024-07-15
Arayat,2024-06-19,2024-07-02,2024-07-16
Arayat,2024-06-20,2024-07-03,2024-07-17
Arayat,2024-06-21,2024-07-04,2024-07-18
Arayat,2024-06-22,2024-07-05,2024-07-19
Arayat,2024-06-23,2024-07-06,2024-07-20
Arayat,2024-06-24,2024-07-07,2024-07-21
Arayat,2024-06-25,2024-07-08,2024-07-22
Arayat,2024-06-26,2024-07-09,2024-07-23
Arayat,2024-06-27,2024-07-10,2024-07-24
Arayat,2024-06-28,2024-07-11,2024-07-25
Arayat,2024-06-29,2024-07-12,2024-07-26
Arayat,2024-06-30,2024-07-13,2024-07-27
Arayat,2024-07-01,2024-07-14,2024-07-28
Arayat,2024-07-02,2024-07-15,2024-07-29
Arayat,2024-07-03,2024-07-16,2024-07-30
Arayat,2024-07-04,2024-07-17,2024-07-31
Arayat,2024-07-05,2024-07-18,2024-08-01
Arayat,2024-07-06,2024-07-19,2024-08-02
Arayat,2024-07-07,2024-07-20,2024-08-03
Arayat,2024-07-08,2024-07-21,2024-08-04
Arayat,2024-07-09,2024-07-22,2024-08-05
Arayat,2024-07-10,2024-07-23,2024-08-06
Arayat,2024-07-11,2024-07-24,2024-08-07
Arayat,2024-07-12,2024-07-25,2024-08-08
Arayat,2024-07-13,2024-07-26,2024-08-09
Arayat,2024-07-14,2024-07-27,2024-08-10
Arayat,2024-07-15,2024-07-28,2024-08-11
Arayat,2024-07-16,2024-07-29,2024-08-12
Arayat,2024-07-17,2024-07-30,2024-08-13
Arayat,2024-07-18,2024-07-31,2024-08-14
Arayat,2024-07-19,2024-08-01,2024-08-15
Arayat,2024-07-20,2024-08-02,2024-08-16
Arayat,2024-07-21,2024-08-03,2024-08-17
Arayat,2024-07-22,2024-08-04,2024-08-18
Arayat,2024-07-23,2024-08-05,2024-08-19
Arayat,2024-07-24,2024-08-06,2024-08-20
Arayat,2024-07-25,2024-08-07,2024-08-21
Arayat,2024-07-26,2024-08-08,2024-08-22
Arayat,2024-07-27,2024-08-09,2024-08-23
Arayat,2024-07-28,2024-08-10,2024-08-24
Arayat,2024-07-29,2024-08-11,2024-08-25
Arayat,2024-07-30,2024-08-12,2024-08-26
Arayat,2024-07-31,2024-08-13,2024-08-27
Arayat,2024-08-01,2024-08-14,2024-08-28
Arayat,2024-08-02,2024-08-15,2024-08-29
Arayat,2024-08-03,2024-08-16,2024-08-30
Arayat,2024-08-04,2024-08-17,2024-08-31
Arayat,2024-08-05,2024-08-18,2024-09-01
Arayat,2024-08-06,2024-08-19,2024-09-02
Arayat,2024-08-07,2024-08-20,2024-09-03
Arayat,2024-08-08,2024-08-21,2024-09-04
Arayat,2024-08-09,2024-08-22,2024-09-05
Arayat,2024-08-10,2024-08-23,2024-09-06
Arayat,2024-08-11,2024-08-24,2024-09-07
Arayat,2024-08-12,2024-08-25,2024-09-08
Arayat,2024-08-13,2024-08-26,2024-09-09
Arayat,2024-08-14,2024-08-27,2024-09-10
Arayat,2024-08-15,2024-08-28,2024-09-11
Arayat,2024-08-16,2024-08-29,2024-09-12
Arayat,2024-08-17,2024-08-30,2024-09-13
Arayat,2024-08-18,2024-08-31,2024-09-14
Arayat,2024-08-19,2024-09-01,2024-09-15
Arayat,2024-08-20,2024-09-02,2024-09-16
Arayat,2024-08-21,2024-09-03,2024-09-17
Arayat,2024-08-22,2024-09-04,2024-09-18
Arayat,2024-08-23,2024-09-05,2024-09-19
Arayat,2024-08-24,2024-09-06,2024-09-20
Arayat,2024-08-25,2024-09-07,2024-09-21
Arayat,2024-08-26,2024-09-08,2024-09-22
Arayat,2024-08-27,2024-09-09,2024-09-23
Arayat,2024-08-28,2024-09-10,2024-09-24
Arayat,2024-08-29,2024-09-11,2024-09-25
Arayat,2024-08-30,2024-09-12,2024-09-26
Arayat,2024-08-31,2024-09-13,2024-09-27
Arayat,2024-09-01,2024-09-14,2024-09-28
Arayat,2024-09-02,2024-09-15,2024-09-29
Arayat,2024-09-03,2024-09-16,2024-09-30
Arayat,2024-09-04,2024-09-17,2024-10-01
Arayat,2024-09-05,2024-09-18,2024-10-02
Arayat,2024-09-06,2024-09-19,2024-10-03
Arayat,2024-09-07,2024-09-20,2024-10-04
Arayat,2024-09-08,2024-09-21,2024-10-05
Arayat,2024-09-09,2024-09-22,2024-10-06
Arayat,2024-09-10,2024-09-23,2024-10-07
Arayat,2024-09-11,2024-09-24,2024-10-08
Arayat,2024-09-12,2024-09-25,2024-10-09
Arayat,2024-09-13,2024-09-26,2024-10-10
Arayat,2024-09-14,2024-09-27,2024-10-11
Arayat,2024-09-15,2024-09-28,2024-10-12
Arayat,2024-09-16,2024-09-29,2024-10-13
Arayat,2024-09-17,2024-09-30,2024-10-14
Arayat,2024-09-18,2024-10-01,2024-10-15
Arayat,2024-09-19,2024-10-02,2024-10-16
Arayat,2024-09-20,2024-10-03,2024-10-17
Arayat,2024-09-21,2024-10-04,2024-10-18
Arayat,2024-09-22,2024-10-05,2024-10-19
Arayat,2024-09-23,2024-10-06,2024-10-20
Arayat,2024-09-24,2024-10-07,2024-10-21
Arayat,2024-09-25,2024-10-08,2024-10-22
Arayat,2024-09-26,2024-10-09,2024-10-23
Arayat,2024-09-27,2024-10-10,2024-10-24
Arayat,2024-09-28,2024-10-11,2024-10-25
Arayat,2024-09-29,2024-10-12,2024-10-26
Arayat,2024-09-30,2024-10-13,2024-10-27
Arayat,2024-10-01,2024-10-14,2024-10-28
Arayat,2024-10-02,2024-10-15,2024-10-29
Arayat,2024-10-03,2024-10-16,2024-10-30
Arayat,2024-10-04,2024-10-17,2024-10-31
Arayat,2024-10-05,2024-10-18,2024-11-01
Arayat,2024-10-06,2024-10-19,2024-11-02
Arayat,2024-10-07,2024-10-20,2024-11-03
Arayat,2024-10-08,2024-10-21,2024-11-04
Arayat,2024-10-09,2024-10-22,2024-11-05
Arayat,2024-10-10,2024-10-23,2024-11-06
Arayat,2024-10-11,2024-10-24,2024-11-07
Arayat,2024-10-12,2024-10-25,2024-11-08
Arayat,2024-10-13,2024-10-26,2024-11-09
Arayat,2024-10-14,2024-10-27,2024-11-10
Arayat,2024-10-15,2024-10-28,2024-11-11
Arayat,2024-10-16,2024-10-29,2024-11-12
Arayat,2024-10-17,2024-10-30,2024-11-13
Arayat,2024-10-18,2024-10-31,2024-11-14
Arayat,2024-10-19,2024-11-01,2024-11-15
Arayat,2024-10-20,2024-11-02,2024-11-16
Arayat,2024-10-21,2024-11-03,2024-11-17
Arayat,2024-10-22,2024-11-04,2024-11-18
Arayat,2024-10-23,2024-11-05,2024-11-19
Arayat,2024-10-24,2024-11-06,2024-11-20
Arayat,2024-10-25,2024-11-07,2024-11-21
Arayat,2024-10-26,2024-11-08,2024-11-22
Arayat,2024-10-27,2024-11-09,2024-11-23
Arayat,2024-10-28,2024-11-10,2024-11-24
Arayat,2024-10-29,2024-11-11,2024-11-25
Arayat,2024-10-30,2024-11-12,2024-11-26
Arayat,2024-10-31,2024-11-13,2024-11-27
Arayat,2024-11-01,2024-11-14,2024-11-28
Arayat,2024-11-02,2024-11-15,2024-11-29
Arayat,2024-11-03,2024-11-16,2024-11-30
Arayat,2024-11-04,2024-11-17,2024-12-01
Arayat,2024-11-05,2024-11-18,2024-12-02
Arayat,2024-11-06,2024-11-19,2024-12-03
Arayat,2024-11-07,2024-11-20,2024-12-04
Arayat,2024-11-08,2024-11-21,2024-12-05
Arayat,2024-11-09,2024-11-22,2024-12-06
Arayat,2024-11-10,2024-11-23,2024-12-07
Arayat,2024-11-11,2024-11-24,2024-12-08
Arayat,2024-11-12,2024-11-25,2024-12-09
Arayat,2024-11-13,2024-11-26,2024-12-10
Arayat,2024-11-14,2024-11-27,2024-12-11
Arayat,2024-11-15,2024-11-28,2024-12-12
Arayat,2024-11-16,2024-11-29,2024-12-13
Arayat,2024-11-17,2024-11-30,2024-12-14
Arayat,2024-11-18,2024-12-01,2024-12-15
Arayat,2024-11-19,2024-12-02,2024-12-16
Arayat,2024-11-20,2024-12-03,2024-12-17
Arayat,2024-11-21,2024-12-04,2024-12-18
Arayat,2024-11-22,2024-12-05,2024-12-19
Arayat,2024-11-23,2024-12-06,2024-12-20
Arayat,2024-11-24,2024-12-07,2024-12-21
Arayat,2024-11-25,2024-12-08,2024-12-22
Arayat,2024-11-26,2024-12-09,2024-12-23
Arayat,2024-11-27,2024-12-10,2024-12-24
Arayat,2024-11-28,2024-12-11,2024-12-25
Arayat,2024-11-29,2024-12-12,2024-12-26
Arayat,2024-11-30,2024-12-13,2024-12-27
Arayat,2024-12-01,2024-12-14,2024-12-28
Arayat,2024-12-02,2024-12-15,2024-12-29
Arayat,2024-12-03,2024-12-16,2024-12-30
Arayat,2024-12-04,2024-12-17,2024-12-31
Cabanatuan City,2019-01-01,2019-01-14,2019-01-28
Cabanatuan City,2019-01-02,2019-01-15,2019-01-29
Cabanatuan City,2019-01-03,2019-01-16,2019-01-30
Cabanatuan City,2019-01-04,2019-01-17,2019-01-31
Cabanatuan City,2019-01-05,2019-01-18,2019-02-01
Cabanatuan City,2019-01-06,2019-01-19,2019-02-02
Cabanatuan City,2019-01-07,2019-01-20,2019-02-03
Cabanatuan City,2019-01-08,2019-01-21,2019-02-04
Cabanatuan City,2019-01-09,2019-01-22,2019-02-05
Cabanatuan City,2019-01-10,2019-01-23,2019-02-06
Cabanatuan City,2019-01-11,2019-01-24,2019-02-07
Cabanatuan City,2019-01-12,2019-01-25,2019-02-08
Cabanatuan City,2019-01-13,2019-01-26,2019-02-09
Cabanatuan City,2019-01-14,2019-01-27,2019-02-10
Cabanatuan City,2019-01-15,2019-01-28,2019-02-11
Cabanatuan City,2019-01-16,2019-01-29,2019-02-12
Cabanatuan City,2019-01-17,2019-01-30,2019-02-13
Cabanatuan City,2019-01-18,2019-01-31,2019-02-14
Cabanatuan City,2019-01-19,2019-02-01,2019-02-15
Cabanatuan City,2019-01-20,2019-02-02,2019-02-16
Cabanatuan City,2019-01-21,2019-02-03,2019-02-17
Cabanatuan City,2019-01-22,2019-02-04,2019-02-18
Cabanatuan City,2019-01-23,2019-02-05,2019-02-19
Cabanatuan City,2019-01-24,2019-02-06,2019-02-20
Cabanatuan City,2019-01-25,2019-02-07,2019-02-21
Cabanatuan City,2019-01-26,2019-02-08,2019-02-22
Cabanatuan City,2019-01-27,2019-02-09,2019-02-23
Cabanatuan City,2019-01-28,2019-02-10,2019-02-24
Cabanatuan City,2019-01-29,2019-02-11,2019-02-25
Cabanatuan City,2019-01-30,2019-02-12,2019-02-26
Cabanatuan City,2019-01-31,2019-02-13,2019-02-27
Cabanatuan City,2019-02-01,2019-02-14,2019-02-28
Cabanatuan City,2019-02-02,2019-02-15,2019-03-01
Cabanatuan City,2019-02-03,2019-02-16,2019-03-02
Cabanatuan City,2019-02-04,2019-02-17,2019-03-03
Cabanatuan City,2019-02-05,2019-02-18,2019-03-04
Cabanatuan City,2019-02-06,2019-02-19,2019-03-05
Cabanatuan City,2019-02-07,2019-02-20,2019-03-06
Cabanatuan City,2019-02-08,2019-02-21,2019-03-07
Cabanatuan City,2019-02-09,2019-02-22,2019-03-08
Cabanatuan City,2019-02-10,2019-02-23,2019-03-09
Cabanatuan City,2019-02-11,2019-02-24,2019-03-10
Cabanatuan City,2019-02-12,2019-02-25,2019-03-11
Cabanatuan City,2019-02-13,2019-02-26,2019-03-12
Cabanatuan City,2019-02-14,2019-02-27,2019-03-13
Cabanatuan City,2019-02-15,2019-02-28,2019-03-14
Cabanatuan City,2019-02-16,2019-03-01,2019-03-15
Cabanatuan City,2019-02-17,2019-03-02,2019-03-16
Cabanatuan City,2019-02-18,2019-03-03,2019-03-17
Cabanatuan City,2019-02-19,2019-03-04,2019-03-18
Cabanatuan City,2019-02-20,2019-03-05,2019-03-19
Cabanatuan City,2019-02-21,2019-03-06,2019-03-20
Cabanatuan City,2019-02-22,2019-03-07,2019-03-21
Cabanatuan City,2019-02-23,2019-03-08,2019-03-22
Cabanatuan City,2019-02-24,2019-03-09,2019-03-23
Cabanatuan City,2019-02-25,2019-03-10,2019-03-24
Cabanatuan City,2019-02-26,2019-03-11,2019-03-25
Cabanatuan City,2019-02-27,2019-03-12,2019-03-26
Cabanatuan City,2019-02-28,2019-03-13,2019-03-27
Cabanatuan City,2019-03-01,2019-03-14,2019-03-28
Cabanatuan City,2019-03-02,2019-03-15,2019-03-29
Cabanatuan City,2019-03-03,2019-03-16,2019-03-30
Cabanatuan City,2019-03-04,2019-03-17,2019-03-31
Cabanatuan City,2019-03-05,2019-03-18,2019-04-01
Cabanatuan City,2019-03-06,2019-03-19,2019-04-02
Cabanatuan City,2019-03-07,2019-03-20,2019-04-03
Cabanatuan City,2019-03-08,2019-03-21,2019-04-04
Cabanatuan City,2019-03-09,2019-03-22,2019-04-05
Cabanatuan City,2019-03-10,2019-03-23,2019-04-06
Cabanatuan City,2019-03-11,2019-03-24,2019-04-07
Cabanatuan City,2019-03-12,2019-03-25,2019-04-08
Cabanatuan City,2019-03-13,2019-03-26,2019-04-09
Cabanatuan City,2019-03-14,2019-03-27,2019-04-10
Cabanatuan City,2019-03-15,2019-03-28,2019-04-11
Cabanatuan City,2019-03-16,2019-03-29,2019-04-12
Cabanatuan City,2019-03-17,2019-03-30,2019-04-13
Cabanatuan City,2019-03-18,2019-03-31,2019-04-14
Cabanatuan City,2019-03-19,2019-04-01,2019-04-15
Cabanatuan City,2019-03-20,2019-04-02,2019-04-16
Cabanatuan City,2019-03-21,2019-04-03,2019-04-17
Cabanatuan City,2019-03-22,2019-04-04,2019-04-18
Cabanatuan City,2019-03-23,2019-04-05,2019-04-19
Cabanatuan City,2019-03-24,2019-04-06,2019-04-20
Cabanatuan City,2019-03-25,2019-04-07,2019-04-21
Cabanatuan City,2019-03-26,2019-04-08,2019-04-22
Cabanatuan City,2019-03-27,2019-04-09,2019-04-23
Cabanatuan City,2019-03-28,2019-04-10,2019-04-24
Cabanatuan City,2019-03-29,2019-04-11,2019-04-25
Cabanatuan City,2019-03-30,2019-04-12,2019-04-26
Cabanatuan City,2019-03-31,2019-04-13,2019-04-27
Cabanatuan City,2019-04-01,2019-04-14,2019-04-28
Cabanatuan City,2019-04-02,2019-04-15,2019-04-29
Cabanatuan City,2019-04-03,2019-04-16,2019-04-30
Cabanatuan City,2019-04-04,2019-04-17,2019-05-01
Cabanatuan City,2019-04-05,2019-04-18,2019-05-02
Cabanatuan City,2019-04-06,2019-04-19,2019-05-03
Cabanatuan City,2019-04-07,2019-04-20,2019-05-04
Cabanatuan City,2019-04-08,2019-04-21,2019-05-05
Cabanatuan City,2019-04-09,2019-04-22,2019-05-06
Cabanatuan City,2019-04-10,2019-04-23,2019-05-07
Cabanatuan City,2019-04-11,2019-04-24,2019-05-08
Cabanatuan City,2019-04-12,2019-04-25,2019-05-09
Cabanatuan City,2019-04-13,2019-04-26,2019-05-10
Cabanatuan City,2019-04-14,2019-04-27,2019-05-11
Cabanatuan City,2019-04-15,2019-04-28,2019-05-12
Cabanatuan City,2019-04-16,2019-04-29,2019-05-13
Cabanatuan City,2019-04-17,2019-04-30,2019-05-14
Cabanatuan City,2019-04-18,2019-05-01,2019-05-15
Cabanatuan City,2019-04-19,2019-05-02,2019-05-16
Cabanatuan City,2019-04-20,2019-05-03,2019-05-17
Cabanatuan City,2019-04-21,2019-05-04,2019-05-18
Cabanatuan City,2019-04-22,2019-05-05,2019-05-19
Cabanatuan City,2019-04-23,2019-05-06,2019-05-20
Cabanatuan City,2019-04-24,2019-05-07,2019-05-21
Cabanatuan City,2019-04-25,2019-05-08,2019-05-22
Cabanatuan City,2019-04-26,2019-05-09,2019-05-23
Cabanatuan City,2019-04-27,2019-05-10,2019-05-24
Cabanatuan City,2019-04-28,2019-05-11,2019-05-25
Cabanatuan City,2019-04-29,2019-05-12,2019-05-26
Cabanatuan City,2019-04-30,2019-05-13,2019-05-27
Cabanatuan City,2019-05-01,2019-05-14,2019-05-28
Cabanatuan City,2019-05-02,2019-05-15,2019-05-29
Cabanatuan City,2019-05-03,2019-05-16,2019-05-30
Cabanatuan City,2019-05-04,2019-05-17,2019-05-31
Cabanatuan City,2019-05-05,2019-05-18,2019-06-01
Cabanatuan City,2019-05-06,2019-05-19,2019-06-02
Cabanatuan City,2019-05-07,2019-05-20,2019-06-03
Cabanatuan City,2019-05-08,2019-05-21,2019-06-04
Cabanatuan City,2019-05-09,2019-05-22,2019-06-05
Cabanatuan City,2019-05-10,2019-05-23,2019-06-06
Cabanatuan City,2019-05-11,2019-05-24,2019-06-07
Cabanatuan City,2019-05-12,2019-05-25,2019-06-08
Cabanatuan City,2019-05-13,2019-05-26,2019-06-09
Cabanatuan City,2019-05-14,2019-05-27,2019-06-10
Cabanatuan City,2019-05-15,2019-05-28,2019-06-11
Cabanatuan City,2019-05-16,2019-05-29,2019-06-12
Cabanatuan City,2019-05-17,2019-05-30,2019-06-13
Cabanatuan City,2019-05-18,2019-05-31,2019-06-14
Cabanatuan City,2019-05-19,2019-06-01,2019-06-15
Cabanatuan City,2019-05-20,2019-06-02,2019-06-16
Cabanatuan City,2019-05-21,2019-06-03,2019-06-17
Cabanatuan City,2019-05-22,2019-06-04,2019-06-18
Cabanatuan City,2019-05-23,2019-06-05,2019-06-19
Cabanatuan City,2019-05-24,2019-06-06,2019-06-20
Cabanatuan City,2019-05-25,2019-06-07,2019-06-21
Cabanatuan City,2019-05-26,2019-06-08,2019-06-22
Cabanatuan City,2019-05-27,2019-06-09,2019-06-23
Cabanatuan City,2019-05-28,2019-06-10,2019-06-24
Cabanatuan City,2019-05-29,2019-06-11,2019-06-25
Cabanatuan City,2019-05-30,2019-06-12,2019-06-26
Cabanatuan City,2019-05-31,2019-06-13,2019-06-27
Cabanatuan City,2019-06-01,2019-06-14,2019-06-28
Cabanatuan City,2019-06-02,2019-06-15,2019-06-29
Cabanatuan City,2019-06-03,2019-06-16,2019-06-30
Cabanatuan City,2019-06-04,2019-06-17,2019-07-01
Cabanatuan City,2019-06-05,2019-06-18,2019-07-02
Cabanatuan City,2019-06-06,2019-06-19,2019-07-03
Cabanatuan City,2019-06-07,2019-06-20,2019-07-04
Cabanatuan City,2019-06-08,2019-06-21,2019-07-05
Cabanatuan City,2019-06-09,2019-06-22,2019-07-06
Cabanatuan City,2019-06-10,2019-06-23,2019-07-07
Cabanatuan City,2019-06-11,2019-06-24,2019-07-08
Cabanatuan City,2019-06-12,2019-06-25,2019-07-09
Cabanatuan City,2019-06-13,2019-06-26,2019-07-10
Cabanatuan City,2019-06-14,2019-06-27,2019-07-11
Cabanatuan City,2019-06-15,2019-06-28,2019-07-12
Cabanatuan City,2019-06-16,2019-06-29,2019-07-13
Cabanatuan City,2019-06-17,2019-06-30,2019-07-14
Cabanatuan City,2019-06-18,2019-07-01,2019-07-15
Cabanatuan City,2019-06-19,2019-07-02,2019-07-16
Cabanatuan City,2019-06-20,2019-07-03,2019-07-17
Cabanatuan City,2019-06-21,2019-07-04,2019-07-18
Cabanatuan City,2019-06-22,2019-07-05,2019-07-19
Cabanatuan City,2019-06-23,2019-07-06,2019-07-20
Cabanatuan City,2019-06-24,2019-07-07,2019-07-21
Cabanatuan City,2019-06-25,2019-07-08,2019-07-22
Cabanatuan City,2019-06-26,2019-07-09,2019-07-23
Cabanatuan City,2019-06-27,2019-07-10,2019-07-24
Cabanatuan City,2019-06-28,2019-07-11,2019-07-25
Cabanatuan City,2019-06-29,2019-07-12,2019-07-26
Cabanatuan City,2019-06-30,2019-07-13,2019-07-27
Cabanatuan City,2019-07-01,2019-07-14,2019-07-28
Cabanatuan City,2019-07-02,2019-07-15,2019-07-29
Cabanatuan City,2019-07-03,2019-07-16,2019-07-30
Cabanatuan City,2019-07-04,2019-07-17,2019-07-31
Cabanatuan City,2019-07-05,2019-07-18,2019-08-01
Cabanatuan City,2019-07-06,2019-07-19,2019-08-02
Cabanatuan City,2019-07-07,2019-07-20,2019-08-03
Cabanatuan City,2019-07-08,2019-07-21,2019-08-04
Cabanatuan City,2019-07-09,2019-07-22,2019-08-05
Cabanatuan City,2019-07-10,2019-07-23,2019-08-06
Cabanatuan City,2019-07-11,2019-07-24,2019-08-07
Cabanatuan City,2019-07-12,2019-07-25,2019-08-08
Cabanatuan City,2019-07-13,2019-07-26,2019-08-09
Cabanatuan City,2019-07-14,2019-07-27,2019-08-10
Cabanatuan City,2019-07-15,2019-07-28,2019-08-11
Cabanatuan City,2019-07-16,2019-07-29,2019-08-12
Cabanatuan City,2019-07-17,2019-07-30,2019-08-13
Cabanatuan City,2019-07-18,2019-07-31,2019-08-14
Cabanatuan City,2019-07-19,2019-08-01,2019-08-15
Cabanatuan City,2019-07-20,2019-08-02,2019-08-16
Cabanatuan City,2019-07-21,2019-08-03,2019-08-17
Cabanatuan City,2019-07-22,2019-08-04,2019-08-18
Cabanatuan City,2019-07-23,2019-08-05,2019-08-19
Cabanatuan City,2019-07-24,2019-08-06,2019-08-20
Cabanatuan City,2019-07-25,2019-08-07,2019-08-21
Cabanatuan City,2019-07-26,2019-08-08,2019-08-22
Cabanatuan City,2019-07-27,2019-08-09,2019-08-23
Cabanatuan City,2019-07-28,2019-08-10,2019-08-24
Cabanatuan City,2019-07-29,2019-08-11,2019-08-25
Cabanatuan City,2019-07-30,2019-08-12,2019-08-26
Cabanatuan City,2019-07-31,2019-08-13,2019-08-27
Cabanatuan City,2019-08-01,2019-08-14,2019-08-28
Cabanatuan City,2019-08-02,2019-08-15,2019-08-29
Cabanatuan City,2019-08-03,2019-08-16,2019-08-30
Cabanatuan City,2019-08-04,2019-08-17,2019-08-31
Cabanatuan City,2019-08-05,2019-08-18,2019-09-01
Cabanatuan City,2019-08-06,2019-08-19,2019-09-02
Cabanatuan City,2019-08-07,2019-08-20,2019-09-03
Cabanatuan City,2019-08-08,2019-08-21,2019-09-04
Cabanatuan City,2019-08-09,2019-08-22,2019-09-05
Cabanatuan City,2019-08-10,2019-08-23,2019-09-06
Cabanatuan City,2019-08-11,2019-08-24,2019-09-07
Cabanatuan City,2019-08-12,2019-08-25,2019-09-08
Cabanatuan City,2019-08-13,2019-08-26,2019-09-09
Cabanatuan City,2019-08-14,2019-08-27,2019-09-10
Cabanatuan City,2019-08-15,2019-08-28,2019-09-11
Cabanatuan City,2019-08-16,2019-08-29,2019-09-12
Cabanatuan City,2019-08-17,2019-08-30,2019-09-13
Cabanatuan City,2019-08-18,2019-08-31,2019-09-14
Cabanatuan City,2019-08-19,2019-09-01,2019-09-15
Cabanatuan City,2019-08-20,2019-09-02,2019-09-16
Cabanatuan City,2019-08-21,2019-09-03,2019-09-17
Cabanatuan City,2019-08-22,2019-09-04,2019-09-18
Cabanatuan City,2019-08-23,2019-09-05,2019-09-19
Cabanatuan City,2019-08-24,2019-09-06,2019-09-20
Cabanatuan City,2019-08-25,2019-09-07,2019-09-21
Cabanatuan City,2019-08-26,2019-09-08,2019-09-22
Cabanatuan City,2019-08-27,2019-09-09,2019-09-23
Cabanatuan City,2019-08-28,2019-09-10,2019-09-24
Cabanatuan City,2019-08-29,2019-09-11,2019-09-25
Cabanatuan City,2019-08-30,2019-09-12,2019-09-26
Cabanatuan City,2019-08-31,2019-09-13,2019-09-27
Cabanatuan City,2019-09-01,2019-09-14,2019-09-28
Cabanatuan City,2019-09-02,2019-09-15,2019-09-29
Cabanatuan City,2019-09-03,2019-09-16,2019-09-30
Cabanatuan City,2019-09-04,2019-09-17,2019-10-01
Cabanatuan City,2019-09-05,2019-09-18,2019-10-02
Cabanatuan City,2019-09-06,2019-09-19,2019-10-03
Cabanatuan City,2019-09-07,2019-09-20,2019-10-04
Cabanatuan City,2019-09-08,2019-09-21,2019-10-05
Cabanatuan City,2019-09-09,2019-09-22,2019-10-06
Cabanatuan City,2019-09-10,2019-09-23,2019-10-07
Cabanatuan City,2019-09-11,2019-09-24,2019-10-08
Cabanatuan City,2019-09-12,2019-09-25,2019-10-09
Cabanatuan City,2019-09-13,2019-09-26,2019-10-10
Cabanatuan City,2019-09-14,2019-09-27,2019-10-11
Cabanatuan City,2019-09-15,2019-09-28,2019-10-12
Cabanatuan City,2019-09-16,2019-09-29,2019-10-13
Cabanatuan City,2019-09-17,2019-09-30,2019-10-14
Cabanatuan City,2019-09-18,2019-10-01,2019-10-15
Cabanatuan City,2019-09-19,2019-10-02,2019-10-16
Cabanatuan City,2019-09-20,2019-10-03,2019-10-17
Cabanatuan City,2019-09-21,2019-10-04,2019-10-18
Cabanatuan City,2019-09-22,2019-10-05,2019-10-19
Cabanatuan City,2019-09-23,2019-10-06,2019-10-20
Cabanatuan City,2019-09-24,2019-10-07,2019-10-21
Cabanatuan City,2019-09-25,2019-10-08,2019-10-22
Cabanatuan City,2019-09-26,2019-10-09,2019-10-23
Cabanatuan City,2019-09-27,2019-10-10,2019-10-24
Cabanatuan City,2019-09-28,2019-10-11,2019-10-25
Cabanatuan City,2019-09-29,2019-10-12,2019-10-26
Cabanatuan City,2019-09-30,2019-10-13,2019-10-27
Cabanatuan City,2019-10-01,2019-10-14,2019-10-28
Cabanatuan City,2019-10-02,2019-10-15,2019-10-29
Cabanatuan City,2019-10-03,2019-10-16,2019-10-30
Cabanatuan City,2019-10-04,2019-10-17,2019-10-31
Cabanatuan City,2019-10-05,2019-10-18,2019-11-01
Cabanatuan City,2019-10-06,2019-10-19,2019-11-02
Cabanatuan City,2019-10-07,2019-10-20,2019-11-03
Cabanatuan City,2019-10-08,2019-10-21,2019-11-04
Cabanatuan City,2019-10-09,2019-10-22,2019-11-05
Cabanatuan City,2019-10-10,2019-10-23,2019-11-06
Cabanatuan City,2019-10-11,2019-10-24,2019-11-07
Cabanatuan City,2019-10-12,2019-10-25,2019-11-08
Cabanatuan City,2019-10-13,2019-10-26,2019-11-09
Cabanatuan City,2019-10-14,2019-10-27,2019-11-10
Cabanatuan City,2019-10-15,2019-10-28,2019-11-11
Cabanatuan City,2019-10-16,2019-10-29,2019-11-12
Cabanatuan City,2019-10-17,2019-10-30,2019-11-13
Cabanatuan City,2019-10-18,2019-10-31,2019-11-14
Cabanatuan City,2019-10-19,2019-11-01,2019-11-15
Cabanatuan City,2019-10-20,2019-11-02,2019-11-16
Cabanatuan City,2019-10-21,2019-11-03,2019-11-17
Cabanatuan City,2019-10-22,2019-11-04,2019-11-18
Cabanatuan City,2019-10-23,2019-11-05,2019-11-19
Cabanatuan City,2019-10-24,2019-11-06,2019-11-20
Cabanatuan City,2019-10-25,2019-11-07,2019-11-21
Cabanatuan City,2019-10-26,2019-11-08,2019-11-22
Cabanatuan City,2019-10-27,2019-11-09,2019-11-23
Cabanatuan City,2019-10-28,2019-11-10,2019-11-24
Cabanatuan City,2019-10-29,2019-11-11,2019-11-25
Cabanatuan City,2019-10-30,2019-11-12,2019-11-26
Cabanatuan City,2019-10-31,2019-11-13,2019-11-27
Cabanatuan City,2019-11-01,2019-11-14,2019-11-28
Cabanatuan City,2019-11-02,2019-11-15,2019-11-29
Cabanatuan City,2019-11-03,2019-11-16,2019-11-30
Cabanatuan City,2019-11-04,2019-11-17,2019-12-01
Cabanatuan City,2019-11-05,2019-11-18,2019-12-02
Cabanatuan City,2019-11-06,2019-11-19,2019-12-03
Cabanatuan City,2019-11-07,2019-11-20,2019-12-04
Cabanatuan City,2019-11-08,2019-11-21,2019-12-05
Cabanatuan City,2019-11-09,2019-11-22,2019-12-06
Cabanatuan City,2019-11-10,2019-11-23,2019-12-07
Cabanatuan City,2019-11-11,2019-11-24,2019-12-08
Cabanatuan City,2019-11-12,2019-11-25,2019-12-09
Cabanatuan City,2019-11-13,2019-11-26,2019-12-10
Cabanatuan City,2019-11-14,2019-11-27,2019-12-11
Cabanatuan City,2019-11-15,2019-11-28,2019-12-12
Cabanatuan City,2019-11-16,2019-11-29,2019-12-13
Cabanatuan City,2019-11-17,2019-11-30,2019-12-14
Cabanatuan City,2019-11-18,2019-12-01,2019-12-15
Cabanatuan City,2019-11-19,2019-12-02,2019-12-16
Cabanatuan City,2019-11-20,2019-12-03,2019-12-17
Cabanatuan City,2019-11-21,2019-12-04,2019-12-18
Cabanatuan City,2019-11-22,2019-12-05,2019-12-19
Cabanatuan City,2019-11-23,2019-12-06,2019-12-20
Cabanatuan City,2019-11-24,2019-12-07,2019-12-21
Cabanatuan City,2019-11-25,2019-12-08,2019-12-22
Cabanatuan City,2019-11-26,2019-12-09,2019-12-23
Cabanatuan City,2019-11-27,2019-12-10,2019-12-24
Cabanatuan City,2019-11-28,2019-12-11,2019-12-25
Cabanatuan City,2019-11-29,2019-12-12,2019-12-26
Cabanatuan City,2019-11-30,2019-12-13,2019-12-27
Cabanatuan City,2019-12-01,2019-12-14,2019-12-28
Cabanatuan City,2019-12-02,2019-12-15,2019-12-29
Cabanatuan City,2019-12-03,2019-12-16,2019-12-30
Cabanatuan City,2019-12-04,2019-12-17,2019-12-31
Cabanatuan City,2019-12-05,2019-12-18,2020-01-01
Cabanatuan City,2019-12-06,2019-12-19,2020-01-02
Cabanatuan City,2019-12-07,2019-12-20,2020-01-03
Cabanatuan City,2019-12-08,2019-12-21,2020-01-04
Cabanatuan City,2019-12-09,2019-12-22,2020-01-05
Cabanatuan City,2019-12-10,2019-12-23,2020-01-06
Cabanatuan City,2019-12-11,2019-12-24,2020-01-07
Cabanatuan City,2019-12-12,2019-12-25,2020-01-08
Cabanatuan City,2019-12-13,2019-12-26,2020-01-09
Cabanatuan City,2019-12-14,2019-12-27,2020-01-10
Cabanatuan City,2019-12-15,2019-12-28,2020-01-11
Cabanatuan City,2019-12-16,2019-12-29,2020-01-12
Cabanatuan City,2019-12-17,2019-12-30,2020-01-13
Cabanatuan City,2019-12-18,2019-12-31,2020-01-14
Cabanatuan City,2019-12-19,2020-01-01,2020-01-15
Cabanatuan City,2019-12-20,2020-01-02,2020-01-16
Cabanatuan City,2019-12-21,2020-01-03,2020-01-17
Cabanatuan City,2019-12-22,2020-01-04,2020-01-18
Cabanatuan City,2019-12-23,2020-01-05,2020-01-19
Cabanatuan City,2019-12-24,2020-01-06,2020-01-20
Cabanatuan City,2019-12-25,2020-01-07,2020-01-21
Cabanatuan City,2019-12-26,2020-01-08,2020-01-22
Cabanatuan City,2019-12-27,2020-01-09,2020-01-23
Cabanatuan City,2019-12-28,2020-01-10,2020-01-24
Cabanatuan City,2019-12-29,2020-01-11,2020-01-25
Cabanatuan City,2019-12-30,2020-01-12,2020-01-26
Cabanatuan City,2019-12-31,2020-01-13,2020-01-27
Cabanatuan City,2020-01-01,2020-01-14,2020-01-28
Cabanatuan City,2020-01-02,2020-01-15,2020-01-29
Cabanatuan City,2020-01-03,2020-01-16,2020-01-30
Cabanatuan City,2020-01-04,2020-01-17,2020-01-31
Cabanatuan City,2020-01-05,2020-01-18,2020-02-01
Cabanatuan City,2020-01-06,2020-01-19,2020-02-02
Cabanatuan City,2020-01-07,2020-01-20,2020-02-03
Cabanatuan City,2020-01-08,2020-01-21,2020-02-04
Cabanatuan City,2020-01-09,2020-01-22,2020-02-05
Cabanatuan City,2020-01-10,2020-01-23,2020-02-06
Cabanatuan City,2020-01-11,2020-01-24,2020-02-07
Cabanatuan City,2020-01-12,2020-01-25,2020-02-08
Cabanatuan City,2020-01-13,2020-01-26,2020-02-09
Cabanatuan City,2020-01-14,2020-01-27,2020-02-10
Cabanatuan City,2020-01-15,2020-01-28,2020-02-11
Cabanatuan City,2020-01-16,2020-01-29,2020-02-12
Cabanatuan City,2020-01-17,2020-01-30,2020-02-13
Cabanatuan City,2020-01-18,2020-01-31,2020-02-14
Cabanatuan City,2020-01-19,2020-02-01,2020-02-15
Cabanatuan City,2020-01-20,2020-02-02,2020-02-16
Cabanatuan City,2020-01-21,2020-02-03,2020-02-17
Cabanatuan City,2020-01-22,2020-02-04,2020-02-18
Cabanatuan City,2020-01-23,2020-02-05,2020-02-19
Cabanatuan City,2020-01-24,2020-02-06,2020-02-20
Cabanatuan City,2020-01-25,2020-02-07,2020-02-21
Cabanatuan City,2020-01-26,2020-02-08,2020-02-22
Cabanatuan City,2020-01-27,2020-02-09,2020-02-23
Cabanatuan City,2020-01-28,2020-02-10,2020-02-24
Cabanatuan City,2020-01-29,2020-02-11,2020-02-25
Cabanatuan City,2020-01-30,2020-02-12,2020-02-26
Cabanatuan City,2020-01-31,2020-02-13,2020-02-27
Cabanatuan City,2020-02-01,2020-02-14,2020-02-28
Cabanatuan City,2020-02-02,2020-02-15,2020-02-29
Cabanatuan City,2020-02-03,2020-02-16,2020-03-01
Cabanatuan City,2020-02-04,2020-02-17,2020-03-02
Cabanatuan City,2020-02-05,2020-02-18,2020-03-03
Cabanatuan City,2020-02-06,2020-02-19,2020-03-04
Cabanatuan City,2020-02-07,2020-02-20,2020-03-05
Cabanatuan City,2020-02-08,2020-02-21,2020-03-06
Cabanatuan City,2020-02-09,2020-02-22,2020-03-07
Cabanatuan City,2020-02-10,2020-02-23,2020-03-08
Cabanatuan City,2020-02-11,2020-02-24,2020-03-09
Cabanatuan City,2020-02-12,2020-02-25,2020-03-10
Cabanatuan City,2020-02-13,2020-02-26,2020-03-11
Cabanatuan City,2020-02-14,2020-02-27,2020-03-12
Cabanatuan City,2020-02-15,2020-02-28,2020-03-13
Cabanatuan City,2020-02-16,2020-02-29,2020-03-14
Cabanatuan City,2020-02-17,2020-03-01,2020-03-15
Cabanatuan City,2020-02-18,2020-03-02,2020-03-16
Cabanatuan City,2020-02-19,2020-03-03,2020-03-17
Cabanatuan City,2020-02-20,2020-03-04,2020-03-18
Cabanatuan City,2020-02-21,2020-03-05,2020-03-19
Cabanatuan City,2020-02-22,2020-03-06,2020-03-20
Cabanatuan City,2020-02-23,2020-03-07,2020-03-21
Cabanatuan City,2020-02-24,2020-03-08,2020-03-22
Cabanatuan City,2020-02-25,2020-03-09,2020-03-23
Cabanatuan City,2020-02-26,2020-03-10,2020-03-24
Cabanatuan City,2020-02-27,2020-03-11,2020-03-25
Cabanatuan City,2020-02-28,2020-03-12,2020-03-26
Cabanatuan City,2020-02-29,2020-03-13,2020-03-27
Cabanatuan City,2020-03-01,2020-03-14,2020-03-28
Cabanatuan City,2020-03-02,2020-03-15,2020-03-29
Cabanatuan City,2020-03-03,2020-03-16,2020-03-30
Cabanatuan City,2020-03-04,2020-03-17,2020-03-31
Cabanatuan City,2020-03-05,2020-03-18,2020-04-01
Cabanatuan City,2020-03-06,2020-03-19,2020-04-02
Cabanatuan City,2020-03-07,2020-03-20,2020-04-03
Cabanatuan City,2020-03-08,2020-03-21,2020-04-04
Cabanatuan City,2020-03-09,2020-03-22,2020-04-05
Cabanatuan City,2020-03-10,2020-03-23,2020-04-06
Cabanatuan City,2020-03-11,2020-03-24,2020-04-07
Cabanatuan City,2020-03-12,2020-03-25,2020-04-08
Cabanatuan City,2020-03-13,2020-03-26,2020-04-09
Cabanatuan City,2020-03-14,2020-03-27,2020-04-10
Cabanatuan City,2020-03-15,2020-03-28,2020-04-11
Cabanatuan City,2020-03-16,2020-03-29,2020-04-12
Cabanatuan City,2020-03-17,2020-03-30,2020-04-13
Cabanatuan City,2020-03-18,2020-03-31,2020-04-14
Cabanatuan City,2020-03-19,2020-04-01,2020-04-15
Cabanatuan City,2020-03-20,2020-04-02,2020-04-16
Cabanatuan City,2020-03-21,2020-04-03,2020-04-17
Cabanatuan City,2020-03-22,2020-04-04,2020-04-18
Cabanatuan City,2020-03-23,2020-04-05,2020-04-19
Cabanatuan City,2020-03-24,2020-04-06,2020-04-20
Cabanatuan City,2020-03-25,2020-04-07,2020-04-21
Cabanatuan City,2020-03-26,2020-04-08,2020-04-22
Cabanatuan City,2020-03-27,2020-04-09,2020-04-23
Cabanatuan City,2020-03-28,2020-04-10,2020-04-24
Cabanatuan City,2020-03-29,2020-04-11,2020-04-25
Cabanatuan City,2020-03-30,2020-04-12,2020-04-26
Cabanatuan City,2020-03-31,2020-04-13,2020-04-27
Cabanatuan City,2020-04-01,2020-04-14,2020-04-28
Cabanatuan City,2020-04-02,2020-04-15,2020-04-29
Cabanatuan City,2020-04-03,2020-04-16,2020-04-30
Cabanatuan City,2020-04-04,2020-04-17,2020-05-01
Cabanatuan City,2020-04-05,2020-04-18,2020-05-02
Cabanatuan City,2020-04-06,2020-04-19,2020-05-03
Cabanatuan City,2020-04-07,2020-04-20,2020-05-04
Cabanatuan City,2020-04-08,2020-04-21,2020-05-05
Cabanatuan City,2020-04-09,2020-04-22,2020-05-06
Cabanatuan City,2020-04-10,2020-04-23,2020-05-07
Cabanatuan City,2020-04-11,2020-04-24,2020-05-08
Cabanatuan City,2020-04-12,2020-04-25,2020-05-09
Cabanatuan City,2020-04-13,2020-04-26,2020-05-10
Cabanatuan City,2020-04-14,2020-04-27,2020-05-11
Cabanatuan City,2020-04-15,2020-04-28,2020-05-12
Cabanatuan City,2020-04-16,2020-04-29,2020-05-13
Cabanatuan City,2020-04-17,2020-04-30,2020-05-14
Cabanatuan City,2020-04-18,2020-05-01,2020-05-15
Cabanatuan City,2020-04-19,2020-05-02,2020-05-16
Cabanatuan City,2020-04-20,2020-05-03,2020-05-17
Cabanatuan City,2020-04-21,2020-05-04,2020-05-18
Cabanatuan City,2020-04-22,2020-05-05,2020-05-19
Cabanatuan City,2020-04-23,2020-05-06,2020-05-20
Cabanatuan City,2020-04-24,2020-05-07,2020-05-21
Cabanatuan City,2020-04-25,2020-05-08,2020-05-22
Cabanatuan City,2020-04-26,2020-05-09,2020-05-23
Cabanatuan City,2020-04-27,2020-05-10,2020-05-24
Cabanatuan City,2020-04-28,2020-05-11,2020-05-25
Cabanatuan City,2020-04-29,2020-05-12,2020-05-26
Cabanatuan City,2020-04-30,2020-05-13,2020-05-27
Cabanatuan City,2020-05-01,2020-05-14,2020-05-28
Cabanatuan City,2020-05-02,2020-05-15,2020-05-29
Cabanatuan City,2020-05-03,2020-05-16,2020-05-30
Cabanatuan City,2020-05-04,2020-05-17,2020-05-31
Cabanatuan City,2020-05-05,2020-05-18,2020-06-01
Cabanatuan City,2020-05-06,2020-05-19,2020-06-02
Cabanatuan City,2020-05-07,2020-05-20,2020-06-03
Cabanatuan City,2020-05-08,2020-05-21,2020-06-04
Cabanatuan City,2020-05-09,2020-05-22,2020-06-05
Cabanatuan City,2020-05-10,2020-05-23,2020-06-06
Cabanatuan City,2020-05-11,2020-05-24,2020-06-07
Cabanatuan City,2020-05-12,2020-05-25,2020-06-08
Cabanatuan City,2020-05-13,2020-05-26,2020-06-09
Cabanatuan City,2020-05-14,2020-05-27,2020-06-10
Cabanatuan City,2020-05-15,2020-05-28,2020-06-11
Cabanatuan City,2020-05-16,2020-05-29,2020-06-12
Cabanatuan City,2020-05-17,2020-05-30,2020-06-13
Cabanatuan City,2020-05-18,2020-05-31,2020-06-14
Cabanatuan City,2020-05-19,2020-06-01,2020-06-15
Cabanatuan City,2020-05-20,2020-06-02,2020-06-16
Cabanatuan City,2020-05-21,2020-06-03,2020-06-17
Cabanatuan City,2020-05-22,2020-06-04,2020-06-18
Cabanatuan City,2020-05-23,2020-06-05,2020-06-19
Cabanatuan City,2020-05-24,2020-06-06,2020-06-20
Cabanatuan City,2020-05-25,2020-06-07,2020-06-21
Cabanatuan City,2020-05-26,2020-06-08,2020-06-22
Cabanatuan City,2020-05-27,2020-06-09,2020-06-23
Cabanatuan City,2020-05-28,2020-06-10,2020-06-24
Cabanatuan City,2020-05-29,2020-06-11,2020-06-25
Cabanatuan City,2020-05-30,2020-06-12,2020-06-26
Cabanatuan City,2020-05-31,2020-06-13,2020-06-27
Cabanatuan City,2020-06-01,2020-06-14,2020-06-28
Cabanatuan City,2020-06-02,2020-06-15,2020-06-29
Cabanatuan City,2020-06-03,2020-06-16,2020-06-30
Cabanatuan City,2020-06-04,2020-06-17,2020-07-01
Cabanatuan City,2020-06-05,2020-06-18,2020-07-02
Cabanatuan City,2020-06-06,2020-06-19,2020-07-03
Cabanatuan City,2020-06-07,2020-06-20,2020-07-04
Cabanatuan City,2020-06-08,2020-06-21,2020-07-05
Cabanatuan City,2020-06-09,2020-06-22,2020-07-06
Cabanatuan City,2020-06-10,2020-06-23,2020-07-07
Cabanatuan City,2020-06-11,2020-06-24,2020-07-08
Cabanatuan City,2020-06-12,2020-06-25,2020-07-09
Cabanatuan City,2020-06-13,2020-06-26,2020-07-10
Cabanatuan City,2020-06-14,2020-06-27,2020-07-11
Cabanatuan City,2020-06-15,2020-06-28,2020-07-12
Cabanatuan City,2020-06-16,2020-06-29,2020-07-13
Cabanatuan City,2020-06-17,2020-06-30,2020-07-14
Cabanatuan City,2020-06-18,2020-07-01,2020-07-15
Cabanatuan City,2020-06-19,2020-07-02,2020-07-16
Cabanatuan City,2020-06-20,2020-07-03,2020-07-17
Cabanatuan City,2020-06-21,2020-07-04,2020-07-18
Cabanatuan City,2020-06-22,2020-07-05,2020-07-19
Cabanatuan City,2020-06-23,2020-07-06,2020-07-20
Cabanatuan City,2020-06-24,2020-07-07,2020-07-21
Cabanatuan City,2020-06-25,2020-07-08,2020-07-22
Cabanatuan City,2020-06-26,2020-07-09,2020-07-23
Cabanatuan City,2020-06-27,2020-07-10,2020-07-24
Cabanatuan City,2020-06-28,2020-07-11,2020-07-25
Cabanatuan City,2020-06-29,2020-07-12,2020-07-26
Cabanatuan City,2020-06-30,2020-07-13,2020-07-27
Cabanatuan City,2020-07-01,2020-07-14,2020-07-28
Cabanatuan City,2020-07-02,2020-07-15,2020-07-29
Cabanatuan City,2020-07-03,2020-07-16,2020-07-30
Cabanatuan City,2020-07-04,2020-07-17,2020-07-31
Cabanatuan City,2020-07-05,2020-07-18,2020-08-01
Cabanatuan City,2020-07-06,2020-07-19,2020-08-02
Cabanatuan City,2020-07-07,2020-07-20,2020-08-03
Cabanatuan City,2020-07-08,2020-07-21,2020-08-04
Cabanatuan City,2020-07-09,2020-07-22,2020-08-05
Cabanatuan City,2020-07-10,2020-07-23,2020-08-06
Cabanatuan City,2020-07-11,2020-07-24,2020-08-07
Cabanatuan City,2020-07-12,2020-07-25,2020-08-08
Cabanatuan City,2020-07-13,2020-07-26,2020-08-09
Cabanatuan City,2020-07-14,2020-07-27,2020-08-10
Cabanatuan City,2020-07-15,2020-07-28,2020-08-11
Cabanatuan City,2020-07-16,2020-07-29,2020-08-12
Cabanatuan City,2020-07-17,2020-07-30,2020-08-13
Cabanatuan City,2020-07-18,2020-07-31,2020-08-14
Cabanatuan City,2020-07-19,2020-08-01,2020-08-15
Cabanatuan City,2020-07-20,2020-08-02,2020-08-16
Cabanatuan City,2020-07-21,2020-08-03,2020-08-17
Cabanatuan City,2020-07-22,2020-08-04,2020-08-18
Cabanatuan City,2020-07-23,2020-08-05,2020-08-19
Cabanatuan City,2020-07-24,2020-08-06,2020-08-20
Cabanatuan City,2020-07-25,2020-08-07,2020-08-21
Cabanatuan City,2020-07-26,2020-08-08,2020-08-22
Cabanatuan City,2020-07-27,2020-08-09,2020-08-23
Cabanatuan City,2020-07-28,2020-08-10,2020-08-24
Cabanatuan City,2020-07-29,2020-08-11,2020-08-25
Cabanatuan City,2020-07-30,2020-08-12,2020-08-26
Cabanatuan City,2020-07-31,2020-08-13,2020-08-27
Cabanatuan City,2020-08-01,2020-08-14,2020-08-28
Cabanatuan City,2020-08-02,2020-08-15,2020-08-29
Cabanatuan City,2020-08-03,2020-08-16,2020-08-30
Cabanatuan City,2020-08-04,2020-08-17,2020-08-31
Cabanatuan City,2020-08-05,2020-08-18,2020-09-01
Cabanatuan City,2020-08-06,2020-08-19,2020-09-02
Cabanatuan City,2020-08-07,2020-08-20,2020-09-03
Cabanatuan City,2020-08-08,2020-08-21,2020-09-04
Cabanatuan City,2020-08-09,2020-08-22,2020-09-05
Cabanatuan City,2020-08-10,2020-08-23,2020-09-06
Cabanatuan City,2020-08-11,2020-08-24,2020-09-07
Cabanatuan City,2020-08-12,2020-08-25,2020-09-08
Cabanatuan City,2020-08-13,2020-08-26,2020-09-09
Cabanatuan City,2020-08-14,2020-08-27,2020-09-10
Cabanatuan City,2020-08-15,2020-08-28,2020-09-11
Cabanatuan City,2020-08-16,2020-08-29,2020-09-12
Cabanatuan City,2020-08-17,2020-08-30,2020-09-13
Cabanatuan City,2020-08-18,2020-08-31,2020-09-14
Cabanatuan City,2020-08-19,2020-09-01,2020-09-15
Cabanatuan City,2020-08-20,2020-09-02,2020-09-16
Cabanatuan City,2020-08-21,2020-09-03,2020-09-17
Cabanatuan City,2020-08-22,2020-09-04,2020-09-18
Cabanatuan City,2020-08-23,2020-09-05,2020-09-19
Cabanatuan City,2020-08-24,2020-09-06,2020-09-20
Cabanatuan City,2020-08-25,2020-09-07,2020-09-21
Cabanatuan City,2020-08-26,2020-09-08,2020-09-22
Cabanatuan City,2020-08-27,2020-09-09,2020-09-23
Cabanatuan City,2020-08-28,2020-09-10,2020-09-24
Cabanatuan City,2020-08-29,2020-09-11,2020-09-25
Cabanatuan City,2020-08-30,2020-09-12,2020-09-26
Cabanatuan City,2020-08-31,2020-09-13,2020-09-27
Cabanatuan City,2020-09-01,2020-09-14,2020-09-28
Cabanatuan City,2020-09-02,2020-09-15,2020-09-29
Cabanatuan City,2020-09-03,2020-09-16,2020-09-30
Cabanatuan City,2020-09-04,2020-09-17,2020-10-01
Cabanatuan City,2020-09-05,2020-09-18,2020-10-02
Cabanatuan City,2020-09-06,2020-09-19,2020-10-03
Cabanatuan City,2020-09-07,2020-09-20,2020-10-04
Cabanatuan City,2020-09-08,2020-09-21,2020-10-05
Cabanatuan City,2020-09-09,2020-09-22,2020-10-06
Cabanatuan City,2020-09-10,2020-09-23,2020-10-07
Cabanatuan City,2020-09-11,2020-09-24,2020-10-08
Cabanatuan City,2020-09-12,2020-09-25,2020-10-09
Cabanatuan City,2020-09-13,2020-09-26,2020-10-10
Cabanatuan City,2020-09-14,2020-09-27,2020-10-11
Cabanatuan City,2020-09-15,2020-09-28,2020-10-12
Cabanatuan City,2020-09-16,2020-09-29,2020-10-13
Cabanatuan City,2020-09-17,2020-09-30,2020-10-14
Cabanatuan City,2020-09-18,2020-10-01,2020-10-15
Cabanatuan City,2020-09-19,2020-10-02,2020-10-16
Cabanatuan City,2020-09-20,2020-10-03,2020-10-17
Cabanatuan City,2020-09-21,2020-10-04,2020-10-18
Cabanatuan City,2020-09-22,2020-10-05,2020-10-19
Cabanatuan City,2020-09-23,2020-10-06,2020-10-20
Cabanatuan City,2020-09-24,2020-10-07,2020-10-21
Cabanatuan City,2020-09-25,2020-10-08,2020-10-22
Cabanatuan City,2020-09-26,2020-10-09,2020-10-23
Cabanatuan City,2020-09-27,2020-10-10,2020-10-24
Cabanatuan City,2020-09-28,2020-10-11,2020-10-25
Cabanatuan City,2020-09-29,2020-10-12,2020-10-26
Cabanatuan City,2020-09-30,2020-10-13,2020-10-27
Cabanatuan City,2020-10-01,2020-10-14,2020-10-28
Cabanatuan City,2020-10-02,2020-10-15,2020-10-29
Cabanatuan City,2020-10-03,2020-10-16,2020-10-30
Cabanatuan City,2020-10-04,2020-10-17,2020-10-31
Cabanatuan City,2020-10-05,2020-10-18,2020-11-01
Cabanatuan City,2020-10-06,2020-10-19,2020-11-02
Cabanatuan City,2020-10-07,2020-10-20,2020-11-03
Cabanatuan City,2020-10-08,2020-10-21,2020-11-04
Cabanatuan City,2020-10-09,2020-10-22,2020-11-05
Cabanatuan City,2020-10-10,2020-10-23,2020-11-06
Cabanatuan City,2020-10-11,2020-10-24,2020-11-07
Cabanatuan City,2020-10-12,2020-10-25,2020-11-08
Cabanatuan City,2020-10-13,2020-10-26,2020-11-09
Cabanatuan City,2020-10-14,2020-10-27,2020-11-10
Cabanatuan City,2020-10-15,2020-10-28,2020-11-11
Cabanatuan City,2020-10-16,2020-10-29,2020-11-12
Cabanatuan City,2020-10-17,2020-10-30,2020-11-13
Cabanatuan City,2020-10-18,2020-10-31,2020-11-14
Cabanatuan City,2020-10-19,2020-11-01,2020-11-15
Cabanatuan City,2020-10-20,2020-11-02,2020-11-16
Cabanatuan City,2020-10-21,2020-11-03,2020-11-17
Cabanatuan City,2020-10-22,2020-11-04,2020-11-18
Cabanatuan City,2020-10-23,2020-11-05,2020-11-19
Cabanatuan City,2020-10-24,2020-11-06,2020-11-20
Cabanatuan City,2020-10-25,2020-11-07,2020-11-21
Cabanatuan City,2020-10-26,2020-11-08,2020-11-22
Cabanatuan City,2020-10-27,2020-11-09,2020-11-23
Cabanatuan City,2020-10-28,2020-11-10,2020-11-24
Cabanatuan City,2020-10-29,2020-11-11,2020-11-25
Cabanatuan City,2020-10-30,2020-11-12,2020-11-26
Cabanatuan City,2020-10-31,2020-11-13,2020-11-27
Cabanatuan City,2020-11-01,2020-11-14,2020-11-28
Cabanatuan City,2020-11-02,2020-11-15,2020-11-29
Cabanatuan City,2020-11-03,2020-11-16,2020-11-30
Cabanatuan City,2020-11-04,2020-11-17,2020-12-01
Cabanatuan City,2020-11-05,2020-11-18,2020-12-02
Cabanatuan City,2020-11-06,2020-11-19,2020-12-03
Cabanatuan City,2020-11-07,2020-11-20,2020-12-04
Cabanatuan City,2020-11-08,2020-11-21,2020-12-05
Cabanatuan City,2020-11-09,2020-11-22,2020-12-06
Cabanatuan City,2020-11-10,2020-11-23,2020-12-07
Cabanatuan City,2020-11-11,2020-11-24,2020-12-08
Cabanatuan City,2020-11-12,2020-11-25,2020-12-09
Cabanatuan City,2020-11-13,2020-11-26,2020-12-10
Cabanatuan City,2020-11-14,2020-11-27,2020-12-11
Cabanatuan City,2020-11-15,2020-11-28,2020-12-12
Cabanatuan City,2020-11-16,2020-11-29,2020-12-13
Cabanatuan City,2020-11-17,2020-11-30,2020-12-14
Cabanatuan City,2020-11-18,2020-12-01,2020-12-15
Cabanatuan City,2020-11-19,2020-12-02,2020-12-16
Cabanatuan City,2020-11-20,2020-12-03,2020-12-17
Cabanatuan City,2020-11-21,2020-12-04,2020-12-18
Cabanatuan City,2020-11-22,2020-12-05,2020-12-19
Cabanatuan City,2020-11-23,2020-12-06,2020-12-20
Cabanatuan City,2020-11-24,2020-12-07,2020-12-21
Cabanatuan City,2020-11-25,2020-12-08,2020-12-22
Cabanatuan City,2020-11-26,2020-12-09,2020-12-23
Cabanatuan City,2020-11-27,2020-12-10,2020-12-24
Cabanatuan City,2020-11-28,2020-12-11,2020-12-25
Cabanatuan City,2020-11-29,2020-12-12,2020-12-26
Cabanatuan City,2020-11-30,2020-12-13,2020-12-27
Cabanatuan City,2020-12-01,2020-12-14,2020-12-28
Cabanatuan City,2020-12-02,2020-12-15,2020-12-29
Cabanatuan City,2020-12-03,2020-12-16,2020-12-30
Cabanatuan City,2020-12-04,2020-12-17,2020-12-31
Cabanatuan City,2020-12-05,2020-12-18,2021-01-01
Cabanatuan City,2020-12-06,2020-12-19,2021-01-02
Cabanatuan City,2020-12-07,2020-12-20,2021-01-03
Cabanatuan City,2020-12-08,2020-12-21,2021-01-04
Cabanatuan City,2020-12-09,2020-12-22,2021-01-05
Cabanatuan City,2020-12-10,2020-12-23,2021-01-06
Cabanatuan City,2020-12-11,2020-12-24,2021-01-07
Cabanatuan City,2020-12-12,2020-12-25,2021-01-08
Cabanatuan City,2020-12-13,2020-12-26,2021-01-09
Cabanatuan City,2020-12-14,2020-12-27,2021-01-10
Cabanatuan City,2020-12-15,2020-12-28,2021-01-11
Cabanatuan City,2020-12-16,2020-12-29,2021-01-12
Cabanatuan City,2020-12-17,2020-12-30,2021-01-13
Cabanatuan City,2020-12-18,2020-12-31,2021-01-14
Cabanatuan City,2020-12-19,2021-01-01,2021-01-15
Cabanatuan City,2020-12-20,2021-01-02,2021-01-16
Cabanatuan City,2020-12-21,2021-01-03,2021-01-17
Cabanatuan City,2020-12-22,2021-01-04,2021-01-18
Cabanatuan City,2020-12-23,2021-01-05,2021-01-19
Cabanatuan City,2020-12-24,2021-01-06,2021-01-20
Cabanatuan City,2020-12-25,2021-01-07,2021-01-21
Cabanatuan City,2020-12-26,2021-01-08,2021-01-22
Cabanatuan City,2020-12-27,2021-01-09,2021-01-23
Cabanatuan City,2020-12-28,2021-01-10,2021-01-24
Cabanatuan City,2020-12-29,2021-01-11,2021-01-25
Cabanatuan City,2020-12-30,2021-01-12,2021-01-26
Cabanatuan City,2020-12-31,2021-01-13,2021-01-27
Cabanatuan City,2021-01-01,2021-01-14,2021-01-28
Cabanatuan City,2021-01-02,2021-01-15,2021-01-29
Cabanatuan City,2021-01-03,2021-01-16,2021-01-30
Cabanatuan City,2021-01-04,2021-01-17,2021-01-31
Cabanatuan City,2021-01-05,2021-01-18,2021-02-01
Cabanatuan City,2021-01-06,2021-01-19,2021-02-02
Cabanatuan City,2021-01-07,2021-01-20,2021-02-03
Cabanatuan City,2021-01-08,2021-01-21,2021-02-04
Cabanatuan City,2021-01-09,2021-01-22,2021-02-05
Cabanatuan City,2021-01-10,2021-01-23,2021-02-06
Cabanatuan City,2021-01-11,2021-01-24,2021-02-07
Cabanatuan City,2021-01-12,2021-01-25,2021-02-08
Cabanatuan City,2021-01-13,2021-01-26,2021-02-09
Cabanatuan City,2021-01-14,2021-01-27,2021-02-10
Cabanatuan City,2021-01-15,2021-01-28,2021-02-11
Cabanatuan City,2021-01-16,2021-01-29,2021-02-12
Cabanatuan City,2021-01-17,2021-01-30,2021-02-13
Cabanatuan City,2021-01-18,2021-01-31,2021-02-14
Cabanatuan City,2021-01-19,2021-02-01,2021-02-15
Cabanatuan City,2021-01-20,2021-02-02,2021-02-16
Cabanatuan City,2021-01-21,2021-02-03,2021-02-17
Cabanatuan City,2021-01-22,2021-02-04,2021-02-18
Cabanatuan City,2021-01-23,2021-02-05,2021-02-19
Cabanatuan City,2021-01-24,2021-02-06,2021-02-20
Cabanatuan City,2021-01-25,2021-02-07,2021-02-21
Cabanatuan City,2021-01-26,2021-02-08,2021-02-22
Cabanatuan City,2021-01-27,2021-02-09,2021-02-23
Cabanatuan City,2021-01-28,2021-02-10,2021-02-24
Cabanatuan City,2021-01-29,2021-02-11,2021-02-25
Cabanatuan City,2021-01-30,2021-02-12,2021-02-26
Cabanatuan City,2021-01-31,2021-02-13,2021-02-27
Cabanatuan City,2021-02-01,2021-02-14,2021-02-28
Cabanatuan City,2021-02-02,2021-02-15,2021-03-01
Cabanatuan City,2021-02-03,2021-02-16,2021-03-02
Cabanatuan City,2021-02-04,2021-02-17,2021-03-03
Cabanatuan City,2021-02-05,2021-02-18,2021-03-04
Cabanatuan City,2021-02-06,2021-02-19,2021-03-05
Cabanatuan City,2021-02-07,2021-02-20,2021-03-06
Cabanatuan City,2021-02-08,2021-02-21,2021-03-07
Cabanatuan City,2021-02-09,2021-02-22,2021-03-08
Cabanatuan City,2021-02-10,2021-02-23,2021-03-09
Cabanatuan City,2021-02-11,2021-02-24,2021-03-10
Cabanatuan City,2021-02-12,2021-02-25,2021-03-11
Cabanatuan City,2021-02-13,2021-02-26,2021-03-12
Cabanatuan City,2021-02-14,2021-02-27,2021-03-13
Cabanatuan City,2021-02-15,2021-02-28,2021-03-14
Cabanatuan City,2021-02-16,2021-03-01,2021-03-15
Cabanatuan City,2021-02-17,2021-03-02,2021-03-16
Cabanatuan City,2021-02-18,2021-03-03,2021-03-17
Cabanatuan City,2021-02-19,2021-03-04,2021-03-18
Cabanatuan City,2021-02-20,2021-03-05,2021-03-19
Cabanatuan City,2021-02-21,2021-03-06,2021-03-20
Cabanatuan City,2021-02-22,2021-03-07,2021-03-21
Cabanatuan City,2021-02-23,2021-03-08,2021-03-22
Cabanatuan City,2021-02-24,2021-03-09,2021-03-23
Cabanatuan City,2021-02-25,2021-03-10,2021-03-24
Cabanatuan City,2021-02-26,2021-03-11,2021-03-25
Cabanatuan City,2021-02-27,2021-03-12,2021-03-26
Cabanatuan City,2021-02-28,2021-03-13,2021-03-27
Cabanatuan City,2021-03-01,2021-03-14,2021-03-28
Cabanatuan City,2021-03-02,2021-03-15,2021-03-29
Cabanatuan City,2021-03-03,2021-03-16,2021-03-30
Cabanatuan City,2021-03-04,2021-03-17,2021-03-31
Cabanatuan City,2021-03-05,2021-03-18,2021-04-01
Cabanatuan City,2021-03-06,2021-03-19,2021-04-02
Cabanatuan City,2021-03-07,2021-03-20,2021-04-03
Cabanatuan City,2021-03-08,2021-03-21,2021-04-04
Cabanatuan City,2021-03-09,2021-03-22,2021-04-05
Cabanatuan City,2021-03-10,2021-03-23,2021-04-06
Cabanatuan City,2021-03-11,2021-03-24,2021-04-07
Cabanatuan City,2021-03-12,2021-03-25,2021-04-08
Cabanatuan City,2021-03-13,2021-03-26,2021-04-09
Cabanatuan City,2021-03-14,2021-03-27,2021-04-10
Cabanatuan City,2021-03-15,2021-03-28,2021-04-11
Cabanatuan City,2021-03-16,2021-03-29,2021-04-12
Cabanatuan City,2021-03-17,2021-03-30,2021-04-13
Cabanatuan City,2021-03-18,2021-03-31,2021-04-14
Cabanatuan City,2021-03-19,2021-04-01,2021-04-15
Cabanatuan City,2021-03-20,2021-04-02,2021-04-16
Cabanatuan City,2021-03-21,2021-04-03,2021-04-17
Cabanatuan City,2021-03-22,2021-04-04,2021-04-18
Cabanatuan City,2021-03-23,2021-04-05,2021-04-19
Cabanatuan City,2021-03-24,2021-04-06,2021-04-20
Cabanatuan City,2021-03-25,2021-04-07,2021-04-21
Cabanatuan City,2021-03-26,2021-04-08,2021-04-22
Cabanatuan City,2021-03-27,2021-04-09,2021-04-23
Cabanatuan City,2021-03-28,2021-04-10,2021-04-24
Cabanatuan City,2021-03-29,2021-04-11,2021-04-25
Cabanatuan City,2021-03-30,2021-04-12,2021-04-26
Cabanatuan City,2021-03-31,2021-04-13,2021-04-27
Cabanatuan City,2021-04-01,2021-04-14,2021-04-28
Cabanatuan City,2021-04-02,2021-04-15,2021-04-29
Cabanatuan City,2021-04-03,2021-04-16,2021-04-30
Cabanatuan City,2021-04-04,2021-04-17,2021-05-01
Cabanatuan City,2021-04-05,2021-04-18,2021-05-02
Cabanatuan City,2021-04-06,2021-04-19,2021-05-03
Cabanatuan City,2021-04-07,2021-04-20,2021-05-04
Cabanatuan City,2021-04-08,2021-04-21,2021-05-05
Cabanatuan City,2021-04-09,2021-04-22,2021-05-06
Cabanatuan City,2021-04-10,2021-04-23,2021-05-07
Cabanatuan City,2021-04-11,2021-04-24,2021-05-08
Cabanatuan City,2021-04-12,2021-04-25,2021-05-09
Cabanatuan City,2021-04-13,2021-04-26,2021-05-10
Cabanatuan City,2021-04-14,2021-04-27,2021-05-11
Cabanatuan City,2021-04-15,2021-04-28,2021-05-12
Cabanatuan City,2021-04-16,2021-04-29,2021-05-13
Cabanatuan City,2021-04-17,2021-04-30,2021-05-14
Cabanatuan City,2021-04-18,2021-05-01,2021-05-15
Cabanatuan City,2021-04-19,2021-05-02,2021-05-16
Cabanatuan City,2021-04-20,2021-05-03,2021-05-17
Cabanatuan City,2021-04-21,2021-05-04,2021-05-18
Cabanatuan City,2021-04-22,2021-05-05,2021-05-19
Cabanatuan City,2021-04-23,2021-05-06,2021-05-20
Cabanatuan City,2021-04-24,2021-05-07,2021-05-21
Cabanatuan City,2021-04-25,2021-05-08,2021-05-22
Cabanatuan City,2021-04-26,2021-05-09,2021-05-23
Cabanatuan City,2021-04-27,2021-05-10,2021-05-24
Cabanatuan City,2021-04-28,2021-05-11,2021-05-25
Cabanatuan City,2021-04-29,2021-05-12,2021-05-26
Cabanatuan City,2021-04-30,2021-05-13,2021-05-27
Cabanatuan City,2021-05-01,2021-05-14,2021-05-28
Cabanatuan City,2021-05-02,2021-05-15,2021-05-29
Cabanatuan City,2021-05-03,2021-05-16,2021-05-30
Cabanatuan City,2021-05-04,2021-05-17,2021-05-31
Cabanatuan City,2021-05-05,2021-05-18,2021-06-01
Cabanatuan City,2021-05-06,2021-05-19,2021-06-02
Cabanatuan City,2021-05-07,2021-05-20,2021-06-03
Cabanatuan City,2021-05-08,2021-05-21,2021-06-04
Cabanatuan City,2021-05-09,2021-05-22,2021-06-05
Cabanatuan City,2021-05-10,2021-05-23,2021-06-06
Cabanatuan City,2021-05-11,2021-05-24,2021-06-07
Cabanatuan City,2021-05-12,2021-05-25,2021-06-08
Cabanatuan City,2021-05-13,2021-05-26,2021-06-09
Cabanatuan City,2021-05-14,2021-05-27,2021-06-10
Cabanatuan City,2021-05-15,2021-05-28,2021-06-11
Cabanatuan City,2021-05-16,2021-05-29,2021-06-12
Cabanatuan City,2021-05-17,2021-05-30,2021-06-13
Cabanatuan City,2021-05-18,2021-05-31,2021-06-14
Cabanatuan City,2021-05-19,2021-06-01,2021-06-15
Cabanatuan City,2021-05-20,2021-06-02,2021-06-16
Cabanatuan City,2021-05-21,2021-06-03,2021-06-17
Cabanatuan City,2021-05-22,2021-06-04,2021-06-18
Cabanatuan City,2021-05-23,2021-06-05,2021-06-19
Cabanatuan City,2021-05-24,2021-06-06,2021-06-20
Cabanatuan City,2021-05-25,2021-06-07,2021-06-21
Cabanatuan City,2021-05-26,2021-06-08,2021-06-22
Cabanatuan City,2021-05-27,2021-06-09,2021-06-23
Cabanatuan City,2021-05-28,2021-06-10,2021-06-24
Cabanatuan City,2021-05-29,2021-06-11,2021-06-25
Cabanatuan City,2021-05-30,2021-06-12,2021-06-26
Cabanatuan City,2021-05-31,2021-06-13,2021-06-27
Cabanatuan City,2021-06-01,2021-06-14,2021-06-28
Cabanatuan City,2021-06-02,2021-06-15,2021-06-29
Cabanatuan City,2021-06-03,2021-06-16,2021-06-30
Cabanatuan City,2021-06-04,2021-06-17,2021-07-01
Cabanatuan City,2021-06-05,2021-06-18,2021-07-02
Cabanatuan City,2021-06-06,2021-06-19,2021-07-03
Cabanatuan City,2021-06-07,2021-06-20,2021-07-04
Cabanatuan City,2021-06-08,2021-06-21,2021-07-05
Cabanatuan City,2021-06-09,2021-06-22,2021-07-06
Cabanatuan City,2021-06-10,2021-06-23,2021-07-07
Cabanatuan City,2021-06-11,2021-06-24,2021-07-08
Cabanatuan City,2021-06-12,2021-06-25,2021-07-09
Cabanatuan City,2021-06-13,2021-06-26,2021-07-10
Cabanatuan City,2021-06-14,2021-06-27,2021-07-11
Cabanatuan City,2021-06-15,2021-06-28,2021-07-12
Cabanatuan City,2021-06-16,2021-06-29,2021-07-13
Cabanatuan City,2021-06-17,2021-06-30,2021-07-14
Cabanatuan City,2021-06-18,2021-07-01,2021-07-15
Cabanatuan City,2021-06-19,2021-07-02,2021-07-16
Cabanatuan City,2021-06-20,2021-07-03,2021-07-17
Cabanatuan City,2021-06-21,2021-07-04,2021-07-18
Cabanatuan City,2021-06-22,2021-07-05,2021-07-19
Cabanatuan City,2021-06-23,2021-07-06,2021-07-20
Cabanatuan City,2021-06-24,2021-07-07,2021-07-21
Cabanatuan City,2021-06-25,2021-07-08,2021-07-22
Cabanatuan City,2021-06-26,2021-07-09,2021-07-23
Cabanatuan City,2021-06-27,2021-07-10,2021-07-24
Cabanatuan City,2021-06-28,2021-07-11,2021-07-25
Cabanatuan City,2021-06-29,2021-07-12,2021-07-26
Cabanatuan City,2021-06-30,2021-07-13,2021-07-27
Cabanatuan City,2021-07-01,2021-07-14,2021-07-28
Cabanatuan City,2021-07-02,2021-07-15,2021-07-29
Cabanatuan City,2021-07-03,2021-07-16,2021-07-30
Cabanatuan City,2021-07-04,2021-07-17,2021-07-31
Cabanatuan City,2021-07-05,2021-07-18,2021-08-01
Cabanatuan City,2021-07-06,2021-07-19,2021-08-02
Cabanatuan City,2021-07-07,2021-07-20,2021-08-03
Cabanatuan City,2021-07-08,2021-07-21,2021-08-04
Cabanatuan City,2021-07-09,2021-07-22,2021-08-05
Cabanatuan City,2021-07-10,2021-07-23,2021-08-06
Cabanatuan City,2021-07-11,2021-07-24,2021-08-07
Cabanatuan City,2021-07-12,2021-07-25,2021-08-08
Cabanatuan City,2021-07-13,2021-07-26,2021-08-09
Cabanatuan City,2021-07-14,2021-07-27,2021-08-10
Cabanatuan City,2021-07-15,2021-07-28,2021-08-11
Cabanatuan City,2021-07-16,2021-07-29,2021-08-12
Cabanatuan City,2021-07-17,2021-07-30,2021-08-13
Cabanatuan City,2021-07-18,2021-07-31,2021-08-14
Cabanatuan City,2021-07-19,2021-08-01,2021-08-15
Cabanatuan City,2021-07-20,2021-08-02,2021-08-16
Cabanatuan City,2021-07-21,2021-08-03,2021-08-17
Cabanatuan City,2021-07-22,2021-08-04,2021-08-18
Cabanatuan City,2021-07-23,2021-08-05,2021-08-19
Cabanatuan City,2021-07-24,2021-08-06,2021-08-20
Cabanatuan City,2021-07-25,2021-08-07,2021-08-21
Cabanatuan City,2021-07-26,2021-08-08,2021-08-22
Cabanatuan City,2021-07-27,2021-08-09,2021-08-23
Cabanatuan City,2021-07-28,2021-08-10,2021-08-24
Cabanatuan City,2021-07-29,2021-08-11,2021-08-25
Cabanatuan City,2021-07-30,2021-08-12,2021-08-26
Cabanatuan City,2021-07-31,2021-08-13,2021-08-27
Cabanatuan City,2021-08-01,2021-08-14,2021-08-28
Cabanatuan City,2021-08-02,2021-08-15,2021-08-29
Cabanatuan City,2021-08-03,2021-08-16,2021-08-30
Cabanatuan City,2021-08-04,2021-08-17,2021-08-31
Cabanatuan City,2021-08-05,2021-08-18,2021-09-01
Cabanatuan City,2021-08-06,2021-08-19,2021-09-02
Cabanatuan City,2021-08-07,2021-08-20,2021-09-03
Cabanatuan City,2021-08-08,2021-08-21,2021-09-04
Cabanatuan City,2021-08-09,2021-08-22,2021-09-05
Cabanatuan City,2021-08-10,2021-08-23,2021-09-06
Cabanatuan City,2021-08-11,2021-08-24,2021-09-07
Cabanatuan City,2021-08-12,2021-08-25,2021-09-08
Cabanatuan City,2021-08-13,2021-08-26,2021-09-09
Cabanatuan City,2021-08-14,2021-08-27,2021-09-10
Cabanatuan City,2021-08-15,2021-08-28,2021-09-11
Cabanatuan City,2021-08-16,2021-08-29,2021-09-12
Cabanatuan City,2021-08-17,2021-08-30,2021-09-13
Cabanatuan City,2021-08-18,2021-08-31,2021-09-14
Cabanatuan City,2021-08-19,2021-09-01,2021-09-15
Cabanatuan City,2021-08-20,2021-09-02,2021-09-16
Cabanatuan City,2021-08-21,2021-09-03,2021-09-17
Cabanatuan City,2021-08-22,2021-09-04,2021-09-18
Cabanatuan City,2021-08-23,2021-09-05,2021-09-19
Cabanatuan City,2021-08-24,2021-09-06,2021-09-20
Cabanatuan City,2021-08-25,2021-09-07,2021-09-21
Cabanatuan City,2021-08-26,2021-09-08,2021-09-22
Cabanatuan City,2021-08-27,2021-09-09,2021-09-23
Cabanatuan City,2021-08-28,2021-09-10,2021-09-24
Cabanatuan City,2021-08-29,2021-09-11,2021-09-25
Cabanatuan City,2021-08-30,2021-09-12,2021-09-26
Cabanatuan City,2021-08-31,2021-09-13,2021-09-27
Cabanatuan City,2021-09-01,2021-09-14,2021-09-28
Cabanatuan City,2021-09-02,2021-09-15,2021-09-29
Cabanatuan City,2021-09-03,2021-09-16,2021-09-30
Cabanatuan City,2021-09-04,2021-09-17,2021-10-01
Cabanatuan City,2021-09-05,2021-09-18,2021-10-02
Cabanatuan City,2021-09-06,2021-09-19,2021-10-03
Cabanatuan City,2021-09-07,2021-09-20,2021-10-04
Cabanatuan City,2021-09-08,2021-09-21,2021-10-05
Cabanatuan City,2021-09-09,2021-09-22,2021-10-06
Cabanatuan City,2021-09-10,2021-09-23,2021-10-07
Cabanatuan City,2021-09-11,2021-09-24,2021-10-08
Cabanatuan City,2021-09-12,2021-09-25,2021-10-09
Cabanatuan City,2021-09-13,2021-09-26,2021-10-10
Cabanatuan City,2021-09-14,2021-09-27,2021-10-11
Cabanatuan City,2021-09-15,2021-09-28,2021-10-12
Cabanatuan City,2021-09-16,2021-09-29,2021-10-13
Cabanatuan City,2021-09-17,2021-09-30,2021-10-14
Cabanatuan City,2021-09-18,2021-10-01,2021-10-15
Cabanatuan City,2021-09-19,2021-10-02,2021-10-16
Cabanatuan City,2021-09-20,2021-10-03,2021-10-17
Cabanatuan City,2021-09-21,2021-10-04,2021-10-18
Cabanatuan City,2021-09-22,2021-10-05,2021-10-19
Cabanatuan City,2021-09-23,2021-10-06,2021-10-20
Cabanatuan City,2021-09-24,2021-10-07,2021-10-21
Cabanatuan City,2021-09-25,2021-10-08,2021-10-22
Cabanatuan City,2021-09-26,2021-10-09,2021-10-23
Cabanatuan City,2021-09-27,2021-10-10,2021-10-24
Cabanatuan City,2021-09-28,2021-10-11,2021-10-25
Cabanatuan City,2021-09-29,2021-10-12,2021-10-26
Cabanatuan City,2021-09-30,2021-10-13,2021-10-27
Cabanatuan City,2021-10-01,2021-10-14,2021-10-28
Cabanatuan City,2021-10-02,2021-10-15,2021-10-29
Cabanatuan City,2021-10-03,2021-10-16,2021-10-30
Cabanatuan City,2021-10-04,2021-10-17,2021-10-31
Cabanatuan City,2021-10-05,2021-10-18,2021-11-01
Cabanatuan City,2021-10-06,2021-10-19,2021-11-02
Cabanatuan City,2021-10-07,2021-10-20,2021-11-03
Cabanatuan City,2021-10-08,2021-10-21,2021-11-04
Cabanatuan City,2021-10-09,2021-10-22,2021-11-05
Cabanatuan City,2021-10-10,2021-10-23,2021-11-06
Cabanatuan City,2021-10-11,2021-10-24,2021-11-07
Cabanatuan City,2021-10-12,2021-10-25,2021-11-08
Cabanatuan City,2021-10-13,2021-10-26,2021-11-09
Cabanatuan City,2021-10-14,2021-10-27,2021-11-10
Cabanatuan City,2021-10-15,2021-10-28,2021-11-11
Cabanatuan City,2021-10-16,2021-10-29,2021-11-12
Cabanatuan City,2021-10-17,2021-10-30,2021-11-13
Cabanatuan City,2021-10-18,2021-10-31,2021-11-14
Cabanatuan City,2021-10-19,2021-11-01,2021-11-15
Cabanatuan City,2021-10-20,2021-11-02,2021-11-16
Cabanatuan City,2021-10-21,2021-11-03,2021-11-17
Cabanatuan City,2021-10-22,2021-11-04,2021-11-18
Cabanatuan City,2021-10-23,2021-11-05,2021-11-19
Cabanatuan City,2021-10-24,2021-11-06,2021-11-20
Cabanatuan City,2021-10-25,2021-11-07,2021-11-21
Cabanatuan City,2021-10-26,2021-11-08,2021-11-22
Cabanatuan City,2021-10-27,2021-11-09,2021-11-23
Cabanatuan City,2021-10-28,2021-11-10,2021-11-24
Cabanatuan City,2021-10-29,2021-11-11,2021-11-25
Cabanatuan City,2021-10-30,2021-11-12,2021-11-26
Cabanatuan City,2021-10-31,2021-11-13,2021-11-27
Cabanatuan City,2021-11-01,2021-11-14,2021-11-28
Cabanatuan City,2021-11-02,2021-11-15,2021-11-29
Cabanatuan City,2021-11-03,2021-11-16,2021-11-30
Cabanatuan City,2021-11-04,2021-11-17,2021-12-01
Cabanatuan City,2021-11-05,2021-11-18,2021-12-02
Cabanatuan City,2021-11-06,2021-11-19,2021-12-03
Cabanatuan City,2021-11-07,2021-11-20,2021-12-04
Cabanatuan City,2021-11-08,2021-11-21,2021-12-05
Cabanatuan City,2021-11-09,2021-11-22,2021-12-06
Cabanatuan City,2021-11-10,2021-11-23,2021-12-07
Cabanatuan City,2021-11-11,2021-11-24,2021-12-08
Cabanatuan City,2021-11-12,2021-11-25,2021-12-09
Cabanatuan City,2021-11-13,2021-11-26,2021-12-10
Cabanatuan City,2021-11-14,2021-11-27,2021-12-11
Cabanatuan City,2021-11-15,2021-11-28,2021-12-12
Cabanatuan City,2021-11-16,2021-11-29,2021-12-13
Cabanatuan City,2021-11-17,2021-11-30,2021-12-14
Cabanatuan City,2021-11-18,2021-12-01,2021-12-15
Cabanatuan City,2021-11-19,2021-12-02,2021-12-16
Cabanatuan City,2021-11-20,2021-12-03,2021-12-17
Cabanatuan City,2021-11-21,2021-12-04,2021-12-18
Cabanatuan City,2021-11-22,2021-12-05,2021-12-19
Cabanatuan City,2021-11-23,2021-12-06,2021-12-20
Cabanatuan City,2021-11-24,2021-12-07,2021-12-21
Cabanatuan City,2021-11-25,2021-12-08,2021-12-22
Cabanatuan City,2021-11-26,2021-12-09,2021-12-23
Cabanatuan City,2021-11-27,2021-12-10,2021-12-24
Cabanatuan City,2021-11-28,2021-12-11,2021-12-25
Cabanatuan City,2021-11-29,2021-12-12,2021-12-26
Cabanatuan City,2021-11-30,2021-12-13,2021-12-27
Cabanatuan City,2021-12-01,2021-12-14,2021-12-28
Cabanatuan City,2021-12-02,2021-12-15,2021-12-29
Cabanatuan City,2021-12-03,2021-12-16,2021-12-30
Cabanatuan City,2021-12-04,2021-12-17,2021-12-31
Cabanatuan City,2021-12-05,2021-12-18,2022-01-01
Cabanatuan City,2021-12-06,2021-12-19,2022-01-02
Cabanatuan City,2021-12-07,2021-12-20,2022-01-03
Cabanatuan City,2021-12-08,2021-12-21,2022-01-04
Cabanatuan City,2021-12-09,2021-12-22,2022-01-05
Cabanatuan City,2021-12-10,2021-12-23,2022-01-06
Cabanatuan City,2021-12-11,2021-12-24,2022-01-07
Cabanatuan City,2021-12-12,2021-12-25,2022-01-08
Cabanatuan City,2021-12-13,2021-12-26,2022-01-09
Cabanatuan City,2021-12-14,2021-12-27,2022-01-10
Cabanatuan City,2021-12-15,2021-12-28,2022-01-11
Cabanatuan City,2021-12-16,2021-12-29,2022-01-12
Cabanatuan City,2021-12-17,2021-12-30,2022-01-13
Cabanatuan City,2021-12-18,2021-12-31,2022-01-14
Cabanatuan City,2021-12-19,2022-01-01,2022-01-15
Cabanatuan City,2021-12-20,2022-01-02,2022-01-16
Cabanatuan City,2021-12-21,2022-01-03,2022-01-17
Cabanatuan City,2021-12-22,2022-01-04,2022-01-18
Cabanatuan City,2021-12-23,2022-01-05,2022-01-19
Cabanatuan City,2021-12-24,2022-01-06,2022-01-20
Cabanatuan City,2021-12-25,2022-01-07,2022-01-21
Cabanatuan City,2021-12-26,2022-01-08,2022-01-22
Cabanatuan City,2021-12-27,2022-01-09,2022-01-23
Cabanatuan City,2021-12-28,2022-01-10,2022-01-24
Cabanatuan City,2021-12-29,2022-01-11,2022-01-25
Cabanatuan City,2021-12-30,2022-01-12,2022-01-26
Cabanatuan City,2021-12-31,2022-01-13,2022-01-27
Cabanatuan City,2022-01-01,2022-01-14,2022-01-28
Cabanatuan City,2022-01-02,2022-01-15,2022-01-29
Cabanatuan City,2022-01-03,2022-01-16,2022-01-30
Cabanatuan City,2022-01-04,2022-01-17,2022-01-31
Cabanatuan City,2022-01-05,2022-01-18,2022-02-01
Cabanatuan City,2022-01-06,2022-01-19,2022-02-02
Cabanatuan City,2022-01-07,2022-01-20,2022-02-03
Cabanatuan City,2022-01-08,2022-01-21,2022-02-04
Cabanatuan City,2022-01-09,2022-01-22,2022-02-05
Cabanatuan City,2022-01-10,2022-01-23,2022-02-06
Cabanatuan City,2022-01-11,2022-01-24,2022-02-07
Cabanatuan City,2022-01-12,2022-01-25,2022-02-08
Cabanatuan City,2022-01-13,2022-01-26,2022-02-09
Cabanatuan City,2022-01-14,2022-01-27,2022-02-10
Cabanatuan City,2022-01-15,2022-01-28,2022-02-11
Cabanatuan City,2022-01-16,2022-01-29,2022-02-12
Cabanatuan City,2022-01-17,2022-01-30,2022-02-13
Cabanatuan City,2022-01-18,2022-01-31,2022-02-14
Cabanatuan City,2022-01-19,2022-02-01,2022-02-15
Cabanatuan City,2022-01-20,2022-02-02,2022-02-16
Cabanatuan City,2022-01-21,2022-02-03,2022-02-17
Cabanatuan City,2022-01-22,2022-02-04,2022-02-18
Cabanatuan City,2022-01-23,2022-02-05,2022-02-19
Cabanatuan City,2022-01-24,2022-02-06,2022-02-20
Cabanatuan City,2022-01-25,2022-02-07,2022-02-21
Cabanatuan City,2022-01-26,2022-02-08,2022-02-22
Cabanatuan City,2022-01-27,2022-02-09,2022-02-23
Cabanatuan City,2022-01-28,2022-02-10,2022-02-24
Cabanatuan City,2022-01-29,2022-02-11,2022-02-25
Cabanatuan City,2022-01-30,2022-02-12,2022-02-26
Cabanatuan City,2022-01-31,2022-02-13,2022-02-27
Cabanatuan City,2022-02-01,2022-02-14,2022-02-28
Cabanatuan City,2022-02-02,2022-02-15,2022-03-01
Cabanatuan City,2022-02-03,2022-02-16,2022-03-02
Cabanatuan City,2022-02-04,2022-02-17,2022-03-03
Cabanatuan City,2022-02-05,2022-02-18,2022-03-04
Cabanatuan City,2022-02-06,2022-02-19,2022-03-05
Cabanatuan City,2022-02-07,2022-02-20,2022-03-06
Cabanatuan City,2022-02-08,2022-02-21,2022-03-07
Cabanatuan City,2022-02-09,2022-02-22,2022-03-08
Cabanatuan City,2022-02-10,2022-02-23,2022-03-09
Cabanatuan City,2022-02-11,2022-02-24,2022-03-10
Cabanatuan City,2022-02-12,2022-02-25,2022-03-11
Cabanatuan City,2022-02-13,2022-02-26,2022-03-12
Cabanatuan City,2022-02-14,2022-02-27,2022-03-13
Cabanatuan City,2022-02-15,2022-02-28,2022-03-14
Cabanatuan City,2022-02-16,2022-03-01,2022-03-15
Cabanatuan City,2022-02-17,2022-03-02,2022-03-16
Cabanatuan City,2022-02-18,2022-03-03,2022-03-17
Cabanatuan City,2022-02-19,2022-03-04,2022-03-18
Cabanatuan City,2022-02-20,2022-03-05,2022-03-19
Cabanatuan City,2022-02-21,2022-03-06,2022-03-20
Cabanatuan City,2022-02-22,2022-03-07,2022-03-21
Cabanatuan City,2022-02-23,2022-03-08,2022-03-22
Cabanatuan City,2022-02-24,2022-03-09,2022-03-23
Cabanatuan City,2022-02-25,2022-03-10,2022-03-24
Cabanatuan City,2022-02-26,2022-03-11,2022-03-25
Cabanatuan City,2022-02-27,2022-03-12,2022-03-26
Cabanatuan City,2022-02-28,2022-03-13,2022-03-27
Cabanatuan City,2022-03-01,2022-03-14,2022-03-28
Cabanatuan City,2022-03-02,2022-03-15,2022-03-29
Cabanatuan City,2022-03-03,2022-03-16,2022-03-30
Cabanatuan City,2022-03-04,2022-03-17,2022-03-31
Cabanatuan City,2022-03-05,2022-03-18,2022-04-01
Cabanatuan City,2022-03-06,2022-03-19,2022-04-02
Cabanatuan City,2022-03-07,2022-03-20,2022-04-03
Cabanatuan City,2022-03-08,2022-03-21,2022-04-04
Cabanatuan City,2022-03-09,2022-03-22,2022-04-05
Cabanatuan City,2022-03-10,2022-03-23,2022-04-06
Cabanatuan City,2022-03-11,2022-03-24,2022-04-07
Cabanatuan City,2022-03-12,2022-03-25,2022-04-08
Cabanatuan City,2022-03-13,2022-03-26,2022-04-09
Cabanatuan City,2022-03-14,2022-03-27,2022-04-10
Cabanatuan City,2022-03-15,2022-03-28,2022-04-11
Cabanatuan City,2022-03-16,2022-03-29,2022-04-12
Cabanatuan City,2022-03-17,2022-03-30,2022-04-13
Cabanatuan City,2022-03-18,2022-03-31,2022-04-14
Cabanatuan City,2022-03-19,2022-04-01,2022-04-15
Cabanatuan City,2022-03-20,2022-04-02,2022-04-16
Cabanatuan City,2022-03-21,2022-04-03,2022-04-17
Cabanatuan City,2022-03-22,2022-04-04,2022-04-18
Cabanatuan City,2022-03-23,2022-04-05,2022-04-19
Cabanatuan City,2022-03-24,2022-04-06,2022-04-20
Cabanatuan City,2022-03-25,2022-04-07,2022-04-21
Cabanatuan City,2022-03-26,2022-04-08,2022-04-22
Cabanatuan City,2022-03-27,2022-04-09,2022-04-23
Cabanatuan City,2022-03-28,2022-04-10,2022-04-24
Cabanatuan City,2022-03-29,2022-04-11,2022-04-25
Cabanatuan City,2022-03-30,2022-04-12,2022-04-26
Cabanatuan City,2022-03-31,2022-04-13,2022-04-27
Cabanatuan City,2022-04-01,2022-04-14,2022-04-28
Cabanatuan City,2022-04-02,2022-04-15,2022-04-29
Cabanatuan City,2022-04-03,2022-04-16,2022-04-30
Cabanatuan City,2022-04-04,2022-04-17,2022-05-01
Cabanatuan City,2022-04-05,2022-04-18,2022-05-02
Cabanatuan City,2022-04-06,2022-04-19,2022-05-03
Cabanatuan City,2022-04-07,2022-04-20,2022-05-04
Cabanatuan City,2022-04-08,2022-04-21,2022-05-05
Cabanatuan City,2022-04-09,2022-04-22,2022-05-06
Cabanatuan City,2022-04-10,2022-04-23,2022-05-07
Cabanatuan City,2022-04-11,2022-04-24,2022-05-08
Cabanatuan City,2022-04-12,2022-04-25,2022-05-09
Cabanatuan City,2022-04-13,2022-04-26,2022-05-10
Cabanatuan City,2022-04-14,2022-04-27,2022-05-11
Cabanatuan City,2022-04-15,2022-04-28,2022-05-12
Cabanatuan City,2022-04-16,2022-04-29,2022-05-13
Cabanatuan City,2022-04-17,2022-04-30,2022-05-14
Cabanatuan City,2022-04-18,2022-05-01,2022-05-15
Cabanatuan City,2022-04-19,2022-05-02,2022-05-16
Cabanatuan City,2022-04-20,2022-05-03,2022-05-17
Cabanatuan City,2022-04-21,2022-05-04,2022-05-18
Cabanatuan City,2022-04-22,2022-05-05,2022-05-19
Cabanatuan City,2022-04-23,2022-05-06,2022-05-20
Cabanatuan City,2022-04-24,2022-05-07,2022-05-21
Cabanatuan City,2022-04-25,2022-05-08,2022-05-22
Cabanatuan City,2022-04-26,2022-05-09,2022-05-23
Cabanatuan City,2022-04-27,2022-05-10,2022-05-24
Cabanatuan City,2022-04-28,2022-05-11,2022-05-25
Cabanatuan City,2022-04-29,2022-05-12,2022-05-26
Cabanatuan City,2022-04-30,2022-05-13,2022-05-27
Cabanatuan City,2022-05-01,2022-05-14,2022-05-28
Cabanatuan City,2022-05-02,2022-05-15,2022-05-29
Cabanatuan City,2022-05-03,2022-05-16,2022-05-30
Cabanatuan City,2022-05-04,2022-05-17,2022-05-31
Cabanatuan City,2022-05-05,2022-05-18,2022-06-01
Cabanatuan City,2022-05-06,2022-05-19,2022-06-02
Cabanatuan City,2022-05-07,2022-05-20,2022-06-03
Cabanatuan City,2022-05-08,2022-05-21,2022-06-04
Cabanatuan City,2022-05-09,2022-05-22,2022-06-05
Cabanatuan City,2022-05-10,2022-05-23,2022-06-06
Cabanatuan City,2022-05-11,2022-05-24,2022-06-07
Cabanatuan City,2022-05-12,2022-05-25,2022-06-08
Cabanatuan City,2022-05-13,2022-05-26,2022-06-09
Cabanatuan City,2022-05-14,2022-05-27,2022-06-10
Cabanatuan City,2022-05-15,2022-05-28,2022-06-11
Cabanatuan City,2022-05-16,2022-05-29,2022-06-12
Cabanatuan City,2022-05-17,2022-05-30,2022-06-13
Cabanatuan City,2022-05-18,2022-05-31,2022-06-14
Cabanatuan City,2022-05-19,2022-06-01,2022-06-15
Cabanatuan City,2022-05-20,2022-06-02,2022-06-16
Cabanatuan City,2022-05-21,2022-06-03,2022-06-17
Cabanatuan City,2022-05-22,2022-06-04,2022-06-18
Cabanatuan City,2022-05-23,2022-06-05,2022-06-19
Cabanatuan City,2022-05-24,2022-06-06,2022-06-20
Cabanatuan City,2022-05-25,2022-06-07,2022-06-21
Cabanatuan City,2022-05-26,2022-06-08,2022-06-22
Cabanatuan City,2022-05-27,2022-06-09,2022-06-23
Cabanatuan City,2022-05-28,2022-06-10,2022-06-24
Cabanatuan City,2022-05-29,2022-06-11,2022-06-25
Cabanatuan City,2022-05-30,2022-06-12,2022-06-26
Cabanatuan City,2022-05-31,2022-06-13,2022-06-27
Cabanatuan City,2022-06-01,2022-06-14,2022-06-28
Cabanatuan City,2022-06-02,2022-06-15,2022-06-29
Cabanatuan City,2022-06-03,2022-06-16,2022-06-30
Cabanatuan City,2022-06-04,2022-06-17,2022-07-01
Cabanatuan City,2022-06-05,2022-06-18,2022-07-02
Cabanatuan City,2022-06-06,2022-06-19,2022-07-03
Cabanatuan City,2022-06-07,2022-06-20,2022-07-04
Cabanatuan City,2022-06-08,2022-06-21,2022-07-05
Cabanatuan City,2022-06-09,2022-06-22,2022-07-06
Cabanatuan City,2022-06-10,2022-06-23,2022-07-07
Cabanatuan City,2022-06-11,2022-06-24,2022-07-08
Cabanatuan City,2022-06-12,2022-06-25,2022-07-09
Cabanatuan City,2022-06-13,2022-06-26,2022-07-10
Cabanatuan City,2022-06-14,2022-06-27,2022-07-11
Cabanatuan City,2022-06-15,2022-06-28,2022-07-12
Cabanatuan City,2022-06-16,2022-06-29,2022-07-13
Cabanatuan City,2022-06-17,2022-06-30,2022-07-14
Cabanatuan City,2022-06-18,2022-07-01,2022-07-15
Cabanatuan City,2022-06-19,2022-07-02,2022-07-16
Cabanatuan City,2022-06-20,2022-07-03,2022-07-17
Cabanatuan City,2022-06-21,2022-07-04,2022-07-18
Cabanatuan City,2022-06-22,2022-07-05,2022-07-19
Cabanatuan City,2022-06-23,2022-07-06,2022-07-20
Cabanatuan City,2022-06-24,2022-07-07,2022-07-21
Cabanatuan City,2022-06-25,2022-07-08,2022-07-22
Cabanatuan City,2022-06-26,2022-07-09,2022-07-23
Cabanatuan City,2022-06-27,2022-07-10,2022-07-24
Cabanatuan City,2022-06-28,2022-07-11,2022-07-25
Cabanatuan City,2022-06-29,2022-07-12,2022-07-26
Cabanatuan City,2022-06-30,2022-07-13,2022-07-27
Cabanatuan City,2022-07-01,2022-07-14,2022-07-28
Cabanatuan City,2022-07-02,2022-07-15,2022-07-29
Cabanatuan City,2022-07-03,2022-07-16,2022-07-30
Cabanatuan City,2022-07-04,2022-07-17,2022-07-31
Cabanatuan City,2022-07-05,2022-07-18,2022-08-01
Cabanatuan City,2022-07-06,2022-07-19,2022-08-02
Cabanatuan City,2022-07-07,2022-07-20,2022-08-03
Cabanatuan City,2022-07-08,2022-07-21,2022-08-04
Cabanatuan City,2022-07-09,2022-07-22,2022-08-05
Cabanatuan City,2022-07-10,2022-07-23,2022-08-06
Cabanatuan City,2022-07-11,2022-07-24,2022-08-07
Cabanatuan City,2022-07-12,2022-07-25,2022-08-08
Cabanatuan City,2022-07-13,2022-07-26,2022-08-09
Cabanatuan City,2022-07-14,2022-07-27,2022-08-10
Cabanatuan City,2022-07-15,2022-07-28,2022-08-11
Cabanatuan City,2022-07-16,2022-07-29,2022-08-12
Cabanatuan City,2022-07-17,2022-07-30,2022-08-13
Cabanatuan City,2022-07-18,2022-07-31,2022-08-14
Cabanatuan City,2022-07-19,2022-08-01,2022-08-15
Cabanatuan City,2022-07-20,2022-08-02,2022-08-16
Cabanatuan City,2022-07-21,2022-08-03,2022-08-17
Cabanatuan City,2022-07-22,2022-08-04,2022-08-18
Cabanatuan City,2022-07-23,2022-08-05,2022-08-19
Cabanatuan City,2022-07-24,2022-08-06,2022-08-20
Cabanatuan City,2022-07-25,2022-08-07,2022-08-21
Cabanatuan City,2022-07-26,2022-08-08,2022-08-22
Cabanatuan City,2022-07-27,2022-08-09,2022-08-23
Cabanatuan City,2022-07-28,2022-08-10,2022-08-24
Cabanatuan City,2022-07-29,2022-08-11,2022-08-25
Cabanatuan City,2022-07-30,2022-08-12,2022-08-26
Cabanatuan City,2022-07-31,2022-08-13,2022-08-27
Cabanatuan City,2022-08-01,2022-08-14,2022-08-28
Cabanatuan City,2022-08-02,2022-08-15,2022-08-29
Cabanatuan City,2022-08-03,2022-08-16,2022-08-30
Cabanatuan City,2022-08-04,2022-08-17,2022-08-31
Cabanatuan City,2022-08-05,2022-08-18,2022-09-01
Cabanatuan City,2022-08-06,2022-08-19,2022-09-02
Cabanatuan City,2022-08-07,2022-08-20,2022-09-03
Cabanatuan City,2022-08-08,2022-08-21,2022-09-04
Cabanatuan City,2022-08-09,2022-08-22,2022-09-05
Cabanatuan City,2022-08-10,2022-08-23,2022-09-06
Cabanatuan City,2022-08-11,2022-08-24,2022-09-07
Cabanatuan City,2022-08-12,2022-08-25,2022-09-08
Cabanatuan City,2022-08-13,2022-08-26,2022-09-09
Cabanatuan City,2022-08-14,2022-08-27,2022-09-10
Cabanatuan City,2022-08-15,2022-08-28,2022-09-11
Cabanatuan City,2022-08-16,2022-08-29,2022-09-12
Cabanatuan City,2022-08-17,2022-08-30,2022-09-13
Cabanatuan City,2022-08-18,2022-08-31,2022-09-14
Cabanatuan City,2022-08-19,2022-09-01,2022-09-15
Cabanatuan City,2022-08-20,2022-09-02,2022-09-16
Cabanatuan City,2022-08-21,2022-09-03,2022-09-17
Cabanatuan City,2022-08-22,2022-09-04,2022-09-18
Cabanatuan City,2022-08-23,2022-09-05,2022-09-19
Cabanatuan City,2022-08-24,2022-09-06,2022-09-20
Cabanatuan City,2022-08-25,2022-09-07,2022-09-21
Cabanatuan City,2022-08-26,2022-09-08,2022-09-22
Cabanatuan City,2022-08-27,2022-09-09,2022-09-23
Cabanatuan City,2022-08-28,2022-09-10,2022-09-24
Cabanatuan City,2022-08-29,2022-09-11,2022-09-25
Cabanatuan City,2022-08-30,2022-09-12,2022-09-26
Cabanatuan City,2022-08-31,2022-09-13,2022-09-27
Cabanatuan City,2022-09-01,2022-09-14,2022-09-28
Cabanatuan City,2022-09-02,2022-09-15,2022-09-29
Cabanatuan City,2022-09-03,2022-09-16,2022-09-30
Cabanatuan City,2022-09-04,2022-09-17,2022-10-01
Cabanatuan City,2022-09-05,2022-09-18,2022-10-02
Cabanatuan City,2022-09-06,2022-09-19,2022-10-03
Cabanatuan City,2022-09-07,2022-09-20,2022-10-04
Cabanatuan City,2022-09-08,2022-09-21,2022-10-05
Cabanatuan City,2022-09-09,2022-09-22,2022-10-06
Cabanatuan City,2022-09-10,2022-09-23,2022-10-07
Cabanatuan City,2022-09-11,2022-09-24,2022-10-08
Cabanatuan City,2022-09-12,2022-09-25,2022-10-09
Cabanatuan City,2022-09-13,2022-09-26,2022-10-10
Cabanatuan City,2022-09-14,2022-09-27,2022-10-11
Cabanatuan City,2022-09-15,2022-09-28,2022-10-12
Cabanatuan City,2022-09-16,2022-09-29,2022-10-13
Cabanatuan City,2022-09-17,2022-09-30,2022-10-14
Cabanatuan City,2022-09-18,2022-10-01,2022-10-15
Cabanatuan City,2022-09-19,2022-10-02,2022-10-16
Cabanatuan City,2022-09-20,2022-10-03,2022-10-17
Cabanatuan City,2022-09-21,2022-10-04,2022-10-18
Cabanatuan City,2022-09-22,2022-10-05,2022-10-19
Cabanatuan City,2022-09-23,2022-10-06,2022-10-20
Cabanatuan City,2022-09-24,2022-10-07,2022-10-21
Cabanatuan City,2022-09-25,2022-10-08,2022-10-22
Cabanatuan City,2022-09-26,2022-10-09,2022-10-23
Cabanatuan City,2022-09-27,2022-10-10,2022-10-24
Cabanatuan City,2022-09-28,2022-10-11,2022-10-25
Cabanatuan City,2022-09-29,2022-10-12,2022-10-26
Cabanatuan City,2022-09-30,2022-10-13,2022-10-27
Cabanatuan City,2022-10-01,2022-10-14,2022-10-28
Cabanatuan City,2022-10-02,2022-10-15,2022-10-29
Cabanatuan City,2022-10-03,2022-10-16,2022-10-30
Cabanatuan City,2022-10-04,2022-10-17,2022-10-31
Cabanatuan City,2022-10-05,2022-10-18,2022-11-01
Cabanatuan City,2022-10-06,2022-10-19,2022-11-02
Cabanatuan City,2022-10-07,2022-10-20,2022-11-03
Cabanatuan City,2022-10-08,2022-10-21,2022-11-04
Cabanatuan City,2022-10-09,2022-10-22,2022-11-05
Cabanatuan City,2022-10-10,2022-10-23,2022-11-06
Cabanatuan City,2022-10-11,2022-10-24,2022-11-07
Cabanatuan City,2022-10-12,2022-10-25,2022-11-08
Cabanatuan City,2022-10-13,2022-10-26,2022-11-09
Cabanatuan City,2022-10-14,2022-10-27,2022-11-10
Cabanatuan City,2022-10-15,2022-10-28,2022-11-11
Cabanatuan City,2022-10-16,2022-10-29,2022-11-12
Cabanatuan City,2022-10-17,2022-10-30,2022-11-13
Cabanatuan City,2022-10-18,2022-10-31,2022-11-14
Cabanatuan City,2022-10-19,2022-11-01,2022-11-15
Cabanatuan City,2022-10-20,2022-11-02,2022-11-16
Cabanatuan City,2022-10-21,2022-11-03,2022-11-17
Cabanatuan City,2022-10-22,2022-11-04,2022-11-18
Cabanatuan City,2022-10-23,2022-11-05,2022-11-19
Cabanatuan City,2022-10-24,2022-11-06,2022-11-20
Cabanatuan City,2022-10-25,2022-11-07,2022-11-21
Cabanatuan City,2022-10-26,2022-11-08,2022-11-22
Cabanatuan City,2022-10-27,2022-11-09,2022-11-23
Cabanatuan City,2022-10-28,2022-11-10,2022-11-24
Cabanatuan City,2022-10-29,2022-11-11,2022-11-25
Cabanatuan City,2022-10-30,2022-11-12,2022-11-26
Cabanatuan City,2022-10-31,2022-11-13,2022-11-27
Cabanatuan City,2022-11-01,2022-11-14,2022-11-28
Cabanatuan City,2022-11-02,2022-11-15,2022-11-29
Cabanatuan City,2022-11-03,2022-11-16,2022-11-30
Cabanatuan City,2022-11-04,2022-11-17,2022-12-01
Cabanatuan City,2022-11-05,2022-11-18,2022-12-02
Cabanatuan City,2022-11-06,2022-11-19,2022-12-03
Cabanatuan City,2022-11-07,2022-11-20,2022-12-04
Cabanatuan City,2022-11-08,2022-11-21,2022-12-05
Cabanatuan City,2022-11-09,2022-11-22,2022-12-06
Cabanatuan City,2022-11-10,2022-11-23,2022-12-07
Cabanatuan City,2022-11-11,2022-11-24,2022-12-08
Cabanatuan City,2022-11-12,2022-11-25,2022-12-09
Cabanatuan City,2022-11-13,2022-11-26,2022-12-10
Cabanatuan City,2022-11-14,2022-11-27,2022-12-11
Cabanatuan City,2022-11-15,2022-11-28,2022-12-12
Cabanatuan City,2022-11-16,2022-11-29,2022-12-13
Cabanatuan City,2022-11-17,2022-11-30,2022-12-14
Cabanatuan City,2022-11-18,2022-12-01,2022-12-15
Cabanatuan City,2022-11-19,2022-12-02,2022-12-16
Cabanatuan City,2022-11-20,2022-12-03,2022-12-17
Cabanatuan City,2022-11-21,2022-12-04,2022-12-18
Cabanatuan City,2022-11-22,2022-12-05,2022-12-19
Cabanatuan City,2022-11-23,2022-12-06,2022-12-20
Cabanatuan City,2022-11-24,2022-12-07,2022-12-21
Cabanatuan City,2022-11-25,2022-12-08,2022-12-22
Cabanatuan City,2022-11-26,2022-12-09,2022-12-23
Cabanatuan City,2022-11-27,2022-12-10,2022-12-24
Cabanatuan City,2022-11-28,2022-12-11,2022-12-25
Cabanatuan City,2022-11-29,2022-12-12,2022-12-26
Cabanatuan City,2022-11-30,2022-12-13,2022-12-27
Cabanatuan City,2022-12-01,2022-12-14,2022-12-28
Cabanatuan City,2022-12-02,2022-12-15,2022-12-29
Cabanatuan City,2022-12-03,2022-12-16,2022-12-30
Cabanatuan City,2022-12-04,2022-12-17,2022-12-31
Cabanatuan City,2022-12-05,2022-12-18,2023-01-01
Cabanatuan City,2022-12-06,2022-12-19,2023-01-02
Cabanatuan City,2022-12-07,2022-12-20,2023-01-03
Cabanatuan City,2022-12-08,2022-12-21,2023-01-04
Cabanatuan City,2022-12-09,2022-12-22,2023-01-05
Cabanatuan City,2022-12-10,2022-12-23,2023-01-06
Cabanatuan City,2022-12-11,2022-12-24,2023-01-07
Cabanatuan City,2022-12-12,2022-12-25,2023-01-08
Cabanatuan City,2022-12-13,2022-12-26,2023-01-09
Cabanatuan City,2022-12-14,2022-12-27,2023-01-10
Cabanatuan City,2022-12-15,2022-12-28,2023-01-11
Cabanatuan City,2022-12-16,2022-12-29,2023-01-12
Cabanatuan City,2022-12-17,2022-12-30,2023-01-13
Cabanatuan City,2022-12-18,2022-12-31,2023-01-14
Cabanatuan City,2022-12-19,2023-01-01,2023-01-15
Cabanatuan City,2022-12-20,2023-01-02,2023-01-16
Cabanatuan City,2022-12-21,2023-01-03,2023-01-17
Cabanatuan City,2022-12-22,2023-01-04,2023-01-18
Cabanatuan City,2022-12-23,2023-01-05,2023-01-19
Cabanatuan City,2022-12-24,2023-01-06,2023-01-20
Cabanatuan City,2022-12-25,2023-01-07,2023-01-21
Cabanatuan City,2022-12-26,2023-01-08,2023-01-22
Cabanatuan City,2022-12-27,2023-01-09,2023-01-23
Cabanatuan City,2022-12-28,2023-01-10,2023-01-24
Cabanatuan City,2022-12-29,2023-01-11,2023-01-25
Cabanatuan City,2022-12-30,2023-01-12,2023-01-26
Cabanatuan City,2022-12-31,2023-01-13,2023-01-27
Cabanatuan City,2023-01-01,2023-01-14,2023-01-28
Cabanatuan City,2023-01-02,2023-01-15,2023-01-29
Cabanatuan City,2023-01-03,2023-01-16,2023-01-30
Cabanatuan City,2023-01-04,2023-01-17,2023-01-31
Cabanatuan City,2023-01-05,2023-01-18,2023-02-01
Cabanatuan City,2023-01-06,2023-01-19,2023-02-02
Cabanatuan City,2023-01-07,2023-01-20,2023-02-03
Cabanatuan City,2023-01-08,2023-01-21,2023-02-04
Cabanatuan City,2023-01-09,2023-01-22,2023-02-05
Cabanatuan City,2023-01-10,2023-01-23,2023-02-06
Cabanatuan City,2023-01-11,2023-01-24,2023-02-07
Cabanatuan City,2023-01-12,2023-01-25,2023-02-08
Cabanatuan City,2023-01-13,2023-01-26,2023-02-09
Cabanatuan City,2023-01-14,2023-01-27,2023-02-10
Cabanatuan City,2023-01-15,2023-01-28,2023-02-11
Cabanatuan City,2023-01-16,2023-01-29,2023-02-12
Cabanatuan City,2023-01-17,2023-01-30,2023-02-13
Cabanatuan City,2023-01-18,2023-01-31,2023-02-14
Cabanatuan City,2023-01-19,2023-02-01,2023-02-15
Cabanatuan City,2023-01-20,2023-02-02,2023-02-16
Cabanatuan City,2023-01-21,2023-02-03,2023-02-17
Cabanatuan City,2023-01-22,2023-02-04,2023-02-18
Cabanatuan City,2023-01-23,2023-02-05,2023-02-19
Cabanatuan City,2023-01-24,2023-02-06,2023-02-20
Cabanatuan City,2023-01-25,2023-02-07,2023-02-21
Cabanatuan City,2023-01-26,2023-02-08,2023-02-22
Cabanatuan City,2023-01-27,2023-02-09,2023-02-23
Cabanatuan City,2023-01-28,2023-02-10,2023-02-24
Cabanatuan City,2023-01-29,2023-02-11,2023-02-25
Cabanatuan City,2023-01-30,2023-02-12,2023-02-26
Cabanatuan City,2023-01-31,2023-02-13,2023-02-27
Cabanatuan City,2023-02-01,2023-02-14,2023-02-28
Cabanatuan City,2023-02-02,2023-02-15,2023-03-01
Cabanatuan City,2023-02-03,2023-02-16,2023-03-02
Cabanatuan City,2023-02-04,2023-02-17,2023-03-03
Cabanatuan City,2023-02-05,2023-02-18,2023-03-04
Cabanatuan City,2023-02-06,2023-02-19,2023-03-05
Cabanatuan City,2023-02-07,2023-02-20,2023-03-06
Cabanatuan City,2023-02-08,2023-02-21,2023-03-07
Cabanatuan City,2023-02-09,2023-02-22,2023-03-08
Cabanatuan City,2023-02-10,2023-02-23,2023-03-09
Cabanatuan City,2023-02-11,2023-02-24,2023-03-10
Cabanatuan City,2023-02-12,2023-02-25,2023-03-11
Cabanatuan City,2023-02-13,2023-02-26,2023-03-12
Cabanatuan City,2023-02-14,2023-02-27,2023-03-13
Cabanatuan City,2023-02-15,2023-02-28,2023-03-14
Cabanatuan City,2023-02-16,2023-03-01,2023-03-15
Cabanatuan City,2023-02-17,2023-03-02,2023-03-16
Cabanatuan City,2023-02-18,2023-03-03,2023-03-17
Cabanatuan City,2023-02-19,2023-03-04,2023-03-18
Cabanatuan City,2023-02-20,2023-03-05,2023-03-19
Cabanatuan City,2023-02-21,2023-03-06,2023-03-20
Cabanatuan City,2023-02-22,2023-03-07,2023-03-21
Cabanatuan City,2023-02-23,2023-03-08,2023-03-22
Cabanatuan City,2023-02-24,2023-03-09,2023-03-23
Cabanatuan City,2023-02-25,2023-03-10,2023-03-24
Cabanatuan City,2023-02-26,2023-03-11,2023-03-25
Cabanatuan City,2023-02-27,2023-03-12,2023-03-26
Cabanatuan City,2023-02-28,2023-03-13,2023-03-27
Cabanatuan City,2023-03-01,2023-03-14,2023-03-28
Cabanatuan City,2023-03-02,2023-03-15,2023-03-29
Cabanatuan City,2023-03-03,2023-03-16,2023-03-30
Cabanatuan City,2023-03-04,2023-03-17,2023-03-31
Cabanatuan City,2023-03-05,2023-03-18,2023-04-01
Cabanatuan City,2023-03-06,2023-03-19,2023-04-02
Cabanatuan City,2023-03-07,2023-03-20,2023-04-03
Cabanatuan City,2023-03-08,2023-03-21,2023-04-04
Cabanatuan City,2023-03-09,2023-03-22,2023-04-05
Cabanatuan City,2023-03-10,2023-03-23,2023-04-06
Cabanatuan City,2023-03-11,2023-03-24,2023-04-07
Cabanatuan City,2023-03-12,2023-03-25,2023-04-08
Cabanatuan City,2023-03-13,2023-03-26,2023-04-09
Cabanatuan City,2023-03-14,2023-03-27,2023-04-10
Cabanatuan City,2023-03-15,2023-03-28,2023-04-11
Cabanatuan City,2023-03-16,2023-03-29,2023-04-12
Cabanatuan City,2023-03-17,2023-03-30,2023-04-13
Cabanatuan City,2023-03-18,2023-03-31,2023-04-14
Cabanatuan City,2023-03-19,2023-04-01,2023-04-15
Cabanatuan City,2023-03-20,2023-04-02,2023-04-16
Cabanatuan City,2023-03-21,2023-04-03,2023-04-17
Cabanatuan City,2023-03-22,2023-04-04,2023-04-18
Cabanatuan City,2023-03-23,2023-04-05,2023-04-19
Cabanatuan City,2023-03-24,2023-04-06,2023-04-20
Cabanatuan City,2023-03-25,2023-04-07,2023-04-21
Cabanatuan City,2023-03-26,2023-04-08,2023-04-22
Cabanatuan City,2023-03-27,2023-04-09,2023-04-23
Cabanatuan City,2023-03-28,2023-04-10,2023-04-24
Cabanatuan City,2023-03-29,2023-04-11,2023-04-25
Cabanatuan City,2023-03-30,2023-04-12,2023-04-26
Cabanatuan City,2023-03-31,2023-04-13,2023-04-27
Cabanatuan City,2023-04-01,2023-04-14,2023-04-28
Cabanatuan City,2023-04-02,2023-04-15,2023-04-29
Cabanatuan City,2023-04-03,2023-04-16,2023-04-30
Cabanatuan City,2023-04-04,2023-04-17,2023-05-01
Cabanatuan City,2023-04-05,2023-04-18,2023-05-02
Cabanatuan City,2023-04-06,2023-04-19,2023-05-03
Cabanatuan City,2023-04-07,2023-04-20,2023-05-04
Cabanatuan City,2023-04-08,2023-04-21,2023-05-05
Cabanatuan City,2023-04-09,2023-04-22,2023-05-06
Cabanatuan City,2023-04-10,2023-04-23,2023-05-07
Cabanatuan City,2023-04-11,2023-04-24,2023-05-08
Cabanatuan City,2023-04-12,2023-04-25,2023-05-09
Cabanatuan City,2023-04-13,2023-04-26,2023-05-10
Cabanatuan City,2023-04-14,2023-04-27,2023-05-11
Cabanatuan City,2023-04-15,2023-04-28,2023-05-12
Cabanatuan City,2023-04-16,2023-04-29,2023-05-13
Cabanatuan City,2023-04-17,2023-04-30,2023-05-14
Cabanatuan City,2023-04-18,2023-05-01,2023-05-15
Cabanatuan City,2023-04-19,2023-05-02,2023-05-16
Cabanatuan City,2023-04-20,2023-05-03,2023-05-17
Cabanatuan City,2023-04-21,2023-05-04,2023-05-18
Cabanatuan City,2023-04-22,2023-05-05,2023-05-19
Cabanatuan City,2023-04-23,2023-05-06,2023-05-20
Cabanatuan City,2023-04-24,2023-05-07,2023-05-21
Cabanatuan City,2023-04-25,2023-05-08,2023-05-22
Cabanatuan City,2023-04-26,2023-05-09,2023-05-23
Cabanatuan City,2023-04-27,2023-05-10,2023-05-24
Cabanatuan City,2023-04-28,2023-05-11,2023-05-25
Cabanatuan City,2023-04-29,2023-05-12,2023-05-26
Cabanatuan City,2023-04-30,2023-05-13,2023-05-27
Cabanatuan City,2023-05-01,2023-05-14,2023-05-28
Cabanatuan City,2023-05-02,2023-05-15,2023-05-29
Cabanatuan City,2023-05-03,2023-05-16,2023-05-30
Cabanatuan City,2023-05-04,2023-05-17,2023-05-31
Cabanatuan City,2023-05-05,2023-05-18,2023-06-01
Cabanatuan City,2023-05-06,2023-05-19,2023-06-02
Cabanatuan City,2023-05-07,2023-05-20,2023-06-03
Cabanatuan City,2023-05-08,2023-05-21,2023-06-04
Cabanatuan City,2023-05-09,2023-05-22,2023-06-05
Cabanatuan City,2023-05-10,2023-05-23,2023-06-06
Cabanatuan City,2023-05-11,2023-05-24,2023-06-07
Cabanatuan City,2023-05-12,2023-05-25,2023-06-08
Cabanatuan City,2023-05-13,2023-05-26,2023-06-09
Cabanatuan City,2023-05-14,2023-05-27,2023-06-10
Cabanatuan City,2023-05-15,2023-05-28,2023-06-11
Cabanatuan City,2023-05-16,2023-05-29,2023-06-12
Cabanatuan City,2023-05-17,2023-05-30,2023-06-13
Cabanatuan City,2023-05-18,2023-05-31,2023-06-14
Cabanatuan City,2023-05-19,2023-06-01,2023-06-15
Cabanatuan City,2023-05-20,2023-06-02,2023-06-16
Cabanatuan City,2023-05-21,2023-06-03,2023-06-17
Cabanatuan City,2023-05-22,2023-06-04,2023-06-18
Cabanatuan City,2023-05-23,2023-06-05,2023-06-19
Cabanatuan City,2023-05-24,2023-06-06,2023-06-20
Cabanatuan City,2023-05-25,2023-06-07,2023-06-21
Cabanatuan City,2023-05-26,2023-06-08,2023-06-22
Cabanatuan City,2023-05-27,2023-06-09,2023-06-23
Cabanatuan City,2023-05-28,2023-06-10,2023-06-24
Cabanatuan City,2023-05-29,2023-06-11,2023-06-25
Cabanatuan City,2023-05-30,2023-06-12,2023-06-26
Cabanatuan City,2023-05-31,2023-06-13,2023-06-27
Cabanatuan City,2023-06-01,2023-06-14,2023-06-28
Cabanatuan City,2023-06-02,2023-06-15,2023-06-29
Cabanatuan City,2023-06-03,2023-06-16,2023-06-30
Cabanatuan City,2023-06-04,2023-06-17,2023-07-01
Cabanatuan City,2023-06-05,2023-06-18,2023-07-02
Cabanatuan City,2023-06-06,2023-06-19,2023-07-03
Cabanatuan City,2023-06-07,2023-06-20,2023-07-04
Cabanatuan City,2023-06-08,2023-06-21,2023-07-05
Cabanatuan City,2023-06-09,2023-06-22,2023-07-06
Cabanatuan City,2023-06-10,2023-06-23,2023-07-07
Cabanatuan City,2023-06-11,2023-06-24,2023-07-08
Cabanatuan City,2023-06-12,2023-06-25,2023-07-09
Cabanatuan City,2023-06-13,2023-06-26,2023-07-10
Cabanatuan City,2023-06-14,2023-06-27,2023-07-11
Cabanatuan City,2023-06-15,2023-06-28,2023-07-12
Cabanatuan City,2023-06-16,2023-06-29,2023-07-13
Cabanatuan City,2023-06-17,2023-06-30,2023-07-14
Cabanatuan City,2023-06-18,2023-07-01,2023-07-15
Cabanatuan City,2023-06-19,2023-07-02,2023-07-16
Cabanatuan City,2023-06-20,2023-07-03,2023-07-17
Cabanatuan City,2023-06-21,2023-07-04,2023-07-18
Cabanatuan City,2023-06-22,2023-07-05,2023-07-19
Cabanatuan City,2023-06-23,2023-07-06,2023-07-20
Cabanatuan City,2023-06-24,2023-07-07,2023-07-21
Cabanatuan City,2023-06-25,2023-07-08,2023-07-22
Cabanatuan City,2023-06-26,2023-07-09,2023-07-23
Cabanatuan City,2023-06-27,2023-07-10,2023-07-24
Cabanatuan City,2023-06-28,2023-07-11,2023-07-25
Cabanatuan City,2023-06-29,2023-07-12,2023-07-26
Cabanatuan City,2023-06-30,2023-07-13,2023-07-27
Cabanatuan City,2023-07-01,2023-07-14,2023-07-28
Cabanatuan City,2023-07-02,2023-07-15,2023-07-29
Cabanatuan City,2023-07-03,2023-07-16,2023-07-30
Cabanatuan City,2023-07-04,2023-07-17,2023-07-31
Cabanatuan City,2023-07-05,2023-07-18,2023-08-01
Cabanatuan City,2023-07-06,2023-07-19,2023-08-02
Cabanatuan City,2023-07-07,2023-07-20,2023-08-03
Cabanatuan City,2023-07-08,2023-07-21,2023-08-04
Cabanatuan City,2023-07-09,2023-07-22,2023-08-05
Cabanatuan City,2023-07-10,2023-07-23,2023-08-06
Cabanatuan City,2023-07-11,2023-07-24,2023-08-07
Cabanatuan City,2023-07-12,2023-07-25,2023-08-08
Cabanatuan City,2023-07-13,2023-07-26,2023-08-09
Cabanatuan City,2023-07-14,2023-07-27,2023-08-10
Cabanatuan City,2023-07-15,2023-07-28,2023-08-11
Cabanatuan City,2023-07-16,2023-07-29,2023-08-12
Cabanatuan City,2023-07-17,2023-07-30,2023-08-13
Cabanatuan City,2023-07-18,2023-07-31,2023-08-14
Cabanatuan City,2023-07-19,2023-08-01,2023-08-15
Cabanatuan City,2023-07-20,2023-08-02,2023-08-16
Cabanatuan City,2023-07-21,2023-08-03,2023-08-17
Cabanatuan City,2023-07-22,2023-08-04,2023-08-18
Cabanatuan City,2023-07-23,2023-08-05,2023-08-19
Cabanatuan City,2023-07-24,2023-08-06,2023-08-20
Cabanatuan City,2023-07-25,2023-08-07,2023-08-21
Cabanatuan City,2023-07-26,2023-08-08,2023-08-22
Cabanatuan City,2023-07-27,2023-08-09,2023-08-23
Cabanatuan City,2023-07-28,2023-08-10,2023-08-24
Cabanatuan City,2023-07-29,2023-08-11,2023-08-25
Cabanatuan City,2023-07-30,2023-08-12,2023-08-26
Cabanatuan City,2023-07-31,2023-08-13,2023-08-27
Cabanatuan City,2023-08-01,2023-08-14,2023-08-28
Cabanatuan City,2023-08-02,2023-08-15,2023-08-29
Cabanatuan City,2023-08-03,2023-08-16,2023-08-30
Cabanatuan City,2023-08-04,2023-08-17,2023-08-31
Cabanatuan City,2023-08-05,2023-08-18,2023-09-01
Cabanatuan City,2023-08-06,2023-08-19,2023-09-02
Cabanatuan City,2023-08-07,2023-08-20,2023-09-03
Cabanatuan City,2023-08-08,2023-08-21,2023-09-04
Cabanatuan City,2023-08-09,2023-08-22,2023-09-05
Cabanatuan City,2023-08-10,2023-08-23,2023-09-06
Cabanatuan City,2023-08-11,2023-08-24,2023-09-07
Cabanatuan City,2023-08-12,2023-08-25,2023-09-08
Cabanatuan City,2023-08-13,2023-08-26,2023-09-09
Cabanatuan City,2023-08-14,2023-08-27,2023-09-10
Cabanatuan City,2023-08-15,2023-08-28,2023-09-11
Cabanatuan City,2023-08-16,2023-08-29,2023-09-12
Cabanatuan City,2023-08-17,2023-08-30,2023-09-13
Cabanatuan City,2023-08-18,2023-08-31,2023-09-14
Cabanatuan City,2023-08-19,2023-09-01,2023-09-15
Cabanatuan City,2023-08-20,2023-09-02,2023-09-16
Cabanatuan City,2023-08-21,2023-09-03,2023-09-17
Cabanatuan City,2023-08-22,2023-09-04,2023-09-18
Cabanatuan City,2023-08-23,2023-09-05,2023-09-19
Cabanatuan City,2023-08-24,2023-09-06,2023-09-20
Cabanatuan City,2023-08-25,2023-09-07,2023-09-21
Cabanatuan City,2023-08-26,2023-09-08,2023-09-22
Cabanatuan City,2023-08-27,2023-09-09,2023-09-23
Cabanatuan City,2023-08-28,2023-09-10,2023-09-24
Cabanatuan City,2023-08-29,2023-09-11,2023-09-25
Cabanatuan City,2023-08-30,2023-09-12,2023-09-26
Cabanatuan City,2023-08-31,2023-09-13,2023-09-27
Cabanatuan City,2023-09-01,2023-09-14,2023-09-28
Cabanatuan City,2023-09-02,2023-09-15,2023-09-29
Cabanatuan City,2023-09-03,2023-09-16,2023-09-30
Cabanatuan City,2023-09-04,2023-09-17,2023-10-01
Cabanatuan City,2023-09-05,2023-09-18,2023-10-02
Cabanatuan City,2023-09-06,2023-09-19,2023-10-03
Cabanatuan City,2023-09-07,2023-09-20,2023-10-04
Cabanatuan City,2023-09-08,2023-09-21,2023-10-05
Cabanatuan City,2023-09-09,2023-09-22,2023-10-06
Cabanatuan City,2023-09-10,2023-09-23,2023-10-07
Cabanatuan City,2023-09-11,2023-09-24,2023-10-08
Cabanatuan City,2023-09-12,2023-09-25,2023-10-09
Cabanatuan City,2023-09-13,2023-09-26,2023-10-10
Cabanatuan City,2023-09-14,2023-09-27,2023-10-11
Cabanatuan City,2023-09-15,2023-09-28,2023-10-12
Cabanatuan City,2023-09-16,2023-09-29,2023-10-13
Cabanatuan City,2023-09-17,2023-09-30,2023-10-14
Cabanatuan City,2023-09-18,2023-10-01,2023-10-15
Cabanatuan City,2023-09-19,2023-10-02,2023-10-16
Cabanatuan City,2023-09-20,2023-10-03,2023-10-17
Cabanatuan City,2023-09-21,2023-10-04,2023-10-18
Cabanatuan City,2023-09-22,2023-10-05,2023-10-19
Cabanatuan City,2023-09-23,2023-10-06,2023-10-20
Cabanatuan City,2023-09-24,2023-10-07,2023-10-21
Cabanatuan City,2023-09-25,2023-10-08,2023-10-22
Cabanatuan City,2023-09-26,2023-10-09,2023-10-23
Cabanatuan City,2023-09-27,2023-10-10,2023-10-24
Cabanatuan City,2023-09-28,2023-10-11,2023-10-25
Cabanatuan City,2023-09-29,2023-10-12,2023-10-26
Cabanatuan City,2023-09-30,2023-10-13,2023-10-27
Cabanatuan City,2023-10-01,2023-10-14,2023-10-28
Cabanatuan City,2023-10-02,2023-10-15,2023-10-29
Cabanatuan City,2023-10-03,2023-10-16,2023-10-30
Cabanatuan City,2023-10-04,2023-10-17,2023-10-31
Cabanatuan City,2023-10-05,2023-10-18,2023-11-01
Cabanatuan City,2023-10-06,2023-10-19,2023-11-02
Cabanatuan City,2023-10-07,2023-10-20,2023-11-03
Cabanatuan City,2023-10-08,2023-10-21,2023-11-04
Cabanatuan City,2023-10-09,2023-10-22,2023-11-05
Cabanatuan City,2023-10-10,2023-10-23,2023-11-06
Cabanatuan City,2023-10-11,2023-10-24,2023-11-07
Cabanatuan City,2023-10-12,2023-10-25,2023-11-08
Cabanatuan City,2023-10-13,2023-10-26,2023-11-09
Cabanatuan City,2023-10-14,2023-10-27,2023-11-10
Cabanatuan City,2023-10-15,2023-10-28,2023-11-11
Cabanatuan City,2023-10-16,2023-10-29,2023-11-12
Cabanatuan City,2023-10-17,2023-10-30,2023-11-13
Cabanatuan City,2023-10-18,2023-10-31,2023-11-14
Cabanatuan City,2023-10-19,2023-11-01,2023-11-15
Cabanatuan City,2023-10-20,2023-11-02,2023-11-16
Cabanatuan City,2023-10-21,2023-11-03,2023-11-17
Cabanatuan City,2023-10-22,2023-11-04,2023-11-18
Cabanatuan City,2023-10-23,2023-11-05,2023-11-19
Cabanatuan City,2023-10-24,2023-11-06,2023-11-20
Cabanatuan City,2023-10-25,2023-11-07,2023-11-21
Cabanatuan City,2023-10-26,2023-11-08,2023-11-22
Cabanatuan City,2023-10-27,2023-11-09,2023-11-23
Cabanatuan City,2023-10-28,2023-11-10,2023-11-24
Cabanatuan City,2023-10-29,2023-11-11,2023-11-25
Cabanatuan City,2023-10-30,2023-11-12,2023-11-26
Cabanatuan City,2023-10-31,2023-11-13,2023-11-27
Cabanatuan City,2023-11-01,2023-11-14,2023-11-28
Cabanatuan City,2023-11-02,2023-11-15,2023-11-29
Cabanatuan City,2023-11-03,2023-11-16,2023-11-30
Cabanatuan City,2023-11-04,2023-11-17,2023-12-01
Cabanatuan City,2023-11-05,2023-11-18,2023-12-02
Cabanatuan City,2023-11-06,2023-11-19,2023-12-03
Cabanatuan City,2023-11-07,2023-11-20,2023-12-04
Cabanatuan City,2023-11-08,2023-11-21,2023-12-05
Cabanatuan City,2023-11-09,2023-11-22,2023-12-06
Cabanatuan City,2023-11-10,2023-11-23,2023-12-07
Cabanatuan City,2023-11-11,2023-11-24,2023-12-08
Cabanatuan City,2023-11-12,2023-11-25,2023-12-09
Cabanatuan City,2023-11-13,2023-11-26,2023-12-10
Cabanatuan City,2023-11-14,2023-11-27,2023-12-11
Cabanatuan City,2023-11-15,2023-11-28,2023-12-12
Cabanatuan City,2023-11-16,2023-11-29,2023-12-13
Cabanatuan City,2023-11-17,2023-11-30,2023-12-14
Cabanatuan City,2023-11-18,2023-12-01,2023-12-15
Cabanatuan City,2023-11-19,2023-12-02,2023-12-16
Cabanatuan City,2023-11-20,2023-12-03,2023-12-17
Cabanatuan City,2023-11-21,2023-12-04,2023-12-18
Cabanatuan City,2023-11-22,2023-12-05,2023-12-19
Cabanatuan City,2023-11-23,2023-12-06,2023-12-20
Cabanatuan City,2023-11-24,2023-12-07,2023-12-21
Cabanatuan City,2023-11-25,2023-12-08,2023-12-22
Cabanatuan City,2023-11-26,2023-12-09,2023-12-23
Cabanatuan City,2023-11-27,2023-12-10,2023-12-24
Cabanatuan City,2023-11-28,2023-12-11,2023-12-25
Cabanatuan City,2023-11-29,2023-12-12,2023-12-26
Cabanatuan City,2023-11-30,2023-12-13,2023-12-27
Cabanatuan City,2023-12-01,2023-12-14,2023-12-28
Cabanatuan City,2023-12-02,2023-12-15,2023-12-29
Cabanatuan City,2023-12-03,2023-12-16,2023-12-30
Cabanatuan City,2023-12-04,2023-12-17,2023-12-31
Cabanatuan City,2023-12-05,2023-12-18,2024-01-01
Cabanatuan City,2023-12-06,2023-12-19,2024-01-02
Cabanatuan City,2023-12-07,2023-12-20,2024-01-03
Cabanatuan City,2023-12-08,2023-12-21,2024-01-04
Cabanatuan City,2023-12-09,2023-12-22,2024-01-05
Cabanatuan City,2023-12-10,2023-12-23,2024-01-06
Cabanatuan City,2023-12-11,2023-12-24,2024-01-07
Cabanatuan City,2023-12-12,2023-12-25,2024-01-08
Cabanatuan City,2023-12-13,2023-12-26,2024-01-09
Cabanatuan City,2023-12-14,2023-12-27,2024-01-10
Cabanatuan City,2023-12-15,2023-12-28,2024-01-11
Cabanatuan City,2023-12-16,2023-12-29,2024-01-12
Cabanatuan City,2023-12-17,2023-12-30,2024-01-13
Cabanatuan City,2023-12-18,2023-12-31,2024-01-14
Cabanatuan City,2023-12-19,2024-01-01,2024-01-15
Cabanatuan City,2023-12-20,2024-01-02,2024-01-16
Cabanatuan City,2023-12-21,2024-01-03,2024-01-17
Cabanatuan City,2023-12-22,2024-01-04,2024-01-18
Cabanatuan City,2023-12-23,2024-01-05,2024-01-19
Cabanatuan City,2023-12-24,2024-01-06,2024-01-20
Cabanatuan City,2023-12-25,2024-01-07,2024-01-21
Cabanatuan City,2023-12-26,2024-01-08,2024-01-22
Cabanatuan City,2023-12-27,2024-01-09,2024-01-23
Cabanatuan City,2023-12-28,2024-01-10,2024-01-24
Cabanatuan City,2023-12-29,2024-01-11,2024-01-25
Cabanatuan City,2023-12-30,2024-01-12,2024-01-26
Cabanatuan City,2023-12-31,2024-01-13,2024-01-27
Cabanatuan City,2024-01-01,2024-01-14,2024-01-28
Cabanatuan City,2024-01-02,2024-01-15,2024-01-29
Cabanatuan City,2024-01-03,2024-01-16,2024-01-30
Cabanatuan City,2024-01-04,2024-01-17,2024-01-31
Cabanatuan City,2024-01-05,2024-01-18,2024-02-01
Cabanatuan City,2024-01-06,2024-01-19,2024-02-02
Cabanatuan City,2024-01-07,2024-01-20,2024-02-03
Cabanatuan City,2024-01-08,2024-01-21,2024-02-04
Cabanatuan City,2024-01-09,2024-01-22,2024-02-05
Cabanatuan City,2024-01-10,2024-01-23,2024-02-06
Cabanatuan City,2024-01-11,2024-01-24,2024-02-07
Cabanatuan City,2024-01-12,2024-01-25,2024-02-08
Cabanatuan City,2024-01-13,2024-01-26,2024-02-09
Cabanatuan City,2024-01-14,2024-01-27,2024-02-10
Cabanatuan City,2024-01-15,2024-01-28,2024-02-11
Cabanatuan City,2024-01-16,2024-01-29,2024-02-12
Cabanatuan City,2024-01-17,2024-01-30,2024-02-13
Cabanatuan City,2024-01-18,2024-01-31,2024-02-14
Cabanatuan City,2024-01-19,2024-02-01,2024-02-15
Cabanatuan City,2024-01-20,2024-02-02,2024-02-16
Cabanatuan City,2024-01-21,2024-02-03,2024-02-17
Cabanatuan City,2024-01-22,2024-02-04,2024-02-18
Cabanatuan City,2024-01-23,2024-02-05,2024-02-19
Cabanatuan City,2024-01-24,2024-02-06,2024-02-20
Cabanatuan City,2024-01-25,2024-02-07,2024-02-21
Cabanatuan City,2024-01-26,2024-02-08,2024-02-22
Cabanatuan City,2024-01-27,2024-02-09,2024-02-23
Cabanatuan City,2024-01-28,2024-02-10,2024-02-24
Cabanatuan City,2024-01-29,2024-02-11,2024-02-25
Cabanatuan City,2024-01-30,2024-02-12,2024-02-26
Cabanatuan City,2024-01-31,2024-02-13,2024-02-27
Cabanatuan City,2024-02-01,2024-02-14,2024-02-28
Cabanatuan City,2024-02-02,2024-02-15,2024-02-29
Cabanatuan City,2024-02-03,2024-02-16,2024-03-01
Cabanatuan City,2024-02-04,2024-02-17,2024-03-02
Cabanatuan City,2024-02-05,2024-02-18,2024-03-03
Cabanatuan City,2024-02-06,2024-02-19,2024-03-04
Cabanatuan City,2024-02-07,2024-02-20,2024-03-05
Cabanatuan City,2024-02-08,2024-02-21,2024-03-06
Cabanatuan City,2024-02-09,2024-02-22,2024-03-07
Cabanatuan City,2024-02-10,2024-02-23,2024-03-08
Cabanatuan City,2024-02-11,2024-02-24,2024-03-09
Cabanatuan City,2024-02-12,2024-02-25,2024-03-10
Cabanatuan City,2024-02-13,2024-02-26,2024-03-11
Cabanatuan City,2024-02-14,2024-02-27,2024-03-12
Cabanatuan City,2024-02-15,2024-02-28,2024-03-13
Cabanatuan City,2024-02-16,2024-02-29,2024-03-14
Cabanatuan City,2024-02-17,2024-03-01,2024-03-15
Cabanatuan City,2024-02-18,2024-03-02,2024-03-16
Cabanatuan City,2024-02-19,2024-03-03,2024-03-17
Cabanatuan City,2024-02-20,2024-03-04,2024-03-18
Cabanatuan City,2024-02-21,2024-03-05,2024-03-19
Cabanatuan City,2024-02-22,2024-03-06,2024-03-20
Cabanatuan City,2024-02-23,2024-03-07,2024-03-21
Cabanatuan City,2024-02-24,2024-03-08,2024-03-22
Cabanatuan City,2024-02-25,2024-03-09,2024-03-23
Cabanatuan City,2024-02-26,2024-03-10,2024-03-24
Cabanatuan City,2024-02-27,2024-03-11,2024-03-25
Cabanatuan City,2024-02-28,2024-03-12,2024-03-26
Cabanatuan City,2024-02-29,2024-03-13,2024-03-27
Cabanatuan City,2024-03-01,2024-03-14,2024-03-28
Cabanatuan City,2024-03-02,2024-03-15,2024-03-29
Cabanatuan City,2024-03-03,2024-03-16,2024-03-30
Cabanatuan City,2024-03-04,2024-03-17,2024-03-31
Cabanatuan City,2024-03-05,2024-03-18,2024-04-01
Cabanatuan City,2024-03-06,2024-03-19,2024-04-02
Cabanatuan City,2024-03-07,2024-03-20,2024-04-03
Cabanatuan City,2024-03-08,2024-03-21,2024-04-04
Cabanatuan City,2024-03-09,2024-03-22,2024-04-05
Cabanatuan City,2024-03-10,2024-03-23,2024-04-06
Cabanatuan City,2024-03-11,2024-03-24,2024-04-07
Cabanatuan City,2024-03-12,2024-03-25,2024-04-08
Cabanatuan City,2024-03-13,2024-03-26,2024-04-09
Cabanatuan City,2024-03-14,2024-03-27,2024-04-10
Cabanatuan City,2024-03-15,2024-03-28,2024-04-11
Cabanatuan City,2024-03-16,2024-03-29,2024-04-12
Cabanatuan City,2024-03-17,2024-03-30,2024-04-13
Cabanatuan City,2024-03-18,2024-03-31,2024-04-14
Cabanatuan City,2024-03-19,2024-04-01,2024-04-15
Cabanatuan City,2024-03-20,2024-04-02,2024-04-16
Cabanatuan City,2024-03-21,2024-04-03,2024-04-17
Cabanatuan City,2024-03-22,2024-04-04,2024-04-18
Cabanatuan City,2024-03-23,2024-04-05,2024-04-19
Cabanatuan City,2024-03-24,2024-04-06,2024-04-20
Cabanatuan City,2024-03-25,2024-04-07,2024-04-21
Cabanatuan City,2024-03-26,2024-04-08,2024-04-22
Cabanatuan City,2024-03-27,2024-04-09,2024-04-23
Cabanatuan City,2024-03-28,2024-04-10,2024-04-24
Cabanatuan City,2024-03-29,2024-04-11,2024-04-25
Cabanatuan City,2024-03-30,2024-04-12,2024-04-26
Cabanatuan City,2024-03-31,2024-04-13,2024-04-27
Cabanatuan City,2024-04-01,2024-04-14,2024-04-28
Cabanatuan City,2024-04-02,2024-04-15,2024-04-29
Cabanatuan City,2024-04-03,2024-04-16,2024-04-30
Cabanatuan City,2024-04-04,2024-04-17,2024-05-01
Cabanatuan City,2024-04-05,2024-04-18,2024-05-02
Cabanatuan City,2024-04-06,2024-04-19,2024-05-03
Cabanatuan City,2024-04-07,2024-04-20,2024-05-04
Cabanatuan City,2024-04-08,2024-04-21,2024-05-05
Cabanatuan City,2024-04-09,2024-04-22,2024-05-06
Cabanatuan City,2024-04-10,2024-04-23,2024-05-07
Cabanatuan City,2024-04-11,2024-04-24,2024-05-08
Cabanatuan City,2024-04-12,2024-04-25,2024-05-09
Cabanatuan City,2024-04-13,2024-04-26,2024-05-10
Cabanatuan City,2024-04-14,2024-04-27,2024-05-11
Cabanatuan City,2024-04-15,2024-04-28,2024-05-12
Cabanatuan City,2024-04-16,2024-04-29,2024-05-13
Cabanatuan City,2024-04-17,2024-04-30,2024-05-14
Cabanatuan City,2024-04-18,2024-05-01,2024-05-15
Cabanatuan City,2024-04-19,2024-05-02,2024-05-16
Cabanatuan City,2024-04-20,2024-05-03,2024-05-17
Cabanatuan City,2024-04-21,2024-05-04,2024-05-18
Cabanatuan City,2024-04-22,2024-05-05,2024-05-19
Cabanatuan City,2024-04-23,2024-05-06,2024-05-20
Cabanatuan City,2024-04-24,2024-05-07,2024-05-21
Cabanatuan City,2024-04-25,2024-05-08,2024-05-22
Cabanatuan City,2024-04-26,2024-05-09,2024-05-23
Cabanatuan City,2024-04-27,2024-05-10,2024-05-24
Cabanatuan City,2024-04-28,2024-05-11,2024-05-25
Cabanatuan City,2024-04-29,2024-05-12,2024-05-26
Cabanatuan City,2024-04-30,2024-05-13,2024-05-27
Cabanatuan City,2024-05-01,2024-05-14,2024-05-28
Cabanatuan City,2024-05-02,2024-05-15,2024-05-29
Cabanatuan City,2024-05-03,2024-05-16,2024-05-30
Cabanatuan City,2024-05-04,2024-05-17,2024-05-31
Cabanatuan City,2024-05-05,2024-05-18,2024-06-01
Cabanatuan City,2024-05-06,2024-05-19,2024-06-02
Cabanatuan City,2024-05-07,2024-05-20,2024-06-03
Cabanatuan City,2024-05-08,2024-05-21,2024-06-04
Cabanatuan City,2024-05-09,2024-05-22,2024-06-05
Cabanatuan City,2024-05-10,2024-05-23,2024-06-06
Cabanatuan City,2024-05-11,2024-05-24,2024-06-07
Cabanatuan City,2024-05-12,2024-05-25,2024-06-08
Cabanatuan City,2024-05-13,2024-05-26,2024-06-09
Cabanatuan City,2024-05-14,2024-05-27,2024-06-10
Cabanatuan City,2024-05-15,2024-05-28,2024-06-11
Cabanatuan City,2024-05-16,2024-05-29,2024-06-12
Cabanatuan City,2024-05-17,2024-05-30,2024-06-13
Cabanatuan City,2024-05-18,2024-05-31,2024-06-14
Cabanatuan City,2024-05-19,2024-06-01,2024-06-15
Cabanatuan City,2024-05-20,2024-06-02,2024-06-16
Cabanatuan City,2024-05-21,2024-06-03,2024-06-17
Cabanatuan City,2024-05-22,2024-06-04,2024-06-18
Cabanatuan City,2024-05-23,2024-06-05,2024-06-19
Cabanatuan City,2024-05-24,2024-06-06,2024-06-20
Cabanatuan City,2024-05-25,2024-06-07,2024-06-21
Cabanatuan City,2024-05-26,2024-06-08,2024-06-22
Cabanatuan City,2024-05-27,2024-06-09,2024-06-23
Cabanatuan City,2024-05-28,2024-06-10,2024-06-24
Cabanatuan City,2024-05-29,2024-06-11,2024-06-25
Cabanatuan City,2024-05-30,2024-06-12,2024-06-26
Cabanatuan City,2024-05-31,2024-06-13,2024-06-27
Cabanatuan City,2024-06-01,2024-06-14,2024-06-28
Cabanatuan City,2024-06-02,2024-06-15,2024-06-29
Cabanatuan City,2024-06-03,2024-06-16,2024-06-30
Cabanatuan City,2024-06-04,2024-06-17,2024-07-01
Cabanatuan City,2024-06-05,2024-06-18,2024-07-02
Cabanatuan City,2024-06-06,2024-06-19,2024-07-03
Cabanatuan City,2024-06-07,2024-06-20,2024-07-04
Cabanatuan City,2024-06-08,2024-06-21,2024-07-05
Cabanatuan City,2024-06-09,2024-06-22,2024-07-06
Cabanatuan City,2024-06-10,2024-06-23,2024-07-07
Cabanatuan City,2024-06-11,2024-06-24,2024-07-08
Cabanatuan City,2024-06-12,2024-06-25,2024-07-09
Cabanatuan City,2024-06-13,2024-06-26,2024-07-10
Cabanatuan City,2024-06-14,2024-06-27,2024-07-11
Cabanatuan City,2024-06-15,2024-06-28,2024-07-12
Cabanatuan City,2024-06-16,2024-06-29,2024-07-13
Cabanatuan City,2024-06-17,2024-06-30,2024-07-14
Cabanatuan City,2024-06-18,2024-07-01,2024-07-15
Cabanatuan City,2024-06-19,2024-07-02,2024-07-16
Cabanatuan City,2024-06-20,2024-07-03,2024-07-17
Cabanatuan City,2024-06-21,2024-07-04,2024-07-18
Cabanatuan City,2024-06-22,2024-07-05,2024-07-19
Cabanatuan City,2024-06-23,2024-07-06,2024-07-20
Cabanatuan City,2024-06-24,2024-07-07,2024-07-21
Cabanatuan City,2024-06-25,2024-07-08,2024-07-22
Cabanatuan City,2024-06-26,2024-07-09,2024-07-23
Cabanatuan City,2024-06-27,2024-07-10,2024-07-24
Cabanatuan City,2024-06-28,2024-07-11,2024-07-25
Cabanatuan City,2024-06-29,2024-07-12,2024-07-26
Cabanatuan City,2024-06-30,2024-07-13,2024-07-27
Cabanatuan City,2024-07-01,2024-07-14,2024-07-28
Cabanatuan City,2024-07-02,2024-07-15,2024-07-29
Cabanatuan City,2024-07-03,2024-07-16,2024-07-30
Cabanatuan City,2024-07-04,2024-07-17,2024-07-31
Cabanatuan City,2024-07-05,2024-07-18,2024-08-01
Cabanatuan City,2024-07-06,2024-07-19,2024-08-02
Cabanatuan City,2024-07-07,2024-07-20,2024-08-03
Cabanatuan City,2024-07-08,2024-07-21,2024-08-04
Cabanatuan City,2024-07-09,2024-07-22,2024-08-05
Cabanatuan City,2024-07-10,2024-07-23,2024-08-06
Cabanatuan City,2024-07-11,2024-07-24,2024-08-07
Cabanatuan City,2024-07-12,2024-07-25,2024-08-08
Cabanatuan City,2024-07-13,2024-07-26,2024-08-09
Cabanatuan City,2024-07-14,2024-07-27,2024-08-10
Cabanatuan City,2024-07-15,2024-07-28,2024-08-11
Cabanatuan City,2024-07-16,2024-07-29,2024-08-12
Cabanatuan City,2024-07-17,2024-07-30,2024-08-13
Cabanatuan City,2024-07-18,2024-07-31,2024-08-14
Cabanatuan City,2024-07-19,2024-08-01,2024-08-15
Cabanatuan City,2024-07-20,2024-08-02,2024-08-16
Cabanatuan City,2024-07-21,2024-08-03,2024-08-17
Cabanatuan City,2024-07-22,2024-08-04,2024-08-18
Cabanatuan City,2024-07-23,2024-08-05,2024-08-19
Cabanatuan City,2024-07-24,2024-08-06,2024-08-20
Cabanatuan City,2024-07-25,2024-08-07,2024-08-21
Cabanatuan City,2024-07-26,2024-08-08,2024-08-22
Cabanatuan City,2024-07-27,2024-08-09,2024-08-23
Cabanatuan City,2024-07-28,2024-08-10,2024-08-24
Cabanatuan City,2024-07-29,2024-08-11,2024-08-25
Cabanatuan City,2024-07-30,2024-08-12,2024-08-26
Cabanatuan City,2024-07-31,2024-08-13,2024-08-27
Cabanatuan City,2024-08-01,2024-08-14,2024-08-28
Cabanatuan City,2024-08-02,2024-08-15,2024-08-29
Cabanatuan City,2024-08-03,2024-08-16,2024-08-30
Cabanatuan City,2024-08-04,2024-08-17,2024-08-31
Cabanatuan City,2024-08-05,2024-08-18,2024-09-01
Cabanatuan City,2024-08-06,2024-08-19,2024-09-02
Cabanatuan City,2024-08-07,2024-08-20,2024-09-03
Cabanatuan City,2024-08-08,2024-08-21,2024-09-04
Cabanatuan City,2024-08-09,2024-08-22,2024-09-05
Cabanatuan City,2024-08-10,2024-08-23,2024-09-06
Cabanatuan City,2024-08-11,2024-08-24,2024-09-07
Cabanatuan City,2024-08-12,2024-08-25,2024-09-08
Cabanatuan City,2024-08-13,2024-08-26,2024-09-09
Cabanatuan City,2024-08-14,2024-08-27,2024-09-10
Cabanatuan City,2024-08-15,2024-08-28,2024-09-11
Cabanatuan City,2024-08-16,2024-08-29,2024-09-12
Cabanatuan City,2024-08-17,2024-08-30,2024-09-13
Cabanatuan City,2024-08-18,2024-08-31,2024-09-14
Cabanatuan City,2024-08-19,2024-09-01,2024-09-15
Cabanatuan City,2024-08-20,2024-09-02,2024-09-16
Cabanatuan City,2024-08-21,2024-09-03,2024-09-17
Cabanatuan City,2024-08-22,2024-09-04,2024-09-18
Cabanatuan City,2024-08-23,2024-09-05,2024-09-19
Cabanatuan City,2024-08-24,2024-09-06,2024-09-20
Cabanatuan City,2024-08-25,2024-09-07,2024-09-21
Cabanatuan City,2024-08-26,2024-09-08,2024-09-22
Cabanatuan City,2024-08-27,2024-09-09,2024-09-23
Cabanatuan City,2024-08-28,2024-09-10,2024-09-24
Cabanatuan City,2024-08-29,2024-09-11,2024-09-25
Cabanatuan City,2024-08-30,2024-09-12,2024-09-26
Cabanatuan City,2024-08-31,2024-09-13,2024-09-27
Cabanatuan City,2024-09-01,2024-09-14,2024-09-28
Cabanatuan City,2024-09-02,2024-09-15,2024-09-29
Cabanatuan City,2024-09-03,2024-09-16,2024-09-30
Cabanatuan City,2024-09-04,2024-09-17,2024-10-01
Cabanatuan City,2024-09-05,2024-09-18,2024-10-02
Cabanatuan City,2024-09-06,2024-09-19,2024-10-03
Cabanatuan City,2024-09-07,2024-09-20,2024-10-04
Cabanatuan City,2024-09-08,2024-09-21,2024-10-05
Cabanatuan City,2024-09-09,2024-09-22,2024-10-06
Cabanatuan City,2024-09-10,2024-09-23,2024-10-07
Cabanatuan City,2024-09-11,2024-09-24,2024-10-08
Cabanatuan City,2024-09-12,2024-09-25,2024-10-09
Cabanatuan City,2024-09-13,2024-09-26,2024-10-10
Cabanatuan City,2024-09-14,2024-09-27,2024-10-11
Cabanatuan City,2024-09-15,2024-09-28,2024-10-12
Cabanatuan City,2024-09-16,2024-09-29,2024-10-13
Cabanatuan City,2024-09-17,2024-09-30,2024-10-14
Cabanatuan City,2024-09-18,2024-10-01,2024-10-15
Cabanatuan City,2024-09-19,2024-10-02,2024-10-16
Cabanatuan City,2024-09-20,2024-10-03,2024-10-17
Cabanatuan City,2024-09-21,2024-10-04,2024-10-18
Cabanatuan City,2024-09-22,2024-10-05,2024-10-19
Cabanatuan City,2024-09-23,2024-10-06,2024-10-20
Cabanatuan City,2024-09-24,2024-10-07,2024-10-21
Cabanatuan City,2024-09-25,2024-10-08,2024-10-22
Cabanatuan City,2024-09-26,2024-10-09,2024-10-23
Cabanatuan City,2024-09-27,2024-10-10,2024-10-24
Cabanatuan City,2024-09-28,2024-10-11,2024-10-25
Cabanatuan City,2024-09-29,2024-10-12,2024-10-26
Cabanatuan City,2024-09-30,2024-10-13,2024-10-27
Cabanatuan City,2024-10-01,2024-10-14,2024-10-28
Cabanatuan City,2024-10-02,2024-10-15,2024-10-29
Cabanatuan City,2024-10-03,2024-10-16,2024-10-30
Cabanatuan City,2024-10-04,2024-10-17,2024-10-31
Cabanatuan City,2024-10-05,2024-10-18,2024-11-01
Cabanatuan City,2024-10-06,2024-10-19,2024-11-02
Cabanatuan City,2024-10-07,2024-10-20,2024-11-03
Cabanatuan City,2024-10-08,2024-10-21,2024-11-04
Cabanatuan City,2024-10-09,2024-10-22,2024-11-05
Cabanatuan City,2024-10-10,2024-10-23,2024-11-06
Cabanatuan City,2024-10-11,2024-10-24,2024-11-07
Cabanatuan City,2024-10-12,2024-10-25,2024-11-08
Cabanatuan City,2024-10-13,2024-10-26,2024-11-09
Cabanatuan City,2024-10-14,2024-10-27,2024-11-10
Cabanatuan City,2024-10-15,2024-10-28,2024-11-11
Cabanatuan City,2024-10-16,2024-10-29,2024-11-12
Cabanatuan City,2024-10-17,2024-10-30,2024-11-13
Cabanatuan City,2024-10-18,2024-10-31,2024-11-14
Cabanatuan City,2024-10-19,2024-11-01,2024-11-15
Cabanatuan City,2024-10-20,2024-11-02,2024-11-16
Cabanatuan City,2024-10-21,2024-11-03,2024-11-17
Cabanatuan City,2024-10-22,2024-11-04,2024-11-18
Cabanatuan City,2024-10-23,2024-11-05,2024-11-19
Cabanatuan City,2024-10-24,2024-11-06,2024-11-20
Cabanatuan City,2024-10-25,2024-11-07,2024-11-21
Cabanatuan City,2024-10-26,2024-11-08,2024-11-22
Cabanatuan City,2024-10-27,2024-11-09,2024-11-23
Cabanatuan City,2024-10-28,2024-11-10,2024-11-24
Cabanatuan City,2024-10-29,2024-11-11,2024-11-25
Cabanatuan City,2024-10-30,2024-11-12,2024-11-26
Cabanatuan City,2024-10-31,2024-11-13,2024-11-27
Cabanatuan City,2024-11-01,2024-11-14,2024-11-28
Cabanatuan City,2024-11-02,2024-11-15,2024-11-29
Cabanatuan City,2024-11-03,2024-11-16,2024-11-30
Cabanatuan City,2024-11-04,2024-11-17,2024-12-01
Cabanatuan City,2024-11-05,2024-11-18,2024-12-02
Cabanatuan City,2024-11-06,2024-11-19,2024-12-03
Cabanatuan City,2024-11-07,2024-11-20,2024-12-04
Cabanatuan City,2024-11-08,2024-11-21,2024-12-05
Cabanatuan City,2024-11-09,2024-11-22,2024-12-06
Cabanatuan City,2024-11-10,2024-11-23,2024-12-07
Cabanatuan City,2024-11-11,2024-11-24,2024-12-08
Cabanatuan City,2024-11-12,2024-11-25,2024-12-09
Cabanatuan City,2024-11-13,2024-11-26,2024-12-10
Cabanatuan City,2024-11-14,2024-11-27,2024-12-11
Cabanatuan City,2024-11-15,2024-11-28,2024-12-12
Cabanatuan City,2024-11-16,2024-11-29,2024-12-13
Cabanatuan City,2024-11-17,2024-11-30,2024-12-14
Cabanatuan City,2024-11-18,2024-12-01,2024-12-15
Cabanatuan City,2024-11-19,2024-12-02,2024-12-16
Cabanatuan City,2024-11-20,2024-12-03,2024-12-17
Cabanatuan City,2024-11-21,2024-12-04,2024-12-18
Cabanatuan City,2024-11-22,2024-12-05,2024-12-19
Cabanatuan City,2024-11-23,2024-12-06,2024-12-20
Cabanatuan City,2024-11-24,2024-12-07,2024-12-21
Cabanatuan City,2024-11-25,2024-12-08,2024-12-22
Cabanatuan City,2024-11-26,2024-12-09,2024-12-23
Cabanatuan City,2024-11-27,2024-12-10,2024-12-24
Cabanatuan City,2024-11-28,2024-12-11,2024-12-25
Cabanatuan City,2024-11-29,2024-12-12,2024-12-26
Cabanatuan City,2024-11-30,2024-12-13,2024-12-27
Cabanatuan City,2024-12-01,2024-12-14,2024-12-28
Cabanatuan City,2024-12-02,2024-12-15,2024-12-29
Cabanatuan City,2024-12-03,2024-12-16,2024-12-30
Cabanatuan City,2024-12-04,2024-12-17,2024-12-31
Concepcion,2019-01-01,2019-01-14,2019-01-28
Concepcion,2019-01-02,2019-01-15,2019-01-29
Concepcion,2019-01-03,2019-01-16,2019-01-30
Concepcion,2019-01-04,2019-01-17,2019-01-31
Concepcion,2019-01-05,2019-01-18,2019-02-01
Concepcion,2019-01-06,2019-01-19,2019-02-02
Concepcion,2019-01-07,2019-01-20,2019-02-03
Concepcion,2019-01-08,2019-01-21,2019-02-04
Concepcion,2019-01-09,2019-01-22,2019-02-05
Concepcion,2019-01-10,2019-01-23,2019-02-06
Concepcion,2019-01-11,2019-01-24,2019-02-07
Concepcion,2019-01-12,2019-01-25,2019-02-08
Concepcion,2019-01-13,2019-01-26,2019-02-09
Concepcion,2019-01-14,2019-01-27,2019-02-10
Concepcion,2019-01-15,2019-01-28,2019-02-11
Concepcion,2019-01-16,2019-01-29,2019-02-12
Concepcion,2019-01-17,2019-01-30,2019-02-13
Concepcion,2019-01-18,2019-01-31,2019-02-14
Concepcion,2019-01-19,2019-02-01,2019-02-15
Concepcion,2019-01-20,2019-02-02,2019-02-16
Concepcion,2019-01-21,2019-02-03,2019-02-17
Concepcion,2019-01-22,2019-02-04,2019-02-18
Concepcion,2019-01-23,2019-02-05,2019-02-19
Concepcion,2019-01-24,2019-02-06,2019-02-20
Concepcion,2019-01-25,2019-02-07,2019-02-21
Concepcion,2019-01-26,2019-02-08,2019-02-22
Concepcion,2019-01-27,2019-02-09,2019-02-23
Concepcion,2019-01-28,2019-02-10,2019-02-24
Concepcion,2019-01-29,2019-02-11,2019-02-25
Concepcion,2019-01-30,2019-02-12,2019-02-26
Concepcion,2019-01-31,2019-02-13,2019-02-27
Concepcion,2019-02-01,2019-02-14,2019-02-28
Concepcion,2019-02-02,2019-02-15,2019-03-01
Concepcion,2019-02-03,2019-02-16,2019-03-02
Concepcion,2019-02-04,2019-02-17,2019-03-03
Concepcion,2019-02-05,2019-02-18,2019-03-04
Concepcion,2019-02-06,2019-02-19,2019-03-05
Concepcion,2019-02-07,2019-02-20,2019-03-06
Concepcion,2019-02-08,2019-02-21,2019-03-07
Concepcion,2019-02-09,2019-02-22,2019-03-08
Concepcion,2019-02-10,2019-02-23,2019-03-09
Concepcion,2019-02-11,2019-02-24,2019-03-10
Concepcion,2019-02-12,2019-02-25,2019-03-11
Concepcion,2019-02-13,2019-02-26,2019-03-12
Concepcion,2019-02-14,2019-02-27,2019-03-13
Concepcion,2019-02-15,2019-02-28,2019-03-14
Concepcion,2019-02-16,2019-03-01,2019-03-15
Concepcion,2019-02-17,2019-03-02,2019-03-16
Concepcion,2019-02-18,2019-03-03,2019-03-17
Concepcion,2019-02-19,2019-03-04,2019-03-18
Concepcion,2019-02-20,2019-03-05,2019-03-19
Concepcion,2019-02-21,2019-03-06,2019-03-20
Concepcion,2019-02-22,2019-03-07,2019-03-21
Concepcion,2019-02-23,2019-03-08,2019-03-22
Concepcion,2019-02-24,2019-03-09,2019-03-23
Concepcion,2019-02-25,2019-03-10,2019-03-24
Concepcion,2019-02-26,2019-03-11,2019-03-25
Concepcion,2019-02-27,2019-03-12,2019-03-26
Concepcion,2019-02-28,2019-03-13,2019-03-27
Concepcion,2019-03-01,2019-03-14,2019-03-28
Concepcion,2019-03-02,2019-03-15,2019-03-29
Concepcion,2019-03-03,2019-03-16,2019-03-30
Concepcion,2019-03-04,2019-03-17,2019-03-31
Concepcion,2019-03-05,2019-03-18,2019-04-01
Concepcion,2019-03-06,2019-03-19,2019-04-02
Concepcion,2019-03-07,2019-03-20,2019-04-03
Concepcion,2019-03-08,2019-03-21,2019-04-04
Concepcion,2019-03-09,2019-03-22,2019-04-05
Concepcion,2019-03-10,2019-03-23,2019-04-06
Concepcion,2019-03-11,2019-03-24,2019-04-07
Concepcion,2019-03-12,2019-03-25,2019-04-08
Concepcion,2019-03-13,2019-03-26,2019-04-09
Concepcion,2019-03-14,2019-03-27,2019-04-10
Concepcion,2019-03-15,2019-03-28,2019-04-11
Concepcion,2019-03-16,2019-03-29,2019-04-12
Concepcion,2019-03-17,2019-03-30,2019-04-13
Concepcion,2019-03-18,2019-03-31,2019-04-14
Concepcion,2019-03-19,2019-04-01,2019-04-15
Concepcion,2019-03-20,2019-04-02,2019-04-16
Concepcion,2019-03-21,2019-04-03,2019-04-17
Concepcion,2019-03-22,2019-04-04,2019-04-18
Concepcion,2019-03-23,2019-04-05,2019-04-19
Concepcion,2019-03-24,2019-04-06,2019-04-20
Concepcion,2019-03-25,2019-04-07,2019-04-21
Concepcion,2019-03-26,2019-04-08,2019-04-22
Concepcion,2019-03-27,2019-04-09,2019-04-23
Concepcion,2019-03-28,2019-04-10,2019-04-24
Concepcion,2019-03-29,2019-04-11,2019-04-25
Concepcion,2019-03-30,2019-04-12,2019-04-26
Concepcion,2019-03-31,2019-04-13,2019-04-27
Concepcion,2019-04-01,2019-04-14,2019-04-28
Concepcion,2019-04-02,2019-04-15,2019-04-29
Concepcion,2019-04-03,2019-04-16,2019-04-30
Concepcion,2019-04-04,2019-04-17,2019-05-01
Concepcion,2019-04-05,2019-04-18,2019-05-02
Concepcion,2019-04-06,2019-04-19,2019-05-03
Concepcion,2019-04-07,2019-04-20,2019-05-04
Concepcion,2019-04-08,2019-04-21,2019-05-05
Concepcion,2019-04-09,2019-04-22,2019-05-06
Concepcion,2019-04-10,2019-04-23,2019-05-07
Concepcion,2019-04-11,2019-04-24,2019-05-08
Concepcion,2019-04-12,2019-04-25,2019-05-09
Concepcion,2019-04-13,2019-04-26,2019-05-10
Concepcion,2019-04-14,2019-04-27,2019-05-11
Concepcion,2019-04-15,2019-04-28,2019-05-12
Concepcion,2019-04-16,2019-04-29,2019-05-13
Concepcion,2019-04-17,2019-04-30,2019-05-14
Concepcion,2019-04-18,2019-05-01,2019-05-15
Concepcion,2019-04-19,2019-05-02,2019-05-16
Concepcion,2019-04-20,2019-05-03,2019-05-17
Concepcion,2019-04-21,2019-05-04,2019-05-18
Concepcion,2019-04-22,2019-05-05,2019-05-19
Concepcion,2019-04-23,2019-05-06,2019-05-20
Concepcion,2019-04-24,2019-05-07,2019-05-21
Concepcion,2019-04-25,2019-05-08,2019-05-22
Concepcion,2019-04-26,2019-05-09,2019-05-23
Concepcion,2019-04-27,2019-05-10,2019-05-24
Concepcion,2019-04-28,2019-05-11,2019-05-25
Concepcion,2019-04-29,2019-05-12,2019-05-26
Concepcion,2019-04-30,2019-05-13,2019-05-27
Concepcion,2019-05-01,2019-05-14,2019-05-28
Concepcion,2019-05-02,2019-05-15,2019-05-29
Concepcion,2019-05-03,2019-05-16,2019-05-30
Concepcion,2019-05-04,2019-05-17,2019-05-31
Concepcion,2019-05-05,2019-05-18,2019-06-01
Concepcion,2019-05-06,2019-05-19,2019-06-02
Concepcion,2019-05-07,2019-05-20,2019-06-03
Concepcion,2019-05-08,2019-05-21,2019-06-04
Concepcion,2019-05-09,2019-05-22,2019-06-05
Concepcion,2019-05-10,2019-05-23,2019-06-06
Concepcion,2019-05-11,2019-05-24,2019-06-07
Concepcion,2019-05-12,2019-05-25,2019-06-08
Concepcion,2019-05-13,2019-05-26,2019-06-09
Concepcion,2019-05-14,2019-05-27,2019-06-10
Concepcion,2019-05-15,2019-05-28,2019-06-11
Concepcion,2019-05-16,2019-05-29,2019-06-12
Concepcion,2019-05-17,2019-05-30,2019-06-13
Concepcion,2019-05-18,2019-05-31,2019-06-14
Concepcion,2019-05-19,2019-06-01,2019-06-15
Concepcion,2019-05-20,2019-06-02,2019-06-16
Concepcion,2019-05-21,2019-06-03,2019-06-17
Concepcion,2019-05-22,2019-06-04,2019-06-18
Concepcion,2019-05-23,2019-06-05,2019-06-19
Concepcion,2019-05-24,2019-06-06,2019-06-20
Concepcion,2019-05-25,2019-06-07,2019-06-21
Concepcion,2019-05-26,2019-06-08,2019-06-22
Concepcion,2019-05-27,2019-06-09,2019-06-23
Concepcion,2019-05-28,2019-06-10,2019-06-24
Concepcion,2019-05-29,2019-06-11,2019-06-25
Concepcion,2019-05-30,2019-06-12,2019-06-26
Concepcion,2019-05-31,2019-06-13,2019-06-27
Concepcion,2019-06-01,2019-06-14,2019-06-28
Concepcion,2019-06-02,2019-06-15,2019-06-29
Concepcion,2019-06-03,2019-06-16,2019-06-30
Concepcion,2019-06-04,2019-06-17,2019-07-01
Concepcion,2019-06-05,2019-06-18,2019-07-02
Concepcion,2019-06-06,2019-06-19,2019-07-03
Concepcion,2019-06-07,2019-06-20,2019-07-04
Concepcion,2019-06-08,2019-06-21,2019-07-05
Concepcion,2019-06-09,2019-06-22,2019-07-06
Concepcion,2019-06-10,2019-06-23,2019-07-07
Concepcion,2019-06-11,2019-06-24,2019-07-08
Concepcion,2019-06-12,2019-06-25,2019-07-09
Concepcion,2019-06-13,2019-06-26,2019-07-10
Concepcion,2019-06-14,2019-06-27,2019-07-11
Concepcion,2019-06-15,2019-06-28,2019-07-12
Concepcion,2019-06-16,2019-06-29,2019-07-13
Concepcion,2019-06-17,2019-06-30,2019-07-14
Concepcion,2019-06-18,2019-07-01,2019-07-15
Concepcion,2019-06-19,2019-07-02,2019-07-16
Concepcion,2019-06-20,2019-07-03,2019-07-17
Concepcion,2019-06-21,2019-07-04,2019-07-18
Concepcion,2019-06-22,2019-07-05,2019-07-19
Concepcion,2019-06-23,2019-07-06,2019-07-20
Concepcion,2019-06-24,2019-07-07,2019-07-21
Concepcion,2019-06-25,2019-07-08,2019-07-22
Concepcion,2019-06-26,2019-07-09,2019-07-23
Concepcion,2019-06-27,2019-07-10,2019-07-24
Concepcion,2019-06-28,2019-07-11,2019-07-25
Concepcion,2019-06-29,2019-07-12,2019-07-26
Concepcion,2019-06-30,2019-07-13,2019-07-27
Concepcion,2019-07-01,2019-07-14,2019-07-28
Concepcion,2019-07-02,2019-07-15,2019-07-29
Concepcion,2019-07-03,2019-07-16,2019-07-30
Concepcion,2019-07-04,2019-07-17,2019-07-31
Concepcion,2019-07-05,2019-07-18,2019-08-01
Concepcion,2019-07-06,2019-07-19,2019-08-02
Concepcion,2019-07-07,2019-07-20,2019-08-03
Concepcion,2019-07-08,2019-07-21,2019-08-04
Concepcion,2019-07-09,2019-07-22,2019-08-05
Concepcion,2019-07-10,2019-07-23,2019-08-06
Concepcion,2019-07-11,2019-07-24,2019-08-07
Concepcion,2019-07-12,2019-07-25,2019-08-08
Concepcion,2019-07-13,2019-07-26,2019-08-09
Concepcion,2019-07-14,2019-07-27,2019-08-10
Concepcion,2019-07-15,2019-07-28,2019-08-11
Concepcion,2019-07-16,2019-07-29,2019-08-12
Concepcion,2019-07-17,2019-07-30,2019-08-13
Concepcion,2019-07-18,2019-07-31,2019-08-14
Concepcion,2019-07-19,2019-08-01,2019-08-15
Concepcion,2019-07-20,2019-08-02,2019-08-16
Concepcion,2019-07-21,2019-08-03,2019-08-17
Concepcion,2019-07-22,2019-08-04,2019-08-18
Concepcion,2019-07-23,2019-08-05,2019-08-19
Concepcion,2019-07-24,2019-08-06,2019-08-20
Concepcion,2019-07-25,2019-08-07,2019-08-21
Concepcion,2019-07-26,2019-08-08,2019-08-22
Concepcion,2019-07-27,2019-08-09,2019-08-23
Concepcion,2019-07-28,2019-08-10,2019-08-24
Concepcion,2019-07-29,2019-08-11,2019-08-25
Concepcion,2019-07-30,2019-08-12,2019-08-26
Concepcion,2019-07-31,2019-08-13,2019-08-27
Concepcion,2019-08-01,2019-08-14,2019-08-28
Concepcion,2019-08-02,2019-08-15,2019-08-29
Concepcion,2019-08-03,2019-08-16,2019-08-30
Concepcion,2019-08-04,2019-08-17,2019-08-31
Concepcion,2019-08-05,2019-08-18,2019-09-01
Concepcion,2019-08-06,2019-08-19,2019-09-02
Concepcion,2019-08-07,2019-08-20,2019-09-03
Concepcion,2019-08-08,2019-08-21,2019-09-04
Concepcion,2019-08-09,2019-08-22,2019-09-05
Concepcion,2019-08-10,2019-08-23,2019-09-06
Concepcion,2019-08-11,2019-08-24,2019-09-07
Concepcion,2019-08-12,2019-08-25,2019-09-08
Concepcion,2019-08-13,2019-08-26,2019-09-09
Concepcion,2019-08-14,2019-08-27,2019-09-10
Concepcion,2019-08-15,2019-08-28,2019-09-11
Concepcion,2019-08-16,2019-08-29,2019-09-12
Concepcion,2019-08-17,2019-08-30,2019-09-13
Concepcion,2019-08-18,2019-08-31,2019-09-14
Concepcion,2019-08-19,2019-09-01,2019-09-15
Concepcion,2019-08-20,2019-09-02,2019-09-16
Concepcion,2019-08-21,2019-09-03,2019-09-17
Concepcion,2019-08-22,2019-09-04,2019-09-18
Concepcion,2019-08-23,2019-09-05,2019-09-19
Concepcion,2019-08-24,2019-09-06,2019-09-20
Concepcion,2019-08-25,2019-09-07,2019-09-21
Concepcion,2019-08-26,2019-09-08,2019-09-22
Concepcion,2019-08-27,2019-09-09,2019-09-23
Concepcion,2019-08-28,2019-09-10,2019-09-24
Concepcion,2019-08-29,2019-09-11,2019-09-25
Concepcion,2019-08-30,2019-09-12,2019-09-26
Concepcion,2019-08-31,2019-09-13,2019-09-27
Concepcion,2019-09-01,2019-09-14,2019-09-28
Concepcion,2019-09-02,2019-09-15,2019-09-29
Concepcion,2019-09-03,2019-09-16,2019-09-30
Concepcion,2019-09-04,2019-09-17,2019-10-01
Concepcion,2019-09-05,2019-09-18,2019-10-02
Concepcion,2019-09-06,2019-09-19,2019-10-03
Concepcion,2019-09-07,2019-09-20,2019-10-04
Concepcion,2019-09-08,2019-09-21,2019-10-05
Concepcion,2019-09-09,2019-09-22,2019-10-06
Concepcion,2019-09-10,2019-09-23,2019-10-07
Concepcion,2019-09-11,2019-09-24,2019-10-08
Concepcion,2019-09-12,2019-09-25,2019-10-09
Concepcion,2019-09-13,2019-09-26,2019-10-10
Concepcion,2019-09-14,2019-09-27,2019-10-11
Concepcion,2019-09-15,2019-09-28,2019-10-12
Concepcion,2019-09-16,2019-09-29,2019-10-13
Concepcion,2019-09-17,2019-09-30,2019-10-14
Concepcion,2019-09-18,2019-10-01,2019-10-15
Concepcion,2019-09-19,2019-10-02,2019-10-16
Concepcion,2019-09-20,2019-10-03,2019-10-17
Concepcion,2019-09-21,2019-10-04,2019-10-18
Concepcion,2019-09-22,2019-10-05,2019-10-19
Concepcion,2019-09-23,2019-10-06,2019-10-20
Concepcion,2019-09-24,2019-10-07,2019-10-21
Concepcion,2019-09-25,2019-10-08,2019-10-22
Concepcion,2019-09-26,2019-10-09,2019-10-23
Concepcion,2019-09-27,2019-10-10,2019-10-24
Concepcion,2019-09-28,2019-10-11,2019-10-25
Concepcion,2019-09-29,2019-10-12,2019-10-26
Concepcion,2019-09-30,2019-10-13,2019-10-27
Concepcion,2019-10-01,2019-10-14,2019-10-28
Concepcion,2019-10-02,2019-10-15,2019-10-29
Concepcion,2019-10-03,2019-10-16,2019-10-30
Concepcion,2019-10-04,2019-10-17,2019-10-31
Concepcion,2019-10-05,2019-10-18,2019-11-01
Concepcion,2019-10-06,2019-10-19,2019-11-02
Concepcion,2019-10-07,2019-10-20,2019-11-03
Concepcion,2019-10-08,2019-10-21,2019-11-04
Concepcion,2019-10-09,2019-10-22,2019-11-05
Concepcion,2019-10-10,2019-10-23,2019-11-06
Concepcion,2019-10-11,2019-10-24,2019-11-07
Concepcion,2019-10-12,2019-10-25,2019-11-08
Concepcion,2019-10-13,2019-10-26,2019-11-09
Concepcion,2019-10-14,2019-10-27,2019-11-10
Concepcion,2019-10-15,2019-10-28,2019-11-11
Concepcion,2019-10-16,2019-10-29,2019-11-12
Concepcion,2019-10-17,2019-10-30,2019-11-13
Concepcion,2019-10-18,2019-10-31,2019-11-14
Concepcion,2019-10-19,2019-11-01,2019-11-15
Concepcion,2019-10-20,2019-11-02,2019-11-16
Concepcion,2019-10-21,2019-11-03,2019-11-17
Concepcion,2019-10-22,2019-11-04,2019-11-18
Concepcion,2019-10-23,2019-11-05,2019-11-19
Concepcion,2019-10-24,2019-11-06,2019-11-20
Concepcion,2019-10-25,2019-11-07,2019-11-21
Concepcion,2019-10-26,2019-11-08,2019-11-22
Concepcion,2019-10-27,2019-11-09,2019-11-23
Concepcion,2019-10-28,2019-11-10,2019-11-24
Concepcion,2019-10-29,2019-11-11,2019-11-25
Concepcion,2019-10-30,2019-11-12,2019-11-26
Concepcion,2019-10-31,2019-11-13,2019-11-27
Concepcion,2019-11-01,2019-11-14,2019-11-28
Concepcion,2019-11-02,2019-11-15,2019-11-29
Concepcion,2019-11-03,2019-11-16,2019-11-30
Concepcion,2019-11-04,2019-11-17,2019-12-01
Concepcion,2019-11-05,2019-11-18,2019-12-02
Concepcion,2019-11-06,2019-11-19,2019-12-03
Concepcion,2019-11-07,2019-11-20,2019-12-04
Concepcion,2019-11-08,2019-11-21,2019-12-05
Concepcion,2019-11-09,2019-11-22,2019-12-06
Concepcion,2019-11-10,2019-11-23,2019-12-07
Concepcion,2019-11-11,2019-11-24,2019-12-08
Concepcion,2019-11-12,2019-11-25,2019-12-09
Concepcion,2019-11-13,2019-11-26,2019-12-10
Concepcion,2019-11-14,2019-11-27,2019-12-11
Concepcion,2019-11-15,2019-11-28,2019-12-12
Concepcion,2019-11-16,2019-11-29,2019-12-13
Concepcion,2019-11-17,2019-11-30,2019-12-14
Concepcion,2019-11-18,2019-12-01,2019-12-15
Concepcion,2019-11-19,2019-12-02,2019-12-16
Concepcion,2019-11-20,2019-12-03,2019-12-17
Concepcion,2019-11-21,2019-12-04,2019-12-18
Concepcion,2019-11-22,2019-12-05,2019-12-19
Concepcion,2019-11-23,2019-12-06,2019-12-20
Concepcion,2019-11-24,2019-12-07,2019-12-21
Concepcion,2019-11-25,2019-12-08,2019-12-22
Concepcion,2019-11-26,2019-12-09,2019-12-23
Concepcion,2019-11-27,2019-12-10,2019-12-24
Concepcion,2019-11-28,2019-12-11,2019-12-25
Concepcion,2019-11-29,2019-12-12,2019-12-26
Concepcion,2019-11-30,2019-12-13,2019-12-27
Concepcion,2019-12-01,2019-12-14,2019-12-28
Concepcion,2019-12-02,2019-12-15,2019-12-29
Concepcion,2019-12-03,2019-12-16,2019-12-30
Concepcion,2019-12-04,2019-12-17,2019-12-31
Concepcion,2019-12-05,2019-12-18,2020-01-01
Concepcion,2019-12-06,2019-12-19,2020-01-02
Concepcion,2019-12-07,2019-12-20,2020-01-03
Concepcion,2019-12-08,2019-12-21,2020-01-04
Concepcion,2019-12-09,2019-12-22,2020-01-05
Concepcion,2019-12-10,2019-12-23,2020-01-06
Concepcion,2019-12-11,2019-12-24,2020-01-07
Concepcion,2019-12-12,2019-12-25,2020-01-08
Concepcion,2019-12-13,2019-12-26,2020-01-09
Concepcion,2019-12-14,2019-12-27,2020-01-10
Concepcion,2019-12-15,2019-12-28,2020-01-11
Concepcion,2019-12-16,2019-12-29,2020-01-12
Concepcion,2019-12-17,2019-12-30,2020-01-13
Concepcion,2019-12-18,2019-12-31,2020-01-14
Concepcion,2019-12-19,2020-01-01,2020-01-15
Concepcion,2019-12-20,2020-01-02,2020-01-16
Concepcion,2019-12-21,2020-01-03,2020-01-17
Concepcion,2019-12-22,2020-01-04,2020-01-18
Concepcion,2019-12-23,2020-01-05,2020-01-19
Concepcion,2019-12-24,2020-01-06,2020-01-20
Concepcion,2019-12-25,2020-01-07,2020-01-21
Concepcion,2019-12-26,2020-01-08,2020-01-22
Concepcion,2019-12-27,2020-01-09,2020-01-23
Concepcion,2019-12-28,2020-01-10,2020-01-24
Concepcion,2019-12-29,2020-01-11,2020-01-25
Concepcion,2019-12-30,2020-01-12,2020-01-26
Concepcion,2019-12-31,2020-01-13,2020-01-27
Concepcion,2020-01-01,2020-01-14,2020-01-28
Concepcion,2020-01-02,2020-01-15,2020-01-29
Concepcion,2020-01-03,2020-01-16,2020-01-30
Concepcion,2020-01-04,2020-01-17,2020-01-31
Concepcion,2020-01-05,2020-01-18,2020-02-01
Concepcion,2020-01-06,2020-01-19,2020-02-02
Concepcion,2020-01-07,2020-01-20,2020-02-03
Concepcion,2020-01-08,2020-01-21,2020-02-04
Concepcion,2020-01-09,2020-01-22,2020-02-05
Concepcion,2020-01-10,2020-01-23,2020-02-06
Concepcion,2020-01-11,2020-01-24,2020-02-07
Concepcion,2020-01-12,2020-01-25,2020-02-08
Concepcion,2020-01-13,2020-01-26,2020-02-09
Concepcion,2020-01-14,2020-01-27,2020-02-10
Concepcion,2020-01-15,2020-01-28,2020-02-11
Concepcion,2020-01-16,2020-01-29,2020-02-12
Concepcion,2020-01-17,2020-01-30,2020-02-13
Concepcion,2020-01-18,2020-01-31,2020-02-14
Concepcion,2020-01-19,2020-02-01,2020-02-15
Concepcion,2020-01-20,2020-02-02,2020-02-16
Concepcion,2020-01-21,2020-02-03,2020-02-17
Concepcion,2020-01-22,2020-02-04,2020-02-18
Concepcion,2020-01-23,2020-02-05,2020-02-19
Concepcion,2020-01-24,2020-02-06,2020-02-20
Concepcion,2020-01-25,2020-02-07,2020-02-21
Concepcion,2020-01-26,2020-02-08,2020-02-22
Concepcion,2020-01-27,2020-02-09,2020-02-23
Concepcion,2020-01-28,2020-02-10,2020-02-24
Concepcion,2020-01-29,2020-02-11,2020-02-25
Concepcion,2020-01-30,2020-02-12,2020-02-26
Concepcion,2020-01-31,2020-02-13,2020-02-27
Concepcion,2020-02-01,2020-02-14,2020-02-28
Concepcion,2020-02-02,2020-02-15,2020-02-29
Concepcion,2020-02-03,2020-02-16,2020-03-01
Concepcion,2020-02-04,2020-02-17,2020-03-02
Concepcion,2020-02-05,2020-02-18,2020-03-03
Concepcion,2020-02-06,2020-02-19,2020-03-04
Concepcion,2020-02-07,2020-02-20,2020-03-05
Concepcion,2020-02-08,2020-02-21,2020-03-06
Concepcion,2020-02-09,2020-02-22,2020-03-07
Concepcion,2020-02-10,2020-02-23,2020-03-08
Concepcion,2020-02-11,2020-02-24,2020-03-09
Concepcion,2020-02-12,2020-02-25,2020-03-10
Concepcion,2020-02-13,2020-02-26,2020-03-11
Concepcion,2020-02-14,2020-02-27,2020-03-12
Concepcion,2020-02-15,2020-02-28,2020-03-13
Concepcion,2020-02-16,2020-02-29,2020-03-14
Concepcion,2020-02-17,2020-03-01,2020-03-15
Concepcion,2020-02-18,2020-03-02,2020-03-16
Concepcion,2020-02-19,2020-03-03,2020-03-17
Concepcion,2020-02-20,2020-03-04,2020-03-18
Concepcion,2020-02-21,2020-03-05,2020-03-19
Concepcion,2020-02-22,2020-03-06,2020-03-20
Concepcion,2020-02-23,2020-03-07,2020-03-21
Concepcion,2020-02-24,2020-03-08,2020-03-22
Concepcion,2020-02-25,2020-03-09,2020-03-23
Concepcion,2020-02-26,2020-03-10,2020-03-24
Concepcion,2020-02-27,2020-03-11,2020-03-25
Concepcion,2020-02-28,2020-03-12,2020-03-26
Concepcion,2020-02-29,2020-03-13,2020-03-27
Concepcion,2020-03-01,2020-03-14,2020-03-28
Concepcion,2020-03-02,2020-03-15,2020-03-29
Concepcion,2020-03-03,2020-03-16,2020-03-30
Concepcion,2020-03-04,2020-03-17,2020-03-31
Concepcion,2020-03-05,2020-03-18,2020-04-01
Concepcion,2020-03-06,2020-03-19,2020-04-02
Concepcion,2020-03-07,2020-03-20,2020-04-03
Concepcion,2020-03-08,2020-03-21,2020-04-04
Concepcion,2020-03-09,2020-03-22,2020-04-05
Concepcion,2020-03-10,2020-03-23,2020-04-06
Concepcion,2020-03-11,2020-03-24,2020-04-07
Concepcion,2020-03-12,2020-03-25,2020-04-08
Concepcion,2020-03-13,2020-03-26,2020-04-09
Concepcion,2020-03-14,2020-03-27,2020-04-10
Concepcion,2020-03-15,2020-03-28,2020-04-11
Concepcion,2020-03-16,2020-03-29,2020-04-12
Concepcion,2020-03-17,2020-03-30,2020-04-13
Concepcion,2020-03-18,2020-03-31,2020-04-14
Concepcion,2020-03-19,2020-04-01,2020-04-15
Concepcion,2020-03-20,2020-04-02,2020-04-16
Concepcion,2020-03-21,2020-04-03,2020-04-17
Concepcion,2020-03-22,2020-04-04,2020-04-18
Concepcion,2020-03-23,2020-04-05,2020-04-19
Concepcion,2020-03-24,2020-04-06,2020-04-20
Concepcion,2020-03-25,2020-04-07,2020-04-21
Concepcion,2020-03-26,2020-04-08,2020-04-22
Concepcion,2020-03-27,2020-04-09,2020-04-23
Concepcion,2020-03-28,2020-04-10,2020-04-24
Concepcion,2020-03-29,2020-04-11,2020-04-25
Concepcion,2020-03-30,2020-04-12,2020-04-26
Concepcion,2020-03-31,2020-04-13,2020-04-27
Concepcion,2020-04-01,2020-04-14,2020-04-28
Concepcion,2020-04-02,2020-04-15,2020-04-29
Concepcion,2020-04-03,2020-04-16,2020-04-30
Concepcion,2020-04-04,2020-04-17,2020-05-01
Concepcion,2020-04-05,2020-04-18,2020-05-02
Concepcion,2020-04-06,2020-04-19,2020-05-03
Concepcion,2020-04-07,2020-04-20,2020-05-04
Concepcion,2020-04-08,2020-04-21,2020-05-05
Concepcion,2020-04-09,2020-04-22,2020-05-06
Concepcion,2020-04-10,2020-04-23,2020-05-07
Concepcion,2020-04-11,2020-04-24,2020-05-08
Concepcion,2020-04-12,2020-04-25,2020-05-09
Concepcion,2020-04-13,2020-04-26,2020-05-10
Concepcion,2020-04-14,2020-04-27,2020-05-11
Concepcion,2020-04-15,2020-04-28,2020-05-12
Concepcion,2020-04-16,2020-04-29,2020-05-13
Concepcion,2020-04-17,2020-04-30,2020-05-14
Concepcion,2020-04-18,2020-05-01,2020-05-15
Concepcion,2020-04-19,2020-05-02,2020-05-16
Concepcion,2020-04-20,2020-05-03,2020-05-17
Concepcion,2020-04-21,2020-05-04,2020-05-18
Concepcion,2020-04-22,2020-05-05,2020-05-19
Concepcion,2020-04-23,2020-05-06,2020-05-20
Concepcion,2020-04-24,2020-05-07,2020-05-21
Concepcion,2020-04-25,2020-05-08,2020-05-22
Concepcion,2020-04-26,2020-05-09,2020-05-23
Concepcion,2020-04-27,2020-05-10,2020-05-24
Concepcion,2020-04-28,2020-05-11,2020-05-25
Concepcion,2020-04-29,2020-05-12,2020-05-26
Concepcion,2020-04-30,2020-05-13,2020-05-27
Concepcion,2020-05-01,2020-05-14,2020-05-28
Concepcion,2020-05-02,2020-05-15,2020-05-29
Concepcion,2020-05-03,2020-05-16,2020-05-30
Concepcion,2020-05-04,2020-05-17,2020-05-31
Concepcion,2020-05-05,2020-05-18,2020-06-01
Concepcion,2020-05-06,2020-05-19,2020-06-02
Concepcion,2020-05-07,2020-05-20,2020-06-03
Concepcion,2020-05-08,2020-05-21,2020-06-04
Concepcion,2020-05-09,2020-05-22,2020-06-05
Concepcion,2020-05-10,2020-05-23,2020-06-06
Concepcion,2020-05-11,2020-05-24,2020-06-07
Concepcion,2020-05-12,2020-05-25,2020-06-08
Concepcion,2020-05-13,2020-05-26,2020-06-09
Concepcion,2020-05-14,2020-05-27,2020-06-10
Concepcion,2020-05-15,2020-05-28,2020-06-11
Concepcion,2020-05-16,2020-05-29,2020-06-12
Concepcion,2020-05-17,2020-05-30,2020-06-13
Concepcion,2020-05-18,2020-05-31,2020-06-14
Concepcion,2020-05-19,2020-06-01,2020-06-15
Concepcion,2020-05-20,2020-06-02,2020-06-16
Concepcion,2020-05-21,2020-06-03,2020-06-17
Concepcion,2020-05-22,2020-06-04,2020-06-18
Concepcion,2020-05-23,2020-06-05,2020-06-19
Concepcion,2020-05-24,2020-06-06,2020-06-20
Concepcion,2020-05-25,2020-06-07,2020-06-21
Concepcion,2020-05-26,2020-06-08,2020-06-22
Concepcion,2020-05-27,2020-06-09,2020-06-23
Concepcion,2020-05-28,2020-06-10,2020-06-24
Concepcion,2020-05-29,2020-06-11,2020-06-25
Concepcion,2020-05-30,2020-06-12,2020-06-26
Concepcion,2020-05-31,2020-06-13,2020-06-27
Concepcion,2020-06-01,2020-06-14,2020-06-28
Concepcion,2020-06-02,2020-06-15,2020-06-29
Concepcion,2020-06-03,2020-06-16,2020-06-30
Concepcion,2020-06-04,2020-06-17,2020-07-01
Concepcion,2020-06-05,2020-06-18,2020-07-02
Concepcion,2020-06-06,2020-06-19,2020-07-03
Concepcion,2020-06-07,2020-06-20,2020-07-04
Concepcion,2020-06-08,2020-06-21,2020-07-05
Concepcion,2020-06-09,2020-06-22,2020-07-06
Concepcion,2020-06-10,2020-06-23,2020-07-07
Concepcion,2020-06-11,2020-06-24,2020-07-08
Concepcion,2020-06-12,2020-06-25,2020-07-09
Concepcion,2020-06-13,2020-06-26,2020-07-10
Concepcion,2020-06-14,2020-06-27,2020-07-11
Concepcion,2020-06-15,2020-06-28,2020-07-12
Concepcion,2020-06-16,2020-06-29,2020-07-13
Concepcion,2020-06-17,2020-06-30,2020-07-14
Concepcion,2020-06-18,2020-07-01,2020-07-15
Concepcion,2020-06-19,2020-07-02,2020-07-16
Concepcion,2020-06-20,2020-07-03,2020-07-17
Concepcion,2020-06-21,2020-07-04,2020-07-18
Concepcion,2020-06-22,2020-07-05,2020-07-19
Concepcion,2020-06-23,2020-07-06,2020-07-20
Concepcion,2020-06-24,2020-07-07,2020-07-21
Concepcion,2020-06-25,2020-07-08,2020-07-22
Concepcion,2020-06-26,2020-07-09,2020-07-23
Concepcion,2020-06-27,2020-07-10,2020-07-24
Concepcion,2020-06-28,2020-07-11,2020-07-25
Concepcion,2020-06-29,2020-07-12,2020-07-26
Concepcion,2020-06-30,2020-07-13,2020-07-27
Concepcion,2020-07-01,2020-07-14,2020-07-28
Concepcion,2020-07-02,2020-07-15,2020-07-29
Concepcion,2020-07-03,2020-07-16,2020-07-30
Concepcion,2020-07-04,2020-07-17,2020-07-31
Concepcion,2020-07-05,2020-07-18,2020-08-01
Concepcion,2020-07-06,2020-07-19,2020-08-02
Concepcion,2020-07-07,2020-07-20,2020-08-03
Concepcion,2020-07-08,2020-07-21,2020-08-04
Concepcion,2020-07-09,2020-07-22,2020-08-05
Concepcion,2020-07-10,2020-07-23,2020-08-06
Concepcion,2020-07-11,2020-07-24,2020-08-07
Concepcion,2020-07-12,2020-07-25,2020-08-08
Concepcion,2020-07-13,2020-07-26,2020-08-09
Concepcion,2020-07-14,2020-07-27,2020-08-10
Concepcion,2020-07-15,2020-07-28,2020-08-11
Concepcion,2020-07-16,2020-07-29,2020-08-12
Concepcion,2020-07-17,2020-07-30,2020-08-13
Concepcion,2020-07-18,2020-07-31,2020-08-14
Concepcion,2020-07-19,2020-08-01,2020-08-15
Concepcion,2020-07-20,2020-08-02,2020-08-16
Concepcion,2020-07-21,2020-08-03,2020-08-17
Concepcion,2020-07-22,2020-08-04,2020-08-18
Concepcion,2020-07-23,2020-08-05,2020-08-19
Concepcion,2020-07-24,2020-08-06,2020-08-20
Concepcion,2020-07-25,2020-08-07,2020-08-21
Concepcion,2020-07-26,2020-08-08,2020-08-22
Concepcion,2020-07-27,2020-08-09,2020-08-23
Concepcion,2020-07-28,2020-08-10,2020-08-24
Concepcion,2020-07-29,2020-08-11,2020-08-25
Concepcion,2020-07-30,2020-08-12,2020-08-26
Concepcion,2020-07-31,2020-08-13,2020-08-27
Concepcion,2020-08-01,2020-08-14,2020-08-28
Concepcion,2020-08-02,2020-08-15,2020-08-29
Concepcion,2020-08-03,2020-08-16,2020-08-30
Concepcion,2020-08-04,2020-08-17,2020-08-31
Concepcion,2020-08-05,2020-08-18,2020-09-01
Concepcion,2020-08-06,2020-08-19,2020-09-02
Concepcion,2020-08-07,2020-08-20,2020-09-03
Concepcion,2020-08-08,2020-08-21,2020-09-04
Concepcion,2020-08-09,2020-08-22,2020-09-05
Concepcion,2020-08-10,2020-08-23,2020-09-06
Concepcion,2020-08-11,2020-08-24,2020-09-07
Concepcion,2020-08-12,2020-08-25,2020-09-08
Concepcion,2020-08-13,2020-08-26,2020-09-09
Concepcion,2020-08-14,2020-08-27,2020-09-10
Concepcion,2020-08-15,2020-08-28,2020-09-11
Concepcion,2020-08-16,2020-08-29,2020-09-12
Concepcion,2020-08-17,2020-08-30,2020-09-13
Concepcion,2020-08-18,2020-08-31,2020-09-14
Concepcion,2020-08-19,2020-09-01,2020-09-15
Concepcion,2020-08-20,2020-09-02,2020-09-16
Concepcion,2020-08-21,2020-09-03,2020-09-17
Concepcion,2020-08-22,2020-09-04,2020-09-18
Concepcion,2020-08-23,2020-09-05,2020-09-19
Concepcion,2020-08-24,2020-09-06,2020-09-20
Concepcion,2020-08-25,2020-09-07,2020-09-21
Concepcion,2020-08-26,2020-09-08,2020-09-22
Concepcion,2020-08-27,2020-09-09,2020-09-23
Concepcion,2020-08-28,2020-09-10,2020-09-24
Concepcion,2020-08-29,2020-09-11,2020-09-25
Concepcion,2020-08-30,2020-09-12,2020-09-26
Concepcion,2020-08-31,2020-09-13,2020-09-27
Concepcion,2020-09-01,2020-09-14,2020-09-28
Concepcion,2020-09-02,2020-09-15,2020-09-29
Concepcion,2020-09-03,2020-09-16,2020-09-30
Concepcion,2020-09-04,2020-09-17,2020-10-01
Concepcion,2020-09-05,2020-09-18,2020-10-02
Concepcion,2020-09-06,2020-09-19,2020-10-03
Concepcion,2020-09-07,2020-09-20,2020-10-04
Concepcion,2020-09-08,2020-09-21,2020-10-05
Concepcion,2020-09-09,2020-09-22,2020-10-06
Concepcion,2020-09-10,2020-09-23,2020-10-07
Concepcion,2020-09-11,2020-09-24,2020-10-08
Concepcion,2020-09-12,2020-09-25,2020-10-09
Concepcion,2020-09-13,2020-09-26,2020-10-10
Concepcion,2020-09-14,2020-09-27,2020-10-11
Concepcion,2020-09-15,2020-09-28,2020-10-12
Concepcion,2020-09-16,2020-09-29,2020-10-13
Concepcion,2020-09-17,2020-09-30,2020-10-14
Concepcion,2020-09-18,2020-10-01,2020-10-15
Concepcion,2020-09-19,2020-10-02,2020-10-16
Concepcion,2020-09-20,2020-10-03,2020-10-17
Concepcion,2020-09-21,2020-10-04,2020-10-18
Concepcion,2020-09-22,2020-10-05,2020-10-19
Concepcion,2020-09-23,2020-10-06,2020-10-20
Concepcion,2020-09-24,2020-10-07,2020-10-21
Concepcion,2020-09-25,2020-10-08,2020-10-22
Concepcion,2020-09-26,2020-10-09,2020-10-23
Concepcion,2020-09-27,2020-10-10,2020-10-24
Concepcion,2020-09-28,2020-10-11,2020-10-25
Concepcion,2020-09-29,2020-10-12,2020-10-26
Concepcion,2020-09-30,2020-10-13,2020-10-27
Concepcion,2020-10-01,2020-10-14,2020-10-28
Concepcion,2020-10-02,2020-10-15,2020-10-29
Concepcion,2020-10-03,2020-10-16,2020-10-30
Concepcion,2020-10-04,2020-10-17,2020-10-31
Concepcion,2020-10-05,2020-10-18,2020-11-01
Concepcion,2020-10-06,2020-10-19,2020-11-02
Concepcion,2020-10-07,2020-10-20,2020-11-03
Concepcion,2020-10-08,2020-10-21,2020-11-04
Concepcion,2020-10-09,2020-10-22,2020-11-05
Concepcion,2020-10-10,2020-10-23,2020-11-06
Concepcion,2020-10-11,2020-10-24,2020-11-07
Concepcion,2020-10-12,2020-10-25,2020-11-08
Concepcion,2020-10-13,2020-10-26,2020-11-09
Concepcion,2020-10-14,2020-10-27,2020-11-10
Concepcion,2020-10-15,2020-10-28,2020-11-11
Concepcion,2020-10-16,2020-10-29,2020-11-12
Concepcion,2020-10-17,2020-10-30,2020-11-13
Concepcion,2020-10-18,2020-10-31,2020-11-14
Concepcion,2020-10-19,2020-11-01,2020-11-15
Concepcion,2020-10-20,2020-11-02,2020-11-16
Concepcion,2020-10-21,2020-11-03,2020-11-17
Concepcion,2020-10-22,2020-11-04,2020-11-18
Concepcion,2020-10-23,2020-11-05,2020-11-19
Concepcion,2020-10-24,2020-11-06,2020-11-20
Concepcion,2020-10-25,2020-11-07,2020-11-21
Concepcion,2020-10-26,2020-11-08,2020-11-22
Concepcion,2020-10-27,2020-11-09,2020-11-23
Concepcion,2020-10-28,2020-11-10,2020-11-24
Concepcion,2020-10-29,2020-11-11,2020-11-25
Concepcion,2020-10-30,2020-11-12,2020-11-26
Concepcion,2020-10-31,2020-11-13,2020-11-27
Concepcion,2020-11-01,2020-11-14,2020-11-28
Concepcion,2020-11-02,2020-11-15,2020-11-29
Concepcion,2020-11-03,2020-11-16,2020-11-30
Concepcion,2020-11-04,2020-11-17,2020-12-01
Concepcion,2020-11-05,2020-11-18,2020-12-02
Concepcion,2020-11-06,2020-11-19,2020-12-03
Concepcion,2020-11-07,2020-11-20,2020-12-04
Concepcion,2020-11-08,2020-11-21,2020-12-05
Concepcion,2020-11-09,2020-11-22,2020-12-06
Concepcion,2020-11-10,2020-11-23,2020-12-07
Concepcion,2020-11-11,2020-11-24,2020-12-08
Concepcion,2020-11-12,2020-11-25,2020-12-09
Concepcion,2020-11-13,2020-11-26,2020-12-10
Concepcion,2020-11-14,2020-11-27,2020-12-11
Concepcion,2020-11-15,2020-11-28,2020-12-12
Concepcion,2020-11-16,2020-11-29,2020-12-13
Concepcion,2020-11-17,2020-11-30,2020-12-14
Concepcion,2020-11-18,2020-12-01,2020-12-15
Concepcion,2020-11-19,2020-12-02,2020-12-16
Concepcion,2020-11-20,2020-12-03,2020-12-17
Concepcion,2020-11-21,2020-12-04,2020-12-18
Concepcion,2020-11-22,2020-12-05,2020-12-19
Concepcion,2020-11-23,2020-12-06,2020-12-20
Concepcion,2020-11-24,2020-12-07,2020-12-21
Concepcion,2020-11-25,2020-12-08,2020-12-22
Concepcion,2020-11-26,2020-12-09,2020-12-23
Concepcion,2020-11-27,2020-12-10,2020-12-24
Concepcion,2020-11-28,2020-12-11,2020-12-25
Concepcion,2020-11-29,2020-12-12,2020-12-26
Concepcion,2020-11-30,2020-12-13,2020-12-27
Concepcion,2020-12-01,2020-12-14,2020-12-28
Concepcion,2020-12-02,2020-12-15,2020-12-29
Concepcion,2020-12-03,2020-12-16,2020-12-30
Concepcion,2020-12-04,2020-12-17,2020-12-31
Concepcion,2020-12-05,2020-12-18,2021-01-01
Concepcion,2020-12-06,2020-12-19,2021-01-02
Concepcion,2020-12-07,2020-12-20,2021-01-03
Concepcion,2020-12-08,2020-12-21,2021-01-04
Concepcion,2020-12-09,2020-12-22,2021-01-05
Concepcion,2020-12-10,2020-12-23,2021-01-06
Concepcion,2020-12-11,2020-12-24,2021-01-07
Concepcion,2020-12-12,2020-12-25,2021-01-08
Concepcion,2020-12-13,2020-12-26,2021-01-09
Concepcion,2020-12-14,2020-12-27,2021-01-10
Concepcion,2020-12-15,2020-12-28,2021-01-11
Concepcion,2020-12-16,2020-12-29,2021-01-12
Concepcion,2020-12-17,2020-12-30,2021-01-13
Concepcion,2020-12-18,2020-12-31,2021-01-14
Concepcion,2020-12-19,2021-01-01,2021-01-15
Concepcion,2020-12-20,2021-01-02,2021-01-16
Concepcion,2020-12-21,2021-01-03,2021-01-17
Concepcion,2020-12-22,2021-01-04,2021-01-18
Concepcion,2020-12-23,2021-01-05,2021-01-19
Concepcion,2020-12-24,2021-01-06,2021-01-20
Concepcion,2020-12-25,2021-01-07,2021-01-21
Concepcion,2020-12-26,2021-01-08,2021-01-22
Concepcion,2020-12-27,2021-01-09,2021-01-23
Concepcion,2020-12-28,2021-01-10,2021-01-24
Concepcion,2020-12-29,2021-01-11,2021-01-25
Concepcion,2020-12-30,2021-01-12,2021-01-26
Concepcion,2020-12-31,2021-01-13,2021-01-27
Concepcion,2021-01-01,2021-01-14,2021-01-28
Concepcion,2021-01-02,2021-01-15,2021-01-29
Concepcion,2021-01-03,2021-01-16,2021-01-30
Concepcion,2021-01-04,2021-01-17,2021-01-31
Concepcion,2021-01-05,2021-01-18,2021-02-01
Concepcion,2021-01-06,2021-01-19,2021-02-02
Concepcion,2021-01-07,2021-01-20,2021-02-03
Concepcion,2021-01-08,2021-01-21,2021-02-04
Concepcion,2021-01-09,2021-01-22,2021-02-05
Concepcion,2021-01-10,2021-01-23,2021-02-06
Concepcion,2021-01-11,2021-01-24,2021-02-07
Concepcion,2021-01-12,2021-01-25,2021-02-08
Concepcion,2021-01-13,2021-01-26,2021-02-09
Concepcion,2021-01-14,2021-01-27,2021-02-10
Concepcion,2021-01-15,2021-01-28,2021-02-11
Concepcion,2021-01-16,2021-01-29,2021-02-12
Concepcion,2021-01-17,2021-01-30,2021-02-13
Concepcion,2021-01-18,2021-01-31,2021-02-14
Concepcion,2021-01-19,2021-02-01,2021-02-15
Concepcion,2021-01-20,2021-02-02,2021-02-16
Concepcion,2021-01-21,2021-02-03,2021-02-17
Concepcion,2021-01-22,2021-02-04,2021-02-18
Concepcion,2021-01-23,2021-02-05,2021-02-19
Concepcion,2021-01-24,2021-02-06,2021-02-20
Concepcion,2021-01-25,2021-02-07,2021-02-21
Concepcion,2021-01-26,2021-02-08,2021-02-22
Concepcion,2021-01-27,2021-02-09,2021-02-23
Concepcion,2021-01-28,2021-02-10,2021-02-24
Concepcion,2021-01-29,2021-02-11,2021-02-25
Concepcion,2021-01-30,2021-02-12,2021-02-26
Concepcion,2021-01-31,2021-02-13,2021-02-27
Concepcion,2021-02-01,2021-02-14,2021-02-28
Concepcion,2021-02-02,2021-02-15,2021-03-01
Concepcion,2021-02-03,2021-02-16,2021-03-02
Concepcion,2021-02-04,2021-02-17,2021-03-03
Concepcion,2021-02-05,2021-02-18,2021-03-04
Concepcion,2021-02-06,2021-02-19,2021-03-05
Concepcion,2021-02-07,2021-02-20,2021-03-06
Concepcion,2021-02-08,2021-02-21,2021-03-07
Concepcion,2021-02-09,2021-02-22,2021-03-08
Concepcion,2021-02-10,2021-02-23,2021-03-09
Concepcion,2021-02-11,2021-02-24,2021-03-10
Concepcion,2021-02-12,2021-02-25,2021-03-11
Concepcion,2021-02-13,2021-02-26,2021-03-12
Concepcion,2021-02-14,2021-02-27,2021-03-13
Concepcion,2021-02-15,2021-02-28,2021-03-14
Concepcion,2021-02-16,2021-03-01,2021-03-15
Concepcion,2021-02-17,2021-03-02,2021-03-16
Concepcion,2021-02-18,2021-03-03,2021-03-17
Concepcion,2021-02-19,2021-03-04,2021-03-18
Concepcion,2021-02-20,2021-03-05,2021-03-19
Concepcion,2021-02-21,2021-03-06,2021-03-20
Concepcion,2021-02-22,2021-03-07,2021-03-21
Concepcion,2021-02-23,2021-03-08,2021-03-22
Concepcion,2021-02-24,2021-03-09,2021-03-23
Concepcion,2021-02-25,2021-03-10,2021-03-24
Concepcion,2021-02-26,2021-03-11,2021-03-25
Concepcion,2021-02-27,2021-03-12,2021-03-26
Concepcion,2021-02-28,2021-03-13,2021-03-27
Concepcion,2021-03-01,2021-03-14,2021-03-28
Concepcion,2021-03-02,2021-03-15,2021-03-29
Concepcion,2021-03-03,2021-03-16,2021-03-30
Concepcion,2021-03-04,2021-03-17,2021-03-31
Concepcion,2021-03-05,2021-03-18,2021-04-01
Concepcion,2021-03-06,2021-03-19,2021-04-02
Concepcion,2021-03-07,2021-03-20,2021-04-03
Concepcion,2021-03-08,2021-03-21,2021-04-04
Concepcion,2021-03-09,2021-03-22,2021-04-05
Concepcion,2021-03-10,2021-03-23,2021-04-06
Concepcion,2021-03-11,2021-03-24,2021-04-07
Concepcion,2021-03-12,2021-03-25,2021-04-08
Concepcion,2021-03-13,2021-03-26,2021-04-09
Concepcion,2021-03-14,2021-03-27,2021-04-10
Concepcion,2021-03-15,2021-03-28,2021-04-11
Concepcion,2021-03-16,2021-03-29,2021-04-12
Concepcion,2021-03-17,2021-03-30,2021-04-13
Concepcion,2021-03-18,2021-03-31,2021-04-14
Concepcion,2021-03-19,2021-04-01,2021-04-15
Concepcion,2021-03-20,2021-04-02,2021-04-16
Concepcion,2021-03-21,2021-04-03,2021-04-17
Concepcion,2021-03-22,2021-04-04,2021-04-18
Concepcion,2021-03-23,2021-04-05,2021-04-19
Concepcion,2021-03-24,2021-04-06,2021-04-20
Concepcion,2021-03-25,2021-04-07,2021-04-21
Concepcion,2021-03-26,2021-04-08,2021-04-22
Concepcion,2021-03-27,2021-04-09,2021-04-23
Concepcion,2021-03-28,2021-04-10,2021-04-24
Concepcion,2021-03-29,2021-04-11,2021-04-25
Concepcion,2021-03-30,2021-04-12,2021-04-26
Concepcion,2021-03-31,2021-04-13,2021-04-27
Concepcion,2021-04-01,2021-04-14,2021-04-28
Concepcion,2021-04-02,2021-04-15,2021-04-29
Concepcion,2021-04-03,2021-04-16,2021-04-30
Concepcion,2021-04-04,2021-04-17,2021-05-01
Concepcion,2021-04-05,2021-04-18,2021-05-02
Concepcion,2021-04-06,2021-04-19,2021-05-03
Concepcion,2021-04-07,2021-04-20,2021-05-04
Concepcion,2021-04-08,2021-04-21,2021-05-05
Concepcion,2021-04-09,2021-04-22,2021-05-06
Concepcion,2021-04-10,2021-04-23,2021-05-07
Concepcion,2021-04-11,2021-04-24,2021-05-08
Concepcion,2021-04-12,2021-04-25,2021-05-09
Concepcion,2021-04-13,2021-04-26,2021-05-10
Concepcion,2021-04-14,2021-04-27,2021-05-11
Concepcion,2021-04-15,2021-04-28,2021-05-12
Concepcion,2021-04-16,2021-04-29,2021-05-13
Concepcion,2021-04-17,2021-04-30,2021-05-14
Concepcion,2021-04-18,2021-05-01,2021-05-15
Concepcion,2021-04-19,2021-05-02,2021-05-16
Concepcion,2021-04-20,2021-05-03,2021-05-17
Concepcion,2021-04-21,2021-05-04,2021-05-18
Concepcion,2021-04-22,2021-05-05,2021-05-19
Concepcion,2021-04-23,2021-05-06,2021-05-20
Concepcion,2021-04-24,2021-05-07,2021-05-21
Concepcion,2021-04-25,2021-05-08,2021-05-22
Concepcion,2021-04-26,2021-05-09,2021-05-23
Concepcion,2021-04-27,2021-05-10,2021-05-24
Concepcion,2021-04-28,2021-05-11,2021-05-25
Concepcion,2021-04-29,2021-05-12,2021-05-26
Concepcion,2021-04-30,2021-05-13,2021-05-27
Concepcion,2021-05-01,2021-05-14,2021-05-28
Concepcion,2021-05-02,2021-05-15,2021-05-29
Concepcion,2021-05-03,2021-05-16,2021-05-30
Concepcion,2021-05-04,2021-05-17,2021-05-31
Concepcion,2021-05-05,2021-05-18,2021-06-01
Concepcion,2021-05-06,2021-05-19,2021-06-02
Concepcion,2021-05-07,2021-05-20,2021-06-03
Concepcion,2021-05-08,2021-05-21,2021-06-04
Concepcion,2021-05-09,2021-05-22,2021-06-05
Concepcion,2021-05-10,2021-05-23,2021-06-06
Concepcion,2021-05-11,2021-05-24,2021-06-07
Concepcion,2021-05-12,2021-05-25,2021-06-08
Concepcion,2021-05-13,2021-05-26,2021-06-09
Concepcion,2021-05-14,2021-05-27,2021-06-10
Concepcion,2021-05-15,2021-05-28,2021-06-11
Concepcion,2021-05-16,2021-05-29,2021-06-12
Concepcion,2021-05-17,2021-05-30,2021-06-13
Concepcion,2021-05-18,2021-05-31,2021-06-14
Concepcion,2021-05-19,2021-06-01,2021-06-15
Concepcion,2021-05-20,2021-06-02,2021-06-16
Concepcion,2021-05-21,2021-06-03,2021-06-17
Concepcion,2021-05-22,2021-06-04,2021-06-18
Concepcion,2021-05-23,2021-06-05,2021-06-19
Concepcion,2021-05-24,2021-06-06,2021-06-20
Concepcion,2021-05-25,2021-06-07,2021-06-21
Concepcion,2021-05-26,2021-06-08,2021-06-22
Concepcion,2021-05-27,2021-06-09,2021-06-23
Concepcion,2021-05-28,2021-06-10,2021-06-24
Concepcion,2021-05-29,2021-06-11,2021-06-25
Concepcion,2021-05-30,2021-06-12,2021-06-26
Concepcion,2021-05-31,2021-06-13,2021-06-27
Concepcion,2021-06-01,2021-06-14,2021-06-28
Concepcion,2021-06-02,2021-06-15,2021-06-29
Concepcion,2021-06-03,2021-06-16,2021-06-30
Concepcion,2021-06-04,2021-06-17,2021-07-01
Concepcion,2021-06-05,2021-06-18,2021-07-02
Concepcion,2021-06-06,2021-06-19,2021-07-03
Concepcion,2021-06-07,2021-06-20,2021-07-04
Concepcion,2021-06-08,2021-06-21,2021-07-05
Concepcion,2021-06-09,2021-06-22,2021-07-06
Concepcion,2021-06-10,2021-06-23,2021-07-07
Concepcion,2021-06-11,2021-06-24,2021-07-08
Concepcion,2021-06-12,2021-06-25,2021-07-09
Concepcion,2021-06-13,2021-06-26,2021-07-10
Concepcion,2021-06-14,2021-06-27,2021-07-11
Concepcion,2021-06-15,2021-06-28,2021-07-12
Concepcion,2021-06-16,2021-06-29,2021-07-13
Concepcion,2021-06-17,2021-06-30,2021-07-14
Concepcion,2021-06-18,2021-07-01,2021-07-15
Concepcion,2021-06-19,2021-07-02,2021-07-16
Concepcion,2021-06-20,2021-07-03,2021-07-17
Concepcion,2021-06-21,2021-07-04,2021-07-18
Concepcion,2021-06-22,2021-07-05,2021-07-19
Concepcion,2021-06-23,2021-07-06,2021-07-20
Concepcion,2021-06-24,2021-07-07,2021-07-21
Concepcion,2021-06-25,2021-07-08,2021-07-22
Concepcion,2021-06-26,2021-07-09,2021-07-23
Concepcion,2021-06-27,2021-07-10,2021-07-24
Concepcion,2021-06-28,2021-07-11,2021-07-25
Concepcion,2021-06-29,2021-07-12,2021-07-26
Concepcion,2021-06-30,2021-07-13,2021-07-27
Concepcion,2021-07-01,2021-07-14,2021-07-28
Concepcion,2021-07-02,2021-07-15,2021-07-29
Concepcion,2021-07-03,2021-07-16,2021-07-30
Concepcion,2021-07-04,2021-07-17,2021-07-31
Concepcion,2021-07-05,2021-07-18,2021-08-01
Concepcion,2021-07-06,2021-07-19,2021-08-02
Concepcion,2021-07-07,2021-07-20,2021-08-03
Concepcion,2021-07-08,2021-07-21,2021-08-04
Concepcion,2021-07-09,2021-07-22,2021-08-05
Concepcion,2021-07-10,2021-07-23,2021-08-06
Concepcion,2021-07-11,2021-07-24,2021-08-07
Concepcion,2021-07-12,2021-07-25,2021-08-08
Concepcion,2021-07-13,2021-07-26,2021-08-09
Concepcion,2021-07-14,2021-07-27,2021-08-10
Concepcion,2021-07-15,2021-07-28,2021-08-11
Concepcion,2021-07-16,2021-07-29,2021-08-12
Concepcion,2021-07-17,2021-07-30,2021-08-13
Concepcion,2021-07-18,2021-07-31,2021-08-14
Concepcion,2021-07-19,2021-08-01,2021-08-15
Concepcion,2021-07-20,2021-08-02,2021-08-16
Concepcion,2021-07-21,2021-08-03,2021-08-17
Concepcion,2021-07-22,2021-08-04,2021-08-18
Concepcion,2021-07-23,2021-08-05,2021-08-19
Concepcion,2021-07-24,2021-08-06,2021-08-20
Concepcion,2021-07-25,2021-08-07,2021-08-21
Concepcion,2021-07-26,2021-08-08,2021-08-22
Concepcion,2021-07-27,2021-08-09,2021-08-23
Concepcion,2021-07-28,2021-08-10,2021-08-24
Concepcion,2021-07-29,2021-08-11,2021-08-25
Concepcion,2021-07-30,2021-08-12,2021-08-26
Concepcion,2021-07-31,2021-08-13,2021-08-27
Concepcion,2021-08-01,2021-08-14,2021-08-28
Concepcion,2021-08-02,2021-08-15,2021-08-29
Concepcion,2021-08-03,2021-08-16,2021-08-30
Concepcion,2021-08-04,2021-08-17,2021-08-31
Concepcion,2021-08-05,2021-08-18,2021-09-01
Concepcion,2021-08-06,2021-08-19,2021-09-02
Concepcion,2021-08-07,2021-08-20,2021-09-03
Concepcion,2021-08-08,2021-08-21,2021-09-04
Concepcion,2021-08-09,2021-08-22,2021-09-05
Concepcion,2021-08-10,2021-08-23,2021-09-06
Concepcion,2021-08-11,2021-08-24,2021-09-07
Concepcion,2021-08-12,2021-08-25,2021-09-08
Concepcion,2021-08-13,2021-08-26,2021-09-09
Concepcion,2021-08-14,2021-08-27,2021-09-10
Concepcion,2021-08-15,2021-08-28,2021-09-11
Concepcion,2021-08-16,2021-08-29,2021-09-12
Concepcion,2021-08-17,2021-08-30,2021-09-13
Concepcion,2021-08-18,2021-08-31,2021-09-14
Concepcion,2021-08-19,2021-09-01,2021-09-15
Concepcion,2021-08-20,2021-09-02,2021-09-16
Concepcion,2021-08-21,2021-09-03,2021-09-17
Concepcion,2021-08-22,2021-09-04,2021-09-18
Concepcion,2021-08-23,2021-09-05,2021-09-19
Concepcion,2021-08-24,2021-09-06,2021-09-20
Concepcion,2021-08-25,2021-09-07,2021-09-21
Concepcion,2021-08-26,2021-09-08,2021-09-22
Concepcion,2021-08-27,2021-09-09,2021-09-23
Concepcion,2021-08-28,2021-09-10,2021-09-24
Concepcion,2021-08-29,2021-09-11,2021-09-25
Concepcion,2021-08-30,2021-09-12,2021-09-26
Concepcion,2021-08-31,2021-09-13,2021-09-27
Concepcion,2021-09-01,2021-09-14,2021-09-28
Concepcion,2021-09-02,2021-09-15,2021-09-29
Concepcion,2021-09-03,2021-09-16,2021-09-30
Concepcion,2021-09-04,2021-09-17,2021-10-01
Concepcion,2021-09-05,2021-09-18,2021-10-02
Concepcion,2021-09-06,2021-09-19,2021-10-03
Concepcion,2021-09-07,2021-09-20,2021-10-04
Concepcion,2021-09-08,2021-09-21,2021-10-05
Concepcion,2021-09-09,2021-09-22,2021-10-06
Concepcion,2021-09-10,2021-09-23,2021-10-07
Concepcion,2021-09-11,2021-09-24,2021-10-08
Concepcion,2021-09-12,2021-09-25,2021-10-09
Concepcion,2021-09-13,2021-09-26,2021-10-10
Concepcion,2021-09-14,2021-09-27,2021-10-11
Concepcion,2021-09-15,2021-09-28,2021-10-12
Concepcion,2021-09-16,2021-09-29,2021-10-13
Concepcion,2021-09-17,2021-09-30,2021-10-14
Concepcion,2021-09-18,2021-10-01,2021-10-15
Concepcion,2021-09-19,2021-10-02,2021-10-16
Concepcion,2021-09-20,2021-10-03,2021-10-17
Concepcion,2021-09-21,2021-10-04,2021-10-18
Concepcion,2021-09-22,2021-10-05,2021-10-19
Concepcion,2021-09-23,2021-10-06,2021-10-20
Concepcion,2021-09-24,2021-10-07,2021-10-21
Concepcion,2021-09-25,2021-10-08,2021-10-22
Concepcion,2021-09-26,2021-10-09,2021-10-23
Concepcion,2021-09-27,2021-10-10,2021-10-24
Concepcion,2021-09-28,2021-10-11,2021-10-25
Concepcion,2021-09-29,2021-10-12,2021-10-26
Concepcion,2021-09-30,2021-10-13,2021-10-27
Concepcion,2021-10-01,2021-10-14,2021-10-28
Concepcion,2021-10-02,2021-10-15,2021-10-29
Concepcion,2021-10-03,2021-10-16,2021-10-30
Concepcion,2021-10-04,2021-10-17,2021-10-31
Concepcion,2021-10-05,2021-10-18,2021-11-01
Concepcion,2021-10-06,2021-10-19,2021-11-02
Concepcion,2021-10-07,2021-10-20,2021-11-03
Concepcion,2021-10-08,2021-10-21,2021-11-04
Concepcion,2021-10-09,2021-10-22,2021-11-05
Concepcion,2021-10-10,2021-10-23,2021-11-06
Concepcion,2021-10-11,2021-10-24,2021-11-07
Concepcion,2021-10-12,2021-10-25,2021-11-08
Concepcion,2021-10-13,2021-10-26,2021-11-09
Concepcion,2021-10-14,2021-10-27,2021-11-10
Concepcion,2021-10-15,2021-10-28,2021-11-11
Concepcion,2021-10-16,2021-10-29,2021-11-12
Concepcion,2021-10-17,2021-10-30,2021-11-13
Concepcion,2021-10-18,2021-10-31,2021-11-14
Concepcion,2021-10-19,2021-11-01,2021-11-15
Concepcion,2021-10-20,2021-11-02,2021-11-16
Concepcion,2021-10-21,2021-11-03,2021-11-17
Concepcion,2021-10-22,2021-11-04,2021-11-18
Concepcion,2021-10-23,2021-11-05,2021-11-19
Concepcion,2021-10-24,2021-11-06,2021-11-20
Concepcion,2021-10-25,2021-11-07,2021-11-21
Concepcion,2021-10-26,2021-11-08,2021-11-22
Concepcion,2021-10-27,2021-11-09,2021-11-23
Concepcion,2021-10-28,2021-11-10,2021-11-24
Concepcion,2021-10-29,2021-11-11,2021-11-25
Concepcion,2021-10-30,2021-11-12,2021-11-26
Concepcion,2021-10-31,2021-11-13,2021-11-27
Concepcion,2021-11-01,2021-11-14,2021-11-28
Concepcion,2021-11-02,2021-11-15,2021-11-29
Concepcion,2021-11-03,2021-11-16,2021-11-30
Concepcion,2021-11-04,2021-11-17,2021-12-01
Concepcion,2021-11-05,2021-11-18,2021-12-02
Concepcion,2021-11-06,2021-11-19,2021-12-03
Concepcion,2021-11-07,2021-11-20,2021-12-04
Concepcion,2021-11-08,2021-11-21,2021-12-05
Concepcion,2021-11-09,2021-11-22,2021-12-06
Concepcion,2021-11-10,2021-11-23,2021-12-07
Concepcion,2021-11-11,2021-11-24,2021-12-08
Concepcion,2021-11-12,2021-11-25,2021-12-09
Concepcion,2021-11-13,2021-11-26,2021-12-10
Concepcion,2021-11-14,2021-11-27,2021-12-11
Concepcion,2021-11-15,2021-11-28,2021-12-12
Concepcion,2021-11-16,2021-11-29,2021-12-13
Concepcion,2021-11-17,2021-11-30,2021-12-14
Concepcion,2021-11-18,2021-12-01,2021-12-15
Concepcion,2021-11-19,2021-12-02,2021-12-16
Concepcion,2021-11-20,2021-12-03,2021-12-17
Concepcion,2021-11-21,2021-12-04,2021-12-18
Concepcion,2021-11-22,2021-12-05,2021-12-19
Concepcion,2021-11-23,2021-12-06,2021-12-20
Concepcion,2021-11-24,2021-12-07,2021-12-21
Concepcion,2021-11-25,2021-12-08,2021-12-22
Concepcion,2021-11-26,2021-12-09,2021-12-23
Concepcion,2021-11-27,2021-12-10,2021-12-24
Concepcion,2021-11-28,2021-12-11,2021-12-25
Concepcion,2021-11-29,2021-12-12,2021-12-26
Concepcion,2021-11-30,2021-12-13,2021-12-27
Concepcion,2021-12-01,2021-12-14,2021-12-28
Concepcion,2021-12-02,2021-12-15,2021-12-29
Concepcion,2021-12-03,2021-12-16,2021-12-30
Concepcion,2021-12-04,2021-12-17,2021-12-31
Concepcion,2021-12-05,2021-12-18,2022-01-01
Concepcion,2021-12-06,2021-12-19,2022-01-02
Concepcion,2021-12-07,2021-12-20,2022-01-03
Concepcion,2021-12-08,2021-12-21,2022-01-04
Concepcion,2021-12-09,2021-12-22,2022-01-05
Concepcion,2021-12-10,2021-12-23,2022-01-06
Concepcion,2021-12-11,2021-12-24,2022-01-07
Concepcion,2021-12-12,2021-12-25,2022-01-08
Concepcion,2021-12-13,2021-12-26,2022-01-09
Concepcion,2021-12-14,2021-12-27,2022-01-10
Concepcion,2021-12-15,2021-12-28,2022-01-11
Concepcion,2021-12-16,2021-12-29,2022-01-12
Concepcion,2021-12-17,2021-12-30,2022-01-13
Concepcion,2021-12-18,2021-12-31,2022-01-14
Concepcion,2021-12-19,2022-01-01,2022-01-15
Concepcion,2021-12-20,2022-01-02,2022-01-16
Concepcion,2021-12-21,2022-01-03,2022-01-17
Concepcion,2021-12-22,2022-01-04,2022-01-18
Concepcion,2021-12-23,2022-01-05,2022-01-19
Concepcion,2021-12-24,2022-01-06,2022-01-20
Concepcion,2021-12-25,2022-01-07,2022-01-21
Concepcion,2021-12-26,2022-01-08,2022-01-22
Concepcion,2021-12-27,2022-01-09,2022-01-23
Concepcion,2021-12-28,2022-01-10,2022-01-24
Concepcion,2021-12-29,2022-01-11,2022-01-25
Concepcion,2021-12-30,2022-01-12,2022-01-26
Concepcion,2021-12-31,2022-01-13,2022-01-27
Concepcion,2022-01-01,2022-01-14,2022-01-28
Concepcion,2022-01-02,2022-01-15,2022-01-29
Concepcion,2022-01-03,2022-01-16,2022-01-30
Concepcion,2022-01-04,2022-01-17,2022-01-31
Concepcion,2022-01-05,2022-01-18,2022-02-01
Concepcion,2022-01-06,2022-01-19,2022-02-02
Concepcion,2022-01-07,2022-01-20,2022-02-03
Concepcion,2022-01-08,2022-01-21,2022-02-04
Concepcion,2022-01-09,2022-01-22,2022-02-05
Concepcion,2022-01-10,2022-01-23,2022-02-06
Concepcion,2022-01-11,2022-01-24,2022-02-07
Concepcion,2022-01-12,2022-01-25,2022-02-08
Concepcion,2022-01-13,2022-01-26,2022-02-09
Concepcion,2022-01-14,2022-01-27,2022-02-10
Concepcion,2022-01-15,2022-01-28,2022-02-11
Concepcion,2022-01-16,2022-01-29,2022-02-12
Concepcion,2022-01-17,2022-01-30,2022-02-13
Concepcion,2022-01-18,2022-01-31,2022-02-14
Concepcion,2022-01-19,2022-02-01,2022-02-15
Concepcion,2022-01-20,2022-02-02,2022-02-16
Concepcion,2022-01-21,2022-02-03,2022-02-17
Concepcion,2022-01-22,2022-02-04,2022-02-18
Concepcion,2022-01-23,2022-02-05,2022-02-19
Concepcion,2022-01-24,2022-02-06,2022-02-20
Concepcion,2022-01-25,2022-02-07,2022-02-21
Concepcion,2022-01-26,2022-02-08,2022-02-22
Concepcion,2022-01-27,2022-02-09,2022-02-23
Concepcion,2022-01-28,2022-02-10,2022-02-24
Concepcion,2022-01-29,2022-02-11,2022-02-25
Concepcion,2022-01-30,2022-02-12,2022-02-26
Concepcion,2022-01-31,2022-02-13,2022-02-27
Concepcion,2022-02-01,2022-02-14,2022-02-28
Concepcion,2022-02-02,2022-02-15,2022-03-01
Concepcion,2022-02-03,2022-02-16,2022-03-02
Concepcion,2022-02-04,2022-02-17,2022-03-03
Concepcion,2022-02-05,2022-02-18,2022-03-04
Concepcion,2022-02-06,2022-02-19,2022-03-05
Concepcion,2022-02-07,2022-02-20,2022-03-06
Concepcion,2022-02-08,2022-02-21,2022-03-07
Concepcion,2022-02-09,2022-02-22,2022-03-08
Concepcion,2022-02-10,2022-02-23,2022-03-09
Concepcion,2022-02-11,2022-02-24,2022-03-10
Concepcion,2022-02-12,2022-02-25,2022-03-11
Concepcion,2022-02-13,2022-02-26,2022-03-12
Concepcion,2022-02-14,2022-02-27,2022-03-13
Concepcion,2022-02-15,2022-02-28,2022-03-14
Concepcion,2022-02-16,2022-03-01,2022-03-15
Concepcion,2022-02-17,2022-03-02,2022-03-16
Concepcion,2022-02-18,2022-03-03,2022-03-17
Concepcion,2022-02-19,2022-03-04,2022-03-18
Concepcion,2022-02-20,2022-03-05,2022-03-19
Concepcion,2022-02-21,2022-03-06,2022-03-20
Concepcion,2022-02-22,2022-03-07,2022-03-21
Concepcion,2022-02-23,2022-03-08,2022-03-22
Concepcion,2022-02-24,2022-03-09,2022-03-23
Concepcion,2022-02-25,2022-03-10,2022-03-24
Concepcion,2022-02-26,2022-03-11,2022-03-25
Concepcion,2022-02-27,2022-03-12,2022-03-26
Concepcion,2022-02-28,2022-03-13,2022-03-27
Concepcion,2022-03-01,2022-03-14,2022-03-28
Concepcion,2022-03-02,2022-03-15,2022-03-29
Concepcion,2022-03-03,2022-03-16,2022-03-30
Concepcion,2022-03-04,2022-03-17,2022-03-31
Concepcion,2022-03-05,2022-03-18,2022-04-01
Concepcion,2022-03-06,2022-03-19,2022-04-02
Concepcion,2022-03-07,2022-03-20,2022-04-03
Concepcion,2022-03-08,2022-03-21,2022-04-04
Concepcion,2022-03-09,2022-03-22,2022-04-05
Concepcion,2022-03-10,2022-03-23,2022-04-06
Concepcion,2022-03-11,2022-03-24,2022-04-07
Concepcion,2022-03-12,2022-03-25,2022-04-08
Concepcion,2022-03-13,2022-03-26,2022-04-09
Concepcion,2022-03-14,2022-03-27,2022-04-10
Concepcion,2022-03-15,2022-03-28,2022-04-11
Concepcion,2022-03-16,2022-03-29,2022-04-12
Concepcion,2022-03-17,2022-03-30,2022-04-13
Concepcion,2022-03-18,2022-03-31,2022-04-14
Concepcion,2022-03-19,2022-04-01,2022-04-15
Concepcion,2022-03-20,2022-04-02,2022-04-16
Concepcion,2022-03-21,2022-04-03,2022-04-17
Concepcion,2022-03-22,2022-04-04,2022-04-18
Concepcion,2022-03-23,2022-04-05,2022-04-19
Concepcion,2022-03-24,2022-04-06,2022-04-20
Concepcion,2022-03-25,2022-04-07,2022-04-21
Concepcion,2022-03-26,2022-04-08,2022-04-22
Concepcion,2022-03-27,2022-04-09,2022-04-23
Concepcion,2022-03-28,2022-04-10,2022-04-24
Concepcion,2022-03-29,2022-04-11,2022-04-25
Concepcion,2022-03-30,2022-04-12,2022-04-26
Concepcion,2022-03-31,2022-04-13,2022-04-27
Concepcion,2022-04-01,2022-04-14,2022-04-28
Concepcion,2022-04-02,2022-04-15,2022-04-29
Concepcion,2022-04-03,2022-04-16,2022-04-30
Concepcion,2022-04-04,2022-04-17,2022-05-01
Concepcion,2022-04-05,2022-04-18,2022-05-02
Concepcion,2022-04-06,2022-04-19,2022-05-03
Concepcion,2022-04-07,2022-04-20,2022-05-04
Concepcion,2022-04-08,2022-04-21,2022-05-05
Concepcion,2022-04-09,2022-04-22,2022-05-06
Concepcion,2022-04-10,2022-04-23,2022-05-07
Concepcion,2022-04-11,2022-04-24,2022-05-08
Concepcion,2022-04-12,2022-04-25,2022-05-09
Concepcion,2022-04-13,2022-04-26,2022-05-10
Concepcion,2022-04-14,2022-04-27,2022-05-11
Concepcion,2022-04-15,2022-04-28,2022-05-12
Concepcion,2022-04-16,2022-04-29,2022-05-13
Concepcion,2022-04-17,2022-04-30,2022-05-14
Concepcion,2022-04-18,2022-05-01,2022-05-15
Concepcion,2022-04-19,2022-05-02,2022-05-16
Concepcion,2022-04-20,2022-05-03,2022-05-17
Concepcion,2022-04-21,2022-05-04,2022-05-18
Concepcion,2022-04-22,2022-05-05,2022-05-19
Concepcion,2022-04-23,2022-05-06,2022-05-20
Concepcion,2022-04-24,2022-05-07,2022-05-21
Concepcion,2022-04-25,2022-05-08,2022-05-22
Concepcion,2022-04-26,2022-05-09,2022-05-23
Concepcion,2022-04-27,2022-05-10,2022-05-24
Concepcion,2022-04-28,2022-05-11,2022-05-25
Concepcion,2022-04-29,2022-05-12,2022-05-26
Concepcion,2022-04-30,2022-05-13,2022-05-27
Concepcion,2022-05-01,2022-05-14,2022-05-28
Concepcion,2022-05-02,2022-05-15,2022-05-29
Concepcion,2022-05-03,2022-05-16,2022-05-30
Concepcion,2022-05-04,2022-05-17,2022-05-31
Concepcion,2022-05-05,2022-05-18,2022-06-01
Concepcion,2022-05-06,2022-05-19,2022-06-02
Concepcion,2022-05-07,2022-05-20,2022-06-03
Concepcion,2022-05-08,2022-05-21,2022-06-04
Concepcion,2022-05-09,2022-05-22,2022-06-05
Concepcion,2022-05-10,2022-05-23,2022-06-06
Concepcion,2022-05-11,2022-05-24,2022-06-07
Concepcion,2022-05-12,2022-05-25,2022-06-08
Concepcion,2022-05-13,2022-05-26,2022-06-09
Concepcion,2022-05-14,2022-05-27,2022-06-10
Concepcion,2022-05-15,2022-05-28,2022-06-11
Concepcion,2022-05-16,2022-05-29,2022-06-12
Concepcion,2022-05-17,2022-05-30,2022-06-13
Concepcion,2022-05-18,2022-05-31,2022-06-14
Concepcion,2022-05-19,2022-06-01,2022-06-15
Concepcion,2022-05-20,2022-06-02,2022-06-16
Concepcion,2022-05-21,2022-06-03,2022-06-17
Concepcion,2022-05-22,2022-06-04,2022-06-18
Concepcion,2022-05-23,2022-06-05,2022-06-19
Concepcion,2022-05-24,2022-06-06,2022-06-20
Concepcion,2022-05-25,2022-06-07,2022-06-21
Concepcion,2022-05-26,2022-06-08,2022-06-22
Concepcion,2022-05-27,2022-06-09,2022-06-23
Concepcion,2022-05-28,2022-06-10,2022-06-24
Concepcion,2022-05-29,2022-06-11,2022-06-25
Concepcion,2022-05-30,2022-06-12,2022-06-26
Concepcion,2022-05-31,2022-06-13,2022-06-27
Concepcion,2022-06-01,2022-06-14,2022-06-28
Concepcion,2022-06-02,2022-06-15,2022-06-29
Concepcion,2022-06-03,2022-06-16,2022-06-30
Concepcion,2022-06-04,2022-06-17,2022-07-01
Concepcion,2022-06-05,2022-06-18,2022-07-02
Concepcion,2022-06-06,2022-06-19,2022-07-03
Concepcion,2022-06-07,2022-06-20,2022-07-04
Concepcion,2022-06-08,2022-06-21,2022-07-05
Concepcion,2022-06-09,2022-06-22,2022-07-06
Concepcion,2022-06-10,2022-06-23,2022-07-07
Concepcion,2022-06-11,2022-06-24,2022-07-08
Concepcion,2022-06-12,2022-06-25,2022-07-09
Concepcion,2022-06-13,2022-06-26,2022-07-10
Concepcion,2022-06-14,2022-06-27,2022-07-11
Concepcion,2022-06-15,2022-06-28,2022-07-12
Concepcion,2022-06-16,2022-06-29,2022-07-13
Concepcion,2022-06-17,2022-06-30,2022-07-14
Concepcion,2022-06-18,2022-07-01,2022-07-15
Concepcion,2022-06-19,2022-07-02,2022-07-16
Concepcion,2022-06-20,2022-07-03,2022-07-17
Concepcion,2022-06-21,2022-07-04,2022-07-18
Concepcion,2022-06-22,2022-07-05,2022-07-19
Concepcion,2022-06-23,2022-07-06,2022-07-20
Concepcion,2022-06-24,2022-07-07,2022-07-21
Concepcion,2022-06-25,2022-07-08,2022-07-22
Concepcion,2022-06-26,2022-07-09,2022-07-23
Concepcion,2022-06-27,2022-07-10,2022-07-24
Concepcion,2022-06-28,2022-07-11,2022-07-25
Concepcion,2022-06-29,2022-07-12,2022-07-26
Concepcion,2022-06-30,2022-07-13,2022-07-27
Concepcion,2022-07-01,2022-07-14,2022-07-28
Concepcion,2022-07-02,2022-07-15,2022-07-29
Concepcion,2022-07-03,2022-07-16,2022-07-30
Concepcion,2022-07-04,2022-07-17,2022-07-31
Concepcion,2022-07-05,2022-07-18,2022-08-01
Concepcion,2022-07-06,2022-07-19,2022-08-02
Concepcion,2022-07-07,2022-07-20,2022-08-03
Concepcion,2022-07-08,2022-07-21,2022-08-04
Concepcion,2022-07-09,2022-07-22,2022-08-05
Concepcion,2022-07-10,2022-07-23,2022-08-06
Concepcion,2022-07-11,2022-07-24,2022-08-07
Concepcion,2022-07-12,2022-07-25,2022-08-08
Concepcion,2022-07-13,2022-07-26,2022-08-09
Concepcion,2022-07-14,2022-07-27,2022-08-10
Concepcion,2022-07-15,2022-07-28,2022-08-11
Concepcion,2022-07-16,2022-07-29,2022-08-12
Concepcion,2022-07-17,2022-07-30,2022-08-13
Concepcion,2022-07-18,2022-07-31,2022-08-14
Concepcion,2022-07-19,2022-08-01,2022-08-15
Concepcion,2022-07-20,2022-08-02,2022-08-16
Concepcion,2022-07-21,2022-08-03,2022-08-17
Concepcion,2022-07-22,2022-08-04,2022-08-18
Concepcion,2022-07-23,2022-08-05,2022-08-19
Concepcion,2022-07-24,2022-08-06,2022-08-20
Concepcion,2022-07-25,2022-08-07,2022-08-21
Concepcion,2022-07-26,2022-08-08,2022-08-22
Concepcion,2022-07-27,2022-08-09,2022-08-23
Concepcion,2022-07-28,2022-08-10,2022-08-24
Concepcion,2022-07-29,2022-08-11,2022-08-25
Concepcion,2022-07-30,2022-08-12,2022-08-26
Concepcion,2022-07-31,2022-08-13,2022-08-27
Concepcion,2022-08-01,2022-08-14,2022-08-28
Concepcion,2022-08-02,2022-08-15,2022-08-29
Concepcion,2022-08-03,2022-08-16,2022-08-30
Concepcion,2022-08-04,2022-08-17,2022-08-31
Concepcion,2022-08-05,2022-08-18,2022-09-01
Concepcion,2022-08-06,2022-08-19,2022-09-02
Concepcion,2022-08-07,2022-08-20,2022-09-03
Concepcion,2022-08-08,2022-08-21,2022-09-04
Concepcion,2022-08-09,2022-08-22,2022-09-05
Concepcion,2022-08-10,2022-08-23,2022-09-06
Concepcion,2022-08-11,2022-08-24,2022-09-07
Concepcion,2022-08-12,2022-08-25,2022-09-08
Concepcion,2022-08-13,2022-08-26,2022-09-09
Concepcion,2022-08-14,2022-08-27,2022-09-10
Concepcion,2022-08-15,2022-08-28,2022-09-11
Concepcion,2022-08-16,2022-08-29,2022-09-12
Concepcion,2022-08-17,2022-08-30,2022-09-13
Concepcion,2022-08-18,2022-08-31,2022-09-14
Concepcion,2022-08-19,2022-09-01,2022-09-15
Concepcion,2022-08-20,2022-09-02,2022-09-16
Concepcion,2022-08-21,2022-09-03,2022-09-17
Concepcion,2022-08-22,2022-09-04,2022-09-18
Concepcion,2022-08-23,2022-09-05,2022-09-19
Concepcion,2022-08-24,2022-09-06,2022-09-20
Concepcion,2022-08-25,2022-09-07,2022-09-21
Concepcion,2022-08-26,2022-09-08,2022-09-22
Concepcion,2022-08-27,2022-09-09,2022-09-23
Concepcion,2022-08-28,2022-09-10,2022-09-24
Concepcion,2022-08-29,2022-09-11,2022-09-25
Concepcion,2022-08-30,2022-09-12,2022-09-26
Concepcion,2022-08-31,2022-09-13,2022-09-27
Concepcion,2022-09-01,2022-09-14,2022-09-28
Concepcion,2022-09-02,2022-09-15,2022-09-29
Concepcion,2022-09-03,2022-09-16,2022-09-30
Concepcion,2022-09-04,2022-09-17,2022-10-01
Concepcion,2022-09-05,2022-09-18,2022-10-02
Concepcion,2022-09-06,2022-09-19,2022-10-03
Concepcion,2022-09-07,2022-09-20,2022-10-04
Concepcion,2022-09-08,2022-09-21,2022-10-05
Concepcion,2022-09-09,2022-09-22,2022-10-06
Concepcion,2022-09-10,2022-09-23,2022-10-07
Concepcion,2022-09-11,2022-09-24,2022-10-08
Concepcion,2022-09-12,2022-09-25,2022-10-09
Concepcion,2022-09-13,2022-09-26,2022-10-10
Concepcion,2022-09-14,2022-09-27,2022-10-11
Concepcion,2022-09-15,2022-09-28,2022-10-12
Concepcion,2022-09-16,2022-09-29,2022-10-13
Concepcion,2022-09-17,2022-09-30,2022-10-14
Concepcion,2022-09-18,2022-10-01,2022-10-15
Concepcion,2022-09-19,2022-10-02,2022-10-16
Concepcion,2022-09-20,2022-10-03,2022-10-17
Concepcion,2022-09-21,2022-10-04,2022-10-18
Concepcion,2022-09-22,2022-10-05,2022-10-19
Concepcion,2022-09-23,2022-10-06,2022-10-20
Concepcion,2022-09-24,2022-10-07,2022-10-21
Concepcion,2022-09-25,2022-10-08,2022-10-22
Concepcion,2022-09-26,2022-10-09,2022-10-23
Concepcion,2022-09-27,2022-10-10,2022-10-24
Concepcion,2022-09-28,2022-10-11,2022-10-25
Concepcion,2022-09-29,2022-10-12,2022-10-26
Concepcion,2022-09-30,2022-10-13,2022-10-27
Concepcion,2022-10-01,2022-10-14,2022-10-28
Concepcion,2022-10-02,2022-10-15,2022-10-29
Concepcion,2022-10-03,2022-10-16,2022-10-30
Concepcion,2022-10-04,2022-10-17,2022-10-31
Concepcion,2022-10-05,2022-10-18,2022-11-01
Concepcion,2022-10-06,2022-10-19,2022-11-02
Concepcion,2022-10-07,2022-10-20,2022-11-03
Concepcion,2022-10-08,2022-10-21,2022-11-04
Concepcion,2022-10-09,2022-10-22,2022-11-05
Concepcion,2022-10-10,2022-10-23,2022-11-06
Concepcion,2022-10-11,2022-10-24,2022-11-07
Concepcion,2022-10-12,2022-10-25,2022-11-08
Concepcion,2022-10-13,2022-10-26,2022-11-09
Concepcion,2022-10-14,2022-10-27,2022-11-10
Concepcion,2022-10-15,2022-10-28,2022-11-11
Concepcion,2022-10-16,2022-10-29,2022-11-12
Concepcion,2022-10-17,2022-10-30,2022-11-13
Concepcion,2022-10-18,2022-10-31,2022-11-14
Concepcion,2022-10-19,2022-11-01,2022-11-15
Concepcion,2022-10-20,2022-11-02,2022-11-16
Concepcion,2022-10-21,2022-11-03,2022-11-17
Concepcion,2022-10-22,2022-11-04,2022-11-18
Concepcion,2022-10-23,2022-11-05,2022-11-19
Concepcion,2022-10-24,2022-11-06,2022-11-20
Concepcion,2022-10-25,2022-11-07,2022-11-21
Concepcion,2022-10-26,2022-11-08,2022-11-22
Concepcion,2022-10-27,2022-11-09,2022-11-23
Concepcion,2022-10-28,2022-11-10,2022-11-24
Concepcion,2022-10-29,2022-11-11,2022-11-25
Concepcion,2022-10-30,2022-11-12,2022-11-26
Concepcion,2022-10-31,2022-11-13,2022-11-27
Concepcion,2022-11-01,2022-11-14,2022-11-28
Concepcion,2022-11-02,2022-11-15,2022-11-29
Concepcion,2022-11-03,2022-11-16,2022-11-30
Concepcion,2022-11-04,2022-11-17,2022-12-01
Concepcion,2022-11-05,2022-11-18,2022-12-02
Concepcion,2022-11-06,2022-11-19,2022-12-03
Concepcion,2022-11-07,2022-11-20,2022-12-04
Concepcion,2022-11-08,2022-11-21,2022-12-05
Concepcion,2022-11-09,2022-11-22,2022-12-06
Concepcion,2022-11-10,2022-11-23,2022-12-07
Concepcion,2022-11-11,2022-11-24,2022-12-08
Concepcion,2022-11-12,2022-11-25,2022-12-09
Concepcion,2022-11-13,2022-11-26,2022-12-10
Concepcion,2022-11-14,2022-11-27,2022-12-11
Concepcion,2022-11-15,2022-11-28,2022-12-12
Concepcion,2022-11-16,2022-11-29,2022-12-13
Concepcion,2022-11-17,2022-11-30,2022-12-14
Concepcion,2022-11-18,2022-12-01,2022-12-15
Concepcion,2022-11-19,2022-12-02,2022-12-16
Concepcion,2022-11-20,2022-12-03,2022-12-17
Concepcion,2022-11-21,2022-12-04,2022-12-18
Concepcion,2022-11-22,2022-12-05,2022-12-19
Concepcion,2022-11-23,2022-12-06,2022-12-20
Concepcion,2022-11-24,2022-12-07,2022-12-21
Concepcion,2022-11-25,2022-12-08,2022-12-22
Concepcion,2022-11-26,2022-12-09,2022-12-23
Concepcion,2022-11-27,2022-12-10,2022-12-24
Concepcion,2022-11-28,2022-12-11,2022-12-25
Concepcion,2022-11-29,2022-12-12,2022-12-26
Concepcion,2022-11-30,2022-12-13,2022-12-27
Concepcion,2022-12-01,2022-12-14,2022-12-28
Concepcion,2022-12-02,2022-12-15,2022-12-29
Concepcion,2022-12-03,2022-12-16,2022-12-30
Concepcion,2022-12-04,2022-12-17,2022-12-31
Concepcion,2022-12-05,2022-12-18,2023-01-01
Concepcion,2022-12-06,2022-12-19,2023-01-02
Concepcion,2022-12-07,2022-12-20,2023-01-03
Concepcion,2022-12-08,2022-12-21,2023-01-04
Concepcion,2022-12-09,2022-12-22,2023-01-05
Concepcion,2022-12-10,2022-12-23,2023-01-06
Concepcion,2022-12-11,2022-12-24,2023-01-07
Concepcion,2022-12-12,2022-12-25,2023-01-08
Concepcion,2022-12-13,2022-12-26,2023-01-09
Concepcion,2022-12-14,2022-12-27,2023-01-10
Concepcion,2022-12-15,2022-12-28,2023-01-11
Concepcion,2022-12-16,2022-12-29,2023-01-12
Concepcion,2022-12-17,2022-12-30,2023-01-13
Concepcion,2022-12-18,2022-12-31,2023-01-14
Concepcion,2022-12-19,2023-01-01,2023-01-15
Concepcion,2022-12-20,2023-01-02,2023-01-16
Concepcion,2022-12-21,2023-01-03,2023-01-17
Concepcion,2022-12-22,2023-01-04,2023-01-18
Concepcion,2022-12-23,2023-01-05,2023-01-19
Concepcion,2022-12-24,2023-01-06,2023-01-20
Concepcion,2022-12-25,2023-01-07,2023-01-21
Concepcion,2022-12-26,2023-01-08,2023-01-22
Concepcion,2022-12-27,2023-01-09,2023-01-23
Concepcion,2022-12-28,2023-01-10,2023-01-24
Concepcion,2022-12-29,2023-01-11,2023-01-25
Concepcion,2022-12-30,2023-01-12,2023-01-26
Concepcion,2022-12-31,2023-01-13,2023-01-27
Concepcion,2023-01-01,2023-01-14,2023-01-28
Concepcion,2023-01-02,2023-01-15,2023-01-29
Concepcion,2023-01-03,2023-01-16,2023-01-30
Concepcion,2023-01-04,2023-01-17,2023-01-31
Concepcion,2023-01-05,2023-01-18,2023-02-01
Concepcion,2023-01-06,2023-01-19,2023-02-02
Concepcion,2023-01-07,2023-01-20,2023-02-03
Concepcion,2023-01-08,2023-01-21,2023-02-04
Concepcion,2023-01-09,2023-01-22,2023-02-05
Concepcion,2023-01-10,2023-01-23,2023-02-06
Concepcion,2023-01-11,2023-01-24,2023-02-07
Concepcion,2023-01-12,2023-01-25,2023-02-08
Concepcion,2023-01-13,2023-01-26,2023-02-09
Concepcion,2023-01-14,2023-01-27,2023-02-10
Concepcion,2023-01-15,2023-01-28,2023-02-11
Concepcion,2023-01-16,2023-01-29,2023-02-12
Concepcion,2023-01-17,2023-01-30,2023-02-13
Concepcion,2023-01-18,2023-01-31,2023-02-14
Concepcion,2023-01-19,2023-02-01,2023-02-15
Concepcion,2023-01-20,2023-02-02,2023-02-16
Concepcion,2023-01-21,2023-02-03,2023-02-17
Concepcion,2023-01-22,2023-02-04,2023-02-18
Concepcion,2023-01-23,2023-02-05,2023-02-19
Concepcion,2023-01-24,2023-02-06,2023-02-20
Concepcion,2023-01-25,2023-02-07,2023-02-21
Concepcion,2023-01-26,2023-02-08,2023-02-22
Concepcion,2023-01-27,2023-02-09,2023-02-23
Concepcion,2023-01-28,2023-02-10,2023-02-24
Concepcion,2023-01-29,2023-02-11,2023-02-25
Concepcion,2023-01-30,2023-02-12,2023-02-26
Concepcion,2023-01-31,2023-02-13,2023-02-27
Concepcion,2023-02-01,2023-02-14,2023-02-28
Concepcion,2023-02-02,2023-02-15,2023-03-01
Concepcion,2023-02-03,2023-02-16,2023-03-02
Concepcion,2023-02-04,2023-02-17,2023-03-03
Concepcion,2023-02-05,2023-02-18,2023-03-04
Concepcion,2023-02-06,2023-02-19,2023-03-05
Concepcion,2023-02-07,2023-02-20,2023-03-06
Concepcion,2023-02-08,2023-02-21,2023-03-07
Concepcion,2023-02-09,2023-02-22,2023-03-08
Concepcion,2023-02-10,2023-02-23,2023-03-09
Concepcion,2023-02-11,2023-02-24,2023-03-10
Concepcion,2023-02-12,2023-02-25,2023-03-11
Concepcion,2023-02-13,2023-02-26,2023-03-12
Concepcion,2023-02-14,2023-02-27,2023-03-13
Concepcion,2023-02-15,2023-02-28,2023-03-14
Concepcion,2023-02-16,2023-03-01,2023-03-15
Concepcion,2023-02-17,2023-03-02,2023-03-16
Concepcion,2023-02-18,2023-03-03,2023-03-17
Concepcion,2023-02-19,2023-03-04,2023-03-18
Concepcion,2023-02-20,2023-03-05,2023-03-19
Concepcion,2023-02-21,2023-03-06,2023-03-20
Concepcion,2023-02-22,2023-03-07,2023-03-21
Concepcion,2023-02-23,2023-03-08,2023-03-22
Concepcion,2023-02-24,2023-03-09,2023-03-23
Concepcion,2023-02-25,2023-03-10,2023-03-24
Concepcion,2023-02-26,2023-03-11,2023-03-25
Concepcion,2023-02-27,2023-03-12,2023-03-26
Concepcion,2023-02-28,2023-03-13,2023-03-27
Concepcion,2023-03-01,2023-03-14,2023-03-28
Concepcion,2023-03-02,2023-03-15,2023-03-29
Concepcion,2023-03-03,2023-03-16,2023-03-30
Concepcion,2023-03-04,2023-03-17,2023-03-31
Concepcion,2023-03-05,2023-03-18,2023-04-01
Concepcion,2023-03-06,2023-03-19,2023-04-02
Concepcion,2023-03-07,2023-03-20,2023-04-03
Concepcion,2023-03-08,2023-03-21,2023-04-04
Concepcion,2023-03-09,2023-03-22,2023-04-05
Concepcion,2023-03-10,2023-03-23,2023-04-06
Concepcion,2023-03-11,2023-03-24,2023-04-07
Concepcion,2023-03-12,2023-03-25,2023-04-08
Concepcion,2023-03-13,2023-03-26,2023-04-09
Concepcion,2023-03-14,2023-03-27,2023-04-10
Concepcion,2023-03-15,2023-03-28,2023-04-11
Concepcion,2023-03-16,2023-03-29,2023-04-12
Concepcion,2023-03-17,2023-03-30,2023-04-13
Concepcion,2023-03-18,2023-03-31,2023-04-14
Concepcion,2023-03-19,2023-04-01,2023-04-15
Concepcion,2023-03-20,2023-04-02,2023-04-16
Concepcion,2023-03-21,2023-04-03,2023-04-17
Concepcion,2023-03-22,2023-04-04,2023-04-18
Concepcion,2023-03-23,2023-04-05,2023-04-19
Concepcion,2023-03-24,2023-04-06,2023-04-20
Concepcion,2023-03-25,2023-04-07,2023-04-21
Concepcion,2023-03-26,2023-04-08,2023-04-22
Concepcion,2023-03-27,2023-04-09,2023-04-23
Concepcion,2023-03-28,2023-04-10,2023-04-24
Concepcion,2023-03-29,2023-04-11,2023-04-25
Concepcion,2023-03-30,2023-04-12,2023-04-26
Concepcion,2023-03-31,2023-04-13,2023-04-27
Concepcion,2023-04-01,2023-04-14,2023-04-28
Concepcion,2023-04-02,2023-04-15,2023-04-29
Concepcion,2023-04-03,2023-04-16,2023-04-30
Concepcion,2023-04-04,2023-04-17,2023-05-01
Concepcion,2023-04-05,2023-04-18,2023-05-02
Concepcion,2023-04-06,2023-04-19,2023-05-03
Concepcion,2023-04-07,2023-04-20,2023-05-04
Concepcion,2023-04-08,2023-04-21,2023-05-05
Concepcion,2023-04-09,2023-04-22,2023-05-06
Concepcion,2023-04-10,2023-04-23,2023-05-07
Concepcion,2023-04-11,2023-04-24,2023-05-08
Concepcion,2023-04-12,2023-04-25,2023-05-09
Concepcion,2023-04-13,2023-04-26,2023-05-10
Concepcion,2023-04-14,2023-04-27,2023-05-11
Concepcion,2023-04-15,2023-04-28,2023-05-12
Concepcion,2023-04-16,2023-04-29,2023-05-13
Concepcion,2023-04-17,2023-04-30,2023-05-14
Concepcion,2023-04-18,2023-05-01,2023-05-15
Concepcion,2023-04-19,2023-05-02,2023-05-16
Concepcion,2023-04-20,2023-05-03,2023-05-17
Concepcion,2023-04-21,2023-05-04,2023-05-18
Concepcion,2023-04-22,2023-05-05,2023-05-19
Concepcion,2023-04-23,2023-05-06,2023-05-20
Concepcion,2023-04-24,2023-05-07,2023-05-21
Concepcion,2023-04-25,2023-05-08,2023-05-22
Concepcion,2023-04-26,2023-05-09,2023-05-23
Concepcion,2023-04-27,2023-05-10,2023-05-24
Concepcion,2023-04-28,2023-05-11,2023-05-25
Concepcion,2023-04-29,2023-05-12,2023-05-26
Concepcion,2023-04-30,2023-05-13,2023-05-27
Concepcion,2023-05-01,2023-05-14,2023-05-28
Concepcion,2023-05-02,2023-05-15,2023-05-29
Concepcion,2023-05-03,2023-05-16,2023-05-30
Concepcion,2023-05-04,2023-05-17,2023-05-31
Concepcion,2023-05-05,2023-05-18,2023-06-01
Concepcion,2023-05-06,2023-05-19,2023-06-02
Concepcion,2023-05-07,2023-05-20,2023-06-03
Concepcion,2023-05-08,2023-05-21,2023-06-04
Concepcion,2023-05-09,2023-05-22,2023-06-05
Concepcion,2023-05-10,2023-05-23,2023-06-06
Concepcion,2023-05-11,2023-05-24,2023-06-07
Concepcion,2023-05-12,2023-05-25,2023-06-08
Concepcion,2023-05-13,2023-05-26,2023-06-09
Concepcion,2023-05-14,2023-05-27,2023-06-10
Concepcion,2023-05-15,2023-05-28,2023-06-11
Concepcion,2023-05-16,2023-05-29,2023-06-12
Concepcion,2023-05-17,2023-05-30,2023-06-13
Concepcion,2023-05-18,2023-05-31,2023-06-14
Concepcion,2023-05-19,2023-06-01,2023-06-15
Concepcion,2023-05-20,2023-06-02,2023-06-16
Concepcion,2023-05-21,2023-06-03,2023-06-17
Concepcion,2023-05-22,2023-06-04,2023-06-18
Concepcion,2023-05-23,2023-06-05,2023-06-19
Concepcion,2023-05-24,2023-06-06,2023-06-20
Concepcion,2023-05-25,2023-06-07,2023-06-21
Concepcion,2023-05-26,2023-06-08,2023-06-22
Concepcion,2023-05-27,2023-06-09,2023-06-23
Concepcion,2023-05-28,2023-06-10,2023-06-24
Concepcion,2023-05-29,2023-06-11,2023-06-25
Concepcion,2023-05-30,2023-06-12,2023-06-26
Concepcion,2023-05-31,2023-06-13,2023-06-27
Concepcion,2023-06-01,2023-06-14,2023-06-28
Concepcion,2023-06-02,2023-06-15,2023-06-29
Concepcion,2023-06-03,2023-06-16,2023-06-30
Concepcion,2023-06-04,2023-06-17,2023-07-01
Concepcion,2023-06-05,2023-06-18,2023-07-02
Concepcion,2023-06-06,2023-06-19,2023-07-03
Concepcion,2023-06-07,2023-06-20,2023-07-04
Concepcion,2023-06-08,2023-06-21,2023-07-05
Concepcion,2023-06-09,2023-06-22,2023-07-06
Concepcion,2023-06-10,2023-06-23,2023-07-07
Concepcion,2023-06-11,2023-06-24,2023-07-08
Concepcion,2023-06-12,2023-06-25,2023-07-09
Concepcion,2023-06-13,2023-06-26,2023-07-10
Concepcion,2023-06-14,2023-06-27,2023-07-11
Concepcion,2023-06-15,2023-06-28,2023-07-12
Concepcion,2023-06-16,2023-06-29,2023-07-13
Concepcion,2023-06-17,2023-06-30,2023-07-14
Concepcion,2023-06-18,2023-07-01,2023-07-15
Concepcion,2023-06-19,2023-07-02,2023-07-16
Concepcion,2023-06-20,2023-07-03,2023-07-17
Concepcion,2023-06-21,2023-07-04,2023-07-18
Concepcion,2023-06-22,2023-07-05,2023-07-19
Concepcion,2023-06-23,2023-07-06,2023-07-20
Concepcion,2023-06-24,2023-07-07,2023-07-21
Concepcion,2023-06-25,2023-07-08,2023-07-22
Concepcion,2023-06-26,2023-07-09,2023-07-23
Concepcion,2023-06-27,2023-07-10,2023-07-24
Concepcion,2023-06-28,2023-07-11,2023-07-25
Concepcion,2023-06-29,2023-07-12,2023-07-26
Concepcion,2023-06-30,2023-07-13,2023-07-27
Concepcion,2023-07-01,2023-07-14,2023-07-28
Concepcion,2023-07-02,2023-07-15,2023-07-29
Concepcion,2023-07-03,2023-07-16,2023-07-30
Concepcion,2023-07-04,2023-07-17,2023-07-31
Concepcion,2023-07-05,2023-07-18,2023-08-01
Concepcion,2023-07-06,2023-07-19,2023-08-02
Concepcion,2023-07-07,2023-07-20,2023-08-03
Concepcion,2023-07-08,2023-07-21,2023-08-04
Concepcion,2023-07-09,2023-07-22,2023-08-05
Concepcion,2023-07-10,2023-07-23,2023-08-06
Concepcion,2023-07-11,2023-07-24,2023-08-07
Concepcion,2023-07-12,2023-07-25,2023-08-08
Concepcion,2023-07-13,2023-07-26,2023-08-09
Concepcion,2023-07-14,2023-07-27,2023-08-10
Concepcion,2023-07-15,2023-07-28,2023-08-11
Concepcion,2023-07-16,2023-07-29,2023-08-12
Concepcion,2023-07-17,2023-07-30,2023-08-13
Concepcion,2023-07-18,2023-07-31,2023-08-14
Concepcion,2023-07-19,2023-08-01,2023-08-15
Concepcion,2023-07-20,2023-08-02,2023-08-16
Concepcion,2023-07-21,2023-08-03,2023-08-17
Concepcion,2023-07-22,2023-08-04,2023-08-18
Concepcion,2023-07-23,2023-08-05,2023-08-19
Concepcion,2023-07-24,2023-08-06,2023-08-20
Concepcion,2023-07-25,2023-08-07,2023-08-21
Concepcion,2023-07-26,2023-08-08,2023-08-22
Concepcion,2023-07-27,2023-08-09,2023-08-23
Concepcion,2023-07-28,2023-08-10,2023-08-24
Concepcion,2023-07-29,2023-08-11,2023-08-25
Concepcion,2023-07-30,2023-08-12,2023-08-26
Concepcion,2023-07-31,2023-08-13,2023-08-27
Concepcion,2023-08-01,2023-08-14,2023-08-28
Concepcion,2023-08-02,2023-08-15,2023-08-29
Concepcion,2023-08-03,2023-08-16,2023-08-30
Concepcion,2023-08-04,2023-08-17,2023-08-31
Concepcion,2023-08-05,2023-08-18,2023-09-01
Concepcion,2023-08-06,2023-08-19,2023-09-02
Concepcion,2023-08-07,2023-08-20,2023-09-03
Concepcion,2023-08-08,2023-08-21,2023-09-04
Concepcion,2023-08-09,2023-08-22,2023-09-05
Concepcion,2023-08-10,2023-08-23,2023-09-06
Concepcion,2023-08-11,2023-08-24,2023-09-07
Concepcion,2023-08-12,2023-08-25,2023-09-08
Concepcion,2023-08-13,2023-08-26,2023-09-09
Concepcion,2023-08-14,2023-08-27,2023-09-10
Concepcion,2023-08-15,2023-08-28,2023-09-11
Concepcion,2023-08-16,2023-08-29,2023-09-12
Concepcion,2023-08-17,2023-08-30,2023-09-13
Concepcion,2023-08-18,2023-08-31,2023-09-14
Concepcion,2023-08-19,2023-09-01,2023-09-15
Concepcion,2023-08-20,2023-09-02,2023-09-16
Concepcion,2023-08-21,2023-09-03,2023-09-17
Concepcion,2023-08-22,2023-09-04,2023-09-18
Concepcion,2023-08-23,2023-09-05,2023-09-19
Concepcion,2023-08-24,2023-09-06,2023-09-20
Concepcion,2023-08-25,2023-09-07,2023-09-21
Concepcion,2023-08-26,2023-09-08,2023-09-22
Concepcion,2023-08-27,2023-09-09,2023-09-23
Concepcion,2023-08-28,2023-09-10,2023-09-24
Concepcion,2023-08-29,2023-09-11,2023-09-25
Concepcion,2023-08-30,2023-09-12,2023-09-26
Concepcion,2023-08-31,2023-09-13,2023-09-27
Concepcion,2023-09-01,2023-09-14,2023-09-28
Concepcion,2023-09-02,2023-09-15,2023-09-29
Concepcion,2023-09-03,2023-09-16,2023-09-30
Concepcion,2023-09-04,2023-09-17,2023-10-01
Concepcion,2023-09-05,2023-09-18,2023-10-02
Concepcion,2023-09-06,2023-09-19,2023-10-03
Concepcion,2023-09-07,2023-09-20,2023-10-04
Concepcion,2023-09-08,2023-09-21,2023-10-05
Concepcion,2023-09-09,2023-09-22,2023-10-06
Concepcion,2023-09-10,2023-09-23,2023-10-07
Concepcion,2023-09-11,2023-09-24,2023-10-08
Concepcion,2023-09-12,2023-09-25,2023-10-09
Concepcion,2023-09-13,2023-09-26,2023-10-10
Concepcion,2023-09-14,2023-09-27,2023-10-11
Concepcion,2023-09-15,2023-09-28,2023-10-12
Concepcion,2023-09-16,2023-09-29,2023-10-13
Concepcion,2023-09-17,2023-09-30,2023-10-14
Concepcion,2023-09-18,2023-10-01,2023-10-15
Concepcion,2023-09-19,2023-10-02,2023-10-16
Concepcion,2023-09-20,2023-10-03,2023-10-17
Concepcion,2023-09-21,2023-10-04,2023-10-18
Concepcion,2023-09-22,2023-10-05,2023-10-19
Concepcion,2023-09-23,2023-10-06,2023-10-20
Concepcion,2023-09-24,2023-10-07,2023-10-21
Concepcion,2023-09-25,2023-10-08,2023-10-22
Concepcion,2023-09-26,2023-10-09,2023-10-23
Concepcion,2023-09-27,2023-10-10,2023-10-24
Concepcion,2023-09-28,2023-10-11,2023-10-25
Concepcion,2023-09-29,2023-10-12,2023-10-26
Concepcion,2023-09-30,2023-10-13,2023-10-27
Concepcion,2023-10-01,2023-10-14,2023-10-28
Concepcion,2023-10-02,2023-10-15,2023-10-29
Concepcion,2023-10-03,2023-10-16,2023-10-30
Concepcion,2023-10-04,2023-10-17,2023-10-31
Concepcion,2023-10-05,2023-10-18,2023-11-01
Concepcion,2023-10-06,2023-10-19,2023-11-02
Concepcion,2023-10-07,2023-10-20,2023-11-03
Concepcion,2023-10-08,2023-10-21,2023-11-04
Concepcion,2023-10-09,2023-10-22,2023-11-05
Concepcion,2023-10-10,2023-10-23,2023-11-06
Concepcion,2023-10-11,2023-10-24,2023-11-07
Concepcion,2023-10-12,2023-10-25,2023-11-08
Concepcion,2023-10-13,2023-10-26,2023-11-09
Concepcion,2023-10-14,2023-10-27,2023-11-10
Concepcion,2023-10-15,2023-10-28,2023-11-11
Concepcion,2023-10-16,2023-10-29,2023-11-12
Concepcion,2023-10-17,2023-10-30,2023-11-13
Concepcion,2023-10-18,2023-10-31,2023-11-14
Concepcion,2023-10-19,2023-11-01,2023-11-15
Concepcion,2023-10-20,2023-11-02,2023-11-16
Concepcion,2023-10-21,2023-11-03,2023-11-17
Concepcion,2023-10-22,2023-11-04,2023-11-18
Concepcion,2023-10-23,2023-11-05,2023-11-19
Concepcion,2023-10-24,2023-11-06,2023-11-20
Concepcion,2023-10-25,2023-11-07,2023-11-21
Concepcion,2023-10-26,2023-11-08,2023-11-22
Concepcion,2023-10-27,2023-11-09,2023-11-23
Concepcion,2023-10-28,2023-11-10,2023-11-24
Concepcion,2023-10-29,2023-11-11,2023-11-25
Concepcion,2023-10-30,2023-11-12,2023-11-26
Concepcion,2023-10-31,2023-11-13,2023-11-27
Concepcion,2023-11-01,2023-11-14,2023-11-28
Concepcion,2023-11-02,2023-11-15,2023-11-29
Concepcion,2023-11-03,2023-11-16,2023-11-30
Concepcion,2023-11-04,2023-11-17,2023-12-01
Concepcion,2023-11-05,2023-11-18,2023-12-02
Concepcion,2023-11-06,2023-11-19,2023-12-03
Concepcion,2023-11-07,2023-11-20,2023-12-04
Concepcion,2023-11-08,2023-11-21,2023-12-05
Concepcion,2023-11-09,2023-11-22,2023-12-06
Concepcion,2023-11-10,2023-11-23,2023-12-07
Concepcion,2023-11-11,2023-11-24,2023-12-08
Concepcion,2023-11-12,2023-11-25,2023-12-09
Concepcion,2023-11-13,2023-11-26,2023-12-10
Concepcion,2023-11-14,2023-11-27,2023-12-11
Concepcion,2023-11-15,2023-11-28,2023-12-12
Concepcion,2023-11-16,2023-11-29,2023-12-13
Concepcion,2023-11-17,2023-11-30,2023-12-14
Concepcion,2023-11-18,2023-12-01,2023-12-15
Concepcion,2023-11-19,2023-12-02,2023-12-16
Concepcion,2023-11-20,2023-12-03,2023-12-17
Concepcion,2023-11-21,2023-12-04,2023-12-18
Concepcion,2023-11-22,2023-12-05,2023-12-19
Concepcion,2023-11-23,2023-12-06,2023-12-20
Concepcion,2023-11-24,2023-12-07,2023-12-21
Concepcion,2023-11-25,2023-12-08,2023-12-22
Concepcion,2023-11-26,2023-12-09,2023-12-23
Concepcion,2023-11-27,2023-12-10,2023-12-24
Concepcion,2023-11-28,2023-12-11,2023-12-25
Concepcion,2023-11-29,2023-12-12,2023-12-26
Concepcion,2023-11-30,2023-12-13,2023-12-27
Concepcion,2023-12-01,2023-12-14,2023-12-28
Concepcion,2023-12-02,2023-12-15,2023-12-29
Concepcion,2023-12-03,2023-12-16,2023-12-30
Concepcion,2023-12-04,2023-12-17,2023-12-31
Concepcion,2023-12-05,2023-12-18,2024-01-01
Concepcion,2023-12-06,2023-12-19,2024-01-02
Concepcion,2023-12-07,2023-12-20,2024-01-03
Concepcion,2023-12-08,2023-12-21,2024-01-04
Concepcion,2023-12-09,2023-12-22,2024-01-05
Concepcion,2023-12-10,2023-12-23,2024-01-06
Concepcion,2023-12-11,2023-12-24,2024-01-07
Concepcion,2023-12-12,2023-12-25,2024-01-08
Concepcion,2023-12-13,2023-12-26,2024-01-09
Concepcion,2023-12-14,2023-12-27,2024-01-10
Concepcion,2023-12-15,2023-12-28,2024-01-11
Concepcion,2023-12-16,2023-12-29,2024-01-12
Concepcion,2023-12-17,2023-12-30,2024-01-13
Concepcion,2023-12-18,2023-12-31,2024-01-14
Concepcion,2023-12-19,2024-01-01,2024-01-15
Concepcion,2023-12-20,2024-01-02,2024-01-16
Concepcion,2023-12-21,2024-01-03,2024-01-17
Concepcion,2023-12-22,2024-01-04,2024-01-18
Concepcion,2023-12-23,2024-01-05,2024-01-19
Concepcion,2023-12-24,2024-01-06,2024-01-20
Concepcion,2023-12-25,2024-01-07,2024-01-21
Concepcion,2023-12-26,2024-01-08,2024-01-22
Concepcion,2023-12-27,2024-01-09,2024-01-23
Concepcion,2023-12-28,2024-01-10,2024-01-24
Concepcion,2023-12-29,2024-01-11,2024-01-25
Concepcion,2023-12-30,2024-01-12,2024-01-26
Concepcion,2023-12-31,2024-01-13,2024-01-27
Concepcion,2024-01-01,2024-01-14,2024-01-28
Concepcion,2024-01-02,2024-01-15,2024-01-29
Concepcion,2024-01-03,2024-01-16,2024-01-30
Concepcion,2024-01-04,2024-01-17,2024-01-31
Concepcion,2024-01-05,2024-01-18,2024-02-01
Concepcion,2024-01-06,2024-01-19,2024-02-02
Concepcion,2024-01-07,2024-01-20,2024-02-03
Concepcion,2024-01-08,2024-01-21,2024-02-04
Concepcion,2024-01-09,2024-01-22,2024-02-05
Concepcion,2024-01-10,2024-01-23,2024-02-06
Concepcion,2024-01-11,2024-01-24,2024-02-07
Concepcion,2024-01-12,2024-01-25,2024-02-08
Concepcion,2024-01-13,2024-01-26,2024-02-09
Concepcion,2024-01-14,2024-01-27,2024-02-10
Concepcion,2024-01-15,2024-01-28,2024-02-11
Concepcion,2024-01-16,2024-01-29,2024-02-12
Concepcion,2024-01-17,2024-01-30,2024-02-13
Concepcion,2024-01-18,2024-01-31,2024-02-14
Concepcion,2024-01-19,2024-02-01,2024-02-15
Concepcion,2024-01-20,2024-02-02,2024-02-16
Concepcion,2024-01-21,2024-02-03,2024-02-17
Concepcion,2024-01-22,2024-02-04,2024-02-18
Concepcion,2024-01-23,2024-02-05,2024-02-19
Concepcion,2024-01-24,2024-02-06,2024-02-20
Concepcion,2024-01-25,2024-02-07,2024-02-21
Concepcion,2024-01-26,2024-02-08,2024-02-22
Concepcion,2024-01-27,2024-02-09,2024-02-23
Concepcion,2024-01-28,2024-02-10,2024-02-24
Concepcion,2024-01-29,2024-02-11,2024-02-25
Concepcion,2024-01-30,2024-02-12,2024-02-26
Concepcion,2024-01-31,2024-02-13,2024-02-27
Concepcion,2024-02-01,2024-02-14,2024-02-28
Concepcion,2024-02-02,2024-02-15,2024-02-29
Concepcion,2024-02-03,2024-02-16,2024-03-01
Concepcion,2024-02-04,2024-02-17,2024-03-02
Concepcion,2024-02-05,2024-02-18,2024-03-03
Concepcion,2024-02-06,2024-02-19,2024-03-04
Concepcion,2024-02-07,2024-02-20,2024-03-05
Concepcion,2024-02-08,2024-02-21,2024-03-06
Concepcion,2024-02-09,2024-02-22,2024-03-07
Concepcion,2024-02-10,2024-02-23,2024-03-08
Concepcion,2024-02-11,2024-02-24,2024-03-09
Concepcion,2024-02-12,2024-02-25,2024-03-10
Concepcion,2024-02-13,2024-02-26,2024-03-11
Concepcion,2024-02-14,2024-02-27,2024-03-12
Concepcion,2024-02-15,2024-02-28,2024-03-13
Concepcion,2024-02-16,2024-02-29,2024-03-14
Concepcion,2024-02-17,2024-03-01,2024-03-15
Concepcion,2024-02-18,2024-03-02,2024-03-16
Concepcion,2024-02-19,2024-03-03,2024-03-17
Concepcion,2024-02-20,2024-03-04,2024-03-18
Concepcion,2024-02-21,2024-03-05,2024-03-19
Concepcion,2024-02-22,2024-03-06,2024-03-20
Concepcion,2024-02-23,2024-03-07,2024-03-21
Concepcion,2024-02-24,2024-03-08,2024-03-22
Concepcion,2024-02-25,2024-03-09,2024-03-23
Concepcion,2024-02-26,2024-03-10,2024-03-24
Concepcion,2024-02-27,2024-03-11,2024-03-25
Concepcion,2024-02-28,2024-03-12,2024-03-26
Concepcion,2024-02-29,2024-03-13,2024-03-27
Concepcion,2024-03-01,2024-03-14,2024-03-28
Concepcion,2024-03-02,2024-03-15,2024-03-29
Concepcion,2024-03-03,2024-03-16,2024-03-30
Concepcion,2024-03-04,2024-03-17,2024-03-31
Concepcion,2024-03-05,2024-03-18,2024-04-01
Concepcion,2024-03-06,2024-03-19,2024-04-02
Concepcion,2024-03-07,2024-03-20,2024-04-03
Concepcion,2024-03-08,2024-03-21,2024-04-04
Concepcion,2024-03-09,2024-03-22,2024-04-05
Concepcion,2024-03-10,2024-03-23,2024-04-06
Concepcion,2024-03-11,2024-03-24,2024-04-07
Concepcion,2024-03-12,2024-03-25,2024-04-08
Concepcion,2024-03-13,2024-03-26,2024-04-09
Concepcion,2024-03-14,2024-03-27,2024-04-10
Concepcion,2024-03-15,2024-03-28,2024-04-11
Concepcion,2024-03-16,2024-03-29,2024-04-12
Concepcion,2024-03-17,2024-03-30,2024-04-13
Concepcion,2024-03-18,2024-03-31,2024-04-14
Concepcion,2024-03-19,2024-04-01,2024-04-15
Concepcion,2024-03-20,2024-04-02,2024-04-16
Concepcion,2024-03-21,2024-04-03,2024-04-17
Concepcion,2024-03-22,2024-04-04,2024-04-18
Concepcion,2024-03-23,2024-04-05,2024-04-19
Concepcion,2024-03-24,2024-04-06,2024-04-20
Concepcion,2024-03-25,2024-04-07,2024-04-21
Concepcion,2024-03-26,2024-04-08,2024-04-22
Concepcion,2024-03-27,2024-04-09,2024-04-23
Concepcion,2024-03-28,2024-04-10,2024-04-24
Concepcion,2024-03-29,2024-04-11,2024-04-25
Concepcion,2024-03-30,2024-04-12,2024-04-26
Concepcion,2024-03-31,2024-04-13,2024-04-27
Concepcion,2024-04-01,2024-04-14,2024-04-28
Concepcion,2024-04-02,2024-04-15,2024-04-29
Concepcion,2024-04-03,2024-04-16,2024-04-30
Concepcion,2024-04-04,2024-04-17,2024-05-01
Concepcion,2024-04-05,2024-04-18,2024-05-02
Concepcion,2024-04-06,2024-04-19,2024-05-03
Concepcion,2024-04-07,2024-04-20,2024-05-04
Concepcion,2024-04-08,2024-04-21,2024-05-05
Concepcion,2024-04-09,2024-04-22,2024-05-06
Concepcion,2024-04-10,2024-04-23,2024-05-07
Concepcion,2024-04-11,2024-04-24,2024-05-08
Concepcion,2024-04-12,2024-04-25,2024-05-09
Concepcion,2024-04-13,2024-04-26,2024-05-10
Concepcion,2024-04-14,2024-04-27,2024-05-11
Concepcion,2024-04-15,2024-04-28,2024-05-12
Concepcion,2024-04-16,2024-04-29,2024-05-13
Concepcion,2024-04-17,2024-04-30,2024-05-14
Concepcion,2024-04-18,2024-05-01,2024-05-15
Concepcion,2024-04-19,2024-05-02,2024-05-16
Concepcion,2024-04-20,2024-05-03,2024-05-17
Concepcion,2024-04-21,2024-05-04,2024-05-18
Concepcion,2024-04-22,2024-05-05,2024-05-19
Concepcion,2024-04-23,2024-05-06,2024-05-20
Concepcion,2024-04-24,2024-05-07,2024-05-21
Concepcion,2024-04-25,2024-05-08,2024-05-22
Concepcion,2024-04-26,2024-05-09,2024-05-23
Concepcion,2024-04-27,2024-05-10,2024-05-24
Concepcion,2024-04-28,2024-05-11,2024-05-25
Concepcion,2024-04-29,2024-05-12,2024-05-26
Concepcion,2024-04-30,2024-05-13,2024-05-27
Concepcion,2024-05-01,2024-05-14,2024-05-28
Concepcion,2024-05-02,2024-05-15,2024-05-29
Concepcion,2024-05-03,2024-05-16,2024-05-30
Concepcion,2024-05-04,2024-05-17,2024-05-31
Concepcion,2024-05-05,2024-05-18,2024-06-01
Concepcion,2024-05-06,2024-05-19,2024-06-02
Concepcion,2024-05-07,2024-05-20,2024-06-03
Concepcion,2024-05-08,2024-05-21,2024-06-04
Concepcion,2024-05-09,2024-05-22,2024-06-05
Concepcion,2024-05-10,2024-05-23,2024-06-06
Concepcion,2024-05-11,2024-05-24,2024-06-07
Concepcion,2024-05-12,2024-05-25,2024-06-08
Concepcion,2024-05-13,2024-05-26,2024-06-09
Concepcion,2024-05-14,2024-05-27,2024-06-10
Concepcion,2024-05-15,2024-05-28,2024-06-11
Concepcion,2024-05-16,2024-05-29,2024-06-12
Concepcion,2024-05-17,2024-05-30,2024-06-13
Concepcion,2024-05-18,2024-05-31,2024-06-14
Concepcion,2024-05-19,2024-06-01,2024-06-15
Concepcion,2024-05-20,2024-06-02,2024-06-16
Concepcion,2024-05-21,2024-06-03,2024-06-17
Concepcion,2024-05-22,2024-06-04,2024-06-18
Concepcion,2024-05-23,2024-06-05,2024-06-19
Concepcion,2024-05-24,2024-06-06,2024-06-20
Concepcion,2024-05-25,2024-06-07,2024-06-21
Concepcion,2024-05-26,2024-06-08,2024-06-22
Concepcion,2024-05-27,2024-06-09,2024-06-23
Concepcion,2024-05-28,2024-06-10,2024-06-24
Concepcion,2024-05-29,2024-06-11,2024-06-25
Concepcion,2024-05-30,2024-06-12,2024-06-26
Concepcion,2024-05-31,2024-06-13,2024-06-27
Concepcion,2024-06-01,2024-06-14,2024-06-28
Concepcion,2024-06-02,2024-06-15,2024-06-29
Concepcion,2024-06-03,2024-06-16,2024-06-30
Concepcion,2024-06-04,2024-06-17,2024-07-01
Concepcion,2024-06-05,2024-06-18,2024-07-02
Concepcion,2024-06-06,2024-06-19,2024-07-03
Concepcion,2024-06-07,2024-06-20,2024-07-04
Concepcion,2024-06-08,2024-06-21,2024-07-05
Concepcion,2024-06-09,2024-06-22,2024-07-06
Concepcion,2024-06-10,2024-06-23,2024-07-07
Concepcion,2024-06-11,2024-06-24,2024-07-08
Concepcion,2024-06-12,2024-06-25,2024-07-09
Concepcion,2024-06-13,2024-06-26,2024-07-10
Concepcion,2024-06-14,2024-06-27,2024-07-11
Concepcion,2024-06-15,2024-06-28,2024-07-12
Concepcion,2024-06-16,2024-06-29,2024-07-13
Concepcion,2024-06-17,2024-06-30,2024-07-14
Concepcion,2024-06-18,2024-07-01,2024-07-15
Concepcion,2024-06-19,2024-07-02,2024-07-16
Concepcion,2024-06-20,2024-07-03,2024-07-17
Concepcion,2024-06-21,2024-07-04,2024-07-18
Concepcion,2024-06-22,2024-07-05,2024-07-19
Concepcion,2024-06-23,2024-07-06,2024-07-20
Concepcion,2024-06-24,2024-07-07,2024-07-21
Concepcion,2024-06-25,2024-07-08,2024-07-22
Concepcion,2024-06-26,2024-07-09,2024-07-23
Concepcion,2024-06-27,2024-07-10,2024-07-24
Concepcion,2024-06-28,2024-07-11,2024-07-25
Concepcion,2024-06-29,2024-07-12,2024-07-26
Concepcion,2024-06-30,2024-07-13,2024-07-27
Concepcion,2024-07-01,2024-07-14,2024-07-28
Concepcion,2024-07-02,2024-07-15,2024-07-29
Concepcion,2024-07-03,2024-07-16,2024-07-30
Concepcion,2024-07-04,2024-07-17,2024-07-31
Concepcion,2024-07-05,2024-07-18,2024-08-01
Concepcion,2024-07-06,2024-07-19,2024-08-02
Concepcion,2024-07-07,2024-07-20,2024-08-03
Concepcion,2024-07-08,2024-07-21,2024-08-04
Concepcion,2024-07-09,2024-07-22,2024-08-05
Concepcion,2024-07-10,2024-07-23,2024-08-06
Concepcion,2024-07-11,2024-07-24,2024-08-07
Concepcion,2024-07-12,2024-07-25,2024-08-08
Concepcion,2024-07-13,2024-07-26,2024-08-09
Concepcion,2024-07-14,2024-07-27,2024-08-10
Concepcion,2024-07-15,2024-07-28,2024-08-11
Concepcion,2024-07-16,2024-07-29,2024-08-12
Concepcion,2024-07-17,2024-07-30,2024-08-13
Concepcion,2024-07-18,2024-07-31,2024-08-14
Concepcion,2024-07-19,2024-08-01,2024-08-15
Concepcion,2024-07-20,2024-08-02,2024-08-16
Concepcion,2024-07-21,2024-08-03,2024-08-17
Concepcion,2024-07-22,2024-08-04,2024-08-18
Concepcion,2024-07-23,2024-08-05,2024-08-19
Concepcion,2024-07-24,2024-08-06,2024-08-20
Concepcion,2024-07-25,2024-08-07,2024-08-21
Concepcion,2024-07-26,2024-08-08,2024-08-22
Concepcion,2024-07-27,2024-08-09,2024-08-23
Concepcion,2024-07-28,2024-08-10,2024-08-24
Concepcion,2024-07-29,2024-08-11,2024-08-25
Concepcion,2024-07-30,2024-08-12,2024-08-26
Concepcion,2024-07-31,2024-08-13,2024-08-27
Concepcion,2024-08-01,2024-08-14,2024-08-28
Concepcion,2024-08-02,2024-08-15,2024-08-29
Concepcion,2024-08-03,2024-08-16,2024-08-30
Concepcion,2024-08-04,2024-08-17,2024-08-31
Concepcion,2024-08-05,2024-08-18,2024-09-01
Concepcion,2024-08-06,2024-08-19,2024-09-02
Concepcion,2024-08-07,2024-08-20,2024-09-03
Concepcion,2024-08-08,2024-08-21,2024-09-04
Concepcion,2024-08-09,2024-08-22,2024-09-05
Concepcion,2024-08-10,2024-08-23,2024-09-06
Concepcion,2024-08-11,2024-08-24,2024-09-07
Concepcion,2024-08-12,2024-08-25,2024-09-08
Concepcion,2024-08-13,2024-08-26,2024-09-09
Concepcion,2024-08-14,2024-08-27,2024-09-10
Concepcion,2024-08-15,2024-08-28,2024-09-11
Concepcion,2024-08-16,2024-08-29,2024-09-12
Concepcion,2024-08-17,2024-08-30,2024-09-13
Concepcion,2024-08-18,2024-08-31,2024-09-14
Concepcion,2024-08-19,2024-09-01,2024-09-15
Concepcion,2024-08-20,2024-09-02,2024-09-16
Concepcion,2024-08-21,2024-09-03,2024-09-17
Concepcion,2024-08-22,2024-09-04,2024-09-18
Concepcion,2024-08-23,2024-09-05,2024-09-19
Concepcion,2024-08-24,2024-09-06,2024-09-20
Concepcion,2024-08-25,2024-09-07,2024-09-21
Concepcion,2024-08-26,2024-09-08,2024-09-22
Concepcion,2024-08-27,2024-09-09,2024-09-23
Concepcion,2024-08-28,2024-09-10,2024-09-24
Concepcion,2024-08-29,2024-09-11,2024-09-25
Concepcion,2024-08-30,2024-09-12,2024-09-26
Concepcion,2024-08-31,2024-09-13,2024-09-27
Concepcion,2024-09-01,2024-09-14,2024-09-28
Concepcion,2024-09-02,2024-09-15,2024-09-29
Concepcion,2024-09-03,2024-09-16,2024-09-30
Concepcion,2024-09-04,2024-09-17,2024-10-01
Concepcion,2024-09-05,2024-09-18,2024-10-02
Concepcion,2024-09-06,2024-09-19,2024-10-03
Concepcion,2024-09-07,2024-09-20,2024-10-04
Concepcion,2024-09-08,2024-09-21,2024-10-05
Concepcion,2024-09-09,2024-09-22,2024-10-06
Concepcion,2024-09-10,2024-09-23,2024-10-07
Concepcion,2024-09-11,2024-09-24,2024-10-08
Concepcion,2024-09-12,2024-09-25,2024-10-09
Concepcion,2024-09-13,2024-09-26,2024-10-10
Concepcion,2024-09-14,2024-09-27,2024-10-11
Concepcion,2024-09-15,2024-09-28,2024-10-12
Concepcion,2024-09-16,2024-09-29,2024-10-13
Concepcion,2024-09-17,2024-09-30,2024-10-14
Concepcion,2024-09-18,2024-10-01,2024-10-15
Concepcion,2024-09-19,2024-10-02,2024-10-16
Concepcion,2024-09-20,2024-10-03,2024-10-17
Concepcion,2024-09-21,2024-10-04,2024-10-18
Concepcion,2024-09-22,2024-10-05,2024-10-19
Concepcion,2024-09-23,2024-10-06,2024-10-20
Concepcion,2024-09-24,2024-10-07,2024-10-21
Concepcion,2024-09-25,2024-10-08,2024-10-22
Concepcion,2024-09-26,2024-10-09,2024-10-23
Concepcion,2024-09-27,2024-10-10,2024-10-24
Concepcion,2024-09-28,2024-10-11,2024-10-25
Concepcion,2024-09-29,2024-10-12,2024-10-26
Concepcion,2024-09-30,2024-10-13,2024-10-27
Concepcion,2024-10-01,2024-10-14,2024-10-28
Concepcion,2024-10-02,2024-10-15,2024-10-29
Concepcion,2024-10-03,2024-10-16,2024-10-30
Concepcion,2024-10-04,2024-10-17,2024-10-31
Concepcion,2024-10-05,2024-10-18,2024-11-01
Concepcion,2024-10-06,2024-10-19,2024-11-02
Concepcion,2024-10-07,2024-10-20,2024-11-03
Concepcion,2024-10-08,2024-10-21,2024-11-04
Concepcion,2024-10-09,2024-10-22,2024-11-05
Concepcion,2024-10-10,2024-10-23,2024-11-06
Concepcion,2024-10-11,2024-10-24,2024-11-07
Concepcion,2024-10-12,2024-10-25,2024-11-08
Concepcion,2024-10-13,2024-10-26,2024-11-09
Concepcion,2024-10-14,2024-10-27,2024-11-10
Concepcion,2024-10-15,2024-10-28,2024-11-11
Concepcion,2024-10-16,2024-10-29,2024-11-12
Concepcion,2024-10-17,2024-10-30,2024-11-13
Concepcion,2024-10-18,2024-10-31,2024-11-14
Concepcion,2024-10-19,2024-11-01,2024-11-15
Concepcion,2024-10-20,2024-11-02,2024-11-16
Concepcion,2024-10-21,2024-11-03,2024-11-17
Concepcion,2024-10-22,2024-11-04,2024-11-18
Concepcion,2024-10-23,2024-11-05,2024-11-19
Concepcion,2024-10-24,2024-11-06,2024-11-20
Concepcion,2024-10-25,2024-11-07,2024-11-21
Concepcion,2024-10-26,2024-11-08,2024-11-22
Concepcion,2024-10-27,2024-11-09,2024-11-23
Concepcion,2024-10-28,2024-11-10,2024-11-24
Concepcion,2024-10-29,2024-11-11,2024-11-25
Concepcion,2024-10-30,2024-11-12,2024-11-26
Concepcion,2024-10-31,2024-11-13,2024-11-27
Concepcion,2024-11-01,2024-11-14,2024-11-28
Concepcion,2024-11-02,2024-11-15,2024-11-29
Concepcion,2024-11-03,2024-11-16,2024-11-30
Concepcion,2024-11-04,2024-11-17,2024-12-01
Concepcion,2024-11-05,2024-11-18,2024-12-02
Concepcion,2024-11-06,2024-11-19,2024-12-03
Concepcion,2024-11-07,2024-11-20,2024-12-04
Concepcion,2024-11-08,2024-11-21,2024-12-05
Concepcion,2024-11-09,2024-11-22,2024-12-06
Concepcion,2024-11-10,2024-11-23,2024-12-07
Concepcion,2024-11-11,2024-11-24,2024-12-08
Concepcion,2024-11-12,2024-11-25,2024-12-09
Concepcion,2024-11-13,2024-11-26,2024-12-10
Concepcion,2024-11-14,2024-11-27,2024-12-11
Concepcion,2024-11-15,2024-11-28,2024-12-12
Concepcion,2024-11-16,2024-11-29,2024-12-13
Concepcion,2024-11-17,2024-11-30,2024-12-14
Concepcion,2024-11-18,2024-12-01,2024-12-15
Concepcion,2024-11-19,2024-12-02,2024-12-16
Concepcion,2024-11-20,2024-12-03,2024-12-17
Concepcion,2024-11-21,2024-12-04,2024-12-18
Concepcion,2024-11-22,2024-12-05,2024-12-19
Concepcion,2024-11-23,2024-12-06,2024-12-20
Concepcion,2024-11-24,2024-12-07,2024-12-21
Concepcion,2024-11-25,2024-12-08,2024-12-22
Concepcion,2024-11-26,2024-12-09,2024-12-23
Concepcion,2024-11-27,2024-12-10,2024-12-24
Concepcion,2024-11-28,2024-12-11,2024-12-25
Concepcion,2024-11-29,2024-12-12,2024-12-26
Concepcion,2024-11-30,2024-12-13,2024-12-27
Concepcion,2024-12-01,2024-12-14,2024-12-28
Concepcion,2024-12-02,2024-12-15,2024-12-29
Concepcion,2024-12-03,2024-12-16,2024-12-30
Concepcion,2024-12-04,2024-12-17,2024-12-31
San Miguel,2019-01-01,2019-01-14,2019-01-28
San Miguel,2019-01-02,2019-01-15,2019-01-29
San Miguel,2019-01-03,2019-01-16,2019-01-30
San Miguel,2019-01-04,2019-01-17,2019-01-31
San Miguel,2019-01-05,2019-01-18,2019-02-01
San Miguel,2019-01-06,2019-01-19,2019-02-02
San Miguel,2019-01-07,2019-01-20,2019-02-03
San Miguel,2019-01-08,2019-01-21,2019-02-04
San Miguel,2019-01-09,2019-01-22,2019-02-05
San Miguel,2019-01-10,2019-01-23,2019-02-06
San Miguel,2019-01-11,2019-01-24,2019-02-07
San Miguel,2019-01-12,2019-01-25,2019-02-08
San Miguel,2019-01-13,2019-01-26,2019-02-09
San Miguel,2019-01-14,2019-01-27,2019-02-10
San Miguel,2019-01-15,2019-01-28,2019-02-11
San Miguel,2019-01-16,2019-01-29,2019-02-12
San Miguel,2019-01-17,2019-01-30,2019-02-13
San Miguel,2019-01-18,2019-01-31,2019-02-14
San Miguel,2019-01-19,2019-02-01,2019-02-15
San Miguel,2019-01-20,2019-02-02,2019-02-16
San Miguel,2019-01-21,2019-02-03,2019-02-17
San Miguel,2019-01-22,2019-02-04,2019-02-18
San Miguel,2019-01-23,2019-02-05,2019-02-19
San Miguel,2019-01-24,2019-02-06,2019-02-20
San Miguel,2019-01-25,2019-02-07,2019-02-21
San Miguel,2019-01-26,2019-02-08,2019-02-22
San Miguel,2019-01-27,2019-02-09,2019-02-23
San Miguel,2019-01-28,2019-02-10,2019-02-24
San Miguel,2019-01-29,2019-02-11,2019-02-25
San Miguel,2019-01-30,2019-02-12,2019-02-26
San Miguel,2019-01-31,2019-02-13,2019-02-27
San Miguel,2019-02-01,2019-02-14,2019-02-28
San Miguel,2019-02-02,2019-02-15,2019-03-01
San Miguel,2019-02-03,2019-02-16,2019-03-02
San Miguel,2019-02-04,2019-02-17,2019-03-03
San Miguel,2019-02-05,2019-02-18,2019-03-04
San Miguel,2019-02-06,2019-02-19,2019-03-05
San Miguel,2019-02-07,2019-02-20,2019-03-06
San Miguel,2019-02-08,2019-02-21,2019-03-07
San Miguel,2019-02-09,2019-02-22,2019-03-08
San Miguel,2019-02-10,2019-02-23,2019-03-09
San Miguel,2019-02-11,2019-02-24,2019-03-10
San Miguel,2019-02-12,2019-02-25,2019-03-11
San Miguel,2019-02-13,2019-02-26,2019-03-12
San Miguel,2019-02-14,2019-02-27,2019-03-13
San Miguel,2019-02-15,2019-02-28,2019-03-14
San Miguel,2019-02-16,2019-03-01,2019-03-15
San Miguel,2019-02-17,2019-03-02,2019-03-16
San Miguel,2019-02-18,2019-03-03,2019-03-17
San Miguel,2019-02-19,2019-03-04,2019-03-18
San Miguel,2019-02-20,2019-03-05,2019-03-19
San Miguel,2019-02-21,2019-03-06,2019-03-20
San Miguel,2019-02-22,2019-03-07,2019-03-21
San Miguel,2019-02-23,2019-03-08,2019-03-22
San Miguel,2019-02-24,2019-03-09,2019-03-23
San Miguel,2019-02-25,2019-03-10,2019-03-24
San Miguel,2019-02-26,2019-03-11,2019-03-25
San Miguel,2019-02-27,2019-03-12,2019-03-26
San Miguel,2019-02-28,2019-03-13,2019-03-27
San Miguel,2019-03-01,2019-03-14,2019-03-28
San Miguel,2019-03-02,2019-03-15,2019-03-29
San Miguel,2019-03-03,2019-03-16,2019-03-30
San Miguel,2019-03-04,2019-03-17,2019-03-31
San Miguel,2019-03-05,2019-03-18,2019-04-01
San Miguel,2019-03-06,2019-03-19,2019-04-02
San Miguel,2019-03-07,2019-03-20,2019-04-03
San Miguel,2019-03-08,2019-03-21,2019-04-04
San Miguel,2019-03-09,2019-03-22,2019-04-05
San Miguel,2019-03-10,2019-03-23,2019-04-06
San Miguel,2019-03-11,2019-03-24,2019-04-07
San Miguel,2019-03-12,2019-03-25,2019-04-08
San Miguel,2019-03-13,2019-03-26,2019-04-09
San Miguel,2019-03-14,2019-03-27,2019-04-10
San Miguel,2019-03-15,2019-03-28,2019-04-11
San Miguel,2019-03-16,2019-03-29,2019-04-12
San Miguel,2019-03-17,2019-03-30,2019-04-13
San Miguel,2019-03-18,2019-03-31,2019-04-14
San Miguel,2019-03-19,2019-04-01,2019-04-15
San Miguel,2019-03-20,2019-04-02,2019-04-16
San Miguel,2019-03-21,2019-04-03,2019-04-17
San Miguel,2019-03-22,2019-04-04,2019-04-18
San Miguel,2019-03-23,2019-04-05,2019-04-19
San Miguel,2019-03-24,2019-04-06,2019-04-20
San Miguel,2019-03-25,2019-04-07,2019-04-21
San Miguel,2019-03-26,2019-04-08,2019-04-22
San Miguel,2019-03-27,2019-04-09,2019-04-23
San Miguel,2019-03-28,2019-04-10,2019-04-24
San Miguel,2019-03-29,2019-04-11,2019-04-25
San Miguel,2019-03-30,2019-04-12,2019-04-26
San Miguel,2019-03-31,2019-04-13,2019-04-27
San Miguel,2019-04-01,2019-04-14,2019-04-28
San Miguel,2019-04-02,2019-04-15,2019-04-29
San Miguel,2019-04-03,2019-04-16,2019-04-30
San Miguel,2019-04-04,2019-04-17,2019-05-01
San Miguel,2019-04-05,2019-04-18,2019-05-02
San Miguel,2019-04-06,2019-04-19,2019-05-03
San Miguel,2019-04-07,2019-04-20,2019-05-04
San Miguel,2019-04-08,2019-04-21,2019-05-05
San Miguel,2019-04-09,2019-04-22,2019-05-06
San Miguel,2019-04-10,2019-04-23,2019-05-07
San Miguel,2019-04-11,2019-04-24,2019-05-08
San Miguel,2019-04-12,2019-04-25,2019-05-09
San Miguel,2019-04-13,2019-04-26,2019-05-10
San Miguel,2019-04-14,2019-04-27,2019-05-11
San Miguel,2019-04-15,2019-04-28,2019-05-12
San Miguel,2019-04-16,2019-04-29,2019-05-13
San Miguel,2019-04-17,2019-04-30,2019-05-14
San Miguel,2019-04-18,2019-05-01,2019-05-15
San Miguel,2019-04-19,2019-05-02,2019-05-16
San Miguel,2019-04-20,2019-05-03,2019-05-17
San Miguel,2019-04-21,2019-05-04,2019-05-18
San Miguel,2019-04-22,2019-05-05,2019-05-19
San Miguel,2019-04-23,2019-05-06,2019-05-20
San Miguel,2019-04-24,2019-05-07,2019-05-21
San Miguel,2019-04-25,2019-05-08,2019-05-22
San Miguel,2019-04-26,2019-05-09,2019-05-23
San Miguel,2019-04-27,2019-05-10,2019-05-24
San Miguel,2019-04-28,2019-05-11,2019-05-25
San Miguel,2019-04-29,2019-05-12,2019-05-26
San Miguel,2019-04-30,2019-05-13,2019-05-27
San Miguel,2019-05-01,2019-05-14,2019-05-28
San Miguel,2019-05-02,2019-05-15,2019-05-29
San Miguel,2019-05-03,2019-05-16,2019-05-30
San Miguel,2019-05-04,2019-05-17,2019-05-31
San Miguel,2019-05-05,2019-05-18,2019-06-01
San Miguel,2019-05-06,2019-05-19,2019-06-02
San Miguel,2019-05-07,2019-05-20,2019-06-03
San Miguel,2019-05-08,2019-05-21,2019-06-04
San Miguel,2019-05-09,2019-05-22,2019-06-05
San Miguel,2019-05-10,2019-05-23,2019-06-06
San Miguel,2019-05-11,2019-05-24,2019-06-07
San Miguel,2019-05-12,2019-05-25,2019-06-08
San Miguel,2019-05-13,2019-05-26,2019-06-09
San Miguel,2019-05-14,2019-05-27,2019-06-10
San Miguel,2019-05-15,2019-05-28,2019-06-11
San Miguel,2019-05-16,2019-05-29,2019-06-12
San Miguel,2019-05-17,2019-05-30,2019-06-13
San Miguel,2019-05-18,2019-05-31,2019-06-14
San Miguel,2019-05-19,2019-06-01,2019-06-15
San Miguel,2019-05-20,2019-06-02,2019-06-16
San Miguel,2019-05-21,2019-06-03,2019-06-17
San Miguel,2019-05-22,2019-06-04,2019-06-18
San Miguel,2019-05-23,2019-06-05,2019-06-19
San Miguel,2019-05-24,2019-06-06,2019-06-20
San Miguel,2019-05-25,2019-06-07,2019-06-21
San Miguel,2019-05-26,2019-06-08,2019-06-22
San Miguel,2019-05-27,2019-06-09,2019-06-23
San Miguel,2019-05-28,2019-06-10,2019-06-24
San Miguel,2019-05-29,2019-06-11,2019-06-25
San Miguel,2019-05-30,2019-06-12,2019-06-26
San Miguel,2019-05-31,2019-06-13,2019-06-27
San Miguel,2019-06-01,2019-06-14,2019-06-28
San Miguel,2019-06-02,2019-06-15,2019-06-29
San Miguel,2019-06-03,2019-06-16,2019-06-30
San Miguel,2019-06-04,2019-06-17,2019-07-01
San Miguel,2019-06-05,2019-06-18,2019-07-02
San Miguel,2019-06-06,2019-06-19,2019-07-03
San Miguel,2019-06-07,2019-06-20,2019-07-04
San Miguel,2019-06-08,2019-06-21,2019-07-05
San Miguel,2019-06-09,2019-06-22,2019-07-06
San Miguel,2019-06-10,2019-06-23,2019-07-07
San Miguel,2019-06-11,2019-06-24,2019-07-08
San Miguel,2019-06-12,2019-06-25,2019-07-09
San Miguel,2019-06-13,2019-06-26,2019-07-10
San Miguel,2019-06-14,2019-06-27,2019-07-11
San Miguel,2019-06-15,2019-06-28,2019-07-12
San Miguel,2019-06-16,2019-06-29,2019-07-13
San Miguel,2019-06-17,2019-06-30,2019-07-14
San Miguel,2019-06-18,2019-07-01,2019-07-15
San Miguel,2019-06-19,2019-07-02,2019-07-16
San Miguel,2019-06-20,2019-07-03,2019-07-17
San Miguel,2019-06-21,2019-07-04,2019-07-18
San Miguel,2019-06-22,2019-07-05,2019-07-19
San Miguel,2019-06-23,2019-07-06,2019-07-20
San Miguel,2019-06-24,2019-07-07,2019-07-21
San Miguel,2019-06-25,2019-07-08,2019-07-22
San Miguel,2019-06-26,2019-07-09,2019-07-23
San Miguel,2019-06-27,2019-07-10,2019-07-24
San Miguel,2019-06-28,2019-07-11,2019-07-25
San Miguel,2019-06-29,2019-07-12,2019-07-26
San Miguel,2019-06-30,2019-07-13,2019-07-27
San Miguel,2019-07-01,2019-07-14,2019-07-28
San Miguel,2019-07-02,2019-07-15,2019-07-29
San Miguel,2019-07-03,2019-07-16,2019-07-30
San Miguel,2019-07-04,2019-07-17,2019-07-31
San Miguel,2019-07-05,2019-07-18,2019-08-01
San Miguel,2019-07-06,2019-07-19,2019-08-02
San Miguel,2019-07-07,2019-07-20,2019-08-03
San Miguel,2019-07-08,2019-07-21,2019-08-04
San Miguel,2019-07-09,2019-07-22,2019-08-05
San Miguel,2019-07-10,2019-07-23,2019-08-06
San Miguel,2019-07-11,2019-07-24,2019-08-07
San Miguel,2019-07-12,2019-07-25,2019-08-08
San Miguel,2019-07-13,2019-07-26,2019-08-09
San Miguel,2019-07-14,2019-07-27,2019-08-10
San Miguel,2019-07-15,2019-07-28,2019-08-11
San Miguel,2019-07-16,2019-07-29,2019-08-12
San Miguel,2019-07-17,2019-07-30,2019-08-13
San Miguel,2019-07-18,2019-07-31,2019-08-14
San Miguel,2019-07-19,2019-08-01,2019-08-15
San Miguel,2019-07-20,2019-08-02,2019-08-16
San Miguel,2019-07-21,2019-08-03,2019-08-17
San Miguel,2019-07-22,2019-08-04,2019-08-18
San Miguel,2019-07-23,2019-08-05,2019-08-19
San Miguel,2019-07-24,2019-08-06,2019-08-20
San Miguel,2019-07-25,2019-08-07,2019-08-21
San Miguel,2019-07-26,2019-08-08,2019-08-22
San Miguel,2019-07-27,2019-08-09,2019-08-23
San Miguel,2019-07-28,2019-08-10,2019-08-24
San Miguel,2019-07-29,2019-08-11,2019-08-25
San Miguel,2019-07-30,2019-08-12,2019-08-26
San Miguel,2019-07-31,2019-08-13,2019-08-27
San Miguel,2019-08-01,2019-08-14,2019-08-28
San Miguel,2019-08-02,2019-08-15,2019-08-29
San Miguel,2019-08-03,2019-08-16,2019-08-30
San Miguel,2019-08-04,2019-08-17,2019-08-31
San Miguel,2019-08-05,2019-08-18,2019-09-01
San Miguel,2019-08-06,2019-08-19,2019-09-02
San Miguel,2019-08-07,2019-08-20,2019-09-03
San Miguel,2019-08-08,2019-08-21,2019-09-04
San Miguel,2019-08-09,2019-08-22,2019-09-05
San Miguel,2019-08-10,2019-08-23,2019-09-06
San Miguel,2019-08-11,2019-08-24,2019-09-07
San Miguel,2019-08-12,2019-08-25,2019-09-08
San Miguel,2019-08-13,2019-08-26,2019-09-09
San Miguel,2019-08-14,2019-08-27,2019-09-10
San Miguel,2019-08-15,2019-08-28,2019-09-11
San Miguel,2019-08-16,2019-08-29,2019-09-12
San Miguel,2019-08-17,2019-08-30,2019-09-13
San Miguel,2019-08-18,2019-08-31,2019-09-14
San Miguel,2019-08-19,2019-09-01,2019-09-15
San Miguel,2019-08-20,2019-09-02,2019-09-16
San Miguel,2019-08-21,2019-09-03,2019-09-17
San Miguel,2019-08-22,2019-09-04,2019-09-18
San Miguel,2019-08-23,2019-09-05,2019-09-19
San Miguel,2019-08-24,2019-09-06,2019-09-20
San Miguel,2019-08-25,2019-09-07,2019-09-21
San Miguel,2019-08-26,2019-09-08,2019-09-22
San Miguel,2019-08-27,2019-09-09,2019-09-23
San Miguel,2019-08-28,2019-09-10,2019-09-24
San Miguel,2019-08-29,2019-09-11,2019-09-25
San Miguel,2019-08-30,2019-09-12,2019-09-26
San Miguel,2019-08-31,2019-09-13,2019-09-27
San Miguel,2019-09-01,2019-09-14,2019-09-28
San Miguel,2019-09-02,2019-09-15,2019-09-29
San Miguel,2019-09-03,2019-09-16,2019-09-30
San Miguel,2019-09-04,2019-09-17,2019-10-01
San Miguel,2019-09-05,2019-09-18,2019-10-02
San Miguel,2019-09-06,2019-09-19,2019-10-03
San Miguel,2019-09-07,2019-09-20,2019-10-04
San Miguel,2019-09-08,2019-09-21,2019-10-05
San Miguel,2019-09-09,2019-09-22,2019-10-06
San Miguel,2019-09-10,2019-09-23,2019-10-07
San Miguel,2019-09-11,2019-09-24,2019-10-08
San Miguel,2019-09-12,2019-09-25,2019-10-09
San Miguel,2019-09-13,2019-09-26,2019-10-10
San Miguel,2019-09-14,2019-09-27,2019-10-11
San Miguel,2019-09-15,2019-09-28,2019-10-12
San Miguel,2019-09-16,2019-09-29,2019-10-13
San Miguel,2019-09-17,2019-09-30,2019-10-14
San Miguel,2019-09-18,2019-10-01,2019-10-15
San Miguel,2019-09-19,2019-10-02,2019-10-16
San Miguel,2019-09-20,2019-10-03,2019-10-17
San Miguel,2019-09-21,2019-10-04,2019-10-18
San Miguel,2019-09-22,2019-10-05,2019-10-19
San Miguel,2019-09-23,2019-10-06,2019-10-20
San Miguel,2019-09-24,2019-10-07,2019-10-21
San Miguel,2019-09-25,2019-10-08,2019-10-22
San Miguel,2019-09-26,2019-10-09,2019-10-23
San Miguel,2019-09-27,2019-10-10,2019-10-24
San Miguel,2019-09-28,2019-10-11,2019-10-25
San Miguel,2019-09-29,2019-10-12,2019-10-26
San Miguel,2019-09-30,2019-10-13,2019-10-27
San Miguel,2019-10-01,2019-10-14,2019-10-28
San Miguel,2019-10-02,2019-10-15,2019-10-29
San Miguel,2019-10-03,2019-10-16,2019-10-30
San Miguel,2019-10-04,2019-10-17,2019-10-31
San Miguel,2019-10-05,2019-10-18,2019-11-01
San Miguel,2019-10-06,2019-10-19,2019-11-02
San Miguel,2019-10-07,2019-10-20,2019-11-03
San Miguel,2019-10-08,2019-10-21,2019-11-04
San Miguel,2019-10-09,2019-10-22,2019-11-05
San Miguel,2019-10-10,2019-10-23,2019-11-06
San Miguel,2019-10-11,2019-10-24,2019-11-07
San Miguel,2019-10-12,2019-10-25,2019-11-08
San Miguel,2019-10-13,2019-10-26,2019-11-09
San Miguel,2019-10-14,2019-10-27,2019-11-10
San Miguel,2019-10-15,2019-10-28,2019-11-11
San Miguel,2019-10-16,2019-10-29,2019-11-12
San Miguel,2019-10-17,2019-10-30,2019-11-13
San Miguel,2019-10-18,2019-10-31,2019-11-14
San Miguel,2019-10-19,2019-11-01,2019-11-15
San Miguel,2019-10-20,2019-11-02,2019-11-16
San Miguel,2019-10-21,2019-11-03,2019-11-17
San Miguel,2019-10-22,2019-11-04,2019-11-18
San Miguel,2019-10-23,2019-11-05,2019-11-19
San Miguel,2019-10-24,2019-11-06,2019-11-20
San Miguel,2019-10-25,2019-11-07,2019-11-21
San Miguel,2019-10-26,2019-11-08,2019-11-22
San Miguel,2019-10-27,2019-11-09,2019-11-23
San Miguel,2019-10-28,2019-11-10,2019-11-24
San Miguel,2019-10-29,2019-11-11,2019-11-25
San Miguel,2019-10-30,2019-11-12,2019-11-26
San Miguel,2019-10-31,2019-11-13,2019-11-27
San Miguel,2019-11-01,2019-11-14,2019-11-28
San Miguel,2019-11-02,2019-11-15,2019-11-29
San Miguel,2019-11-03,2019-11-16,2019-11-30
San Miguel,2019-11-04,2019-11-17,2019-12-01
San Miguel,2019-11-05,2019-11-18,2019-12-02
San Miguel,2019-11-06,2019-11-19,2019-12-03
San Miguel,2019-11-07,2019-11-20,2019-12-04
San Miguel,2019-11-08,2019-11-21,2019-12-05
San Miguel,2019-11-09,2019-11-22,2019-12-06
San Miguel,2019-11-10,2019-11-23,2019-12-07
San Miguel,2019-11-11,2019-11-24,2019-12-08
San Miguel,2019-11-12,2019-11-25,2019-12-09
San Miguel,2019-11-13,2019-11-26,2019-12-10
San Miguel,2019-11-14,2019-11-27,2019-12-11
San Miguel,2019-11-15,2019-11-28,2019-12-12
San Miguel,2019-11-16,2019-11-29,2019-12-13
San Miguel,2019-11-17,2019-11-30,2019-12-14
San Miguel,2019-11-18,2019-12-01,2019-12-15
San Miguel,2019-11-19,2019-12-02,2019-12-16
San Miguel,2019-11-20,2019-12-03,2019-12-17
San Miguel,2019-11-21,2019-12-04,2019-12-18
San Miguel,2019-11-22,2019-12-05,2019-12-19
San Miguel,2019-11-23,2019-12-06,2019-12-20
San Miguel,2019-11-24,2019-12-07,2019-12-21
San Miguel,2019-11-25,2019-12-08,2019-12-22
San Miguel,2019-11-26,2019-12-09,2019-12-23
San Miguel,2019-11-27,2019-12-10,2019-12-24
San Miguel,2019-11-28,2019-12-11,2019-12-25
San Miguel,2019-11-29,2019-12-12,2019-12-26
San Miguel,2019-11-30,2019-12-13,2019-12-27
San Miguel,2019-12-01,2019-12-14,2019-12-28
San Miguel,2019-12-02,2019-12-15,2019-12-29
San Miguel,2019-12-03,2019-12-16,2019-12-30
San Miguel,2019-12-04,2019-12-17,2019-12-31
San Miguel,2019-12-05,2019-12-18,2020-01-01
San Miguel,2019-12-06,2019-12-19,2020-01-02
San Miguel,2019-12-07,2019-12-20,2020-01-03
San Miguel,2019-12-08,2019-12-21,2020-01-04
San Miguel,2019-12-09,2019-12-22,2020-01-05
San Miguel,2019-12-10,2019-12-23,2020-01-06
San Miguel,2019-12-11,2019-12-24,2020-01-07
San Miguel,2019-12-12,2019-12-25,2020-01-08
San Miguel,2019-12-13,2019-12-26,2020-01-09
San Miguel,2019-12-14,2019-12-27,2020-01-10
San Miguel,2019-12-15,2019-12-28,2020-01-11
San Miguel,2019-12-16,2019-12-29,2020-01-12
San Miguel,2019-12-17,2019-12-30,2020-01-13
San Miguel,2019-12-18,2019-12-31,2020-01-14
San Miguel,2019-12-19,2020-01-01,2020-01-15
San Miguel,2019-12-20,2020-01-02,2020-01-16
San Miguel,2019-12-21,2020-01-03,2020-01-17
San Miguel,2019-12-22,2020-01-04,2020-01-18
San Miguel,2019-12-23,2020-01-05,2020-01-19
San Miguel,2019-12-24,2020-01-06,2020-01-20
San Miguel,2019-12-25,2020-01-07,2020-01-21
San Miguel,2019-12-26,2020-01-08,2020-01-22
San Miguel,2019-12-27,2020-01-09,2020-01-23
San Miguel,2019-12-28,2020-01-10,2020-01-24
San Miguel,2019-12-29,2020-01-11,2020-01-25
San Miguel,2019-12-30,2020-01-12,2020-01-26
San Miguel,2019-12-31,2020-01-13,2020-01-27
San Miguel,2020-01-01,2020-01-14,2020-01-28
San Miguel,2020-01-02,2020-01-15,2020-01-29
San Miguel,2020-01-03,2020-01-16,2020-01-30
San Miguel,2020-01-04,2020-01-17,2020-01-31
San Miguel,2020-01-05,2020-01-18,2020-02-01
San Miguel,2020-01-06,2020-01-19,2020-02-02
San Miguel,2020-01-07,2020-01-20,2020-02-03
San Miguel,2020-01-08,2020-01-21,2020-02-04
San Miguel,2020-01-09,2020-01-22,2020-02-05
San Miguel,2020-01-10,2020-01-23,2020-02-06
San Miguel,2020-01-11,2020-01-24,2020-02-07
San Miguel,2020-01-12,2020-01-25,2020-02-08
San Miguel,2020-01-13,2020-01-26,2020-02-09
San Miguel,2020-01-14,2020-01-27,2020-02-10
San Miguel,2020-01-15,2020-01-28,2020-02-11
San Miguel,2020-01-16,2020-01-29,2020-02-12
San Miguel,2020-01-17,2020-01-30,2020-02-13
San Miguel,2020-01-18,2020-01-31,2020-02-14
San Miguel,2020-01-19,2020-02-01,2020-02-15
San Miguel,2020-01-20,2020-02-02,2020-02-16
San Miguel,2020-01-21,2020-02-03,2020-02-17
San Miguel,2020-01-22,2020-02-04,2020-02-18
San Miguel,2020-01-23,2020-02-05,2020-02-19
San Miguel,2020-01-24,2020-02-06,2020-02-20
San Miguel,2020-01-25,2020-02-07,2020-02-21
San Miguel,2020-01-26,2020-02-08,2020-02-22
San Miguel,2020-01-27,2020-02-09,2020-02-23
San Miguel,2020-01-28,2020-02-10,2020-02-24
San Miguel,2020-01-29,2020-02-11,2020-02-25
San Miguel,2020-01-30,2020-02-12,2020-02-26
San Miguel,2020-01-31,2020-02-13,2020-02-27
San Miguel,2020-02-01,2020-02-14,2020-02-28
San Miguel,2020-02-02,2020-02-15,2020-02-29
San Miguel,2020-02-03,2020-02-16,2020-03-01
San Miguel,2020-02-04,2020-02-17,2020-03-02
San Miguel,2020-02-05,2020-02-18,2020-03-03
San Miguel,2020-02-06,2020-02-19,2020-03-04
San Miguel,2020-02-07,2020-02-20,2020-03-05
San Miguel,2020-02-08,2020-02-21,2020-03-06
San Miguel,2020-02-09,2020-02-22,2020-03-07
San Miguel,2020-02-10,2020-02-23,2020-03-08
San Miguel,2020-02-11,2020-02-24,2020-03-09
San Miguel,2020-02-12,2020-02-25,2020-03-10
San Miguel,2020-02-13,2020-02-26,2020-03-11
San Miguel,2020-02-14,2020-02-27,2020-03-12
San Miguel,2020-02-15,2020-02-28,2020-03-13
San Miguel,2020-02-16,2020-02-29,2020-03-14
San Miguel,2020-02-17,2020-03-01,2020-03-15
San Miguel,2020-02-18,2020-03-02,2020-03-16
San Miguel,2020-02-19,2020-03-03,2020-03-17
San Miguel,2020-02-20,2020-03-04,2020-03-18
San Miguel,2020-02-21,2020-03-05,2020-03-19
San Miguel,2020-02-22,2020-03-06,2020-03-20
San Miguel,2020-02-23,2020-03-07,2020-03-21
San Miguel,2020-02-24,2020-03-08,2020-03-22
San Miguel,2020-02-25,2020-03-09,2020-03-23
San Miguel,2020-02-26,2020-03-10,2020-03-24
San Miguel,2020-02-27,2020-03-11,2020-03-25
San Miguel,2020-02-28,2020-03-12,2020-03-26
San Miguel,2020-02-29,2020-03-13,2020-03-27
San Miguel,2020-03-01,2020-03-14,2020-03-28
San Miguel,2020-03-02,2020-03-15,2020-03-29
San Miguel,2020-03-03,2020-03-16,2020-03-30
San Miguel,2020-03-04,2020-03-17,2020-03-31
San Miguel,2020-03-05,2020-03-18,2020-04-01
San Miguel,2020-03-06,2020-03-19,2020-04-02
San Miguel,2020-03-07,2020-03-20,2020-04-03
San Miguel,2020-03-08,2020-03-21,2020-04-04
San Miguel,2020-03-09,2020-03-22,2020-04-05
San Miguel,2020-03-10,2020-03-23,2020-04-06
San Miguel,2020-03-11,2020-03-24,2020-04-07
San Miguel,2020-03-12,2020-03-25,2020-04-08
San Miguel,2020-03-13,2020-03-26,2020-04-09
San Miguel,2020-03-14,2020-03-27,2020-04-10
San Miguel,2020-03-15,2020-03-28,2020-04-11
San Miguel,2020-03-16,2020-03-29,2020-04-12
San Miguel,2020-03-17,2020-03-30,2020-04-13
San Miguel,2020-03-18,2020-03-31,2020-04-14
San Miguel,2020-03-19,2020-04-01,2020-04-15
San Miguel,2020-03-20,2020-04-02,2020-04-16
San Miguel,2020-03-21,2020-04-03,2020-04-17
San Miguel,2020-03-22,2020-04-04,2020-04-18
San Miguel,2020-03-23,2020-04-05,2020-04-19
San Miguel,2020-03-24,2020-04-06,2020-04-20
San Miguel,2020-03-25,2020-04-07,2020-04-21
San Miguel,2020-03-26,2020-04-08,2020-04-22
San Miguel,2020-03-27,2020-04-09,2020-04-23
San Miguel,2020-03-28,2020-04-10,2020-04-24
San Miguel,2020-03-29,2020-04-11,2020-04-25
San Miguel,2020-03-30,2020-04-12,2020-04-26
San Miguel,2020-03-31,2020-04-13,2020-04-27
San Miguel,2020-04-01,2020-04-14,2020-04-28
San Miguel,2020-04-02,2020-04-15,2020-04-29
San Miguel,2020-04-03,2020-04-16,2020-04-30
San Miguel,2020-04-04,2020-04-17,2020-05-01
San Miguel,2020-04-05,2020-04-18,2020-05-02
San Miguel,2020-04-06,2020-04-19,2020-05-03
San Miguel,2020-04-07,2020-04-20,2020-05-04
San Miguel,2020-04-08,2020-04-21,2020-05-05
San Miguel,2020-04-09,2020-04-22,2020-05-06
San Miguel,2020-04-10,2020-04-23,2020-05-07
San Miguel,2020-04-11,2020-04-24,2020-05-08
San Miguel,2020-04-12,2020-04-25,2020-05-09
San Miguel,2020-04-13,2020-04-26,2020-05-10
San Miguel,2020-04-14,2020-04-27,2020-05-11
San Miguel,2020-04-15,2020-04-28,2020-05-12
San Miguel,2020-04-16,2020-04-29,2020-05-13
San Miguel,2020-04-17,2020-04-30,2020-05-14
San Miguel,2020-04-18,2020-05-01,2020-05-15
San Miguel,2020-04-19,2020-05-02,2020-05-16
San Miguel,2020-04-20,2020-05-03,2020-05-17
San Miguel,2020-04-21,2020-05-04,2020-05-18
San Miguel,2020-04-22,2020-05-05,2020-05-19
San Miguel,2020-04-23,2020-05-06,2020-05-20
San Miguel,2020-04-24,2020-05-07,2020-05-21
San Miguel,2020-04-25,2020-05-08,2020-05-22
San Miguel,2020-04-26,2020-05-09,2020-05-23
San Miguel,2020-04-27,2020-05-10,2020-05-24
San Miguel,2020-04-28,2020-05-11,2020-05-25
San Miguel,2020-04-29,2020-05-12,2020-05-26
San Miguel,2020-04-30,2020-05-13,2020-05-27
San Miguel,2020-05-01,2020-05-14,2020-05-28
San Miguel,2020-05-02,2020-05-15,2020-05-29
San Miguel,2020-05-03,2020-05-16,2020-05-30
San Miguel,2020-05-04,2020-05-17,2020-05-31
San Miguel,2020-05-05,2020-05-18,2020-06-01
San Miguel,2020-05-06,2020-05-19,2020-06-02
San Miguel,2020-05-07,2020-05-20,2020-06-03
San Miguel,2020-05-08,2020-05-21,2020-06-04
San Miguel,2020-05-09,2020-05-22,2020-06-05
San Miguel,2020-05-10,2020-05-23,2020-06-06
San Miguel,2020-05-11,2020-05-24,2020-06-07
San Miguel,2020-05-12,2020-05-25,2020-06-08
San Miguel,2020-05-13,2020-05-26,2020-06-09
San Miguel,2020-05-14,2020-05-27,2020-06-10
San Miguel,2020-05-15,2020-05-28,2020-06-11
San Miguel,2020-05-16,2020-05-29,2020-06-12
San Miguel,2020-05-17,2020-05-30,2020-06-13
San Miguel,2020-05-18,2020-05-31,2020-06-14
San Miguel,2020-05-19,2020-06-01,2020-06-15
San Miguel,2020-05-20,2020-06-02,2020-06-16
San Miguel,2020-05-21,2020-06-03,2020-06-17
San Miguel,2020-05-22,2020-06-04,2020-06-18
San Miguel,2020-05-23,2020-06-05,2020-06-19
San Miguel,2020-05-24,2020-06-06,2020-06-20
San Miguel,2020-05-25,2020-06-07,2020-06-21
San Miguel,2020-05-26,2020-06-08,2020-06-22
San Miguel,2020-05-27,2020-06-09,2020-06-23
San Miguel,2020-05-28,2020-06-10,2020-06-24
San Miguel,2020-05-29,2020-06-11,2020-06-25
San Miguel,2020-05-30,2020-06-12,2020-06-26
San Miguel,2020-05-31,2020-06-13,2020-06-27
San Miguel,2020-06-01,2020-06-14,2020-06-28
San Miguel,2020-06-02,2020-06-15,2020-06-29
San Miguel,2020-06-03,2020-06-16,2020-06-30
San Miguel,2020-06-04,2020-06-17,2020-07-01
San Miguel,2020-06-05,2020-06-18,2020-07-02
San Miguel,2020-06-06,2020-06-19,2020-07-03
San Miguel,2020-06-07,2020-06-20,2020-07-04
San Miguel,2020-06-08,2020-06-21,2020-07-05
San Miguel,2020-06-09,2020-06-22,2020-07-06
San Miguel,2020-06-10,2020-06-23,2020-07-07
San Miguel,2020-06-11,2020-06-24,2020-07-08
San Miguel,2020-06-12,2020-06-25,2020-07-09
San Miguel,2020-06-13,2020-06-26,2020-07-10
San Miguel,2020-06-14,2020-06-27,2020-07-11
San Miguel,2020-06-15,2020-06-28,2020-07-12
San Miguel,2020-06-16,2020-06-29,2020-07-13
San Miguel,2020-06-17,2020-06-30,2020-07-14
San Miguel,2020-06-18,2020-07-01,2020-07-15
San Miguel,2020-06-19,2020-07-02,2020-07-16
San Miguel,2020-06-20,2020-07-03,2020-07-17
San Miguel,2020-06-21,2020-07-04,2020-07-18
San Miguel,2020-06-22,2020-07-05,2020-07-19
San Miguel,2020-06-23,2020-07-06,2020-07-20
San Miguel,2020-06-24,2020-07-07,2020-07-21
San Miguel,2020-06-25,2020-07-08,2020-07-22
San Miguel,2020-06-26,2020-07-09,2020-07-23
San Miguel,2020-06-27,2020-07-10,2020-07-24
San Miguel,2020-06-28,2020-07-11,2020-07-25
San Miguel,2020-06-29,2020-07-12,2020-07-26
San Miguel,2020-06-30,2020-07-13,2020-07-27
San Miguel,2020-07-01,2020-07-14,2020-07-28
San Miguel,2020-07-02,2020-07-15,2020-07-29
San Miguel,2020-07-03,2020-07-16,2020-07-30
San Miguel,2020-07-04,2020-07-17,2020-07-31
San Miguel,2020-07-05,2020-07-18,2020-08-01
San Miguel,2020-07-06,2020-07-19,2020-08-02
San Miguel,2020-07-07,2020-07-20,2020-08-03
San Miguel,2020-07-08,2020-07-21,2020-08-04
San Miguel,2020-07-09,2020-07-22,2020-08-05
San Miguel,2020-07-10,2020-07-23,2020-08-06
San Miguel,2020-07-11,2020-07-24,2020-08-07
San Miguel,2020-07-12,2020-07-25,2020-08-08
San Miguel,2020-07-13,2020-07-26,2020-08-09
San Miguel,2020-07-14,2020-07-27,2020-08-10
San Miguel,2020-07-15,2020-07-28,2020-08-11
San Miguel,2020-07-16,2020-07-29,2020-08-12
San Miguel,2020-07-17,2020-07-30,2020-08-13
San Miguel,2020-07-18,2020-07-31,2020-08-14
San Miguel,2020-07-19,2020-08-01,2020-08-15
San Miguel,2020-07-20,2020-08-02,2020-08-16
San Miguel,2020-07-21,2020-08-03,2020-08-17
San Miguel,2020-07-22,2020-08-04,2020-08-18
San Miguel,2020-07-23,2020-08-05,2020-08-19
San Miguel,2020-07-24,2020-08-06,2020-08-20
San Miguel,2020-07-25,2020-08-07,2020-08-21
San Miguel,2020-07-26,2020-08-08,2020-08-22
San Miguel,2020-07-27,2020-08-09,2020-08-23
San Miguel,2020-07-28,2020-08-10,2020-08-24
San Miguel,2020-07-29,2020-08-11,2020-08-25
San Miguel,2020-07-30,2020-08-12,2020-08-26
San Miguel,2020-07-31,2020-08-13,2020-08-27
San Miguel,2020-08-01,2020-08-14,2020-08-28
San Miguel,2020-08-02,2020-08-15,2020-08-29
San Miguel,2020-08-03,2020-08-16,2020-08-30
San Miguel,2020-08-04,2020-08-17,2020-08-31
San Miguel,2020-08-05,2020-08-18,2020-09-01
San Miguel,2020-08-06,2020-08-19,2020-09-02
San Miguel,2020-08-07,2020-08-20,2020-09-03
San Miguel,2020-08-08,2020-08-21,2020-09-04
San Miguel,2020-08-09,2020-08-22,2020-09-05
San Miguel,2020-08-10,2020-08-23,2020-09-06
San Miguel,2020-08-11,2020-08-24,2020-09-07
San Miguel,2020-08-12,2020-08-25,2020-09-08
San Miguel,2020-08-13,2020-08-26,2020-09-09
San Miguel,2020-08-14,2020-08-27,2020-09-10
San Miguel,2020-08-15,2020-08-28,2020-09-11
San Miguel,2020-08-16,2020-08-29,2020-09-12
San Miguel,2020-08-17,2020-08-30,2020-09-13
San Miguel,2020-08-18,2020-08-31,2020-09-14
San Miguel,2020-08-19,2020-09-01,2020-09-15
San Miguel,2020-08-20,2020-09-02,2020-09-16
San Miguel,2020-08-21,2020-09-03,2020-09-17
San Miguel,2020-08-22,2020-09-04,2020-09-18
San Miguel,2020-08-23,2020-09-05,2020-09-19
San Miguel,2020-08-24,2020-09-06,2020-09-20
San Miguel,2020-08-25,2020-09-07,2020-09-21
San Miguel,2020-08-26,2020-09-08,2020-09-22
San Miguel,2020-08-27,2020-09-09,2020-09-23
San Miguel,2020-08-28,2020-09-10,2020-09-24
San Miguel,2020-08-29,2020-09-11,2020-09-25
San Miguel,2020-08-30,2020-09-12,2020-09-26
San Miguel,2020-08-31,2020-09-13,2020-09-27
San Miguel,2020-09-01,2020-09-14,2020-09-28
San Miguel,2020-09-02,2020-09-15,2020-09-29
San Miguel,2020-09-03,2020-09-16,2020-09-30
San Miguel,2020-09-04,2020-09-17,2020-10-01
San Miguel,2020-09-05,2020-09-18,2020-10-02
San Miguel,2020-09-06,2020-09-19,2020-10-03
San Miguel,2020-09-07,2020-09-20,2020-10-04
San Miguel,2020-09-08,2020-09-21,2020-10-05
San Miguel,2020-09-09,2020-09-22,2020-10-06
San Miguel,2020-09-10,2020-09-23,2020-10-07
San Miguel,2020-09-11,2020-09-24,2020-10-08
San Miguel,2020-09-12,2020-09-25,2020-10-09
San Miguel,2020-09-13,2020-09-26,2020-10-10
San Miguel,2020-09-14,2020-09-27,2020-10-11
San Miguel,2020-09-15,2020-09-28,2020-10-12
San Miguel,2020-09-16,2020-09-29,2020-10-13
San Miguel,2020-09-17,2020-09-30,2020-10-14
San Miguel,2020-09-18,2020-10-01,2020-10-15
San Miguel,2020-09-19,2020-10-02,2020-10-16
San Miguel,2020-09-20,2020-10-03,2020-10-17
San Miguel,2020-09-21,2020-10-04,2020-10-18
San Miguel,2020-09-22,2020-10-05,2020-10-19
San Miguel,2020-09-23,2020-10-06,2020-10-20
San Miguel,2020-09-24,2020-10-07,2020-10-21
San Miguel,2020-09-25,2020-10-08,2020-10-22
San Miguel,2020-09-26,2020-10-09,2020-10-23
San Miguel,2020-09-27,2020-10-10,2020-10-24
San Miguel,2020-09-28,2020-10-11,2020-10-25
San Miguel,2020-09-29,2020-10-12,2020-10-26
San Miguel,2020-09-30,2020-10-13,2020-10-27
San Miguel,2020-10-01,2020-10-14,2020-10-28
San Miguel,2020-10-02,2020-10-15,2020-10-29
San Miguel,2020-10-03,2020-10-16,2020-10-30
San Miguel,2020-10-04,2020-10-17,2020-10-31
San Miguel,2020-10-05,2020-10-18,2020-11-01
San Miguel,2020-10-06,2020-10-19,2020-11-02
San Miguel,2020-10-07,2020-10-20,2020-11-03
San Miguel,2020-10-08,2020-10-21,2020-11-04
San Miguel,2020-10-09,2020-10-22,2020-11-05
San Miguel,2020-10-10,2020-10-23,2020-11-06
San Miguel,2020-10-11,2020-10-24,2020-11-07
San Miguel,2020-10-12,2020-10-25,2020-11-08
San Miguel,2020-10-13,2020-10-26,2020-11-09
San Miguel,2020-10-14,2020-10-27,2020-11-10
San Miguel,2020-10-15,2020-10-28,2020-11-11
San Miguel,2020-10-16,2020-10-29,2020-11-12
San Miguel,2020-10-17,2020-10-30,2020-11-13
San Miguel,2020-10-18,2020-10-31,2020-11-14
San Miguel,2020-10-19,2020-11-01,2020-11-15
San Miguel,2020-10-20,2020-11-02,2020-11-16
San Miguel,2020-10-21,2020-11-03,2020-11-17
San Miguel,2020-10-22,2020-11-04,2020-11-18
San Miguel,2020-10-23,2020-11-05,2020-11-19
San Miguel,2020-10-24,2020-11-06,2020-11-20
San Miguel,2020-10-25,2020-11-07,2020-11-21
San Miguel,2020-10-26,2020-11-08,2020-11-22
San Miguel,2020-10-27,2020-11-09,2020-11-23
San Miguel,2020-10-28,2020-11-10,2020-11-24
San Miguel,2020-10-29,2020-11-11,2020-11-25
San Miguel,2020-10-30,2020-11-12,2020-11-26
San Miguel,2020-10-31,2020-11-13,2020-11-27
San Miguel,2020-11-01,2020-11-14,2020-11-28
San Miguel,2020-11-02,2020-11-15,2020-11-29
San Miguel,2020-11-03,2020-11-16,2020-11-30
San Miguel,2020-11-04,2020-11-17,2020-12-01
San Miguel,2020-11-05,2020-11-18,2020-12-02
San Miguel,2020-11-06,2020-11-19,2020-12-03
San Miguel,2020-11-07,2020-11-20,2020-12-04
San Miguel,2020-11-08,2020-11-21,2020-12-05
San Miguel,2020-11-09,2020-11-22,2020-12-06
San Miguel,2020-11-10,2020-11-23,2020-12-07
San Miguel,2020-11-11,2020-11-24,2020-12-08
San Miguel,2020-11-12,2020-11-25,2020-12-09
San Miguel,2020-11-13,2020-11-26,2020-12-10
San Miguel,2020-11-14,2020-11-27,2020-12-11
San Miguel,2020-11-15,2020-11-28,2020-12-12
San Miguel,2020-11-16,2020-11-29,2020-12-13
San Miguel,2020-11-17,2020-11-30,2020-12-14
San Miguel,2020-11-18,2020-12-01,2020-12-15
San Miguel,2020-11-19,2020-12-02,2020-12-16
San Miguel,2020-11-20,2020-12-03,2020-12-17
San Miguel,2020-11-21,2020-12-04,2020-12-18
San Miguel,2020-11-22,2020-12-05,2020-12-19
San Miguel,2020-11-23,2020-12-06,2020-12-20
San Miguel,2020-11-24,2020-12-07,2020-12-21
San Miguel,2020-11-25,2020-12-08,2020-12-22
San Miguel,2020-11-26,2020-12-09,2020-12-23
San Miguel,2020-11-27,2020-12-10,2020-12-24
San Miguel,2020-11-28,2020-12-11,2020-12-25
San Miguel,2020-11-29,2020-12-12,2020-12-26
San Miguel,2020-11-30,2020-12-13,2020-12-27
San Miguel,2020-12-01,2020-12-14,2020-12-28
San Miguel,2020-12-02,2020-12-15,2020-12-29
San Miguel,2020-12-03,2020-12-16,2020-12-30
San Miguel,2020-12-04,2020-12-17,2020-12-31
San Miguel,2020-12-05,2020-12-18,2021-01-01
San Miguel,2020-12-06,2020-12-19,2021-01-02
San Miguel,2020-12-07,2020-12-20,2021-01-03
San Miguel,2020-12-08,2020-12-21,2021-01-04
San Miguel,2020-12-09,2020-12-22,2021-01-05
San Miguel,2020-12-10,2020-12-23,2021-01-06
San Miguel,2020-12-11,2020-12-24,2021-01-07
San Miguel,2020-12-12,2020-12-25,2021-01-08
San Miguel,2020-12-13,2020-12-26,2021-01-09
San Miguel,2020-12-14,2020-12-27,2021-01-10
San Miguel,2020-12-15,2020-12-28,2021-01-11
San Miguel,2020-12-16,2020-12-29,2021-01-12
San Miguel,2020-12-17,2020-12-30,2021-01-13
San Miguel,2020-12-18,2020-12-31,2021-01-14
San Miguel,2020-12-19,2021-01-01,2021-01-15
San Miguel,2020-12-20,2021-01-02,2021-01-16
San Miguel,2020-12-21,2021-01-03,2021-01-17
San Miguel,2020-12-22,2021-01-04,2021-01-18
San Miguel,2020-12-23,2021-01-05,2021-01-19
San Miguel,2020-12-24,2021-01-06,2021-01-20
San Miguel,2020-12-25,2021-01-07,2021-01-21
San Miguel,2020-12-26,2021-01-08,2021-01-22
San Miguel,2020-12-27,2021-01-09,2021-01-23
San Miguel,2020-12-28,2021-01-10,2021-01-24
San Miguel,2020-12-29,2021-01-11,2021-01-25
San Miguel,2020-12-30,2021-01-12,2021-01-26
San Miguel,2020-12-31,2021-01-13,2021-01-27
San Miguel,2021-01-01,2021-01-14,2021-01-28
San Miguel,2021-01-02,2021-01-15,2021-01-29
San Miguel,2021-01-03,2021-01-16,2021-01-30
San Miguel,2021-01-04,2021-01-17,2021-01-31
San Miguel,2021-01-05,2021-01-18,2021-02-01
San Miguel,2021-01-06,2021-01-19,2021-02-02
San Miguel,2021-01-07,2021-01-20,2021-02-03
San Miguel,2021-01-08,2021-01-21,2021-02-04
San Miguel,2021-01-09,2021-01-22,2021-02-05
San Miguel,2021-01-10,2021-01-23,2021-02-06
San Miguel,2021-01-11,2021-01-24,2021-02-07
San Miguel,2021-01-12,2021-01-25,2021-02-08
San Miguel,2021-01-13,2021-01-26,2021-02-09
San Miguel,2021-01-14,2021-01-27,2021-02-10
San Miguel,2021-01-15,2021-01-28,2021-02-11
San Miguel,2021-01-16,2021-01-29,2021-02-12
San Miguel,2021-01-17,2021-01-30,2021-02-13
San Miguel,2021-01-18,2021-01-31,2021-02-14
San Miguel,2021-01-19,2021-02-01,2021-02-15
San Miguel,2021-01-20,2021-02-02,2021-02-16
San Miguel,2021-01-21,2021-02-03,2021-02-17
San Miguel,2021-01-22,2021-02-04,2021-02-18
San Miguel,2021-01-23,2021-02-05,2021-02-19
San Miguel,2021-01-24,2021-02-06,2021-02-20
San Miguel,2021-01-25,2021-02-07,2021-02-21
San Miguel,2021-01-26,2021-02-08,2021-02-22
San Miguel,2021-01-27,2021-02-09,2021-02-23
San Miguel,2021-01-28,2021-02-10,2021-02-24
San Miguel,2021-01-29,2021-02-11,2021-02-25
San Miguel,2021-01-30,2021-02-12,2021-02-26
San Miguel,2021-01-31,2021-02-13,2021-02-27
San Miguel,2021-02-01,2021-02-14,2021-02-28
San Miguel,2021-02-02,2021-02-15,2021-03-01
San Miguel,2021-02-03,2021-02-16,2021-03-02
San Miguel,2021-02-04,2021-02-17,2021-03-03
San Miguel,2021-02-05,2021-02-18,2021-03-04
San Miguel,2021-02-06,2021-02-19,2021-03-05
San Miguel,2021-02-07,2021-02-20,2021-03-06
San Miguel,2021-02-08,2021-02-21,2021-03-07
San Miguel,2021-02-09,2021-02-22,2021-03-08
San Miguel,2021-02-10,2021-02-23,2021-03-09
San Miguel,2021-02-11,2021-02-24,2021-03-10
San Miguel,2021-02-12,2021-02-25,2021-03-11
San Miguel,2021-02-13,2021-02-26,2021-03-12
San Miguel,2021-02-14,2021-02-27,2021-03-13
San Miguel,2021-02-15,2021-02-28,2021-03-14
San Miguel,2021-02-16,2021-03-01,2021-03-15
San Miguel,2021-02-17,2021-03-02,2021-03-16
San Miguel,2021-02-18,2021-03-03,2021-03-17
San Miguel,2021-02-19,2021-03-04,2021-03-18
San Miguel,2021-02-20,2021-03-05,2021-03-19
San Miguel,2021-02-21,2021-03-06,2021-03-20
San Miguel,2021-02-22,2021-03-07,2021-03-21
San Miguel,2021-02-23,2021-03-08,2021-03-22
San Miguel,2021-02-24,2021-03-09,2021-03-23
San Miguel,2021-02-25,2021-03-10,2021-03-24
San Miguel,2021-02-26,2021-03-11,2021-03-25
San Miguel,2021-02-27,2021-03-12,2021-03-26
San Miguel,2021-02-28,2021-03-13,2021-03-27
San Miguel,2021-03-01,2021-03-14,2021-03-28
San Miguel,2021-03-02,2021-03-15,2021-03-29
San Miguel,2021-03-03,2021-03-16,2021-03-30
San Miguel,2021-03-04,2021-03-17,2021-03-31
San Miguel,2021-03-05,2021-03-18,2021-04-01
San Miguel,2021-03-06,2021-03-19,2021-04-02
San Miguel,2021-03-07,2021-03-20,2021-04-03
San Miguel,2021-03-08,2021-03-21,2021-04-04
San Miguel,2021-03-09,2021-03-22,2021-04-05
San Miguel,2021-03-10,2021-03-23,2021-04-06
San Miguel,2021-03-11,2021-03-24,2021-04-07
San Miguel,2021-03-12,2021-03-25,2021-04-08
San Miguel,2021-03-13,2021-03-26,2021-04-09
San Miguel,2021-03-14,2021-03-27,2021-04-10
San Miguel,2021-03-15,2021-03-28,2021-04-11
San Miguel,2021-03-16,2021-03-29,2021-04-12
San Miguel,2021-03-17,2021-03-30,2021-04-13
San Miguel,2021-03-18,2021-03-31,2021-04-14
San Miguel,2021-03-19,2021-04-01,2021-04-15
San Miguel,2021-03-20,2021-04-02,2021-04-16
San Miguel,2021-03-21,2021-04-03,2021-04-17
San Miguel,2021-03-22,2021-04-04,2021-04-18
San Miguel,2021-03-23,2021-04-05,2021-04-19
San Miguel,2021-03-24,2021-04-06,2021-04-20
San Miguel,2021-03-25,2021-04-07,2021-04-21
San Miguel,2021-03-26,2021-04-08,2021-04-22
San Miguel,2021-03-27,2021-04-09,2021-04-23
San Miguel,2021-03-28,2021-04-10,2021-04-24
San Miguel,2021-03-29,2021-04-11,2021-04-25
San Miguel,2021-03-30,2021-04-12,2021-04-26
San Miguel,2021-03-31,2021-04-13,2021-04-27
San Miguel,2021-04-01,2021-04-14,2021-04-28
San Miguel,2021-04-02,2021-04-15,2021-04-29
San Miguel,2021-04-03,2021-04-16,2021-04-30
San Miguel,2021-04-04,2021-04-17,2021-05-01
San Miguel,2021-04-05,2021-04-18,2021-05-02
San Miguel,2021-04-06,2021-04-19,2021-05-03
San Miguel,2021-04-07,2021-04-20,2021-05-04
San Miguel,2021-04-08,2021-04-21,2021-05-05
San Miguel,2021-04-09,2021-04-22,2021-05-06
San Miguel,2021-04-10,2021-04-23,2021-05-07
San Miguel,2021-04-11,2021-04-24,2021-05-08
San Miguel,2021-04-12,2021-04-25,2021-05-09
San Miguel,2021-04-13,2021-04-26,2021-05-10
San Miguel,2021-04-14,2021-04-27,2021-05-11
San Miguel,2021-04-15,2021-04-28,2021-05-12
San Miguel,2021-04-16,2021-04-29,2021-05-13
San Miguel,2021-04-17,2021-04-30,2021-05-14
San Miguel,2021-04-18,2021-05-01,2021-05-15
San Miguel,2021-04-19,2021-05-02,2021-05-16
San Miguel,2021-04-20,2021-05-03,2021-05-17
San Miguel,2021-04-21,2021-05-04,2021-05-18
San Miguel,2021-04-22,2021-05-05,2021-05-19
San Miguel,2021-04-23,2021-05-06,2021-05-20
San Miguel,2021-04-24,2021-05-07,2021-05-21
San Miguel,2021-04-25,2021-05-08,2021-05-22
San Miguel,2021-04-26,2021-05-09,2021-05-23
San Miguel,2021-04-27,2021-05-10,2021-05-24
San Miguel,2021-04-28,2021-05-11,2021-05-25
San Miguel,2021-04-29,2021-05-12,2021-05-26
San Miguel,2021-04-30,2021-05-13,2021-05-27
San Miguel,2021-05-01,2021-05-14,2021-05-28
San Miguel,2021-05-02,2021-05-15,2021-05-29
San Miguel,2021-05-03,2021-05-16,2021-05-30
San Miguel,2021-05-04,2021-05-17,2021-05-31
San Miguel,2021-05-05,2021-05-18,2021-06-01
San Miguel,2021-05-06,2021-05-19,2021-06-02
San Miguel,2021-05-07,2021-05-20,2021-06-03
San Miguel,2021-05-08,2021-05-21,2021-06-04
San Miguel,2021-05-09,2021-05-22,2021-06-05
San Miguel,2021-05-10,2021-05-23,2021-06-06
San Miguel,2021-05-11,2021-05-24,2021-06-07
San Miguel,2021-05-12,2021-05-25,2021-06-08
San Miguel,2021-05-13,2021-05-26,2021-06-09
San Miguel,2021-05-14,2021-05-27,2021-06-10
San Miguel,2021-05-15,2021-05-28,2021-06-11
San Miguel,2021-05-16,2021-05-29,2021-06-12
San Miguel,2021-05-17,2021-05-30,2021-06-13
San Miguel,2021-05-18,2021-05-31,2021-06-14
San Miguel,2021-05-19,2021-06-01,2021-06-15
San Miguel,2021-05-20,2021-06-02,2021-06-16
San Miguel,2021-05-21,2021-06-03,2021-06-17
San Miguel,2021-05-22,2021-06-04,2021-06-18
San Miguel,2021-05-23,2021-06-05,2021-06-19
San Miguel,2021-05-24,2021-06-06,2021-06-20
San Miguel,2021-05-25,2021-06-07,2021-06-21
San Miguel,2021-05-26,2021-06-08,2021-06-22
San Miguel,2021-05-27,2021-06-09,2021-06-23
San Miguel,2021-05-28,2021-06-10,2021-06-24
San Miguel,2021-05-29,2021-06-11,2021-06-25
San Miguel,2021-05-30,2021-06-12,2021-06-26
San Miguel,2021-05-31,2021-06-13,2021-06-27
San Miguel,2021-06-01,2021-06-14,2021-06-28
San Miguel,2021-06-02,2021-06-15,2021-06-29
San Miguel,2021-06-03,2021-06-16,2021-06-30
San Miguel,2021-06-04,2021-06-17,2021-07-01
San Miguel,2021-06-05,2021-06-18,2021-07-02
San Miguel,2021-06-06,2021-06-19,2021-07-03
San Miguel,2021-06-07,2021-06-20,2021-07-04
San Miguel,2021-06-08,2021-06-21,2021-07-05
San Miguel,2021-06-09,2021-06-22,2021-07-06
San Miguel,2021-06-10,2021-06-23,2021-07-07
San Miguel,2021-06-11,2021-06-24,2021-07-08
San Miguel,2021-06-12,2021-06-25,2021-07-09
San Miguel,2021-06-13,2021-06-26,2021-07-10
San Miguel,2021-06-14,2021-06-27,2021-07-11
San Miguel,2021-06-15,2021-06-28,2021-07-12
San Miguel,2021-06-16,2021-06-29,2021-07-13
San Miguel,2021-06-17,2021-06-30,2021-07-14
San Miguel,2021-06-18,2021-07-01,2021-07-15
San Miguel,2021-06-19,2021-07-02,2021-07-16
San Miguel,2021-06-20,2021-07-03,2021-07-17
San Miguel,2021-06-21,2021-07-04,2021-07-18
San Miguel,2021-06-22,2021-07-05,2021-07-19
San Miguel,2021-06-23,2021-07-06,2021-07-20
San Miguel,2021-06-24,2021-07-07,2021-07-21
San Miguel,2021-06-25,2021-07-08,2021-07-22
San Miguel,2021-06-26,2021-07-09,2021-07-23
San Miguel,2021-06-27,2021-07-10,2021-07-24
San Miguel,2021-06-28,2021-07-11,2021-07-25
San Miguel,2021-06-29,2021-07-12,2021-07-26
San Miguel,2021-06-30,2021-07-13,2021-07-27
San Miguel,2021-07-01,2021-07-14,2021-07-28
San Miguel,2021-07-02,2021-07-15,2021-07-29
San Miguel,2021-07-03,2021-07-16,2021-07-30
San Miguel,2021-07-04,2021-07-17,2021-07-31
San Miguel,2021-07-05,2021-07-18,2021-08-01
San Miguel,2021-07-06,2021-07-19,2021-08-02
San Miguel,2021-07-07,2021-07-20,2021-08-03
San Miguel,2021-07-08,2021-07-21,2021-08-04
San Miguel,2021-07-09,2021-07-22,2021-08-05
San Miguel,2021-07-10,2021-07-23,2021-08-06
San Miguel,2021-07-11,2021-07-24,2021-08-07
San Miguel,2021-07-12,2021-07-25,2021-08-08
San Miguel,2021-07-13,2021-07-26,2021-08-09
San Miguel,2021-07-14,2021-07-27,2021-08-10
San Miguel,2021-07-15,2021-07-28,2021-08-11
San Miguel,2021-07-16,2021-07-29,2021-08-12
San Miguel,2021-07-17,2021-07-30,2021-08-13
San Miguel,2021-07-18,2021-07-31,2021-08-14
San Miguel,2021-07-19,2021-08-01,2021-08-15
San Miguel,2021-07-20,2021-08-02,2021-08-16
San Miguel,2021-07-21,2021-08-03,2021-08-17
San Miguel,2021-07-22,2021-08-04,2021-08-18
San Miguel,2021-07-23,2021-08-05,2021-08-19
San Miguel,2021-07-24,2021-08-06,2021-08-20
San Miguel,2021-07-25,2021-08-07,2021-08-21
San Miguel,2021-07-26,2021-08-08,2021-08-22
San Miguel,2021-07-27,2021-08-09,2021-08-23
San Miguel,2021-07-28,2021-08-10,2021-08-24
San Miguel,2021-07-29,2021-08-11,2021-08-25
San Miguel,2021-07-30,2021-08-12,2021-08-26
San Miguel,2021-07-31,2021-08-13,2021-08-27
San Miguel,2021-08-01,2021-08-14,2021-08-28
San Miguel,2021-08-02,2021-08-15,2021-08-29
San Miguel,2021-08-03,2021-08-16,2021-08-30
San Miguel,2021-08-04,2021-08-17,2021-08-31
San Miguel,2021-08-05,2021-08-18,2021-09-01
San Miguel,2021-08-06,2021-08-19,2021-09-02
San Miguel,2021-08-07,2021-08-20,2021-09-03
San Miguel,2021-08-08,2021-08-21,2021-09-04
San Miguel,2021-08-09,2021-08-22,2021-09-05
San Miguel,2021-08-10,2021-08-23,2021-09-06
San Miguel,2021-08-11,2021-08-24,2021-09-07
San Miguel,2021-08-12,2021-08-25,2021-09-08
San Miguel,2021-08-13,2021-08-26,2021-09-09
San Miguel,2021-08-14,2021-08-27,2021-09-10
San Miguel,2021-08-15,2021-08-28,2021-09-11
San Miguel,2021-08-16,2021-08-29,2021-09-12
San Miguel,2021-08-17,2021-08-30,2021-09-13
San Miguel,2021-08-18,2021-08-31,2021-09-14
San Miguel,2021-08-19,2021-09-01,2021-09-15
San Miguel,2021-08-20,2021-09-02,2021-09-16
San Miguel,2021-08-21,2021-09-03,2021-09-17
San Miguel,2021-08-22,2021-09-04,2021-09-18
San Miguel,2021-08-23,2021-09-05,2021-09-19
San Miguel,2021-08-24,2021-09-06,2021-09-20
San Miguel,2021-08-25,2021-09-07,2021-09-21
San Miguel,2021-08-26,2021-09-08,2021-09-22
San Miguel,2021-08-27,2021-09-09,2021-09-23
San Miguel,2021-08-28,2021-09-10,2021-09-24
San Miguel,2021-08-29,2021-09-11,2021-09-25
San Miguel,2021-08-30,2021-09-12,2021-09-26
San Miguel,2021-08-31,2021-09-13,2021-09-27
San Miguel,2021-09-01,2021-09-14,2021-09-28
San Miguel,2021-09-02,2021-09-15,2021-09-29
San Miguel,2021-09-03,2021-09-16,2021-09-30
San Miguel,2021-09-04,2021-09-17,2021-10-01
San Miguel,2021-09-05,2021-09-18,2021-10-02
San Miguel,2021-09-06,2021-09-19,2021-10-03
San Miguel,2021-09-07,2021-09-20,2021-10-04
San Miguel,2021-09-08,2021-09-21,2021-10-05
San Miguel,2021-09-09,2021-09-22,2021-10-06
San Miguel,2021-09-10,2021-09-23,2021-10-07
San Miguel,2021-09-11,2021-09-24,2021-10-08
San Miguel,2021-09-12,2021-09-25,2021-10-09
San Miguel,2021-09-13,2021-09-26,2021-10-10
San Miguel,2021-09-14,2021-09-27,2021-10-11
San Miguel,2021-09-15,2021-09-28,2021-10-12
San Miguel,2021-09-16,2021-09-29,2021-10-13
San Miguel,2021-09-17,2021-09-30,2021-10-14
San Miguel,2021-09-18,2021-10-01,2021-10-15
San Miguel,2021-09-19,2021-10-02,2021-10-16
San Miguel,2021-09-20,2021-10-03,2021-10-17
San Miguel,2021-09-21,2021-10-04,2021-10-18
San Miguel,2021-09-22,2021-10-05,2021-10-19
San Miguel,2021-09-23,2021-10-06,2021-10-20
San Miguel,2021-09-24,2021-10-07,2021-10-21
San Miguel,2021-09-25,2021-10-08,2021-10-22
San Miguel,2021-09-26,2021-10-09,2021-10-23
San Miguel,2021-09-27,2021-10-10,2021-10-24
San Miguel,2021-09-28,2021-10-11,2021-10-25
San Miguel,2021-09-29,2021-10-12,2021-10-26
San Miguel,2021-09-30,2021-10-13,2021-10-27
San Miguel,2021-10-01,2021-10-14,2021-10-28
San Miguel,2021-10-02,2021-10-15,2021-10-29
San Miguel,2021-10-03,2021-10-16,2021-10-30
San Miguel,2021-10-04,2021-10-17,2021-10-31
San Miguel,2021-10-05,2021-10-18,2021-11-01
San Miguel,2021-10-06,2021-10-19,2021-11-02
San Miguel,2021-10-07,2021-10-20,2021-11-03
San Miguel,2021-10-08,2021-10-21,2021-11-04
San Miguel,2021-10-09,2021-10-22,2021-11-05
San Miguel,2021-10-10,2021-10-23,2021-11-06
San Miguel,2021-10-11,2021-10-24,2021-11-07
San Miguel,2021-10-12,2021-10-25,2021-11-08
San Miguel,2021-10-13,2021-10-26,2021-11-09
San Miguel,2021-10-14,2021-10-27,2021-11-10
San Miguel,2021-10-15,2021-10-28,2021-11-11
San Miguel,2021-10-16,2021-10-29,2021-11-12
San Miguel,2021-10-17,2021-10-30,2021-11-13
San Miguel,2021-10-18,2021-10-31,2021-11-14
San Miguel,2021-10-19,2021-11-01,2021-11-15
San Miguel,2021-10-20,2021-11-02,2021-11-16
San Miguel,2021-10-21,2021-11-03,2021-11-17
San Miguel,2021-10-22,2021-11-04,2021-11-18
San Miguel,2021-10-23,2021-11-05,2021-11-19
San Miguel,2021-10-24,2021-11-06,2021-11-20
San Miguel,2021-10-25,2021-11-07,2021-11-21
San Miguel,2021-10-26,2021-11-08,2021-11-22
San Miguel,2021-10-27,2021-11-09,2021-11-23
San Miguel,2021-10-28,2021-11-10,2021-11-24
San Miguel,2021-10-29,2021-11-11,2021-11-25
San Miguel,2021-10-30,2021-11-12,2021-11-26
San Miguel,2021-10-31,2021-11-13,2021-11-27
San Miguel,2021-11-01,2021-11-14,2021-11-28
San Miguel,2021-11-02,2021-11-15,2021-11-29
San Miguel,2021-11-03,2021-11-16,2021-11-30
San Miguel,2021-11-04,2021-11-17,2021-12-01
San Miguel,2021-11-05,2021-11-18,2021-12-02
San Miguel,2021-11-06,2021-11-19,2021-12-03
San Miguel,2021-11-07,2021-11-20,2021-12-04
San Miguel,2021-11-08,2021-11-21,2021-12-05
San Miguel,2021-11-09,2021-11-22,2021-12-06
San Miguel,2021-11-10,2021-11-23,2021-12-07
San Miguel,2021-11-11,2021-11-24,2021-12-08
San Miguel,2021-11-12,2021-11-25,2021-12-09
San Miguel,2021-11-13,2021-11-26,2021-12-10
San Miguel,2021-11-14,2021-11-27,2021-12-11
San Miguel,2021-11-15,2021-11-28,2021-12-12
San Miguel,2021-11-16,2021-11-29,2021-12-13
San Miguel,2021-11-17,2021-11-30,2021-12-14
San Miguel,2021-11-18,2021-12-01,2021-12-15
San Miguel,2021-11-19,2021-12-02,2021-12-16
San Miguel,2021-11-20,2021-12-03,2021-12-17
San Miguel,2021-11-21,2021-12-04,2021-12-18
San Miguel,2021-11-22,2021-12-05,2021-12-19
San Miguel,2021-11-23,2021-12-06,2021-12-20
San Miguel,2021-11-24,2021-12-07,2021-12-21
San Miguel,2021-11-25,2021-12-08,2021-12-22
San Miguel,2021-11-26,2021-12-09,2021-12-23
San Miguel,2021-11-27,2021-12-10,2021-12-24
San Miguel,2021-11-28,2021-12-11,2021-12-25
San Miguel,2021-11-29,2021-12-12,2021-12-26
San Miguel,2021-11-30,2021-12-13,2021-12-27
San Miguel,2021-12-01,2021-12-14,2021-12-28
San Miguel,2021-12-02,2021-12-15,2021-12-29
San Miguel,2021-12-03,2021-12-16,2021-12-30
San Miguel,2021-12-04,2021-12-17,2021-12-31
San Miguel,2021-12-05,2021-12-18,2022-01-01
San Miguel,2021-12-06,2021-12-19,2022-01-02
San Miguel,2021-12-07,2021-12-20,2022-01-03
San Miguel,2021-12-08,2021-12-21,2022-01-04
San Miguel,2021-12-09,2021-12-22,2022-01-05
San Miguel,2021-12-10,2021-12-23,2022-01-06
San Miguel,2021-12-11,2021-12-24,2022-01-07
San Miguel,2021-12-12,2021-12-25,2022-01-08
San Miguel,2021-12-13,2021-12-26,2022-01-09
San Miguel,2021-12-14,2021-12-27,2022-01-10
San Miguel,2021-12-15,2021-12-28,2022-01-11
San Miguel,2021-12-16,2021-12-29,2022-01-12
San Miguel,2021-12-17,2021-12-30,2022-01-13
San Miguel,2021-12-18,2021-12-31,2022-01-14
San Miguel,2021-12-19,2022-01-01,2022-01-15
San Miguel,2021-12-20,2022-01-02,2022-01-16
San Miguel,2021-12-21,2022-01-03,2022-01-17
San Miguel,2021-12-22,2022-01-04,2022-01-18
San Miguel,2021-12-23,2022-01-05,2022-01-19
San Miguel,2021-12-24,2022-01-06,2022-01-20
San Miguel,2021-12-25,2022-01-07,2022-01-21
San Miguel,2021-12-26,2022-01-08,2022-01-22
San Miguel,2021-12-27,2022-01-09,2022-01-23
San Miguel,2021-12-28,2022-01-10,2022-01-24
San Miguel,2021-12-29,2022-01-11,2022-01-25
San Miguel,2021-12-30,2022-01-12,2022-01-26
San Miguel,2021-12-31,2022-01-13,2022-01-27
San Miguel,2022-01-01,2022-01-14,2022-01-28
San Miguel,2022-01-02,2022-01-15,2022-01-29
San Miguel,2022-01-03,2022-01-16,2022-01-30
San Miguel,2022-01-04,2022-01-17,2022-01-31
San Miguel,2022-01-05,2022-01-18,2022-02-01
San Miguel,2022-01-06,2022-01-19,2022-02-02
San Miguel,2022-01-07,2022-01-20,2022-02-03
San Miguel,2022-01-08,2022-01-21,2022-02-04
San Miguel,2022-01-09,2022-01-22,2022-02-05
San Miguel,2022-01-10,2022-01-23,2022-02-06
San Miguel,2022-01-11,2022-01-24,2022-02-07
San Miguel,2022-01-12,2022-01-25,2022-02-08
San Miguel,2022-01-13,2022-01-26,2022-02-09
San Miguel,2022-01-14,2022-01-27,2022-02-10
San Miguel,2022-01-15,2022-01-28,2022-02-11
San Miguel,2022-01-16,2022-01-29,2022-02-12
San Miguel,2022-01-17,2022-01-30,2022-02-13
San Miguel,2022-01-18,2022-01-31,2022-02-14
San Miguel,2022-01-19,2022-02-01,2022-02-15
San Miguel,2022-01-20,2022-02-02,2022-02-16
San Miguel,2022-01-21,2022-02-03,2022-02-17
San Miguel,2022-01-22,2022-02-04,2022-02-18
San Miguel,2022-01-23,2022-02-05,2022-02-19
San Miguel,2022-01-24,2022-02-06,2022-02-20
San Miguel,2022-01-25,2022-02-07,2022-02-21
San Miguel,2022-01-26,2022-02-08,2022-02-22
San Miguel,2022-01-27,2022-02-09,2022-02-23
San Miguel,2022-01-28,2022-02-10,2022-02-24
San Miguel,2022-01-29,2022-02-11,2022-02-25
San Miguel,2022-01-30,2022-02-12,2022-02-26
San Miguel,2022-01-31,2022-02-13,2022-02-27
San Miguel,2022-02-01,2022-02-14,2022-02-28
San Miguel,2022-02-02,2022-02-15,2022-03-01
San Miguel,2022-02-03,2022-02-16,2022-03-02
San Miguel,2022-02-04,2022-02-17,2022-03-03
San Miguel,2022-02-05,2022-02-18,2022-03-04
San Miguel,2022-02-06,2022-02-19,2022-03-05
San Miguel,2022-02-07,2022-02-20,2022-03-06
San Miguel,2022-02-08,2022-02-21,2022-03-07
San Miguel,2022-02-09,2022-02-22,2022-03-08
San Miguel,2022-02-10,2022-02-23,2022-03-09
San Miguel,2022-02-11,2022-02-24,2022-03-10
San Miguel,2022-02-12,2022-02-25,2022-03-11
San Miguel,2022-02-13,2022-02-26,2022-03-12
San Miguel,2022-02-14,2022-02-27,2022-03-13
San Miguel,2022-02-15,2022-02-28,2022-03-14
San Miguel,2022-02-16,2022-03-01,2022-03-15
San Miguel,2022-02-17,2022-03-02,2022-03-16
San Miguel,2022-02-18,2022-03-03,2022-03-17
San Miguel,2022-02-19,2022-03-04,2022-03-18
San Miguel,2022-02-20,2022-03-05,2022-03-19
San Miguel,2022-02-21,2022-03-06,2022-03-20
San Miguel,2022-02-22,2022-03-07,2022-03-21
San Miguel,2022-02-23,2022-03-08,2022-03-22
San Miguel,2022-02-24,2022-03-09,2022-03-23
San Miguel,2022-02-25,2022-03-10,2022-03-24
San Miguel,2022-02-26,2022-03-11,2022-03-25
San Miguel,2022-02-27,2022-03-12,2022-03-26
San Miguel,2022-02-28,2022-03-13,2022-03-27
San Miguel,2022-03-01,2022-03-14,2022-03-28
San Miguel,2022-03-02,2022-03-15,2022-03-29
San Miguel,2022-03-03,2022-03-16,2022-03-30
San Miguel,2022-03-04,2022-03-17,2022-03-31
San Miguel,2022-03-05,2022-03-18,2022-04-01
San Miguel,2022-03-06,2022-03-19,2022-04-02
San Miguel,2022-03-07,2022-03-20,2022-04-03
San Miguel,2022-03-08,2022-03-21,2022-04-04
San Miguel,2022-03-09,2022-03-22,2022-04-05
San Miguel,2022-03-10,2022-03-23,2022-04-06
San Miguel,2022-03-11,2022-03-24,2022-04-07
San Miguel,2022-03-12,2022-03-25,2022-04-08
San Miguel,2022-03-13,2022-03-26,2022-04-09
San Miguel,2022-03-14,2022-03-27,2022-04-10
San Miguel,2022-03-15,2022-03-28,2022-04-11
San Miguel,2022-03-16,2022-03-29,2022-04-12
San Miguel,2022-03-17,2022-03-30,2022-04-13
San Miguel,2022-03-18,2022-03-31,2022-04-14
San Miguel,2022-03-19,2022-04-01,2022-04-15
San Miguel,2022-03-20,2022-04-02,2022-04-16
San Miguel,2022-03-21,2022-04-03,2022-04-17
San Miguel,2022-03-22,2022-04-04,2022-04-18
San Miguel,2022-03-23,2022-04-05,2022-04-19
San Miguel,2022-03-24,2022-04-06,2022-04-20
San Miguel,2022-03-25,2022-04-07,2022-04-21
San Miguel,2022-03-26,2022-04-08,2022-04-22
San Miguel,2022-03-27,2022-04-09,2022-04-23
San Miguel,2022-03-28,2022-04-10,2022-04-24
San Miguel,2022-03-29,2022-04-11,2022-04-25
San Miguel,2022-03-30,2022-04-12,2022-04-26
San Miguel,2022-03-31,2022-04-13,2022-04-27
San Miguel,2022-04-01,2022-04-14,2022-04-28
San Miguel,2022-04-02,2022-04-15,2022-04-29
San Miguel,2022-04-03,2022-04-16,2022-04-30
San Miguel,2022-04-04,2022-04-17,2022-05-01
San Miguel,2022-04-05,2022-04-18,2022-05-02
San Miguel,2022-04-06,2022-04-19,2022-05-03
San Miguel,2022-04-07,2022-04-20,2022-05-04
San Miguel,2022-04-08,2022-04-21,2022-05-05
San Miguel,2022-04-09,2022-04-22,2022-05-06
San Miguel,2022-04-10,2022-04-23,2022-05-07
San Miguel,2022-04-11,2022-04-24,2022-05-08
San Miguel,2022-04-12,2022-04-25,2022-05-09
San Miguel,2022-04-13,2022-04-26,2022-05-10
San Miguel,2022-04-14,2022-04-27,2022-05-11
San Miguel,2022-04-15,2022-04-28,2022-05-12
San Miguel,2022-04-16,2022-04-29,2022-05-13
San Miguel,2022-04-17,2022-04-30,2022-05-14
San Miguel,2022-04-18,2022-05-01,2022-05-15
San Miguel,2022-04-19,2022-05-02,2022-05-16
San Miguel,2022-04-20,2022-05-03,2022-05-17
San Miguel,2022-04-21,2022-05-04,2022-05-18
San Miguel,2022-04-22,2022-05-05,2022-05-19
San Miguel,2022-04-23,2022-05-06,2022-05-20
San Miguel,2022-04-24,2022-05-07,2022-05-21
San Miguel,2022-04-25,2022-05-08,2022-05-22
San Miguel,2022-04-26,2022-05-09,2022-05-23
San Miguel,2022-04-27,2022-05-10,2022-05-24
San Miguel,2022-04-28,2022-05-11,2022-05-25
San Miguel,2022-04-29,2022-05-12,2022-05-26
San Miguel,2022-04-30,2022-05-13,2022-05-27
San Miguel,2022-05-01,2022-05-14,2022-05-28
San Miguel,2022-05-02,2022-05-15,2022-05-29
San Miguel,2022-05-03,2022-05-16,2022-05-30
San Miguel,2022-05-04,2022-05-17,2022-05-31
San Miguel,2022-05-05,2022-05-18,2022-06-01
San Miguel,2022-05-06,2022-05-19,2022-06-02
San Miguel,2022-05-07,2022-05-20,2022-06-03
San Miguel,2022-05-08,2022-05-21,2022-06-04
San Miguel,2022-05-09,2022-05-22,2022-06-05
San Miguel,2022-05-10,2022-05-23,2022-06-06
San Miguel,2022-05-11,2022-05-24,2022-06-07
San Miguel,2022-05-12,2022-05-25,2022-06-08
San Miguel,2022-05-13,2022-05-26,2022-06-09
San Miguel,2022-05-14,2022-05-27,2022-06-10
San Miguel,2022-05-15,2022-05-28,2022-06-11
San Miguel,2022-05-16,2022-05-29,2022-06-12
San Miguel,2022-05-17,2022-05-30,2022-06-13
San Miguel,2022-05-18,2022-05-31,2022-06-14
San Miguel,2022-05-19,2022-06-01,2022-06-15
San Miguel,2022-05-20,2022-06-02,2022-06-16
San Miguel,2022-05-21,2022-06-03,2022-06-17
San Miguel,2022-05-22,2022-06-04,2022-06-18
San Miguel,2022-05-23,2022-06-05,2022-06-19
San Miguel,2022-05-24,2022-06-06,2022-06-20
San Miguel,2022-05-25,2022-06-07,2022-06-21
San Miguel,2022-05-26,2022-06-08,2022-06-22
San Miguel,2022-05-27,2022-06-09,2022-06-23
San Miguel,2022-05-28,2022-06-10,2022-06-24
San Miguel,2022-05-29,2022-06-11,2022-06-25
San Miguel,2022-05-30,2022-06-12,2022-06-26
San Miguel,2022-05-31,2022-06-13,2022-06-27
San Miguel,2022-06-01,2022-06-14,2022-06-28
San Miguel,2022-06-02,2022-06-15,2022-06-29
San Miguel,2022-06-03,2022-06-16,2022-06-30
San Miguel,2022-06-04,2022-06-17,2022-07-01
San Miguel,2022-06-05,2022-06-18,2022-07-02
San Miguel,2022-06-06,2022-06-19,2022-07-03
San Miguel,2022-06-07,2022-06-20,2022-07-04
San Miguel,2022-06-08,2022-06-21,2022-07-05
San Miguel,2022-06-09,2022-06-22,2022-07-06
San Miguel,2022-06-10,2022-06-23,2022-07-07
San Miguel,2022-06-11,2022-06-24,2022-07-08
San Miguel,2022-06-12,2022-06-25,2022-07-09
San Miguel,2022-06-13,2022-06-26,2022-07-10
San Miguel,2022-06-14,2022-06-27,2022-07-11
San Miguel,2022-06-15,2022-06-28,2022-07-12
San Miguel,2022-06-16,2022-06-29,2022-07-13
San Miguel,2022-06-17,2022-06-30,2022-07-14
San Miguel,2022-06-18,2022-07-01,2022-07-15
San Miguel,2022-06-19,2022-07-02,2022-07-16
San Miguel,2022-06-20,2022-07-03,2022-07-17
San Miguel,2022-06-21,2022-07-04,2022-07-18
San Miguel,2022-06-22,2022-07-05,2022-07-19
San Miguel,2022-06-23,2022-07-06,2022-07-20
San Miguel,2022-06-24,2022-07-07,2022-07-21
San Miguel,2022-06-25,2022-07-08,2022-07-22
San Miguel,2022-06-26,2022-07-09,2022-07-23
San Miguel,2022-06-27,2022-07-10,2022-07-24
San Miguel,2022-06-28,2022-07-11,2022-07-25
San Miguel,2022-06-29,2022-07-12,2022-07-26
San Miguel,2022-06-30,2022-07-13,2022-07-27
San Miguel,2022-07-01,2022-07-14,2022-07-28
San Miguel,2022-07-02,2022-07-15,2022-07-29
San Miguel,2022-07-03,2022-07-16,2022-07-30
San Miguel,2022-07-04,2022-07-17,2022-07-31
San Miguel,2022-07-05,2022-07-18,2022-08-01
San Miguel,2022-07-06,2022-07-19,2022-08-02
San Miguel,2022-07-07,2022-07-20,2022-08-03
San Miguel,2022-07-08,2022-07-21,2022-08-04
San Miguel,2022-07-09,2022-07-22,2022-08-05
San Miguel,2022-07-10,2022-07-23,2022-08-06
San Miguel,2022-07-11,2022-07-24,2022-08-07
San Miguel,2022-07-12,2022-07-25,2022-08-08
San Miguel,2022-07-13,2022-07-26,2022-08-09
San Miguel,2022-07-14,2022-07-27,2022-08-10
San Miguel,2022-07-15,2022-07-28,2022-08-11
San Miguel,2022-07-16,2022-07-29,2022-08-12
San Miguel,2022-07-17,2022-07-30,2022-08-13
San Miguel,2022-07-18,2022-07-31,2022-08-14
San Miguel,2022-07-19,2022-08-01,2022-08-15
San Miguel,2022-07-20,2022-08-02,2022-08-16
San Miguel,2022-07-21,2022-08-03,2022-08-17
San Miguel,2022-07-22,2022-08-04,2022-08-18
San Miguel,2022-07-23,2022-08-05,2022-08-19
San Miguel,2022-07-24,2022-08-06,2022-08-20
San Miguel,2022-07-25,2022-08-07,2022-08-21
San Miguel,2022-07-26,2022-08-08,2022-08-22
San Miguel,2022-07-27,2022-08-09,2022-08-23
San Miguel,2022-07-28,2022-08-10,2022-08-24
San Miguel,2022-07-29,2022-08-11,2022-08-25
San Miguel,2022-07-30,2022-08-12,2022-08-26
San Miguel,2022-07-31,2022-08-13,2022-08-27
San Miguel,2022-08-01,2022-08-14,2022-08-28
San Miguel,2022-08-02,2022-08-15,2022-08-29
San Miguel,2022-08-03,2022-08-16,2022-08-30
San Miguel,2022-08-04,2022-08-17,2022-08-31
San Miguel,2022-08-05,2022-08-18,2022-09-01
San Miguel,2022-08-06,2022-08-19,2022-09-02
San Miguel,2022-08-07,2022-08-20,2022-09-03
San Miguel,2022-08-08,2022-08-21,2022-09-04
San Miguel,2022-08-09,2022-08-22,2022-09-05
San Miguel,2022-08-10,2022-08-23,2022-09-06
San Miguel,2022-08-11,2022-08-24,2022-09-07
San Miguel,2022-08-12,2022-08-25,2022-09-08
San Miguel,2022-08-13,2022-08-26,2022-09-09
San Miguel,2022-08-14,2022-08-27,2022-09-10
San Miguel,2022-08-15,2022-08-28,2022-09-11
San Miguel,2022-08-16,2022-08-29,2022-09-12
San Miguel,2022-08-17,2022-08-30,2022-09-13
San Miguel,2022-08-18,2022-08-31,2022-09-14
San Miguel,2022-08-19,2022-09-01,2022-09-15
San Miguel,2022-08-20,2022-09-02,2022-09-16
San Miguel,2022-08-21,2022-09-03,2022-09-17
San Miguel,2022-08-22,2022-09-04,2022-09-18
San Miguel,2022-08-23,2022-09-05,2022-09-19
San Miguel,2022-08-24,2022-09-06,2022-09-20
San Miguel,2022-08-25,2022-09-07,2022-09-21
San Miguel,2022-08-26,2022-09-08,2022-09-22
San Miguel,2022-08-27,2022-09-09,2022-09-23
San Miguel,2022-08-28,2022-09-10,2022-09-24
San Miguel,2022-08-29,2022-09-11,2022-09-25
San Miguel,2022-08-30,2022-09-12,2022-09-26
San Miguel,2022-08-31,2022-09-13,2022-09-27
San Miguel,2022-09-01,2022-09-14,2022-09-28
San Miguel,2022-09-02,2022-09-15,2022-09-29
San Miguel,2022-09-03,2022-09-16,2022-09-30
San Miguel,2022-09-04,2022-09-17,2022-10-01
San Miguel,2022-09-05,2022-09-18,2022-10-02
San Miguel,2022-09-06,2022-09-19,2022-10-03
San Miguel,2022-09-07,2022-09-20,2022-10-04
San Miguel,2022-09-08,2022-09-21,2022-10-05
San Miguel,2022-09-09,2022-09-22,2022-10-06
San Miguel,2022-09-10,2022-09-23,2022-10-07
San Miguel,2022-09-11,2022-09-24,2022-10-08
San Miguel,2022-09-12,2022-09-25,2022-10-09
San Miguel,2022-09-13,2022-09-26,2022-10-10
San Miguel,2022-09-14,2022-09-27,2022-10-11
San Miguel,2022-09-15,2022-09-28,2022-10-12
San Miguel,2022-09-16,2022-09-29,2022-10-13
San Miguel,2022-09-17,2022-09-30,2022-10-14
San Miguel,2022-09-18,2022-10-01,2022-10-15
San Miguel,2022-09-19,2022-10-02,2022-10-16
San Miguel,2022-09-20,2022-10-03,2022-10-17
San Miguel,2022-09-21,2022-10-04,2022-10-18
San Miguel,2022-09-22,2022-10-05,2022-10-19
San Miguel,2022-09-23,2022-10-06,2022-10-20
San Miguel,2022-09-24,2022-10-07,2022-10-21
San Miguel,2022-09-25,2022-10-08,2022-10-22
San Miguel,2022-09-26,2022-10-09,2022-10-23
San Miguel,2022-09-27,2022-10-10,2022-10-24
San Miguel,2022-09-28,2022-10-11,2022-10-25
San Miguel,2022-09-29,2022-10-12,2022-10-26
San Miguel,2022-09-30,2022-10-13,2022-10-27
San Miguel,2022-10-01,2022-10-14,2022-10-28
San Miguel,2022-10-02,2022-10-15,2022-10-29
San Miguel,2022-10-03,2022-10-16,2022-10-30
San Miguel,2022-10-04,2022-10-17,2022-10-31
San Miguel,2022-10-05,2022-10-18,2022-11-01
San Miguel,2022-10-06,2022-10-19,2022-11-02
San Miguel,2022-10-07,2022-10-20,2022-11-03
San Miguel,2022-10-08,2022-10-21,2022-11-04
San Miguel,2022-10-09,2022-10-22,2022-11-05
San Miguel,2022-10-10,2022-10-23,2022-11-06
San Miguel,2022-10-11,2022-10-24,2022-11-07
San Miguel,2022-10-12,2022-10-25,2022-11-08
San Miguel,2022-10-13,2022-10-26,2022-11-09
San Miguel,2022-10-14,2022-10-27,2022-11-10
San Miguel,2022-10-15,2022-10-28,2022-11-11
San Miguel,2022-10-16,2022-10-29,2022-11-12
San Miguel,2022-10-17,2022-10-30,2022-11-13
San Miguel,2022-10-18,2022-10-31,2022-11-14
San Miguel,2022-10-19,2022-11-01,2022-11-15
San Miguel,2022-10-20,2022-11-02,2022-11-16
San Miguel,2022-10-21,2022-11-03,2022-11-17
San Miguel,2022-10-22,2022-11-04,2022-11-18
San Miguel,2022-10-23,2022-11-05,2022-11-19
San Miguel,2022-10-24,2022-11-06,2022-11-20
San Miguel,2022-10-25,2022-11-07,2022-11-21
San Miguel,2022-10-26,2022-11-08,2022-11-22
San Miguel,2022-10-27,2022-11-09,2022-11-23
San Miguel,2022-10-28,2022-11-10,2022-11-24
San Miguel,2022-10-29,2022-11-11,2022-11-25
San Miguel,2022-10-30,2022-11-12,2022-11-26
San Miguel,2022-10-31,2022-11-13,2022-11-27
San Miguel,2022-11-01,2022-11-14,2022-11-28
San Miguel,2022-11-02,2022-11-15,2022-11-29
San Miguel,2022-11-03,2022-11-16,2022-11-30
San Miguel,2022-11-04,2022-11-17,2022-12-01
San Miguel,2022-11-05,2022-11-18,2022-12-02
San Miguel,2022-11-06,2022-11-19,2022-12-03
San Miguel,2022-11-07,2022-11-20,2022-12-04
San Miguel,2022-11-08,2022-11-21,2022-12-05
San Miguel,2022-11-09,2022-11-22,2022-12-06
San Miguel,2022-11-10,2022-11-23,2022-12-07
San Miguel,2022-11-11,2022-11-24,2022-12-08
San Miguel,2022-11-12,2022-11-25,2022-12-09
San Miguel,2022-11-13,2022-11-26,2022-12-10
San Miguel,2022-11-14,2022-11-27,2022-12-11
San Miguel,2022-11-15,2022-11-28,2022-12-12
San Miguel,2022-11-16,2022-11-29,2022-12-13
San Miguel,2022-11-17,2022-11-30,2022-12-14
San Miguel,2022-11-18,2022-12-01,2022-12-15
San Miguel,2022-11-19,2022-12-02,2022-12-16
San Miguel,2022-11-20,2022-12-03,2022-12-17
San Miguel,2022-11-21,2022-12-04,2022-12-18
San Miguel,2022-11-22,2022-12-05,2022-12-19
San Miguel,2022-11-23,2022-12-06,2022-12-20
San Miguel,2022-11-24,2022-12-07,2022-12-21
San Miguel,2022-11-25,2022-12-08,2022-12-22
San Miguel,2022-11-26,2022-12-09,2022-12-23
San Miguel,2022-11-27,2022-12-10,2022-12-24
San Miguel,2022-11-28,2022-12-11,2022-12-25
San Miguel,2022-11-29,2022-12-12,2022-12-26
San Miguel,2022-11-30,2022-12-13,2022-12-27
San Miguel,2022-12-01,2022-12-14,2022-12-28
San Miguel,2022-12-02,2022-12-15,2022-12-29
San Miguel,2022-12-03,2022-12-16,2022-12-30
San Miguel,2022-12-04,2022-12-17,2022-12-31
San Miguel,2022-12-05,2022-12-18,2023-01-01
San Miguel,2022-12-06,2022-12-19,2023-01-02
San Miguel,2022-12-07,2022-12-20,2023-01-03
San Miguel,2022-12-08,2022-12-21,2023-01-04
San Miguel,2022-12-09,2022-12-22,2023-01-05
San Miguel,2022-12-10,2022-12-23,2023-01-06
San Miguel,2022-12-11,2022-12-24,2023-01-07
San Miguel,2022-12-12,2022-12-25,2023-01-08
San Miguel,2022-12-13,2022-12-26,2023-01-09
San Miguel,2022-12-14,2022-12-27,2023-01-10
San Miguel,2022-12-15,2022-12-28,2023-01-11
San Miguel,2022-12-16,2022-12-29,2023-01-12
San Miguel,2022-12-17,2022-12-30,2023-01-13
San Miguel,2022-12-18,2022-12-31,2023-01-14
San Miguel,2022-12-19,2023-01-01,2023-01-15
San Miguel,2022-12-20,2023-01-02,2023-01-16
San Miguel,2022-12-21,2023-01-03,2023-01-17
San Miguel,2022-12-22,2023-01-04,2023-01-18
San Miguel,2022-12-23,2023-01-05,2023-01-19
San Miguel,2022-12-24,2023-01-06,2023-01-20
San Miguel,2022-12-25,2023-01-07,2023-01-21
San Miguel,2022-12-26,2023-01-08,2023-01-22
San Miguel,2022-12-27,2023-01-09,2023-01-23
San Miguel,2022-12-28,2023-01-10,2023-01-24
San Miguel,2022-12-29,2023-01-11,2023-01-25
San Miguel,2022-12-30,2023-01-12,2023-01-26
San Miguel,2022-12-31,2023-01-13,2023-01-27
San Miguel,2023-01-01,2023-01-14,2023-01-28
San Miguel,2023-01-02,2023-01-15,2023-01-29
San Miguel,2023-01-03,2023-01-16,2023-01-30
San Miguel,2023-01-04,2023-01-17,2023-01-31
San Miguel,2023-01-05,2023-01-18,2023-02-01
San Miguel,2023-01-06,2023-01-19,2023-02-02
San Miguel,2023-01-07,2023-01-20,2023-02-03
San Miguel,2023-01-08,2023-01-21,2023-02-04
San Miguel,2023-01-09,2023-01-22,2023-02-05
San Miguel,2023-01-10,2023-01-23,2023-02-06
San Miguel,2023-01-11,2023-01-24,2023-02-07
San Miguel,2023-01-12,2023-01-25,2023-02-08
San Miguel,2023-01-13,2023-01-26,2023-02-09
San Miguel,2023-01-14,2023-01-27,2023-02-10
San Miguel,2023-01-15,2023-01-28,2023-02-11
San Miguel,2023-01-16,2023-01-29,2023-02-12
San Miguel,2023-01-17,2023-01-30,2023-02-13
San Miguel,2023-01-18,2023-01-31,2023-02-14
San Miguel,2023-01-19,2023-02-01,2023-02-15
San Miguel,2023-01-20,2023-02-02,2023-02-16
San Miguel,2023-01-21,2023-02-03,2023-02-17
San Miguel,2023-01-22,2023-02-04,2023-02-18
San Miguel,2023-01-23,2023-02-05,2023-02-19
San Miguel,2023-01-24,2023-02-06,2023-02-20
San Miguel,2023-01-25,2023-02-07,2023-02-21
San Miguel,2023-01-26,2023-02-08,2023-02-22
San Miguel,2023-01-27,2023-02-09,2023-02-23
San Miguel,2023-01-28,2023-02-10,2023-02-24
San Miguel,2023-01-29,2023-02-11,2023-02-25
San Miguel,2023-01-30,2023-02-12,2023-02-26
San Miguel,2023-01-31,2023-02-13,2023-02-27
San Miguel,2023-02-01,2023-02-14,2023-02-28
San Miguel,2023-02-02,2023-02-15,2023-03-01
San Miguel,2023-02-03,2023-02-16,2023-03-02
San Miguel,2023-02-04,2023-02-17,2023-03-03
San Miguel,2023-02-05,2023-02-18,2023-03-04
San Miguel,2023-02-06,2023-02-19,2023-03-05
San Miguel,2023-02-07,2023-02-20,2023-03-06
San Miguel,2023-02-08,2023-02-21,2023-03-07
San Miguel,2023-02-09,2023-02-22,2023-03-08
San Miguel,2023-02-10,2023-02-23,2023-03-09
San Miguel,2023-02-11,2023-02-24,2023-03-10
San Miguel,2023-02-12,2023-02-25,2023-03-11
San Miguel,2023-02-13,2023-02-26,2023-03-12
San Miguel,2023-02-14,2023-02-27,2023-03-13
San Miguel,2023-02-15,2023-02-28,2023-03-14
San Miguel,2023-02-16,2023-03-01,2023-03-15
San Miguel,2023-02-17,2023-03-02,2023-03-16
San Miguel,2023-02-18,2023-03-03,2023-03-17
San Miguel,2023-02-19,2023-03-04,2023-03-18
San Miguel,2023-02-20,2023-03-05,2023-03-19
San Miguel,2023-02-21,2023-03-06,2023-03-20
San Miguel,2023-02-22,2023-03-07,2023-03-21
San Miguel,2023-02-23,2023-03-08,2023-03-22
San Miguel,2023-02-24,2023-03-09,2023-03-23
San Miguel,2023-02-25,2023-03-10,2023-03-24
San Miguel,2023-02-26,2023-03-11,2023-03-25
San Miguel,2023-02-27,2023-03-12,2023-03-26
San Miguel,2023-02-28,2023-03-13,2023-03-27
San Miguel,2023-03-01,2023-03-14,2023-03-28
San Miguel,2023-03-02,2023-03-15,2023-03-29
San Miguel,2023-03-03,2023-03-16,2023-03-30
San Miguel,2023-03-04,2023-03-17,2023-03-31
San Miguel,2023-03-05,2023-03-18,2023-04-01
San Miguel,2023-03-06,2023-03-19,2023-04-02
San Miguel,2023-03-07,2023-03-20,2023-04-03
San Miguel,2023-03-08,2023-03-21,2023-04-04
San Miguel,2023-03-09,2023-03-22,2023-04-05
San Miguel,2023-03-10,2023-03-23,2023-04-06
San Miguel,2023-03-11,2023-03-24,2023-04-07
San Miguel,2023-03-12,2023-03-25,2023-04-08
San Miguel,2023-03-13,2023-03-26,2023-04-09
San Miguel,2023-03-14,2023-03-27,2023-04-10
San Miguel,2023-03-15,2023-03-28,2023-04-11
San Miguel,2023-03-16,2023-03-29,2023-04-12
San Miguel,2023-03-17,2023-03-30,2023-04-13
San Miguel,2023-03-18,2023-03-31,2023-04-14
San Miguel,2023-03-19,2023-04-01,2023-04-15
San Miguel,2023-03-20,2023-04-02,2023-04-16
San Miguel,2023-03-21,2023-04-03,2023-04-17
San Miguel,2023-03-22,2023-04-04,2023-04-18
San Miguel,2023-03-23,2023-04-05,2023-04-19
San Miguel,2023-03-24,2023-04-06,2023-04-20
San Miguel,2023-03-25,2023-04-07,2023-04-21
San Miguel,2023-03-26,2023-04-08,2023-04-22
San Miguel,2023-03-27,2023-04-09,2023-04-23
San Miguel,2023-03-28,2023-04-10,2023-04-24
San Miguel,2023-03-29,2023-04-11,2023-04-25
San Miguel,2023-03-30,2023-04-12,2023-04-26
San Miguel,2023-03-31,2023-04-13,2023-04-27
San Miguel,2023-04-01,2023-04-14,2023-04-28
San Miguel,2023-04-02,2023-04-15,2023-04-29
San Miguel,2023-04-03,2023-04-16,2023-04-30
San Miguel,2023-04-04,2023-04-17,2023-05-01
San Miguel,2023-04-05,2023-04-18,2023-05-02
San Miguel,2023-04-06,2023-04-19,2023-05-03
San Miguel,2023-04-07,2023-04-20,2023-05-04
San Miguel,2023-04-08,2023-04-21,2023-05-05
San Miguel,2023-04-09,2023-04-22,2023-05-06
San Miguel,2023-04-10,2023-04-23,2023-05-07
San Miguel,2023-04-11,2023-04-24,2023-05-08
San Miguel,2023-04-12,2023-04-25,2023-05-09
San Miguel,2023-04-13,2023-04-26,2023-05-10
San Miguel,2023-04-14,2023-04-27,2023-05-11
San Miguel,2023-04-15,2023-04-28,2023-05-12
San Miguel,2023-04-16,2023-04-29,2023-05-13
San Miguel,2023-04-17,2023-04-30,2023-05-14
San Miguel,2023-04-18,2023-05-01,2023-05-15
San Miguel,2023-04-19,2023-05-02,2023-05-16
San Miguel,2023-04-20,2023-05-03,2023-05-17
San Miguel,2023-04-21,2023-05-04,2023-05-18
San Miguel,2023-04-22,2023-05-05,2023-05-19
San Miguel,2023-04-23,2023-05-06,2023-05-20
San Miguel,2023-04-24,2023-05-07,2023-05-21
San Miguel,2023-04-25,2023-05-08,2023-05-22
San Miguel,2023-04-26,2023-05-09,2023-05-23
San Miguel,2023-04-27,2023-05-10,2023-05-24
San Miguel,2023-04-28,2023-05-11,2023-05-25
San Miguel,2023-04-29,2023-05-12,2023-05-26
San Miguel,2023-04-30,2023-05-13,2023-05-27
San Miguel,2023-05-01,2023-05-14,2023-05-28
San Miguel,2023-05-02,2023-05-15,2023-05-29
San Miguel,2023-05-03,2023-05-16,2023-05-30
San Miguel,2023-05-04,2023-05-17,2023-05-31
San Miguel,2023-05-05,2023-05-18,2023-06-01
San Miguel,2023-05-06,2023-05-19,2023-06-02
San Miguel,2023-05-07,2023-05-20,2023-06-03
San Miguel,2023-05-08,2023-05-21,2023-06-04
San Miguel,2023-05-09,2023-05-22,2023-06-05
San Miguel,2023-05-10,2023-05-23,2023-06-06
San Miguel,2023-05-11,2023-05-24,2023-06-07
San Miguel,2023-05-12,2023-05-25,2023-06-08
San Miguel,2023-05-13,2023-05-26,2023-06-09
San Miguel,2023-05-14,2023-05-27,2023-06-10
San Miguel,2023-05-15,2023-05-28,2023-06-11
San Miguel,2023-05-16,2023-05-29,2023-06-12
San Miguel,2023-05-17,2023-05-30,2023-06-13
San Miguel,2023-05-18,2023-05-31,2023-06-14
San Miguel,2023-05-19,2023-06-01,2023-06-15
San Miguel,2023-05-20,2023-06-02,2023-06-16
San Miguel,2023-05-21,2023-06-03,2023-06-17
San Miguel,2023-05-22,2023-06-04,2023-06-18
San Miguel,2023-05-23,2023-06-05,2023-06-19
San Miguel,2023-05-24,2023-06-06,2023-06-20
San Miguel,2023-05-25,2023-06-07,2023-06-21
San Miguel,2023-05-26,2023-06-08,2023-06-22
San Miguel,2023-05-27,2023-06-09,2023-06-23
San Miguel,2023-05-28,2023-06-10,2023-06-24
San Miguel,2023-05-29,2023-06-11,2023-06-25
San Miguel,2023-05-30,2023-06-12,2023-06-26
San Miguel,2023-05-31,2023-06-13,2023-06-27
San Miguel,2023-06-01,2023-06-14,2023-06-28
San Miguel,2023-06-02,2023-06-15,2023-06-29
San Miguel,2023-06-03,2023-06-16,2023-06-30
San Miguel,2023-06-04,2023-06-17,2023-07-01
San Miguel,2023-06-05,2023-06-18,2023-07-02
San Miguel,2023-06-06,2023-06-19,2023-07-03
San Miguel,2023-06-07,2023-06-20,2023-07-04
San Miguel,2023-06-08,2023-06-21,2023-07-05
San Miguel,2023-06-09,2023-06-22,2023-07-06
San Miguel,2023-06-10,2023-06-23,2023-07-07
San Miguel,2023-06-11,2023-06-24,2023-07-08
San Miguel,2023-06-12,2023-06-25,2023-07-09
San Miguel,2023-06-13,2023-06-26,2023-07-10
San Miguel,2023-06-14,2023-06-27,2023-07-11
San Miguel,2023-06-15,2023-06-28,2023-07-12
San Miguel,2023-06-16,2023-06-29,2023-07-13
San Miguel,2023-06-17,2023-06-30,2023-07-14
San Miguel,2023-06-18,2023-07-01,2023-07-15
San Miguel,2023-06-19,2023-07-02,2023-07-16
San Miguel,2023-06-20,2023-07-03,2023-07-17
San Miguel,2023-06-21,2023-07-04,2023-07-18
San Miguel,2023-06-22,2023-07-05,2023-07-19
San Miguel,2023-06-23,2023-07-06,2023-07-20
San Miguel,2023-06-24,2023-07-07,2023-07-21
San Miguel,2023-06-25,2023-07-08,2023-07-22
San Miguel,2023-06-26,2023-07-09,2023-07-23
San Miguel,2023-06-27,2023-07-10,2023-07-24
San Miguel,2023-06-28,2023-07-11,2023-07-25
San Miguel,2023-06-29,2023-07-12,2023-07-26
San Miguel,2023-06-30,2023-07-13,2023-07-27
San Miguel,2023-07-01,2023-07-14,2023-07-28
San Miguel,2023-07-02,2023-07-15,2023-07-29
San Miguel,2023-07-03,2023-07-16,2023-07-30
San Miguel,2023-07-04,2023-07-17,2023-07-31
San Miguel,2023-07-05,2023-07-18,2023-08-01
San Miguel,2023-07-06,2023-07-19,2023-08-02
San Miguel,2023-07-07,2023-07-20,2023-08-03
San Miguel,2023-07-08,2023-07-21,2023-08-04
San Miguel,2023-07-09,2023-07-22,2023-08-05
San Miguel,2023-07-10,2023-07-23,2023-08-06
San Miguel,2023-07-11,2023-07-24,2023-08-07
San Miguel,2023-07-12,2023-07-25,2023-08-08
San Miguel,2023-07-13,2023-07-26,2023-08-09
San Miguel,2023-07-14,2023-07-27,2023-08-10
San Miguel,2023-07-15,2023-07-28,2023-08-11
San Miguel,2023-07-16,2023-07-29,2023-08-12
San Miguel,2023-07-17,2023-07-30,2023-08-13
San Miguel,2023-07-18,2023-07-31,2023-08-14
San Miguel,2023-07-19,2023-08-01,2023-08-15
San Miguel,2023-07-20,2023-08-02,2023-08-16
San Miguel,2023-07-21,2023-08-03,2023-08-17
San Miguel,2023-07-22,2023-08-04,2023-08-18
San Miguel,2023-07-23,2023-08-05,2023-08-19
San Miguel,2023-07-24,2023-08-06,2023-08-20
San Miguel,2023-07-25,2023-08-07,2023-08-21
San Miguel,2023-07-26,2023-08-08,2023-08-22
San Miguel,2023-07-27,2023-08-09,2023-08-23
San Miguel,2023-07-28,2023-08-10,2023-08-24
San Miguel,2023-07-29,2023-08-11,2023-08-25
San Miguel,2023-07-30,2023-08-12,2023-08-26
San Miguel,2023-07-31,2023-08-13,2023-08-27
San Miguel,2023-08-01,2023-08-14,2023-08-28
San Miguel,2023-08-02,2023-08-15,2023-08-29
San Miguel,2023-08-03,2023-08-16,2023-08-30
San Miguel,2023-08-04,2023-08-17,2023-08-31
San Miguel,2023-08-05,2023-08-18,2023-09-01
San Miguel,2023-08-06,2023-08-19,2023-09-02
San Miguel,2023-08-07,2023-08-20,2023-09-03
San Miguel,2023-08-08,2023-08-21,2023-09-04
San Miguel,2023-08-09,2023-08-22,2023-09-05
San Miguel,2023-08-10,2023-08-23,2023-09-06
San Miguel,2023-08-11,2023-08-24,2023-09-07
San Miguel,2023-08-12,2023-08-25,2023-09-08
San Miguel,2023-08-13,2023-08-26,2023-09-09
San Miguel,2023-08-14,2023-08-27,2023-09-10
San Miguel,2023-08-15,2023-08-28,2023-09-11
San Miguel,2023-08-16,2023-08-29,2023-09-12
San Miguel,2023-08-17,2023-08-30,2023-09-13
San Miguel,2023-08-18,2023-08-31,2023-09-14
San Miguel,2023-08-19,2023-09-01,2023-09-15
San Miguel,2023-08-20,2023-09-02,2023-09-16
San Miguel,2023-08-21,2023-09-03,2023-09-17
San Miguel,2023-08-22,2023-09-04,2023-09-18
San Miguel,2023-08-23,2023-09-05,2023-09-19
San Miguel,2023-08-24,2023-09-06,2023-09-20
San Miguel,2023-08-25,2023-09-07,2023-09-21
San Miguel,2023-08-26,2023-09-08,2023-09-22
San Miguel,2023-08-27,2023-09-09,2023-09-23
San Miguel,2023-08-28,2023-09-10,2023-09-24
San Miguel,2023-08-29,2023-09-11,2023-09-25
San Miguel,2023-08-30,2023-09-12,2023-09-26
San Miguel,2023-08-31,2023-09-13,2023-09-27
San Miguel,2023-09-01,2023-09-14,2023-09-28
San Miguel,2023-09-02,2023-09-15,2023-09-29
San Miguel,2023-09-03,2023-09-16,2023-09-30
San Miguel,2023-09-04,2023-09-17,2023-10-01
San Miguel,2023-09-05,2023-09-18,2023-10-02
San Miguel,2023-09-06,2023-09-19,2023-10-03
San Miguel,2023-09-07,2023-09-20,2023-10-04
San Miguel,2023-09-08,2023-09-21,2023-10-05
San Miguel,2023-09-09,2023-09-22,2023-10-06
San Miguel,2023-09-10,2023-09-23,2023-10-07
San Miguel,2023-09-11,2023-09-24,2023-10-08
San Miguel,2023-09-12,2023-09-25,2023-10-09
San Miguel,2023-09-13,2023-09-26,2023-10-10
San Miguel,2023-09-14,2023-09-27,2023-10-11
San Miguel,2023-09-15,2023-09-28,2023-10-12
San Miguel,2023-09-16,2023-09-29,2023-10-13
San Miguel,2023-09-17,2023-09-30,2023-10-14
San Miguel,2023-09-18,2023-10-01,2023-10-15
San Miguel,2023-09-19,2023-10-02,2023-10-16
San Miguel,2023-09-20,2023-10-03,2023-10-17
San Miguel,2023-09-21,2023-10-04,2023-10-18
San Miguel,2023-09-22,2023-10-05,2023-10-19
San Miguel,2023-09-23,2023-10-06,2023-10-20
San Miguel,2023-09-24,2023-10-07,2023-10-21
San Miguel,2023-09-25,2023-10-08,2023-10-22
San Miguel,2023-09-26,2023-10-09,2023-10-23
San Miguel,2023-09-27,2023-10-10,2023-10-24
San Miguel,2023-09-28,2023-10-11,2023-10-25
San Miguel,2023-09-29,2023-10-12,2023-10-26
San Miguel,2023-09-30,2023-10-13,2023-10-27
San Miguel,2023-10-01,2023-10-14,2023-10-28
San Miguel,2023-10-02,2023-10-15,2023-10-29
San Miguel,2023-10-03,2023-10-16,2023-10-30
San Miguel,2023-10-04,2023-10-17,2023-10-31
San Miguel,2023-10-05,2023-10-18,2023-11-01
San Miguel,2023-10-06,2023-10-19,2023-11-02
San Miguel,2023-10-07,2023-10-20,2023-11-03
San Miguel,2023-10-08,2023-10-21,2023-11-04
San Miguel,2023-10-09,2023-10-22,2023-11-05
San Miguel,2023-10-10,2023-10-23,2023-11-06
San Miguel,2023-10-11,2023-10-24,2023-11-07
San Miguel,2023-10-12,2023-10-25,2023-11-08
San Miguel,2023-10-13,2023-10-26,2023-11-09
San Miguel,2023-10-14,2023-10-27,2023-11-10
San Miguel,2023-10-15,2023-10-28,2023-11-11
San Miguel,2023-10-16,2023-10-29,2023-11-12
San Miguel,2023-10-17,2023-10-30,2023-11-13
San Miguel,2023-10-18,2023-10-31,2023-11-14
San Miguel,2023-10-19,2023-11-01,2023-11-15
San Miguel,2023-10-20,2023-11-02,2023-11-16
San Miguel,2023-10-21,2023-11-03,2023-11-17
San Miguel,2023-10-22,2023-11-04,2023-11-18
San Miguel,2023-10-23,2023-11-05,2023-11-19
San Miguel,2023-10-24,2023-11-06,2023-11-20
San Miguel,2023-10-25,2023-11-07,2023-11-21
San Miguel,2023-10-26,2023-11-08,2023-11-22
San Miguel,2023-10-27,2023-11-09,2023-11-23
San Miguel,2023-10-28,2023-11-10,2023-11-24
San Miguel,2023-10-29,2023-11-11,2023-11-25
San Miguel,2023-10-30,2023-11-12,2023-11-26
San Miguel,2023-10-31,2023-11-13,2023-11-27
San Miguel,2023-11-01,2023-11-14,2023-11-28
San Miguel,2023-11-02,2023-11-15,2023-11-29
San Miguel,2023-11-03,2023-11-16,2023-11-30
San Miguel,2023-11-04,2023-11-17,2023-12-01
San Miguel,2023-11-05,2023-11-18,2023-12-02
San Miguel,2023-11-06,2023-11-19,2023-12-03
San Miguel,2023-11-07,2023-11-20,2023-12-04
San Miguel,2023-11-08,2023-11-21,2023-12-05
San Miguel,2023-11-09,2023-11-22,2023-12-06
San Miguel,2023-11-10,2023-11-23,2023-12-07
San Miguel,2023-11-11,2023-11-24,2023-12-08
San Miguel,2023-11-12,2023-11-25,2023-12-09
San Miguel,2023-11-13,2023-11-26,2023-12-10
San Miguel,2023-11-14,2023-11-27,2023-12-11
San Miguel,2023-11-15,2023-11-28,2023-12-12
San Miguel,2023-11-16,2023-11-29,2023-12-13
San Miguel,2023-11-17,2023-11-30,2023-12-14
San Miguel,2023-11-18,2023-12-01,2023-12-15
San Miguel,2023-11-19,2023-12-02,2023-12-16
San Miguel,2023-11-20,2023-12-03,2023-12-17
San Miguel,2023-11-21,2023-12-04,2023-12-18
San Miguel,2023-11-22,2023-12-05,2023-12-19
San Miguel,2023-11-23,2023-12-06,2023-12-20
San Miguel,2023-11-24,2023-12-07,2023-12-21
San Miguel,2023-11-25,2023-12-08,2023-12-22
San Miguel,2023-11-26,2023-12-09,2023-12-23
San Miguel,2023-11-27,2023-12-10,2023-12-24
San Miguel,2023-11-28,2023-12-11,2023-12-25
San Miguel,2023-11-29,2023-12-12,2023-12-26
San Miguel,2023-11-30,2023-12-13,2023-12-27
San Miguel,2023-12-01,2023-12-14,2023-12-28
San Miguel,2023-12-02,2023-12-15,2023-12-29
San Miguel,2023-12-03,2023-12-16,2023-12-30
San Miguel,2023-12-04,2023-12-17,2023-12-31
San Miguel,2023-12-05,2023-12-18,2024-01-01
San Miguel,2023-12-06,2023-12-19,2024-01-02
San Miguel,2023-12-07,2023-12-20,2024-01-03
San Miguel,2023-12-08,2023-12-21,2024-01-04
San Miguel,2023-12-09,2023-12-22,2024-01-05
San Miguel,2023-12-10,2023-12-23,2024-01-06
San Miguel,2023-12-11,2023-12-24,2024-01-07
San Miguel,2023-12-12,2023-12-25,2024-01-08
San Miguel,2023-12-13,2023-12-26,2024-01-09
San Miguel,2023-12-14,2023-12-27,2024-01-10
San Miguel,2023-12-15,2023-12-28,2024-01-11
San Miguel,2023-12-16,2023-12-29,2024-01-12
San Miguel,2023-12-17,2023-12-30,2024-01-13
San Miguel,2023-12-18,2023-12-31,2024-01-14
San Miguel,2023-12-19,2024-01-01,2024-01-15
San Miguel,2023-12-20,2024-01-02,2024-01-16
San Miguel,2023-12-21,2024-01-03,2024-01-17
San Miguel,2023-12-22,2024-01-04,2024-01-18
San Miguel,2023-12-23,2024-01-05,2024-01-19
San Miguel,2023-12-24,2024-01-06,2024-01-20
San Miguel,2023-12-25,2024-01-07,2024-01-21
San Miguel,2023-12-26,2024-01-08,2024-01-22
San Miguel,2023-12-27,2024-01-09,2024-01-23
San Miguel,2023-12-28,2024-01-10,2024-01-24
San Miguel,2023-12-29,2024-01-11,2024-01-25
San Miguel,2023-12-30,2024-01-12,2024-01-26
San Miguel,2023-12-31,2024-01-13,2024-01-27
San Miguel,2024-01-01,2024-01-14,2024-01-28
San Miguel,2024-01-02,2024-01-15,2024-01-29
San Miguel,2024-01-03,2024-01-16,2024-01-30
San Miguel,2024-01-04,2024-01-17,2024-01-31
San Miguel,2024-01-05,2024-01-18,2024-02-01
San Miguel,2024-01-06,2024-01-19,2024-02-02
San Miguel,2024-01-07,2024-01-20,2024-02-03
San Miguel,2024-01-08,2024-01-21,2024-02-04
San Miguel,2024-01-09,2024-01-22,2024-02-05
San Miguel,2024-01-10,2024-01-23,2024-02-06
San Miguel,2024-01-11,2024-01-24,2024-02-07
San Miguel,2024-01-12,2024-01-25,2024-02-08
San Miguel,2024-01-13,2024-01-26,2024-02-09
San Miguel,2024-01-14,2024-01-27,2024-02-10
San Miguel,2024-01-15,2024-01-28,2024-02-11
San Miguel,2024-01-16,2024-01-29,2024-02-12
San Miguel,2024-01-17,2024-01-30,2024-02-13
San Miguel,2024-01-18,2024-01-31,2024-02-14
San Miguel,2024-01-19,2024-02-01,2024-02-15
San Miguel,2024-01-20,2024-02-02,2024-02-16
San Miguel,2024-01-21,2024-02-03,2024-02-17
San Miguel,2024-01-22,2024-02-04,2024-02-18
San Miguel,2024-01-23,2024-02-05,2024-02-19
San Miguel,2024-01-24,2024-02-06,2024-02-20
San Miguel,2024-01-25,2024-02-07,2024-02-21
San Miguel,2024-01-26,2024-02-08,2024-02-22
San Miguel,2024-01-27,2024-02-09,2024-02-23
San Miguel,2024-01-28,2024-02-10,2024-02-24
San Miguel,2024-01-29,2024-02-11,2024-02-25
San Miguel,2024-01-30,2024-02-12,2024-02-26
San Miguel,2024-01-31,2024-02-13,2024-02-27
San Miguel,2024-02-01,2024-02-14,2024-02-28
San Miguel,2024-02-02,2024-02-15,2024-02-29
San Miguel,2024-02-03,2024-02-16,2024-03-01
San Miguel,2024-02-04,2024-02-17,2024-03-02
San Miguel,2024-02-05,2024-02-18,2024-03-03
San Miguel,2024-02-06,2024-02-19,2024-03-04
San Miguel,2024-02-07,2024-02-20,2024-03-05
San Miguel,2024-02-08,2024-02-21,2024-03-06
San Miguel,2024-02-09,2024-02-22,2024-03-07
San Miguel,2024-02-10,2024-02-23,2024-03-08
San Miguel,2024-02-11,2024-02-24,2024-03-09
San Miguel,2024-02-12,2024-02-25,2024-03-10
San Miguel,2024-02-13,2024-02-26,2024-03-11
San Miguel,2024-02-14,2024-02-27,2024-03-12
San Miguel,2024-02-15,2024-02-28,2024-03-13
San Miguel,2024-02-16,2024-02-29,2024-03-14
San Miguel,2024-02-17,2024-03-01,2024-03-15
San Miguel,2024-02-18,2024-03-02,2024-03-16
San Miguel,2024-02-19,2024-03-03,2024-03-17
San Miguel,2024-02-20,2024-03-04,2024-03-18
San Miguel,2024-02-21,2024-03-05,2024-03-19
San Miguel,2024-02-22,2024-03-06,2024-03-20
San Miguel,2024-02-23,2024-03-07,2024-03-21
San Miguel,2024-02-24,2024-03-08,2024-03-22
San Miguel,2024-02-25,2024-03-09,2024-03-23
San Miguel,2024-02-26,2024-03-10,2024-03-24
San Miguel,2024-02-27,2024-03-11,2024-03-25
San Miguel,2024-02-28,2024-03-12,2024-03-26
San Miguel,2024-02-29,2024-03-13,2024-03-27
San Miguel,2024-03-01,2024-03-14,2024-03-28
San Miguel,2024-03-02,2024-03-15,2024-03-29
San Miguel,2024-03-03,2024-03-16,2024-03-30
San Miguel,2024-03-04,2024-03-17,2024-03-31
San Miguel,2024-03-05,2024-03-18,2024-04-01
San Miguel,2024-03-06,2024-03-19,2024-04-02
San Miguel,2024-03-07,2024-03-20,2024-04-03
San Miguel,2024-03-08,2024-03-21,2024-04-04
San Miguel,2024-03-09,2024-03-22,2024-04-05
San Miguel,2024-03-10,2024-03-23,2024-04-06
San Miguel,2024-03-11,2024-03-24,2024-04-07
San Miguel,2024-03-12,2024-03-25,2024-04-08
San Miguel,2024-03-13,2024-03-26,2024-04-09
San Miguel,2024-03-14,2024-03-27,2024-04-10
San Miguel,2024-03-15,2024-03-28,2024-04-11
San Miguel,2024-03-16,2024-03-29,2024-04-12
San Miguel,2024-03-17,2024-03-30,2024-04-13
San Miguel,2024-03-18,2024-03-31,2024-04-14
San Miguel,2024-03-19,2024-04-01,2024-04-15
San Miguel,2024-03-20,2024-04-02,2024-04-16
San Miguel,2024-03-21,2024-04-03,2024-04-17
San Miguel,2024-03-22,2024-04-04,2024-04-18
San Miguel,2024-03-23,2024-04-05,2024-04-19
San Miguel,2024-03-24,2024-04-06,2024-04-20
San Miguel,2024-03-25,2024-04-07,2024-04-21
San Miguel,2024-03-26,2024-04-08,2024-04-22
San Miguel,2024-03-27,2024-04-09,2024-04-23
San Miguel,2024-03-28,2024-04-10,2024-04-24
San Miguel,2024-03-29,2024-04-11,2024-04-25
San Miguel,2024-03-30,2024-04-12,2024-04-26
San Miguel,2024-03-31,2024-04-13,2024-04-27
San Miguel,2024-04-01,2024-04-14,2024-04-28
San Miguel,2024-04-02,2024-04-15,2024-04-29
San Miguel,2024-04-03,2024-04-16,2024-04-30
San Miguel,2024-04-04,2024-04-17,2024-05-01
San Miguel,2024-04-05,2024-04-18,2024-05-02
San Miguel,2024-04-06,2024-04-19,2024-05-03
San Miguel,2024-04-07,2024-04-20,2024-05-04
San Miguel,2024-04-08,2024-04-21,2024-05-05
San Miguel,2024-04-09,2024-04-22,2024-05-06
San Miguel,2024-04-10,2024-04-23,2024-05-07
San Miguel,2024-04-11,2024-04-24,2024-05-08
San Miguel,2024-04-12,2024-04-25,2024-05-09
San Miguel,2024-04-13,2024-04-26,2024-05-10
San Miguel,2024-04-14,2024-04-27,2024-05-11
San Miguel,2024-04-15,2024-04-28,2024-05-12
San Miguel,2024-04-16,2024-04-29,2024-05-13
San Miguel,2024-04-17,2024-04-30,2024-05-14
San Miguel,2024-04-18,2024-05-01,2024-05-15
San Miguel,2024-04-19,2024-05-02,2024-05-16
San Miguel,2024-04-20,2024-05-03,2024-05-17
San Miguel,2024-04-21,2024-05-04,2024-05-18
San Miguel,2024-04-22,2024-05-05,2024-05-19
San Miguel,2024-04-23,2024-05-06,2024-05-20
San Miguel,2024-04-24,2024-05-07,2024-05-21
San Miguel,2024-04-25,2024-05-08,2024-05-22
San Miguel,2024-04-26,2024-05-09,2024-05-23
San Miguel,2024-04-27,2024-05-10,2024-05-24
San Miguel,2024-04-28,2024-05-11,2024-05-25
San Miguel,2024-04-29,2024-05-12,2024-05-26
San Miguel,2024-04-30,2024-05-13,2024-05-27
San Miguel,2024-05-01,2024-05-14,2024-05-28
San Miguel,2024-05-02,2024-05-15,2024-05-29
San Miguel,2024-05-03,2024-05-16,2024-05-30
San Miguel,2024-05-04,2024-05-17,2024-05-31
San Miguel,2024-05-05,2024-05-18,2024-06-01
San Miguel,2024-05-06,2024-05-19,2024-06-02
San Miguel,2024-05-07,2024-05-20,2024-06-03
San Miguel,2024-05-08,2024-05-21,2024-06-04
San Miguel,2024-05-09,2024-05-22,2024-06-05
San Miguel,2024-05-10,2024-05-23,2024-06-06
San Miguel,2024-05-11,2024-05-24,2024-06-07
San Miguel,2024-05-12,2024-05-25,2024-06-08
San Miguel,2024-05-13,2024-05-26,2024-06-09
San Miguel,2024-05-14,2024-05-27,2024-06-10
San Miguel,2024-05-15,2024-05-28,2024-06-11
San Miguel,2024-05-16,2024-05-29,2024-06-12
San Miguel,2024-05-17,2024-05-30,2024-06-13
San Miguel,2024-05-18,2024-05-31,2024-06-14
San Miguel,2024-05-19,2024-06-01,2024-06-15
San Miguel,2024-05-20,2024-06-02,2024-06-16
San Miguel,2024-05-21,2024-06-03,2024-06-17
San Miguel,2024-05-22,2024-06-04,2024-06-18
San Miguel,2024-05-23,2024-06-05,2024-06-19
San Miguel,2024-05-24,2024-06-06,2024-06-20
San Miguel,2024-05-25,2024-06-07,2024-06-21
San Miguel,2024-05-26,2024-06-08,2024-06-22
San Miguel,2024-05-27,2024-06-09,2024-06-23
San Miguel,2024-05-28,2024-06-10,2024-06-24
San Miguel,2024-05-29,2024-06-11,2024-06-25
San Miguel,2024-05-30,2024-06-12,2024-06-26
San Miguel,2024-05-31,2024-06-13,2024-06-27
San Miguel,2024-06-01,2024-06-14,2024-06-28
San Miguel,2024-06-02,2024-06-15,2024-06-29
San Miguel,2024-06-03,2024-06-16,2024-06-30
San Miguel,2024-06-04,2024-06-17,2024-07-01
San Miguel,2024-06-05,2024-06-18,2024-07-02
San Miguel,2024-06-06,2024-06-19,2024-07-03
San Miguel,2024-06-07,2024-06-20,2024-07-04
San Miguel,2024-06-08,2024-06-21,2024-07-05
San Miguel,2024-06-09,2024-06-22,2024-07-06
San Miguel,2024-06-10,2024-06-23,2024-07-07
San Miguel,2024-06-11,2024-06-24,2024-07-08
San Miguel,2024-06-12,2024-06-25,2024-07-09
San Miguel,2024-06-13,2024-06-26,2024-07-10
San Miguel,2024-06-14,2024-06-27,2024-07-11
San Miguel,2024-06-15,2024-06-28,2024-07-12
San Miguel,2024-06-16,2024-06-29,2024-07-13
San Miguel,2024-06-17,2024-06-30,2024-07-14
San Miguel,2024-06-18,2024-07-01,2024-07-15
San Miguel,2024-06-19,2024-07-02,2024-07-16
San Miguel,2024-06-20,2024-07-03,2024-07-17
San Miguel,2024-06-21,2024-07-04,2024-07-18
San Miguel,2024-06-22,2024-07-05,2024-07-19
San Miguel,2024-06-23,2024-07-06,2024-07-20
San Miguel,2024-06-24,2024-07-07,2024-07-21
San Miguel,2024-06-25,2024-07-08,2024-07-22
San Miguel,2024-06-26,2024-07-09,2024-07-23
San Miguel,2024-06-27,2024-07-10,2024-07-24
San Miguel,2024-06-28,2024-07-11,2024-07-25
San Miguel,2024-06-29,2024-07-12,2024-07-26
San Miguel,2024-06-30,2024-07-13,2024-07-27
San Miguel,2024-07-01,2024-07-14,2024-07-28
San Miguel,2024-07-02,2024-07-15,2024-07-29
San Miguel,2024-07-03,2024-07-16,2024-07-30
San Miguel,2024-07-04,2024-07-17,2024-07-31
San Miguel,2024-07-05,2024-07-18,2024-08-01
San Miguel,2024-07-06,2024-07-19,2024-08-02
San Miguel,2024-07-07,2024-07-20,2024-08-03
San Miguel,2024-07-08,2024-07-21,2024-08-04
San Miguel,2024-07-09,2024-07-22,2024-08-05
San Miguel,2024-07-10,2024-07-23,2024-08-06
San Miguel,2024-07-11,2024-07-24,2024-08-07
San Miguel,2024-07-12,2024-07-25,2024-08-08
San Miguel,2024-07-13,2024-07-26,2024-08-09
San Miguel,2024-07-14,2024-07-27,2024-08-10
San Miguel,2024-07-15,2024-07-28,2024-08-11
San Miguel,2024-07-16,2024-07-29,2024-08-12
San Miguel,2024-07-17,2024-07-30,2024-08-13
San Miguel,2024-07-18,2024-07-31,2024-08-14
San Miguel,2024-07-19,2024-08-01,2024-08-15
San Miguel,2024-07-20,2024-08-02,2024-08-16
San Miguel,2024-07-21,2024-08-03,2024-08-17
San Miguel,2024-07-22,2024-08-04,2024-08-18
San Miguel,2024-07-23,2024-08-05,2024-08-19
San Miguel,2024-07-24,2024-08-06,2024-08-20
San Miguel,2024-07-25,2024-08-07,2024-08-21
San Miguel,2024-07-26,2024-08-08,2024-08-22
San Miguel,2024-07-27,2024-08-09,2024-08-23
San Miguel,2024-07-28,2024-08-10,2024-08-24
San Miguel,2024-07-29,2024-08-11,2024-08-25
San Miguel,2024-07-30,2024-08-12,2024-08-26
San Miguel,2024-07-31,2024-08-13,2024-08-27
San Miguel,2024-08-01,2024-08-14,2024-08-28
San Miguel,2024-08-02,2024-08-15,2024-08-29
San Miguel,2024-08-03,2024-08-16,2024-08-30
San Miguel,2024-08-04,2024-08-17,2024-08-31
San Miguel,2024-08-05,2024-08-18,2024-09-01
San Miguel,2024-08-06,2024-08-19,2024-09-02
San Miguel,2024-08-07,2024-08-20,2024-09-03
San Miguel,2024-08-08,2024-08-21,2024-09-04
San Miguel,2024-08-09,2024-08-22,2024-09-05
San Miguel,2024-08-10,2024-08-23,2024-09-06
San Miguel,2024-08-11,2024-08-24,2024-09-07
San Miguel,2024-08-12,2024-08-25,2024-09-08
San Miguel,2024-08-13,2024-08-26,2024-09-09
San Miguel,2024-08-14,2024-08-27,2024-09-10
San Miguel,2024-08-15,2024-08-28,2024-09-11
San Miguel,2024-08-16,2024-08-29,2024-09-12
San Miguel,2024-08-17,2024-08-30,2024-09-13
San Miguel,2024-08-18,2024-08-31,2024-09-14
San Miguel,2024-08-19,2024-09-01,2024-09-15
San Miguel,2024-08-20,2024-09-02,2024-09-16
San Miguel,2024-08-21,2024-09-03,2024-09-17
San Miguel,2024-08-22,2024-09-04,2024-09-18
San Miguel,2024-08-23,2024-09-05,2024-09-19
San Miguel,2024-08-24,2024-09-06,2024-09-20
San Miguel,2024-08-25,2024-09-07,2024-09-21
San Miguel,2024-08-26,2024-09-08,2024-09-22
San Miguel,2024-08-27,2024-09-09,2024-09-23
San Miguel,2024-08-28,2024-09-10,2024-09-24
San Miguel,2024-08-29,2024-09-11,2024-09-25
San Miguel,2024-08-30,2024-09-12,2024-09-26
San Miguel,2024-08-31,2024-09-13,2024-09-27
San Miguel,2024-09-01,2024-09-14,2024-09-28
San Miguel,2024-09-02,2024-09-15,2024-09-29
San Miguel,2024-09-03,2024-09-16,2024-09-30
San Miguel,2024-09-04,2024-09-17,2024-10-01
San Miguel,2024-09-05,2024-09-18,2024-10-02
San Miguel,2024-09-06,2024-09-19,2024-10-03
San Miguel,2024-09-07,2024-09-20,2024-10-04
San Miguel,2024-09-08,2024-09-21,2024-10-05
San Miguel,2024-09-09,2024-09-22,2024-10-06
San Miguel,2024-09-10,2024-09-23,2024-10-07
San Miguel,2024-09-11,2024-09-24,2024-10-08
San Miguel,2024-09-12,2024-09-25,2024-10-09
San Miguel,2024-09-13,2024-09-26,2024-10-10
San Miguel,2024-09-14,2024-09-27,2024-10-11
San Miguel,2024-09-15,2024-09-28,2024-10-12
San Miguel,2024-09-16,2024-09-29,2024-10-13
San Miguel,2024-09-17,2024-09-30,2024-10-14
San Miguel,2024-09-18,2024-10-01,2024-10-15
San Miguel,2024-09-19,2024-10-02,2024-10-16
San Miguel,2024-09-20,2024-10-03,2024-10-17
San Miguel,2024-09-21,2024-10-04,2024-10-18
San Miguel,2024-09-22,2024-10-05,2024-10-19
San Miguel,2024-09-23,2024-10-06,2024-10-20
San Miguel,2024-09-24,2024-10-07,2024-10-21
San Miguel,2024-09-25,2024-10-08,2024-10-22
San Miguel,2024-09-26,2024-10-09,2024-10-23
San Miguel,2024-09-27,2024-10-10,2024-10-24
San Miguel,2024-09-28,2024-10-11,2024-10-25
San Miguel,2024-09-29,2024-10-12,2024-10-26
San Miguel,2024-09-30,2024-10-13,2024-10-27
San Miguel,2024-10-01,2024-10-14,2024-10-28
San Miguel,2024-10-02,2024-10-15,2024-10-29
San Miguel,2024-10-03,2024-10-16,2024-10-30
San Miguel,2024-10-04,2024-10-17,2024-10-31
San Miguel,2024-10-05,2024-10-18,2024-11-01
San Miguel,2024-10-06,2024-10-19,2024-11-02
San Miguel,2024-10-07,2024-10-20,2024-11-03
San Miguel,2024-10-08,2024-10-21,2024-11-04
San Miguel,2024-10-09,2024-10-22,2024-11-05
San Miguel,2024-10-10,2024-10-23,2024-11-06
San Miguel,2024-10-11,2024-10-24,2024-11-07
San Miguel,2024-10-12,2024-10-25,2024-11-08
San Miguel,2024-10-13,2024-10-26,2024-11-09
San Miguel,2024-10-14,2024-10-27,2024-11-10
San Miguel,2024-10-15,2024-10-28,2024-11-11
San Miguel,2024-10-16,2024-10-29,2024-11-12
San Miguel,2024-10-17,2024-10-30,2024-11-13
San Miguel,2024-10-18,2024-10-31,2024-11-14
San Miguel,2024-10-19,2024-11-01,2024-11-15
San Miguel,2024-10-20,2024-11-02,2024-11-16
San Miguel,2024-10-21,2024-11-03,2024-11-17
San Miguel,2024-10-22,2024-11-04,2024-11-18
San Miguel,2024-10-23,2024-11-05,2024-11-19
San Miguel,2024-10-24,2024-11-06,2024-11-20
San Miguel,2024-10-25,2024-11-07,2024-11-21
San Miguel,2024-10-26,2024-11-08,2024-11-22
San Miguel,2024-10-27,2024-11-09,2024-11-23
San Miguel,2024-10-28,2024-11-10,2024-11-24
San Miguel,2024-10-29,2024-11-11,2024-11-25
San Miguel,2024-10-30,2024-11-12,2024-11-26
San Miguel,2024-10-31,2024-11-13,2024-11-27
San Miguel,2024-11-01,2024-11-14,2024-11-28
San Miguel,2024-11-02,2024-11-15,2024-11-29
San Miguel,2024-11-03,2024-11-16,2024-11-30
San Miguel,2024-11-04,2024-11-17,2024-12-01
San Miguel,2024-11-05,2024-11-18,2024-12-02
San Miguel,2024-11-06,2024-11-19,2024-12-03
San Miguel,2024-11-07,2024-11-20,2024-12-04
San Miguel,2024-11-08,2024-11-21,2024-12-05
San Miguel,2024-11-09,2024-11-22,2024-12-06
San Miguel,2024-11-10,2024-11-23,2024-12-07
San Miguel,2024-11-11,2024-11-24,2024-12-08
San Miguel,2024-11-12,2024-11-25,2024-12-09
San Miguel,2024-11-13,2024-11-26,2024-12-10
San Miguel,2024-11-14,2024-11-27,2024-12-11
San Miguel,2024-11-15,2024-11-28,2024-12-12
San Miguel,2024-11-16,2024-11-29,2024-12-13
San Miguel,2024-11-17,2024-11-30,2024-12-14
San Miguel,2024-11-18,2024-12-01,2024-12-15
San Miguel,2024-11-19,2024-12-02,2024-12-16
San Miguel,2024-11-20,2024-12-03,2024-12-17
San Miguel,2024-11-21,2024-12-04,2024-12-18
San Miguel,2024-11-22,2024-12-05,2024-12-19
San Miguel,2024-11-23,2024-12-06,2024-12-20
San Miguel,2024-11-24,2024-12-07,2024-12-21
San Miguel,2024-11-25,2024-12-08,2024-12-22
San Miguel,2024-11-26,2024-12-09,2024-12-23
San Miguel,2024-11-27,2024-12-10,2024-12-24
San Miguel,2024-11-28,2024-12-11,2024-12-25
San Miguel,2024-11-29,2024-12-12,2024-12-26
San Miguel,2024-11-30,2024-12-13,2024-12-27
San Miguel,2024-12-01,2024-12-14,2024-12-28
San Miguel,2024-12-02,2024-12-15,2024-12-29
San Miguel,2024-12-03,2024-12-16,2024-12-30
San Miguel,2024-12-04,2024-12-17,2024-12-31
Science City of Muñoz,2019-01-01,2019-01-14,2019-01-28
Science City of Muñoz,2019-01-02,2019-01-15,2019-01-29
Science City of Muñoz,2019-01-03,2019-01-16,2019-01-30
Science City of Muñoz,2019-01-04,2019-01-17,2019-01-31
Science City of Muñoz,2019-01-05,2019-01-18,2019-02-01
Science City of Muñoz,2019-01-06,2019-01-19,2019-02-02
Science City of Muñoz,2019-01-07,2019-01-20,2019-02-03
Science City of Muñoz,2019-01-08,2019-01-21,2019-02-04
Science City of Muñoz,2019-01-09,2019-01-22,2019-02-05
Science City of Muñoz,2019-01-10,2019-01-23,2019-02-06
Science City of Muñoz,2019-01-11,2019-01-24,2019-02-07
Science City of Muñoz,2019-01-12,2019-01-25,2019-02-08
Science City of Muñoz,2019-01-13,2019-01-26,2019-02-09
Science City of Muñoz,2019-01-14,2019-01-27,2019-02-10
Science City of Muñoz,2019-01-15,2019-01-28,2019-02-11
Science City of Muñoz,2019-01-16,2019-01-29,2019-02-12
Science City of Muñoz,2019-01-17,2019-01-30,2019-02-13
Science City of Muñoz,2019-01-18,2019-01-31,2019-02-14
Science City of Muñoz,2019-01-19,2019-02-01,2019-02-15
Science City of Muñoz,2019-01-20,2019-02-02,2019-02-16
Science City of Muñoz,2019-01-21,2019-02-03,2019-02-17
Science City of Muñoz,2019-01-22,2019-02-04,2019-02-18
Science City of Muñoz,2019-01-23,2019-02-05,2019-02-19
Science City of Muñoz,2019-01-24,2019-02-06,2019-02-20
Science City of Muñoz,2019-01-25,2019-02-07,2019-02-21
Science City of Muñoz,2019-01-26,2019-02-08,2019-02-22
Science City of Muñoz,2019-01-27,2019-02-09,2019-02-23
Science City of Muñoz,2019-01-28,2019-02-10,2019-02-24
Science City of Muñoz,2019-01-29,2019-02-11,2019-02-25
Science City of Muñoz,2019-01-30,2019-02-12,2019-02-26
Science City of Muñoz,2019-01-31,2019-02-13,2019-02-27
Science City of Muñoz,2019-02-01,2019-02-14,2019-02-28
Science City of Muñoz,2019-02-02,2019-02-15,2019-03-01
Science City of Muñoz,2019-02-03,2019-02-16,2019-03-02
Science City of Muñoz,2019-02-04,2019-02-17,2019-03-03
Science City of Muñoz,2019-02-05,2019-02-18,2019-03-04
Science City of Muñoz,2019-02-06,2019-02-19,2019-03-05
Science City of Muñoz,2019-02-07,2019-02-20,2019-03-06
Science City of Muñoz,2019-02-08,2019-02-21,2019-03-07
Science City of Muñoz,2019-02-09,2019-02-22,2019-03-08
Science City of Muñoz,2019-02-10,2019-02-23,2019-03-09
Science City of Muñoz,2019-02-11,2019-02-24,2019-03-10
Science City of Muñoz,2019-02-12,2019-02-25,2019-03-11
Science City of Muñoz,2019-02-13,2019-02-26,2019-03-12
Science City of Muñoz,2019-02-14,2019-02-27,2019-03-13
Science City of Muñoz,2019-02-15,2019-02-28,2019-03-14
Science City of Muñoz,2019-02-16,2019-03-01,2019-03-15
Science City of Muñoz,2019-02-17,2019-03-02,2019-03-16
Science City of Muñoz,2019-02-18,2019-03-03,2019-03-17
Science City of Muñoz,2019-02-19,2019-03-04,2019-03-18
Science City of Muñoz,2019-02-20,2019-03-05,2019-03-19
Science City of Muñoz,2019-02-21,2019-03-06,2019-03-20
Science City of Muñoz,2019-02-22,2019-03-07,2019-03-21
Science City of Muñoz,2019-02-23,2019-03-08,2019-03-22
Science City of Muñoz,2019-02-24,2019-03-09,2019-03-23
Science City of Muñoz,2019-02-25,2019-03-10,2019-03-24
Science City of Muñoz,2019-02-26,2019-03-11,2019-03-25
Science City of Muñoz,2019-02-27,2019-03-12,2019-03-26
Science City of Muñoz,2019-02-28,2019-03-13,2019-03-27
Science City of Muñoz,2019-03-01,2019-03-14,2019-03-28
Science City of Muñoz,2019-03-02,2019-03-15,2019-03-29
Science City of Muñoz,2019-03-03,2019-03-16,2019-03-30
Science City of Muñoz,2019-03-04,2019-03-17,2019-03-31
Science City of Muñoz,2019-03-05,2019-03-18,2019-04-01
Science City of Muñoz,2019-03-06,2019-03-19,2019-04-02
Science City of Muñoz,2019-03-07,2019-03-20,2019-04-03
Science City of Muñoz,2019-03-08,2019-03-21,2019-04-04
Science City of Muñoz,2019-03-09,2019-03-22,2019-04-05
Science City of Muñoz,2019-03-10,2019-03-23,2019-04-06
Science City of Muñoz,2019-03-11,2019-03-24,2019-04-07
Science City of Muñoz,2019-03-12,2019-03-25,2019-04-08
Science City of Muñoz,2019-03-13,2019-03-26,2019-04-09
Science City of Muñoz,2019-03-14,2019-03-27,2019-04-10
Science City of Muñoz,2019-03-15,2019-03-28,2019-04-11
Science City of Muñoz,2019-03-16,2019-03-29,2019-04-12
Science City of Muñoz,2019-03-17,2019-03-30,2019-04-13
Science City of Muñoz,2019-03-18,2019-03-31,2019-04-14
Science City of Muñoz,2019-03-19,2019-04-01,2019-04-15
Science City of Muñoz,2019-03-20,2019-04-02,2019-04-16
Science City of Muñoz,2019-03-21,2019-04-03,2019-04-17
Science City of Muñoz,2019-03-22,2019-04-04,2019-04-18
Science City of Muñoz,2019-03-23,2019-04-05,2019-04-19
Science City of Muñoz,2019-03-24,2019-04-06,2019-04-20
Science City of Muñoz,2019-03-25,2019-04-07,2019-04-21
Science City of Muñoz,2019-03-26,2019-04-08,2019-04-22
Science City of Muñoz,2019-03-27,2019-04-09,2019-04-23
Science City of Muñoz,2019-03-28,2019-04-10,2019-04-24
Science City of Muñoz,2019-03-29,2019-04-11,2019-04-25
Science City of Muñoz,2019-03-30,2019-04-12,2019-04-26
Science City of Muñoz,2019-03-31,2019-04-13,2019-04-27
Science City of Muñoz,2019-04-01,2019-04-14,2019-04-28
Science City of Muñoz,2019-04-02,2019-04-15,2019-04-29
Science City of Muñoz,2019-04-03,2019-04-16,2019-04-30
Science City of Muñoz,2019-04-04,2019-04-17,2019-05-01
Science City of Muñoz,2019-04-05,2019-04-18,2019-05-02
Science City of Muñoz,2019-04-06,2019-04-19,2019-05-03
Science City of Muñoz,2019-04-07,2019-04-20,2019-05-04
Science City of Muñoz,2019-04-08,2019-04-21,2019-05-05
Science City of Muñoz,2019-04-09,2019-04-22,2019-05-06
Science City of Muñoz,2019-04-10,2019-04-23,2019-05-07
Science City of Muñoz,2019-04-11,2019-04-24,2019-05-08
Science City of Muñoz,2019-04-12,2019-04-25,2019-05-09
Science City of Muñoz,2019-04-13,2019-04-26,2019-05-10
Science City of Muñoz,2019-04-14,2019-04-27,2019-05-11
Science City of Muñoz,2019-04-15,2019-04-28,2019-05-12
Science City of Muñoz,2019-04-16,2019-04-29,2019-05-13
Science City of Muñoz,2019-04-17,2019-04-30,2019-05-14
Science City of Muñoz,2019-04-18,2019-05-01,2019-05-15
Science City of Muñoz,2019-04-19,2019-05-02,2019-05-16
Science City of Muñoz,2019-04-20,2019-05-03,2019-05-17
Science City of Muñoz,2019-04-21,2019-05-04,2019-05-18
Science City of Muñoz,2019-04-22,2019-05-05,2019-05-19
Science City of Muñoz,2019-04-23,2019-05-06,2019-05-20
Science City of Muñoz,2019-04-24,2019-05-07,2019-05-21
Science City of Muñoz,2019-04-25,2019-05-08,2019-05-22
Science City of Muñoz,2019-04-26,2019-05-09,2019-05-23
Science City of Muñoz,2019-04-27,2019-05-10,2019-05-24
Science City of Muñoz,2019-04-28,2019-05-11,2019-05-25
Science City of Muñoz,2019-04-29,2019-05-12,2019-05-26
Science City of Muñoz,2019-04-30,2019-05-13,2019-05-27
Science City of Muñoz,2019-05-01,2019-05-14,2019-05-28
Science City of Muñoz,2019-05-02,2019-05-15,2019-05-29
Science City of Muñoz,2019-05-03,2019-05-16,2019-05-30
Science City of Muñoz,2019-05-04,2019-05-17,2019-05-31
Science City of Muñoz,2019-05-05,2019-05-18,2019-06-01
Science City of Muñoz,2019-05-06,2019-05-19,2019-06-02
Science City of Muñoz,2019-05-07,2019-05-20,2019-06-03
Science City of Muñoz,2019-05-08,2019-05-21,2019-06-04
Science City of Muñoz,2019-05-09,2019-05-22,2019-06-05
Science City of Muñoz,2019-05-10,2019-05-23,2019-06-06
Science City of Muñoz,2019-05-11,2019-05-24,2019-06-07
Science City of Muñoz,2019-05-12,2019-05-25,2019-06-08
Science City of Muñoz,2019-05-13,2019-05-26,2019-06-09
Science City of Muñoz,2019-05-14,2019-05-27,2019-06-10
Science City of Muñoz,2019-05-15,2019-05-28,2019-06-11
Science City of Muñoz,2019-05-16,2019-05-29,2019-06-12
Science City of Muñoz,2019-05-17,2019-05-30,2019-06-13
Science City of Muñoz,2019-05-18,2019-05-31,2019-06-14
Science City of Muñoz,2019-05-19,2019-06-01,2019-06-15
Science City of Muñoz,2019-05-20,2019-06-02,2019-06-16
Science City of Muñoz,2019-05-21,2019-06-03,2019-06-17
Science City of Muñoz,2019-05-22,2019-06-04,2019-06-18
Science City of Muñoz,2019-05-23,2019-06-05,2019-06-19
Science City of Muñoz,2019-05-24,2019-06-06,2019-06-20
Science City of Muñoz,2019-05-25,2019-06-07,2019-06-21
Science City of Muñoz,2019-05-26,2019-06-08,2019-06-22
Science City of Muñoz,2019-05-27,2019-06-09,2019-06-23
Science City of Muñoz,2019-05-28,2019-06-10,2019-06-24
Science City of Muñoz,2019-05-29,2019-06-11,2019-06-25
Science City of Muñoz,2019-05-30,2019-06-12,2019-06-26
Science City of Muñoz,2019-05-31,2019-06-13,2019-06-27
Science City of Muñoz,2019-06-01,2019-06-14,2019-06-28
Science City of Muñoz,2019-06-02,2019-06-15,2019-06-29
Science City of Muñoz,2019-06-03,2019-06-16,2019-06-30
Science City of Muñoz,2019-06-04,2019-06-17,2019-07-01
Science City of Muñoz,2019-06-05,2019-06-18,2019-07-02
Science City of Muñoz,2019-06-06,2019-06-19,2019-07-03
Science City of Muñoz,2019-06-07,2019-06-20,2019-07-04
Science City of Muñoz,2019-06-08,2019-06-21,2019-07-05
Science City of Muñoz,2019-06-09,2019-06-22,2019-07-06
Science City of Muñoz,2019-06-10,2019-06-23,2019-07-07
Science City of Muñoz,2019-06-11,2019-06-24,2019-07-08
Science City of Muñoz,2019-06-12,2019-06-25,2019-07-09
Science City of Muñoz,2019-06-13,2019-06-26,2019-07-10
Science City of Muñoz,2019-06-14,2019-06-27,2019-07-11
Science City of Muñoz,2019-06-15,2019-06-28,2019-07-12
Science City of Muñoz,2019-06-16,2019-06-29,2019-07-13
Science City of Muñoz,2019-06-17,2019-06-30,2019-07-14
Science City of Muñoz,2019-06-18,2019-07-01,2019-07-15
Science City of Muñoz,2019-06-19,2019-07-02,2019-07-16
Science City of Muñoz,2019-06-20,2019-07-03,2019-07-17
Science City of Muñoz,2019-06-21,2019-07-04,2019-07-18
Science City of Muñoz,2019-06-22,2019-07-05,2019-07-19
Science City of Muñoz,2019-06-23,2019-07-06,2019-07-20
Science City of Muñoz,2019-06-24,2019-07-07,2019-07-21
Science City of Muñoz,2019-06-25,2019-07-08,2019-07-22
Science City of Muñoz,2019-06-26,2019-07-09,2019-07-23
Science City of Muñoz,2019-06-27,2019-07-10,2019-07-24
Science City of Muñoz,2019-06-28,2019-07-11,2019-07-25
Science City of Muñoz,2019-06-29,2019-07-12,2019-07-26
Science City of Muñoz,2019-06-30,2019-07-13,2019-07-27
Science City of Muñoz,2019-07-01,2019-07-14,2019-07-28
Science City of Muñoz,2019-07-02,2019-07-15,2019-07-29
Science City of Muñoz,2019-07-03,2019-07-16,2019-07-30
Science City of Muñoz,2019-07-04,2019-07-17,2019-07-31
Science City of Muñoz,2019-07-05,2019-07-18,2019-08-01
Science City of Muñoz,2019-07-06,2019-07-19,2019-08-02
Science City of Muñoz,2019-07-07,2019-07-20,2019-08-03
Science City of Muñoz,2019-07-08,2019-07-21,2019-08-04
Science City of Muñoz,2019-07-09,2019-07-22,2019-08-05
Science City of Muñoz,2019-07-10,2019-07-23,2019-08-06
Science City of Muñoz,2019-07-11,2019-07-24,2019-08-07
Science City of Muñoz,2019-07-12,2019-07-25,2019-08-08
Science City of Muñoz,2019-07-13,2019-07-26,2019-08-09
Science City of Muñoz,2019-07-14,2019-07-27,2019-08-10
Science City of Muñoz,2019-07-15,2019-07-28,2019-08-11
Science City of Muñoz,2019-07-16,2019-07-29,2019-08-12
Science City of Muñoz,2019-07-17,2019-07-30,2019-08-13
Science City of Muñoz,2019-07-18,2019-07-31,2019-08-14
Science City of Muñoz,2019-07-19,2019-08-01,2019-08-15
Science City of Muñoz,2019-07-20,2019-08-02,2019-08-16
Science City of Muñoz,2019-07-21,2019-08-03,2019-08-17
Science City of Muñoz,2019-07-22,2019-08-04,2019-08-18
Science City of Muñoz,2019-07-23,2019-08-05,2019-08-19
Science City of Muñoz,2019-07-24,2019-08-06,2019-08-20
Science City of Muñoz,2019-07-25,2019-08-07,2019-08-21
Science City of Muñoz,2019-07-26,2019-08-08,2019-08-22
Science City of Muñoz,2019-07-27,2019-08-09,2019-08-23
Science City of Muñoz,2019-07-28,2019-08-10,2019-08-24
Science City of Muñoz,2019-07-29,2019-08-11,2019-08-25
Science City of Muñoz,2019-07-30,2019-08-12,2019-08-26
Science City of Muñoz,2019-07-31,2019-08-13,2019-08-27
Science City of Muñoz,2019-08-01,2019-08-14,2019-08-28
Science City of Muñoz,2019-08-02,2019-08-15,2019-08-29
Science City of Muñoz,2019-08-03,2019-08-16,2019-08-30
Science City of Muñoz,2019-08-04,2019-08-17,2019-08-31
Science City of Muñoz,2019-08-05,2019-08-18,2019-09-01
Science City of Muñoz,2019-08-06,2019-08-19,2019-09-02
Science City of Muñoz,2019-08-07,2019-08-20,2019-09-03
Science City of Muñoz,2019-08-08,2019-08-21,2019-09-04
Science City of Muñoz,2019-08-09,2019-08-22,2019-09-05
Science City of Muñoz,2019-08-10,2019-08-23,2019-09-06
Science City of Muñoz,2019-08-11,2019-08-24,2019-09-07
Science City of Muñoz,2019-08-12,2019-08-25,2019-09-08
Science City of Muñoz,2019-08-13,2019-08-26,2019-09-09
Science City of Muñoz,2019-08-14,2019-08-27,2019-09-10
Science City of Muñoz,2019-08-15,2019-08-28,2019-09-11
Science City of Muñoz,2019-08-16,2019-08-29,2019-09-12
Science City of Muñoz,2019-08-17,2019-08-30,2019-09-13
Science City of Muñoz,2019-08-18,2019-08-31,2019-09-14
Science City of Muñoz,2019-08-19,2019-09-01,2019-09-15
Science City of Muñoz,2019-08-20,2019-09-02,2019-09-16
Science City of Muñoz,2019-08-21,2019-09-03,2019-09-17
Science City of Muñoz,2019-08-22,2019-09-04,2019-09-18
Science City of Muñoz,2019-08-23,2019-09-05,2019-09-19
Science City of Muñoz,2019-08-24,2019-09-06,2019-09-20
Science City of Muñoz,2019-08-25,2019-09-07,2019-09-21
Science City of Muñoz,2019-08-26,2019-09-08,2019-09-22
Science City of Muñoz,2019-08-27,2019-09-09,2019-09-23
Science City of Muñoz,2019-08-28,2019-09-10,2019-09-24
Science City of Muñoz,2019-08-29,2019-09-11,2019-09-25
Science City of Muñoz,2019-08-30,2019-09-12,2019-09-26
Science City of Muñoz,2019-08-31,2019-09-13,2019-09-27
Science City of Muñoz,2019-09-01,2019-09-14,2019-09-28
Science City of Muñoz,2019-09-02,2019-09-15,2019-09-29
Science City of Muñoz,2019-09-03,2019-09-16,2019-09-30
Science City of Muñoz,2019-09-04,2019-09-17,2019-10-01
Science City of Muñoz,2019-09-05,2019-09-18,2019-10-02
Science City of Muñoz,2019-09-06,2019-09-19,2019-10-03
Science City of Muñoz,2019-09-07,2019-09-20,2019-10-04
Science City of Muñoz,2019-09-08,2019-09-21,2019-10-05
Science City of Muñoz,2019-09-09,2019-09-22,2019-10-06
Science City of Muñoz,2019-09-10,2019-09-23,2019-10-07
Science City of Muñoz,2019-09-11,2019-09-24,2019-10-08
Science City of Muñoz,2019-09-12,2019-09-25,2019-10-09
Science City of Muñoz,2019-09-13,2019-09-26,2019-10-10
Science City of Muñoz,2019-09-14,2019-09-27,2019-10-11
Science City of Muñoz,2019-09-15,2019-09-28,2019-10-12
Science City of Muñoz,2019-09-16,2019-09-29,2019-10-13
Science City of Muñoz,2019-09-17,2019-09-30,2019-10-14
Science City of Muñoz,2019-09-18,2019-10-01,2019-10-15
Science City of Muñoz,2019-09-19,2019-10-02,2019-10-16
Science City of Muñoz,2019-09-20,2019-10-03,2019-10-17
Science City of Muñoz,2019-09-21,2019-10-04,2019-10-18
Science City of Muñoz,2019-09-22,2019-10-05,2019-10-19
Science City of Muñoz,2019-09-23,2019-10-06,2019-10-20
Science City of Muñoz,2019-09-24,2019-10-07,2019-10-21
Science City of Muñoz,2019-09-25,2019-10-08,2019-10-22
Science City of Muñoz,2019-09-26,2019-10-09,2019-10-23
Science City of Muñoz,2019-09-27,2019-10-10,2019-10-24
Science City of Muñoz,2019-09-28,2019-10-11,2019-10-25
Science City of Muñoz,2019-09-29,2019-10-12,2019-10-26
Science City of Muñoz,2019-09-30,2019-10-13,2019-10-27
Science City of Muñoz,2019-10-01,2019-10-14,2019-10-28
Science City of Muñoz,2019-10-02,2019-10-15,2019-10-29
Science City of Muñoz,2019-10-03,2019-10-16,2019-10-30
Science City of Muñoz,2019-10-04,2019-10-17,2019-10-31
Science City of Muñoz,2019-10-05,2019-10-18,2019-11-01
Science City of Muñoz,2019-10-06,2019-10-19,2019-11-02
Science City of Muñoz,2019-10-07,2019-10-20,2019-11-03
Science City of Muñoz,2019-10-08,2019-10-21,2019-11-04
Science City of Muñoz,2019-10-09,2019-10-22,2019-11-05
Science City of Muñoz,2019-10-10,2019-10-23,2019-11-06
Science City of Muñoz,2019-10-11,2019-10-24,2019-11-07
Science City of Muñoz,2019-10-12,2019-10-25,2019-11-08
Science City of Muñoz,2019-10-13,2019-10-26,2019-11-09
Science City of Muñoz,2019-10-14,2019-10-27,2019-11-10
Science City of Muñoz,2019-10-15,2019-10-28,2019-11-11
Science City of Muñoz,2019-10-16,2019-10-29,2019-11-12
Science City of Muñoz,2019-10-17,2019-10-30,2019-11-13
Science City of Muñoz,2019-10-18,2019-10-31,2019-11-14
Science City of Muñoz,2019-10-19,2019-11-01,2019-11-15
Science City of Muñoz,2019-10-20,2019-11-02,2019-11-16
Science City of Muñoz,2019-10-21,2019-11-03,2019-11-17
Science City of Muñoz,2019-10-22,2019-11-04,2019-11-18
Science City of Muñoz,2019-10-23,2019-11-05,2019-11-19
Science City of Muñoz,2019-10-24,2019-11-06,2019-11-20
Science City of Muñoz,2019-10-25,2019-11-07,2019-11-21
Science City of Muñoz,2019-10-26,2019-11-08,2019-11-22
Science City of Muñoz,2019-10-27,2019-11-09,2019-11-23
Science City of Muñoz,2019-10-28,2019-11-10,2019-11-24
Science City of Muñoz,2019-10-29,2019-11-11,2019-11-25
Science City of Muñoz,2019-10-30,2019-11-12,2019-11-26
Science City of Muñoz,2019-10-31,2019-11-13,2019-11-27
Science City of Muñoz,2019-11-01,2019-11-14,2019-11-28
Science City of Muñoz,2019-11-02,2019-11-15,2019-11-29
Science City of Muñoz,2019-11-03,2019-11-16,2019-11-30
Science City of Muñoz,2019-11-04,2019-11-17,2019-12-01
Science City of Muñoz,2019-11-05,2019-11-18,2019-12-02
Science City of Muñoz,2019-11-06,2019-11-19,2019-12-03
Science City of Muñoz,2019-11-07,2019-11-20,2019-12-04
Science City of Muñoz,2019-11-08,2019-11-21,2019-12-05
Science City of Muñoz,2019-11-09,2019-11-22,2019-12-06
Science City of Muñoz,2019-11-10,2019-11-23,2019-12-07
Science City of Muñoz,2019-11-11,2019-11-24,2019-12-08
Science City of Muñoz,2019-11-12,2019-11-25,2019-12-09
Science City of Muñoz,2019-11-13,2019-11-26,2019-12-10
Science City of Muñoz,2019-11-14,2019-11-27,2019-12-11
Science City of Muñoz,2019-11-15,2019-11-28,2019-12-12
Science City of Muñoz,2019-11-16,2019-11-29,2019-12-13
Science City of Muñoz,2019-11-17,2019-11-30,2019-12-14
Science City of Muñoz,2019-11-18,2019-12-01,2019-12-15
Science City of Muñoz,2019-11-19,2019-12-02,2019-12-16
Science City of Muñoz,2019-11-20,2019-12-03,2019-12-17
Science City of Muñoz,2019-11-21,2019-12-04,2019-12-18
Science City of Muñoz,2019-11-22,2019-12-05,2019-12-19
Science City of Muñoz,2019-11-23,2019-12-06,2019-12-20
Science City of Muñoz,2019-11-24,2019-12-07,2019-12-21
Science City of Muñoz,2019-11-25,2019-12-08,2019-12-22
Science City of Muñoz,2019-11-26,2019-12-09,2019-12-23
Science City of Muñoz,2019-11-27,2019-12-10,2019-12-24
Science City of Muñoz,2019-11-28,2019-12-11,2019-12-25
Science City of Muñoz,2019-11-29,2019-12-12,2019-12-26
Science City of Muñoz,2019-11-30,2019-12-13,2019-12-27
Science City of Muñoz,2019-12-01,2019-12-14,2019-12-28
Science City of Muñoz,2019-12-02,2019-12-15,2019-12-29
Science City of Muñoz,2019-12-03,2019-12-16,2019-12-30
Science City of Muñoz,2019-12-04,2019-12-17,2019-12-31
Science City of Muñoz,2019-12-05,2019-12-18,2020-01-01
Science City of Muñoz,2019-12-06,2019-12-19,2020-01-02
Science City of Muñoz,2019-12-07,2019-12-20,2020-01-03
Science City of Muñoz,2019-12-08,2019-12-21,2020-01-04
Science City of Muñoz,2019-12-09,2019-12-22,2020-01-05
Science City of Muñoz,2019-12-10,2019-12-23,2020-01-06
Science City of Muñoz,2019-12-11,2019-12-24,2020-01-07
Science City of Muñoz,2019-12-12,2019-12-25,2020-01-08
Science City of Muñoz,2019-12-13,2019-12-26,2020-01-09
Science City of Muñoz,2019-12-14,2019-12-27,2020-01-10
Science City of Muñoz,2019-12-15,2019-12-28,2020-01-11
Science City of Muñoz,2019-12-16,2019-12-29,2020-01-12
Science City of Muñoz,2019-12-17,2019-12-30,2020-01-13
Science City of Muñoz,2019-12-18,2019-12-31,2020-01-14
Science City of Muñoz,2019-12-19,2020-01-01,2020-01-15
Science City of Muñoz,2019-12-20,2020-01-02,2020-01-16
Science City of Muñoz,2019-12-21,2020-01-03,2020-01-17
Science City of Muñoz,2019-12-22,2020-01-04,2020-01-18
Science City of Muñoz,2019-12-23,2020-01-05,2020-01-19
Science City of Muñoz,2019-12-24,2020-01-06,2020-01-20
Science City of Muñoz,2019-12-25,2020-01-07,2020-01-21
Science City of Muñoz,2019-12-26,2020-01-08,2020-01-22
Science City of Muñoz,2019-12-27,2020-01-09,2020-01-23
Science City of Muñoz,2019-12-28,2020-01-10,2020-01-24
Science City of Muñoz,2019-12-29,2020-01-11,2020-01-25
Science City of Muñoz,2019-12-30,2020-01-12,2020-01-26
Science City of Muñoz,2019-12-31,2020-01-13,2020-01-27
Science City of Muñoz,2020-01-01,2020-01-14,2020-01-28
Science City of Muñoz,2020-01-02,2020-01-15,2020-01-29
Science City of Muñoz,2020-01-03,2020-01-16,2020-01-30
Science City of Muñoz,2020-01-04,2020-01-17,2020-01-31
Science City of Muñoz,2020-01-05,2020-01-18,2020-02-01
Science City of Muñoz,2020-01-06,2020-01-19,2020-02-02
Science City of Muñoz,2020-01-07,2020-01-20,2020-02-03
Science City of Muñoz,2020-01-08,2020-01-21,2020-02-04
Science City of Muñoz,2020-01-09,2020-01-22,2020-02-05
Science City of Muñoz,2020-01-10,2020-01-23,2020-02-06
Science City of Muñoz,2020-01-11,2020-01-24,2020-02-07
Science City of Muñoz,2020-01-12,2020-01-25,2020-02-08
Science City of Muñoz,2020-01-13,2020-01-26,2020-02-09
Science City of Muñoz,2020-01-14,2020-01-27,2020-02-10
Science City of Muñoz,2020-01-15,2020-01-28,2020-02-11
Science City of Muñoz,2020-01-16,2020-01-29,2020-02-12
Science City of Muñoz,2020-01-17,2020-01-30,2020-02-13
Science City of Muñoz,2020-01-18,2020-01-31,2020-02-14
Science City of Muñoz,2020-01-19,2020-02-01,2020-02-15
Science City of Muñoz,2020-01-20,2020-02-02,2020-02-16
Science City of Muñoz,2020-01-21,2020-02-03,2020-02-17
Science City of Muñoz,2020-01-22,2020-02-04,2020-02-18
Science City of Muñoz,2020-01-23,2020-02-05,2020-02-19
Science City of Muñoz,2020-01-24,2020-02-06,2020-02-20
Science City of Muñoz,2020-01-25,2020-02-07,2020-02-21
Science City of Muñoz,2020-01-26,2020-02-08,2020-02-22
Science City of Muñoz,2020-01-27,2020-02-09,2020-02-23
Science City of Muñoz,2020-01-28,2020-02-10,2020-02-24
Science City of Muñoz,2020-01-29,2020-02-11,2020-02-25
Science City of Muñoz,2020-01-30,2020-02-12,2020-02-26
Science City of Muñoz,2020-01-31,2020-02-13,2020-02-27
Science City of Muñoz,2020-02-01,2020-02-14,2020-02-28
Science City of Muñoz,2020-02-02,2020-02-15,2020-02-29
Science City of Muñoz,2020-02-03,2020-02-16,2020-03-01
Science City of Muñoz,2020-02-04,2020-02-17,2020-03-02
Science City of Muñoz,2020-02-05,2020-02-18,2020-03-03
Science City of Muñoz,2020-02-06,2020-02-19,2020-03-04
Science City of Muñoz,2020-02-07,2020-02-20,2020-03-05
Science City of Muñoz,2020-02-08,2020-02-21,2020-03-06
Science City of Muñoz,2020-02-09,2020-02-22,2020-03-07
Science City of Muñoz,2020-02-10,2020-02-23,2020-03-08
Science City of Muñoz,2020-02-11,2020-02-24,2020-03-09
Science City of Muñoz,2020-02-12,2020-02-25,2020-03-10
Science City of Muñoz,2020-02-13,2020-02-26,2020-03-11
Science City of Muñoz,2020-02-14,2020-02-27,2020-03-12
Science City of Muñoz,2020-02-15,2020-02-28,2020-03-13
Science City of Muñoz,2020-02-16,2020-02-29,2020-03-14
Science City of Muñoz,2020-02-17,2020-03-01,2020-03-15
Science City of Muñoz,2020-02-18,2020-03-02,2020-03-16
Science City of Muñoz,2020-02-19,2020-03-03,2020-03-17
Science City of Muñoz,2020-02-20,2020-03-04,2020-03-18
Science City of Muñoz,2020-02-21,2020-03-05,2020-03-19
Science City of Muñoz,2020-02-22,2020-03-06,2020-03-20
Science City of Muñoz,2020-02-23,2020-03-07,2020-03-21
Science City of Muñoz,2020-02-24,2020-03-08,2020-03-22
Science City of Muñoz,2020-02-25,2020-03-09,2020-03-23
Science City of Muñoz,2020-02-26,2020-03-10,2020-03-24
Science City of Muñoz,2020-02-27,2020-03-11,2020-03-25
Science City of Muñoz,2020-02-28,2020-03-12,2020-03-26
Science City of Muñoz,2020-02-29,2020-03-13,2020-03-27
Science City of Muñoz,2020-03-01,2020-03-14,2020-03-28
Science City of Muñoz,2020-03-02,2020-03-15,2020-03-29
Science City of Muñoz,2020-03-03,2020-03-16,2020-03-30
Science City of Muñoz,2020-03-04,2020-03-17,2020-03-31
Science City of Muñoz,2020-03-05,2020-03-18,2020-04-01
Science City of Muñoz,2020-03-06,2020-03-19,2020-04-02
Science City of Muñoz,2020-03-07,2020-03-20,2020-04-03
Science City of Muñoz,2020-03-08,2020-03-21,2020-04-04
Science City of Muñoz,2020-03-09,2020-03-22,2020-04-05
Science City of Muñoz,2020-03-10,2020-03-23,2020-04-06
Science City of Muñoz,2020-03-11,2020-03-24,2020-04-07
Science City of Muñoz,2020-03-12,2020-03-25,2020-04-08
Science City of Muñoz,2020-03-13,2020-03-26,2020-04-09
Science City of Muñoz,2020-03-14,2020-03-27,2020-04-10
Science City of Muñoz,2020-03-15,2020-03-28,2020-04-11
Science City of Muñoz,2020-03-16,2020-03-29,2020-04-12
Science City of Muñoz,2020-03-17,2020-03-30,2020-04-13
Science City of Muñoz,2020-03-18,2020-03-31,2020-04-14
Science City of Muñoz,2020-03-19,2020-04-01,2020-04-15
Science City of Muñoz,2020-03-20,2020-04-02,2020-04-16
Science City of Muñoz,2020-03-21,2020-04-03,2020-04-17
Science City of Muñoz,2020-03-22,2020-04-04,2020-04-18
Science City of Muñoz,2020-03-23,2020-04-05,2020-04-19
Science City of Muñoz,2020-03-24,2020-04-06,2020-04-20
Science City of Muñoz,2020-03-25,2020-04-07,2020-04-21
Science City of Muñoz,2020-03-26,2020-04-08,2020-04-22
Science City of Muñoz,2020-03-27,2020-04-09,2020-04-23
Science City of Muñoz,2020-03-28,2020-04-10,2020-04-24
Science City of Muñoz,2020-03-29,2020-04-11,2020-04-25
Science City of Muñoz,2020-03-30,2020-04-12,2020-04-26
Science City of Muñoz,2020-03-31,2020-04-13,2020-04-27
Science City of Muñoz,2020-04-01,2020-04-14,2020-04-28
Science City of Muñoz,2020-04-02,2020-04-15,2020-04-29
Science City of Muñoz,2020-04-03,2020-04-16,2020-04-30
Science City of Muñoz,2020-04-04,2020-04-17,2020-05-01
Science City of Muñoz,2020-04-05,2020-04-18,2020-05-02
Science City of Muñoz,2020-04-06,2020-04-19,2020-05-03
Science City of Muñoz,2020-04-07,2020-04-20,2020-05-04
Science City of Muñoz,2020-04-08,2020-04-21,2020-05-05
Science City of Muñoz,2020-04-09,2020-04-22,2020-05-06
Science City of Muñoz,2020-04-10,2020-04-23,2020-05-07
Science City of Muñoz,2020-04-11,2020-04-24,2020-05-08
Science City of Muñoz,2020-04-12,2020-04-25,2020-05-09
Science City of Muñoz,2020-04-13,2020-04-26,2020-05-10
Science City of Muñoz,2020-04-14,2020-04-27,2020-05-11
Science City of Muñoz,2020-04-15,2020-04-28,2020-05-12
Science City of Muñoz,2020-04-16,2020-04-29,2020-05-13
Science City of Muñoz,2020-04-17,2020-04-30,2020-05-14
Science City of Muñoz,2020-04-18,2020-05-01,2020-05-15
Science City of Muñoz,2020-04-19,2020-05-02,2020-05-16
Science City of Muñoz,2020-04-20,2020-05-03,2020-05-17
Science City of Muñoz,2020-04-21,2020-05-04,2020-05-18
Science City of Muñoz,2020-04-22,2020-05-05,2020-05-19
Science City of Muñoz,2020-04-23,2020-05-06,2020-05-20
Science City of Muñoz,2020-04-24,2020-05-07,2020-05-21
Science City of Muñoz,2020-04-25,2020-05-08,2020-05-22
Science City of Muñoz,2020-04-26,2020-05-09,2020-05-23
Science City of Muñoz,2020-04-27,2020-05-10,2020-05-24
Science City of Muñoz,2020-04-28,2020-05-11,2020-05-25
Science City of Muñoz,2020-04-29,2020-05-12,2020-05-26
Science City of Muñoz,2020-04-30,2020-05-13,2020-05-27
Science City of Muñoz,2020-05-01,2020-05-14,2020-05-28
Science City of Muñoz,2020-05-02,2020-05-15,2020-05-29
Science City of Muñoz,2020-05-03,2020-05-16,2020-05-30
Science City of Muñoz,2020-05-04,2020-05-17,2020-05-31
Science City of Muñoz,2020-05-05,2020-05-18,2020-06-01
Science City of Muñoz,2020-05-06,2020-05-19,2020-06-02
Science City of Muñoz,2020-05-07,2020-05-20,2020-06-03
Science City of Muñoz,2020-05-08,2020-05-21,2020-06-04
Science City of Muñoz,2020-05-09,2020-05-22,2020-06-05
Science City of Muñoz,2020-05-10,2020-05-23,2020-06-06
Science City of Muñoz,2020-05-11,2020-05-24,2020-06-07
Science City of Muñoz,2020-05-12,2020-05-25,2020-06-08
Science City of Muñoz,2020-05-13,2020-05-26,2020-06-09
Science City of Muñoz,2020-05-14,2020-05-27,2020-06-10
Science City of Muñoz,2020-05-15,2020-05-28,2020-06-11
Science City of Muñoz,2020-05-16,2020-05-29,2020-06-12
Science City of Muñoz,2020-05-17,2020-05-30,2020-06-13
Science City of Muñoz,2020-05-18,2020-05-31,2020-06-14
Science City of Muñoz,2020-05-19,2020-06-01,2020-06-15
Science City of Muñoz,2020-05-20,2020-06-02,2020-06-16
Science City of Muñoz,2020-05-21,2020-06-03,2020-06-17
Science City of Muñoz,2020-05-22,2020-06-04,2020-06-18
Science City of Muñoz,2020-05-23,2020-06-05,2020-06-19
Science City of Muñoz,2020-05-24,2020-06-06,2020-06-20
Science City of Muñoz,2020-05-25,2020-06-07,2020-06-21
Science City of Muñoz,2020-05-26,2020-06-08,2020-06-22
Science City of Muñoz,2020-05-27,2020-06-09,2020-06-23
Science City of Muñoz,2020-05-28,2020-06-10,2020-06-24
Science City of Muñoz,2020-05-29,2020-06-11,2020-06-25
Science City of Muñoz,2020-05-30,2020-06-12,2020-06-26
Science City of Muñoz,2020-05-31,2020-06-13,2020-06-27
Science City of Muñoz,2020-06-01,2020-06-14,2020-06-28
Science City of Muñoz,2020-06-02,2020-06-15,2020-06-29
Science City of Muñoz,2020-06-03,2020-06-16,2020-06-30
Science City of Muñoz,2020-06-04,2020-06-17,2020-07-01
Science City of Muñoz,2020-06-05,2020-06-18,2020-07-02
Science City of Muñoz,2020-06-06,2020-06-19,2020-07-03
Science City of Muñoz,2020-06-07,2020-06-20,2020-07-04
Science City of Muñoz,2020-06-08,2020-06-21,2020-07-05
Science City of Muñoz,2020-06-09,2020-06-22,2020-07-06
Science City of Muñoz,2020-06-10,2020-06-23,2020-07-07
Science City of Muñoz,2020-06-11,2020-06-24,2020-07-08
Science City of Muñoz,2020-06-12,2020-06-25,2020-07-09
Science City of Muñoz,2020-06-13,2020-06-26,2020-07-10
Science City of Muñoz,2020-06-14,2020-06-27,2020-07-11
Science City of Muñoz,2020-06-15,2020-06-28,2020-07-12
Science City of Muñoz,2020-06-16,2020-06-29,2020-07-13
Science City of Muñoz,2020-06-17,2020-06-30,2020-07-14
Science City of Muñoz,2020-06-18,2020-07-01,2020-07-15
Science City of Muñoz,2020-06-19,2020-07-02,2020-07-16
Science City of Muñoz,2020-06-20,2020-07-03,2020-07-17
Science City of Muñoz,2020-06-21,2020-07-04,2020-07-18
Science City of Muñoz,2020-06-22,2020-07-05,2020-07-19
Science City of Muñoz,2020-06-23,2020-07-06,2020-07-20
Science City of Muñoz,2020-06-24,2020-07-07,2020-07-21
Science City of Muñoz,2020-06-25,2020-07-08,2020-07-22
Science City of Muñoz,2020-06-26,2020-07-09,2020-07-23
Science City of Muñoz,2020-06-27,2020-07-10,2020-07-24
Science City of Muñoz,2020-06-28,2020-07-11,2020-07-25
Science City of Muñoz,2020-06-29,2020-07-12,2020-07-26
Science City of Muñoz,2020-06-30,2020-07-13,2020-07-27
Science City of Muñoz,2020-07-01,2020-07-14,2020-07-28
Science City of Muñoz,2020-07-02,2020-07-15,2020-07-29
Science City of Muñoz,2020-07-03,2020-07-16,2020-07-30
Science City of Muñoz,2020-07-04,2020-07-17,2020-07-31
Science City of Muñoz,2020-07-05,2020-07-18,2020-08-01
Science City of Muñoz,2020-07-06,2020-07-19,2020-08-02
Science City of Muñoz,2020-07-07,2020-07-20,2020-08-03
Science City of Muñoz,2020-07-08,2020-07-21,2020-08-04
Science City of Muñoz,2020-07-09,2020-07-22,2020-08-05
Science City of Muñoz,2020-07-10,2020-07-23,2020-08-06
Science City of Muñoz,2020-07-11,2020-07-24,2020-08-07
Science City of Muñoz,2020-07-12,2020-07-25,2020-08-08
Science City of Muñoz,2020-07-13,2020-07-26,2020-08-09
Science City of Muñoz,2020-07-14,2020-07-27,2020-08-10
Science City of Muñoz,2020-07-15,2020-07-28,2020-08-11
Science City of Muñoz,2020-07-16,2020-07-29,2020-08-12
Science City of Muñoz,2020-07-17,2020-07-30,2020-08-13
Science City of Muñoz,2020-07-18,2020-07-31,2020-08-14
Science City of Muñoz,2020-07-19,2020-08-01,2020-08-15
Science City of Muñoz,2020-07-20,2020-08-02,2020-08-16
Science City of Muñoz,2020-07-21,2020-08-03,2020-08-17
Science City of Muñoz,2020-07-22,2020-08-04,2020-08-18
Science City of Muñoz,2020-07-23,2020-08-05,2020-08-19
Science City of Muñoz,2020-07-24,2020-08-06,2020-08-20
Science City of Muñoz,2020-07-25,2020-08-07,2020-08-21
Science City of Muñoz,2020-07-26,2020-08-08,2020-08-22
Science City of Muñoz,2020-07-27,2020-08-09,2020-08-23
Science City of Muñoz,2020-07-28,2020-08-10,2020-08-24
Science City of Muñoz,2020-07-29,2020-08-11,2020-08-25
Science City of Muñoz,2020-07-30,2020-08-12,2020-08-26
Science City of Muñoz,2020-07-31,2020-08-13,2020-08-27
Science City of Muñoz,2020-08-01,2020-08-14,2020-08-28
Science City of Muñoz,2020-08-02,2020-08-15,2020-08-29
Science City of Muñoz,2020-08-03,2020-08-16,2020-08-30
Science City of Muñoz,2020-08-04,2020-08-17,2020-08-31
Science City of Muñoz,2020-08-05,2020-08-18,2020-09-01
Science City of Muñoz,2020-08-06,2020-08-19,2020-09-02
Science City of Muñoz,2020-08-07,2020-08-20,2020-09-03
Science City of Muñoz,2020-08-08,2020-08-21,2020-09-04
Science City of Muñoz,2020-08-09,2020-08-22,2020-09-05
Science City of Muñoz,2020-08-10,2020-08-23,2020-09-06
Science City of Muñoz,2020-08-11,2020-08-24,2020-09-07
Science City of Muñoz,2020-08-12,2020-08-25,2020-09-08
Science City of Muñoz,2020-08-13,2020-08-26,2020-09-09
Science City of Muñoz,2020-08-14,2020-08-27,2020-09-10
Science City of Muñoz,2020-08-15,2020-08-28,2020-09-11
Science City of Muñoz,2020-08-16,2020-08-29,2020-09-12
Science City of Muñoz,2020-08-17,2020-08-30,2020-09-13
Science City of Muñoz,2020-08-18,2020-08-31,2020-09-14
Science City of Muñoz,2020-08-19,2020-09-01,2020-09-15
Science City of Muñoz,2020-08-20,2020-09-02,2020-09-16
Science City of Muñoz,2020-08-21,2020-09-03,2020-09-17
Science City of Muñoz,2020-08-22,2020-09-04,2020-09-18
Science City of Muñoz,2020-08-23,2020-09-05,2020-09-19
Science City of Muñoz,2020-08-24,2020-09-06,2020-09-20
Science City of Muñoz,2020-08-25,2020-09-07,2020-09-21
Science City of Muñoz,2020-08-26,2020-09-08,2020-09-22
Science City of Muñoz,2020-08-27,2020-09-09,2020-09-23
Science City of Muñoz,2020-08-28,2020-09-10,2020-09-24
Science City of Muñoz,2020-08-29,2020-09-11,2020-09-25
Science City of Muñoz,2020-08-30,2020-09-12,2020-09-26
Science City of Muñoz,2020-08-31,2020-09-13,2020-09-27
Science City of Muñoz,2020-09-01,2020-09-14,2020-09-28
Science City of Muñoz,2020-09-02,2020-09-15,2020-09-29
Science City of Muñoz,2020-09-03,2020-09-16,2020-09-30
Science City of Muñoz,2020-09-04,2020-09-17,2020-10-01
Science City of Muñoz,2020-09-05,2020-09-18,2020-10-02
Science City of Muñoz,2020-09-06,2020-09-19,2020-10-03
Science City of Muñoz,2020-09-07,2020-09-20,2020-10-04
Science City of Muñoz,2020-09-08,2020-09-21,2020-10-05
Science City of Muñoz,2020-09-09,2020-09-22,2020-10-06
Science City of Muñoz,2020-09-10,2020-09-23,2020-10-07
Science City of Muñoz,2020-09-11,2020-09-24,2020-10-08
Science City of Muñoz,2020-09-12,2020-09-25,2020-10-09
Science City of Muñoz,2020-09-13,2020-09-26,2020-10-10
Science City of Muñoz,2020-09-14,2020-09-27,2020-10-11
Science City of Muñoz,2020-09-15,2020-09-28,2020-10-12
Science City of Muñoz,2020-09-16,2020-09-29,2020-10-13
Science City of Muñoz,2020-09-17,2020-09-30,2020-10-14
Science City of Muñoz,2020-09-18,2020-10-01,2020-10-15
Science City of Muñoz,2020-09-19,2020-10-02,2020-10-16
Science City of Muñoz,2020-09-20,2020-10-03,2020-10-17
Science City of Muñoz,2020-09-21,2020-10-04,2020-10-18
Science City of Muñoz,2020-09-22,2020-10-05,2020-10-19
Science City of Muñoz,2020-09-23,2020-10-06,2020-10-20
Science City of Muñoz,2020-09-24,2020-10-07,2020-10-21
Science City of Muñoz,2020-09-25,2020-10-08,2020-10-22
Science City of Muñoz,2020-09-26,2020-10-09,2020-10-23
Science City of Muñoz,2020-09-27,2020-10-10,2020-10-24
Science City of Muñoz,2020-09-28,2020-10-11,2020-10-25
Science City of Muñoz,2020-09-29,2020-10-12,2020-10-26
Science City of Muñoz,2020-09-30,2020-10-13,2020-10-27
Science City of Muñoz,2020-10-01,2020-10-14,2020-10-28
Science City of Muñoz,2020-10-02,2020-10-15,2020-10-29
Science City of Muñoz,2020-10-03,2020-10-16,2020-10-30
Science City of Muñoz,2020-10-04,2020-10-17,2020-10-31
Science City of Muñoz,2020-10-05,2020-10-18,2020-11-01
Science City of Muñoz,2020-10-06,2020-10-19,2020-11-02
Science City of Muñoz,2020-10-07,2020-10-20,2020-11-03
Science City of Muñoz,2020-10-08,2020-10-21,2020-11-04
Science City of Muñoz,2020-10-09,2020-10-22,2020-11-05
Science City of Muñoz,2020-10-10,2020-10-23,2020-11-06
Science City of Muñoz,2020-10-11,2020-10-24,2020-11-07
Science City of Muñoz,2020-10-12,2020-10-25,2020-11-08
Science City of Muñoz,2020-10-13,2020-10-26,2020-11-09
Science City of Muñoz,2020-10-14,2020-10-27,2020-11-10
Science City of Muñoz,2020-10-15,2020-10-28,2020-11-11
Science City of Muñoz,2020-10-16,2020-10-29,2020-11-12
Science City of Muñoz,2020-10-17,2020-10-30,2020-11-13
Science City of Muñoz,2020-10-18,2020-10-31,2020-11-14
Science City of Muñoz,2020-10-19,2020-11-01,2020-11-15
Science City of Muñoz,2020-10-20,2020-11-02,2020-11-16
Science City of Muñoz,2020-10-21,2020-11-03,2020-11-17
Science City of Muñoz,2020-10-22,2020-11-04,2020-11-18
Science City of Muñoz,2020-10-23,2020-11-05,2020-11-19
Science City of Muñoz,2020-10-24,2020-11-06,2020-11-20
Science City of Muñoz,2020-10-25,2020-11-07,2020-11-21
Science City of Muñoz,2020-10-26,2020-11-08,2020-11-22
Science City of Muñoz,2020-10-27,2020-11-09,2020-11-23
Science City of Muñoz,2020-10-28,2020-11-10,2020-11-24
Science City of Muñoz,2020-10-29,2020-11-11,2020-11-25
Science City of Muñoz,2020-10-30,2020-11-12,2020-11-26
Science City of Muñoz,2020-10-31,2020-11-13,2020-11-27
Science City of Muñoz,2020-11-01,2020-11-14,2020-11-28
Science City of Muñoz,2020-11-02,2020-11-15,2020-11-29
Science City of Muñoz,2020-11-03,2020-11-16,2020-11-30
Science City of Muñoz,2020-11-04,2020-11-17,2020-12-01
Science City of Muñoz,2020-11-05,2020-11-18,2020-12-02
Science City of Muñoz,2020-11-06,2020-11-19,2020-12-03
Science City of Muñoz,2020-11-07,2020-11-20,2020-12-04
Science City of Muñoz,2020-11-08,2020-11-21,2020-12-05
Science City of Muñoz,2020-11-09,2020-11-22,2020-12-06
Science City of Muñoz,2020-11-10,2020-11-23,2020-12-07
Science City of Muñoz,2020-11-11,2020-11-24,2020-12-08
Science City of Muñoz,2020-11-12,2020-11-25,2020-12-09
Science City of Muñoz,2020-11-13,2020-11-26,2020-12-10
Science City of Muñoz,2020-11-14,2020-11-27,2020-12-11
Science City of Muñoz,2020-11-15,2020-11-28,2020-12-12
Science City of Muñoz,2020-11-16,2020-11-29,2020-12-13
Science City of Muñoz,2020-11-17,2020-11-30,2020-12-14
Science City of Muñoz,2020-11-18,2020-12-01,2020-12-15
Science City of Muñoz,2020-11-19,2020-12-02,2020-12-16
Science City of Muñoz,2020-11-20,2020-12-03,2020-12-17
Science City of Muñoz,2020-11-21,2020-12-04,2020-12-18
Science City of Muñoz,2020-11-22,2020-12-05,2020-12-19
Science City of Muñoz,2020-11-23,2020-12-06,2020-12-20
Science City of Muñoz,2020-11-24,2020-12-07,2020-12-21
Science City of Muñoz,2020-11-25,2020-12-08,2020-12-22
Science City of Muñoz,2020-11-26,2020-12-09,2020-12-23
Science City of Muñoz,2020-11-27,2020-12-10,2020-12-24
Science City of Muñoz,2020-11-28,2020-12-11,2020-12-25
Science City of Muñoz,2020-11-29,2020-12-12,2020-12-26
Science City of Muñoz,2020-11-30,2020-12-13,2020-12-27
Science City of Muñoz,2020-12-01,2020-12-14,2020-12-28
Science City of Muñoz,2020-12-02,2020-12-15,2020-12-29
Science City of Muñoz,2020-12-03,2020-12-16,2020-12-30
Science City of Muñoz,2020-12-04,2020-12-17,2020-12-31
Science City of Muñoz,2020-12-05,2020-12-18,2021-01-01
Science City of Muñoz,2020-12-06,2020-12-19,2021-01-02
Science City of Muñoz,2020-12-07,2020-12-20,2021-01-03
Science City of Muñoz,2020-12-08,2020-12-21,2021-01-04
Science City of Muñoz,2020-12-09,2020-12-22,2021-01-05
Science City of Muñoz,2020-12-10,2020-12-23,2021-01-06
Science City of Muñoz,2020-12-11,2020-12-24,2021-01-07
Science City of Muñoz,2020-12-12,2020-12-25,2021-01-08
Science City of Muñoz,2020-12-13,2020-12-26,2021-01-09
Science City of Muñoz,2020-12-14,2020-12-27,2021-01-10
Science City of Muñoz,2020-12-15,2020-12-28,2021-01-11
Science City of Muñoz,2020-12-16,2020-12-29,2021-01-12
Science City of Muñoz,2020-12-17,2020-12-30,2021-01-13
Science City of Muñoz,2020-12-18,2020-12-31,2021-01-14
Science City of Muñoz,2020-12-19,2021-01-01,2021-01-15
Science City of Muñoz,2020-12-20,2021-01-02,2021-01-16
Science City of Muñoz,2020-12-21,2021-01-03,2021-01-17
Science City of Muñoz,2020-12-22,2021-01-04,2021-01-18
Science City of Muñoz,2020-12-23,2021-01-05,2021-01-19
Science City of Muñoz,2020-12-24,2021-01-06,2021-01-20
Science City of Muñoz,2020-12-25,2021-01-07,2021-01-21
Science City of Muñoz,2020-12-26,2021-01-08,2021-01-22
Science City of Muñoz,2020-12-27,2021-01-09,2021-01-23
Science City of Muñoz,2020-12-28,2021-01-10,2021-01-24
Science City of Muñoz,2020-12-29,2021-01-11,2021-01-25
Science City of Muñoz,2020-12-30,2021-01-12,2021-01-26
Science City of Muñoz,2020-12-31,2021-01-13,2021-01-27
Science City of Muñoz,2021-01-01,2021-01-14,2021-01-28
Science City of Muñoz,2021-01-02,2021-01-15,2021-01-29
Science City of Muñoz,2021-01-03,2021-01-16,2021-01-30
Science City of Muñoz,2021-01-04,2021-01-17,2021-01-31
Science City of Muñoz,2021-01-05,2021-01-18,2021-02-01
Science City of Muñoz,2021-01-06,2021-01-19,2021-02-02
Science City of Muñoz,2021-01-07,2021-01-20,2021-02-03
Science City of Muñoz,2021-01-08,2021-01-21,2021-02-04
Science City of Muñoz,2021-01-09,2021-01-22,2021-02-05
Science City of Muñoz,2021-01-10,2021-01-23,2021-02-06
Science City of Muñoz,2021-01-11,2021-01-24,2021-02-07
Science City of Muñoz,2021-01-12,2021-01-25,2021-02-08
Science City of Muñoz,2021-01-13,2021-01-26,2021-02-09
Science City of Muñoz,2021-01-14,2021-01-27,2021-02-10
Science City of Muñoz,2021-01-15,2021-01-28,2021-02-11
Science City of Muñoz,2021-01-16,2021-01-29,2021-02-12
Science City of Muñoz,2021-01-17,2021-01-30,2021-02-13
Science City of Muñoz,2021-01-18,2021-01-31,2021-02-14
Science City of Muñoz,2021-01-19,2021-02-01,2021-02-15
Science City of Muñoz,2021-01-20,2021-02-02,2021-02-16
Science City of Muñoz,2021-01-21,2021-02-03,2021-02-17
Science City of Muñoz,2021-01-22,2021-02-04,2021-02-18
Science City of Muñoz,2021-01-23,2021-02-05,2021-02-19
Science City of Muñoz,2021-01-24,2021-02-06,2021-02-20
Science City of Muñoz,2021-01-25,2021-02-07,2021-02-21
Science City of Muñoz,2021-01-26,2021-02-08,2021-02-22
Science City of Muñoz,2021-01-27,2021-02-09,2021-02-23
Science City of Muñoz,2021-01-28,2021-02-10,2021-02-24
Science City of Muñoz,2021-01-29,2021-02-11,2021-02-25
Science City of Muñoz,2021-01-30,2021-02-12,2021-02-26
Science City of Muñoz,2021-01-31,2021-02-13,2021-02-27
Science City of Muñoz,2021-02-01,2021-02-14,2021-02-28
Science City of Muñoz,2021-02-02,2021-02-15,2021-03-01
Science City of Muñoz,2021-02-03,2021-02-16,2021-03-02
Science City of Muñoz,2021-02-04,2021-02-17,2021-03-03
Science City of Muñoz,2021-02-05,2021-02-18,2021-03-04
Science City of Muñoz,2021-02-06,2021-02-19,2021-03-05
Science City of Muñoz,2021-02-07,2021-02-20,2021-03-06
Science City of Muñoz,2021-02-08,2021-02-21,2021-03-07
Science City of Muñoz,2021-02-09,2021-02-22,2021-03-08
Science City of Muñoz,2021-02-10,2021-02-23,2021-03-09
Science City of Muñoz,2021-02-11,2021-02-24,2021-03-10
Science City of Muñoz,2021-02-12,2021-02-25,2021-03-11
Science City of Muñoz,2021-02-13,2021-02-26,2021-03-12
Science City of Muñoz,2021-02-14,2021-02-27,2021-03-13
Science City of Muñoz,2021-02-15,2021-02-28,2021-03-14
Science City of Muñoz,2021-02-16,2021-03-01,2021-03-15
Science City of Muñoz,2021-02-17,2021-03-02,2021-03-16
Science City of Muñoz,2021-02-18,2021-03-03,2021-03-17
Science City of Muñoz,2021-02-19,2021-03-04,2021-03-18
Science City of Muñoz,2021-02-20,2021-03-05,2021-03-19
Science City of Muñoz,2021-02-21,2021-03-06,2021-03-20
Science City of Muñoz,2021-02-22,2021-03-07,2021-03-21
Science City of Muñoz,2021-02-23,2021-03-08,2021-03-22
Science City of Muñoz,2021-02-24,2021-03-09,2021-03-23
Science City of Muñoz,2021-02-25,2021-03-10,2021-03-24
Science City of Muñoz,2021-02-26,2021-03-11,2021-03-25
Science City of Muñoz,2021-02-27,2021-03-12,2021-03-26
Science City of Muñoz,2021-02-28,2021-03-13,2021-03-27
Science City of Muñoz,2021-03-01,2021-03-14,2021-03-28
Science City of Muñoz,2021-03-02,2021-03-15,2021-03-29
Science City of Muñoz,2021-03-03,2021-03-16,2021-03-30
Science City of Muñoz,2021-03-04,2021-03-17,2021-03-31
Science City of Muñoz,2021-03-05,2021-03-18,2021-04-01
Science City of Muñoz,2021-03-06,2021-03-19,2021-04-02
Science City of Muñoz,2021-03-07,2021-03-20,2021-04-03
Science City of Muñoz,2021-03-08,2021-03-21,2021-04-04
Science City of Muñoz,2021-03-09,2021-03-22,2021-04-05
Science City of Muñoz,2021-03-10,2021-03-23,2021-04-06
Science City of Muñoz,2021-03-11,2021-03-24,2021-04-07
Science City of Muñoz,2021-03-12,2021-03-25,2021-04-08
Science City of Muñoz,2021-03-13,2021-03-26,2021-04-09
Science City of Muñoz,2021-03-14,2021-03-27,2021-04-10
Science City of Muñoz,2021-03-15,2021-03-28,2021-04-11
Science City of Muñoz,2021-03-16,2021-03-29,2021-04-12
Science City of Muñoz,2021-03-17,2021-03-30,2021-04-13
Science City of Muñoz,2021-03-18,2021-03-31,2021-04-14
Science City of Muñoz,2021-03-19,2021-04-01,2021-04-15
Science City of Muñoz,2021-03-20,2021-04-02,2021-04-16
Science City of Muñoz,2021-03-21,2021-04-03,2021-04-17
Science City of Muñoz,2021-03-22,2021-04-04,2021-04-18
Science City of Muñoz,2021-03-23,2021-04-05,2021-04-19
Science City of Muñoz,2021-03-24,2021-04-06,2021-04-20
Science City of Muñoz,2021-03-25,2021-04-07,2021-04-21
Science City of Muñoz,2021-03-26,2021-04-08,2021-04-22
Science City of Muñoz,2021-03-27,2021-04-09,2021-04-23
Science City of Muñoz,2021-03-28,2021-04-10,2021-04-24
Science City of Muñoz,2021-03-29,2021-04-11,2021-04-25
Science City of Muñoz,2021-03-30,2021-04-12,2021-04-26
Science City of Muñoz,2021-03-31,2021-04-13,2021-04-27
Science City of Muñoz,2021-04-01,2021-04-14,2021-04-28
Science City of Muñoz,2021-04-02,2021-04-15,2021-04-29
Science City of Muñoz,2021-04-03,2021-04-16,2021-04-30
Science City of Muñoz,2021-04-04,2021-04-17,2021-05-01
Science City of Muñoz,2021-04-05,2021-04-18,2021-05-02
Science City of Muñoz,2021-04-06,2021-04-19,2021-05-03
Science City of Muñoz,2021-04-07,2021-04-20,2021-05-04
Science City of Muñoz,2021-04-08,2021-04-21,2021-05-05
Science City of Muñoz,2021-04-09,2021-04-22,2021-05-06
Science City of Muñoz,2021-04-10,2021-04-23,2021-05-07
Science City of Muñoz,2021-04-11,2021-04-24,2021-05-08
Science City of Muñoz,2021-04-12,2021-04-25,2021-05-09
Science City of Muñoz,2021-04-13,2021-04-26,2021-05-10
Science City of Muñoz,2021-04-14,2021-04-27,2021-05-11
Science City of Muñoz,2021-04-15,2021-04-28,2021-05-12
Science City of Muñoz,2021-04-16,2021-04-29,2021-05-13
Science City of Muñoz,2021-04-17,2021-04-30,2021-05-14
Science City of Muñoz,2021-04-18,2021-05-01,2021-05-15
Science City of Muñoz,2021-04-19,2021-05-02,2021-05-16
Science City of Muñoz,2021-04-20,2021-05-03,2021-05-17
Science City of Muñoz,2021-04-21,2021-05-04,2021-05-18
Science City of Muñoz,2021-04-22,2021-05-05,2021-05-19
Science City of Muñoz,2021-04-23,2021-05-06,2021-05-20
Science City of Muñoz,2021-04-24,2021-05-07,2021-05-21
Science City of Muñoz,2021-04-25,2021-05-08,2021-05-22
Science City of Muñoz,2021-04-26,2021-05-09,2021-05-23
Science City of Muñoz,2021-04-27,2021-05-10,2021-05-24
Science City of Muñoz,2021-04-28,2021-05-11,2021-05-25
Science City of Muñoz,2021-04-29,2021-05-12,2021-05-26
Science City of Muñoz,2021-04-30,2021-05-13,2021-05-27
Science City of Muñoz,2021-05-01,2021-05-14,2021-05-28
Science City of Muñoz,2021-05-02,2021-05-15,2021-05-29
Science City of Muñoz,2021-05-03,2021-05-16,2021-05-30
Science City of Muñoz,2021-05-04,2021-05-17,2021-05-31
Science City of Muñoz,2021-05-05,2021-05-18,2021-06-01
Science City of Muñoz,2021-05-06,2021-05-19,2021-06-02
Science City of Muñoz,2021-05-07,2021-05-20,2021-06-03
Science City of Muñoz,2021-05-08,2021-05-21,2021-06-04
Science City of Muñoz,2021-05-09,2021-05-22,2021-06-05
Science City of Muñoz,2021-05-10,2021-05-23,2021-06-06
Science City of Muñoz,2021-05-11,2021-05-24,2021-06-07
Science City of Muñoz,2021-05-12,2021-05-25,2021-06-08
Science City of Muñoz,2021-05-13,2021-05-26,2021-06-09
Science City of Muñoz,2021-05-14,2021-05-27,2021-06-10
Science City of Muñoz,2021-05-15,2021-05-28,2021-06-11
Science City of Muñoz,2021-05-16,2021-05-29,2021-06-12
Science City of Muñoz,2021-05-17,2021-05-30,2021-06-13
Science City of Muñoz,2021-05-18,2021-05-31,2021-06-14
Science City of Muñoz,2021-05-19,2021-06-01,2021-06-15
Science City of Muñoz,2021-05-20,2021-06-02,2021-06-16
Science City of Muñoz,2021-05-21,2021-06-03,2021-06-17
Science City of Muñoz,2021-05-22,2021-06-04,2021-06-18
Science City of Muñoz,2021-05-23,2021-06-05,2021-06-19
Science City of Muñoz,2021-05-24,2021-06-06,2021-06-20
Science City of Muñoz,2021-05-25,2021-06-07,2021-06-21
Science City of Muñoz,2021-05-26,2021-06-08,2021-06-22
Science City of Muñoz,2021-05-27,2021-06-09,2021-06-23
Science City of Muñoz,2021-05-28,2021-06-10,2021-06-24
Science City of Muñoz,2021-05-29,2021-06-11,2021-06-25
Science City of Muñoz,2021-05-30,2021-06-12,2021-06-26
Science City of Muñoz,2021-05-31,2021-06-13,2021-06-27
Science City of Muñoz,2021-06-01,2021-06-14,2021-06-28
Science City of Muñoz,2021-06-02,2021-06-15,2021-06-29
Science City of Muñoz,2021-06-03,2021-06-16,2021-06-30
Science City of Muñoz,2021-06-04,2021-06-17,2021-07-01
Science City of Muñoz,2021-06-05,2021-06-18,2021-07-02
Science City of Muñoz,2021-06-06,2021-06-19,2021-07-03
Science City of Muñoz,2021-06-07,2021-06-20,2021-07-04
Science City of Muñoz,2021-06-08,2021-06-21,2021-07-05
Science City of Muñoz,2021-06-09,2021-06-22,2021-07-06
Science City of Muñoz,2021-06-10,2021-06-23,2021-07-07
Science City of Muñoz,2021-06-11,2021-06-24,2021-07-08
Science City of Muñoz,2021-06-12,2021-06-25,2021-07-09
Science City of Muñoz,2021-06-13,2021-06-26,2021-07-10
Science City of Muñoz,2021-06-14,2021-06-27,2021-07-11
Science City of Muñoz,2021-06-15,2021-06-28,2021-07-12
Science City of Muñoz,2021-06-16,2021-06-29,2021-07-13
Science City of Muñoz,2021-06-17,2021-06-30,2021-07-14
Science City of Muñoz,2021-06-18,2021-07-01,2021-07-15
Science City of Muñoz,2021-06-19,2021-07-02,2021-07-16
Science City of Muñoz,2021-06-20,2021-07-03,2021-07-17
Science City of Muñoz,2021-06-21,2021-07-04,2021-07-18
Science City of Muñoz,2021-06-22,2021-07-05,2021-07-19
Science City of Muñoz,2021-06-23,2021-07-06,2021-07-20
Science City of Muñoz,2021-06-24,2021-07-07,2021-07-21
Science City of Muñoz,2021-06-25,2021-07-08,2021-07-22
Science City of Muñoz,2021-06-26,2021-07-09,2021-07-23
Science City of Muñoz,2021-06-27,2021-07-10,2021-07-24
Science City of Muñoz,2021-06-28,2021-07-11,2021-07-25
Science City of Muñoz,2021-06-29,2021-07-12,2021-07-26
Science City of Muñoz,2021-06-30,2021-07-13,2021-07-27
Science City of Muñoz,2021-07-01,2021-07-14,2021-07-28
Science City of Muñoz,2021-07-02,2021-07-15,2021-07-29
Science City of Muñoz,2021-07-03,2021-07-16,2021-07-30
Science City of Muñoz,2021-07-04,2021-07-17,2021-07-31
Science City of Muñoz,2021-07-05,2021-07-18,2021-08-01
Science City of Muñoz,2021-07-06,2021-07-19,2021-08-02
Science City of Muñoz,2021-07-07,2021-07-20,2021-08-03
Science City of Muñoz,2021-07-08,2021-07-21,2021-08-04
Science City of Muñoz,2021-07-09,2021-07-22,2021-08-05
Science City of Muñoz,2021-07-10,2021-07-23,2021-08-06
Science City of Muñoz,2021-07-11,2021-07-24,2021-08-07
Science City of Muñoz,2021-07-12,2021-07-25,2021-08-08
Science City of Muñoz,2021-07-13,2021-07-26,2021-08-09
Science City of Muñoz,2021-07-14,2021-07-27,2021-08-10
Science City of Muñoz,2021-07-15,2021-07-28,2021-08-11
Science City of Muñoz,2021-07-16,2021-07-29,2021-08-12
Science City of Muñoz,2021-07-17,2021-07-30,2021-08-13
Science City of Muñoz,2021-07-18,2021-07-31,2021-08-14
Science City of Muñoz,2021-07-19,2021-08-01,2021-08-15
Science City of Muñoz,2021-07-20,2021-08-02,2021-08-16
Science City of Muñoz,2021-07-21,2021-08-03,2021-08-17
Science City of Muñoz,2021-07-22,2021-08-04,2021-08-18
Science City of Muñoz,2021-07-23,2021-08-05,2021-08-19
Science City of Muñoz,2021-07-24,2021-08-06,2021-08-20
Science City of Muñoz,2021-07-25,2021-08-07,2021-08-21
Science City of Muñoz,2021-07-26,2021-08-08,2021-08-22
Science City of Muñoz,2021-07-27,2021-08-09,2021-08-23
Science City of Muñoz,2021-07-28,2021-08-10,2021-08-24
Science City of Muñoz,2021-07-29,2021-08-11,2021-08-25
Science City of Muñoz,2021-07-30,2021-08-12,2021-08-26
Science City of Muñoz,2021-07-31,2021-08-13,2021-08-27
Science City of Muñoz,2021-08-01,2021-08-14,2021-08-28
Science City of Muñoz,2021-08-02,2021-08-15,2021-08-29
Science City of Muñoz,2021-08-03,2021-08-16,2021-08-30
Science City of Muñoz,2021-08-04,2021-08-17,2021-08-31
Science City of Muñoz,2021-08-05,2021-08-18,2021-09-01
Science City of Muñoz,2021-08-06,2021-08-19,2021-09-02
Science City of Muñoz,2021-08-07,2021-08-20,2021-09-03
Science City of Muñoz,2021-08-08,2021-08-21,2021-09-04
Science City of Muñoz,2021-08-09,2021-08-22,2021-09-05
Science City of Muñoz,2021-08-10,2021-08-23,2021-09-06
Science City of Muñoz,2021-08-11,2021-08-24,2021-09-07
Science City of Muñoz,2021-08-12,2021-08-25,2021-09-08
Science City of Muñoz,2021-08-13,2021-08-26,2021-09-09
Science City of Muñoz,2021-08-14,2021-08-27,2021-09-10
Science City of Muñoz,2021-08-15,2021-08-28,2021-09-11
Science City of Muñoz,2021-08-16,2021-08-29,2021-09-12
Science City of Muñoz,2021-08-17,2021-08-30,2021-09-13
Science City of Muñoz,2021-08-18,2021-08-31,2021-09-14
Science City of Muñoz,2021-08-19,2021-09-01,2021-09-15
Science City of Muñoz,2021-08-20,2021-09-02,2021-09-16
Science City of Muñoz,2021-08-21,2021-09-03,2021-09-17
Science City of Muñoz,2021-08-22,2021-09-04,2021-09-18
Science City of Muñoz,2021-08-23,2021-09-05,2021-09-19
Science City of Muñoz,2021-08-24,2021-09-06,2021-09-20
Science City of Muñoz,2021-08-25,2021-09-07,2021-09-21
Science City of Muñoz,2021-08-26,2021-09-08,2021-09-22
Science City of Muñoz,2021-08-27,2021-09-09,2021-09-23
Science City of Muñoz,2021-08-28,2021-09-10,2021-09-24
Science City of Muñoz,2021-08-29,2021-09-11,2021-09-25
Science City of Muñoz,2021-08-30,2021-09-12,2021-09-26
Science City of Muñoz,2021-08-31,2021-09-13,2021-09-27
Science City of Muñoz,2021-09-01,2021-09-14,2021-09-28
Science City of Muñoz,2021-09-02,2021-09-15,2021-09-29
Science City of Muñoz,2021-09-03,2021-09-16,2021-09-30
Science City of Muñoz,2021-09-04,2021-09-17,2021-10-01
Science City of Muñoz,2021-09-05,2021-09-18,2021-10-02
Science City of Muñoz,2021-09-06,2021-09-19,2021-10-03
Science City of Muñoz,2021-09-07,2021-09-20,2021-10-04
Science City of Muñoz,2021-09-08,2021-09-21,2021-10-05
Science City of Muñoz,2021-09-09,2021-09-22,2021-10-06
Science City of Muñoz,2021-09-10,2021-09-23,2021-10-07
Science City of Muñoz,2021-09-11,2021-09-24,2021-10-08
Science City of Muñoz,2021-09-12,2021-09-25,2021-10-09
Science City of Muñoz,2021-09-13,2021-09-26,2021-10-10
Science City of Muñoz,2021-09-14,2021-09-27,2021-10-11
Science City of Muñoz,2021-09-15,2021-09-28,2021-10-12
Science City of Muñoz,2021-09-16,2021-09-29,2021-10-13
Science City of Muñoz,2021-09-17,2021-09-30,2021-10-14
Science City of Muñoz,2021-09-18,2021-10-01,2021-10-15
Science City of Muñoz,2021-09-19,2021-10-02,2021-10-16
Science City of Muñoz,2021-09-20,2021-10-03,2021-10-17
Science City of Muñoz,2021-09-21,2021-10-04,2021-10-18
Science City of Muñoz,2021-09-22,2021-10-05,2021-10-19
Science City of Muñoz,2021-09-23,2021-10-06,2021-10-20
Science City of Muñoz,2021-09-24,2021-10-07,2021-10-21
Science City of Muñoz,2021-09-25,2021-10-08,2021-10-22
Science City of Muñoz,2021-09-26,2021-10-09,2021-10-23
Science City of Muñoz,2021-09-27,2021-10-10,2021-10-24
Science City of Muñoz,2021-09-28,2021-10-11,2021-10-25
Science City of Muñoz,2021-09-29,2021-10-12,2021-10-26
Science City of Muñoz,2021-09-30,2021-10-13,2021-10-27
Science City of Muñoz,2021-10-01,2021-10-14,2021-10-28
Science City of Muñoz,2021-10-02,2021-10-15,2021-10-29
Science City of Muñoz,2021-10-03,2021-10-16,2021-10-30
Science City of Muñoz,2021-10-04,2021-10-17,2021-10-31
Science City of Muñoz,2021-10-05,2021-10-18,2021-11-01
Science City of Muñoz,2021-10-06,2021-10-19,2021-11-02
Science City of Muñoz,2021-10-07,2021-10-20,2021-11-03
Science City of Muñoz,2021-10-08,2021-10-21,2021-11-04
Science City of Muñoz,2021-10-09,2021-10-22,2021-11-05
Science City of Muñoz,2021-10-10,2021-10-23,2021-11-06
Science City of Muñoz,2021-10-11,2021-10-24,2021-11-07
Science City of Muñoz,2021-10-12,2021-10-25,2021-11-08
Science City of Muñoz,2021-10-13,2021-10-26,2021-11-09
Science City of Muñoz,2021-10-14,2021-10-27,2021-11-10
Science City of Muñoz,2021-10-15,2021-10-28,2021-11-11
Science City of Muñoz,2021-10-16,2021-10-29,2021-11-12
Science City of Muñoz,2021-10-17,2021-10-30,2021-11-13
Science City of Muñoz,2021-10-18,2021-10-31,2021-11-14
Science City of Muñoz,2021-10-19,2021-11-01,2021-11-15
Science City of Muñoz,2021-10-20,2021-11-02,2021-11-16
Science City of Muñoz,2021-10-21,2021-11-03,2021-11-17
Science City of Muñoz,2021-10-22,2021-11-04,2021-11-18
Science City of Muñoz,2021-10-23,2021-11-05,2021-11-19
Science City of Muñoz,2021-10-24,2021-11-06,2021-11-20
Science City of Muñoz,2021-10-25,2021-11-07,2021-11-21
Science City of Muñoz,2021-10-26,2021-11-08,2021-11-22
Science City of Muñoz,2021-10-27,2021-11-09,2021-11-23
Science City of Muñoz,2021-10-28,2021-11-10,2021-11-24
Science City of Muñoz,2021-10-29,2021-11-11,2021-11-25
Science City of Muñoz,2021-10-30,2021-11-12,2021-11-26
Science City of Muñoz,2021-10-31,2021-11-13,2021-11-27
Science City of Muñoz,2021-11-01,2021-11-14,2021-11-28
Science City of Muñoz,2021-11-02,2021-11-15,2021-11-29
Science City of Muñoz,2021-11-03,2021-11-16,2021-11-30
Science City of Muñoz,2021-11-04,2021-11-17,2021-12-01
Science City of Muñoz,2021-11-05,2021-11-18,2021-12-02
Science City of Muñoz,2021-11-06,2021-11-19,2021-12-03
Science City of Muñoz,2021-11-07,2021-11-20,2021-12-04
Science City of Muñoz,2021-11-08,2021-11-21,2021-12-05
Science City of Muñoz,2021-11-09,2021-11-22,2021-12-06
Science City of Muñoz,2021-11-10,2021-11-23,2021-12-07
Science City of Muñoz,2021-11-11,2021-11-24,2021-12-08
Science City of Muñoz,2021-11-12,2021-11-25,2021-12-09
Science City of Muñoz,2021-11-13,2021-11-26,2021-12-10
Science City of Muñoz,2021-11-14,2021-11-27,2021-12-11
Science City of Muñoz,2021-11-15,2021-11-28,2021-12-12
Science City of Muñoz,2021-11-16,2021-11-29,2021-12-13
Science City of Muñoz,2021-11-17,2021-11-30,2021-12-14
Science City of Muñoz,2021-11-18,2021-12-01,2021-12-15
Science City of Muñoz,2021-11-19,2021-12-02,2021-12-16
Science City of Muñoz,2021-11-20,2021-12-03,2021-12-17
Science City of Muñoz,2021-11-21,2021-12-04,2021-12-18
Science City of Muñoz,2021-11-22,2021-12-05,2021-12-19
Science City of Muñoz,2021-11-23,2021-12-06,2021-12-20
Science City of Muñoz,2021-11-24,2021-12-07,2021-12-21
Science City of Muñoz,2021-11-25,2021-12-08,2021-12-22
Science City of Muñoz,2021-11-26,2021-12-09,2021-12-23
Science City of Muñoz,2021-11-27,2021-12-10,2021-12-24
Science City of Muñoz,2021-11-28,2021-12-11,2021-12-25
Science City of Muñoz,2021-11-29,2021-12-12,2021-12-26
Science City of Muñoz,2021-11-30,2021-12-13,2021-12-27
Science City of Muñoz,2021-12-01,2021-12-14,2021-12-28
Science City of Muñoz,2021-12-02,2021-12-15,2021-12-29
Science City of Muñoz,2021-12-03,2021-12-16,2021-12-30
Science City of Muñoz,2021-12-04,2021-12-17,2021-12-31
Science City of Muñoz,2021-12-05,2021-12-18,2022-01-01
Science City of Muñoz,2021-12-06,2021-12-19,2022-01-02
Science City of Muñoz,2021-12-07,2021-12-20,2022-01-03
Science City of Muñoz,2021-12-08,2021-12-21,2022-01-04
Science City of Muñoz,2021-12-09,2021-12-22,2022-01-05
Science City of Muñoz,2021-12-10,2021-12-23,2022-01-06
Science City of Muñoz,2021-12-11,2021-12-24,2022-01-07
Science City of Muñoz,2021-12-12,2021-12-25,2022-01-08
Science City of Muñoz,2021-12-13,2021-12-26,2022-01-09
Science City of Muñoz,2021-12-14,2021-12-27,2022-01-10
Science City of Muñoz,2021-12-15,2021-12-28,2022-01-11
Science City of Muñoz,2021-12-16,2021-12-29,2022-01-12
Science City of Muñoz,2021-12-17,2021-12-30,2022-01-13
Science City of Muñoz,2021-12-18,2021-12-31,2022-01-14
Science City of Muñoz,2021-12-19,2022-01-01,2022-01-15
Science City of Muñoz,2021-12-20,2022-01-02,2022-01-16
Science City of Muñoz,2021-12-21,2022-01-03,2022-01-17
Science City of Muñoz,2021-12-22,2022-01-04,2022-01-18
Science City of Muñoz,2021-12-23,2022-01-05,2022-01-19
Science City of Muñoz,2021-12-24,2022-01-06,2022-01-20
Science City of Muñoz,2021-12-25,2022-01-07,2022-01-21
Science City of Muñoz,2021-12-26,2022-01-08,2022-01-22
Science City of Muñoz,2021-12-27,2022-01-09,2022-01-23
Science City of Muñoz,2021-12-28,2022-01-10,2022-01-24
Science City of Muñoz,2021-12-29,2022-01-11,2022-01-25
Science City of Muñoz,2021-12-30,2022-01-12,2022-01-26
Science City of Muñoz,2021-12-31,2022-01-13,2022-01-27
Science City of Muñoz,2022-01-01,2022-01-14,2022-01-28
Science City of Muñoz,2022-01-02,2022-01-15,2022-01-29
Science City of Muñoz,2022-01-03,2022-01-16,2022-01-30
Science City of Muñoz,2022-01-04,2022-01-17,2022-01-31
Science City of Muñoz,2022-01-05,2022-01-18,2022-02-01
Science City of Muñoz,2022-01-06,2022-01-19,2022-02-02
Science City of Muñoz,2022-01-07,2022-01-20,2022-02-03
Science City of Muñoz,2022-01-08,2022-01-21,2022-02-04
Science City of Muñoz,2022-01-09,2022-01-22,2022-02-05
Science City of Muñoz,2022-01-10,2022-01-23,2022-02-06
Science City of Muñoz,2022-01-11,2022-01-24,2022-02-07
Science City of Muñoz,2022-01-12,2022-01-25,2022-02-08
Science City of Muñoz,2022-01-13,2022-01-26,2022-02-09
Science City of Muñoz,2022-01-14,2022-01-27,2022-02-10
Science City of Muñoz,2022-01-15,2022-01-28,2022-02-11
Science City of Muñoz,2022-01-16,2022-01-29,2022-02-12
Science City of Muñoz,2022-01-17,2022-01-30,2022-02-13
Science City of Muñoz,2022-01-18,2022-01-31,2022-02-14
Science City of Muñoz,2022-01-19,2022-02-01,2022-02-15
Science City of Muñoz,2022-01-20,2022-02-02,2022-02-16
Science City of Muñoz,2022-01-21,2022-02-03,2022-02-17
Science City of Muñoz,2022-01-22,2022-02-04,2022-02-18
Science City of Muñoz,2022-01-23,2022-02-05,2022-02-19
Science City of Muñoz,2022-01-24,2022-02-06,2022-02-20
Science City of Muñoz,2022-01-25,2022-02-07,2022-02-21
Science City of Muñoz,2022-01-26,2022-02-08,2022-02-22
Science City of Muñoz,2022-01-27,2022-02-09,2022-02-23
Science City of Muñoz,2022-01-28,2022-02-10,2022-02-24
Science City of Muñoz,2022-01-29,2022-02-11,2022-02-25
Science City of Muñoz,2022-01-30,2022-02-12,2022-02-26
Science City of Muñoz,2022-01-31,2022-02-13,2022-02-27
Science City of Muñoz,2022-02-01,2022-02-14,2022-02-28
Science City of Muñoz,2022-02-02,2022-02-15,2022-03-01
Science City of Muñoz,2022-02-03,2022-02-16,2022-03-02
Science City of Muñoz,2022-02-04,2022-02-17,2022-03-03
Science City of Muñoz,2022-02-05,2022-02-18,2022-03-04
Science City of Muñoz,2022-02-06,2022-02-19,2022-03-05
Science City of Muñoz,2022-02-07,2022-02-20,2022-03-06
Science City of Muñoz,2022-02-08,2022-02-21,2022-03-07
Science City of Muñoz,2022-02-09,2022-02-22,2022-03-08
Science City of Muñoz,2022-02-10,2022-02-23,2022-03-09
Science City of Muñoz,2022-02-11,2022-02-24,2022-03-10
Science City of Muñoz,2022-02-12,2022-02-25,2022-03-11
Science City of Muñoz,2022-02-13,2022-02-26,2022-03-12
Science City of Muñoz,2022-02-14,2022-02-27,2022-03-13
Science City of Muñoz,2022-02-15,2022-02-28,2022-03-14
Science City of Muñoz,2022-02-16,2022-03-01,2022-03-15
Science City of Muñoz,2022-02-17,2022-03-02,2022-03-16
Science City of Muñoz,2022-02-18,2022-03-03,2022-03-17
Science City of Muñoz,2022-02-19,2022-03-04,2022-03-18
Science City of Muñoz,2022-02-20,2022-03-05,2022-03-19
Science City of Muñoz,2022-02-21,2022-03-06,2022-03-20
Science City of Muñoz,2022-02-22,2022-03-07,2022-03-21
Science City of Muñoz,2022-02-23,2022-03-08,2022-03-22
Science City of Muñoz,2022-02-24,2022-03-09,2022-03-23
Science City of Muñoz,2022-02-25,2022-03-10,2022-03-24
Science City of Muñoz,2022-02-26,2022-03-11,2022-03-25
Science City of Muñoz,2022-02-27,2022-03-12,2022-03-26
Science City of Muñoz,2022-02-28,2022-03-13,2022-03-27
Science City of Muñoz,2022-03-01,2022-03-14,2022-03-28
Science City of Muñoz,2022-03-02,2022-03-15,2022-03-29
Science City of Muñoz,2022-03-03,2022-03-16,2022-03-30
Science City of Muñoz,2022-03-04,2022-03-17,2022-03-31
Science City of Muñoz,2022-03-05,2022-03-18,2022-04-01
Science City of Muñoz,2022-03-06,2022-03-19,2022-04-02
Science City of Muñoz,2022-03-07,2022-03-20,2022-04-03
Science City of Muñoz,2022-03-08,2022-03-21,2022-04-04
Science City of Muñoz,2022-03-09,2022-03-22,2022-04-05
Science City of Muñoz,2022-03-10,2022-03-23,2022-04-06
Science City of Muñoz,2022-03-11,2022-03-24,2022-04-07
Science City of Muñoz,2022-03-12,2022-03-25,2022-04-08
Science City of Muñoz,2022-03-13,2022-03-26,2022-04-09
Science City of Muñoz,2022-03-14,2022-03-27,2022-04-10
Science City of Muñoz,2022-03-15,2022-03-28,2022-04-11
Science City of Muñoz,2022-03-16,2022-03-29,2022-04-12
Science City of Muñoz,2022-03-17,2022-03-30,2022-04-13
Science City of Muñoz,2022-03-18,2022-03-31,2022-04-14
Science City of Muñoz,2022-03-19,2022-04-01,2022-04-15
Science City of Muñoz,2022-03-20,2022-04-02,2022-04-16
Science City of Muñoz,2022-03-21,2022-04-03,2022-04-17
Science City of Muñoz,2022-03-22,2022-04-04,2022-04-18
Science City of Muñoz,2022-03-23,2022-04-05,2022-04-19
Science City of Muñoz,2022-03-24,2022-04-06,2022-04-20
Science City of Muñoz,2022-03-25,2022-04-07,2022-04-21
Science City of Muñoz,2022-03-26,2022-04-08,2022-04-22
Science City of Muñoz,2022-03-27,2022-04-09,2022-04-23
Science City of Muñoz,2022-03-28,2022-04-10,2022-04-24
Science City of Muñoz,2022-03-29,2022-04-11,2022-04-25
Science City of Muñoz,2022-03-30,2022-04-12,2022-04-26
Science City of Muñoz,2022-03-31,2022-04-13,2022-04-27
Science City of Muñoz,2022-04-01,2022-04-14,2022-04-28
Science City of Muñoz,2022-04-02,2022-04-15,2022-04-29
Science City of Muñoz,2022-04-03,2022-04-16,2022-04-30
Science City of Muñoz,2022-04-04,2022-04-17,2022-05-01
Science City of Muñoz,2022-04-05,2022-04-18,2022-05-02
Science City of Muñoz,2022-04-06,2022-04-19,2022-05-03
Science City of Muñoz,2022-04-07,2022-04-20,2022-05-04
Science City of Muñoz,2022-04-08,2022-04-21,2022-05-05
Science City of Muñoz,2022-04-09,2022-04-22,2022-05-06
Science City of Muñoz,2022-04-10,2022-04-23,2022-05-07
Science City of Muñoz,2022-04-11,2022-04-24,2022-05-08
Science City of Muñoz,2022-04-12,2022-04-25,2022-05-09
Science City of Muñoz,2022-04-13,2022-04-26,2022-05-10
Science City of Muñoz,2022-04-14,2022-04-27,2022-05-11
Science City of Muñoz,2022-04-15,2022-04-28,2022-05-12
Science City of Muñoz,2022-04-16,2022-04-29,2022-05-13
Science City of Muñoz,2022-04-17,2022-04-30,2022-05-14
Science City of Muñoz,2022-04-18,2022-05-01,2022-05-15
Science City of Muñoz,2022-04-19,2022-05-02,2022-05-16
Science City of Muñoz,2022-04-20,2022-05-03,2022-05-17
Science City of Muñoz,2022-04-21,2022-05-04,2022-05-18
Science City of Muñoz,2022-04-22,2022-05-05,2022-05-19
Science City of Muñoz,2022-04-23,2022-05-06,2022-05-20
Science City of Muñoz,2022-04-24,2022-05-07,2022-05-21
Science City of Muñoz,2022-04-25,2022-05-08,2022-05-22
Science City of Muñoz,2022-04-26,2022-05-09,2022-05-23
Science City of Muñoz,2022-04-27,2022-05-10,2022-05-24
Science City of Muñoz,2022-04-28,2022-05-11,2022-05-25
Science City of Muñoz,2022-04-29,2022-05-12,2022-05-26
Science City of Muñoz,2022-04-30,2022-05-13,2022-05-27
Science City of Muñoz,2022-05-01,2022-05-14,2022-05-28
Science City of Muñoz,2022-05-02,2022-05-15,2022-05-29
Science City of Muñoz,2022-05-03,2022-05-16,2022-05-30
Science City of Muñoz,2022-05-04,2022-05-17,2022-05-31
Science City of Muñoz,2022-05-05,2022-05-18,2022-06-01
Science City of Muñoz,2022-05-06,2022-05-19,2022-06-02
Science City of Muñoz,2022-05-07,2022-05-20,2022-06-03
Science City of Muñoz,2022-05-08,2022-05-21,2022-06-04
Science City of Muñoz,2022-05-09,2022-05-22,2022-06-05
Science City of Muñoz,2022-05-10,2022-05-23,2022-06-06
Science City of Muñoz,2022-05-11,2022-05-24,2022-06-07
Science City of Muñoz,2022-05-12,2022-05-25,2022-06-08
Science City of Muñoz,2022-05-13,2022-05-26,2022-06-09
Science City of Muñoz,2022-05-14,2022-05-27,2022-06-10
Science City of Muñoz,2022-05-15,2022-05-28,2022-06-11
Science City of Muñoz,2022-05-16,2022-05-29,2022-06-12
Science City of Muñoz,2022-05-17,2022-05-30,2022-06-13
Science City of Muñoz,2022-05-18,2022-05-31,2022-06-14
Science City of Muñoz,2022-05-19,2022-06-01,2022-06-15
Science City of Muñoz,2022-05-20,2022-06-02,2022-06-16
Science City of Muñoz,2022-05-21,2022-06-03,2022-06-17
Science City of Muñoz,2022-05-22,2022-06-04,2022-06-18
Science City of Muñoz,2022-05-23,2022-06-05,2022-06-19
Science City of Muñoz,2022-05-24,2022-06-06,2022-06-20
Science City of Muñoz,2022-05-25,2022-06-07,2022-06-21
Science City of Muñoz,2022-05-26,2022-06-08,2022-06-22
Science City of Muñoz,2022-05-27,2022-06-09,2022-06-23
Science City of Muñoz,2022-05-28,2022-06-10,2022-06-24
Science City of Muñoz,2022-05-29,2022-06-11,2022-06-25
Science City of Muñoz,2022-05-30,2022-06-12,2022-06-26
Science City of Muñoz,2022-05-31,2022-06-13,2022-06-27
Science City of Muñoz,2022-06-01,2022-06-14,2022-06-28
Science City of Muñoz,2022-06-02,2022-06-15,2022-06-29
Science City of Muñoz,2022-06-03,2022-06-16,2022-06-30
Science City of Muñoz,2022-06-04,2022-06-17,2022-07-01
Science City of Muñoz,2022-06-05,2022-06-18,2022-07-02
Science City of Muñoz,2022-06-06,2022-06-19,2022-07-03
Science City of Muñoz,2022-06-07,2022-06-20,2022-07-04
Science City of Muñoz,2022-06-08,2022-06-21,2022-07-05
Science City of Muñoz,2022-06-09,2022-06-22,2022-07-06
Science City of Muñoz,2022-06-10,2022-06-23,2022-07-07
Science City of Muñoz,2022-06-11,2022-06-24,2022-07-08
Science City of Muñoz,2022-06-12,2022-06-25,2022-07-09
Science City of Muñoz,2022-06-13,2022-06-26,2022-07-10
Science City of Muñoz,2022-06-14,2022-06-27,2022-07-11
Science City of Muñoz,2022-06-15,2022-06-28,2022-07-12
Science City of Muñoz,2022-06-16,2022-06-29,2022-07-13
Science City of Muñoz,2022-06-17,2022-06-30,2022-07-14
Science City of Muñoz,2022-06-18,2022-07-01,2022-07-15
Science City of Muñoz,2022-06-19,2022-07-02,2022-07-16
Science City of Muñoz,2022-06-20,2022-07-03,2022-07-17
Science City of Muñoz,2022-06-21,2022-07-04,2022-07-18
Science City of Muñoz,2022-06-22,2022-07-05,2022-07-19
Science City of Muñoz,2022-06-23,2022-07-06,2022-07-20
Science City of Muñoz,2022-06-24,2022-07-07,2022-07-21
Science City of Muñoz,2022-06-25,2022-07-08,2022-07-22
Science City of Muñoz,2022-06-26,2022-07-09,2022-07-23
Science City of Muñoz,2022-06-27,2022-07-10,2022-07-24
Science City of Muñoz,2022-06-28,2022-07-11,2022-07-25
Science City of Muñoz,2022-06-29,2022-07-12,2022-07-26
Science City of Muñoz,2022-06-30,2022-07-13,2022-07-27
Science City of Muñoz,2022-07-01,2022-07-14,2022-07-28
Science City of Muñoz,2022-07-02,2022-07-15,2022-07-29
Science City of Muñoz,2022-07-03,2022-07-16,2022-07-30
Science City of Muñoz,2022-07-04,2022-07-17,2022-07-31
Science City of Muñoz,2022-07-05,2022-07-18,2022-08-01
Science City of Muñoz,2022-07-06,2022-07-19,2022-08-02
Science City of Muñoz,2022-07-07,2022-07-20,2022-08-03
Science City of Muñoz,2022-07-08,2022-07-21,2022-08-04
Science City of Muñoz,2022-07-09,2022-07-22,2022-08-05
Science City of Muñoz,2022-07-10,2022-07-23,2022-08-06
Science City of Muñoz,2022-07-11,2022-07-24,2022-08-07
Science City of Muñoz,2022-07-12,2022-07-25,2022-08-08
Science City of Muñoz,2022-07-13,2022-07-26,2022-08-09
Science City of Muñoz,2022-07-14,2022-07-27,2022-08-10
Science City of Muñoz,2022-07-15,2022-07-28,2022-08-11
Science City of Muñoz,2022-07-16,2022-07-29,2022-08-12
Science City of Muñoz,2022-07-17,2022-07-30,2022-08-13
Science City of Muñoz,2022-07-18,2022-07-31,2022-08-14
Science City of Muñoz,2022-07-19,2022-08-01,2022-08-15
Science City of Muñoz,2022-07-20,2022-08-02,2022-08-16
Science City of Muñoz,2022-07-21,2022-08-03,2022-08-17
Science City of Muñoz,2022-07-22,2022-08-04,2022-08-18
Science City of Muñoz,2022-07-23,2022-08-05,2022-08-19
Science City of Muñoz,2022-07-24,2022-08-06,2022-08-20
Science City of Muñoz,2022-07-25,2022-08-07,2022-08-21
Science City of Muñoz,2022-07-26,2022-08-08,2022-08-22
Science City of Muñoz,2022-07-27,2022-08-09,2022-08-23
Science City of Muñoz,2022-07-28,2022-08-10,2022-08-24
Science City of Muñoz,2022-07-29,2022-08-11,2022-08-25
Science City of Muñoz,2022-07-30,2022-08-12,2022-08-26
Science City of Muñoz,2022-07-31,2022-08-13,2022-08-27
Science City of Muñoz,2022-08-01,2022-08-14,2022-08-28
Science City of Muñoz,2022-08-02,2022-08-15,2022-08-29
Science City of Muñoz,2022-08-03,2022-08-16,2022-08-30
Science City of Muñoz,2022-08-04,2022-08-17,2022-08-31
Science City of Muñoz,2022-08-05,2022-08-18,2022-09-01
Science City of Muñoz,2022-08-06,2022-08-19,2022-09-02
Science City of Muñoz,2022-08-07,2022-08-20,2022-09-03
Science City of Muñoz,2022-08-08,2022-08-21,2022-09-04
Science City of Muñoz,2022-08-09,2022-08-22,2022-09-05
Science City of Muñoz,2022-08-10,2022-08-23,2022-09-06
Science City of Muñoz,2022-08-11,2022-08-24,2022-09-07
Science City of Muñoz,2022-08-12,2022-08-25,2022-09-08
Science City of Muñoz,2022-08-13,2022-08-26,2022-09-09
Science City of Muñoz,2022-08-14,2022-08-27,2022-09-10
Science City of Muñoz,2022-08-15,2022-08-28,2022-09-11
Science City of Muñoz,2022-08-16,2022-08-29,2022-09-12
Science City of Muñoz,2022-08-17,2022-08-30,2022-09-13
Science City of Muñoz,2022-08-18,2022-08-31,2022-09-14
Science City of Muñoz,2022-08-19,2022-09-01,2022-09-15
Science City of Muñoz,2022-08-20,2022-09-02,2022-09-16
Science City of Muñoz,2022-08-21,2022-09-03,2022-09-17
Science City of Muñoz,2022-08-22,2022-09-04,2022-09-18
Science City of Muñoz,2022-08-23,2022-09-05,2022-09-19
Science City of Muñoz,2022-08-24,2022-09-06,2022-09-20
Science City of Muñoz,2022-08-25,2022-09-07,2022-09-21
Science City of Muñoz,2022-08-26,2022-09-08,2022-09-22
Science City of Muñoz,2022-08-27,2022-09-09,2022-09-23
Science City of Muñoz,2022-08-28,2022-09-10,2022-09-24
Science City of Muñoz,2022-08-29,2022-09-11,2022-09-25
Science City of Muñoz,2022-08-30,2022-09-12,2022-09-26
Science City of Muñoz,2022-08-31,2022-09-13,2022-09-27
Science City of Muñoz,2022-09-01,2022-09-14,2022-09-28
Science City of Muñoz,2022-09-02,2022-09-15,2022-09-29
Science City of Muñoz,2022-09-03,2022-09-16,2022-09-30
Science City of Muñoz,2022-09-04,2022-09-17,2022-10-01
Science City of Muñoz,2022-09-05,2022-09-18,2022-10-02
Science City of Muñoz,2022-09-06,2022-09-19,2022-10-03
Science City of Muñoz,2022-09-07,2022-09-20,2022-10-04
Science City of Muñoz,2022-09-08,2022-09-21,2022-10-05
Science City of Muñoz,2022-09-09,2022-09-22,2022-10-06
Science City of Muñoz,2022-09-10,2022-09-23,2022-10-07
Science City of Muñoz,2022-09-11,2022-09-24,2022-10-08
Science City of Muñoz,2022-09-12,2022-09-25,2022-10-09
Science City of Muñoz,2022-09-13,2022-09-26,2022-10-10
Science City of Muñoz,2022-09-14,2022-09-27,2022-10-11
Science City of Muñoz,2022-09-15,2022-09-28,2022-10-12
Science City of Muñoz,2022-09-16,2022-09-29,2022-10-13
Science City of Muñoz,2022-09-17,2022-09-30,2022-10-14
Science City of Muñoz,2022-09-18,2022-10-01,2022-10-15
Science City of Muñoz,2022-09-19,2022-10-02,2022-10-16
Science City of Muñoz,2022-09-20,2022-10-03,2022-10-17
Science City of Muñoz,2022-09-21,2022-10-04,2022-10-18
Science City of Muñoz,2022-09-22,2022-10-05,2022-10-19
Science City of Muñoz,2022-09-23,2022-10-06,2022-10-20
Science City of Muñoz,2022-09-24,2022-10-07,2022-10-21
Science City of Muñoz,2022-09-25,2022-10-08,2022-10-22
Science City of Muñoz,2022-09-26,2022-10-09,2022-10-23
Science City of Muñoz,2022-09-27,2022-10-10,2022-10-24
Science City of Muñoz,2022-09-28,2022-10-11,2022-10-25
Science City of Muñoz,2022-09-29,2022-10-12,2022-10-26
Science City of Muñoz,2022-09-30,2022-10-13,2022-10-27
Science City of Muñoz,2022-10-01,2022-10-14,2022-10-28
Science City of Muñoz,2022-10-02,2022-10-15,2022-10-29
Science City of Muñoz,2022-10-03,2022-10-16,2022-10-30
Science City of Muñoz,2022-10-04,2022-10-17,2022-10-31
Science City of Muñoz,2022-10-05,2022-10-18,2022-11-01
Science City of Muñoz,2022-10-06,2022-10-19,2022-11-02
Science City of Muñoz,2022-10-07,2022-10-20,2022-11-03
Science City of Muñoz,2022-10-08,2022-10-21,2022-11-04
Science City of Muñoz,2022-10-09,2022-10-22,2022-11-05
Science City of Muñoz,2022-10-10,2022-10-23,2022-11-06
Science City of Muñoz,2022-10-11,2022-10-24,2022-11-07
Science City of Muñoz,2022-10-12,2022-10-25,2022-11-08
Science City of Muñoz,2022-10-13,2022-10-26,2022-11-09
Science City of Muñoz,2022-10-14,2022-10-27,2022-11-10
Science City of Muñoz,2022-10-15,2022-10-28,2022-11-11
Science City of Muñoz,2022-10-16,2022-10-29,2022-11-12
Science City of Muñoz,2022-10-17,2022-10-30,2022-11-13
Science City of Muñoz,2022-10-18,2022-10-31,2022-11-14
Science City of Muñoz,2022-10-19,2022-11-01,2022-11-15
Science City of Muñoz,2022-10-20,2022-11-02,2022-11-16
Science City of Muñoz,2022-10-21,2022-11-03,2022-11-17
Science City of Muñoz,2022-10-22,2022-11-04,2022-11-18
Science City of Muñoz,2022-10-23,2022-11-05,2022-11-19
Science City of Muñoz,2022-10-24,2022-11-06,2022-11-20
Science City of Muñoz,2022-10-25,2022-11-07,2022-11-21
Science City of Muñoz,2022-10-26,2022-11-08,2022-11-22
Science City of Muñoz,2022-10-27,2022-11-09,2022-11-23
Science City of Muñoz,2022-10-28,2022-11-10,2022-11-24
Science City of Muñoz,2022-10-29,2022-11-11,2022-11-25
Science City of Muñoz,2022-10-30,2022-11-12,2022-11-26
Science City of Muñoz,2022-10-31,2022-11-13,2022-11-27
Science City of Muñoz,2022-11-01,2022-11-14,2022-11-28
Science City of Muñoz,2022-11-02,2022-11-15,2022-11-29
Science City of Muñoz,2022-11-03,2022-11-16,2022-11-30
Science City of Muñoz,2022-11-04,2022-11-17,2022-12-01
Science City of Muñoz,2022-11-05,2022-11-18,2022-12-02
Science City of Muñoz,2022-11-06,2022-11-19,2022-12-03
Science City of Muñoz,2022-11-07,2022-11-20,2022-12-04
Science City of Muñoz,2022-11-08,2022-11-21,2022-12-05
Science City of Muñoz,2022-11-09,2022-11-22,2022-12-06
Science City of Muñoz,2022-11-10,2022-11-23,2022-12-07
Science City of Muñoz,2022-11-11,2022-11-24,2022-12-08
Science City of Muñoz,2022-11-12,2022-11-25,2022-12-09
Science City of Muñoz,2022-11-13,2022-11-26,2022-12-10
Science City of Muñoz,2022-11-14,2022-11-27,2022-12-11
Science City of Muñoz,2022-11-15,2022-11-28,2022-12-12
Science City of Muñoz,2022-11-16,2022-11-29,2022-12-13
Science City of Muñoz,2022-11-17,2022-11-30,2022-12-14
Science City of Muñoz,2022-11-18,2022-12-01,2022-12-15
Science City of Muñoz,2022-11-19,2022-12-02,2022-12-16
Science City of Muñoz,2022-11-20,2022-12-03,2022-12-17
Science City of Muñoz,2022-11-21,2022-12-04,2022-12-18
Science City of Muñoz,2022-11-22,2022-12-05,2022-12-19
Science City of Muñoz,2022-11-23,2022-12-06,2022-12-20
Science City of Muñoz,2022-11-24,2022-12-07,2022-12-21
Science City of Muñoz,2022-11-25,2022-12-08,2022-12-22
Science City of Muñoz,2022-11-26,2022-12-09,2022-12-23
Science City of Muñoz,2022-11-27,2022-12-10,2022-12-24
Science City of Muñoz,2022-11-28,2022-12-11,2022-12-25
Science City of Muñoz,2022-11-29,2022-12-12,2022-12-26
Science City of Muñoz,2022-11-30,2022-12-13,2022-12-27
Science City of Muñoz,2022-12-01,2022-12-14,2022-12-28
Science City of Muñoz,2022-12-02,2022-12-15,2022-12-29
Science City of Muñoz,2022-12-03,2022-12-16,2022-12-30
Science City of Muñoz,2022-12-04,2022-12-17,2022-12-31
Science City of Muñoz,2022-12-05,2022-12-18,2023-01-01
Science City of Muñoz,2022-12-06,2022-12-19,2023-01-02
Science City of Muñoz,2022-12-07,2022-12-20,2023-01-03
Science City of Muñoz,2022-12-08,2022-12-21,2023-01-04
Science City of Muñoz,2022-12-09,2022-12-22,2023-01-05
Science City of Muñoz,2022-12-10,2022-12-23,2023-01-06
Science City of Muñoz,2022-12-11,2022-12-24,2023-01-07
Science City of Muñoz,2022-12-12,2022-12-25,2023-01-08
Science City of Muñoz,2022-12-13,2022-12-26,2023-01-09
Science City of Muñoz,2022-12-14,2022-12-27,2023-01-10
Science City of Muñoz,2022-12-15,2022-12-28,2023-01-11
Science City of Muñoz,2022-12-16,2022-12-29,2023-01-12
Science City of Muñoz,2022-12-17,2022-12-30,2023-01-13
Science City of Muñoz,2022-12-18,2022-12-31,2023-01-14
Science City of Muñoz,2022-12-19,2023-01-01,2023-01-15
Science City of Muñoz,2022-12-20,2023-01-02,2023-01-16
Science City of Muñoz,2022-12-21,2023-01-03,2023-01-17
Science City of Muñoz,2022-12-22,2023-01-04,2023-01-18
Science City of Muñoz,2022-12-23,2023-01-05,2023-01-19
Science City of Muñoz,2022-12-24,2023-01-06,2023-01-20
Science City of Muñoz,2022-12-25,2023-01-07,2023-01-21
Science City of Muñoz,2022-12-26,2023-01-08,2023-01-22
Science City of Muñoz,2022-12-27,2023-01-09,2023-01-23
Science City of Muñoz,2022-12-28,2023-01-10,2023-01-24
Science City of Muñoz,2022-12-29,2023-01-11,2023-01-25
Science City of Muñoz,2022-12-30,2023-01-12,2023-01-26
Science City of Muñoz,2022-12-31,2023-01-13,2023-01-27
Science City of Muñoz,2023-01-01,2023-01-14,2023-01-28
Science City of Muñoz,2023-01-02,2023-01-15,2023-01-29
Science City of Muñoz,2023-01-03,2023-01-16,2023-01-30
Science City of Muñoz,2023-01-04,2023-01-17,2023-01-31
Science City of Muñoz,2023-01-05,2023-01-18,2023-02-01
Science City of Muñoz,2023-01-06,2023-01-19,2023-02-02
Science City of Muñoz,2023-01-07,2023-01-20,2023-02-03
Science City of Muñoz,2023-01-08,2023-01-21,2023-02-04
Science City of Muñoz,2023-01-09,2023-01-22,2023-02-05
Science City of Muñoz,2023-01-10,2023-01-23,2023-02-06
Science City of Muñoz,2023-01-11,2023-01-24,2023-02-07
Science City of Muñoz,2023-01-12,2023-01-25,2023-02-08
Science City of Muñoz,2023-01-13,2023-01-26,2023-02-09
Science City of Muñoz,2023-01-14,2023-01-27,2023-02-10
Science City of Muñoz,2023-01-15,2023-01-28,2023-02-11
Science City of Muñoz,2023-01-16,2023-01-29,2023-02-12
Science City of Muñoz,2023-01-17,2023-01-30,2023-02-13
Science City of Muñoz,2023-01-18,2023-01-31,2023-02-14
Science City of Muñoz,2023-01-19,2023-02-01,2023-02-15
Science City of Muñoz,2023-01-20,2023-02-02,2023-02-16
Science City of Muñoz,2023-01-21,2023-02-03,2023-02-17
Science City of Muñoz,2023-01-22,2023-02-04,2023-02-18
Science City of Muñoz,2023-01-23,2023-02-05,2023-02-19
Science City of Muñoz,2023-01-24,2023-02-06,2023-02-20
Science City of Muñoz,2023-01-25,2023-02-07,2023-02-21
Science City of Muñoz,2023-01-26,2023-02-08,2023-02-22
Science City of Muñoz,2023-01-27,2023-02-09,2023-02-23
Science City of Muñoz,2023-01-28,2023-02-10,2023-02-24
Science City of Muñoz,2023-01-29,2023-02-11,2023-02-25
Science City of Muñoz,2023-01-30,2023-02-12,2023-02-26
Science City of Muñoz,2023-01-31,2023-02-13,2023-02-27
Science City of Muñoz,2023-02-01,2023-02-14,2023-02-28
Science City of Muñoz,2023-02-02,2023-02-15,2023-03-01
Science City of Muñoz,2023-02-03,2023-02-16,2023-03-02
Science City of Muñoz,2023-02-04,2023-02-17,2023-03-03
Science City of Muñoz,2023-02-05,2023-02-18,2023-03-04
Science City of Muñoz,2023-02-06,2023-02-19,2023-03-05
Science City of Muñoz,2023-02-07,2023-02-20,2023-03-06
Science City of Muñoz,2023-02-08,2023-02-21,2023-03-07
Science City of Muñoz,2023-02-09,2023-02-22,2023-03-08
Science City of Muñoz,2023-02-10,2023-02-23,2023-03-09
Science City of Muñoz,2023-02-11,2023-02-24,2023-03-10
Science City of Muñoz,2023-02-12,2023-02-25,2023-03-11
Science City of Muñoz,2023-02-13,2023-02-26,2023-03-12
Science City of Muñoz,2023-02-14,2023-02-27,2023-03-13
Science City of Muñoz,2023-02-15,2023-02-28,2023-03-14
Science City of Muñoz,2023-02-16,2023-03-01,2023-03-15
Science City of Muñoz,2023-02-17,2023-03-02,2023-03-16
Science City of Muñoz,2023-02-18,2023-03-03,2023-03-17
Science City of Muñoz,2023-02-19,2023-03-04,2023-03-18
Science City of Muñoz,2023-02-20,2023-03-05,2023-03-19
Science City of Muñoz,2023-02-21,2023-03-06,2023-03-20
Science City of Muñoz,2023-02-22,2023-03-07,2023-03-21
Science City of Muñoz,2023-02-23,2023-03-08,2023-03-22
Science City of Muñoz,2023-02-24,2023-03-09,2023-03-23
Science City of Muñoz,2023-02-25,2023-03-10,2023-03-24
Science City of Muñoz,2023-02-26,2023-03-11,2023-03-25
Science City of Muñoz,2023-02-27,2023-03-12,2023-03-26
Science City of Muñoz,2023-02-28,2023-03-13,2023-03-27
Science City of Muñoz,2023-03-01,2023-03-14,2023-03-28
Science City of Muñoz,2023-03-02,2023-03-15,2023-03-29
Science City of Muñoz,2023-03-03,2023-03-16,2023-03-30
Science City of Muñoz,2023-03-04,2023-03-17,2023-03-31
Science City of Muñoz,2023-03-05,2023-03-18,2023-04-01
Science City of Muñoz,2023-03-06,2023-03-19,2023-04-02
Science City of Muñoz,2023-03-07,2023-03-20,2023-04-03
Science City of Muñoz,2023-03-08,2023-03-21,2023-04-04
Science City of Muñoz,2023-03-09,2023-03-22,2023-04-05
Science City of Muñoz,2023-03-10,2023-03-23,2023-04-06
Science City of Muñoz,2023-03-11,2023-03-24,2023-04-07
Science City of Muñoz,2023-03-12,2023-03-25,2023-04-08
Science City of Muñoz,2023-03-13,2023-03-26,2023-04-09
Science City of Muñoz,2023-03-14,2023-03-27,2023-04-10
Science City of Muñoz,2023-03-15,2023-03-28,2023-04-11
Science City of Muñoz,2023-03-16,2023-03-29,2023-04-12
Science City of Muñoz,2023-03-17,2023-03-30,2023-04-13
Science City of Muñoz,2023-03-18,2023-03-31,2023-04-14
Science City of Muñoz,2023-03-19,2023-04-01,2023-04-15
Science City of Muñoz,2023-03-20,2023-04-02,2023-04-16
Science City of Muñoz,2023-03-21,2023-04-03,2023-04-17
Science City of Muñoz,2023-03-22,2023-04-04,2023-04-18
Science City of Muñoz,2023-03-23,2023-04-05,2023-04-19
Science City of Muñoz,2023-03-24,2023-04-06,2023-04-20
Science City of Muñoz,2023-03-25,2023-04-07,2023-04-21
Science City of Muñoz,2023-03-26,2023-04-08,2023-04-22
Science City of Muñoz,2023-03-27,2023-04-09,2023-04-23
Science City of Muñoz,2023-03-28,2023-04-10,2023-04-24
Science City of Muñoz,2023-03-29,2023-04-11,2023-04-25
Science City of Muñoz,2023-03-30,2023-04-12,2023-04-26
Science City of Muñoz,2023-03-31,2023-04-13,2023-04-27
Science City of Muñoz,2023-04-01,2023-04-14,2023-04-28
Science City of Muñoz,2023-04-02,2023-04-15,2023-04-29
Science City of Muñoz,2023-04-03,2023-04-16,2023-04-30
Science City of Muñoz,2023-04-04,2023-04-17,2023-05-01
Science City of Muñoz,2023-04-05,2023-04-18,2023-05-02
Science City of Muñoz,2023-04-06,2023-04-19,2023-05-03
Science City of Muñoz,2023-04-07,2023-04-20,2023-05-04
Science City of Muñoz,2023-04-08,2023-04-21,2023-05-05
Science City of Muñoz,2023-04-09,2023-04-22,2023-05-06
Science City of Muñoz,2023-04-10,2023-04-23,2023-05-07
Science City of Muñoz,2023-04-11,2023-04-24,2023-05-08
Science City of Muñoz,2023-04-12,2023-04-25,2023-05-09
Science City of Muñoz,2023-04-13,2023-04-26,2023-05-10
Science City of Muñoz,2023-04-14,2023-04-27,2023-05-11
Science City of Muñoz,2023-04-15,2023-04-28,2023-05-12
Science City of Muñoz,2023-04-16,2023-04-29,2023-05-13
Science City of Muñoz,2023-04-17,2023-04-30,2023-05-14
Science City of Muñoz,2023-04-18,2023-05-01,2023-05-15
Science City of Muñoz,2023-04-19,2023-05-02,2023-05-16
Science City of Muñoz,2023-04-20,2023-05-03,2023-05-17
Science City of Muñoz,2023-04-21,2023-05-04,2023-05-18
Science City of Muñoz,2023-04-22,2023-05-05,2023-05-19
Science City of Muñoz,2023-04-23,2023-05-06,2023-05-20
Science City of Muñoz,2023-04-24,2023-05-07,2023-05-21
Science City of Muñoz,2023-04-25,2023-05-08,2023-05-22
Science City of Muñoz,2023-04-26,2023-05-09,2023-05-23
Science City of Muñoz,2023-04-27,2023-05-10,2023-05-24
Science City of Muñoz,2023-04-28,2023-05-11,2023-05-25
Science City of Muñoz,2023-04-29,2023-05-12,2023-05-26
Science City of Muñoz,2023-04-30,2023-05-13,2023-05-27
Science City of Muñoz,2023-05-01,2023-05-14,2023-05-28
Science City of Muñoz,2023-05-02,2023-05-15,2023-05-29
Science City of Muñoz,2023-05-03,2023-05-16,2023-05-30
Science City of Muñoz,2023-05-04,2023-05-17,2023-05-31
Science City of Muñoz,2023-05-05,2023-05-18,2023-06-01
Science City of Muñoz,2023-05-06,2023-05-19,2023-06-02
Science City of Muñoz,2023-05-07,2023-05-20,2023-06-03
Science City of Muñoz,2023-05-08,2023-05-21,2023-06-04
Science City of Muñoz,2023-05-09,2023-05-22,2023-06-05
Science City of Muñoz,2023-05-10,2023-05-23,2023-06-06
Science City of Muñoz,2023-05-11,2023-05-24,2023-06-07
Science City of Muñoz,2023-05-12,2023-05-25,2023-06-08
Science City of Muñoz,2023-05-13,2023-05-26,2023-06-09
Science City of Muñoz,2023-05-14,2023-05-27,2023-06-10
Science City of Muñoz,2023-05-15,2023-05-28,2023-06-11
Science City of Muñoz,2023-05-16,2023-05-29,2023-06-12
Science City of Muñoz,2023-05-17,2023-05-30,2023-06-13
Science City of Muñoz,2023-05-18,2023-05-31,2023-06-14
Science City of Muñoz,2023-05-19,2023-06-01,2023-06-15
Science City of Muñoz,2023-05-20,2023-06-02,2023-06-16
Science City of Muñoz,2023-05-21,2023-06-03,2023-06-17
Science City of Muñoz,2023-05-22,2023-06-04,2023-06-18
Science City of Muñoz,2023-05-23,2023-06-05,2023-06-19
Science City of Muñoz,2023-05-24,2023-06-06,2023-06-20
Science City of Muñoz,2023-05-25,2023-06-07,2023-06-21
Science City of Muñoz,2023-05-26,2023-06-08,2023-06-22
Science City of Muñoz,2023-05-27,2023-06-09,2023-06-23
Science City of Muñoz,2023-05-28,2023-06-10,2023-06-24
Science City of Muñoz,2023-05-29,2023-06-11,2023-06-25
Science City of Muñoz,2023-05-30,2023-06-12,2023-06-26
Science City of Muñoz,2023-05-31,2023-06-13,2023-06-27
Science City of Muñoz,2023-06-01,2023-06-14,2023-06-28
Science City of Muñoz,2023-06-02,2023-06-15,2023-06-29
Science City of Muñoz,2023-06-03,2023-06-16,2023-06-30
Science City of Muñoz,2023-06-04,2023-06-17,2023-07-01
Science City of Muñoz,2023-06-05,2023-06-18,2023-07-02
Science City of Muñoz,2023-06-06,2023-06-19,2023-07-03
Science City of Muñoz,2023-06-07,2023-06-20,2023-07-04
Science City of Muñoz,2023-06-08,2023-06-21,2023-07-05
Science City of Muñoz,2023-06-09,2023-06-22,2023-07-06
Science City of Muñoz,2023-06-10,2023-06-23,2023-07-07
Science City of Muñoz,2023-06-11,2023-06-24,2023-07-08
Science City of Muñoz,2023-06-12,2023-06-25,2023-07-09
Science City of Muñoz,2023-06-13,2023-06-26,2023-07-10
Science City of Muñoz,2023-06-14,2023-06-27,2023-07-11
Science City of Muñoz,2023-06-15,2023-06-28,2023-07-12
Science City of Muñoz,2023-06-16,2023-06-29,2023-07-13
Science City of Muñoz,2023-06-17,2023-06-30,2023-07-14
Science City of Muñoz,2023-06-18,2023-07-01,2023-07-15
Science City of Muñoz,2023-06-19,2023-07-02,2023-07-16
Science City of Muñoz,2023-06-20,2023-07-03,2023-07-17
Science City of Muñoz,2023-06-21,2023-07-04,2023-07-18
Science City of Muñoz,2023-06-22,2023-07-05,2023-07-19
Science City of Muñoz,2023-06-23,2023-07-06,2023-07-20
Science City of Muñoz,2023-06-24,2023-07-07,2023-07-21
Science City of Muñoz,2023-06-25,2023-07-08,2023-07-22
Science City of Muñoz,2023-06-26,2023-07-09,2023-07-23
Science City of Muñoz,2023-06-27,2023-07-10,2023-07-24
Science City of Muñoz,2023-06-28,2023-07-11,2023-07-25
Science City of Muñoz,2023-06-29,2023-07-12,2023-07-26
Science City of Muñoz,2023-06-30,2023-07-13,2023-07-27
Science City of Muñoz,2023-07-01,2023-07-14,2023-07-28
Science City of Muñoz,2023-07-02,2023-07-15,2023-07-29
Science City of Muñoz,2023-07-03,2023-07-16,2023-07-30
Science City of Muñoz,2023-07-04,2023-07-17,2023-07-31
Science City of Muñoz,2023-07-05,2023-07-18,2023-08-01
Science City of Muñoz,2023-07-06,2023-07-19,2023-08-02
Science City of Muñoz,2023-07-07,2023-07-20,2023-08-03
Science City of Muñoz,2023-07-08,2023-07-21,2023-08-04
Science City of Muñoz,2023-07-09,2023-07-22,2023-08-05
Science City of Muñoz,2023-07-10,2023-07-23,2023-08-06
Science City of Muñoz,2023-07-11,2023-07-24,2023-08-07
Science City of Muñoz,2023-07-12,2023-07-25,2023-08-08
Science City of Muñoz,2023-07-13,2023-07-26,2023-08-09
Science City of Muñoz,2023-07-14,2023-07-27,2023-08-10
Science City of Muñoz,2023-07-15,2023-07-28,2023-08-11
Science City of Muñoz,2023-07-16,2023-07-29,2023-08-12
Science City of Muñoz,2023-07-17,2023-07-30,2023-08-13
Science City of Muñoz,2023-07-18,2023-07-31,2023-08-14
Science City of Muñoz,2023-07-19,2023-08-01,2023-08-15
Science City of Muñoz,2023-07-20,2023-08-02,2023-08-16
Science City of Muñoz,2023-07-21,2023-08-03,2023-08-17
Science City of Muñoz,2023-07-22,2023-08-04,2023-08-18
Science City of Muñoz,2023-07-23,2023-08-05,2023-08-19
Science City of Muñoz,2023-07-24,2023-08-06,2023-08-20
Science City of Muñoz,2023-07-25,2023-08-07,2023-08-21
Science City of Muñoz,2023-07-26,2023-08-08,2023-08-22
Science City of Muñoz,2023-07-27,2023-08-09,2023-08-23
Science City of Muñoz,2023-07-28,2023-08-10,2023-08-24
Science City of Muñoz,2023-07-29,2023-08-11,2023-08-25
Science City of Muñoz,2023-07-30,2023-08-12,2023-08-26
Science City of Muñoz,2023-07-31,2023-08-13,2023-08-27
Science City of Muñoz,2023-08-01,2023-08-14,2023-08-28
Science City of Muñoz,2023-08-02,2023-08-15,2023-08-29
Science City of Muñoz,2023-08-03,2023-08-16,2023-08-30
Science City of Muñoz,2023-08-04,2023-08-17,2023-08-31
Science City of Muñoz,2023-08-05,2023-08-18,2023-09-01
Science City of Muñoz,2023-08-06,2023-08-19,2023-09-02
Science City of Muñoz,2023-08-07,2023-08-20,2023-09-03
Science City of Muñoz,2023-08-08,2023-08-21,2023-09-04
Science City of Muñoz,2023-08-09,2023-08-22,2023-09-05
Science City of Muñoz,2023-08-10,2023-08-23,2023-09-06
Science City of Muñoz,2023-08-11,2023-08-24,2023-09-07
Science City of Muñoz,2023-08-12,2023-08-25,2023-09-08
Science City of Muñoz,2023-08-13,2023-08-26,2023-09-09
Science City of Muñoz,2023-08-14,2023-08-27,2023-09-10
Science City of Muñoz,2023-08-15,2023-08-28,2023-09-11
Science City of Muñoz,2023-08-16,2023-08-29,2023-09-12
Science City of Muñoz,2023-08-17,2023-08-30,2023-09-13
Science City of Muñoz,2023-08-18,2023-08-31,2023-09-14
Science City of Muñoz,2023-08-19,2023-09-01,2023-09-15
Science City of Muñoz,2023-08-20,2023-09-02,2023-09-16
Science City of Muñoz,2023-08-21,2023-09-03,2023-09-17
Science City of Muñoz,2023-08-22,2023-09-04,2023-09-18
Science City of Muñoz,2023-08-23,2023-09-05,2023-09-19
Science City of Muñoz,2023-08-24,2023-09-06,2023-09-20
Science City of Muñoz,2023-08-25,2023-09-07,2023-09-21
Science City of Muñoz,2023-08-26,2023-09-08,2023-09-22
Science City of Muñoz,2023-08-27,2023-09-09,2023-09-23
Science City of Muñoz,2023-08-28,2023-09-10,2023-09-24
Science City of Muñoz,2023-08-29,2023-09-11,2023-09-25
Science City of Muñoz,2023-08-30,2023-09-12,2023-09-26
Science City of Muñoz,2023-08-31,2023-09-13,2023-09-27
Science City of Muñoz,2023-09-01,2023-09-14,2023-09-28
Science City of Muñoz,2023-09-02,2023-09-15,2023-09-29
Science City of Muñoz,2023-09-03,2023-09-16,2023-09-30
Science City of Muñoz,2023-09-04,2023-09-17,2023-10-01
Science City of Muñoz,2023-09-05,2023-09-18,2023-10-02
Science City of Muñoz,2023-09-06,2023-09-19,2023-10-03
Science City of Muñoz,2023-09-07,2023-09-20,2023-10-04
Science City of Muñoz,2023-09-08,2023-09-21,2023-10-05
Science City of Muñoz,2023-09-09,2023-09-22,2023-10-06
Science City of Muñoz,2023-09-10,2023-09-23,2023-10-07
Science City of Muñoz,2023-09-11,2023-09-24,2023-10-08
Science City of Muñoz,2023-09-12,2023-09-25,2023-10-09
Science City of Muñoz,2023-09-13,2023-09-26,2023-10-10
Science City of Muñoz,2023-09-14,2023-09-27,2023-10-11
Science City of Muñoz,2023-09-15,2023-09-28,2023-10-12
Science City of Muñoz,2023-09-16,2023-09-29,2023-10-13
Science City of Muñoz,2023-09-17,2023-09-30,2023-10-14
Science City of Muñoz,2023-09-18,2023-10-01,2023-10-15
Science City of Muñoz,2023-09-19,2023-10-02,2023-10-16
Science City of Muñoz,2023-09-20,2023-10-03,2023-10-17
Science City of Muñoz,2023-09-21,2023-10-04,2023-10-18
Science City of Muñoz,2023-09-22,2023-10-05,2023-10-19
Science City of Muñoz,2023-09-23,2023-10-06,2023-10-20
Science City of Muñoz,2023-09-24,2023-10-07,2023-10-21
Science City of Muñoz,2023-09-25,2023-10-08,2023-10-22
Science City of Muñoz,2023-09-26,2023-10-09,2023-10-23
Science City of Muñoz,2023-09-27,2023-10-10,2023-10-24
Science City of Muñoz,2023-09-28,2023-10-11,2023-10-25
Science City of Muñoz,2023-09-29,2023-10-12,2023-10-26
Science City of Muñoz,2023-09-30,2023-10-13,2023-10-27
Science City of Muñoz,2023-10-01,2023-10-14,2023-10-28
Science City of Muñoz,2023-10-02,2023-10-15,2023-10-29
Science City of Muñoz,2023-10-03,2023-10-16,2023-10-30
Science City of Muñoz,2023-10-04,2023-10-17,2023-10-31
Science City of Muñoz,2023-10-05,2023-10-18,2023-11-01
Science City of Muñoz,2023-10-06,2023-10-19,2023-11-02
Science City of Muñoz,2023-10-07,2023-10-20,2023-11-03
Science City of Muñoz,2023-10-08,2023-10-21,2023-11-04
Science City of Muñoz,2023-10-09,2023-10-22,2023-11-05
Science City of Muñoz,2023-10-10,2023-10-23,2023-11-06
Science City of Muñoz,2023-10-11,2023-10-24,2023-11-07
Science City of Muñoz,2023-10-12,2023-10-25,2023-11-08
Science City of Muñoz,2023-10-13,2023-10-26,2023-11-09
Science City of Muñoz,2023-10-14,2023-10-27,2023-11-10
Science City of Muñoz,2023-10-15,2023-10-28,2023-11-11
Science City of Muñoz,2023-10-16,2023-10-29,2023-11-12
Science City of Muñoz,2023-10-17,2023-10-30,2023-11-13
Science City of Muñoz,2023-10-18,2023-10-31,2023-11-14
Science City of Muñoz,2023-10-19,2023-11-01,2023-11-15
Science City of Muñoz,2023-10-20,2023-11-02,2023-11-16
Science City of Muñoz,2023-10-21,2023-11-03,2023-11-17
Science City of Muñoz,2023-10-22,2023-11-04,2023-11-18
Science City of Muñoz,2023-10-23,2023-11-05,2023-11-19
Science City of Muñoz,2023-10-24,2023-11-06,2023-11-20
Science City of Muñoz,2023-10-25,2023-11-07,2023-11-21
Science City of Muñoz,2023-10-26,2023-11-08,2023-11-22
Science City of Muñoz,2023-10-27,2023-11-09,2023-11-23
Science City of Muñoz,2023-10-28,2023-11-10,2023-11-24
Science City of Muñoz,2023-10-29,2023-11-11,2023-11-25
Science City of Muñoz,2023-10-30,2023-11-12,2023-11-26
Science City of Muñoz,2023-10-31,2023-11-13,2023-11-27
Science City of Muñoz,2023-11-01,2023-11-14,2023-11-28
Science City of Muñoz,2023-11-02,2023-11-15,2023-11-29
Science City of Muñoz,2023-11-03,2023-11-16,2023-11-30
Science City of Muñoz,2023-11-04,2023-11-17,2023-12-01
Science City of Muñoz,2023-11-05,2023-11-18,2023-12-02
Science City of Muñoz,2023-11-06,2023-11-19,2023-12-03
Science City of Muñoz,2023-11-07,2023-11-20,2023-12-04
Science City of Muñoz,2023-11-08,2023-11-21,2023-12-05
Science City of Muñoz,2023-11-09,2023-11-22,2023-12-06
Science City of Muñoz,2023-11-10,2023-11-23,2023-12-07
Science City of Muñoz,2023-11-11,2023-11-24,2023-12-08
Science City of Muñoz,2023-11-12,2023-11-25,2023-12-09
Science City of Muñoz,2023-11-13,2023-11-26,2023-12-10
Science City of Muñoz,2023-11-14,2023-11-27,2023-12-11
Science City of Muñoz,2023-11-15,2023-11-28,2023-12-12
Science City of Muñoz,2023-11-16,2023-11-29,2023-12-13
Science City of Muñoz,2023-11-17,2023-11-30,2023-12-14
Science City of Muñoz,2023-11-18,2023-12-01,2023-12-15
Science City of Muñoz,2023-11-19,2023-12-02,2023-12-16
Science City of Muñoz,2023-11-20,2023-12-03,2023-12-17
Science City of Muñoz,2023-11-21,2023-12-04,2023-12-18
Science City of Muñoz,2023-11-22,2023-12-05,2023-12-19
Science City of Muñoz,2023-11-23,2023-12-06,2023-12-20
Science City of Muñoz,2023-11-24,2023-12-07,2023-12-21
Science City of Muñoz,2023-11-25,2023-12-08,2023-12-22
Science City of Muñoz,2023-11-26,2023-12-09,2023-12-23
Science City of Muñoz,2023-11-27,2023-12-10,2023-12-24
Science City of Muñoz,2023-11-28,2023-12-11,2023-12-25
Science City of Muñoz,2023-11-29,2023-12-12,2023-12-26
Science City of Muñoz,2023-11-30,2023-12-13,2023-12-27
Science City of Muñoz,2023-12-01,2023-12-14,2023-12-28
Science City of Muñoz,2023-12-02,2023-12-15,2023-12-29
Science City of Muñoz,2023-12-03,2023-12-16,2023-12-30
Science City of Muñoz,2023-12-04,2023-12-17,2023-12-31
Science City of Muñoz,2023-12-05,2023-12-18,2024-01-01
Science City of Muñoz,2023-12-06,2023-12-19,2024-01-02
Science City of Muñoz,2023-12-07,2023-12-20,2024-01-03
Science City of Muñoz,2023-12-08,2023-12-21,2024-01-04
Science City of Muñoz,2023-12-09,2023-12-22,2024-01-05
Science City of Muñoz,2023-12-10,2023-12-23,2024-01-06
Science City of Muñoz,2023-12-11,2023-12-24,2024-01-07
Science City of Muñoz,2023-12-12,2023-12-25,2024-01-08
Science City of Muñoz,2023-12-13,2023-12-26,2024-01-09
Science City of Muñoz,2023-12-14,2023-12-27,2024-01-10
Science City of Muñoz,2023-12-15,2023-12-28,2024-01-11
Science City of Muñoz,2023-12-16,2023-12-29,2024-01-12
Science City of Muñoz,2023-12-17,2023-12-30,2024-01-13
Science City of Muñoz,2023-12-18,2023-12-31,2024-01-14
Science City of Muñoz,2023-12-19,2024-01-01,2024-01-15
Science City of Muñoz,2023-12-20,2024-01-02,2024-01-16
Science City of Muñoz,2023-12-21,2024-01-03,2024-01-17
Science City of Muñoz,2023-12-22,2024-01-04,2024-01-18
Science City of Muñoz,2023-12-23,2024-01-05,2024-01-19
Science City of Muñoz,2023-12-24,2024-01-06,2024-01-20
Science City of Muñoz,2023-12-25,2024-01-07,2024-01-21
Science City of Muñoz,2023-12-26,2024-01-08,2024-01-22
Science City of Muñoz,2023-12-27,2024-01-09,2024-01-23
Science City of Muñoz,2023-12-28,2024-01-10,2024-01-24
Science City of Muñoz,2023-12-29,2024-01-11,2024-01-25
Science City of Muñoz,2023-12-30,2024-01-12,2024-01-26
Science City of Muñoz,2023-12-31,2024-01-13,2024-01-27
Science City of Muñoz,2024-01-01,2024-01-14,2024-01-28
Science City of Muñoz,2024-01-02,2024-01-15,2024-01-29
Science City of Muñoz,2024-01-03,2024-01-16,2024-01-30
Science City of Muñoz,2024-01-04,2024-01-17,2024-01-31
Science City of Muñoz,2024-01-05,2024-01-18,2024-02-01
Science City of Muñoz,2024-01-06,2024-01-19,2024-02-02
Science City of Muñoz,2024-01-07,2024-01-20,2024-02-03
Science City of Muñoz,2024-01-08,2024-01-21,2024-02-04
Science City of Muñoz,2024-01-09,2024-01-22,2024-02-05
Science City of Muñoz,2024-01-10,2024-01-23,2024-02-06
Science City of Muñoz,2024-01-11,2024-01-24,2024-02-07
Science City of Muñoz,2024-01-12,2024-01-25,2024-02-08
Science City of Muñoz,2024-01-13,2024-01-26,2024-02-09
Science City of Muñoz,2024-01-14,2024-01-27,2024-02-10
Science City of Muñoz,2024-01-15,2024-01-28,2024-02-11
Science City of Muñoz,2024-01-16,2024-01-29,2024-02-12
Science City of Muñoz,2024-01-17,2024-01-30,2024-02-13
Science City of Muñoz,2024-01-18,2024-01-31,2024-02-14
Science City of Muñoz,2024-01-19,2024-02-01,2024-02-15
Science City of Muñoz,2024-01-20,2024-02-02,2024-02-16
Science City of Muñoz,2024-01-21,2024-02-03,2024-02-17
Science City of Muñoz,2024-01-22,2024-02-04,2024-02-18
Science City of Muñoz,2024-01-23,2024-02-05,2024-02-19
Science City of Muñoz,2024-01-24,2024-02-06,2024-02-20
Science City of Muñoz,2024-01-25,2024-02-07,2024-02-21
Science City of Muñoz,2024-01-26,2024-02-08,2024-02-22
Science City of Muñoz,2024-01-27,2024-02-09,2024-02-23
Science City of Muñoz,2024-01-28,2024-02-10,2024-02-24
Science City of Muñoz,2024-01-29,2024-02-11,2024-02-25
Science City of Muñoz,2024-01-30,2024-02-12,2024-02-26
Science City of Muñoz,2024-01-31,2024-02-13,2024-02-27
Science City of Muñoz,2024-02-01,2024-02-14,2024-02-28
Science City of Muñoz,2024-02-02,2024-02-15,2024-02-29
Science City of Muñoz,2024-02-03,2024-02-16,2024-03-01
Science City of Muñoz,2024-02-04,2024-02-17,2024-03-02
Science City of Muñoz,2024-02-05,2024-02-18,2024-03-03
Science City of Muñoz,2024-02-06,2024-02-19,2024-03-04
Science City of Muñoz,2024-02-07,2024-02-20,2024-03-05
Science City of Muñoz,2024-02-08,2024-02-21,2024-03-06
Science City of Muñoz,2024-02-09,2024-02-22,2024-03-07
Science City of Muñoz,2024-02-10,2024-02-23,2024-03-08
Science City of Muñoz,2024-02-11,2024-02-24,2024-03-09
Science City of Muñoz,2024-02-12,2024-02-25,2024-03-10
Science City of Muñoz,2024-02-13,2024-02-26,2024-03-11
Science City of Muñoz,2024-02-14,2024-02-27,2024-03-12
Science City of Muñoz,2024-02-15,2024-02-28,2024-03-13
Science City of Muñoz,2024-02-16,2024-02-29,2024-03-14
Science City of Muñoz,2024-02-17,2024-03-01,2024-03-15
Science City of Muñoz,2024-02-18,2024-03-02,2024-03-16
Science City of Muñoz,2024-02-19,2024-03-03,2024-03-17
Science City of Muñoz,2024-02-20,2024-03-04,2024-03-18
Science City of Muñoz,2024-02-21,2024-03-05,2024-03-19
Science City of Muñoz,2024-02-22,2024-03-06,2024-03-20
Science City of Muñoz,2024-02-23,2024-03-07,2024-03-21
Science City of Muñoz,2024-02-24,2024-03-08,2024-03-22
Science City of Muñoz,2024-02-25,2024-03-09,2024-03-23
Science City of Muñoz,2024-02-26,2024-03-10,2024-03-24
Science City of Muñoz,2024-02-27,2024-03-11,2024-03-25
Science City of Muñoz,2024-02-28,2024-03-12,2024-03-26
Science City of Muñoz,2024-02-29,2024-03-13,2024-03-27
Science City of Muñoz,2024-03-01,2024-03-14,2024-03-28
Science City of Muñoz,2024-03-02,2024-03-15,2024-03-29
Science City of Muñoz,2024-03-03,2024-03-16,2024-03-30
Science City of Muñoz,2024-03-04,2024-03-17,2024-03-31
Science City of Muñoz,2024-03-05,2024-03-18,2024-04-01
Science City of Muñoz,2024-03-06,2024-03-19,2024-04-02
Science City of Muñoz,2024-03-07,2024-03-20,2024-04-03
Science City of Muñoz,2024-03-08,2024-03-21,2024-04-04
Science City of Muñoz,2024-03-09,2024-03-22,2024-04-05
Science City of Muñoz,2024-03-10,2024-03-23,2024-04-06
Science City of Muñoz,2024-03-11,2024-03-24,2024-04-07
Science City of Muñoz,2024-03-12,2024-03-25,2024-04-08
Science City of Muñoz,2024-03-13,2024-03-26,2024-04-09
Science City of Muñoz,2024-03-14,2024-03-27,2024-04-10
Science City of Muñoz,2024-03-15,2024-03-28,2024-04-11
Science City of Muñoz,2024-03-16,2024-03-29,2024-04-12
Science City of Muñoz,2024-03-17,2024-03-30,2024-04-13
Science City of Muñoz,2024-03-18,2024-03-31,2024-04-14
Science City of Muñoz,2024-03-19,2024-04-01,2024-04-15
Science City of Muñoz,2024-03-20,2024-04-02,2024-04-16
Science City of Muñoz,2024-03-21,2024-04-03,2024-04-17
Science City of Muñoz,2024-03-22,2024-04-04,2024-04-18
Science City of Muñoz,2024-03-23,2024-04-05,2024-04-19
Science City of Muñoz,2024-03-24,2024-04-06,2024-04-20
Science City of Muñoz,2024-03-25,2024-04-07,2024-04-21
Science City of Muñoz,2024-03-26,2024-04-08,2024-04-22
Science City of Muñoz,2024-03-27,2024-04-09,2024-04-23
Science City of Muñoz,2024-03-28,2024-04-10,2024-04-24
Science City of Muñoz,2024-03-29,2024-04-11,2024-04-25
Science City of Muñoz,2024-03-30,2024-04-12,2024-04-26
Science City of Muñoz,2024-03-31,2024-04-13,2024-04-27
Science City of Muñoz,2024-04-01,2024-04-14,2024-04-28
Science City of Muñoz,2024-04-02,2024-04-15,2024-04-29
Science City of Muñoz,2024-04-03,2024-04-16,2024-04-30
Science City of Muñoz,2024-04-04,2024-04-17,2024-05-01
Science City of Muñoz,2024-04-05,2024-04-18,2024-05-02
Science City of Muñoz,2024-04-06,2024-04-19,2024-05-03
Science City of Muñoz,2024-04-07,2024-04-20,2024-05-04
Science City of Muñoz,2024-04-08,2024-04-21,2024-05-05
Science City of Muñoz,2024-04-09,2024-04-22,2024-05-06
Science City of Muñoz,2024-04-10,2024-04-23,2024-05-07
Science City of Muñoz,2024-04-11,2024-04-24,2024-05-08
Science City of Muñoz,2024-04-12,2024-04-25,2024-05-09
Science City of Muñoz,2024-04-13,2024-04-26,2024-05-10
Science City of Muñoz,2024-04-14,2024-04-27,2024-05-11
Science City of Muñoz,2024-04-15,2024-04-28,2024-05-12
Science City of Muñoz,2024-04-16,2024-04-29,2024-05-13
Science City of Muñoz,2024-04-17,2024-04-30,2024-05-14
Science City of Muñoz,2024-04-18,2024-05-01,2024-05-15
Science City of Muñoz,2024-04-19,2024-05-02,2024-05-16
Science City of Muñoz,2024-04-20,2024-05-03,2024-05-17
Science City of Muñoz,2024-04-21,2024-05-04,2024-05-18
Science City of Muñoz,2024-04-22,2024-05-05,2024-05-19
Science City of Muñoz,2024-04-23,2024-05-06,2024-05-20
Science City of Muñoz,2024-04-24,2024-05-07,2024-05-21
Science City of Muñoz,2024-04-25,2024-05-08,2024-05-22
Science City of Muñoz,2024-04-26,2024-05-09,2024-05-23
Science City of Muñoz,2024-04-27,2024-05-10,2024-05-24
Science City of Muñoz,2024-04-28,2024-05-11,2024-05-25
Science City of Muñoz,2024-04-29,2024-05-12,2024-05-26
Science City of Muñoz,2024-04-30,2024-05-13,2024-05-27
Science City of Muñoz,2024-05-01,2024-05-14,2024-05-28
Science City of Muñoz,2024-05-02,2024-05-15,2024-05-29
Science City of Muñoz,2024-05-03,2024-05-16,2024-05-30
Science City of Muñoz,2024-05-04,2024-05-17,2024-05-31
Science City of Muñoz,2024-05-05,2024-05-18,2024-06-01
Science City of Muñoz,2024-05-06,2024-05-19,2024-06-02
Science City of Muñoz,2024-05-07,2024-05-20,2024-06-03
Science City of Muñoz,2024-05-08,2024-05-21,2024-06-04
Science City of Muñoz,2024-05-09,2024-05-22,2024-06-05
Science City of Muñoz,2024-05-10,2024-05-23,2024-06-06
Science City of Muñoz,2024-05-11,2024-05-24,2024-06-07
Science City of Muñoz,2024-05-12,2024-05-25,2024-06-08
Science City of Muñoz,2024-05-13,2024-05-26,2024-06-09
Science City of Muñoz,2024-05-14,2024-05-27,2024-06-10
Science City of Muñoz,2024-05-15,2024-05-28,2024-06-11
Science City of Muñoz,2024-05-16,2024-05-29,2024-06-12
Science City of Muñoz,2024-05-17,2024-05-30,2024-06-13
Science City of Muñoz,2024-05-18,2024-05-31,2024-06-14
Science City of Muñoz,2024-05-19,2024-06-01,2024-06-15
Science City of Muñoz,2024-05-20,2024-06-02,2024-06-16
Science City of Muñoz,2024-05-21,2024-06-03,2024-06-17
Science City of Muñoz,2024-05-22,2024-06-04,2024-06-18
Science City of Muñoz,2024-05-23,2024-06-05,2024-06-19
Science City of Muñoz,2024-05-24,2024-06-06,2024-06-20
Science City of Muñoz,2024-05-25,2024-06-07,2024-06-21
Science City of Muñoz,2024-05-26,2024-06-08,2024-06-22
Science City of Muñoz,2024-05-27,2024-06-09,2024-06-23
Science City of Muñoz,2024-05-28,2024-06-10,2024-06-24
Science City of Muñoz,2024-05-29,2024-06-11,2024-06-25
Science City of Muñoz,2024-05-30,2024-06-12,2024-06-26
Science City of Muñoz,2024-05-31,2024-06-13,2024-06-27
Science City of Muñoz,2024-06-01,2024-06-14,2024-06-28
Science City of Muñoz,2024-06-02,2024-06-15,2024-06-29
Science City of Muñoz,2024-06-03,2024-06-16,2024-06-30
Science City of Muñoz,2024-06-04,2024-06-17,2024-07-01
Science City of Muñoz,2024-06-05,2024-06-18,2024-07-02
Science City of Muñoz,2024-06-06,2024-06-19,2024-07-03
Science City of Muñoz,2024-06-07,2024-06-20,2024-07-04
Science City of Muñoz,2024-06-08,2024-06-21,2024-07-05
Science City of Muñoz,2024-06-09,2024-06-22,2024-07-06
Science City of Muñoz,2024-06-10,2024-06-23,2024-07-07
Science City of Muñoz,2024-06-11,2024-06-24,2024-07-08
Science City of Muñoz,2024-06-12,2024-06-25,2024-07-09
Science City of Muñoz,2024-06-13,2024-06-26,2024-07-10
Science City of Muñoz,2024-06-14,2024-06-27,2024-07-11
Science City of Muñoz,2024-06-15,2024-06-28,2024-07-12
Science City of Muñoz,2024-06-16,2024-06-29,2024-07-13
Science City of Muñoz,2024-06-17,2024-06-30,2024-07-14
Science City of Muñoz,2024-06-18,2024-07-01,2024-07-15
Science City of Muñoz,2024-06-19,2024-07-02,2024-07-16
Science City of Muñoz,2024-06-20,2024-07-03,2024-07-17
Science City of Muñoz,2024-06-21,2024-07-04,2024-07-18
Science City of Muñoz,2024-06-22,2024-07-05,2024-07-19
Science City of Muñoz,2024-06-23,2024-07-06,2024-07-20
Science City of Muñoz,2024-06-24,2024-07-07,2024-07-21
Science City of Muñoz,2024-06-25,2024-07-08,2024-07-22
Science City of Muñoz,2024-06-26,2024-07-09,2024-07-23
Science City of Muñoz,2024-06-27,2024-07-10,2024-07-24
Science City of Muñoz,2024-06-28,2024-07-11,2024-07-25
Science City of Muñoz,2024-06-29,2024-07-12,2024-07-26
Science City of Muñoz,2024-06-30,2024-07-13,2024-07-27
Science City of Muñoz,2024-07-01,2024-07-14,2024-07-28
Science City of Muñoz,2024-07-02,2024-07-15,2024-07-29
Science City of Muñoz,2024-07-03,2024-07-16,2024-07-30
Science City of Muñoz,2024-07-04,2024-07-17,2024-07-31
Science City of Muñoz,2024-07-05,2024-07-18,2024-08-01
Science City of Muñoz,2024-07-06,2024-07-19,2024-08-02
Science City of Muñoz,2024-07-07,2024-07-20,2024-08-03
Science City of Muñoz,2024-07-08,2024-07-21,2024-08-04
Science City of Muñoz,2024-07-09,2024-07-22,2024-08-05
Science City of Muñoz,2024-07-10,2024-07-23,2024-08-06
Science City of Muñoz,2024-07-11,2024-07-24,2024-08-07
Science City of Muñoz,2024-07-12,2024-07-25,2024-08-08
Science City of Muñoz,2024-07-13,2024-07-26,2024-08-09
Science City of Muñoz,2024-07-14,2024-07-27,2024-08-10
Science City of Muñoz,2024-07-15,2024-07-28,2024-08-11
Science City of Muñoz,2024-07-16,2024-07-29,2024-08-12
Science City of Muñoz,2024-07-17,2024-07-30,2024-08-13
Science City of Muñoz,2024-07-18,2024-07-31,2024-08-14
Science City of Muñoz,2024-07-19,2024-08-01,2024-08-15
Science City of Muñoz,2024-07-20,2024-08-02,2024-08-16
Science City of Muñoz,2024-07-21,2024-08-03,2024-08-17
Science City of Muñoz,2024-07-22,2024-08-04,2024-08-18
Science City of Muñoz,2024-07-23,2024-08-05,2024-08-19
Science City of Muñoz,2024-07-24,2024-08-06,2024-08-20
Science City of Muñoz,2024-07-25,2024-08-07,2024-08-21
Science City of Muñoz,2024-07-26,2024-08-08,2024-08-22
Science City of Muñoz,2024-07-27,2024-08-09,2024-08-23
Science City of Muñoz,2024-07-28,2024-08-10,2024-08-24
Science City of Muñoz,2024-07-29,2024-08-11,2024-08-25
Science City of Muñoz,2024-07-30,2024-08-12,2024-08-26
Science City of Muñoz,2024-07-31,2024-08-13,2024-08-27
Science City of Muñoz,2024-08-01,2024-08-14,2024-08-28
Science City of Muñoz,2024-08-02,2024-08-15,2024-08-29
Science City of Muñoz,2024-08-03,2024-08-16,2024-08-30
Science City of Muñoz,2024-08-04,2024-08-17,2024-08-31
Science City of Muñoz,2024-08-05,2024-08-18,2024-09-01
Science City of Muñoz,2024-08-06,2024-08-19,2024-09-02
Science City of Muñoz,2024-08-07,2024-08-20,2024-09-03
Science City of Muñoz,2024-08-08,2024-08-21,2024-09-04
Science City of Muñoz,2024-08-09,2024-08-22,2024-09-05
Science City of Muñoz,2024-08-10,2024-08-23,2024-09-06
Science City of Muñoz,2024-08-11,2024-08-24,2024-09-07
Science City of Muñoz,2024-08-12,2024-08-25,2024-09-08
Science City of Muñoz,2024-08-13,2024-08-26,2024-09-09
Science City of Muñoz,2024-08-14,2024-08-27,2024-09-10
Science City of Muñoz,2024-08-15,2024-08-28,2024-09-11
Science City of Muñoz,2024-08-16,2024-08-29,2024-09-12
Science City of Muñoz,2024-08-17,2024-08-30,2024-09-13
Science City of Muñoz,2024-08-18,2024-08-31,2024-09-14
Science City of Muñoz,2024-08-19,2024-09-01,2024-09-15
Science City of Muñoz,2024-08-20,2024-09-02,2024-09-16
Science City of Muñoz,2024-08-21,2024-09-03,2024-09-17
Science City of Muñoz,2024-08-22,2024-09-04,2024-09-18
Science City of Muñoz,2024-08-23,2024-09-05,2024-09-19
Science City of Muñoz,2024-08-24,2024-09-06,2024-09-20
Science City of Muñoz,2024-08-25,2024-09-07,2024-09-21
Science City of Muñoz,2024-08-26,2024-09-08,2024-09-22
Science City of Muñoz,2024-08-27,2024-09-09,2024-09-23
Science City of Muñoz,2024-08-28,2024-09-10,2024-09-24
Science City of Muñoz,2024-08-29,2024-09-11,2024-09-25
Science City of Muñoz,2024-08-30,2024-09-12,2024-09-26
Science City of Muñoz,2024-08-31,2024-09-13,2024-09-27
Science City of Muñoz,2024-09-01,2024-09-14,2024-09-28
Science City of Muñoz,2024-09-02,2024-09-15,2024-09-29
Science City of Muñoz,2024-09-03,2024-09-16,2024-09-30
Science City of Muñoz,2024-09-04,2024-09-17,2024-10-01
Science City of Muñoz,2024-09-05,2024-09-18,2024-10-02
Science City of Muñoz,2024-09-06,2024-09-19,2024-10-03
Science City of Muñoz,2024-09-07,2024-09-20,2024-10-04
Science City of Muñoz,2024-09-08,2024-09-21,2024-10-05
Science City of Muñoz,2024-09-09,2024-09-22,2024-10-06
Science City of Muñoz,2024-09-10,2024-09-23,2024-10-07
Science City of Muñoz,2024-09-11,2024-09-24,2024-10-08
Science City of Muñoz,2024-09-12,2024-09-25,2024-10-09
Science City of Muñoz,2024-09-13,2024-09-26,2024-10-10
Science City of Muñoz,2024-09-14,2024-09-27,2024-10-11
Science City of Muñoz,2024-09-15,2024-09-28,2024-10-12
Science City of Muñoz,2024-09-16,2024-09-29,2024-10-13
Science City of Muñoz,2024-09-17,2024-09-30,2024-10-14
Science City of Muñoz,2024-09-18,2024-10-01,2024-10-15
Science City of Muñoz,2024-09-19,2024-10-02,2024-10-16
Science City of Muñoz,2024-09-20,2024-10-03,2024-10-17
Science City of Muñoz,2024-09-21,2024-10-04,2024-10-18
Science City of Muñoz,2024-09-22,2024-10-05,2024-10-19
Science City of Muñoz,2024-09-23,2024-10-06,2024-10-20
Science City of Muñoz,2024-09-24,2024-10-07,2024-10-21
Science City of Muñoz,2024-09-25,2024-10-08,2024-10-22
Science City of Muñoz,2024-09-26,2024-10-09,2024-10-23
Science City of Muñoz,2024-09-27,2024-10-10,2024-10-24
Science City of Muñoz,2024-09-28,2024-10-11,2024-10-25
Science City of Muñoz,2024-09-29,2024-10-12,2024-10-26
Science City of Muñoz,2024-09-30,2024-10-13,2024-10-27
Science City of Muñoz,2024-10-01,2024-10-14,2024-10-28
Science City of Muñoz,2024-10-02,2024-10-15,2024-10-29
Science City of Muñoz,2024-10-03,2024-10-16,2024-10-30
Science City of Muñoz,2024-10-04,2024-10-17,2024-10-31
Science City of Muñoz,2024-10-05,2024-10-18,2024-11-01
Science City of Muñoz,2024-10-06,2024-10-19,2024-11-02
Science City of Muñoz,2024-10-07,2024-10-20,2024-11-03
Science City of Muñoz,2024-10-08,2024-10-21,2024-11-04
Science City of Muñoz,2024-10-09,2024-10-22,2024-11-05
Science City of Muñoz,2024-10-10,2024-10-23,2024-11-06
Science City of Muñoz,2024-10-11,2024-10-24,2024-11-07
Science City of Muñoz,2024-10-12,2024-10-25,2024-11-08
Science City of Muñoz,2024-10-13,2024-10-26,2024-11-09
Science City of Muñoz,2024-10-14,2024-10-27,2024-11-10
Science City of Muñoz,2024-10-15,2024-10-28,2024-11-11
Science City of Muñoz,2024-10-16,2024-10-29,2024-11-12
Science City of Muñoz,2024-10-17,2024-10-30,2024-11-13
Science City of Muñoz,2024-10-18,2024-10-31,2024-11-14
Science City of Muñoz,2024-10-19,2024-11-01,2024-11-15
Science City of Muñoz,2024-10-20,2024-11-02,2024-11-16
Science City of Muñoz,2024-10-21,2024-11-03,2024-11-17
Science City of Muñoz,2024-10-22,2024-11-04,2024-11-18
Science City of Muñoz,2024-10-23,2024-11-05,2024-11-19
Science City of Muñoz,2024-10-24,2024-11-06,2024-11-20
Science City of Muñoz,2024-10-25,2024-11-07,2024-11-21
Science City of Muñoz,2024-10-26,2024-11-08,2024-11-22
Science City of Muñoz,2024-10-27,2024-11-09,2024-11-23
Science City of Muñoz,2024-10-28,2024-11-10,2024-11-24
Science City of Muñoz,2024-10-29,2024-11-11,2024-11-25
Science City of Muñoz,2024-10-30,2024-11-12,2024-11-26
Science City of Muñoz,2024-10-31,2024-11-13,2024-11-27
Science City of Muñoz,2024-11-01,2024-11-14,2024-11-28
Science City of Muñoz,2024-11-02,2024-11-15,2024-11-29
Science City of Muñoz,2024-11-03,2024-11-16,2024-11-30
Science City of Muñoz,2024-11-04,2024-11-17,2024-12-01
Science City of Muñoz,2024-11-05,2024-11-18,2024-12-02
Science City of Muñoz,2024-11-06,2024-11-19,2024-12-03
Science City of Muñoz,2024-11-07,2024-11-20,2024-12-04
Science City of Muñoz,2024-11-08,2024-11-21,2024-12-05
Science City of Muñoz,2024-11-09,2024-11-22,2024-12-06
Science City of Muñoz,2024-11-10,2024-11-23,2024-12-07
Science City of Muñoz,2024-11-11,2024-11-24,2024-12-08
Science City of Muñoz,2024-11-12,2024-11-25,2024-12-09
Science City of Muñoz,2024-11-13,2024-11-26,2024-12-10
Science City of Muñoz,2024-11-14,2024-11-27,2024-12-11
Science City of Muñoz,2024-11-15,2024-11-28,2024-12-12
Science City of Muñoz,2024-11-16,2024-11-29,2024-12-13
Science City of Muñoz,2024-11-17,2024-11-30,2024-12-14
Science City of Muñoz,2024-11-18,2024-12-01,2024-12-15
Science City of Muñoz,2024-11-19,2024-12-02,2024-12-16
Science City of Muñoz,2024-11-20,2024-12-03,2024-12-17
Science City of Muñoz,2024-11-21,2024-12-04,2024-12-18
Science City of Muñoz,2024-11-22,2024-12-05,2024-12-19
Science City of Muñoz,2024-11-23,2024-12-06,2024-12-20
Science City of Muñoz,2024-11-24,2024-12-07,2024-12-21
Science City of Muñoz,2024-11-25,2024-12-08,2024-12-22
Science City of Muñoz,2024-11-26,2024-12-09,2024-12-23
Science City of Muñoz,2024-11-27,2024-12-10,2024-12-24
Science City of Muñoz,2024-11-28,2024-12-11,2024-12-25
Science City of Muñoz,2024-11-29,2024-12-12,2024-12-26
Science City of Muñoz,2024-11-30,2024-12-13,2024-12-27
Science City of Muñoz,2024-12-01,2024-12-14,2024-12-28
Science City of Muñoz,2024-12-02,2024-12-15,2024-12-29
Science City of Muñoz,2024-12-03,2024-12-16,2024-12-30
Science City of Muñoz,2024-12-04,2024-12-17,2024-12-31
